end_station_name,station_end_trip_count,station_lat,station_lng,search_radius_m,distance_m,service_category,service_lat,service_lng,name,amenity,shop,tourism,office,leisure,public_transport,railway,highway
Canal St & Adams St,21471.0,41.879255,-87.639904,250,180.42623078813727,transit,41.8790618,-87.6377402,Union Station/Willis Tower,ferry_terminal,,,,,station,,
Canal St & Adams St,21471.0,41.879255,-87.639904,250,27.072611881394693,transit,41.8791728,-87.6395962,Chicago Union Station,,,,,,stop_position,stop,
Canal St & Adams St,21471.0,41.879255,-87.639904,250,46.97481294276651,transit,41.8790649,-87.6393973,Chicago Union Station,,,,,,stop_position,stop,
Canal St & Adams St,21471.0,41.879255,-87.639904,250,59.35554769004927,transit,41.8790674,-87.6392328,Chicago Union Station,,,,,,stop_position,stop,
Canal St & Adams St,21471.0,41.879255,-87.639904,250,71.93088629795122,transit,41.8790699,-87.6390715,Chicago Union Station,,,,,,stop_position,stop,
Canal St & Adams St,21471.0,41.879255,-87.639904,250,85.32197290044402,transit,41.8790725,-87.638903,Chicago Union Station,,,,,,stop_position,stop,
Canal St & Adams St,21471.0,41.879255,-87.639904,250,132.63820536901355,transit,41.8782915,-87.6389595,Chicago Union Station,,,,,,stop_position,stop,
Canal St & Adams St,21471.0,41.879255,-87.639904,250,125.36344505115648,transit,41.8782897,-87.6391217,Chicago Union Station,,,,,,stop_position,stop,
Canal St & Adams St,21471.0,41.879255,-87.639904,250,119.42109098372147,transit,41.8782879,-87.6392767,Chicago Union Station,,,,,,stop_position,stop,
Canal St & Adams St,21471.0,41.879255,-87.639904,250,152.78465981135054,transit,41.8779257,-87.639437,Chicago Union Station,,,,,,stop_position,stop,
Canal St & Adams St,21471.0,41.879255,-87.639904,250,186.88466564986734,education,41.8788616,-87.6420986,Chicago-Kent College of Law,university,,,,,,,
Canal St & Adams St,21471.0,41.879255,-87.639904,250,90.66205098434193,food_drink,41.8795638,-87.6409175,Jimmy John's,fast_food,,,,,,,
Canal St & Adams St,21471.0,41.879255,-87.639904,250,148.09772425747784,food_drink,41.8803651,-87.6408924,Chipotle,fast_food,,,,,,,
Canal St & Adams St,21471.0,41.879255,-87.639904,250,183.37663243444084,education,41.8791013,-87.6421093,IIT Stuart School of Business,university,,,,,,,
Canal St & Adams St,21471.0,41.879255,-87.639904,250,168.5314112534229,food_drink,41.8781929,-87.6384518,Corner Bakery,cafe,,,,,,,
Canal St & Adams St,21471.0,41.879255,-87.639904,250,113.97977435661102,transit,41.8789377,-87.6412131,Clinton & Quincy (Union Station),,,,,,platform,,bus_stop
Canal St & Adams St,21471.0,41.879255,-87.639904,250,47.23151700639025,transit,41.8793931,-87.6393645,Adams & Canal (Union Station),,,,,,platform,,bus_stop
Canal St & Adams St,21471.0,41.879255,-87.639904,250,208.03281810885196,food_drink,41.8779077,-87.6416474,Dunkin',fast_food,,,,,,,
Canal St & Adams St,21471.0,41.879255,-87.639904,250,188.91196202028544,food_drink,41.879485,-87.6376432,Potbelly,fast_food,,,,,,,
Canal St & Adams St,21471.0,41.879255,-87.639904,250,66.4208401614855,transit,41.8790688,-87.6391417,Chicago Union Station,,,,,,stop_position,stop,
Canal St & Adams St,21471.0,41.879255,-87.639904,250,34.232775658278705,transit,41.8791745,-87.6395049,Chicago Union Station,,,,,,stop_position,stop,
Canal St & Adams St,21471.0,41.879255,-87.639904,250,53.90894325630632,transit,41.8790663,-87.6393042,Chicago Union Station,,,,,,stop_position,stop,
Canal St & Adams St,21471.0,41.879255,-87.639904,250,79.82410874865558,transit,41.8790714,-87.6389719,Chicago Union Station,,,,,,stop_position,stop,
Canal St & Adams St,21471.0,41.879255,-87.639904,250,128.96458467455128,transit,41.8782906,-87.6390387,Chicago Union Station,,,,,,stop_position,stop,
Canal St & Adams St,21471.0,41.879255,-87.639904,250,122.15540640007325,transit,41.8782887,-87.6392021,Chicago Union Station,,,,,,stop_position,stop,
Canal St & Adams St,21471.0,41.879255,-87.639904,250,145.13564953923085,transit,41.8782943,-87.6387173,Chicago Union Station,,,,,,stop_position,stop,
Canal St & Adams St,21471.0,41.879255,-87.639904,250,136.63613821121317,transit,41.8782924,-87.6388782,Chicago Union Station,,,,,,stop_position,stop,
Canal St & Adams St,21471.0,41.879255,-87.639904,250,140.86242892241756,transit,41.878293,-87.638797,Chicago Union Station,,,,,,stop_position,stop,
Canal St & Adams St,21471.0,41.879255,-87.639904,250,121.57609105916588,transit,41.8782389,-87.6393618,Chicago Union Station,,,,,,stop_position,stop,
Canal St & Adams St,21471.0,41.879255,-87.639904,250,149.71430958070172,transit,41.8782952,-87.6386358,Chicago Union Station,,,,,,stop_position,stop,
Canal St & Adams St,21471.0,41.879255,-87.639904,250,155.7959409998532,transit,41.8782786,-87.6385544,Chicago Union Station,,,,,,stop_position,stop,
Canal St & Adams St,21471.0,41.879255,-87.639904,250,151.2092040803721,transit,41.877927,-87.639511,Chicago Union Station,,,,,,stop_position,stop,
Canal St & Adams St,21471.0,41.879255,-87.639904,250,221.0965097005093,food_drink,41.880497,-87.6378185,South Branch,bar,,,,,,,
Canal St & Adams St,21471.0,41.879255,-87.639904,250,238.7473275152763,food_drink,41.8804904,-87.6375454,Monroe Reserve,restaurant,,,,,,,
Canal St & Adams St,21471.0,41.879255,-87.639904,250,38.18430455619974,transit,41.8791472,-87.6394661,Canal & Adams (Union Station),,,,,,platform,,bus_stop
Canal St & Adams St,21471.0,41.879255,-87.639904,250,182.3096116619005,transit,41.8780058,-87.6384778,Jackson & Chicago River,,,,,,platform,,bus_stop
Canal St & Adams St,21471.0,41.879255,-87.639904,250,237.57719764333524,transit,41.8794769,-87.6370499,Wacker & Adams,,,,,,platform,,bus_stop
Canal St & Adams St,21471.0,41.879255,-87.639904,250,148.55469733764983,transit,41.8779259,-87.6400859,Union Station Transit Center,,,,,,stop_position,,
Canal St & Adams St,21471.0,41.879255,-87.639904,250,248.704875211432,transit,41.8770485,-87.6394124,Canal & Van Buren,,,,,,platform,,bus_stop
Canal St & Adams St,21471.0,41.879255,-87.639904,250,160.55098486461068,transit,41.878171,-87.641185,Clinton & Jackson (Union Station),,,,,,platform,,bus_stop
Canal St & Adams St,21471.0,41.879255,-87.639904,250,151.80460676909797,office,41.8799801,-87.6414576,"Lerman, Boudart & Associates, LLP",,,,accountant,,,,
Canal St & Adams St,21471.0,41.879255,-87.639904,250,95.76153175295595,transit,41.8786411,-87.6390928,Chicago Union Station,,,,,,station,station,
Canal St & Adams St,21471.0,41.879255,-87.639904,250,140.86624217384852,transit,41.8779889,-87.6399621,Jackson & Canal (Union Station),,,,,,platform,,bus_stop
Canal St & Adams St,21471.0,41.879255,-87.639904,250,173.64032851658436,food_drink,41.8803617,-87.6413837,IDOF - I Dream of Falafel,restaurant,,,,,,,
Canal St & Adams St,21471.0,41.879255,-87.639904,250,236.8821267342021,food_drink,41.8810817,-87.6413762,Blaze Pizza,restaurant,,,,,,,
Canal St & Adams St,21471.0,41.879255,-87.639904,250,211.44850930619955,food_drink,41.8776357,-87.641243,Beggars Pizza,restaurant,,,,,,,
Canal St & Adams St,21471.0,41.879255,-87.639904,250,244.55591506902664,food_drink,41.8811634,-87.6413723,Five Guys,fast_food,,,,,,,
Canal St & Adams St,21471.0,41.879255,-87.639904,250,177.06641280228075,transit,41.8780669,-87.63848,Jackson & Chicago River,,,,,,stop_position,,
Canal St & Adams St,21471.0,41.879255,-87.639904,250,133.869161784017,transit,41.8780519,-87.6399634,Jackson & Canal (Union Station),,,,,,stop_position,,
Canal St & Adams St,21471.0,41.879255,-87.639904,250,44.4668511010623,transit,41.8793287,-87.6393761,Adams & Canal (Union Station),,,,,,stop_position,,
Canal St & Adams St,21471.0,41.879255,-87.639904,250,154.62196008664327,transit,41.878194,-87.6411112,Clinton & Jackson (Union Station),,,,,,stop_position,,
Canal St & Adams St,21471.0,41.879255,-87.639904,250,245.65991091199334,transit,41.8770589,-87.6395805,Canal & Van Buren,,,,,,stop_position,,
Canal St & Adams St,21471.0,41.879255,-87.639904,250,183.06606846707464,transit,41.877941,-87.6412362,Jackson & Clinton (Union Station),,,,,,platform,,bus_stop
Canal St & Adams St,21471.0,41.879255,-87.639904,250,36.95566486223624,food_drink,41.8795853,-87.6398545,Arturo Express,restaurant,,,,,,,
Canal St & Adams St,21471.0,41.879255,-87.639904,250,102.30155672503749,food_drink,41.8786314,-87.6389955,Chicago Union Station Metropolitan Lounge,bar,,,,,,,
Canal St & Adams St,21471.0,41.879255,-87.639904,250,123.03110226353745,food_drink,41.8786721,-87.6386409,The Junction,bar,,,,,,,
Canal St & Adams St,21471.0,41.879255,-87.639904,250,101.54562328672755,food_drink,41.8786577,-87.6389762,Pret A Manger,fast_food,,,,,,,
Canal St & Adams St,21471.0,41.879255,-87.639904,250,208.79659032982946,food_drink,41.8775721,-87.6387853,Little Toasted,bar,,,,,,,
Canal St & Adams St,21471.0,41.879255,-87.639904,250,224.06029365010335,food_drink,41.8789556,-87.6372277,Mojo Coffee,cafe,,,,,,,
Canal St & Adams St,21471.0,41.879255,-87.639904,250,189.81717972052186,food_drink,41.877914,-87.6413227,Potbelly,fast_food,,,,,,,
Canal St & Adams St,21471.0,41.879255,-87.639904,250,160.09208632295457,transit,41.8778211,-87.640078,Union Station Transit Center,,,,,,stop_position,,
Canal St & Adams St,21471.0,41.879255,-87.639904,250,170.96028609513098,transit,41.877723,-87.6400782,Union Station Transit Center,,,,,,stop_position,,
Canal St & Adams St,21471.0,41.879255,-87.639904,250,172.1778549651986,transit,41.8781291,-87.6384763,Chicago Union Station,,,,,,stop_position,stop,
Canal St & Adams St,21471.0,41.879255,-87.639904,250,175.31127205461934,transit,41.8781494,-87.6383944,Chicago Union Station,,,,,,stop_position,stop,
Canal St & Adams St,21471.0,41.879255,-87.639904,250,91.18698199773,transit,41.8793773,-87.6388149,Chicago Union Station,,,,,,stop_position,stop,
Canal St & Adams St,21471.0,41.879255,-87.639904,250,153.74570227500723,transit,41.8778787,-87.640082,Union Station Transit Center,,,,,,platform,,bus_stop
Canal St & Adams St,21471.0,41.879255,-87.639904,250,175.72577332942845,transit,41.87768,-87.6400783,Union Station Transit Center,,,,,,platform,,bus_stop
Canal St & Adams St,21471.0,41.879255,-87.639904,250,164.58644300570927,transit,41.8777806,-87.6400792,Union Station Transit Center,,,,,,platform,,bus_stop
Canal St & Adams St,21471.0,41.879255,-87.639904,250,106.9897895447153,transit,41.878936,-87.6411232,Clinton & Quincy (Union Station),,,,,,stop_position,,
Canal St & Adams St,21471.0,41.879255,-87.639904,250,32.82498626022841,transit,41.8791543,-87.6395313,Canal & Adams (Union Station),,,,,,stop_position,,
Canal St & Adams St,21471.0,41.879255,-87.639904,250,127.29244632706924,food_drink,41.8785438,-87.6386992,Jersey Mike's Subs,fast_food,,,,,,,
Canal St & Adams St,21471.0,41.879255,-87.639904,250,121.65087201823091,retail,41.8784055,-87.6389781,News Now,,newsagent,,,,,,
Canal St & Adams St,21471.0,41.879255,-87.639904,250,81.1251362940506,retail,41.8790505,-87.6389634,News Now,,newsagent,,,,,,
Canal St & Adams St,21471.0,41.879255,-87.639904,250,109.26229132969537,food_drink,41.8785403,-87.6389983,Starbucks,cafe,,,,,,,
Canal St & Adams St,21471.0,41.879255,-87.639904,250,105.61902268673938,food_drink,41.8785693,-87.6390212,Robinson's,fast_food,,,,,,,
Canal St & Adams St,21471.0,41.879255,-87.639904,250,113.0406547156442,retail,41.8787739,-87.6387012,Nuts on Clark,,confectionery,,,,,,
Canal St & Adams St,21471.0,41.879255,-87.639904,250,106.62238100474696,food_drink,41.8788848,-87.638716,Jamba,fast_food,,,,,,,
Canal St & Adams St,21471.0,41.879255,-87.639904,250,93.14211901776596,food_drink,41.8789756,-87.6388434,Dunkin',fast_food,,,,,,,
Canal St & Adams St,21471.0,41.879255,-87.639904,250,88.6316475744515,food_drink,41.8788389,-87.6389909,Chick-fil-A,fast_food,,,,,,,
Canal St & Adams St,21471.0,41.879255,-87.639904,250,55.802053092127984,retail,41.8788568,-87.6394938,Metra Ticket Passenger Sevice,,ticket,,,,,,
Canal St & Adams St,21471.0,41.879255,-87.639904,250,76.56354526554749,retail,41.8785802,-87.6400879,Amtrak Tickets Passenger Services,,ticket,,,,,,
Canal St & Adams St,21471.0,41.879255,-87.639904,250,96.89510539833067,tourism,41.8786571,-87.6390526,,,,information,,,,,
Canal St & Adams St,21471.0,41.879255,-87.639904,250,82.99466437931925,retail,41.8788731,-87.6390427,,,vacant,,,,,,
Canal St & Adams St,21471.0,41.879255,-87.639904,250,215.26995072250102,transit,41.8773377,-87.6395438,FlixBus Chicago Downtown,,,,,,stop_position,,
Canal St & Adams St,21471.0,41.879255,-87.639904,250,217.57784046911885,transit,41.877331,-87.6394254,FlixBus Chicago Downtown,,,,,,platform,,bus_stop
Canal St & Adams St,21471.0,41.879255,-87.639904,250,103.5257784841633,food_drink,41.8785623,-87.6390685,Auntie Anne's,fast_food,,,,,,,
Canal St & Adams St,21471.0,41.879255,-87.639904,250,212.00706240269784,office,41.8777585,-87.6414907,Metra,,,,company,,,,
Canal St & Adams St,21471.0,41.879255,-87.639904,250,220.81735084221825,office,41.8795123,-87.6372593,Charles Schwab,,,,financial_advisor,,,,
Canal St & Adams St,21471.0,41.879255,-87.639904,250,213.6605562829743,food_drink,41.8779064,-87.6417423,Burger King,fast_food,,,,,,,
Canal St & Adams St,21471.0,41.879255,-87.639904,250,219.44056083889717,retail,41.8800163,-87.6423494,Metro Spice Mart,,supermarket,,,,,,
Canal St & Adams St,21471.0,41.879255,-87.639904,250,84.67096293498295,retail,41.8794187,-87.6409028,Circle K,,convenience,,,,,,
Canal St & Adams St,21471.0,41.879255,-87.639904,250,243.89427582257414,health,41.8794147,-87.6428421,Physicians Immediate Care,clinic,,,,,,,
Canal St & Adams St,21471.0,41.879255,-87.639904,250,245.0277045074292,transit,41.8794839,-87.6369604,Wacker & Adams,,,,,,stop_position,,
Canal St & Adams St,21471.0,41.879255,-87.639904,250,213.61606397736898,retail,41.8798441,-87.6423599,Paramount Cleaners,,dry_cleaning,,,,,,
Canal St & Adams St,21471.0,41.879255,-87.639904,250,226.41731100587853,food_drink,41.8809671,-87.6413844,DosBros Fresh Mexican Grill,fast_food,,,,,,,
Canal St & Adams St,21471.0,41.879255,-87.639904,250,120.07038623213502,food_drink,41.8787128,-87.6386498,Peet's Coffee,cafe,,,,,,,
Canal St & Adams St,21471.0,41.879255,-87.639904,250,215.49607106727427,health,41.8784695,-87.6422835,Ankle N Foot Centers,clinic,,,,,,,
Canal St & Adams St,21471.0,41.879255,-87.639904,250,213.2493994952233,food_drink,41.8808266,-87.6413802,Mammoth Poke & Ramen,restaurant,,,,,,,
Canal St & Adams St,21471.0,41.879255,-87.639904,250,193.11229275622622,food_drink,41.8775772,-87.6405063,AfterBar,bar,,,,,,,
Canal St & Adams St,21471.0,41.879255,-87.639904,250,195.761677612584,food_drink,41.8775026,-87.6401309,Canal Street Eatery & Market,restaurant,,,,,,,
Canal St & Adams St,21471.0,41.879255,-87.639904,250,249.51072414567986,office,41.8779065,-87.6423128,Safer Foundation,,,,association,,,,
Canal St & Adams St,21471.0,41.879255,-87.639904,250,99.01203377880972,food_drink,41.8797234,-87.6388869,Just Salads,restaurant,,,,,,,
Canal St & Madison St,29301.0,41.882409,-87.639767,250,202.1486659854632,other_amenity,41.8830166,-87.6374656,Opera School of Chicago,music_school,,,,,,,
Canal St & Madison St,29301.0,41.882409,-87.639767,250,103.53299018749745,transit,41.8829223,-87.6408104,Ogilvie Transportation Center,,,,,,stop_position,stop,
Canal St & Madison St,29301.0,41.882409,-87.639767,250,110.99782345823101,transit,41.8829206,-87.6409183,Ogilvie Transportation Center,,,,,,stop_position,stop,
Canal St & Madison St,29301.0,41.882409,-87.639767,250,113.61100675559318,transit,41.882921,-87.6409546,Ogilvie Transportation Center,,,,,,stop_position,stop,
Canal St & Madison St,29301.0,41.882409,-87.639767,250,101.17621723243677,transit,41.8829235,-87.640775,Ogilvie Transportation Center,,,,,,stop_position,stop,
Canal St & Madison St,29301.0,41.882409,-87.639767,250,120.70811952846898,transit,41.88291,-87.6410605,Ogilvie Transportation Center,,,,,,stop_position,stop,
Canal St & Madison St,29301.0,41.882409,-87.639767,250,65.18269717139862,transit,41.882943,-87.6400918,Ogilvie Transportation Center,,,,,,stop_position,stop,
Canal St & Madison St,29301.0,41.882409,-87.639767,250,64.07894447236617,transit,41.8829436,-87.640056,Ogilvie Transportation Center,,,,,,stop_position,stop,
Canal St & Madison St,29301.0,41.882409,-87.639767,250,60.772692648757015,transit,41.8829388,-87.6399473,Ogilvie Transportation Center,,,,,,stop_position,stop,
Canal St & Madison St,29301.0,41.882409,-87.639767,250,77.30131672494059,transit,41.8829334,-87.64038,Ogilvie Transportation Center,,,,,,stop_position,stop,
Canal St & Madison St,29301.0,41.882409,-87.639767,250,83.18201157620696,transit,41.8829314,-87.6404862,Ogilvie Transportation Center,,,,,,stop_position,stop,
Canal St & Madison St,29301.0,41.882409,-87.639767,250,68.76155496377851,transit,41.8829368,-87.6401998,Ogilvie Transportation Center,,,,,,stop_position,stop,
Canal St & Madison St,29301.0,41.882409,-87.639767,250,70.24536420791995,transit,41.8829361,-87.6402347,Ogilvie Transportation Center,,,,,,stop_position,stop,
Canal St & Madison St,29301.0,41.882409,-87.639767,250,75.44338642114516,transit,41.8829344,-87.6403436,Ogilvie Transportation Center,,,,,,stop_position,stop,
Canal St & Madison St,29301.0,41.882409,-87.639767,250,94.03345418198478,transit,41.8829277,-87.6406641,Ogilvie Transportation Center,,,,,,stop_position,stop,
Canal St & Madison St,29301.0,41.882409,-87.639767,250,91.85024195425106,transit,41.8829273,-87.6406309,Ogilvie Transportation Center,,,,,,stop_position,stop,
Canal St & Madison St,29301.0,41.882409,-87.639767,250,85.14364589010745,transit,41.8829308,-87.6405197,Ogilvie Transportation Center,,,,,,stop_position,stop,
Canal St & Madison St,29301.0,41.882409,-87.639767,250,146.52566480881424,retail,41.8834414,-87.6386671,The Boeing Store,,gift,,,,,,
Canal St & Madison St,29301.0,41.882409,-87.639767,250,245.6276609885587,food_drink,41.8803651,-87.6408924,Chipotle,fast_food,,,,,,,
Canal St & Madison St,29301.0,41.882409,-87.639767,250,156.3794261271729,food_drink,41.8817104,-87.6414064,Potbelly,fast_food,,,,,,,
Canal St & Madison St,29301.0,41.882409,-87.639767,250,25.075304354256268,food_drink,41.8825612,-87.6399905,Panda Express,fast_food,,,,,,,
Canal St & Madison St,29301.0,41.882409,-87.639767,250,72.9613385596213,food_drink,41.8823865,-87.6406478,Chicago News Room,bar,,,,,,,
Canal St & Madison St,29301.0,41.882409,-87.639767,250,60.114535893979685,food_drink,41.8821839,-87.6391068,Starbucks,cafe,,,,,,,
Canal St & Madison St,29301.0,41.882409,-87.639767,250,51.944022810497195,food_drink,41.882126,-87.6392678,Jimmy John's,fast_food,,,,,,,
Canal St & Madison St,29301.0,41.882409,-87.639767,250,105.22160819354664,food_drink,41.8821339,-87.6409831,Yolk,restaurant,,,,,,,
Canal St & Madison St,29301.0,41.882409,-87.639767,250,35.715466762891324,retail,41.8822896,-87.6401675,Arts & Artisians,,jewelry,,,,,,
Canal St & Madison St,29301.0,41.882409,-87.639767,250,44.85882209066891,retail,41.8824415,-87.6403071,Mrs. Fields,,pastry,,,,,,
Canal St & Madison St,29301.0,41.882409,-87.639767,250,73.8219492003003,food_drink,41.8822777,-87.6406411,Jamba,fast_food,,,,,,,
Canal St & Madison St,29301.0,41.882409,-87.639767,250,28.850500974061237,retail,41.8825203,-87.6400818,Hudson News,,newsagent,,,,,,
Canal St & Madison St,29301.0,41.882409,-87.639767,250,205.49987905042676,office,41.8822528,-87.6372936,Seventhwave,,,,research,,,,
Canal St & Madison St,29301.0,41.882409,-87.639767,250,135.97703378330263,transit,41.8820002,-87.641315,Clinton & Madison (Metra),,,,,,platform,,bus_stop
Canal St & Madison St,29301.0,41.882409,-87.639767,250,27.90454501775065,transit,41.8821973,-87.639586,Canal & Madison (Metra),,,,,,platform,,bus_stop
Canal St & Madison St,29301.0,41.882409,-87.639767,250,243.9564668673573,transit,41.8830196,-87.6425974,Jefferson & Washington,,,,,,platform,,bus_stop
Canal St & Madison St,29301.0,41.882409,-87.639767,250,113.80106650739108,transit,41.8819567,-87.6410001,Madison & Clinton (Metra),,,,,,platform,,bus_stop
Canal St & Madison St,29301.0,41.882409,-87.639767,250,141.23437296126795,office,41.8834385,-87.6387678,BMW Technology Corporation,,,,company,,,,
Canal St & Madison St,29301.0,41.882409,-87.639767,250,74.80991787866527,transit,41.8830598,-87.6399961,Washington & Canal (Metra),,,,,,platform,,bus_stop
Canal St & Madison St,29301.0,41.882409,-87.639767,250,208.2421910959786,transit,41.8842811,-87.6397,Canal & Randolph,,,,,,platform,,bus_stop
Canal St & Madison St,29301.0,41.882409,-87.639767,250,166.5710698751644,transit,41.883335,-87.6413486,Clinton & Washington,,,,,,platform,,bus_stop
Canal St & Madison St,29301.0,41.882409,-87.639767,250,109.07059822990895,transit,41.8833851,-87.6398971,Canal & Randolph/Washington (Metra),,,,,,platform,,bus_stop
Canal St & Madison St,29301.0,41.882409,-87.639767,250,183.6210480984659,food_drink,41.8816168,-87.6378209,Rittergut Wine Bar,bar,,,,,,,
Canal St & Madison St,29301.0,41.882409,-87.639767,250,201.07627439830128,food_drink,41.8840379,-87.6408218,Aloha Pokē Co,fast_food,,,,,,,
Canal St & Madison St,29301.0,41.882409,-87.639767,250,179.25148017037026,food_drink,41.8838824,-87.6406455,Vanille Patisserie,cafe,,,,,,,
Canal St & Madison St,29301.0,41.882409,-87.639767,250,198.82293788056415,food_drink,41.8810817,-87.6413762,Blaze Pizza,restaurant,,,,,,,
Canal St & Madison St,29301.0,41.882409,-87.639767,250,140.89639479532926,food_drink,41.8824024,-87.6414689,Slightly Toasted,restaurant,,,,,,,
Canal St & Madison St,29301.0,41.882409,-87.639767,250,157.11515367656926,office,41.8827106,-87.6416211,BMW Technology,,,,company,,,,
Canal St & Madison St,29301.0,41.882409,-87.639767,250,191.95196461954862,food_drink,41.8811634,-87.6413723,Five Guys,fast_food,,,,,,,
Canal St & Madison St,29301.0,41.882409,-87.639767,250,181.93356498882244,food_drink,41.8812924,-87.6413733,Naf Naf Grill,restaurant,,,,,,,
Canal St & Madison St,29301.0,41.882409,-87.639767,250,160.23351079293195,food_drink,41.8830032,-87.6415303,Starbucks,cafe,,,,,,,
Canal St & Madison St,29301.0,41.882409,-87.639767,250,156.5411361709842,transit,41.8815713,-87.6412867,Clinton & Madison (Metra),,,,,,platform,,bus_stop
Canal St & Madison St,29301.0,41.882409,-87.639767,250,114.57634789950521,transit,41.8818708,-87.6409472,Madison & Clinton (Metra),,,,,,stop_position,,
Canal St & Madison St,29301.0,41.882409,-87.639767,250,87.63059194053471,transit,41.8831784,-87.6399961,Washington & Canal (Metra),,,,,,stop_position,,
Canal St & Madison St,29301.0,41.882409,-87.639767,250,53.3716816772441,food_drink,41.8823506,-87.6404069,Boxcar Betty’s,restaurant,,,,,,,
Canal St & Madison St,29301.0,41.882409,-87.639767,250,48.018882967897085,food_drink,41.8823495,-87.6403415,Cinnabon,fast_food,,,,,,,
Canal St & Madison St,29301.0,41.882409,-87.639767,250,143.37405652607376,food_drink,41.8836857,-87.6395246,Doughnut Vault - Canal St.,cafe,,,,,,,
Canal St & Madison St,29301.0,41.882409,-87.639767,250,204.3490697521727,food_drink,41.8812637,-87.6378366,Rivers,restaurant,,,,,,,
Canal St & Madison St,29301.0,41.882409,-87.639767,250,164.8679990366706,retail,41.8838815,-87.6395339,Steffens Cafe & Bakery,,bakery,,,,,,
Canal St & Madison St,29301.0,41.882409,-87.639767,250,55.0010003051743,food_drink,41.8823099,-87.6404179,Madison Tavern,bar,,,,,,,
Canal St & Madison St,29301.0,41.882409,-87.639767,250,210.28631685778123,office,41.8828773,-87.637306,Consulate General of the Bolivarian Republic of Venezuela,,,,diplomatic,,,,
Canal St & Madison St,29301.0,41.882409,-87.639767,250,128.29579455668787,transit,41.8820274,-87.6412295,Clinton & Madison (Metra),,,,,,stop_position,,
Canal St & Madison St,29301.0,41.882409,-87.639767,250,165.6783940239549,transit,41.8837873,-87.6405272,Ogilvie Transportation Center,,,,,,station,station,
Canal St & Madison St,29301.0,41.882409,-87.639767,250,149.9280333591559,transit,41.8815831,-87.6411985,Clinton & Madison (Metra),,,,,,stop_position,,
Canal St & Madison St,29301.0,41.882409,-87.639767,250,23.25088689992983,transit,41.8822036,-87.6397144,Canal & Madison (Metra),,,,,,stop_position,,
Canal St & Madison St,29301.0,41.882409,-87.639767,250,75.99185262440875,food_drink,41.8825046,-87.6406759,Dunkin',fast_food,,,,,,,
Canal St & Madison St,29301.0,41.882409,-87.639767,250,88.17272101935174,food_drink,41.8825008,-87.6408249,Taco Bell,fast_food,,,,,,,
Canal St & Madison St,29301.0,41.882409,-87.639767,250,90.59178634579898,food_drink,41.8826018,-87.6408302,Popeyes,fast_food,,,,,,,
Canal St & Madison St,29301.0,41.882409,-87.639767,250,69.82458549074563,food_drink,41.8826099,-87.6405661,Halsted Street Deli,fast_food,,,,,,,
Canal St & Madison St,29301.0,41.882409,-87.639767,250,30.866436491058177,food_drink,41.8826144,-87.6400178,Benj Yehuda,fast_food,,,,,,,
Canal St & Madison St,29301.0,41.882409,-87.639767,250,207.60307630532546,office,41.8821113,-87.6372914,TechNexus,,,,coworking,,,,
Canal St & Madison St,29301.0,41.882409,-87.639767,250,54.59803703244775,food_drink,41.8824106,-87.6404265,Starbucks,cafe,,,,,,,
Canal St & Madison St,29301.0,41.882409,-87.639767,250,222.49773447601444,office,41.8838126,-87.6416825,events.org,,,,company,,,,
Canal St & Madison St,29301.0,41.882409,-87.639767,250,81.19042949583557,transit,41.8818902,-87.6390769,,,,,,,stop_position,,
Canal St & Madison St,29301.0,41.882409,-87.639767,250,213.98542882457895,food_drink,41.8827516,-87.6372235,Espresso and Milk,cafe,,,,,,,
Canal St & Madison St,29301.0,41.882409,-87.639767,250,246.5263257248333,office,41.8838459,-87.6374992,Bank of America,,,,company,,,,
Canal St & Madison St,29301.0,41.882409,-87.639767,250,229.98111957126744,health,41.8833489,-87.6422416,Presidential Dental Associates,dentist,,,,,,,
Canal St & Madison St,29301.0,41.882409,-87.639767,250,144.2397424068166,food_drink,41.882683,-87.64147,Asadito,restaurant,,,,,,,
Canal St & Madison St,29301.0,41.882409,-87.639767,250,96.63453559501953,transit,41.8824278,-87.6386,Ogilvie / Union (West Loop),ferry_terminal,,,,,station,,
Canal St & Madison St,29301.0,41.882409,-87.639767,250,106.03026258842539,food_drink,41.8830549,-87.6388248,Potbelly,fast_food,,,,,,,
Canal St & Madison St,29301.0,41.882409,-87.639767,250,48.38909914333102,food_drink,41.882025,-87.639492,The Outpost Mexican Eatery,restaurant,,,,,,,
Canal St & Madison St,29301.0,41.882409,-87.639767,250,220.4180055885117,retail,41.8838989,-87.6415232,Massage Evolved,,massage,,,,,,
Canal St & Madison St,29301.0,41.882409,-87.639767,250,109.29497945350987,transit,41.8833904,-87.6398402,Canal & Randolph/Washington (Metra),,,,,,stop_position,,
Canal St & Madison St,29301.0,41.882409,-87.639767,250,207.0624596727454,transit,41.8842711,-87.6397862,Canal & Randolph,,,,,,stop_position,,
Canal St & Madison St,29301.0,41.882409,-87.639767,250,163.18699495534185,transit,41.8833551,-87.6412739,Clinton & Washington,,,,,,stop_position,,
Canal St & Madison St,29301.0,41.882409,-87.639767,250,80.97078695290709,food_drink,41.8826017,-87.6407102,Great Steak,fast_food,,,,,,,
Canal St & Madison St,29301.0,41.882409,-87.639767,250,70.62740938655638,food_drink,41.8829733,-87.6393754,Dunkin',fast_food,,,,,,,
Canal St & Madison St,29301.0,41.882409,-87.639767,250,184.75933977218094,recreation,41.8814572,-87.6415963,Fitness Formula Clubs (FFC),,,,,fitness_centre,,,
Canal St & Madison St,29301.0,41.882409,-87.639767,250,176.83269637065592,retail,41.8816888,-87.6416714,Great Clips,,hairdresser,,,,,,
Canal St & Madison St,29301.0,41.882409,-87.639767,250,208.89174110000417,food_drink,41.8809671,-87.6413844,DosBros Fresh Mexican Grill,fast_food,,,,,,,
Canal St & Madison St,29301.0,41.882409,-87.639767,250,234.8642175776838,office,41.8812366,-87.6374072,Chicago Mercantile Exchange,,,,financial,,,,
Canal St & Madison St,29301.0,41.882409,-87.639767,250,96.59195061767625,food_drink,41.882595,-87.6409067,Polombia,restaurant,,,,,,,
Canal St & Madison St,29301.0,41.882409,-87.639767,250,209.23521878963965,food_drink,41.882433,-87.6372398,Eaves,restaurant,,,,,,,
Canal St & Madison St,29301.0,41.882409,-87.639767,250,222.4409094076891,food_drink,41.8835102,-87.6375238,River Roux,cafe,,,,,,,
Canal St & Madison St,29301.0,41.882409,-87.639767,250,218.99266688471093,recreation,41.8833201,-87.6421122,LRO Fitness,,,,,fitness_centre,,,
Canal St & Madison St,29301.0,41.882409,-87.639767,250,190.10041975980616,retail,41.8839884,-87.640646,Suarez Market,,convenience,,,,,,
Canal St & Madison St,29301.0,41.882409,-87.639767,250,205.35441746329326,food_drink,41.8840373,-87.6409374,Clinton St Smoked Meats,restaurant,,,,,,,
Canal St & Madison St,29301.0,41.882409,-87.639767,250,211.44692554286294,food_drink,41.8840603,-87.6410336,Retro Pizza,fast_food,,,,,,,
Canal St & Madison St,29301.0,41.882409,-87.639767,250,210.53630544694232,food_drink,41.8840897,-87.6409381,Lito's Empanadas,restaurant,,,,,,,
Canal St & Madison St,29301.0,41.882409,-87.639767,250,197.95324877649077,food_drink,41.8840731,-87.6406165,Suarez Brothers Fry Shack & Bar,fast_food,,,,,,,
Canal St & Madison St,29301.0,41.882409,-87.639767,250,201.74256790152964,food_drink,41.8840995,-87.6406518,Saigon Sisters,restaurant,,,,,,,
Canal St & Madison St,29301.0,41.882409,-87.639767,250,200.9030011958328,food_drink,41.8841081,-87.6405922,K Kitchen,restaurant,,,,,,,
Canal St & Madison St,29301.0,41.882409,-87.639767,250,207.68592593358002,food_drink,41.8841765,-87.6405779,Mochinut,fast_food,,,,,,,
Canal St & Madison St,29301.0,41.882409,-87.639767,250,220.89949906954018,food_drink,41.8808266,-87.6413802,Mammoth Poke & Ramen,restaurant,,,,,,,
Canal St & Madison St,29301.0,41.882409,-87.639767,250,206.12359404997733,food_drink,41.884142,-87.6406508,Buen Apetito,fast_food,,,,,,,
Canal St & Madison St,29301.0,41.882409,-87.639767,250,208.93512879350826,retail,41.8841767,-87.6406227,Vertige,,bakery,,,,,,
Canal St & Madison St,29301.0,41.882409,-87.639767,250,215.20084310541975,food_drink,41.8841746,-87.6408316,Panlasa,restaurant,,,,,,,
Canal St & Madison St,29301.0,41.882409,-87.639767,250,218.12805195775883,food_drink,41.8841719,-87.6409227,Cubano Bros,fast_food,,,,,,,
Canal St & Madison St,29301.0,41.882409,-87.639767,250,215.49432624274775,retail,41.8841013,-87.6410355,Bill's Olive Oil,,deli,,,,,,
Canal St & Madison St,29301.0,41.882409,-87.639767,250,212.49627049359677,retail,41.884116,-87.640921,Barking Spot Bakery,,pet,,,,,,
Canal St & Madison St,29301.0,41.882409,-87.639767,250,205.68892700550765,food_drink,41.8841188,-87.6407152,Firenze,fast_food,,,,,,,
Canal St & Madison St,29301.0,41.882409,-87.639767,250,208.51795686598987,food_drink,41.8841459,-87.6407165,B.I. Tea & Dim Sum,cafe,,,,,,,
Canal St & Madison St,29301.0,41.882409,-87.639767,250,210.23609867434226,food_drink,41.8841447,-87.640774,Blue Spot Sushi,restaurant,,,,,,,
Canal St & Madison St,29301.0,41.882409,-87.639767,250,246.83183346941377,tourism,41.8846038,-87.6393207,Museum of Broadcast Communications,,,museum,,,,,
Canal St & Madison St,29301.0,41.882409,-87.639767,250,208.5335140052905,food_drink,41.8840695,-87.6409378,Thimi’s Empanadas,fast_food,,,,,,,
Canal St & Madison St,29301.0,41.882409,-87.639767,250,205.89586191775012,retail,41.884073,-87.640858,Fresco Delicioso,,pastry,,,,,,
Canal St & Madison St,29301.0,41.882409,-87.639767,250,202.70954587566112,food_drink,41.8840904,-87.6407132,Klay Oven Kitchen,fast_food,,,,,,,
Canal St & Madison St,29301.0,41.882409,-87.639767,250,204.52150085214944,food_drink,41.8841424,-87.6405932,Paiges,fast_food,,,,,,,
Canal St & Madison St,29301.0,41.882409,-87.639767,250,213.46370605946672,food_drink,41.8841758,-87.6407755,Bell Heirs BBQ,restaurant,,,,,,,
Canal St & Madison St,29301.0,41.882409,-87.639767,250,211.71736226475193,food_drink,41.8841763,-87.6407186,Righteous Kitchen,restaurant,,,,,,,
Canal St & Madison St,29301.0,41.882409,-87.639767,250,215.1647384003482,tourism,41.8841279,-87.6409606,Information,,,information,,,,,
Canal St & Madison St,29301.0,41.882409,-87.639767,250,243.7398735389319,office,41.8837152,-87.6374026,HSD Immigration Lawyer,,,,lawyer,,,,
Clark St & Elm St,29365.0,41.90301732164141,-87.63152289470456,250,139.2479367420451,transit,41.9039252,-87.6326818,Clark/Division,,,,,,stop_position,stop,
Clark St & Elm St,29365.0,41.90301732164141,-87.63152289470456,250,112.85730959207964,transit,41.9039037,-87.6321872,Clark/Division,,,,,,station,station,
Clark St & Elm St,29365.0,41.90301732164141,-87.63152289470456,250,81.15107676909865,transit,41.9037469,-87.6315475,,,,,,,,subway_entrance,
Clark St & Elm St,29365.0,41.90301732164141,-87.63152289470456,250,82.55389199729301,transit,41.9037476,-87.6313432,,,,,,,,subway_entrance,
Clark St & Elm St,29365.0,41.90301732164141,-87.63152289470456,250,117.74958513120252,transit,41.9040687,-87.6313531,,,,,,,,subway_entrance,
Clark St & Elm St,29365.0,41.90301732164141,-87.63152289470456,250,116.14996448206169,transit,41.9040616,-87.6315555,,,,,,,,subway_entrance,
Clark St & Elm St,29365.0,41.90301732164141,-87.63152289470456,250,95.92609361466387,transit,41.9038749,-87.6316488,Clark/Division,,,,,,stop_position,stop,
Clark St & Elm St,29365.0,41.90301732164141,-87.63152289470456,250,215.2559896279576,retail,41.9019848,-87.6293228,Gordon's Maple Ace Hardware,,doityourself,,,,,,
Clark St & Elm St,29365.0,41.90301732164141,-87.63152289470456,250,140.84630514935816,food_drink,41.9037941,-87.6301786,Starbucks,cafe,,,,,,,
Clark St & Elm St,29365.0,41.90301732164141,-87.63152289470456,250,126.22486864119354,food_drink,41.9041348,-87.6312547,Dunkin',fast_food,,,,,,,
Clark St & Elm St,29365.0,41.90301732164141,-87.63152289470456,250,149.6008247973539,retail,41.9016746,-87.6316367,Napleton's Aston Martin,,car,,,,,,
Clark St & Elm St,29365.0,41.90301732164141,-87.63152289470456,250,126.10937637105685,transit,41.9041509,-87.6315703,Clark & Division (Red Line),,,,,,platform,,bus_stop
Clark St & Elm St,29365.0,41.90301732164141,-87.63152289470456,250,111.18005659239168,transit,41.9020175,-87.6315104,Clark & Maple,,,,,,platform,,bus_stop
Clark St & Elm St,29365.0,41.90301732164141,-87.63152289470456,250,31.909950588130965,transit,41.9033036,-87.6315497,Clark & Elm,,,,,,platform,,bus_stop
Clark St & Elm St,29365.0,41.90301732164141,-87.63152289470456,250,98.60323595287375,transit,41.9038431,-87.6310887,Division & Clark (Red Line),,,,,,platform,,bus_stop
Clark St & Elm St,29365.0,41.90301732164141,-87.63152289470456,250,239.6118439949767,transit,41.9008714,-87.6312592,Clark & Oak,,,,,,platform,,bus_stop
Clark St & Elm St,29365.0,41.90301732164141,-87.63152289470456,250,151.3675888559674,transit,41.9016664,-87.6312977,Clark & Maple,,,,,,platform,,bus_stop
Clark St & Elm St,29365.0,41.90301732164141,-87.63152289470456,250,71.86376375500879,transit,41.9036466,-87.631325,Clark & Division (Red Line),,,,,,platform,,bus_stop
Clark St & Elm St,29365.0,41.90301732164141,-87.63152289470456,250,166.40645820586295,transit,41.9041828,-87.6327842,LaSalle & Divison (Red Line),,,,,,platform,,bus_stop
Clark St & Elm St,29365.0,41.90301732164141,-87.63152289470456,250,151.4587052821501,transit,41.9019857,-87.6327179,LaSalle & Maple,,,,,,platform,,bus_stop
Clark St & Elm St,29365.0,41.90301732164141,-87.63152289470456,250,149.33849620999504,transit,41.9036859,-87.6330879,LaSalle & Divison (Red Line),,,,,,platform,,bus_stop
Clark St & Elm St,29365.0,41.90301732164141,-87.63152289470456,250,236.73827678492768,food_drink,41.9038102,-87.6288681,Brown Bag Seafood Co.,restaurant,,,,,,,
Clark St & Elm St,29365.0,41.90301732164141,-87.63152289470456,250,155.49389072739712,transit,41.9040606,-87.632774,,,,,,,,subway_entrance,
Clark St & Elm St,29365.0,41.90301732164141,-87.63152289470456,250,128.37046170286808,transit,41.9037038,-87.63277,,,,,,,,subway_entrance,
Clark St & Elm St,29365.0,41.90301732164141,-87.63152289470456,250,169.38054337711105,transit,41.9019877,-87.6330312,LaSalle & Maple,,,,,,platform,,bus_stop
Clark St & Elm St,29365.0,41.90301732164141,-87.63152289470456,250,168.58668147409395,transit,41.9019795,-87.6300379,Dearborn & Maple,,,,,,platform,,bus_stop
Clark St & Elm St,29365.0,41.90301732164141,-87.63152289470456,250,236.72907751277359,transit,41.903863,-87.6288978,Division & State,,,,,,platform,,bus_stop
Clark St & Elm St,29365.0,41.90301732164141,-87.63152289470456,250,176.99703959485169,transit,41.9039938,-87.6298339,Division & Dearborn,,,,,,platform,,bus_stop
Clark St & Elm St,29365.0,41.90301732164141,-87.63152289470456,250,109.86270513536431,transit,41.9039891,-87.6312832,Division & Clark (Red Line),,,,,,platform,,bus_stop
Clark St & Elm St,29365.0,41.90301732164141,-87.63152289470456,250,128.54343554655242,retail,41.904156,-87.6317909,Jewel-Osco,,supermarket,,,,,,
Clark St & Elm St,29365.0,41.90301732164141,-87.63152289470456,250,90.77293294950721,food_drink,41.9037901,-87.6318764,Mr Gyros,fast_food,,,,,,,
Clark St & Elm St,29365.0,41.90301732164141,-87.63152289470456,250,83.34234397007563,food_drink,41.9033294,-87.6306073,Blue Door Kitchen & Garden,restaurant,,,,,,,
Clark St & Elm St,29365.0,41.90301732164141,-87.63152289470456,250,235.75304330970025,food_drink,41.9023751,-87.6288081,Somerset,restaurant,,,,,,,
Clark St & Elm St,29365.0,41.90301732164141,-87.63152289470456,250,237.1922137679175,food_drink,41.902338,-87.6288061,Devereaux,restaurant,,,,,,,
Clark St & Elm St,29365.0,41.90301732164141,-87.63152289470456,250,203.53162750185342,food_drink,41.9041965,-87.6296419,Butch McGuire’s,bar,,,,,,,
Clark St & Elm St,29365.0,41.90301732164141,-87.63152289470456,250,224.13193344974448,retail,41.9019956,-87.6291884,Chicago Health Foods,,health_food,,,,,,
Clark St & Elm St,29365.0,41.90301732164141,-87.63152289470456,250,112.99333035730501,food_drink,41.9036152,-87.6304189,Chicago Q,restaurant,,,,,,,
Clark St & Elm St,29365.0,41.90301732164141,-87.63152289470456,250,129.30688275721084,food_drink,41.9041038,-87.6320799,Division on the Rocks,bar,,,,,,,
Clark St & Elm St,29365.0,41.90301732164141,-87.63152289470456,250,249.55426112823872,food_drink,41.9021359,-87.6287498,Eight Bar and Patio,bar,,,,,,,
Clark St & Elm St,29365.0,41.90301732164141,-87.63152289470456,250,207.47689354902522,food_drink,41.9033723,-87.6290617,Sparrow,bar,,,,,,,
Clark St & Elm St,29365.0,41.90301732164141,-87.63152289470456,250,191.23165390780343,food_drink,41.9033279,-87.6292502,The Hangge-Uppe,bar,,,,,,,
Clark St & Elm St,29365.0,41.90301732164141,-87.63152289470456,250,182.95806743047177,food_drink,41.9037631,-87.6295523,The Lodge Tavern,bar,,,,,,,
Clark St & Elm St,29365.0,41.90301732164141,-87.63152289470456,250,224.10810559593608,food_drink,41.9025995,-87.6288738,Lou Malnati's Pizzeria,restaurant,,,,,,,
Clark St & Elm St,29365.0,41.90301732164141,-87.63152289470456,250,113.03188419752799,food_drink,41.9034592,-87.6302929,La Storia,restaurant,,,,,,,
Clark St & Elm St,29365.0,41.90301732164141,-87.63152289470456,250,118.8655027901685,food_drink,41.9037963,-87.6305393,The Halal Guys,fast_food,,,,,,,
Clark St & Elm St,29365.0,41.90301732164141,-87.63152289470456,250,163.932572264359,transit,41.9038111,-87.6331921,Division & LaSalle,,,,,,platform,,bus_stop
Clark St & Elm St,29365.0,41.90301732164141,-87.63152289470456,250,116.12866818957396,transit,41.9019773,-87.631395,Clark & Maple,,,,,,stop_position,,
Clark St & Elm St,29365.0,41.90301732164141,-87.63152289470456,250,142.49418769272557,transit,41.9017397,-87.6313894,Clark & Maple,,,,,,stop_position,,
Clark St & Elm St,29365.0,41.90301732164141,-87.63152289470456,250,29.495024593639148,transit,41.9032719,-87.6314228,Clark & Elm,,,,,,stop_position,,
Clark St & Elm St,29365.0,41.90301732164141,-87.63152289470456,250,75.67289212344816,transit,41.9036945,-87.6314321,Clark & Division (Red Line),,,,,,stop_position,,
Clark St & Elm St,29365.0,41.90301732164141,-87.63152289470456,250,117.66345811698058,transit,41.9040738,-87.6314425,Clark & Division (Red Line),,,,,,stop_position,,
Clark St & Elm St,29365.0,41.90301732164141,-87.63152289470456,250,241.60858835827833,retail,41.901971,-87.6289643,Bella Bianca,,clothes,,,,,,
Clark St & Elm St,29365.0,41.90301732164141,-87.63152289470456,250,245.35028560805847,transit,41.9029627,-87.6285592,State & Elm,,,,,,stop_position,,
Clark St & Elm St,29365.0,41.90301732164141,-87.63152289470456,250,235.97583944290392,transit,41.9039407,-87.6289556,Division & State,,,,,,stop_position,,
Clark St & Elm St,29365.0,41.90301732164141,-87.63152289470456,250,176.62112917125802,transit,41.9039286,-87.6297749,Division & Dearborn,,,,,,stop_position,,
Clark St & Elm St,29365.0,41.90301732164141,-87.63152289470456,250,102.65199450803559,transit,41.9039111,-87.6312124,Division & Clark (Red Line),,,,,,stop_position,,
Clark St & Elm St,29365.0,41.90301732164141,-87.63152289470456,250,104.29806109278267,transit,41.9039119,-87.631144,Division & Clark (Red Line),,,,,,stop_position,,
Clark St & Elm St,29365.0,41.90301732164141,-87.63152289470456,250,111.90398171810537,transit,41.903972,-87.6319507,Division & Clark (Red Line),,,,,,platform,,bus_stop
Clark St & Elm St,29365.0,41.90301732164141,-87.63152289470456,250,219.65967941570787,food_drink,41.903982,-87.6338391,Sarpino's Pizzeria,fast_food,,,,,,,
Clark St & Elm St,29365.0,41.90301732164141,-87.63152289470456,250,236.703937030466,food_drink,41.903982,-87.6340725,Quiznos,fast_food,,,,,,,
Clark St & Elm St,29365.0,41.90301732164141,-87.63152289470456,250,227.18286572548985,office,41.903988,-87.6339384,H&R Block,,,,tax_advisor,,,,
Clark St & Elm St,29365.0,41.90301732164141,-87.63152289470456,250,177.22463741147672,food_drink,41.9043827,-87.6304182,Eduardo's Enoteca,restaurant,,,,,,,
Clark St & Elm St,29365.0,41.90301732164141,-87.63152289470456,250,234.35299916598677,food_drink,41.9034735,-87.6342875,Can't Believe It's Not Meat,restaurant,,,,,,,
Clark St & Elm St,29365.0,41.90301732164141,-87.63152289470456,250,188.34660875337931,health,41.9040839,-87.6297549,Dentologie,dentist,,,,,,,
Clark St & Elm St,29365.0,41.90301732164141,-87.63152289470456,250,238.18647581198928,food_drink,41.9037217,-87.6342409,Hashbrowns,restaurant,,,,,,,
Clark St & Elm St,29365.0,41.90301732164141,-87.63152289470456,250,113.6191896046576,food_drink,41.9037983,-87.6306376,Jimmy John's,fast_food,,,,,,,
Clark St & Elm St,29365.0,41.90301732164141,-87.63152289470456,250,230.8832503240386,food_drink,41.903598,-87.6288444,Chicago tea house,cafe,,,,,,,
Clark St & Elm St,29365.0,41.90301732164141,-87.63152289470456,250,127.11357209813612,food_drink,41.9037992,-87.6304024,Wingstop,fast_food,,,,,,,
Clark St & Elm St,29365.0,41.90301732164141,-87.63152289470456,250,224.6713172682456,food_drink,41.9033034,-87.6288355,Dolci Amori,cafe,,,,,,,
Clark St & Elm St,29365.0,41.90301732164141,-87.63152289470456,250,86.50776813680957,retail,41.9037335,-87.6311146,CVS Pharmacy,pharmacy,chemist,,,,,,
Clark St & Elm St,29365.0,41.90301732164141,-87.63152289470456,250,173.05935155492503,transit,41.9020077,-87.6299315,Dearborn & Maple,,,,,,stop_position,,
Clark St & Elm St,29365.0,41.90301732164141,-87.63152289470456,250,212.19946573424616,food_drink,41.9039745,-87.6337411,Nepal House,restaurant,,,,,,,
Clark St & Elm St,29365.0,41.90301732164141,-87.63152289470456,250,232.36694917178122,retail,41.9039831,-87.6340128,Sherry's Food Mart,,convenience,,,,,,
Clark St & Elm St,29365.0,41.90301732164141,-87.63152289470456,250,233.8397451033275,food_drink,41.9017087,-87.6293111,Foxtrot Market,cafe,,,,,,,
Clark St & Elm St,29365.0,41.90301732164141,-87.63152289470456,250,129.51268111171768,transit,41.9037652,-87.6327226,,,,,,,,subway_entrance,elevator
Clark St & Elm St,29365.0,41.90301732164141,-87.63152289470456,250,118.03506705462493,retail,41.9019599,-87.631648,Bentley Gold Coast,,car,,,,,,
Clark St & Elm St,29365.0,41.90301732164141,-87.63152289470456,250,123.62534514004692,retail,41.9019731,-87.6320357,Alfa Romeo Chicago,,car,,,,,,
Clark St & Elm St,29365.0,41.90301732164141,-87.63152289470456,250,78.64221728233699,retail,41.9023146,-87.6316302,Lamborghini Gold Coast,,car,,,,,,
Clark St & Elm St,29365.0,41.90301732164141,-87.63152289470456,250,129.94150387945146,retail,41.9019891,-87.6307768,Honda of Downtown Chicago,,car,,,,,,
Clinton St & Jackson Blvd,23715.0,41.87831662050808,-87.64098109175531,250,149.02964185391764,transit,41.8791728,-87.6395962,Chicago Union Station,,,,,,stop_position,stop,
Clinton St & Jackson Blvd,23715.0,41.87831662050808,-87.64098109175531,250,155.2953998910428,transit,41.8790649,-87.6393973,Chicago Union Station,,,,,,stop_position,stop,
Clinton St & Jackson Blvd,23715.0,41.87831662050808,-87.64098109175531,250,167.0930657711707,transit,41.8790674,-87.6392328,Chicago Union Station,,,,,,stop_position,stop,
Clinton St & Jackson Blvd,23715.0,41.87831662050808,-87.64098109175531,250,178.91562812854244,transit,41.8790699,-87.6390715,Chicago Union Station,,,,,,stop_position,stop,
Clinton St & Jackson Blvd,23715.0,41.87831662050808,-87.64098109175531,250,191.4809817951065,transit,41.8790725,-87.638903,Chicago Union Station,,,,,,stop_position,stop,
Clinton St & Jackson Blvd,23715.0,41.87831662050808,-87.64098109175531,250,167.39472087152163,transit,41.8782915,-87.6389595,Chicago Union Station,,,,,,stop_position,stop,
Clinton St & Jackson Blvd,23715.0,41.87831662050808,-87.64098109175531,250,153.97167154091366,transit,41.8782897,-87.6391217,Chicago Union Station,,,,,,stop_position,stop,
Clinton St & Jackson Blvd,23715.0,41.87831662050808,-87.64098109175531,250,141.1459622154253,transit,41.8782879,-87.6392767,Chicago Union Station,,,,,,stop_position,stop,
Clinton St & Jackson Blvd,23715.0,41.87831662050808,-87.64098109175531,250,135.0267578986134,transit,41.8779257,-87.639437,Chicago Union Station,,,,,,stop_position,stop,
Clinton St & Jackson Blvd,23715.0,41.87831662050808,-87.64098109175531,250,110.59942738025794,education,41.8788616,-87.6420986,Chicago-Kent College of Law,university,,,,,,,
Clinton St & Jackson Blvd,23715.0,41.87831662050808,-87.64098109175531,250,138.7801241800493,food_drink,41.8795638,-87.6409175,Jimmy John's,fast_food,,,,,,,
Clinton St & Jackson Blvd,23715.0,41.87831662050808,-87.64098109175531,250,227.89916416559487,food_drink,41.8803651,-87.6408924,Chipotle,fast_food,,,,,,,
Clinton St & Jackson Blvd,23715.0,41.87831662050808,-87.64098109175531,250,127.81886465483618,education,41.8791013,-87.6421093,IIT Stuart School of Business,university,,,,,,,
Clinton St & Jackson Blvd,23715.0,41.87831662050808,-87.64098109175531,250,209.85642924939043,food_drink,41.8781929,-87.6384518,Corner Bakery,cafe,,,,,,,
Clinton St & Jackson Blvd,23715.0,41.87831662050808,-87.64098109175531,250,71.68248387456498,transit,41.8789377,-87.6412131,Clinton & Quincy (Union Station),,,,,,platform,,bus_stop
Clinton St & Jackson Blvd,23715.0,41.87831662050808,-87.64098109175531,250,179.55758753043034,transit,41.8793931,-87.6393645,Adams & Canal (Union Station),,,,,,platform,,bus_stop
Clinton St & Jackson Blvd,23715.0,41.87831662050808,-87.64098109175531,250,71.48918248358822,food_drink,41.8779077,-87.6416474,Dunkin',fast_food,,,,,,,
Clinton St & Jackson Blvd,23715.0,41.87831662050808,-87.64098109175531,250,173.7423133981024,transit,41.8790688,-87.6391417,Chicago Union Station,,,,,,stop_position,stop,
Clinton St & Jackson Blvd,23715.0,41.87831662050808,-87.64098109175531,250,155.03660348198375,transit,41.8791745,-87.6395049,Chicago Union Station,,,,,,stop_position,stop,
Clinton St & Jackson Blvd,23715.0,41.87831662050808,-87.64098109175531,250,161.93635439343316,transit,41.8790663,-87.6393042,Chicago Union Station,,,,,,stop_position,stop,
Clinton St & Jackson Blvd,23715.0,41.87831662050808,-87.64098109175531,250,186.3172639696272,transit,41.8790714,-87.6389719,Chicago Union Station,,,,,,stop_position,stop,
Clinton St & Jackson Blvd,23715.0,41.87831662050808,-87.64098109175531,250,160.84032318314138,transit,41.8782906,-87.6390387,Chicago Union Station,,,,,,stop_position,stop,
Clinton St & Jackson Blvd,23715.0,41.87831662050808,-87.64098109175531,250,147.31882050773467,transit,41.8782887,-87.6392021,Chicago Union Station,,,,,,stop_position,stop,
Clinton St & Jackson Blvd,23715.0,41.87831662050808,-87.64098109175531,250,187.44003949993854,transit,41.8782943,-87.6387173,Chicago Union Station,,,,,,stop_position,stop,
Clinton St & Jackson Blvd,23715.0,41.87831662050808,-87.64098109175531,250,174.12322317413745,transit,41.8782924,-87.6388782,Chicago Union Station,,,,,,stop_position,stop,
Clinton St & Jackson Blvd,23715.0,41.87831662050808,-87.64098109175531,250,180.84416863944685,transit,41.878293,-87.638797,Chicago Union Station,,,,,,stop_position,stop,
Clinton St & Jackson Blvd,23715.0,41.87831662050808,-87.64098109175531,250,134.34254812926488,transit,41.8782389,-87.6393618,Chicago Union Station,,,,,,stop_position,stop,
Clinton St & Jackson Blvd,23715.0,41.87831662050808,-87.64098109175531,250,194.18575319992433,transit,41.8782952,-87.6386358,Chicago Union Station,,,,,,stop_position,stop,
Clinton St & Jackson Blvd,23715.0,41.87831662050808,-87.64098109175531,250,200.95490718543752,transit,41.8782786,-87.6385544,Chicago Union Station,,,,,,stop_position,stop,
Clinton St & Jackson Blvd,23715.0,41.87831662050808,-87.64098109175531,250,129.19279102904235,transit,41.877927,-87.639511,Chicago Union Station,,,,,,stop_position,stop,
Clinton St & Jackson Blvd,23715.0,41.87831662050808,-87.64098109175531,250,155.76241289261333,transit,41.8791472,-87.6394661,Canal & Adams (Union Station),,,,,,platform,,bus_stop
Clinton St & Jackson Blvd,23715.0,41.87831662050808,-87.64098109175531,250,210.114748078564,transit,41.8780058,-87.6384778,Jackson & Chicago River,,,,,,platform,,bus_stop
Clinton St & Jackson Blvd,23715.0,41.87831662050808,-87.64098109175531,250,85.91030690911661,transit,41.8779259,-87.6400859,Union Station Transit Center,,,,,,stop_position,,
Clinton St & Jackson Blvd,23715.0,41.87831662050808,-87.64098109175531,250,191.7062995443781,transit,41.8770485,-87.6394124,Canal & Van Buren,,,,,,platform,,bus_stop
Clinton St & Jackson Blvd,23715.0,41.87831662050808,-87.64098109175531,250,23.392110669718466,transit,41.878171,-87.641185,Clinton & Jackson (Union Station),,,,,,platform,,bus_stop
Clinton St & Jackson Blvd,23715.0,41.87831662050808,-87.64098109175531,250,189.13094655334376,office,41.8799801,-87.6414576,"Lerman, Boudart & Associates, LLP",,,,accountant,,,,
Clinton St & Jackson Blvd,23715.0,41.87831662050808,-87.64098109175531,250,160.4443272286008,transit,41.8786411,-87.6390928,Chicago Union Station,,,,,,station,station,
Clinton St & Jackson Blvd,23715.0,41.87831662050808,-87.64098109175531,250,213.68119347981695,transit,41.8768456,-87.6393204,Van Buren & Canal,,,,,,platform,,bus_stop
Clinton St & Jackson Blvd,23715.0,41.87831662050808,-87.64098109175531,250,91.89832271746874,transit,41.8779889,-87.6399621,Jackson & Canal (Union Station),,,,,,platform,,bus_stop
Clinton St & Jackson Blvd,23715.0,41.87831662050808,-87.64098109175531,250,229.8326704635602,food_drink,41.8803617,-87.6413837,IDOF - I Dream of Falafel,restaurant,,,,,,,
Clinton St & Jackson Blvd,23715.0,41.87831662050808,-87.64098109175531,250,78.75886172579855,food_drink,41.8776357,-87.641243,Beggars Pizza,restaurant,,,,,,,
Clinton St & Jackson Blvd,23715.0,41.87831662050808,-87.64098109175531,250,208.92398922027235,transit,41.8780669,-87.63848,Jackson & Chicago River,,,,,,stop_position,,
Clinton St & Jackson Blvd,23715.0,41.87831662050808,-87.64098109175531,250,89.25055676648817,transit,41.8780519,-87.6399634,Jackson & Canal (Union Station),,,,,,stop_position,,
Clinton St & Jackson Blvd,23715.0,41.87831662050808,-87.64098109175531,250,174.13141664837545,transit,41.8793287,-87.6393761,Adams & Canal (Union Station),,,,,,stop_position,,
Clinton St & Jackson Blvd,23715.0,41.87831662050808,-87.64098109175531,250,17.376474889970016,transit,41.878194,-87.6411112,Clinton & Jackson (Union Station),,,,,,stop_position,,
Clinton St & Jackson Blvd,23715.0,41.87831662050808,-87.64098109175531,250,181.6730859033895,transit,41.8770589,-87.6395805,Canal & Van Buren,,,,,,stop_position,,
Clinton St & Jackson Blvd,23715.0,41.87831662050808,-87.64098109175531,250,46.803735871317244,transit,41.877941,-87.6412362,Jackson & Clinton (Union Station),,,,,,platform,,bus_stop
Clinton St & Jackson Blvd,23715.0,41.87831662050808,-87.64098109175531,250,201.14276766617343,transit,41.8768027,-87.6423108,Van Buren & Jefferson,,,,,,platform,,bus_stop
Clinton St & Jackson Blvd,23715.0,41.87831662050808,-87.64098109175531,250,226.92373142002106,transit,41.8779283,-87.6436719,Jackson & Desplaines,,,,,,platform,,bus_stop
Clinton St & Jackson Blvd,23715.0,41.87831662050808,-87.64098109175531,250,169.1171729417253,food_drink,41.8795853,-87.6398545,Arturo Express,restaurant,,,,,,,
Clinton St & Jackson Blvd,23715.0,41.87831662050808,-87.64098109175531,250,168.07546304621644,food_drink,41.8786314,-87.6389955,Chicago Union Station Metropolitan Lounge,bar,,,,,,,
Clinton St & Jackson Blvd,23715.0,41.87831662050808,-87.64098109175531,250,185.38995866721845,food_drink,41.8772561,-87.6427089,Swadesi Cafe,cafe,,,,,,,
Clinton St & Jackson Blvd,23715.0,41.87831662050808,-87.64098109175531,250,197.73933881961742,food_drink,41.8786721,-87.6386409,The Junction,bar,,,,,,,
Clinton St & Jackson Blvd,23715.0,41.87831662050808,-87.64098109175531,250,170.26605402647485,food_drink,41.8786577,-87.6389762,Pret A Manger,fast_food,,,,,,,
Clinton St & Jackson Blvd,23715.0,41.87831662050808,-87.64098109175531,250,199.75743857505827,food_drink,41.8775721,-87.6387853,Little Toasted,bar,,,,,,,
Clinton St & Jackson Blvd,23715.0,41.87831662050808,-87.64098109175531,250,162.109214340065,food_drink,41.8778976,-87.6428565,Dark Matter Coffee - Meddle,cafe,,,,,,,
Clinton St & Jackson Blvd,23715.0,41.87831662050808,-87.64098109175531,250,153.34983101856895,office,41.8769538,-87.6412649,Huron,,,,consulting,,,,
Clinton St & Jackson Blvd,23715.0,41.87831662050808,-87.64098109175531,250,52.95469276807965,food_drink,41.877914,-87.6413227,Potbelly,fast_food,,,,,,,
Clinton St & Jackson Blvd,23715.0,41.87831662050808,-87.64098109175531,250,92.8781191105966,transit,41.8778211,-87.640078,Union Station Transit Center,,,,,,stop_position,,
Clinton St & Jackson Blvd,23715.0,41.87831662050808,-87.64098109175531,250,99.72433498624845,transit,41.877723,-87.6400782,Union Station Transit Center,,,,,,stop_position,,
Clinton St & Jackson Blvd,23715.0,41.87831662050808,-87.64098109175531,250,208.42236852750833,transit,41.8781291,-87.6384763,Chicago Union Station,,,,,,stop_position,stop,
Clinton St & Jackson Blvd,23715.0,41.87831662050808,-87.64098109175531,250,214.96304798206032,transit,41.8781494,-87.6383944,Chicago Union Station,,,,,,stop_position,stop,
Clinton St & Jackson Blvd,23715.0,41.87831662050808,-87.64098109175531,250,214.64809518351313,transit,41.8793773,-87.6388149,Chicago Union Station,,,,,,stop_position,stop,
Clinton St & Jackson Blvd,23715.0,41.87831662050808,-87.64098109175531,250,88.95023032255708,transit,41.8778787,-87.640082,Union Station Transit Center,,,,,,platform,,bus_stop
Clinton St & Jackson Blvd,23715.0,41.87831662050808,-87.64098109175531,250,102.94555563226515,transit,41.87768,-87.6400783,Union Station Transit Center,,,,,,platform,,bus_stop
Clinton St & Jackson Blvd,23715.0,41.87831662050808,-87.64098109175531,250,95.54083989346464,transit,41.8777806,-87.6400792,Union Station Transit Center,,,,,,platform,,bus_stop
Clinton St & Jackson Blvd,23715.0,41.87831662050808,-87.64098109175531,250,69.86965945956243,transit,41.878936,-87.6411232,Clinton & Quincy (Union Station),,,,,,stop_position,,
Clinton St & Jackson Blvd,23715.0,41.87831662050808,-87.64098109175531,250,151.9322070173296,transit,41.8791543,-87.6395313,Canal & Adams (Union Station),,,,,,stop_position,,
Clinton St & Jackson Blvd,23715.0,41.87831662050808,-87.64098109175531,250,220.27626061477213,transit,41.8767737,-87.6393124,Van Buren & Canal,,,,,,stop_position,,
Clinton St & Jackson Blvd,23715.0,41.87831662050808,-87.64098109175531,250,190.60316379013656,food_drink,41.8785438,-87.6386992,Jersey Mike's Subs,fast_food,,,,,,,
Clinton St & Jackson Blvd,23715.0,41.87831662050808,-87.64098109175531,250,166.12557049467728,retail,41.8784055,-87.6389781,News Now,,newsagent,,,,,,
Clinton St & Jackson Blvd,23715.0,41.87831662050808,-87.64098109175531,250,185.91411138600154,retail,41.8790505,-87.6389634,News Now,,newsagent,,,,,,
Clinton St & Jackson Blvd,23715.0,41.87831662050808,-87.64098109175531,250,166.03228806847224,food_drink,41.8785403,-87.6389983,Starbucks,cafe,,,,,,,
Clinton St & Jackson Blvd,23715.0,41.87831662050808,-87.64098109175531,250,164.67738803551592,food_drink,41.8785693,-87.6390212,Robinson's,fast_food,,,,,,,
Clinton St & Jackson Blvd,23715.0,41.87831662050808,-87.64098109175531,250,195.48455431022532,retail,41.8787739,-87.6387012,Nuts on Clark,,confectionery,,,,,,
Clinton St & Jackson Blvd,23715.0,41.87831662050808,-87.64098109175531,250,197.8868259938413,food_drink,41.8788848,-87.638716,Jamba,fast_food,,,,,,,
Clinton St & Jackson Blvd,23715.0,41.87831662050808,-87.64098109175531,250,191.55184415363397,food_drink,41.8789756,-87.6388434,Dunkin',fast_food,,,,,,,
Clinton St & Jackson Blvd,23715.0,41.87831662050808,-87.64098109175531,250,174.70601496706274,food_drink,41.8788389,-87.6389909,Chick-fil-A,fast_food,,,,,,,
Clinton St & Jackson Blvd,23715.0,41.87831662050808,-87.64098109175531,250,153.29790651959743,office,41.8781593,-87.6428206,OKW Architects,,,,architect,,,,
Clinton St & Jackson Blvd,23715.0,41.87831662050808,-87.64098109175531,250,137.0040436065751,retail,41.8788568,-87.6394938,Metra Ticket Passenger Sevice,,ticket,,,,,,
Clinton St & Jackson Blvd,23715.0,41.87831662050808,-87.64098109175531,250,79.54519483686124,retail,41.8785802,-87.6400879,Amtrak Tickets Passenger Services,,ticket,,,,,,
Clinton St & Jackson Blvd,23715.0,41.87831662050808,-87.64098109175531,250,164.09032986324632,tourism,41.8786571,-87.6390526,,,,information,,,,,
Clinton St & Jackson Blvd,23715.0,41.87831662050808,-87.64098109175531,250,171.99842993283428,retail,41.8788731,-87.6390427,,,vacant,,,,,,
Clinton St & Jackson Blvd,23715.0,41.87831662050808,-87.64098109175531,250,161.27261696850724,transit,41.8773377,-87.6395438,FlixBus Chicago Downtown,,,,,,stop_position,,
Clinton St & Jackson Blvd,23715.0,41.87831662050808,-87.64098109175531,250,169.11730558896062,transit,41.877331,-87.6394254,FlixBus Chicago Downtown,,,,,,platform,,bus_stop
Clinton St & Jackson Blvd,23715.0,41.87831662050808,-87.64098109175531,250,160.68599578807272,food_drink,41.8785623,-87.6390685,Auntie Anne's,fast_food,,,,,,,
Clinton St & Jackson Blvd,23715.0,41.87831662050808,-87.64098109175531,250,75.04403406153182,office,41.8777585,-87.6414907,Metra,,,,company,,,,
Clinton St & Jackson Blvd,23715.0,41.87831662050808,-87.64098109175531,250,238.0339633244099,retail,41.8778806,-87.6437959,7-Eleven,,convenience,,,,,,
Clinton St & Jackson Blvd,23715.0,41.87831662050808,-87.64098109175531,250,227.05884965505638,food_drink,41.8768471,-87.6428853,Panera Bread,fast_food,,,,,,,
Clinton St & Jackson Blvd,23715.0,41.87831662050808,-87.64098109175531,250,77.79757909220059,food_drink,41.8779064,-87.6417423,Burger King,fast_food,,,,,,,
Clinton St & Jackson Blvd,23715.0,41.87831662050808,-87.64098109175531,250,220.34653208357267,retail,41.8800163,-87.6423494,Metro Spice Mart,,supermarket,,,,,,
Clinton St & Jackson Blvd,23715.0,41.87831662050808,-87.64098109175531,250,122.71712177296497,retail,41.8794187,-87.6409028,Circle K,,convenience,,,,,,
Clinton St & Jackson Blvd,23715.0,41.87831662050808,-87.64098109175531,250,245.30112675670418,retail,41.8776783,-87.6438172,Capitol Cleaners,,dry_cleaning,,,,,,
Clinton St & Jackson Blvd,23715.0,41.87831662050808,-87.64098109175531,250,196.59039463334102,health,41.8794147,-87.6428421,Physicians Immediate Care,clinic,,,,,,,
Clinton St & Jackson Blvd,23715.0,41.87831662050808,-87.64098109175531,250,155.30400329078338,office,41.8782805,-87.6428563,Shindler & Shindler,,,,lawyer,,,,
Clinton St & Jackson Blvd,23715.0,41.87831662050808,-87.64098109175531,250,206.8395602638233,transit,41.8767396,-87.642306,Van Buren & Jefferson,,,,,,stop_position,,
Clinton St & Jackson Blvd,23715.0,41.87831662050808,-87.64098109175531,250,202.50625869482735,retail,41.8770201,-87.6426988,Refined Barbershop,,hairdresser,,,,,,
Clinton St & Jackson Blvd,23715.0,41.87831662050808,-87.64098109175531,250,204.64424165037659,retail,41.8798441,-87.6423599,Paramount Cleaners,,dry_cleaning,,,,,,
Clinton St & Jackson Blvd,23715.0,41.87831662050808,-87.64098109175531,250,218.00698252792753,food_drink,41.8791086,-87.6433899,Market Creations,restaurant,,,,,,,
Clinton St & Jackson Blvd,23715.0,41.87831662050808,-87.64098109175531,250,150.62243556550442,food_drink,41.8774257,-87.6423515,Byrd's Hot Chicken,fast_food,,,,,,,
Clinton St & Jackson Blvd,23715.0,41.87831662050808,-87.64098109175531,250,156.76745148918005,food_drink,41.8777392,-87.6427085,Subway,fast_food,,,,,,,
Clinton St & Jackson Blvd,23715.0,41.87831662050808,-87.64098109175531,250,163.60034996834642,retail,41.8776066,-87.6427118,The UPS Store,post_office,copyshop,,,,,,
Clinton St & Jackson Blvd,23715.0,41.87831662050808,-87.64098109175531,250,160.19785180773397,office,41.8776718,-87.6427114,Edward Jones,,,,financial_advisor,,,,
Clinton St & Jackson Blvd,23715.0,41.87831662050808,-87.64098109175531,250,197.97498981479777,food_drink,41.8787128,-87.6386498,Peet's Coffee,cafe,,,,,,,
Clinton St & Jackson Blvd,23715.0,41.87831662050808,-87.64098109175531,250,248.3853965484664,office,41.8761619,-87.64019,US Secret Service: Chicago Field Office,,,,government,,,,
Clinton St & Jackson Blvd,23715.0,41.87831662050808,-87.64098109175531,250,109.16047456081128,health,41.8784695,-87.6422835,Ankle N Foot Centers,clinic,,,,,,,
Clinton St & Jackson Blvd,23715.0,41.87831662050808,-87.64098109175531,250,91.13354668072932,food_drink,41.8775772,-87.6405063,AfterBar,bar,,,,,,,
Clinton St & Jackson Blvd,23715.0,41.87831662050808,-87.64098109175531,250,114.66320076403558,food_drink,41.8775026,-87.6401309,Canal Street Eatery & Market,restaurant,,,,,,,
Clinton St & Jackson Blvd,23715.0,41.87831662050808,-87.64098109175531,250,119.31399600138171,office,41.8779065,-87.6423128,Safer Foundation,,,,association,,,,
Clinton St & Jackson Blvd,23715.0,41.87831662050808,-87.64098109175531,250,233.51675372866598,food_drink,41.8797234,-87.6388869,Just Salads,restaurant,,,,,,,
Clinton St & Madison St,29161.0,41.88275006331282,-87.64119022354309,250,36.81744746407196,transit,41.8829223,-87.6408104,Ogilvie Transportation Center,,,,,,stop_position,stop,
Clinton St & Madison St,29161.0,41.88275006331282,-87.64119022354309,250,29.43391874391637,transit,41.8829206,-87.6409183,Ogilvie Transportation Center,,,,,,stop_position,stop,
Clinton St & Madison St,29161.0,41.88275006331282,-87.64119022354309,250,27.235552600709468,transit,41.882921,-87.6409546,Ogilvie Transportation Center,,,,,,stop_position,stop,
Clinton St & Madison St,29161.0,41.88275006331282,-87.64119022354309,250,39.415015480606996,transit,41.8829235,-87.640775,Ogilvie Transportation Center,,,,,,stop_position,stop,
Clinton St & Madison St,29161.0,41.88275006331282,-87.64119022354309,250,20.77520900537484,transit,41.88291,-87.6410605,Ogilvie Transportation Center,,,,,,stop_position,stop,
Clinton St & Madison St,29161.0,41.88275006331282,-87.64119022354309,250,93.43055443310057,transit,41.882943,-87.6400918,Ogilvie Transportation Center,,,,,,stop_position,stop,
Clinton St & Madison St,29161.0,41.88275006331282,-87.64119022354309,250,96.33238910672651,transit,41.8829436,-87.640056,Ogilvie Transportation Center,,,,,,stop_position,stop,
Clinton St & Madison St,29161.0,41.88275006331282,-87.64119022354309,250,105.01506932824567,transit,41.8829388,-87.6399473,Ogilvie Transportation Center,,,,,,stop_position,stop,
Clinton St & Madison St,29161.0,41.88275006331282,-87.64119022354309,250,70.10473850785714,transit,41.8829334,-87.64038,Ogilvie Transportation Center,,,,,,stop_position,stop,
Clinton St & Madison St,29161.0,41.88275006331282,-87.64119022354309,250,61.67268800594017,transit,41.8829314,-87.6404862,Ogilvie Transportation Center,,,,,,stop_position,stop,
Clinton St & Madison St,29161.0,41.88275006331282,-87.64119022354309,250,84.5815572236472,transit,41.8829368,-87.6401998,Ogilvie Transportation Center,,,,,,stop_position,stop,
Clinton St & Madison St,29161.0,41.88275006331282,-87.64119022354309,250,81.76408954858039,transit,41.8829361,-87.6402347,Ogilvie Transportation Center,,,,,,stop_position,stop,
Clinton St & Madison St,29161.0,41.88275006331282,-87.64119022354309,250,73.02431884143826,transit,41.8829344,-87.6403436,Ogilvie Transportation Center,,,,,,stop_position,stop,
Clinton St & Madison St,29161.0,41.88275006331282,-87.64119022354309,250,47.82521452853996,transit,41.8829277,-87.6406641,Ogilvie Transportation Center,,,,,,stop_position,stop,
Clinton St & Madison St,29161.0,41.88275006331282,-87.64119022354309,250,50.323706741889666,transit,41.8829273,-87.6406309,Ogilvie Transportation Center,,,,,,stop_position,stop,
Clinton St & Madison St,29161.0,41.88275006331282,-87.64119022354309,250,59.035988131575095,transit,41.8829308,-87.6405197,Ogilvie Transportation Center,,,,,,stop_position,stop,
Clinton St & Madison St,29161.0,41.88275006331282,-87.64119022354309,250,222.57522310254262,retail,41.8834414,-87.6386671,The Boeing Store,,gift,,,,,,
Clinton St & Madison St,29161.0,41.88275006331282,-87.64119022354309,250,182.0751774734889,tourism,41.8819687,-87.643123,Batcolumn,,,artwork,,,,,
Clinton St & Madison St,29161.0,41.88275006331282,-87.64119022354309,250,183.00153937145458,transit,41.8819162,-87.643096,Madison & Jefferson,,,,,,platform,,bus_stop
Clinton St & Madison St,29161.0,41.88275006331282,-87.64119022354309,250,116.98250233289423,food_drink,41.8817104,-87.6414064,Potbelly,fast_food,,,,,,,
Clinton St & Madison St,29161.0,41.88275006331282,-87.64119022354309,250,101.51657146635951,food_drink,41.8825612,-87.6399905,Panda Express,fast_food,,,,,,,
Clinton St & Madison St,29161.0,41.88275006331282,-87.64119022354309,250,60.42170039589585,food_drink,41.8823865,-87.6406478,Chicago News Room,bar,,,,,,,
Clinton St & Madison St,29161.0,41.88275006331282,-87.64119022354309,250,183.60937888833476,food_drink,41.8821839,-87.6391068,Starbucks,cafe,,,,,,,
Clinton St & Madison St,29161.0,41.88275006331282,-87.64119022354309,250,173.62123011909338,food_drink,41.882126,-87.6392678,Jimmy John's,fast_food,,,,,,,
Clinton St & Madison St,29161.0,41.88275006331282,-87.64119022354309,250,70.62743286759715,food_drink,41.8821339,-87.6409831,Yolk,restaurant,,,,,,,
Clinton St & Madison St,29161.0,41.88275006331282,-87.64119022354309,250,98.94532291741154,retail,41.8822896,-87.6401675,Arts & Artisians,,jewelry,,,,,,
Clinton St & Madison St,29161.0,41.88275006331282,-87.64119022354309,250,80.7612526434165,retail,41.8824415,-87.6403071,Mrs. Fields,,pastry,,,,,,
Clinton St & Madison St,29161.0,41.88275006331282,-87.64119022354309,250,69.46532073541871,food_drink,41.8822777,-87.6406411,Jamba,fast_food,,,,,,,
Clinton St & Madison St,29161.0,41.88275006331282,-87.64119022354309,250,95.25251701567251,retail,41.8825203,-87.6400818,Hudson News,,newsagent,,,,,,
Clinton St & Madison St,29161.0,41.88275006331282,-87.64119022354309,250,84.01853913528397,transit,41.8820002,-87.641315,Clinton & Madison (Metra),,,,,,platform,,bus_stop
Clinton St & Madison St,29161.0,41.88275006331282,-87.64119022354309,250,146.3416151375897,transit,41.8821973,-87.639586,Canal & Madison (Metra),,,,,,platform,,bus_stop
Clinton St & Madison St,29161.0,41.88275006331282,-87.64119022354309,250,120.2881047611223,transit,41.8830196,-87.6425974,Jefferson & Washington,,,,,,platform,,bus_stop
Clinton St & Madison St,29161.0,41.88275006331282,-87.64119022354309,250,152.73109749941747,transit,41.8830812,-87.6429807,Washington & Jefferson,,,,,,platform,,bus_stop
Clinton St & Madison St,29161.0,41.88275006331282,-87.64119022354309,250,89.61121890961223,transit,41.8819567,-87.6410001,Madison & Clinton (Metra),,,,,,platform,,bus_stop
Clinton St & Madison St,29161.0,41.88275006331282,-87.64119022354309,250,214.65580813054942,office,41.8834385,-87.6387678,BMW Technology Corporation,,,,company,,,,
Clinton St & Madison St,29161.0,41.88275006331282,-87.64119022354309,250,104.68443074097812,transit,41.8830598,-87.6399961,Washington & Canal (Metra),,,,,,platform,,bus_stop
Clinton St & Madison St,29161.0,41.88275006331282,-87.64119022354309,250,210.24435367301527,transit,41.8842811,-87.6397,Canal & Randolph,,,,,,platform,,bus_stop
Clinton St & Madison St,29161.0,41.88275006331282,-87.64119022354309,250,172.24187760934927,food_drink,41.883943,-87.6425174,Sepia,restaurant,,,,,,,
Clinton St & Madison St,29161.0,41.88275006331282,-87.64119022354309,250,66.35042569102295,transit,41.883335,-87.6413486,Clinton & Washington,,,,,,platform,,bus_stop
Clinton St & Madison St,29161.0,41.88275006331282,-87.64119022354309,250,128.2433481754072,transit,41.8833851,-87.6398971,Canal & Randolph/Washington (Metra),,,,,,platform,,bus_stop
Clinton St & Madison St,29161.0,41.88275006331282,-87.64119022354309,250,244.93152050665108,food_drink,41.8842277,-87.6433844,avec,restaurant,,,,,,,
Clinton St & Madison St,29161.0,41.88275006331282,-87.64119022354309,250,146.413146311186,food_drink,41.8840379,-87.6408218,Aloha Pokē Co,fast_food,,,,,,,
Clinton St & Madison St,29161.0,41.88275006331282,-87.64119022354309,250,133.7421736601121,food_drink,41.8838824,-87.6406455,Vanille Patisserie,cafe,,,,,,,
Clinton St & Madison St,29161.0,41.88275006331282,-87.64119022354309,250,227.06185476733037,food_drink,41.884667,-87.6421354,CH Distillery,bar,,,,,,,
Clinton St & Madison St,29161.0,41.88275006331282,-87.64119022354309,250,186.1516010323938,food_drink,41.8810817,-87.6413762,Blaze Pizza,restaurant,,,,,,,
Clinton St & Madison St,29161.0,41.88275006331282,-87.64119022354309,250,200.3480567788539,food_drink,41.8842786,-87.6424715,Proxi,restaurant,,,,,,,
Clinton St & Madison St,29161.0,41.88275006331282,-87.64119022354309,250,45.019204635344074,food_drink,41.8824024,-87.6414689,Slightly Toasted,restaurant,,,,,,,
Clinton St & Madison St,29161.0,41.88275006331282,-87.64119022354309,250,179.09640068318797,tourism,41.8836291,-87.643003,Hampton Inn Chicago West Loop Fulton Market Area,,,hotel,,,,,
Clinton St & Madison St,29161.0,41.88275006331282,-87.64119022354309,250,35.93950350845455,office,41.8827106,-87.6416211,BMW Technology,,,,company,,,,
Clinton St & Madison St,29161.0,41.88275006331282,-87.64119022354309,250,177.0719055371002,food_drink,41.8811634,-87.6413723,Five Guys,fast_food,,,,,,,
Clinton St & Madison St,29161.0,41.88275006331282,-87.64119022354309,250,162.79207313103203,food_drink,41.8812924,-87.6413733,Naf Naf Grill,restaurant,,,,,,,
Clinton St & Madison St,29161.0,41.88275006331282,-87.64119022354309,250,39.81089982540349,food_drink,41.8830032,-87.6415303,Starbucks,cafe,,,,,,,
Clinton St & Madison St,29161.0,41.88275006331282,-87.64119022354309,250,131.31580140792914,transit,41.8815713,-87.6412867,Clinton & Madison (Metra),,,,,,platform,,bus_stop
Clinton St & Madison St,29161.0,41.88275006331282,-87.64119022354309,250,187.88392524154668,transit,41.8818372,-87.6431,Madison & Jefferson,,,,,,stop_position,,
Clinton St & Madison St,29161.0,41.88275006331282,-87.64119022354309,250,128.76876158675498,transit,41.8830185,-87.6427033,Jefferson & Washington,,,,,,stop_position,,
Clinton St & Madison St,29161.0,41.88275006331282,-87.64119022354309,250,157.27801755659067,transit,41.8831907,-87.6429955,Washington & Jefferson,,,,,,stop_position,,
Clinton St & Madison St,29161.0,41.88275006331282,-87.64119022354309,250,99.81835424050816,transit,41.8818708,-87.6409472,Madison & Clinton (Metra),,,,,,stop_position,,
Clinton St & Madison St,29161.0,41.88275006331282,-87.64119022354309,250,109.73208794538333,transit,41.8831784,-87.6399961,Washington & Canal (Metra),,,,,,stop_position,,
Clinton St & Madison St,29161.0,41.88275006331282,-87.64119022354309,250,233.50932273993254,food_drink,41.8846118,-87.6424952,Alla Vita,restaurant,,,,,,,
Clinton St & Madison St,29161.0,41.88275006331282,-87.64119022354309,250,78.60230493913122,food_drink,41.8823506,-87.6404069,Boxcar Betty’s,restaurant,,,,,,,
Clinton St & Madison St,29161.0,41.88275006331282,-87.64119022354309,250,83.19090730759856,food_drink,41.8823495,-87.6403415,Cinnabon,fast_food,,,,,,,
Clinton St & Madison St,29161.0,41.88275006331282,-87.64119022354309,250,172.73525394140592,food_drink,41.8836857,-87.6395246,Doughnut Vault - Canal St.,cafe,,,,,,,
Clinton St & Madison St,29161.0,41.88275006331282,-87.64119022354309,250,186.09120797762017,retail,41.8838815,-87.6395339,Steffens Cafe & Bakery,,bakery,,,,,,
Clinton St & Madison St,29161.0,41.88275006331282,-87.64119022354309,250,80.52061797272997,food_drink,41.8823099,-87.6404179,Madison Tavern,bar,,,,,,,
Clinton St & Madison St,29161.0,41.88275006331282,-87.64119022354309,250,80.42236409619797,transit,41.8820274,-87.6412295,Clinton & Madison (Metra),,,,,,stop_position,,
Clinton St & Madison St,29161.0,41.88275006331282,-87.64119022354309,250,127.73047838799627,transit,41.8837873,-87.6405272,Ogilvie Transportation Center,,,,,,station,station,
Clinton St & Madison St,29161.0,41.88275006331282,-87.64119022354309,250,129.7623881889917,transit,41.8815831,-87.6411985,Clinton & Madison (Metra),,,,,,stop_position,,
Clinton St & Madison St,29161.0,41.88275006331282,-87.64119022354309,250,136.45436028900613,transit,41.8822036,-87.6397144,Canal & Madison (Metra),,,,,,stop_position,,
Clinton St & Madison St,29161.0,41.88275006331282,-87.64119022354309,250,50.576137368195496,food_drink,41.8825046,-87.6406759,Dunkin',fast_food,,,,,,,
Clinton St & Madison St,29161.0,41.88275006331282,-87.64119022354309,250,188.44114829457834,tourism,41.8837678,-87.6430103,Homewood Suites West Loop Fulton Market Area,,,hotel,,,,,
Clinton St & Madison St,29161.0,41.88275006331282,-87.64119022354309,250,41.02329132833336,food_drink,41.8825008,-87.6408249,Taco Bell,fast_food,,,,,,,
Clinton St & Madison St,29161.0,41.88275006331282,-87.64119022354309,250,34.06069211567263,food_drink,41.8826018,-87.6408302,Popeyes,fast_food,,,,,,,
Clinton St & Madison St,29161.0,41.88275006331282,-87.64119022354309,250,53.968279542203014,food_drink,41.8826099,-87.6405661,Halsted Street Deli,fast_food,,,,,,,
Clinton St & Madison St,29161.0,41.88275006331282,-87.64119022354309,250,244.5386794008976,retail,41.8807193,-87.6423239,Porsche,,car,,,,,,
Clinton St & Madison St,29161.0,41.88275006331282,-87.64119022354309,250,98.22578110953636,food_drink,41.8826144,-87.6400178,Benj Yehuda,fast_food,,,,,,,
Clinton St & Madison St,29161.0,41.88275006331282,-87.64119022354309,250,73.63642180168728,food_drink,41.8824106,-87.6404265,Starbucks,cafe,,,,,,,
Clinton St & Madison St,29161.0,41.88275006331282,-87.64119022354309,250,124.97993801068027,office,41.8838126,-87.6416825,events.org,,,,company,,,,
Clinton St & Madison St,29161.0,41.88275006331282,-87.64119022354309,250,199.37662567460774,transit,41.8818902,-87.6390769,,,,,,,stop_position,,
Clinton St & Madison St,29161.0,41.88275006331282,-87.64119022354309,250,109.58880423348769,health,41.8833489,-87.6422416,Presidential Dental Associates,dentist,,,,,,,
Clinton St & Madison St,29161.0,41.88275006331282,-87.64119022354309,250,24.332474506739945,food_drink,41.882683,-87.64147,Asadito,restaurant,,,,,,,
Clinton St & Madison St,29161.0,41.88275006331282,-87.64119022354309,250,220.29914420296117,food_drink,41.8846012,-87.6421385,Jinsei Motto,restaurant,,,,,,,
Clinton St & Madison St,29161.0,41.88275006331282,-87.64119022354309,250,217.4086264241106,transit,41.8824278,-87.6386,Ogilvie / Union (West Loop),ferry_terminal,,,,,station,,
Clinton St & Madison St,29161.0,41.88275006331282,-87.64119022354309,250,198.73581774064732,food_drink,41.8830549,-87.6388248,Potbelly,fast_food,,,,,,,
Clinton St & Madison St,29161.0,41.88275006331282,-87.64119022354309,250,162.06707911231152,food_drink,41.882025,-87.639492,The Outpost Mexican Eatery,restaurant,,,,,,,
Clinton St & Madison St,29161.0,41.88275006331282,-87.64119022354309,250,130.68528381530618,retail,41.8838989,-87.6415232,Massage Evolved,,massage,,,,,,
Clinton St & Madison St,29161.0,41.88275006331282,-87.64119022354309,250,132.5166437355037,transit,41.8833904,-87.6398402,Canal & Randolph/Washington (Metra),,,,,,stop_position,,
Clinton St & Madison St,29161.0,41.88275006331282,-87.64119022354309,250,205.22064252609923,transit,41.8842711,-87.6397862,Canal & Randolph,,,,,,stop_position,,
Clinton St & Madison St,29161.0,41.88275006331282,-87.64119022354309,250,67.63279478173563,transit,41.8833551,-87.6412739,Clinton & Washington,,,,,,stop_position,,
Clinton St & Madison St,29161.0,41.88275006331282,-87.64119022354309,250,43.02760854533454,food_drink,41.8826017,-87.6407102,Great Steak,fast_food,,,,,,,
Clinton St & Madison St,29161.0,41.88275006331282,-87.64119022354309,250,152.27875964152187,food_drink,41.8829733,-87.6393754,Dunkin',fast_food,,,,,,,
Clinton St & Madison St,29161.0,41.88275006331282,-87.64119022354309,250,147.63843760330727,recreation,41.8814572,-87.6415963,Fitness Formula Clubs (FFC),,,,,fitness_centre,,,
Clinton St & Madison St,29161.0,41.88275006331282,-87.64119022354309,250,124.54937192481256,retail,41.8816888,-87.6416714,Great Clips,,hairdresser,,,,,,
Clinton St & Madison St,29161.0,41.88275006331282,-87.64119022354309,250,206.15425593995215,retail,41.8840474,-87.6429692,Primitive,,antiques,,,,,,
Clinton St & Madison St,29161.0,41.88275006331282,-87.64119022354309,250,198.90740312865879,food_drink,41.8809671,-87.6413844,DosBros Fresh Mexican Grill,fast_food,,,,,,,
Clinton St & Madison St,29161.0,41.88275006331282,-87.64119022354309,250,29.124280822731112,food_drink,41.882595,-87.6409067,Polombia,restaurant,,,,,,,
Clinton St & Madison St,29161.0,41.88275006331282,-87.64119022354309,250,99.21407111613709,recreation,41.8833201,-87.6421122,LRO Fitness,,,,,fitness_centre,,,
Clinton St & Madison St,29161.0,41.88275006331282,-87.64119022354309,250,144.88025278738982,retail,41.8839884,-87.640646,Suarez Market,,convenience,,,,,,
Clinton St & Madison St,29161.0,41.88275006331282,-87.64119022354309,250,144.65656095337158,food_drink,41.8840373,-87.6409374,Clinton St Smoked Meats,restaurant,,,,,,,
Clinton St & Madison St,29161.0,41.88275006331282,-87.64119022354309,250,146.26770804223904,food_drink,41.8840603,-87.6410336,Retro Pizza,fast_food,,,,,,,
Clinton St & Madison St,29161.0,41.88275006331282,-87.64119022354309,250,150.41618051940566,food_drink,41.8840897,-87.6409381,Lito's Empanadas,restaurant,,,,,,,
Clinton St & Madison St,29161.0,41.88275006331282,-87.64119022354309,250,154.5921422489153,food_drink,41.8840731,-87.6406165,Suarez Brothers Fry Shack & Bar,fast_food,,,,,,,
Clinton St & Madison St,29161.0,41.88275006331282,-87.64119022354309,250,156.53120677174454,food_drink,41.8840995,-87.6406518,Saigon Sisters,restaurant,,,,,,,
Clinton St & Madison St,29161.0,41.88275006331282,-87.64119022354309,250,158.91541551078882,food_drink,41.8841081,-87.6405922,K Kitchen,restaurant,,,,,,,
Clinton St & Madison St,29161.0,41.88275006331282,-87.64119022354309,250,166.51610501961636,food_drink,41.8841765,-87.6405779,Mochinut,fast_food,,,,,,,
Clinton St & Madison St,29161.0,41.88275006331282,-87.64119022354309,250,214.45714474036149,food_drink,41.8808266,-87.6413802,Mammoth Poke & Ramen,restaurant,,,,,,,
Clinton St & Madison St,29161.0,41.88275006331282,-87.64119022354309,250,161.08989430533296,food_drink,41.884142,-87.6406508,Buen Apetito,fast_food,,,,,,,
Clinton St & Madison St,29161.0,41.88275006331282,-87.64119022354309,250,165.44611743983998,retail,41.8841767,-87.6406227,Vertige,,bakery,,,,,,
Clinton St & Madison St,29161.0,41.88275006331282,-87.64119022354309,250,161.15969271571444,food_drink,41.8841746,-87.6408316,Panlasa,restaurant,,,,,,,
Clinton St & Madison St,29161.0,41.88275006331282,-87.64119022354309,250,159.64489611007215,food_drink,41.8841719,-87.6409227,Cubano Bros,fast_food,,,,,,,
Clinton St & Madison St,29161.0,41.88275006331282,-87.64119022354309,250,150.79585731982905,retail,41.8841013,-87.6410355,Bill's Olive Oil,,deli,,,,,,
Clinton St & Madison St,29161.0,41.88275006331282,-87.64119022354309,250,153.51198659166332,retail,41.884116,-87.640921,Barking Spot Bakery,,pet,,,,,,
Clinton St & Madison St,29161.0,41.88275006331282,-87.64119022354309,250,157.19514201907808,food_drink,41.8841188,-87.6407152,Firenze,fast_food,,,,,,,
Clinton St & Madison St,29161.0,41.88275006331282,-87.64119022354309,250,160.08808597213303,food_drink,41.8841459,-87.6407165,B.I. Tea & Dim Sum,cafe,,,,,,,
Clinton St & Madison St,29161.0,41.88275006331282,-87.64119022354309,250,158.85871340911248,food_drink,41.8841447,-87.640774,Blue Spot Sushi,restaurant,,,,,,,
Clinton St & Madison St,29161.0,41.88275006331282,-87.64119022354309,250,148.19559798034533,food_drink,41.8840695,-87.6409378,Thimi’s Empanadas,fast_food,,,,,,,
Clinton St & Madison St,29161.0,41.88275006331282,-87.64119022354309,250,149.65302828036877,retail,41.884073,-87.640858,Fresco Delicioso,,pastry,,,,,,
Clinton St & Madison St,29161.0,41.88275006331282,-87.64119022354309,250,154.18196635251408,food_drink,41.8840904,-87.6407132,Klay Oven Kitchen,fast_food,,,,,,,
Clinton St & Madison St,29161.0,41.88275006331282,-87.64119022354309,250,162.5187469582692,food_drink,41.8841424,-87.6405932,Paiges,fast_food,,,,,,,
Clinton St & Madison St,29161.0,41.88275006331282,-87.64119022354309,250,162.20995491990703,food_drink,41.8841758,-87.6407755,Bell Heirs BBQ,restaurant,,,,,,,
Clinton St & Madison St,29161.0,41.88275006331282,-87.64119022354309,250,163.32586740249278,food_drink,41.8841763,-87.6407186,Righteous Kitchen,restaurant,,,,,,,
Clinton St & Madison St,29161.0,41.88275006331282,-87.64119022354309,250,154.38345973318877,tourism,41.8841279,-87.6409606,Information,,,information,,,,,
Clinton St & Washington Blvd,30589.0,41.883378993326986,-87.64117008864396,250,58.86840575158716,transit,41.8829223,-87.6408104,Ogilvie Transportation Center,,,,,,stop_position,stop,
Clinton St & Washington Blvd,30589.0,41.883378993326986,-87.64117008864396,250,55.06853511168431,transit,41.8829206,-87.6409183,Ogilvie Transportation Center,,,,,,stop_position,stop,
Clinton St & Washington Blvd,30589.0,41.883378993326986,-87.64117008864396,250,53.96074361152837,transit,41.882921,-87.6409546,Ogilvie Transportation Center,,,,,,stop_position,stop,
Clinton St & Washington Blvd,30589.0,41.883378993326986,-87.64117008864396,250,60.291568346300856,transit,41.8829235,-87.640775,Ogilvie Transportation Center,,,,,,stop_position,stop,
Clinton St & Washington Blvd,30589.0,41.883378993326986,-87.64117008864396,250,52.933016961067466,transit,41.88291,-87.6410605,Ogilvie Transportation Center,,,,,,stop_position,stop,
Clinton St & Washington Blvd,30589.0,41.883378993326986,-87.64117008864396,250,101.58197675866295,transit,41.882943,-87.6400918,Ogilvie Transportation Center,,,,,,stop_position,stop,
Clinton St & Washington Blvd,30589.0,41.883378993326986,-87.64117008864396,250,104.16497197938158,transit,41.8829436,-87.640056,Ogilvie Transportation Center,,,,,,stop_position,stop,
Clinton St & Washington Blvd,30589.0,41.883378993326986,-87.64117008864396,250,112.4420395842469,transit,41.8829388,-87.6399473,Ogilvie Transportation Center,,,,,,stop_position,stop,
Clinton St & Washington Blvd,30589.0,41.883378993326986,-87.64117008864396,250,82.05599059421321,transit,41.8829334,-87.64038,Ogilvie Transportation Center,,,,,,stop_position,stop,
Clinton St & Washington Blvd,30589.0,41.883378993326986,-87.64117008864396,250,75.38207749469267,transit,41.8829314,-87.6404862,Ogilvie Transportation Center,,,,,,stop_position,stop,
Clinton St & Washington Blvd,30589.0,41.883378993326986,-87.64117008864396,250,94.1802387176978,transit,41.8829368,-87.6401998,Ogilvie Transportation Center,,,,,,stop_position,stop,
Clinton St & Washington Blvd,30589.0,41.883378993326986,-87.64117008864396,250,91.77018715196925,transit,41.8829361,-87.6402347,Ogilvie Transportation Center,,,,,,stop_position,stop,
Clinton St & Washington Blvd,30589.0,41.883378993326986,-87.64117008864396,250,84.41243837869244,transit,41.8829344,-87.6403436,Ogilvie Transportation Center,,,,,,stop_position,stop,
Clinton St & Washington Blvd,30589.0,41.883378993326986,-87.64117008864396,250,65.36700919017186,transit,41.8829277,-87.6406641,Ogilvie Transportation Center,,,,,,stop_position,stop,
Clinton St & Washington Blvd,30589.0,41.883378993326986,-87.64117008864396,250,67.19468758990298,transit,41.8829273,-87.6406309,Ogilvie Transportation Center,,,,,,stop_position,stop,
Clinton St & Washington Blvd,30589.0,41.883378993326986,-87.64117008864396,250,73.36733133173541,transit,41.8829308,-87.6405197,Ogilvie Transportation Center,,,,,,stop_position,stop,
Clinton St & Washington Blvd,30589.0,41.883378993326986,-87.64117008864396,250,207.32677986875933,retail,41.8834414,-87.6386671,The Boeing Store,,gift,,,,,,
Clinton St & Washington Blvd,30589.0,41.883378993326986,-87.64117008864396,250,225.23393217183485,tourism,41.8819687,-87.643123,Batcolumn,,,artwork,,,,,
Clinton St & Washington Blvd,30589.0,41.883378993326986,-87.64117008864396,250,227.7665150558931,transit,41.8819162,-87.643096,Madison & Jefferson,,,,,,platform,,bus_stop
Clinton St & Washington Blvd,30589.0,41.883378993326986,-87.64117008864396,250,186.56790378533375,food_drink,41.8817104,-87.6414064,Potbelly,fast_food,,,,,,,
Clinton St & Washington Blvd,30589.0,41.883378993326986,-87.64117008864396,250,133.43634273006242,food_drink,41.8825612,-87.6399905,Panda Express,fast_food,,,,,,,
Clinton St & Washington Blvd,30589.0,41.883378993326986,-87.64117008864396,250,118.52827354876116,food_drink,41.8823865,-87.6406478,Chicago News Room,bar,,,,,,,
Clinton St & Washington Blvd,30589.0,41.883378993326986,-87.64117008864396,250,216.41617071412622,food_drink,41.8821839,-87.6391068,Starbucks,cafe,,,,,,,
Clinton St & Washington Blvd,30589.0,41.883378993326986,-87.64117008864396,250,210.2685437312341,food_drink,41.882126,-87.6392678,Jimmy John's,fast_food,,,,,,,
Clinton St & Washington Blvd,30589.0,41.883378993326986,-87.64117008864396,250,139.31098673116793,food_drink,41.8821339,-87.6409831,Yolk,restaurant,,,,,,,
Clinton St & Washington Blvd,30589.0,41.883378993326986,-87.64117008864396,250,146.84272615306492,retail,41.8822896,-87.6401675,Arts & Artisians,,jewelry,,,,,,
Clinton St & Washington Blvd,30589.0,41.883378993326986,-87.64117008864396,250,126.37679189202804,retail,41.8824415,-87.6403071,Mrs. Fields,,pastry,,,,,,
Clinton St & Washington Blvd,30589.0,41.883378993326986,-87.64117008864396,250,130.05335569701765,food_drink,41.8822777,-87.6406411,Jamba,fast_food,,,,,,,
Clinton St & Washington Blvd,30589.0,41.883378993326986,-87.64117008864396,250,131.27832685459825,retail,41.8825203,-87.6400818,Hudson News,,newsagent,,,,,,
Clinton St & Washington Blvd,30589.0,41.883378993326986,-87.64117008864396,250,153.7836784319127,transit,41.8820002,-87.641315,Clinton & Madison (Metra),,,,,,platform,,bus_stop
Clinton St & Washington Blvd,30589.0,41.883378993326986,-87.64117008864396,250,185.64318510788632,transit,41.8821973,-87.639586,Canal & Madison (Metra),,,,,,platform,,bus_stop
Clinton St & Washington Blvd,30589.0,41.883378993326986,-87.64117008864396,250,124.73567386924299,transit,41.8830196,-87.6425974,Jefferson & Washington,,,,,,platform,,bus_stop
Clinton St & Washington Blvd,30589.0,41.883378993326986,-87.64117008864396,250,153.50638358134907,transit,41.8830812,-87.6429807,Washington & Jefferson,,,,,,platform,,bus_stop
Clinton St & Washington Blvd,30589.0,41.883378993326986,-87.64117008864396,250,158.7768972489111,transit,41.8819567,-87.6410001,Madison & Clinton (Metra),,,,,,platform,,bus_stop
Clinton St & Washington Blvd,30589.0,41.883378993326986,-87.64117008864396,250,198.9841891532592,office,41.8834385,-87.6387678,BMW Technology Corporation,,,,company,,,,
Clinton St & Washington Blvd,30589.0,41.883378993326986,-87.64117008864396,250,103.46732697967015,transit,41.8830598,-87.6399961,Washington & Canal (Metra),,,,,,platform,,bus_stop
Clinton St & Washington Blvd,30589.0,41.883378993326986,-87.64117008864396,250,157.71230136926744,transit,41.8842811,-87.6397,Canal & Randolph,,,,,,platform,,bus_stop
Clinton St & Washington Blvd,30589.0,41.883378993326986,-87.64117008864396,250,127.95963829895084,food_drink,41.883943,-87.6425174,Sepia,restaurant,,,,,,,
Clinton St & Washington Blvd,30589.0,41.883378993326986,-87.64117008864396,250,15.566730243848218,transit,41.883335,-87.6413486,Clinton & Washington,,,,,,platform,,bus_stop
Clinton St & Washington Blvd,30589.0,41.883378993326986,-87.64117008864396,250,105.38695571373451,transit,41.8833851,-87.6398971,Canal & Randolph/Washington (Metra),,,,,,platform,,bus_stop
Clinton St & Washington Blvd,30589.0,41.883378993326986,-87.64117008864396,250,206.1773339690816,food_drink,41.8842277,-87.6433844,avec,restaurant,,,,,,,
Clinton St & Washington Blvd,30589.0,41.883378993326986,-87.64117008864396,250,78.73641993519644,food_drink,41.8840379,-87.6408218,Aloha Pokē Co,fast_food,,,,,,,
Clinton St & Washington Blvd,30589.0,41.883378993326986,-87.64117008864396,250,70.84735943185076,food_drink,41.8838824,-87.6406455,Vanille Patisserie,cafe,,,,,,,
Clinton St & Washington Blvd,30589.0,41.883378993326986,-87.64117008864396,250,164.00617759750116,food_drink,41.884667,-87.6421354,CH Distillery,bar,,,,,,,
Clinton St & Washington Blvd,30589.0,41.883378993326986,-87.64117008864396,250,147.01574403536793,food_drink,41.8842786,-87.6424715,Proxi,restaurant,,,,,,,
Clinton St & Washington Blvd,30589.0,41.883378993326986,-87.64117008864396,250,111.3743312748273,food_drink,41.8824024,-87.6414689,Slightly Toasted,restaurant,,,,,,,
Clinton St & Washington Blvd,30589.0,41.883378993326986,-87.64117008864396,250,154.26538372176964,tourism,41.8836291,-87.643003,Hampton Inn Chicago West Loop Fulton Market Area,,,hotel,,,,,
Clinton St & Washington Blvd,30589.0,41.883378993326986,-87.64117008864396,250,83.17356644059852,office,41.8827106,-87.6416211,BMW Technology,,,,company,,,,
Clinton St & Washington Blvd,30589.0,41.883378993326986,-87.64117008864396,250,246.93118032786035,food_drink,41.8811634,-87.6413723,Five Guys,fast_food,,,,,,,
Clinton St & Washington Blvd,30589.0,41.883378993326986,-87.64117008864396,250,232.6280196006234,food_drink,41.8812924,-87.6413733,Naf Naf Grill,restaurant,,,,,,,
Clinton St & Washington Blvd,30589.0,41.883378993326986,-87.64117008864396,250,51.33566945091537,food_drink,41.8830032,-87.6415303,Starbucks,cafe,,,,,,,
Clinton St & Washington Blvd,30589.0,41.883378993326986,-87.64117008864396,250,201.23829603223876,transit,41.8815713,-87.6412867,Clinton & Madison (Metra),,,,,,platform,,bus_stop
Clinton St & Washington Blvd,30589.0,41.883378993326986,-87.64117008864396,250,234.34622169747675,transit,41.8818372,-87.6431,Madison & Jefferson,,,,,,stop_position,,
Clinton St & Washington Blvd,30589.0,41.883378993326986,-87.64117008864396,250,133.1069802514448,transit,41.8830185,-87.6427033,Jefferson & Washington,,,,,,stop_position,,
Clinton St & Washington Blvd,30589.0,41.883378993326986,-87.64117008864396,250,152.56102096364404,transit,41.8831907,-87.6429955,Washington & Jefferson,,,,,,stop_position,,
Clinton St & Washington Blvd,30589.0,41.883378993326986,-87.64117008864396,250,168.71575076444424,transit,41.8818708,-87.6409472,Madison & Clinton (Metra),,,,,,stop_position,,
Clinton St & Washington Blvd,30589.0,41.883378993326986,-87.64117008864396,250,99.71584194144087,transit,41.8831784,-87.6399961,Washington & Canal (Metra),,,,,,stop_position,,
Clinton St & Washington Blvd,30589.0,41.883378993326986,-87.64117008864396,250,175.57132989638396,food_drink,41.8846118,-87.6424952,Alla Vita,restaurant,,,,,,,
Clinton St & Washington Blvd,30589.0,41.883378993326986,-87.64117008864396,250,130.6457938120782,food_drink,41.8823506,-87.6404069,Boxcar Betty’s,restaurant,,,,,,,
Clinton St & Washington Blvd,30589.0,41.883378993326986,-87.64117008864396,250,133.45328431711457,food_drink,41.8823495,-87.6403415,Cinnabon,fast_food,,,,,,,
Clinton St & Washington Blvd,30589.0,41.883378993326986,-87.64117008864396,250,140.42623963966747,food_drink,41.8836857,-87.6395246,Doughnut Vault - Canal St.,cafe,,,,,,,
Clinton St & Washington Blvd,30589.0,41.883378993326986,-87.64117008864396,250,146.52428583945684,retail,41.8838815,-87.6395339,Steffens Cafe & Bakery,,bakery,,,,,,
Clinton St & Washington Blvd,30589.0,41.883378993326986,-87.64117008864396,250,216.84243587429575,food_drink,41.8851233,-87.6423413,Wishbone,restaurant,,,,,,,
Clinton St & Washington Blvd,30589.0,41.883378993326986,-87.64117008864396,250,134.19984879175297,food_drink,41.8823099,-87.6404179,Madison Tavern,bar,,,,,,,
Clinton St & Washington Blvd,30589.0,41.883378993326986,-87.64117008864396,250,150.37098786588578,transit,41.8820274,-87.6412295,Clinton & Madison (Metra),,,,,,stop_position,,
Clinton St & Washington Blvd,30589.0,41.883378993326986,-87.64117008864396,250,69.95605429609414,transit,41.8837873,-87.6405272,Ogilvie Transportation Center,,,,,,station,station,
Clinton St & Washington Blvd,30589.0,41.883378993326986,-87.64117008864396,250,199.7083539200183,transit,41.8815831,-87.6411985,Clinton & Madison (Metra),,,,,,stop_position,,
Clinton St & Washington Blvd,30589.0,41.883378993326986,-87.64117008864396,250,177.77738527539657,transit,41.8822036,-87.6397144,Canal & Madison (Metra),,,,,,stop_position,,
Clinton St & Washington Blvd,30589.0,41.883378993326986,-87.64117008864396,250,105.48511265497764,food_drink,41.8825046,-87.6406759,Dunkin',fast_food,,,,,,,
Clinton St & Washington Blvd,30589.0,41.883378993326986,-87.64117008864396,250,158.3578799660813,tourism,41.8837678,-87.6430103,Homewood Suites West Loop Fulton Market Area,,,hotel,,,,,
Clinton St & Washington Blvd,30589.0,41.883378993326986,-87.64117008864396,250,101.74627717777112,food_drink,41.8825008,-87.6408249,Taco Bell,fast_food,,,,,,,
Clinton St & Washington Blvd,30589.0,41.883378993326986,-87.64117008864396,250,90.88550010592796,food_drink,41.8826018,-87.6408302,Popeyes,fast_food,,,,,,,
Clinton St & Washington Blvd,30589.0,41.883378993326986,-87.64117008864396,250,99.06430355980358,food_drink,41.8826099,-87.6405661,Halsted Street Deli,fast_food,,,,,,,
Clinton St & Washington Blvd,30589.0,41.883378993326986,-87.64117008864396,250,236.24220844271792,transit,41.8854953,-87.6414216,,,,,,,,subway_entrance,
Clinton St & Washington Blvd,30589.0,41.883378993326986,-87.64117008864396,250,231.45584272930148,transit,41.8854603,-87.641211,,,,,,,,subway_entrance,
Clinton St & Washington Blvd,30589.0,41.883378993326986,-87.64117008864396,250,127.78140433023981,food_drink,41.8826144,-87.6400178,Benj Yehuda,fast_food,,,,,,,
Clinton St & Washington Blvd,30589.0,41.883378993326986,-87.64117008864396,250,124.03458537894556,food_drink,41.8824106,-87.6404265,Starbucks,cafe,,,,,,,
Clinton St & Washington Blvd,30589.0,41.883378993326986,-87.64117008864396,250,64.21943080391308,office,41.8838126,-87.6416825,events.org,,,,company,,,,
Clinton St & Washington Blvd,30589.0,41.883378993326986,-87.64117008864396,250,239.6541966950887,transit,41.8818902,-87.6390769,,,,,,,stop_position,,
Clinton St & Washington Blvd,30589.0,41.883378993326986,-87.64117008864396,250,88.76852452589952,health,41.8833489,-87.6422416,Presidential Dental Associates,dentist,,,,,,,
Clinton St & Washington Blvd,30589.0,41.883378993326986,-87.64117008864396,250,81.27620327086379,food_drink,41.882683,-87.64147,Asadito,restaurant,,,,,,,
Clinton St & Washington Blvd,30589.0,41.883378993326986,-87.64117008864396,250,157.78742317533116,food_drink,41.8846012,-87.6421385,Jinsei Motto,restaurant,,,,,,,
Clinton St & Washington Blvd,30589.0,41.883378993326986,-87.64117008864396,250,213.6268749247142,retail,41.8849357,-87.6396578,,,dry_cleaning,,,,,,
Clinton St & Washington Blvd,30589.0,41.883378993326986,-87.64117008864396,250,208.46098837137166,retail,41.8848767,-87.6396555,,,beauty,,,,,,
Clinton St & Washington Blvd,30589.0,41.883378993326986,-87.64117008864396,250,237.60629944014673,transit,41.8824278,-87.6386,Ogilvie / Union (West Loop),ferry_terminal,,,,,station,,
Clinton St & Washington Blvd,30589.0,41.883378993326986,-87.64117008864396,250,197.47214018637095,food_drink,41.8830549,-87.6388248,Potbelly,fast_food,,,,,,,
Clinton St & Washington Blvd,30589.0,41.883378993326986,-87.64117008864396,250,204.85851823736,food_drink,41.882025,-87.639492,The Outpost Mexican Eatery,restaurant,,,,,,,
Clinton St & Washington Blvd,30589.0,41.883378993326986,-87.64117008864396,250,64.78153716428291,retail,41.8838989,-87.6415232,Massage Evolved,,massage,,,,,,
Clinton St & Washington Blvd,30589.0,41.883378993326986,-87.64117008864396,250,110.10255401139561,transit,41.8833904,-87.6398402,Canal & Randolph/Washington (Metra),,,,,,stop_position,,
Clinton St & Washington Blvd,30589.0,41.883378993326986,-87.64117008864396,250,151.5431503281254,transit,41.8842711,-87.6397862,Canal & Randolph,,,,,,stop_position,,
Clinton St & Washington Blvd,30589.0,41.883378993326986,-87.64117008864396,250,8.995361459690676,transit,41.8833551,-87.6412739,Clinton & Washington,,,,,,stop_position,,
Clinton St & Washington Blvd,30589.0,41.883378993326986,-87.64117008864396,250,94.44494845215668,food_drink,41.8826017,-87.6407102,Great Steak,fast_food,,,,,,,
Clinton St & Washington Blvd,30589.0,41.883378993326986,-87.64117008864396,250,155.2718519459192,food_drink,41.8829733,-87.6393754,Dunkin',fast_food,,,,,,,
Clinton St & Washington Blvd,30589.0,41.883378993326986,-87.64117008864396,250,216.58742136639802,recreation,41.8814572,-87.6415963,Fitness Formula Clubs (FFC),,,,,fitness_centre,,,
Clinton St & Washington Blvd,30589.0,41.883378993326986,-87.64117008864396,250,192.46891971424046,retail,41.8816888,-87.6416714,Great Clips,,hairdresser,,,,,,
Clinton St & Washington Blvd,30589.0,41.883378993326986,-87.64117008864396,250,166.4538444988535,retail,41.8840474,-87.6429692,Primitive,,antiques,,,,,,
Clinton St & Washington Blvd,30589.0,41.883378993326986,-87.64117008864396,250,89.86179032957175,food_drink,41.882595,-87.6409067,Polombia,restaurant,,,,,,,
Clinton St & Washington Blvd,30589.0,41.883378993326986,-87.64117008864396,250,78.26747093878843,recreation,41.8833201,-87.6421122,LRO Fitness,,,,,fitness_centre,,,
Clinton St & Washington Blvd,30589.0,41.883378993326986,-87.64117008864396,250,80.4625869628693,retail,41.8839884,-87.640646,Suarez Market,,convenience,,,,,,
Clinton St & Washington Blvd,30589.0,41.883378993326986,-87.64117008864396,250,75.69263528720334,food_drink,41.8840373,-87.6409374,Clinton St Smoked Meats,restaurant,,,,,,,
Clinton St & Washington Blvd,30589.0,41.883378993326986,-87.64117008864396,250,76.59594533878658,food_drink,41.8840603,-87.6410336,Retro Pizza,fast_food,,,,,,,
Clinton St & Washington Blvd,30589.0,41.883378993326986,-87.64117008864396,250,81.32722752423118,food_drink,41.8840897,-87.6409381,Lito's Empanadas,restaurant,,,,,,,
Clinton St & Washington Blvd,30589.0,41.883378993326986,-87.64117008864396,250,89.76202189528547,food_drink,41.8840731,-87.6406165,Suarez Brothers Fry Shack & Bar,fast_food,,,,,,,
Clinton St & Washington Blvd,30589.0,41.883378993326986,-87.64117008864396,250,90.88269712566174,food_drink,41.8840995,-87.6406518,Saigon Sisters,restaurant,,,,,,,
Clinton St & Washington Blvd,30589.0,41.883378993326986,-87.64117008864396,250,94.13580422263396,food_drink,41.8841081,-87.6405922,K Kitchen,restaurant,,,,,,,
Clinton St & Washington Blvd,30589.0,41.883378993326986,-87.64117008864396,250,101.32772118107887,food_drink,41.8841765,-87.6405779,Mochinut,fast_food,,,,,,,
Clinton St & Washington Blvd,30589.0,41.883378993326986,-87.64117008864396,250,95.11223808734094,food_drink,41.884142,-87.6406508,Buen Apetito,fast_food,,,,,,,
Clinton St & Washington Blvd,30589.0,41.883378993326986,-87.64117008864396,250,99.6060673844918,retail,41.8841767,-87.6406227,Vertige,,bakery,,,,,,
Clinton St & Washington Blvd,30589.0,41.883378993326986,-87.64117008864396,250,92.79937292616931,food_drink,41.8841746,-87.6408316,Panlasa,restaurant,,,,,,,
Clinton St & Washington Blvd,30589.0,41.883378993326986,-87.64117008864396,250,90.51468267923153,food_drink,41.8841719,-87.6409227,Cubano Bros,fast_food,,,,,,,
Clinton St & Washington Blvd,30589.0,41.883378993326986,-87.64117008864396,250,81.08609109641498,retail,41.8841013,-87.6410355,Bill's Olive Oil,,deli,,,,,,
Clinton St & Washington Blvd,30589.0,41.883378993326986,-87.64117008864396,250,84.50601706133017,retail,41.884116,-87.640921,Barking Spot Bakery,,pet,,,,,,
Clinton St & Washington Blvd,30589.0,41.883378993326986,-87.64117008864396,250,90.47261890371662,food_drink,41.8841188,-87.6407152,Firenze,fast_food,,,,,,,
Clinton St & Washington Blvd,30589.0,41.883378993326986,-87.64117008864396,250,93.17757442594436,food_drink,41.8841459,-87.6407165,B.I. Tea & Dim Sum,cafe,,,,,,,
Clinton St & Washington Blvd,30589.0,41.883378993326986,-87.64117008864396,250,91.238651305104,food_drink,41.8841447,-87.640774,Blue Spot Sushi,restaurant,,,,,,,
Clinton St & Washington Blvd,30589.0,41.883378993326986,-87.64117008864396,250,204.91030892426124,tourism,41.8846038,-87.6393207,Museum of Broadcast Communications,,,museum,,,,,
Clinton St & Washington Blvd,30589.0,41.883378993326986,-87.64117008864396,250,79.15242170375878,food_drink,41.8840695,-87.6409378,Thimi’s Empanadas,fast_food,,,,,,,
Clinton St & Washington Blvd,30589.0,41.883378993326986,-87.64117008864396,250,81.38021120959927,retail,41.884073,-87.640858,Fresco Delicioso,,pastry,,,,,,
Clinton St & Washington Blvd,30589.0,41.883378993326986,-87.64117008864396,250,87.68239847410699,food_drink,41.8840904,-87.6407132,Klay Oven Kitchen,fast_food,,,,,,,
Clinton St & Washington Blvd,30589.0,41.883378993326986,-87.64117008864396,250,97.39920363261177,food_drink,41.8841424,-87.6405932,Paiges,fast_food,,,,,,,
Clinton St & Washington Blvd,30589.0,41.883378993326986,-87.64117008864396,250,94.43091591896705,food_drink,41.8841758,-87.6407755,Bell Heirs BBQ,restaurant,,,,,,,
Clinton St & Washington Blvd,30589.0,41.883378993326986,-87.64117008864396,250,96.21322302817644,food_drink,41.8841763,-87.6407186,Righteous Kitchen,restaurant,,,,,,,
Clinton St & Washington Blvd,30589.0,41.883378993326986,-87.64117008864396,250,85.06141096749924,tourism,41.8841279,-87.6409606,Information,,,information,,,,,
Clinton St & Washington Blvd,30589.0,41.883378993326986,-87.64117008864396,250,243.07661100854386,office,41.8854029,-87.6422798,Ventra Customer Support Center,,,,transport,,,,
Daley Center Plaza,21515.0,41.88424087537072,-87.62963348535213,250,221.3931405347546,transit,41.8857528,-87.6313736,Clark/Lake,,,,,,station,station,
Daley Center Plaza,21515.0,41.88424087537072,-87.62963348535213,250,110.86570282969203,transit,41.8832522,-87.6294604,Washington,,,,,,station,station,
Daley Center Plaza,21515.0,41.88424087537072,-87.62963348535213,250,230.64720992624157,transit,41.8859425,-87.6280402,State & Lake (CTA),,,,,,stop_position,,
Daley Center Plaza,21515.0,41.88424087537072,-87.62963348535213,250,190.01547378194138,retail,41.8828614,-87.6282788,Nordstrom Rack,,clothes,,,,,,
Daley Center Plaza,21515.0,41.88424087537072,-87.62963348535213,250,145.18736750611245,transit,41.8836968,-87.6280392,,,,,,,,subway_entrance,
Daley Center Plaza,21515.0,41.88424087537072,-87.62963348535213,250,155.7560779737069,transit,41.8840741,-87.6277654,,,,,,,,subway_entrance,
Daley Center Plaza,21515.0,41.88424087537072,-87.62963348535213,250,167.42489884175893,transit,41.8836862,-87.6277533,,,,,,,,subway_entrance,
Daley Center Plaza,21515.0,41.88424087537072,-87.62963348535213,250,131.36633550769199,transit,41.8841303,-87.6280536,,,,,,,,subway_entrance,
Daley Center Plaza,21515.0,41.88424087537072,-87.62963348535213,250,160.09762980172852,food_drink,41.885585,-87.6289403,Dunkin',fast_food,,,,,,,
Daley Center Plaza,21515.0,41.88424087537072,-87.62963348535213,250,205.63667204376236,retail,41.8858863,-87.6284996,FedEx Office,,copyshop,,,,,,
Daley Center Plaza,21515.0,41.88424087537072,-87.62963348535213,250,140.06282688941636,food_drink,41.8854801,-87.6293303,Jason's Deli,restaurant,,,,,,,
Daley Center Plaza,21515.0,41.88424087537072,-87.62963348535213,250,183.0541582366587,food_drink,41.8856295,-87.6284458,Potbelly,fast_food,,,,,,,
Daley Center Plaza,21515.0,41.88424087537072,-87.62963348535213,250,156.88131821016782,food_drink,41.8855883,-87.6290716,Subway,fast_food,,,,,,,
Daley Center Plaza,21515.0,41.88424087537072,-87.62963348535213,250,180.55128367547755,retail,41.8848484,-87.6276109,Walgreens,,chemist,,,,,,
Daley Center Plaza,21515.0,41.88424087537072,-87.62963348535213,250,154.1784646157913,transit,41.8843551,-87.6277774,State & Randolph,,,,,,platform,,bus_stop
Daley Center Plaza,21515.0,41.88424087537072,-87.62963348535213,250,147.21179954794428,transit,41.8845265,-87.6278971,Lake,,,,,,station,station,
Daley Center Plaza,21515.0,41.88424087537072,-87.62963348535213,250,184.47839311779094,transit,41.8857303,-87.6306151,Clark/Lake,,,,,,stop_position,stop,
Daley Center Plaza,21515.0,41.88424087537072,-87.62963348535213,250,169.2251042092602,transit,41.882736,-87.6293288,,,,,,,,subway_entrance,
Daley Center Plaza,21515.0,41.88424087537072,-87.62963348535213,250,202.5594542408938,transit,41.882434,-87.6293224,,,,,,,,subway_entrance,
Daley Center Plaza,21515.0,41.88424087537072,-87.62963348535213,250,201.49703868294523,transit,41.8824305,-87.6295272,,,,,,,,subway_entrance,
Daley Center Plaza,21515.0,41.88424087537072,-87.62963348535213,250,167.68452859932202,transit,41.8827347,-87.6295333,,,,,,,,subway_entrance,
Daley Center Plaza,21515.0,41.88424087537072,-87.62963348535213,250,110.44973851055879,transit,41.8832536,-87.6294868,Washington,,,,,,stop_position,stop,
Daley Center Plaza,21515.0,41.88424087537072,-87.62963348535213,250,60.59940970275397,transit,41.8836962,-87.6296089,,,,,,,,subway_entrance,
Daley Center Plaza,21515.0,41.88424087537072,-87.62963348535213,250,64.01153568629225,transit,41.8837013,-87.629364,,,,,,,,subway_entrance,
Daley Center Plaza,21515.0,41.88424087537072,-87.62963348535213,250,34.459775593570896,transit,41.8840038,-87.6293654,,,,,,,,subway_entrance,
Daley Center Plaza,21515.0,41.88424087537072,-87.62963348535213,250,248.17555620349555,transit,41.8859567,-87.6315507,,ticket_validator,,,,,,subway_entrance,
Daley Center Plaza,21515.0,41.88424087537072,-87.62963348535213,250,218.3582747121615,transit,41.8855249,-87.6316292,,ticket_validator,,,,,,subway_entrance,
Daley Center Plaza,21515.0,41.88424087537072,-87.62963348535213,250,230.1009663019874,transit,41.8855887,-87.6317426,,,,,,,,subway_entrance,
Daley Center Plaza,21515.0,41.88424087537072,-87.62963348535213,250,202.27582824046604,retail,41.8827331,-87.6282665,Uniqlo,,clothes,,,,,,
Daley Center Plaza,21515.0,41.88424087537072,-87.62963348535213,250,40.08908748064515,food_drink,41.8846009,-87.6296591,Petterino's,restaurant,,,,,,,
Daley Center Plaza,21515.0,41.88424087537072,-87.62963348535213,250,188.62216536898518,retail,41.8827482,-87.6307159,"Harlan J. Berk, Ltd.",,collector,,,,,,
Daley Center Plaza,21515.0,41.88424087537072,-87.62963348535213,250,181.35860833246488,food_drink,41.8830549,-87.6281296,Atwood,restaurant,,,,,,,
Daley Center Plaza,21515.0,41.88424087537072,-87.62963348535213,250,131.97397427987624,retail,41.8837332,-87.6281925,Anthropologie,,clothes,,,,,,
Daley Center Plaza,21515.0,41.88424087537072,-87.62963348535213,250,120.67422940163404,retail,41.8840028,-87.6282113,Sephora,,cosmetics,,,,,,
Daley Center Plaza,21515.0,41.88424087537072,-87.62963348535213,250,119.2392246927287,retail,41.8841675,-87.6281965,Magnolia Bakery,,bakery,,,,,,
Daley Center Plaza,21515.0,41.88424087537072,-87.62963348535213,250,221.8332163999473,food_drink,41.8856203,-87.6276976,Chick-fil-A,fast_food,,,,,,,
Daley Center Plaza,21515.0,41.88424087537072,-87.62963348535213,250,150.35039611181304,retail,41.8850427,-87.6281711,AT&T,,mobile_phone,,,,,,
Daley Center Plaza,21515.0,41.88424087537072,-87.62963348535213,250,224.05952920955806,food_drink,41.8859644,-87.6282313,Wow Bao,restaurant,,,,,,,
Daley Center Plaza,21515.0,41.88424087537072,-87.62963348535213,250,243.34425937656124,food_drink,41.8858946,-87.6277082,Caffè Café,cafe,,,,,,,
Daley Center Plaza,21515.0,41.88424087537072,-87.62963348535213,250,198.65140535179071,food_drink,41.8858837,-87.6286906,Protein Bar,restaurant,,,,,,,
Daley Center Plaza,21515.0,41.88424087537072,-87.62963348535213,250,117.49565542964453,transit,41.8841977,-87.6310516,Clark & Randolph,,,,,,platform,,bus_stop
Daley Center Plaza,21515.0,41.88424087537072,-87.62963348535213,250,166.26340365834383,transit,41.8852818,-87.6310753,Clark & Lake (CTA),,,,,,platform,,bus_stop
Daley Center Plaza,21515.0,41.88424087537072,-87.62963348535213,250,216.93007348132963,transit,41.8823048,-87.6293111,Dearborn & Madison,,,,,,platform,,bus_stop
Daley Center Plaza,21515.0,41.88424087537072,-87.62963348535213,250,58.419642044224034,transit,41.8847265,-87.6293642,Dearborn & Randolph,,,,,,platform,,bus_stop
Daley Center Plaza,21515.0,41.88424087537072,-87.62963348535213,250,231.64516706194738,transit,41.8863178,-87.6294159,Dearborn & Wacker/Lake,,,,,,platform,,bus_stop
Daley Center Plaza,21515.0,41.88424087537072,-87.62963348535213,250,220.3402196390858,transit,41.8842364,-87.6322951,LaSalle & Randolph,,,,,,platform,,bus_stop
Daley Center Plaza,21515.0,41.88424087537072,-87.62963348535213,250,164.82441382425682,transit,41.8833619,-87.6280303,State & Washington,,,,,,platform,,bus_stop
Daley Center Plaza,21515.0,41.88424087537072,-87.62963348535213,250,212.62915211298915,transit,41.8855872,-87.6278095,State & Lake (CTA),,,,,,platform,,bus_stop
Daley Center Plaza,21515.0,41.88424087537072,-87.62963348535213,250,233.00147873695997,tourism,41.8841566,-87.6268212,Chicago Visitors Information Center,,,information,,,,,
Daley Center Plaza,21515.0,41.88424087537072,-87.62963348535213,250,117.70919889842217,retail,41.8843465,-87.6282187,Zara,,clothes,,,,,,
Daley Center Plaza,21515.0,41.88424087537072,-87.62963348535213,250,31.397379293670472,food_drink,41.8842027,-87.6292577,The Dearborn,restaurant,,,,,,,
Daley Center Plaza,21515.0,41.88424087537072,-87.62963348535213,250,224.91338746348836,transit,41.8859167,-87.6281121,State & Lake (CTA),,,,,,platform,,bus_stop
Daley Center Plaza,21515.0,41.88424087537072,-87.62963348535213,250,246.7981084199626,retail,41.8846227,-87.6266967,Ross,,department_store,,,,,,
Daley Center Plaza,21515.0,41.88424087537072,-87.62963348535213,250,95.24541127287718,office,41.884798,-87.6305074,"Leon J. Teichner & Associates, P.C.",,,,lawyer,,,,
Daley Center Plaza,21515.0,41.88424087537072,-87.62963348535213,250,132.97687288941825,transit,41.8832409,-87.6287525,Washington & State,,,,,,stop_position,,
Daley Center Plaza,21515.0,41.88424087537072,-87.62963348535213,250,183.38515064804267,retail,41.8858885,-87.6297309,7-Eleven,,convenience,,,,,,
Daley Center Plaza,21515.0,41.88424087537072,-87.62963348535213,250,144.77665661473344,transit,41.8839554,-87.6279272,Lake,,,,,,stop_position,stop,
Daley Center Plaza,21515.0,41.88424087537072,-87.62963348535213,250,172.1753754457165,transit,41.8850601,-87.6278686,Lake,,,,,,stop_position,stop,
Daley Center Plaza,21515.0,41.88424087537072,-87.62963348535213,250,111.37354536669478,transit,41.8832533,-87.6294091,Washington,,,,,,stop_position,stop,
Daley Center Plaza,21515.0,41.88424087537072,-87.62963348535213,250,186.6308375390909,transit,41.885468,-87.6280954,,,,,,,,subway_entrance,
Daley Center Plaza,21515.0,41.88424087537072,-87.62963348535213,250,204.12314016733396,transit,41.8854736,-87.6278064,,,,,,,,subway_entrance,
Daley Center Plaza,21515.0,41.88424087537072,-87.62963348535213,250,172.09547557097412,transit,41.8849626,-87.6277945,,,,,,,,subway_entrance,
Daley Center Plaza,21515.0,41.88424087537072,-87.62963348535213,250,151.68803636428044,transit,41.8849663,-87.6280817,,,,,,,,subway_entrance,
Daley Center Plaza,21515.0,41.88424087537072,-87.62963348535213,250,245.48868130321813,office,41.8823111,-87.6310739,Anderson & Boback,,,,lawyer,,,,
Daley Center Plaza,21515.0,41.88424087537072,-87.62963348535213,250,170.53952640749964,office,41.8829378,-87.6307199,Michael J. Brennan,,,,lawyer,,,,
Daley Center Plaza,21515.0,41.88424087537072,-87.62963348535213,250,228.7225872427928,office,41.8823378,-87.628585,ChitownCabbie Taxi Service,,,,company,,,,
Daley Center Plaza,21515.0,41.88424087537072,-87.62963348535213,250,200.737926705582,office,41.882488,-87.6290535,Cheap Car Insurance Chicago IL,,,,insurance,,,,
Daley Center Plaza,21515.0,41.88424087537072,-87.62963348535213,250,174.7221180533847,transit,41.883376,-87.6278714,State & Washington,,,,,,stop_position,,
Daley Center Plaza,21515.0,41.88424087537072,-87.62963348535213,250,206.56937959031237,transit,41.8855996,-87.6279318,State & Lake (CTA),,,,,,stop_position,,
Daley Center Plaza,21515.0,41.88424087537072,-87.62963348535213,250,144.28662434515414,transit,41.8843646,-87.6278985,State & Randolph,,,,,,stop_position,,
Daley Center Plaza,21515.0,41.88424087537072,-87.62963348535213,250,233.63451457914948,transit,41.8832513,-87.6271439,Washington & State,,,,,,stop_position,,
Daley Center Plaza,21515.0,41.88424087537072,-87.62963348535213,250,120.93726071198653,transit,41.8832435,-87.6302161,Washington & Clark/Dearborn,,,,,,stop_position,,
Daley Center Plaza,21515.0,41.88424087537072,-87.62963348535213,250,159.03558466524606,office,41.8828571,-87.6291478,Consulate of North Macedonia,,,,diplomatic,,,,
Daley Center Plaza,21515.0,41.88424087537072,-87.62963348535213,250,51.9125996781535,food_drink,41.8846088,-87.6300195,Corner Bakery,cafe,,,,,,,
Daley Center Plaza,21515.0,41.88424087537072,-87.62963348535213,250,46.791434401661476,food_drink,41.8846095,-87.6299061,Do-Rite Donuts & Coffee,cafe,,,,,,,
Daley Center Plaza,21515.0,41.88424087537072,-87.62963348535213,250,105.7619945336388,retail,41.8839588,-87.6284134,Gayle V’s Best Ever Grilled Cheese,,bakery,,,,,,
Daley Center Plaza,21515.0,41.88424087537072,-87.62963348535213,250,188.56366710991267,food_drink,41.8839004,-87.6274021,Infield’s,bar,,,,,,,
Daley Center Plaza,21515.0,41.88424087537072,-87.62963348535213,250,147.86406059526877,food_drink,41.8829726,-87.6290966,Roti Modern Mediterranean,fast_food,,,,,,,
Daley Center Plaza,21515.0,41.88424087537072,-87.62963348535213,250,230.4998098457907,food_drink,41.8822332,-87.6303266,Stock and Ledger Kitchen & Spirits,bar,,,,,,,
Daley Center Plaza,21515.0,41.88424087537072,-87.62963348535213,250,110.36158541882185,food_drink,41.8839109,-87.6283762,MacGuffins Bar & Lounge,bar,,,,,,,
Daley Center Plaza,21515.0,41.88424087537072,-87.62963348535213,250,145.42637797077137,food_drink,41.8829799,-87.6291674,Lavazza,cafe,,,,,,,
Daley Center Plaza,21515.0,41.88424087537072,-87.62963348535213,250,248.33587128346295,transit,41.8820404,-87.6291208,Madison & Dearborn/State,,,,,,platform,,bus_stop
Daley Center Plaza,21515.0,41.88424087537072,-87.62963348535213,250,125.30977252998024,transit,41.8831919,-87.6301867,Washington & Clark/Dearborn,,,,,,platform,,bus_stop
Daley Center Plaza,21515.0,41.88424087537072,-87.62963348535213,250,238.7702020911478,transit,41.8831954,-87.6271142,Washington & State,,,,,,platform,,bus_stop
Daley Center Plaza,21515.0,41.88424087537072,-87.62963348535213,250,180.7114982048058,food_drink,41.8839064,-87.6274973,Frontera Fresco,restaurant,,,,,,,
Daley Center Plaza,21515.0,41.88424087537072,-87.62963348535213,250,116.2380471234103,food_drink,41.8837966,-87.6283625,Farmer's Fridge,fast_food,,,,,,,
Daley Center Plaza,21515.0,41.88424087537072,-87.62963348535213,250,142.56166946788414,transit,41.8831459,-87.6287377,Washington & State,,,,,,platform,,bus_stop
Daley Center Plaza,21515.0,41.88424087537072,-87.62963348535213,250,215.87363912635234,transit,41.8823067,-87.6294088,Dearborn & Madison,,,,,,stop_position,,
Daley Center Plaza,21515.0,41.88424087537072,-87.62963348535213,250,50.01720546312073,transit,41.884675,-87.6294753,Dearborn & Randolph,,,,,,stop_position,,
Daley Center Plaza,21515.0,41.88424087537072,-87.62963348535213,250,231.01868571508533,transit,41.8863166,-87.629515,Dearborn & Wacker/Lake,,,,,,stop_position,,
Daley Center Plaza,21515.0,41.88424087537072,-87.62963348535213,250,159.6050282590098,transit,41.885272,-87.6309747,Clark & Lake (CTA),,,,,,stop_position,,
Daley Center Plaza,21515.0,41.88424087537072,-87.62963348535213,250,108.5668749256257,transit,41.8842022,-87.6309439,Clark & Randolph,,,,,,stop_position,,
Daley Center Plaza,21515.0,41.88424087537072,-87.62963348535213,250,243.32943768936502,office,41.8821707,-87.6286808,Chicago Public Schools Headquarters,,,,educational_institution,,,,
Daley Center Plaza,21515.0,41.88424087537072,-87.62963348535213,250,204.28050451857575,transit,41.8830545,-87.6277494,State & Washington,,,,,,platform,,bus_stop
Daley Center Plaza,21515.0,41.88424087537072,-87.62963348535213,250,196.38475029077858,transit,41.883069,-87.6278587,State & Washington,,,,,,stop_position,,
Daley Center Plaza,21515.0,41.88424087537072,-87.62963348535213,250,74.58319186888151,recreation,41.8840436,-87.6287724,First Ascent Block 37,,,,,sports_centre,,,
Daley Center Plaza,21515.0,41.88424087537072,-87.62963348535213,250,146.88677356495873,office,41.8829237,-87.6297681,Cook County State's Attorney,,,,government,,,,
Daley Center Plaza,21515.0,41.88424087537072,-87.62963348535213,250,135.15032262405833,transit,41.8839496,-87.6280485,,,,,,,,subway_entrance,
Daley Center Plaza,21515.0,41.88424087537072,-87.62963348535213,250,125.5597473276321,retail,41.8839544,-87.6281664,State Street Souvenirs,,gift,,,,,,
Daley Center Plaza,21515.0,41.88424087537072,-87.62963348535213,250,104.1277567686908,retail,41.8846355,-87.6284928,Blick Art Materials,,craft,,,,,,
Daley Center Plaza,21515.0,41.88424087537072,-87.62963348535213,250,105.2969080430543,office,41.8848082,-87.6306519,"Fretzin, Inc.",,,,consulting,,,,
Daley Center Plaza,21515.0,41.88424087537072,-87.62963348535213,250,139.9834030311293,food_drink,41.8851837,-87.630754,Starbucks,cafe,,,,,,,
Daley Center Plaza,21515.0,41.88424087537072,-87.62963348535213,250,108.76527300526362,retail,41.8852149,-87.629754,Box Office,,ticket,,,,,,
Daley Center Plaza,21515.0,41.88424087537072,-87.62963348535213,250,124.6400332077428,office,41.8834408,-87.628579,"Sterling Hughes, LLC",,,,lawyer,,,,
Daley Center Plaza,21515.0,41.88424087537072,-87.62963348535213,250,235.87956885137274,food_drink,41.8822092,-87.630453,Copper Club,restaurant,,,,,,,
Daley Center Plaza,21515.0,41.88424087537072,-87.62963348535213,250,156.16275293545792,food_drink,41.8829875,-87.6287825,Stan's Donuts & Coffee,cafe,,,,,,,
Daley Center Plaza,21515.0,41.88424087537072,-87.62963348535213,250,185.16905864063608,retail,41.8849402,-87.6276035,Walgreens,pharmacy,chemist,,,,,,
Daley Center Plaza,21515.0,41.88424087537072,-87.62963348535213,250,128.50390394881873,retail,41.8838973,-87.6281514,Banana Republic,,clothes,,,,,,
Daley Center Plaza,21515.0,41.88424087537072,-87.62963348535213,250,196.9803179099264,food_drink,41.8859231,-87.6288877,Starbucks,cafe,,,,,,,
Daley Center Plaza,21515.0,41.88424087537072,-87.62963348535213,250,205.01257397327845,health,41.8829696,-87.6314271,The Dental Loft,dentist,,,,,,,
Daley Center Plaza,21515.0,41.88424087537072,-87.62963348535213,250,71.29011636232603,retail,41.8846167,-87.6289358,Garrett's Popcorn,,confectionery,,,,,,
Daley Center Plaza,21515.0,41.88424087537072,-87.62963348535213,250,82.05814548200733,food_drink,41.8838937,-87.6287588,Starbucks,cafe,,,,,,,
Daley Center Plaza,21515.0,41.88424087537072,-87.62963348535213,250,202.61274920811948,office,41.8829078,-87.631302,Burnham Nationwide,,,,consulting,,,,
Daley Center Plaza,21515.0,41.88424087537072,-87.62963348535213,250,96.00285664779486,office,41.8848836,-87.6304078,HDI Global Insurance Company,,,,insurance,,,,
Daley Center Plaza,21515.0,41.88424087537072,-87.62963348535213,250,118.99227550635021,office,41.8850299,-87.6306045,"Salvi, Schostok & Pritchard P.C.",,,,lawyer,,,,
Daley Center Plaza,21515.0,41.88424087537072,-87.62963348535213,250,154.68611549461167,food_drink,41.8838445,-87.6278424,Dunkin',fast_food,,,,,,,
Daley Center Plaza,21515.0,41.88424087537072,-87.62963348535213,250,207.24846878308153,health,41.88289,-87.6313583,Passport Health Downtown Chicago Travel Clinic,clinic,,,,,,,
Daley Center Plaza,21515.0,41.88424087537072,-87.62963348535213,250,25.83079444876756,office,41.884128,-87.6299062,Cook County States Attorney,,,,government,,,,
Daley Center Plaza,21515.0,41.88424087537072,-87.62963348535213,250,248.53531751701505,office,41.8826421,-87.6275355,Illinois Secretary of State Index Department,,,,government,,,,
Daley Center Plaza,21515.0,41.88424087537072,-87.62963348535213,250,65.96142441455306,tourism,41.8846408,-87.629045,Cambria Hotel Chicago Loop - Theatre District,,,hotel,,,,,
Daley Center Plaza,21515.0,41.88424087537072,-87.62963348535213,250,228.61817941262524,transit,41.8842389,-87.6323951,LaSalle & Randolph,,,,,,stop_position,,
Daley Center Plaza,21515.0,41.88424087537072,-87.62963348535213,250,219.02420691088471,office,41.8823036,-87.6291552,Chicago Board of Education,,,,educational_institution,,,,
Daley Center Plaza,21515.0,41.88424087537072,-87.62963348535213,250,235.64613363421626,retail,41.8821219,-87.6295908,,,vacant,,,,,,
Daley Center Plaza,21515.0,41.88424087537072,-87.62963348535213,250,225.71788830898004,office,41.8822485,-87.6301555,"Law Offices of David L. Freidberg, P.C.",,,,lawyer,,,,
Daley Center Plaza,21515.0,41.88424087537072,-87.62963348535213,250,97.36890605256534,tourism,41.8833774,-87.629829,Chicago Picasso Braille Model,,,artwork,,,,,
Daley Center Plaza,21515.0,41.88424087537072,-87.62963348535213,250,191.35455062088,other_amenity,41.8846911,-87.6274025,Joffrey Ballet,dancing_school,,,,,,,
Daley Center Plaza,21515.0,41.88424087537072,-87.62963348535213,250,96.97228265409002,food_drink,41.8834399,-87.6300968,Chiya Chai,fast_food,,,,,,,
Daley Center Plaza,21515.0,41.88424087537072,-87.62963348535213,250,207.63174613931668,education,41.882406,-87.6291683,Adler University,university,,,,,,,
Daley Center Plaza,21515.0,41.88424087537072,-87.62963348535213,250,86.30719713126064,retail,41.8838784,-87.6287116,Iridium 77,,clothes,,,,,,
DuSable Lake Shore Dr & Monroe St,37916.0,41.880958,-87.616743,250,198.31950707458918,tourism,41.8806061,-87.6190914,Reading Cones,,,artwork,,,,,
DuSable Lake Shore Dr & Monroe St,37916.0,41.880958,-87.616743,250,54.23042934051097,transit,41.8805624,-87.6163599,Monroe Harbor Tender Service,ferry_terminal,,,,,station,,
DuSable Lake Shore Dr & Monroe St,37916.0,41.880958,-87.616743,250,60.51508294241673,transit,41.8805639,-87.6162389,Monroe Harbor Tender Service,ferry_terminal,,,,,station,,
DuSable Lake Shore Dr & Monroe St,37916.0,41.880958,-87.616743,250,66.97378913274905,transit,41.8805654,-87.6161295,Monroe Harbor Tender Service,ferry_terminal,,,,,station,,
DuSable Lake Shore Dr & North Blvd,34670.0,41.911722,-87.626804,250,106.08733911623091,transit,41.9108336,-87.6263366,Lake Shore Drive & North Ave,,,,,,platform,,bus_stop
DuSable Lake Shore Dr & North Blvd,34670.0,41.911722,-87.626804,250,227.1252718206747,transit,41.909747,-87.6261038,Lake Shore Drive & Burton,,,,,,platform,,bus_stop
DuSable Lake Shore Dr & North Blvd,34670.0,41.911722,-87.626804,250,111.92357306907674,transit,41.9108353,-87.6261639,Lake Shore Drive & North Ave,,,,,,platform,,bus_stop
DuSable Lake Shore Dr & North Blvd,34670.0,41.911722,-87.626804,250,172.0113600859264,tourism,41.910193,-87.6264884,Hope and Help,,,artwork,,,,,
DuSable Lake Shore Dr & North Blvd,34670.0,41.911722,-87.626804,250,218.3163084681387,tourism,41.9103298,-87.6286643,Wooden Alley,,,information,,,,,
Dusable Harbor,20493.0,41.88697599432289,-87.61281299950515,250,223.9567186344373,tourism,41.8849628,-87.6128936,,,,picnic_site,,,,,
Dusable Harbor,20493.0,41.88697599432289,-87.61281299950515,250,34.84063753972246,tourism,41.8872808,-87.6127155,,,,artwork,,,,,
Dusable Harbor,20493.0,41.88697599432289,-87.61281299950515,250,85.2976252856578,retail,41.8862148,-87.6129406,Cafe Michelle,,coffee,,,,,,
Dusable Harbor,20493.0,41.88697599432289,-87.61281299950515,250,20.674540020003032,tourism,41.8869475,-87.6130598,,,,picnic_site,,,,,
Dusable Harbor,20493.0,41.88697599432289,-87.61281299950515,250,51.059928822364654,tourism,41.8874305,-87.6129009,,,,picnic_site,,,,,
Dusable Harbor,20493.0,41.88697599432289,-87.61281299950515,250,108.88543773434914,transit,41.8879407,-87.6130387,Anita Dee II,ferry_terminal,,,,,station,,
Dusable Harbor,20493.0,41.88697599432289,-87.61281299950515,250,94.73962811333666,transit,41.8878268,-87.6127521,Anita Dee I,ferry_terminal,,,,,station,,
Dusable Harbor,20493.0,41.88697599432289,-87.61281299950515,250,234.24769091630213,retail,41.884897,-87.6132699,3rd Coast Cycles,,bicycle,,,,,,
Dusable Harbor,20493.0,41.88697599432289,-87.61281299950515,250,78.7621892735802,tourism,41.8876498,-87.6131064,,,,artwork,,,,,
Dusable Harbor,20493.0,41.88697599432289,-87.61281299950515,250,42.30596901887747,tourism,41.887293,-87.6130956,,,,artwork,,,,,
Dusable Harbor,20493.0,41.88697599432289,-87.61281299950515,250,58.704316299762446,tourism,41.8873994,-87.6132366,,,,artwork,,,,,
Franklin St & Monroe St,19477.0,41.88031616332084,-87.63518440237203,250,211.14115993567063,transit,41.8787419,-87.6337584,Quincy,,,,,,station,station,
Franklin St & Monroe St,19477.0,41.88031616332084,-87.63518440237203,250,224.07988391727628,retail,41.8785332,-87.633923,FedEx Office,,copyshop,,,,,,
Franklin St & Monroe St,19477.0,41.88031616332084,-87.63518440237203,250,159.00846071155178,food_drink,41.8795079,-87.6336,McDonald's,fast_food,,,,,,,
Franklin St & Monroe St,19477.0,41.88031616332084,-87.63518440237203,250,120.68731409764649,retail,41.8794787,-87.6361117,7-Eleven,,convenience,,,,,,
Franklin St & Monroe St,19477.0,41.88031616332084,-87.63518440237203,250,147.72756651452892,food_drink,41.8792669,-87.6340899,Subway,fast_food,,,,,,,
Franklin St & Monroe St,19477.0,41.88031616332084,-87.63518440237203,250,238.5191946750605,food_drink,41.878215,-87.6346046,Jimmy John's,fast_food,,,,,,,
Franklin St & Monroe St,19477.0,41.88031616332084,-87.63518440237203,250,197.60294257889848,transit,41.8817974,-87.6338657,Washington/Wells,,,,,,stop_position,stop,
Franklin St & Monroe St,19477.0,41.88031616332084,-87.63518440237203,250,163.60930505862893,transit,41.8792996,-87.6337557,Quincy,,,,,,stop_position,stop,
Franklin St & Monroe St,19477.0,41.88031616332084,-87.63518440237203,250,223.56153976137466,food_drink,41.879485,-87.6376432,Potbelly,fast_food,,,,,,,
Franklin St & Monroe St,19477.0,41.88031616332084,-87.63518440237203,250,178.26232418512834,food_drink,41.8790458,-87.6364978,Starbucks,cafe,,,,,,,
Franklin St & Monroe St,19477.0,41.88031616332084,-87.63518440237203,250,209.66275533545124,tourism,41.8785046,-87.6358868,SkyDeck Chicago Willis Tower,,,attraction,,,,,
Franklin St & Monroe St,19477.0,41.88031616332084,-87.63518440237203,250,96.12478726436122,food_drink,41.8811784,-87.635101,Chipotle,fast_food,,,,,,,
Franklin St & Monroe St,19477.0,41.88031616332084,-87.63518440237203,250,122.47770267833408,food_drink,41.8814165,-87.6351174,Noodles & Company,restaurant,,,,,,,
Franklin St & Monroe St,19477.0,41.88031616332084,-87.63518440237203,250,232.16673971586613,food_drink,41.8822523,-87.6341347,Starbucks,cafe,,,,,,,
Franklin St & Monroe St,19477.0,41.88031616332084,-87.63518440237203,250,218.999860944523,food_drink,41.880497,-87.6378185,South Branch,bar,,,,,,,
Franklin St & Monroe St,19477.0,41.88031616332084,-87.63518440237203,250,196.42287837828314,food_drink,41.8804904,-87.6375454,Monroe Reserve,restaurant,,,,,,,
Franklin St & Monroe St,19477.0,41.88031616332084,-87.63518440237203,250,202.18564013320147,office,41.8820621,-87.6345023,Appraisal Institute,,,,Professional_Association,,,,
Franklin St & Monroe St,19477.0,41.88031616332084,-87.63518440237203,250,202.58178801862192,office,41.8809053,-87.6374999,Project Management Academy Chicago,,,,yes,,,,
Franklin St & Monroe St,19477.0,41.88031616332084,-87.63518440237203,250,131.24885141849086,food_drink,41.8791383,-87.6350816,Protein Bar,restaurant,,,,,,,
Franklin St & Monroe St,19477.0,41.88031616332084,-87.63518440237203,250,180.4494636580568,transit,41.8794769,-87.6370499,Wacker & Adams,,,,,,platform,,bus_stop
Franklin St & Monroe St,19477.0,41.88031616332084,-87.63518440237203,250,98.67007846803538,retail,41.8805144,-87.6340227,AT&T,,mobile_phone,,,,,,
Franklin St & Monroe St,19477.0,41.88031616332084,-87.63518440237203,250,35.35442986620013,retail,41.8803953,-87.6347708,T-Mobile,,mobile_phone,,,,,,
Franklin St & Monroe St,19477.0,41.88031616332084,-87.63518440237203,250,246.30025866446977,transit,41.879521,-87.6324077,LaSalle & Adams,,,,,,platform,,bus_stop
Franklin St & Monroe St,19477.0,41.88031616332084,-87.63518440237203,250,127.35992179544992,transit,41.879449,-87.6341794,Adams & Wells (CTA),,,,,,platform,,bus_stop
Franklin St & Monroe St,19477.0,41.88031616332084,-87.63518440237203,250,218.83941841396427,office,41.8797583,-87.6326495,Bain & Company,,,,company,,,,
Franklin St & Monroe St,19477.0,41.88031616332084,-87.63518440237203,250,246.99742759236858,food_drink,41.8822166,-87.6336398,Cafecito,cafe,,,,,,,
Franklin St & Monroe St,19477.0,41.88031616332084,-87.63518440237203,250,119.03418960991182,transit,41.8792461,-87.6351434,Franklin & Adams,,,,,,platform,,bus_stop
Franklin St & Monroe St,19477.0,41.88031616332084,-87.63518440237203,250,210.02619425294608,transit,41.8822049,-87.6352065,Franklin & Madison,,,,,,platform,,bus_stop
Franklin St & Monroe St,19477.0,41.88031616332084,-87.63518440237203,250,221.52921351740113,transit,41.8820807,-87.6339421,Wells & Madison,,,,,,platform,,bus_stop
Franklin St & Monroe St,19477.0,41.88031616332084,-87.63518440237203,250,118.59608162207898,transit,41.8807871,-87.6338991,Wells & Monroe,,,,,,platform,,bus_stop
Franklin St & Monroe St,19477.0,41.88031616332084,-87.63518440237203,250,139.36043825915706,transit,41.8795332,-87.63387,Wells & Adams,,,,,,platform,,bus_stop
Franklin St & Monroe St,19477.0,41.88031616332084,-87.63518440237203,250,143.96766419464433,transit,41.8794303,-87.6364526,Adams & South Wacker,,,,,,platform,,bus_stop
Franklin St & Monroe St,19477.0,41.88031616332084,-87.63518440237203,250,94.73872405745185,food_drink,41.8811432,-87.6349094,Così,fast_food,,,,,,,
Franklin St & Monroe St,19477.0,41.88031616332084,-87.63518440237203,250,173.765765817845,food_drink,41.8818028,-87.6345375,Jimmy John's,fast_food,,,,,,,
Franklin St & Monroe St,19477.0,41.88031616332084,-87.63518440237203,250,104.9652684058839,food_drink,41.8794714,-87.6357502,Roti,fast_food,,,,,,,
Franklin St & Monroe St,19477.0,41.88031616332084,-87.63518440237203,250,131.3985921554594,food_drink,41.8814742,-87.6355004,Potbelly,fast_food,,,,,,,
Franklin St & Monroe St,19477.0,41.88031616332084,-87.63518440237203,250,224.33793791397375,food_drink,41.8801039,-87.6324897,Corner Bakery,cafe,,,,,,,
Franklin St & Monroe St,19477.0,41.88031616332084,-87.63518440237203,250,246.84590926352192,transit,41.878105,-87.6354492,Jackson & Franklin,,,,,,stop_position,,
Franklin St & Monroe St,19477.0,41.88031616332084,-87.63518440237203,250,149.12854792380887,transit,41.8793611,-87.636449,Adams & South Wacker,,,,,,stop_position,,
Franklin St & Monroe St,19477.0,41.88031616332084,-87.63518440237203,250,132.96428809102142,transit,41.8793841,-87.6341783,Adams & Wells (CTA),,,,,,stop_position,,
Franklin St & Monroe St,19477.0,41.88031616332084,-87.63518440237203,250,191.600912380153,transit,41.8819187,-87.6360349,Madison & Franklin,,,,,,stop_position,,
Franklin St & Monroe St,19477.0,41.88031616332084,-87.63518440237203,250,175.9987708701784,food_drink,41.8797646,-87.6331918,Ara On,restaurant,,,,,,,
Franklin St & Monroe St,19477.0,41.88031616332084,-87.63518440237203,250,245.38110352063902,retail,41.8782243,-87.6342405,Avanti Caffé,,bakery,,,,,,
Franklin St & Monroe St,19477.0,41.88031616332084,-87.63518440237203,250,225.11412738644967,food_drink,41.879543,-87.6326714,Mojo Coffee,cafe,,,,,,,
Franklin St & Monroe St,19477.0,41.88031616332084,-87.63518440237203,250,237.25231478579633,retail,41.8824432,-87.6349588,International Sandwich Shop,,bakery,,,,,,
Franklin St & Monroe St,19477.0,41.88031616332084,-87.63518440237203,250,243.5423160633766,food_drink,41.8812637,-87.6378366,Rivers,restaurant,,,,,,,
Franklin St & Monroe St,19477.0,41.88031616332084,-87.63518440237203,250,173.3504155956208,food_drink,41.8797274,-87.6332456,The Living Room Bar W Chicago City Center,bar,,,,,,,
Franklin St & Monroe St,19477.0,41.88031616332084,-87.63518440237203,250,226.94674776541598,food_drink,41.8789556,-87.6372277,Mojo Coffee,cafe,,,,,,,
Franklin St & Monroe St,19477.0,41.88031616332084,-87.63518440237203,250,198.08037572941834,transit,41.8819668,-87.6360841,Madison & Franklin,,,,,,platform,,bus_stop
Franklin St & Monroe St,19477.0,41.88031616332084,-87.63518440237203,250,201.31797141814715,transit,41.8821226,-87.6353471,Franklin & Madison,,,,,,stop_position,,
Franklin St & Monroe St,19477.0,41.88031616332084,-87.63518440237203,250,120.75015208531049,transit,41.8792321,-87.6352699,Franklin & Adams,,,,,,stop_position,,
Franklin St & Monroe St,19477.0,41.88031616332084,-87.63518440237203,250,140.59676866560488,transit,41.8795996,-87.6337852,Wells & Adams,,,,,,stop_position,,
Franklin St & Monroe St,19477.0,41.88031616332084,-87.63518440237203,250,127.41785601072746,transit,41.8808438,-87.6338182,Wells & Monroe,,,,,,stop_position,,
Franklin St & Monroe St,19477.0,41.88031616332084,-87.63518440237203,250,229.27481468449633,transit,41.8821229,-87.6338499,Wells & Madison,,,,,,stop_position,,
Franklin St & Monroe St,19477.0,41.88031616332084,-87.63518440237203,250,233.03254629794125,food_drink,41.8817552,-87.6331381,Goddess and the Baker,cafe,,,,,,,
Franklin St & Monroe St,19477.0,41.88031616332084,-87.63518440237203,250,208.36151499212107,tourism,41.8784445,-87.6350632,Canopy by Hilton Chicago Central Loop,,,hotel,,,,,
Franklin St & Monroe St,19477.0,41.88031616332084,-87.63518440237203,250,116.74343814698061,office,41.8796065,-87.6341452,FitzGerald Associates,,,,architect,,,,
Franklin St & Monroe St,19477.0,41.88031616332084,-87.63518440237203,250,236.56362248985644,food_drink,41.8782183,-87.6356594,Shake Shack,fast_food,,,,,,,
Franklin St & Monroe St,19477.0,41.88031616332084,-87.63518440237203,250,220.95304686390645,food_drink,41.8783761,-87.6357615,Brown Bag Seafood,restaurant,,,,,,,
Franklin St & Monroe St,19477.0,41.88031616332084,-87.63518440237203,250,214.1344733339013,food_drink,41.8784394,-87.6357641,Do-Rite Donuts,fast_food,,,,,,,
Franklin St & Monroe St,19477.0,41.88031616332084,-87.63518440237203,250,178.65308997136842,food_drink,41.8818028,-87.634366,Dunkin',fast_food,,,,,,,
Franklin St & Monroe St,19477.0,41.88031616332084,-87.63518440237203,250,176.1976945241084,food_drink,41.8818038,-87.6344514,65 Express,restaurant,,,,,,,
Franklin St & Monroe St,19477.0,41.88031616332084,-87.63518440237203,250,234.5415175511979,retail,41.8820901,-87.6336517,Circle K,,convenience,,,,,,
Franklin St & Monroe St,19477.0,41.88031616332084,-87.63518440237203,250,213.34765400141134,tourism,41.879266,-87.6330277,JW Marriott Chicago,,,hotel,,,,,
Franklin St & Monroe St,19477.0,41.88031616332084,-87.63518440237203,250,109.95147098727922,food_drink,41.8799035,-87.6339775,Lotus Banh Mi,restaurant,,,,,,,
Franklin St & Monroe St,19477.0,41.88031616332084,-87.63518440237203,250,99.88767932930918,food_drink,41.8811837,-87.6354975,FARE,restaurant,,,,,,,
Franklin St & Monroe St,19477.0,41.88031616332084,-87.63518440237203,250,134.76627329368276,food_drink,41.8811732,-87.6340334,Jersey Mike's Subs,fast_food,,,,,,,
Franklin St & Monroe St,19477.0,41.88031616332084,-87.63518440237203,250,176.241209623773,food_drink,41.8813976,-87.6336281,Seedo’s,restaurant,,,,,,,
Franklin St & Monroe St,19477.0,41.88031616332084,-87.63518440237203,250,189.30789662096126,retail,41.8815754,-87.6336455,Visionary,,optician,,,,,,
Franklin St & Monroe St,19477.0,41.88031616332084,-87.63518440237203,250,204.24510008149807,retail,41.8817501,-87.6336426,Dei Giovani,,clothes,,,,,,
Franklin St & Monroe St,19477.0,41.88031616332084,-87.63518440237203,250,199.9142539242723,tourism,41.8818747,-87.6339806,,,,information,,,,,
Franklin St & Monroe St,19477.0,41.88031616332084,-87.63518440237203,250,195.47846480374224,transit,41.8788513,-87.633879,,,,,,,,subway_entrance,
Franklin St & Monroe St,19477.0,41.88031616332084,-87.63518440237203,250,220.44362654838642,transit,41.878591,-87.6338725,,,,,,,,subway_entrance,
Franklin St & Monroe St,19477.0,41.88031616332084,-87.63518440237203,250,202.3601466408259,transit,41.8788952,-87.6336573,,,,,,,,subway_entrance,
Franklin St & Monroe St,19477.0,41.88031616332084,-87.63518440237203,250,228.01535442624507,transit,41.878614,-87.6336486,,,,,,,,subway_entrance,
Franklin St & Monroe St,19477.0,41.88031616332084,-87.63518440237203,250,237.42507760509002,transit,41.878509,-87.633657,,,,,,,,subway_entrance,
Franklin St & Monroe St,19477.0,41.88031616332084,-87.63518440237203,250,232.7394148381543,transit,41.8784726,-87.6338533,,,,,,,,subway_entrance,
Franklin St & Monroe St,19477.0,41.88031616332084,-87.63518440237203,250,193.6447589359171,office,41.8795123,-87.6372593,Charles Schwab,,,,financial_advisor,,,,
Franklin St & Monroe St,19477.0,41.88031616332084,-87.63518440237203,250,122.94270348253016,retail,41.8799502,-87.6365857,Boar's Head,,deli,,,,,,
Franklin St & Monroe St,19477.0,41.88031616332084,-87.63518440237203,250,184.52184206197467,tourism,41.8788896,-87.636323,The Ledge,,,attraction,,,,,
Franklin St & Monroe St,19477.0,41.88031616332084,-87.63518440237203,250,186.99349771105085,tourism,41.8788854,-87.6363713,In the Heart of this Infinite Particle of Galactic Dust,,,artwork,,,,,
Franklin St & Monroe St,19477.0,41.88031616332084,-87.63518440237203,250,215.93497708239022,food_drink,41.878464,-87.6359683,Sushi-san,restaurant,,,,,,,
Franklin St & Monroe St,19477.0,41.88031616332084,-87.63518440237203,250,212.97017935844002,food_drink,41.8784593,-87.6358149,Sweetgreen,fast_food,,,,,,,
Franklin St & Monroe St,19477.0,41.88031616332084,-87.63518440237203,250,210.34136553817777,food_drink,41.8785288,-87.6360163,Tortazo,restaurant,,,,,,,
Franklin St & Monroe St,19477.0,41.88031616332084,-87.63518440237203,250,204.27170932629235,food_drink,41.8785308,-87.6357656,Brownbag,restaurant,,,,,,,
Franklin St & Monroe St,19477.0,41.88031616332084,-87.63518440237203,250,215.731306109986,food_drink,41.8784768,-87.6360132,Market Creations,restaurant,,,,,,,
Franklin St & Monroe St,19477.0,41.88031616332084,-87.63518440237203,250,221.219835095867,food_drink,41.8784243,-87.6360111,Joe & The Juice,cafe,,,,,,,
Franklin St & Monroe St,19477.0,41.88031616332084,-87.63518440237203,250,221.86924494070664,tourism,41.8783753,-87.6358062,Color Factory,,,museum,,,,,
Franklin St & Monroe St,19477.0,41.88031616332084,-87.63518440237203,250,136.29422700575893,food_drink,41.8791594,-87.6357288,Kindling,restaurant,,,,,,,
Franklin St & Monroe St,19477.0,41.88031616332084,-87.63518440237203,250,124.6715500867082,health,41.8795058,-87.6341437,Walgreens,pharmacy,,,,,,,
Franklin St & Monroe St,19477.0,41.88031616332084,-87.63518440237203,250,121.98010377080848,food_drink,41.8792601,-87.6347857,Blackwood BBQ,restaurant,,,,,,,
Franklin St & Monroe St,19477.0,41.88031616332084,-87.63518440237203,250,176.38616875827813,retail,41.8792694,-87.6335836,7-Eleven,,convenience,,,,,,
Franklin St & Monroe St,19477.0,41.88031616332084,-87.63518440237203,250,109.40647054221844,office,41.8808755,-87.6340972,Jewish United Fund,,,,association,,,,
Franklin St & Monroe St,19477.0,41.88031616332084,-87.63518440237203,250,117.81102521953659,retail,41.8792593,-87.6350841,Circle K,,convenience,,,,,,
Franklin St & Monroe St,19477.0,41.88031616332084,-87.63518440237203,250,69.70341173032715,office,41.8809005,-87.6348796,"Lane Brown, LLC",,,,lawyer,,,,
Franklin St & Monroe St,19477.0,41.88031616332084,-87.63518440237203,250,155.46960153757337,food_drink,41.8792585,-87.6339562,Dunkin',fast_food,,,,,,,
Franklin St & Monroe St,19477.0,41.88031616332084,-87.63518440237203,250,75.2453886324699,office,41.8809416,-87.6348374,1818,,,,lawyer,,,,
Franklin St & Monroe St,19477.0,41.88031616332084,-87.63518440237203,250,173.7339083313438,transit,41.8794839,-87.6369604,Wacker & Adams,,,,,,stop_position,,
Franklin St & Monroe St,19477.0,41.88031616332084,-87.63518440237203,250,103.28279386507234,retail,41.8795245,-87.6345319,Sydel & Sydel Jewelry,,jewelry,,,,,,
Franklin St & Monroe St,19477.0,41.88031616332084,-87.63518440237203,250,43.229800630918916,food_drink,41.8799341,-87.6350878,Sopraffina Marketcaffe,restaurant,,,,,,,
Franklin St & Monroe St,19477.0,41.88031616332084,-87.63518440237203,250,21.12951683840765,food_drink,41.8804995,-87.6351173,Hannah's Bretzel,restaurant,,,,,,,
Franklin St & Monroe St,19477.0,41.88031616332084,-87.63518440237203,250,57.04152212844121,retail,41.8805565,-87.6345757,A Plus Flowers & Gifts,,florist,,,,,,
Franklin St & Monroe St,19477.0,41.88031616332084,-87.63518440237203,250,83.88620586688498,food_drink,41.8805526,-87.6342222,Jimmy John's,fast_food,,,,,,,
Franklin St & Monroe St,19477.0,41.88031616332084,-87.63518440237203,250,52.611944245277776,retail,41.8798868,-87.6354514,The Chicago Buzz,,hairdresser,,,,,,
Franklin St & Monroe St,19477.0,41.88031616332084,-87.63518440237203,250,59.52191322813838,retail,41.8798185,-87.6354492,Loop Nail Spa,,beauty,,,,,,
Franklin St & Monroe St,19477.0,41.88031616332084,-87.63518440237203,250,73.80292865106765,health,41.8796815,-87.6354453,DentalWorks,dentist,,,,,,,
Franklin St & Monroe St,19477.0,41.88031616332084,-87.63518440237203,250,53.057862388092246,health,41.8807785,-87.6350259,One Medical,clinic,,,,,,,
Franklin St & Monroe St,19477.0,41.88031616332084,-87.63518440237203,250,210.56923666808646,office,41.8812366,-87.6374072,Chicago Mercantile Exchange,,,,financial,,,,
Franklin St & Monroe St,19477.0,41.88031616332084,-87.63518440237203,250,248.0577600782285,food_drink,41.8813862,-87.6325553,BenjYehuda,restaurant,,,,,,,
Franklin St & Monroe St,19477.0,41.88031616332084,-87.63518440237203,250,225.28541632725145,office,41.8790583,-87.6330512,Relativity,,,,company,,,,
Franklin St & Monroe St,19477.0,41.88031616332084,-87.63518440237203,250,110.43883467407996,food_drink,41.8794701,-87.6358831,Silk Road of Chicago,restaurant,,,,,,,
Franklin St & Monroe St,19477.0,41.88031616332084,-87.63518440237203,250,217.58403855261972,office,41.8817876,-87.6334519,G. Dowd Law LLC,,,,lawyer,,,,
Franklin St & Monroe St,19477.0,41.88031616332084,-87.63518440237203,250,97.14734607326653,food_drink,41.880329,-87.6340111,Nesh,restaurant,,,,,,,
Indiana Ave & Roosevelt Rd,20968.0,41.86788801019692,-87.6230410031074,250,84.89389560429895,transit,41.8679556,-87.6240622,Michigan & Roosevelt,,,,,,stop_position,,
Indiana Ave & Roosevelt Rd,20968.0,41.86788801019692,-87.6230410031074,250,166.81079777509007,transit,41.8689956,-87.6216823,Museum Campus/11th Street,,,,,,station,station,
Indiana Ave & Roosevelt Rd,20968.0,41.86788801019692,-87.6230410031074,250,135.8547127739179,transit,41.8678668,-87.6214006,Museum Campus/11th Street,,,,,,stop_position,stop,
Indiana Ave & Roosevelt Rd,20968.0,41.86788801019692,-87.6230410031074,250,144.07246278414016,transit,41.8678749,-87.6213012,Museum Campus/11th Street,,,,,,stop_position,stop,
Indiana Ave & Roosevelt Rd,20968.0,41.86788801019692,-87.6230410031074,250,249.82588870441205,food_drink,41.8677461,-87.626052,Molly’s Cupcakes,cafe,,,,,,,
Indiana Ave & Roosevelt Rd,20968.0,41.86788801019692,-87.6230410031074,250,249.39137790534318,food_drink,41.867837,-87.626052,Five Guys,fast_food,,,,,,,
Indiana Ave & Roosevelt Rd,20968.0,41.86788801019692,-87.6230410031074,250,137.40025540725517,food_drink,41.867162,-87.6243837,Subway,fast_food,,,,,,,
Indiana Ave & Roosevelt Rd,20968.0,41.86788801019692,-87.6230410031074,250,215.151263984909,retail,41.8678438,-87.6256386,Trader Joe's,,supermarket,,,,,,
Indiana Ave & Roosevelt Rd,20968.0,41.86788801019692,-87.6230410031074,250,161.9774069547862,food_drink,41.8688255,-87.6245382,Yolk - South Loop,restaurant,,,,,,,
Indiana Ave & Roosevelt Rd,20968.0,41.86788801019692,-87.6230410031074,250,139.47033623554364,food_drink,41.8670718,-87.6243199,Crave Cafe and Lounge,restaurant,,,,,,,
Indiana Ave & Roosevelt Rd,20968.0,41.86788801019692,-87.6230410031074,250,158.11001244412822,transit,41.8668008,-87.6242716,Michigan & Roosevelt,,,,,,platform,,bus_stop
Indiana Ave & Roosevelt Rd,20968.0,41.86788801019692,-87.6230410031074,250,166.38806923056214,tourism,41.8693261,-87.6235963,Aaron Ward Montgomery Bust,,,artwork,,,,,
Indiana Ave & Roosevelt Rd,20968.0,41.86788801019692,-87.6230410031074,250,110.56516159934316,food_drink,41.867869,-87.624376,Burger Bar Chicago - South Loop,restaurant,,,,,,,
Indiana Ave & Roosevelt Rd,20968.0,41.86788801019692,-87.6230410031074,250,216.25552477488642,transit,41.8661169,-87.6241199,Michigan & 13th Street,,,,,,stop_position,,
Indiana Ave & Roosevelt Rd,20968.0,41.86788801019692,-87.6230410031074,250,70.92846577954921,transit,41.867309,-87.6234004,Roosevelt & Michigan/Indiana,,,,,,platform,,bus_stop
Indiana Ave & Roosevelt Rd,20968.0,41.86788801019692,-87.6230410031074,250,78.37823242642105,transit,41.8679506,-87.6239838,Michigan & Roosevelt,,,,,,platform,,bus_stop
Indiana Ave & Roosevelt Rd,20968.0,41.86788801019692,-87.6230410031074,250,153.82434336154108,transit,41.8675354,-87.6248373,Roosevelt & Michigan,,,,,,platform,,bus_stop
Indiana Ave & Roosevelt Rd,20968.0,41.86788801019692,-87.6230410031074,250,211.21251251948343,transit,41.8661214,-87.6239782,Michigan & 13th Street,,,,,,platform,,bus_stop
Indiana Ave & Roosevelt Rd,20968.0,41.86788801019692,-87.6230410031074,250,164.37094855011242,transit,41.8691955,-87.6239671,Michigan & 11th Street,,,,,,platform,,bus_stop
Indiana Ave & Roosevelt Rd,20968.0,41.86788801019692,-87.6230410031074,250,147.97695719194425,transit,41.8688458,-87.6242817,Michigan & 11th Street,,,,,,platform,,bus_stop
Indiana Ave & Roosevelt Rd,20968.0,41.86788801019692,-87.6230410031074,250,189.70903525589085,transit,41.8692606,-87.6216803,Museum Campus/11th Street,,,,,,stop_position,stop,
Indiana Ave & Roosevelt Rd,20968.0,41.86788801019692,-87.6230410031074,250,144.5406031013794,transit,41.8688518,-87.6242123,Michigan & 11th Street,,,,,,stop_position,,
Indiana Ave & Roosevelt Rd,20968.0,41.86788801019692,-87.6230410031074,250,151.62917581594408,transit,41.8667984,-87.624142,Michigan & Roosevelt,,,,,,stop_position,,
Indiana Ave & Roosevelt Rd,20968.0,41.86788801019692,-87.6230410031074,250,167.4783854413525,transit,41.8691978,-87.6240396,Michigan & 11th Street,,,,,,stop_position,,
Indiana Ave & Roosevelt Rd,20968.0,41.86788801019692,-87.6230410031074,250,60.96296475851183,transit,41.8674075,-87.6233955,Roosevelt & Michigan/Indiana,,,,,,stop_position,,
Indiana Ave & Roosevelt Rd,20968.0,41.86788801019692,-87.6230410031074,250,155.40640814727956,transit,41.8674939,-87.6248416,Roosevelt & Michigan,,,,,,stop_position,,
Indiana Ave & Roosevelt Rd,20968.0,41.86788801019692,-87.6230410031074,250,238.42222840082704,food_drink,41.8661313,-87.6213901,Little Branch Cafe,cafe,,,,,,,
Indiana Ave & Roosevelt Rd,20968.0,41.86788801019692,-87.6230410031074,250,236.3288330222668,tourism,41.8691791,-87.6253081,Homewood Suites by Hilton - Chicago Downtown South Loop,,,hotel,,,,,
Indiana Ave & Roosevelt Rd,20968.0,41.86788801019692,-87.6230410031074,250,181.64188583485185,retail,41.8676311,-87.6252073,Grasshopper Club,,cannabis,,,,,,
Indiana Ave & Roosevelt Rd,20968.0,41.86788801019692,-87.6230410031074,250,247.150092573533,retail,41.8689348,-87.625674,The Now,,massage,,,,,,
Indiana Ave & Roosevelt Rd,20968.0,41.86788801019692,-87.6230410031074,250,216.95155019934,food_drink,41.8662046,-87.6243655,Jimmy John's,fast_food,,,,,,,
Indiana Ave & Roosevelt Rd,20968.0,41.86788801019692,-87.6230410031074,250,184.77207990337553,retail,41.8691887,-87.6244297,Paris Baguette,fast_food,bakery,,,,,,
Indiana Ave & Roosevelt Rd,20968.0,41.86788801019692,-87.6230410031074,250,195.92249985459424,transit,41.8692753,-87.6215823,Museum Campus/11th Street,,,,,,stop_position,stop,
Indiana Ave & Roosevelt Rd,20968.0,41.86788801019692,-87.6230410031074,250,197.63983490053616,retail,41.8663839,-87.6243127,June 1250 Cleaners,,dry_cleaning,,,,,,
Indiana Ave & Roosevelt Rd,20968.0,41.86788801019692,-87.6230410031074,250,200.0160220467916,retail,41.86636,-87.6243155,Chi'Tiva,,cannabis,,,,,,
Indiana Ave & Roosevelt Rd,20968.0,41.86788801019692,-87.6230410031074,250,228.87746125380215,retail,41.8659275,-87.623883,Go Grocer,,supermarket,,,,,,
Indiana Ave & Roosevelt Rd,20968.0,41.86788801019692,-87.6230410031074,250,113.54339098138801,retail,41.8676471,-87.6243735,Elements Massage,,massage,,,,,,
Indiana Ave & Roosevelt Rd,20968.0,41.86788801019692,-87.6230410031074,250,188.35005782021554,retail,41.8662992,-87.6238296,The UPS Store,post_office,copyshop,,,,,,
Indiana Ave & Roosevelt Rd,20968.0,41.86788801019692,-87.6230410031074,250,147.82139746083115,food_drink,41.8669763,-87.6243402,Pure Green,fast_food,,,,,,,
Kingsbury St & Kinzie St,40013.0,41.889172621529056,-87.63849963502554,250,232.5500719749125,food_drink,41.8889423,-87.6357074,Nick's Fishmarket Grill,restaurant,,,,,,,
Kingsbury St & Kinzie St,40013.0,41.889172621529056,-87.63849963502554,250,127.32914567552308,tourism,41.8881356,-87.6378473,Holiday Inn Chicago Mart Plaza,,,hotel,,,,,
Kingsbury St & Kinzie St,40013.0,41.889172621529056,-87.63849963502554,250,202.65812899454818,food_drink,41.8900973,-87.6363899,Subway,fast_food,,,,,,,
Kingsbury St & Kinzie St,40013.0,41.889172621529056,-87.63849963502554,250,159.65061630093197,retail,41.8902382,-87.637207,Gordon's Ace Hardware - Orleans,,doityourself,,,,,,
Kingsbury St & Kinzie St,40013.0,41.889172621529056,-87.63849963502554,250,167.68898700312886,retail,41.8903537,-87.63724,Petco,,pet,,,,,,
Kingsbury St & Kinzie St,40013.0,41.889172621529056,-87.63849963502554,250,128.89993068650944,food_drink,41.8897866,-87.6371788,Starbucks,cafe,,,,,,,
Kingsbury St & Kinzie St,40013.0,41.889172621529056,-87.63849963502554,250,110.55747409265517,food_drink,41.8892616,-87.6371694,Subway,fast_food,,,,,,,
Kingsbury St & Kinzie St,40013.0,41.889172621529056,-87.63849963502554,250,147.72156112949554,health,41.8900854,-87.637203,CVS Pharmacy,pharmacy,,,,,,,
Kingsbury St & Kinzie St,40013.0,41.889172621529056,-87.63849963502554,250,206.52386972208708,office,41.8887267,-87.6360777,Braintree,,,,company,,,,
Kingsbury St & Kinzie St,40013.0,41.889172621529056,-87.63849963502554,250,157.5863120183543,transit,41.8885972,-87.6367599,Orleans & Merchandise Mart,,,,,,platform,,bus_stop
Kingsbury St & Kinzie St,40013.0,41.889172621529056,-87.63849963502554,250,71.8185213704001,tourism,41.8898084,-87.6383468,The Athlete,,,artwork,,,,,
Kingsbury St & Kinzie St,40013.0,41.889172621529056,-87.63849963502554,250,151.6069667797823,transit,41.8898213,-87.6368887,Orleans & Hubbard,,,,,,platform,,bus_stop
Kingsbury St & Kinzie St,40013.0,41.889172621529056,-87.63849963502554,250,116.96197856024423,food_drink,41.8896816,-87.6372631,Reverie,bar,,,,,,,
Kingsbury St & Kinzie St,40013.0,41.889172621529056,-87.63849963502554,250,95.33930975350712,food_drink,41.889785,-87.6376935,The Hampton Social - River North,restaurant,,,,,,,
Kingsbury St & Kinzie St,40013.0,41.889172621529056,-87.63849963502554,250,121.43553231339395,food_drink,41.8900951,-87.6377144,Edie's All Day Cafe & Bar,restaurant,,,,,,,
Kingsbury St & Kinzie St,40013.0,41.889172621529056,-87.63849963502554,250,87.82142497543192,food_drink,41.889796,-87.6378482,The Bassment,bar,,,,,,,
Kingsbury St & Kinzie St,40013.0,41.889172621529056,-87.63849963502554,250,133.1870308543233,food_drink,41.8881823,-87.6375946,Cityscape Bar,bar,,,,,,,
Kingsbury St & Kinzie St,40013.0,41.889172621529056,-87.63849963502554,250,118.74723906769495,food_drink,41.8886183,-87.6372735,Infuse Coffee and Tea Bar,cafe,,,,,,,
Kingsbury St & Kinzie St,40013.0,41.889172621529056,-87.63849963502554,250,120.49564981412243,retail,41.8887204,-87.6371768,Three Fox Five,,bakery,,,,,,
Kingsbury St & Kinzie St,40013.0,41.889172621529056,-87.63849963502554,250,144.88478646025342,transit,41.8898194,-87.6369802,Orleans & Hubbard,,,,,,stop_position,,
Kingsbury St & Kinzie St,40013.0,41.889172621529056,-87.63849963502554,250,151.36828027726776,transit,41.8885671,-87.6368619,Orleans & Merchandise Mart,,,,,,stop_position,,
Kingsbury St & Kinzie St,40013.0,41.889172621529056,-87.63849963502554,250,247.5660712293216,retail,41.8901317,-87.6358006,Eggersmann Kitchens Home Living - Chicago,,cabinet_maker,,,,,,
Kingsbury St & Kinzie St,40013.0,41.889172621529056,-87.63849963502554,250,190.1183956393308,food_drink,41.8878576,-87.6370318,Blue Bottle Coffee,cafe,,,,,,,
Kingsbury St & Kinzie St,40013.0,41.889172621529056,-87.63849963502554,250,186.45987121264633,retail,41.8900873,-87.6366117,daltile,,tiles,,,,,,
McClurg Ct & Ohio St,21954.0,41.892592119709725,-87.61728912591934,250,82.16630813857115,food_drink,41.8921642,-87.6180984,Yolk,cafe,,,,,,,
McClurg Ct & Ohio St,21954.0,41.892592119709725,-87.61728912591934,250,121.3810147541932,food_drink,41.8924751,-87.6187471,Dollop Coffee,cafe,,,,,,,
McClurg Ct & Ohio St,21954.0,41.892592119709725,-87.61728912591934,250,88.98699404530736,retail,41.8932528,-87.6178958,7-Eleven,,convenience,,,,,,
McClurg Ct & Ohio St,21954.0,41.892592119709725,-87.61728912591934,250,82.30535014608414,food_drink,41.8933007,-87.6175766,Starbucks,cafe,,,,,,,
McClurg Ct & Ohio St,21954.0,41.892592119709725,-87.61728912591934,250,218.667936298802,food_drink,41.8906336,-87.617051,Robert's Pizza Company,restaurant,,,,,,,
McClurg Ct & Ohio St,21954.0,41.892592119709725,-87.61728912591934,250,204.4228331274521,retail,41.8909038,-87.6182665,Uncork It!,,wine,,,,,,
McClurg Ct & Ohio St,21954.0,41.892592119709725,-87.61728912591934,250,182.24417455939454,retail,41.8912174,-87.6184879,Walgreens,pharmacy,chemist,,,,,,
McClurg Ct & Ohio St,21954.0,41.892592119709725,-87.61728912591934,250,241.97219726318016,health,41.8946988,-87.6165566,Walgreens,pharmacy,,,,,,,
McClurg Ct & Ohio St,21954.0,41.892592119709725,-87.61728912591934,250,122.27525357963054,retail,41.8927934,-87.6187414,European Wax Center,,beauty,,,,,,
McClurg Ct & Ohio St,21954.0,41.892592119709725,-87.61728912591934,250,114.12647575466855,food_drink,41.8927994,-87.6186395,Bombay Wraps,fast_food,,,,,,,
McClurg Ct & Ohio St,21954.0,41.892592119709725,-87.61728912591934,250,104.22691584326124,retail,41.8928031,-87.618516,Kriser's,,pet,,,,,,
McClurg Ct & Ohio St,21954.0,41.892592119709725,-87.61728912591934,250,193.05050881730176,retail,41.8908563,-87.6173341,Target,,department_store,,,,,,
McClurg Ct & Ohio St,21954.0,41.892592119709725,-87.61728912591934,250,140.66692147507695,retail,41.8927815,-87.6189694,Bockwinkel's,,supermarket,,,,,,
McClurg Ct & Ohio St,21954.0,41.892592119709725,-87.61728912591934,250,201.92211795826105,food_drink,41.8909495,-87.6162491,Pinstripes,restaurant,,,,,,,
McClurg Ct & Ohio St,21954.0,41.892592119709725,-87.61728912591934,250,217.26585956135537,food_drink,41.8906383,-87.6173152,Starbucks,cafe,,,,,,,
McClurg Ct & Ohio St,21954.0,41.892592119709725,-87.61728912591934,250,197.89558447034534,tourism,41.8909373,-87.6164093,Ogilvie Pertl Gallery,,,gallery,,,,,
McClurg Ct & Ohio St,21954.0,41.892592119709725,-87.61728912591934,250,195.77347858698354,food_drink,41.8912044,-87.6187447,Niu Japanese Fusion,restaurant,,,,,,,
McClurg Ct & Ohio St,21954.0,41.892592119709725,-87.61728912591934,250,162.1834034169111,food_drink,41.8940272,-87.6176392,McDonald's,fast_food,,,,,,,
McClurg Ct & Ohio St,21954.0,41.892592119709725,-87.61728912591934,250,186.83879273203388,transit,41.8909764,-87.6179088,Illinois & McClurg,,,,,,platform,,bus_stop
McClurg Ct & Ohio St,21954.0,41.892592119709725,-87.61728912591934,250,247.54099694244556,transit,41.8909459,-87.6193023,Illinois & Columbus,,,,,,platform,,bus_stop
McClurg Ct & Ohio St,21954.0,41.892592119709725,-87.61728912591934,250,160.17639402263433,transit,41.8919731,-87.6155418,Grand & Peshtigo,,,,,,platform,,bus_stop
McClurg Ct & Ohio St,21954.0,41.892592119709725,-87.61728912591934,250,232.29621740036112,transit,41.8918993,-87.6199367,Grand & Fairbanks/Columbus,,,,,,platform,,bus_stop
McClurg Ct & Ohio St,21954.0,41.892592119709725,-87.61728912591934,250,101.67087034832788,transit,41.8919168,-87.6181172,Grand & McClurg,,,,,,platform,,bus_stop
McClurg Ct & Ohio St,21954.0,41.892592119709725,-87.61728912591934,250,149.5524748230677,health,41.8916743,-87.6186098,Dentologie,dentist,,,,,,,
McClurg Ct & Ohio St,21954.0,41.892592119709725,-87.61728912591934,250,116.86469985040512,transit,41.893562,-87.617833,McClurg & Ontario,,,,,,platform,,bus_stop
McClurg Ct & Ohio St,21954.0,41.892592119709725,-87.61728912591934,250,106.09582946891582,transit,41.8916638,-87.6175853,McClurg & Grand,,,,,,platform,,bus_stop
McClurg Ct & Ohio St,21954.0,41.892592119709725,-87.61728912591934,250,242.79024847844977,transit,41.8947327,-87.6178676,McClurg & Huron,,,,,,platform,,bus_stop
McClurg Ct & Ohio St,21954.0,41.892592119709725,-87.61728912591934,250,84.79132505719195,transit,41.8933008,-87.6176673,McClurg & Ontario,,,,,,platform,,bus_stop
McClurg Ct & Ohio St,21954.0,41.892592119709725,-87.61728912591934,250,164.69857544388518,transit,41.8918693,-87.6155524,Grand & Peshtigo,,,,,,stop_position,,
McClurg Ct & Ohio St,21954.0,41.892592119709725,-87.61728912591934,250,237.86325356287975,transit,41.8918077,-87.6199626,Grand & Fairbanks/Columbus,,,,,,stop_position,,
McClurg Ct & Ohio St,21954.0,41.892592119709725,-87.61728912591934,250,108.5817349461657,transit,41.8918283,-87.6181064,Grand & McClurg,,,,,,stop_position,,
McClurg Ct & Ohio St,21954.0,41.892592119709725,-87.61728912591934,250,177.85619103806107,transit,41.8910628,-87.6179186,Illinois & McClurg,,,,,,stop_position,,
McClurg Ct & Ohio St,21954.0,41.892592119709725,-87.61728912591934,250,248.32586768306794,transit,41.8922328,-87.6202501,Fairbanks & Ohio,,,,,,stop_position,,
McClurg Ct & Ohio St,21954.0,41.892592119709725,-87.61728912591934,250,234.02726142352827,food_drink,41.8909189,-87.6155741,Cupitol Coffee & Eatery,cafe,,,,,,,
McClurg Ct & Ohio St,21954.0,41.892592119709725,-87.61728912591934,250,168.47672666972548,food_drink,41.892086,-87.6192076,D4 Irish Pub & Cafe,bar,,,,,,,
McClurg Ct & Ohio St,21954.0,41.892592119709725,-87.61728912591934,250,109.96188839355483,food_drink,41.8920723,-87.616159,Flamingo Bar & Grill,bar,,,,,,,
McClurg Ct & Ohio St,21954.0,41.892592119709725,-87.61728912591934,250,196.8040751344666,retail,41.8908827,-87.6166729,Molly’s Cupcakes,,bakery,,,,,,
McClurg Ct & Ohio St,21954.0,41.892592119709725,-87.61728912591934,250,195.86027161268288,food_drink,41.8938743,-87.6156667,The Living Room Bar,bar,,,,,,,
McClurg Ct & Ohio St,21954.0,41.892592119709725,-87.61728912591934,250,221.81036497096486,food_drink,41.890665,-87.6165971,Winter’s Jazz Club,bar,,,,,,,
McClurg Ct & Ohio St,21954.0,41.892592119709725,-87.61728912591934,250,97.3021655578211,food_drink,41.8925119,-87.6184597,Poke Poké,restaurant,,,,,,,
McClurg Ct & Ohio St,21954.0,41.892592119709725,-87.61728912591934,250,240.05256905842347,transit,41.8910394,-87.619304,Illinois & Columbus,,,,,,stop_position,,
McClurg Ct & Ohio St,21954.0,41.892592119709725,-87.61728912591934,250,84.04820872541424,tourism,41.8919946,-87.617911,"George Wellington ""Cap'n"" Streeter",,,artwork,,,,,
McClurg Ct & Ohio St,21954.0,41.892592119709725,-87.61728912591934,250,47.346446647850975,food_drink,41.8929717,-87.6175483,Buona,fast_food,,,,,,,
McClurg Ct & Ohio St,21954.0,41.892592119709725,-87.61728912591934,250,245.55635780715536,food_drink,41.8906575,-87.6158586,Pinched,restaurant,,,,,,,
McClurg Ct & Ohio St,21954.0,41.892592119709725,-87.61728912591934,250,197.2471916721331,food_drink,41.8914474,-87.6191095,Monarch and Lion,pub,,,,,,,
McClurg Ct & Ohio St,21954.0,41.892592119709725,-87.61728912591934,250,245.43176905660727,transit,41.8935937,-87.6199314,Ontario & Fairbanks,,,,,,platform,,bus_stop
McClurg Ct & Ohio St,21954.0,41.892592119709725,-87.61728912591934,250,243.96248668367352,transit,41.8936046,-87.6199039,Ontario & Fairbanks,,,,,,stop_position,,
McClurg Ct & Ohio St,21954.0,41.892592119709725,-87.61728912591934,250,244.1568821665308,transit,41.8947556,-87.617793,McClurg & Huron,,,,,,stop_position,,
McClurg Ct & Ohio St,21954.0,41.892592119709725,-87.61728912591934,250,209.56136950287197,retail,41.8909001,-87.6184041,Souvenir City,,gift,,,,,,
McClurg Ct & Ohio St,21954.0,41.892592119709725,-87.61728912591934,250,116.76955529091796,transit,41.8935844,-87.6177509,McClurg & Ontario,,,,,,stop_position,,
McClurg Ct & Ohio St,21954.0,41.892592119709725,-87.61728912591934,250,87.69268350453126,transit,41.8933056,-87.6177405,McClurg & Ontario,,,,,,stop_position,,
McClurg Ct & Ohio St,21954.0,41.892592119709725,-87.61728912591934,250,107.45281226024402,transit,41.8916714,-87.6176833,McClurg & Grand,,,,,,stop_position,,
McClurg Ct & Ohio St,21954.0,41.892592119709725,-87.61728912591934,250,237.7818590822707,transit,41.8928319,-87.6201437,Fairbanks & Ohio,,,,,,platform,,bus_stop
McClurg Ct & Ohio St,21954.0,41.892592119709725,-87.61728912591934,250,248.02452962672007,transit,41.8928298,-87.6202685,Fairbanks & Ohio,,,,,,stop_position,,
McClurg Ct & Ohio St,21954.0,41.892592119709725,-87.61728912591934,250,185.0892299808075,recreation,41.8932599,-87.6193374,Pure Barre,,,,,fitness_centre,,,
McClurg Ct & Ohio St,21954.0,41.892592119709725,-87.61728912591934,250,155.69333709219617,retail,41.8924193,-87.6191557,Massage Envy,,massage,,,,,,
McClurg Ct & Ohio St,21954.0,41.892592119709725,-87.61728912591934,250,222.22609927253632,tourism,41.8928119,-87.6199576,DoubleTree Hotel Chicago - Magnificent Mile,,,hotel,,,,,
McClurg Ct & Ohio St,21954.0,41.892592119709725,-87.61728912591934,250,210.27709180268369,tourism,41.8928126,-87.6198122,Hilton Grand Vacations Club Chicago Magnificent Mile,,,hotel,,,,,
McClurg Ct & Ohio St,21954.0,41.892592119709725,-87.61728912591934,250,242.81080975511082,recreation,41.8908791,-87.6191083,Solidcore,,,,,fitness_centre,,,
McClurg Ct & Ohio St,21954.0,41.892592119709725,-87.61728912591934,250,232.85637833412798,retail,41.890853,-87.6188562,Paris Baguette,,bakery,,,,,,
McClurg Ct & Ohio St,21954.0,41.892592119709725,-87.61728912591934,250,244.14732663686308,food_drink,41.8912617,-87.6149427,Kanela Breakfast Club,restaurant,,,,,,,
McClurg Ct & Ohio St,21954.0,41.892592119709725,-87.61728912591934,250,234.70303879751765,transit,41.8910278,-87.6153855,Illinois & Peshtigo,,,,,,platform,,bus_stop
McClurg Ct & Ohio St,21954.0,41.892592119709725,-87.61728912591934,250,228.03409659100637,transit,41.8911078,-87.6153882,Illinois & Peshtigo,,,,,,stop_position,,
McClurg Ct & Ohio St,21954.0,41.892592119709725,-87.61728912591934,250,246.01742316176583,food_drink,41.8909219,-87.6153399,Carson's Ribs,restaurant,,,,,,,
McClurg Ct & Ohio St,21954.0,41.892592119709725,-87.61728912591934,250,167.10935755425075,retail,41.8923205,-87.6153035,Bobby's Bike Hike,,bicycle,,,,,,
Michigan Ave & Oak St,34628.0,41.90096039009614,-87.62377663865593,250,225.7671568297821,tourism,41.8989798,-87.6231763,360 Chicago,,,viewpoint,,,,,
Michigan Ave & Oak St,34628.0,41.90096039009614,-87.62377663865593,250,241.14584141837827,retail,41.9006157,-87.6266533,Wedding Bands & Co.,,jewelry,,,,,,
Michigan Ave & Oak St,34628.0,41.90096039009614,-87.62377663865593,250,180.8739350356672,transit,41.8993803,-87.6242957,Michigan & Delaware,,,,,,platform,,bus_stop
Michigan Ave & Oak St,34628.0,41.90096039009614,-87.62377663865593,250,46.972646895926474,transit,41.9009427,-87.6243437,Lake Shore Drive & Oak,,,,,,platform,,bus_stop
Michigan Ave & Oak St,34628.0,41.90096039009614,-87.62377663865593,250,155.81310675553098,transit,41.9022379,-87.6245502,Lake Shore Drive & Cedar,,,,,,platform,,bus_stop
Michigan Ave & Oak St,34628.0,41.90096039009614,-87.62377663865593,250,247.17762706570608,transit,41.9030479,-87.6248031,Lake Shore Drive & Elm,,,,,,platform,,bus_stop
Michigan Ave & Oak St,34628.0,41.90096039009614,-87.62377663865593,250,44.892403952501105,transit,41.9006391,-87.6241051,Michigan & Oak,,,,,,platform,,bus_stop
Michigan Ave & Oak St,34628.0,41.90096039009614,-87.62377663865593,250,179.47905758040835,transit,41.9025014,-87.6244218,Lake Shore Drive & Cedar,,,,,,platform,,bus_stop
Michigan Ave & Oak St,34628.0,41.90096039009614,-87.62377663865593,250,150.42858121244913,transit,41.8996161,-87.6239806,Michigan & Delaware/Walton,,,,,,platform,,bus_stop
Michigan Ave & Oak St,34628.0,41.90096039009614,-87.62377663865593,250,175.39279868014663,retail,41.8993857,-87.6238995,Omega,,watches,,,,,,
Michigan Ave & Oak St,34628.0,41.90096039009614,-87.62377663865593,250,188.56132280366157,retail,41.900636,-87.6260129,Moncler,,clothes,,,,,,
Michigan Ave & Oak St,34628.0,41.90096039009614,-87.62377663865593,250,192.51128079797436,food_drink,41.9006352,-87.6260613,La Colonial,restaurant,,,,,,,
Michigan Ave & Oak St,34628.0,41.90096039009614,-87.62377663865593,250,207.2628286641173,retail,41.9001094,-87.6260047,Wilson,,clothes,,,,,,
Michigan Ave & Oak St,34628.0,41.90096039009614,-87.62377663865593,250,227.48705581140902,food_drink,41.8989156,-87.6236887,Starbucks,cafe,,,,,,,
Michigan Ave & Oak St,34628.0,41.90096039009614,-87.62377663865593,250,223.5638367412183,retail,41.899037,-87.6229899,Hanig's Footwear,,shoes,,,,,,
Michigan Ave & Oak St,34628.0,41.90096039009614,-87.62377663865593,250,123.62191438509984,retail,41.9006657,-87.6252169,Tod's,,shoes,,,,,,
Michigan Ave & Oak St,34628.0,41.90096039009614,-87.62377663865593,250,180.7075761758926,retail,41.9009197,-87.6259594,Tom Ford,,clothes,,,,,,
Michigan Ave & Oak St,34628.0,41.90096039009614,-87.62377663865593,250,168.49239715148093,retail,41.9009209,-87.6258118,Dolce & Gabbana,,clothes,,,,,,
Michigan Ave & Oak St,34628.0,41.90096039009614,-87.62377663865593,250,96.64762392014848,retail,41.9004812,-87.6247509,Gold Coast Couture,,stationery,,,,,,
Michigan Ave & Oak St,34628.0,41.90096039009614,-87.62377663865593,250,183.43785747225854,retail,41.9006462,-87.6259525,Van Cleef & Arpels,,fashion_accessories,,,,,,
Michigan Ave & Oak St,34628.0,41.90096039009614,-87.62377663865593,250,224.76564831743374,retail,41.9009105,-87.6264916,Jil Sander,,clothes,,,,,,
Michigan Ave & Oak St,34628.0,41.90096039009614,-87.62377663865593,250,216.85836595828354,retail,41.9006538,-87.6263643,Escada,,clothes,,,,,,
Michigan Ave & Oak St,34628.0,41.90096039009614,-87.62377663865593,250,247.48145691910784,retail,41.9006302,-87.6267338,Pomellato,,clothes,,,,,,
Michigan Ave & Oak St,34628.0,41.90096039009614,-87.62377663865593,250,205.78961861639414,retail,41.9009151,-87.6262624,St. John,,clothes,,,,,,
Michigan Ave & Oak St,34628.0,41.90096039009614,-87.62377663865593,250,146.81725411179943,retail,41.9006336,-87.6254954,Paul Stuart,,clothes,,,,,,
Michigan Ave & Oak St,34628.0,41.90096039009614,-87.62377663865593,250,164.25342102809913,retail,41.8996824,-87.6247719,Merchant & Rhoades,,hairdresser,,,,,,
Michigan Ave & Oak St,34628.0,41.90096039009614,-87.62377663865593,250,245.925975291177,retail,41.9000893,-87.6265079,Sprinkles Cupcakes,,bakery,,,,,,
Michigan Ave & Oak St,34628.0,41.90096039009614,-87.62377663865593,250,213.55355606778676,food_drink,41.8990399,-87.6237934,Dos Toros,restaurant,,,,,,,
Michigan Ave & Oak St,34628.0,41.90096039009614,-87.62377663865593,250,207.47643652740874,food_drink,41.8990947,-87.6238122,Benihana,restaurant,,,,,,,
Michigan Ave & Oak St,34628.0,41.90096039009614,-87.62377663865593,250,83.15911304882847,food_drink,41.9005593,-87.6246247,Spiaggia,restaurant,,,,,,,
Michigan Ave & Oak St,34628.0,41.90096039009614,-87.62377663865593,250,145.19812902905292,food_drink,41.9002084,-87.6252109,Doc B’s Restaurant + Bar,restaurant,,,,,,,
Michigan Ave & Oak St,34628.0,41.90096039009614,-87.62377663865593,250,147.6945602105154,food_drink,41.9009183,-87.6255603,Fig & Olive,restaurant,,,,,,,
Michigan Ave & Oak St,34628.0,41.90096039009614,-87.62377663865593,250,130.7978933451264,food_drink,41.9002877,-87.6250731,Hendrickx Belgian Bread Crafter,cafe,,,,,,,
Michigan Ave & Oak St,34628.0,41.90096039009614,-87.62377663865593,250,223.0298799909753,retail,41.8994123,-87.6220632,,,vacant,,,,,,
Michigan Ave & Oak St,34628.0,41.90096039009614,-87.62377663865593,250,198.47939476704587,food_drink,41.9009199,-87.6261742,The Esquire Champagne Room,bar,,,,,,,
Michigan Ave & Oak St,34628.0,41.90096039009614,-87.62377663865593,250,172.56292223346728,food_drink,41.8996885,-87.6249713,Wellness Grub,cafe,,,,,,,
Michigan Ave & Oak St,34628.0,41.90096039009614,-87.62377663865593,250,158.43606283301244,food_drink,41.8998248,-87.6226204,Martini Bar,bar,,,,,,,
Michigan Ave & Oak St,34628.0,41.90096039009614,-87.62377663865593,250,207.84895976488147,food_drink,41.8994775,-87.6222477,Seasons Bar,bar,,,,,,,
Michigan Ave & Oak St,34628.0,41.90096039009614,-87.62377663865593,250,65.84995928446929,food_drink,41.9004321,-87.6234171,Movie Mondays at the Drake’s Palm Court,bar,,,,,,,
Michigan Ave & Oak St,34628.0,41.90096039009614,-87.62377663865593,250,177.80469227106838,retail,41.8996259,-87.6249602,Nespresso,cafe,coffee,,,,,,
Michigan Ave & Oak St,34628.0,41.90096039009614,-87.62377663865593,250,182.11419194453595,retail,41.9005438,-87.6259047,Le Royale Icing & Specialty Cakes,,bakery,,,,,,
Michigan Ave & Oak St,34628.0,41.90096039009614,-87.62377663865593,250,68.55304575657266,food_drink,41.9003921,-87.6234555,Palm Court,bar,,,,,,,
Michigan Ave & Oak St,34628.0,41.90096039009614,-87.62377663865593,250,89.98731017974796,food_drink,41.9001623,-87.6235965,Lavazza,cafe,,,,,,,
Michigan Ave & Oak St,34628.0,41.90096039009614,-87.62377663865593,250,219.44193667107598,retail,41.898993,-87.6235684,The North Face,,clothes,,,,,,
Michigan Ave & Oak St,34628.0,41.90096039009614,-87.62377663865593,250,104.39300180256657,office,41.9005497,-87.6249109,Chicago Condo Finder,,,,estate_agent,,,,
Michigan Ave & Oak St,34628.0,41.90096039009614,-87.62377663865593,250,169.61980833456462,retail,41.899746,-87.6250169,AllSaints,,clothes,,,,,,
Michigan Ave & Oak St,34628.0,41.90096039009614,-87.62377663865593,250,186.147988692093,retail,41.8993697,-87.6244776,Max Mara,,clothes,,,,,,
Michigan Ave & Oak St,34628.0,41.90096039009614,-87.62377663865593,250,177.17937095218792,retail,41.8994576,-87.6244883,Michael Kors,,clothes,,,,,,
Michigan Ave & Oak St,34628.0,41.90096039009614,-87.62377663865593,250,169.40935979566845,retail,41.8995334,-87.6244937,J.Crew,,clothes,,,,,,
Michigan Ave & Oak St,34628.0,41.90096039009614,-87.62377663865593,250,148.99303402678566,retail,41.8997331,-87.6244991,Montblanc,,fashion_accessories,,,,,,
Michigan Ave & Oak St,34628.0,41.90096039009614,-87.62377663865593,250,136.6950994551335,retail,41.8998628,-87.6245205,Gucci,,clothes,,,,,,
Michigan Ave & Oak St,34628.0,41.90096039009614,-87.62377663865593,250,155.24531191539918,retail,41.8995675,-87.6239048,Bvlgari,,fashion_accessories,,,,,,
Michigan Ave & Oak St,34628.0,41.90096039009614,-87.62377663865593,250,120.29084605649665,retail,41.8998825,-87.6239001,Louis Vuitton,,clothes,,,,,,
Michigan Ave & Oak St,34628.0,41.90096039009614,-87.62377663865593,250,130.45061939518519,retail,41.8997905,-87.6238944,Breitling,,watches,,,,,,
Michigan Ave & Oak St,34628.0,41.90096039009614,-87.62377663865593,250,140.92481983981185,retail,41.8996962,-87.6238971,David Yurman,,jewelry,,,,,,
Michigan Ave & Oak St,34628.0,41.90096039009614,-87.62377663865593,250,164.1561998665279,retail,41.899487,-87.6239009,Vacheron Constantin,,watches,,,,,,
Michigan Ave & Oak St,34628.0,41.90096039009614,-87.62377663865593,250,189.14816813651925,retail,41.9009192,-87.6260614,Buccellati,,jewelry,,,,,,
Michigan Ave & Oak St,34628.0,41.90096039009614,-87.62377663865593,250,176.84338911326233,retail,41.9006549,-87.6258736,Chanel,,clothes,,,,,,
Michigan Ave & Oak St,34628.0,41.90096039009614,-87.62377663865593,250,248.94528284376537,retail,41.9005252,-87.6267272,Loro Piana,,clothes,,,,,,
Michigan Ave & Oak St,34628.0,41.90096039009614,-87.62377663865593,250,200.9258160011786,tourism,41.8993411,-87.624854,Allow Me,,,artwork,,,,,
Michigan Ave & Oak St,34628.0,41.90096039009614,-87.62377663865593,250,145.15850144711544,recreation,41.8998016,-87.6245843,Topgolf,,,,,sports_centre,,,
Michigan Ave & Oak St,34628.0,41.90096039009614,-87.62377663865593,250,152.94469332361976,retail,41.8997247,-87.6245883,Club Monaco,,clothes,,,,,,
Michigan Ave & Oak St,34628.0,41.90096039009614,-87.62377663865593,250,186.73718694129983,retail,41.8994405,-87.6247363,Emporio Armani,,clothes,,,,,,
Michigan Ave & Oak St,34628.0,41.90096039009614,-87.62377663865593,250,191.5320872088068,retail,41.8993501,-87.6245982,Marella,,clothes,,,,,,
Michigan Ave & Oak St,34628.0,41.90096039009614,-87.62377663865593,250,156.20443748639323,retail,41.899786,-87.6248123,Lululemon,,clothes,,,,,,
Michigan Ave & Oak St,34628.0,41.90096039009614,-87.62377663865593,250,179.39046775922438,retail,41.8996605,-87.6250604,Kate Spade New York,,clothes,,,,,,
Michigan Ave & Oak St,34628.0,41.90096039009614,-87.62377663865593,250,161.17184723508532,retail,41.8997226,-87.6247899,Esprit,,clothes,,,,,,
Michigan Ave & Oak St,34628.0,41.90096039009614,-87.62377663865593,250,171.4753270951051,retail,41.8995467,-87.6246044,Kendra Scott,,jewelry,,,,,,
Michigan Ave & Oak St,34628.0,41.90096039009614,-87.62377663865593,250,177.79353603644327,retail,41.8994808,-87.624591,Bonobos,,clothes,,,,,,
Michigan Ave & Oak St,34628.0,41.90096039009614,-87.62377663865593,250,158.8050962666651,retail,41.8997976,-87.6248907,Tumi,,bag,,,,,,
Michigan Ave & Oak St,34628.0,41.90096039009614,-87.62377663865593,250,185.17829142940093,retail,41.8994149,-87.6246101,Psycho Bunny,,clothes,,,,,,
Michigan Ave & Oak St,34628.0,41.90096039009614,-87.62377663865593,250,163.75770949169038,retail,41.8995956,-87.6245201,UNTUCKit,,clothes,,,,,,
Michigan Ave & Oak St,34628.0,41.90096039009614,-87.62377663865593,250,160.58559075421164,retail,41.8996505,-87.6245937,Sunglass Hut,,optician,,,,,,
Michigan Ave & Oak St,34628.0,41.90096039009614,-87.62377663865593,250,171.26430349231785,retail,41.8996564,-87.6248779,Sur La Table,,houseware,,,,,,
Michigan Ave & Oak St,34628.0,41.90096039009614,-87.62377663865593,250,224.25601051273796,office,41.8989657,-87.6233767,Junk OnDemand,,,,company,,,,
Michigan Ave & Oak St,34628.0,41.90096039009614,-87.62377663865593,250,220.50498053870825,food_drink,41.8989778,-87.6237195,Jamba,fast_food,,,,,,,
Michigan Ave & Oak St,34628.0,41.90096039009614,-87.62377663865593,250,47.62496735209739,transit,41.9006355,-87.6241516,Michigan & Oak,,,,,,stop_position,,
Michigan Ave & Oak St,34628.0,41.90096039009614,-87.62377663865593,250,160.2170228347069,retail,41.8998179,-87.6249562,North Shore Exchange in the City,,clothes,,,,,,
Michigan Ave & Oak St,34628.0,41.90096039009614,-87.62377663865593,250,164.06348193288815,retail,41.8998171,-87.6250297,My Sister's Circus,,clothes,,,,,,
Michigan Ave & Oak St,34628.0,41.90096039009614,-87.62377663865593,250,234.57995952207173,retail,41.9005876,-87.6265664,Tory Burch,,clothes,,,,,,
Michigan Ave & Oak St,34628.0,41.90096039009614,-87.62377663865593,250,208.9566226635912,retail,41.9006394,-87.6262643,Harry Winston,,jewelry,,,,,,
Michigan Ave & Oak St,34628.0,41.90096039009614,-87.62377663865593,250,138.81066235036405,retail,41.9010582,-87.6254487,VINCE.,,clothes,,,,,,
Michigan Ave & Oak St,34628.0,41.90096039009614,-87.62377663865593,250,154.15656399100882,retail,41.9009204,-87.6256385,Maje,,clothes,,,,,,
Michigan Ave & Oak St,34628.0,41.90096039009614,-87.62377663865593,250,233.0245555681403,retail,41.9009343,-87.626592,COS,,clothes,,,,,,
Michigan Ave & Oak St,34628.0,41.90096039009614,-87.62377663865593,250,205.77718834437582,retail,41.8994689,-87.6252485,Maje,,clothes,,,,,,
Michigan Ave & Oak St,34628.0,41.90096039009614,-87.62377663865593,250,92.63305469911215,food_drink,41.900204,-87.6233076,Coq d'Or,restaurant,,,,,,,
Michigan Ave & Oak St,34628.0,41.90096039009614,-87.62377663865593,250,150.1400895704001,transit,41.8996278,-87.624069,Michigan & Delaware/Walton,,,,,,stop_position,,
Michigan Ave & Oak St,34628.0,41.90096039009614,-87.62377663865593,250,177.91448196774135,transit,41.8993961,-87.6242284,Michigan & Delaware,,,,,,stop_position,,
Michigan Ave & Oak St,34628.0,41.90096039009614,-87.62377663865593,250,104.81748829973556,retail,41.9009333,-87.6250426,Panerai,,watches,,,,,,
Michigan Ave & Oak St,34628.0,41.90096039009614,-87.62377663865593,250,72.48415003306478,office,41.9006053,-87.6245111,The Legal Hookers,,,,lawyer,,,,
Millennium Park,27485.0,41.8810317,-87.62408432,250,229.69964902035025,transit,41.8796269,-87.6261185,Adams/Wabash,,,,,,station,station,
Millennium Park,27485.0,41.8810317,-87.62408432,250,100.60214446130956,food_drink,41.8802396,-87.6246715,Jollibee,fast_food,,,,,,,
Millennium Park,27485.0,41.8810317,-87.62408432,250,167.96229612198374,food_drink,41.8819751,-87.6256688,Pizano's Pizza & Pasta,restaurant,,,,,,,
Millennium Park,27485.0,41.8810317,-87.62408432,250,65.33389368530688,education,41.8813543,-87.6247439,National College of Education Urban Campus,school,,,,,,,
Millennium Park,27485.0,41.8810317,-87.62408432,250,235.7011021816377,health,41.8830959,-87.6247316,Walgreens,pharmacy,,,,,,,
Millennium Park,27485.0,41.8810317,-87.62408432,250,77.00432625199639,tourism,41.8814854,-87.6233816,Interconnected,,,artwork,,,,,
Millennium Park,27485.0,41.8810317,-87.62408432,250,186.02651801835142,tourism,41.8794928,-87.6249657,Historical Route 66 Starting Place,,,information,,,,,
Millennium Park,27485.0,41.8810317,-87.62408432,250,194.2700471627055,transit,41.8801684,-87.6261244,Adams/Wabash,,,,,,stop_position,stop,
Millennium Park,27485.0,41.8810317,-87.62408432,250,182.97265288708306,food_drink,41.8800158,-87.6223457,Terzo Piano,restaurant,,,,,,,
Millennium Park,27485.0,41.8810317,-87.62408432,250,231.35054456820828,food_drink,41.8798242,-87.62636,Miller’s Pub,restaurant,,,,,,,
Millennium Park,27485.0,41.8810317,-87.62408432,250,162.3590047117029,food_drink,41.8824156,-87.6247097,Starbucks,cafe,,,,,,,
Millennium Park,27485.0,41.8810317,-87.62408432,250,128.6635501417412,retail,41.8819857,-87.6249638,Graham Crackers Comics,,books,,,,,,
Millennium Park,27485.0,41.8810317,-87.62408432,250,202.1068163220514,food_drink,41.879262,-87.624641,Potbelly,fast_food,,,,,,,
Millennium Park,27485.0,41.8810317,-87.62408432,250,219.55203382705326,transit,41.8796751,-87.6260112,,,,,,,,subway_entrance,
Millennium Park,27485.0,41.8810317,-87.62408432,250,236.10151656032576,transit,41.8796601,-87.6262613,,,,,,,,subway_entrance,
Millennium Park,27485.0,41.8810317,-87.62408432,250,242.25115375251562,transit,41.8793874,-87.6260039,,,,,,,,subway_entrance,
Millennium Park,27485.0,41.8810317,-87.62408432,250,222.71024546133407,food_drink,41.8806526,-87.6267258,Freshii,restaurant,,,,,,,
Millennium Park,27485.0,41.8810317,-87.62408432,250,144.77920792801402,food_drink,41.882248,-87.6247084,Raising Cane's,fast_food,,,,,,,
Millennium Park,27485.0,41.8810317,-87.62408432,250,239.37954023554255,food_drink,41.8826872,-87.6259327,Oasis Cafe,restaurant,,,,,,,
Millennium Park,27485.0,41.8810317,-87.62408432,250,230.22638836298978,retail,41.8825325,-87.6260001,New York Jewelers,,jewelry,,,,,,
Millennium Park,27485.0,41.8810317,-87.62408432,250,220.43385093264666,retail,41.8824156,-87.6259908,Prudential Jewelers,,jewelry,,,,,,
Millennium Park,27485.0,41.8810317,-87.62408432,250,208.38172795566575,retail,41.882259,-87.6259865,Chicago Landmark Diamond Center,,jewelry,,,,,,
Millennium Park,27485.0,41.8810317,-87.62408432,250,186.1953143741423,retail,41.8819596,-87.6259565,Windy City Diamonds,,jewelry,,,,,,
Millennium Park,27485.0,41.8810317,-87.62408432,250,245.24827789550812,food_drink,41.8823365,-87.6264727,Dunkin',fast_food,,,,,,,
Millennium Park,27485.0,41.8810317,-87.62408432,250,237.61165954055252,food_drink,41.8826276,-87.625993,The Row Tavern,pub,,,,,,,
Millennium Park,27485.0,41.8810317,-87.62408432,250,247.8783169768616,retail,41.8827389,-87.6260097,Luo M. Jewelers,,jewelry,,,,,,
Millennium Park,27485.0,41.8810317,-87.62408432,250,157.17419194408868,retail,41.8813499,-87.6259341,Reckless Records,,music,,,,,,
Millennium Park,27485.0,41.8810317,-87.62408432,250,70.60184365691283,transit,41.8804034,-87.6242073,Michigan & Monroe,,,,,,platform,,bus_stop
Millennium Park,27485.0,41.8810317,-87.62408432,250,157.68611021407673,transit,41.8824491,-87.6241443,Michigan & Madison,,,,,,platform,,bus_stop
Millennium Park,27485.0,41.8810317,-87.62408432,250,88.45575794931436,tourism,41.8802887,-87.6237026,Flying Dragon,,,artwork,,,,,
Millennium Park,27485.0,41.8810317,-87.62408432,250,51.05030628630454,tourism,41.8805829,-87.6239544,Large Interior Form,,,artwork,,,,,
Millennium Park,27485.0,41.8810317,-87.62408432,250,188.1758799823305,food_drink,41.8826848,-87.6235979,The Park Grill,restaurant,,,,,,,
Millennium Park,27485.0,41.8810317,-87.62408432,250,78.47631213396076,food_drink,41.8815882,-87.6246673,Shake Shack,fast_food,,,,,,,
Millennium Park,27485.0,41.8810317,-87.62408432,250,158.50845421060674,retail,41.8796713,-87.6246563,,,vacant,,,,,,
Millennium Park,27485.0,41.8810317,-87.62408432,250,213.7340982338433,retail,41.8801279,-87.6263628,The UPS Store,post_office,copyshop,,,,,,
Millennium Park,27485.0,41.8810317,-87.62408432,250,227.2258635105772,food_drink,41.8805649,-87.6267564,Lobby Bar at Palmer House,bar,,,,,,,
Millennium Park,27485.0,41.8810317,-87.62408432,250,183.20266357652673,retail,41.881905,-87.6259608,Reuven Gitter Jewelers,,jewelry,,,,,,
Millennium Park,27485.0,41.8810317,-87.62408432,250,234.4139873334578,tourism,41.8794293,-87.6259242,Begin Historic Route 66,,,information,,,,,
Millennium Park,27485.0,41.8810317,-87.62408432,250,73.62429363199678,food_drink,41.8815293,-87.624671,Acanto,restaurant,,,,,,,
Millennium Park,27485.0,41.8810317,-87.62408432,250,53.78921344919338,food_drink,41.8812422,-87.6246693,The Gage,restaurant,,,,,,,
Millennium Park,27485.0,41.8810317,-87.62408432,250,159.65160737434988,food_drink,41.8814084,-87.6259452,Goddess and the Baker,cafe,,,,,,,
Millennium Park,27485.0,41.8810317,-87.62408432,250,48.998122670087604,retail,41.8811169,-87.624665,Bye Bye Chicago,,gift,,,,,,
Millennium Park,27485.0,41.8810317,-87.62408432,250,192.68679773152869,food_drink,41.8826989,-87.624719,Remington’s,restaurant,,,,,,,
Millennium Park,27485.0,41.8810317,-87.62408432,250,176.5159770340453,food_drink,41.8822253,-87.62549,Ryo Sushi,restaurant,,,,,,,
Millennium Park,27485.0,41.8810317,-87.62408432,250,115.5210832679482,office,41.8818813,-87.6248874,Scanlan Law Group,,,,lawyer,,,,
Millennium Park,27485.0,41.8810317,-87.62408432,250,241.04810522557705,transit,41.8825121,-87.6262113,Washington/Wabash,,,,,,station,station,
Millennium Park,27485.0,41.8810317,-87.62408432,250,201.67870038707682,transit,41.8819146,-87.6262123,Washington/Wabash,,,,,,stop_position,stop,
Millennium Park,27485.0,41.8810317,-87.62408432,250,216.38187700778542,transit,41.8796069,-87.6258645,Adams & Wabash (CTA),,,,,,platform,,bus_stop
Millennium Park,27485.0,41.8810317,-87.62408432,250,163.92882270366977,tourism,41.8796145,-87.6246298,Begin Route 66,,,attraction,,,,,
Millennium Park,27485.0,41.8810317,-87.62408432,250,234.2242640579466,retail,41.8830737,-87.6247787,Sonik Hearing Care Services,,hearing_aids,,,,,,
Millennium Park,27485.0,41.8810317,-87.62408432,250,229.5373949691989,retail,41.8818695,-87.6266183,Midwest Diamond Buyers Chicago IL,,financial,,,,,,
Millennium Park,27485.0,41.8810317,-87.62408432,250,176.87298332113625,retail,41.8817987,-87.625956,LaRon Jewelers,,jewelry,,,,,,
Millennium Park,27485.0,41.8810317,-87.62408432,250,222.9853463143704,transit,41.8795328,-87.6258736,Adams & Wabash (CTA),,,,,,stop_position,,
Millennium Park,27485.0,41.8810317,-87.62408432,250,87.21384353949848,transit,41.8803249,-87.624541,Michigan & Monroe,,,,,,platform,,bus_stop
Millennium Park,27485.0,41.8810317,-87.62408432,250,84.10157424475102,transit,41.8803315,-87.6244684,Michigan & Monroe,,,,,,stop_position,,
Millennium Park,27485.0,41.8810317,-87.62408432,250,71.3694516378758,transit,41.8804062,-87.6242776,Michigan & Monroe,,,,,,stop_position,,
Millennium Park,27485.0,41.8810317,-87.62408432,250,213.34297447766937,retail,41.8823313,-87.6259801,Jewels of Chicago,,watches,,,,,,
Millennium Park,27485.0,41.8810317,-87.62408432,250,158.0121178724179,transit,41.8824497,-87.624209,Michigan & Madison,,,,,,stop_position,,
Millennium Park,27485.0,41.8810317,-87.62408432,250,125.28973565289056,food_drink,41.8819871,-87.6248866,Chiya Chai,restaurant,,,,,,,
Millennium Park,27485.0,41.8810317,-87.62408432,250,192.56724453903828,transit,41.8820839,-87.6259318,Madison & Wabash,,,,,,stop_position,,
Millennium Park,27485.0,41.8810317,-87.62408432,250,132.11430492592476,transit,41.8807469,-87.6256336,Monroe & Wabash,,,,,,platform,,bus_stop
Millennium Park,27485.0,41.8810317,-87.62408432,250,165.56929272758256,retail,41.8815571,-87.6259556,Iwan Ries,,tobacco,,,,,,
Millennium Park,27485.0,41.8810317,-87.62408432,250,180.22070406515735,retail,41.8794137,-87.6239573,Art Institute’s Gardens,,bakery,,,,,,
Millennium Park,27485.0,41.8810317,-87.62408432,250,208.7074668724926,food_drink,41.8798388,-87.622138,Cafe Moderno,restaurant,,,,,,,
Millennium Park,27485.0,41.8810317,-87.62408432,250,98.15020374833104,food_drink,41.881757,-87.62476,Drawing Room,bar,,,,,,,
Millennium Park,27485.0,41.8810317,-87.62408432,250,132.83047113858765,health,41.8800931,-87.6250768,Linda Marino PhD,doctors,,,,,,,
Millennium Park,27485.0,41.8810317,-87.62408432,250,94.38203871805024,food_drink,41.8817593,-87.6246714,Fairgrounds Coffee and Tea,cafe,,,,,,,
Millennium Park,27485.0,41.8810317,-87.62408432,250,190.6973343074689,food_drink,41.8811741,-87.6263798,Flat Top Grill,restaurant,,,,,,,
Millennium Park,27485.0,41.8810317,-87.62408432,250,88.7858638348347,food_drink,41.8816018,-87.6248352,Game Room,bar,,,,,,,
Millennium Park,27485.0,41.8810317,-87.62408432,250,202.80627281399848,food_drink,41.8803679,-87.626366,Poke Poké,restaurant,,,,,,,
Millennium Park,27485.0,41.8810317,-87.62408432,250,206.68190051700984,retail,41.8802597,-87.6263553,Sugar Bliss Patisserie,,bakery,,,,,,
Millennium Park,27485.0,41.8810317,-87.62408432,250,197.01481648939605,transit,41.8821285,-87.6259533,Madison & Wabash,,,,,,platform,,bus_stop
Millennium Park,27485.0,41.8810317,-87.62408432,250,210.7683596279539,office,41.8792987,-87.6251156,South African Consulate-General,,,,diplomatic,,,,
Millennium Park,27485.0,41.8810317,-87.62408432,250,120.18046343455852,office,41.8800974,-87.6248141,Consulate General of the Philippines,,,,diplomatic,,,,
Millennium Park,27485.0,41.8810317,-87.62408432,250,65.20001876545905,tourism,41.880484,-87.6238031,Cubi VII,,,artwork,,,,,
Millennium Park,27485.0,41.8810317,-87.62408432,250,244.0134724290519,food_drink,41.8819267,-87.6267755,Hanabusa,cafe,,,,,,,
Millennium Park,27485.0,41.8810317,-87.62408432,250,90.1845776240098,food_drink,41.8816449,-87.6247973,Cindy’s,restaurant,,,,,,,
Millennium Park,27485.0,41.8810317,-87.62408432,250,50.77227626388162,food_drink,41.8811739,-87.6246671,Hot Woks Cool Sushi,restaurant,,,,,,,
Millennium Park,27485.0,41.8810317,-87.62408432,250,61.542346734338736,office,41.8810442,-87.6248275,National Survey Service Inc,,,,surveyor,,,,
Millennium Park,27485.0,41.8810317,-87.62408432,250,151.65618976210044,office,41.8803275,-87.6256531,Morgan & Morgan,,,,lawyer,,,,
Millennium Park,27485.0,41.8810317,-87.62408432,250,183.09363926377023,food_drink,41.8794397,-87.6246491,Starbucks,cafe,,,,,,,
Millennium Park,27485.0,41.8810317,-87.62408432,250,133.21193196193255,education,41.8810135,-87.6256932,John M. Flaxman Library,library,,,,,,,
Millennium Park,27485.0,41.8810317,-87.62408432,250,191.08629036510868,food_drink,41.8812877,-87.6263667,Naf Naf Grill,restaurant,,,,,,,
Millennium Park,27485.0,41.8810317,-87.62408432,250,241.6316141507235,transit,41.8824533,-87.6262918,,,,,,,,subway_entrance,
Millennium Park,27485.0,41.8810317,-87.62408432,250,229.85190384323326,transit,41.8824559,-87.6260966,,,,,,,,subway_entrance,
Millennium Park,27485.0,41.8810317,-87.62408432,250,199.11285039357855,food_drink,41.8815611,-87.6263819,Adamus Lounge,bar,,,,,,,
Millennium Park,27485.0,41.8810317,-87.62408432,250,170.83166403694378,retail,41.8816758,-87.6259577,Diamonds on Wabash,,jewelry,,,,,,
Millennium Park,27485.0,41.8810317,-87.62408432,250,196.12907124237577,retail,41.8807337,-87.6264193,,,newsagent,,,,,,
Millennium Park,27485.0,41.8810317,-87.62408432,250,126.95653557646374,food_drink,41.8799758,-87.6246677,Chick-fil-A,fast_food,,,,,,,
Millennium Park,27485.0,41.8810317,-87.62408432,250,108.63420061098317,tourism,41.8801592,-87.6246747,Iarca,,,gallery,,,,,
Millennium Park,27485.0,41.8810317,-87.62408432,250,66.29893375710044,tourism,41.8806197,-87.6246632,Pritzker Military Museum & Library,,,museum,,,,,
Millennium Park,27485.0,41.8810317,-87.62408432,250,193.79619278042995,food_drink,41.8794322,-87.625014,Kong Dog,restaurant,,,,,,,
Millennium Park,27485.0,41.8810317,-87.62408432,250,239.1822609966905,retail,41.8822575,-87.6264584,Circle K,,convenience,,,,,,
Millennium Park,27485.0,41.8810317,-87.62408432,250,173.68466241963074,retail,41.8819495,-87.6257819,Ethan Lord Jewelers,,jewelry,,,,,,
Millennium Park,27485.0,41.8810317,-87.62408432,250,49.14152098209229,food_drink,41.8810315,-87.6246779,TE'AMO Boba Bar,cafe,,,,,,,
Millennium Park,27485.0,41.8810317,-87.62408432,250,190.9326324047418,food_drink,41.8794348,-87.624932,Russian Tea Time,restaurant,,,,,,,
Millennium Park,27485.0,41.8810317,-87.62408432,250,164.25431281666883,retail,41.8818386,-87.6257462,America's Watches,,repair,,,,,,
Millennium Park,27485.0,41.8810317,-87.62408432,250,184.53849101901258,food_drink,41.882622,-87.6247217,SeoulSpice,restaurant,,,,,,,
Millennium Park,27485.0,41.8810317,-87.62408432,250,202.13004137069566,food_drink,41.8809573,-87.6265238,Momento Cantina,restaurant,,,,,,,
Millennium Park,27485.0,41.8810317,-87.62408432,250,190.8045528040619,retail,41.8812326,-87.6263732,,,vacant,,,,,,
Millennium Park,27485.0,41.8810317,-87.62408432,250,73.32709808972555,food_drink,41.8805294,-87.6246582,Sugary Chicago,cafe,,,,,,,
Millennium Park,27485.0,41.8810317,-87.62408432,250,191.77881232582607,retail,41.8799616,-87.625901,FedEx Office,post_office,copyshop,,,,,,
Millennium Park,27485.0,41.8810317,-87.62408432,250,149.72410945665905,tourism,41.8797339,-87.6245663,Route 66,,,information,,,,,
Millennium Park,27485.0,41.8810317,-87.62408432,250,200.45120007063952,retail,41.8822649,-87.6258504,Pia's Gems,,jewelry,,,,,,
Millennium Park,27485.0,41.8810317,-87.62408432,250,197.49626716510937,retail,41.8822276,-87.6258481,I & M Watch Repair & Jewelry,,watches,,,,,,
Millennium Park,27485.0,41.8810317,-87.62408432,250,221.0279414730962,retail,41.8826789,-87.6255787,Teranz Boutique,,clothes,,,,,,
Millennium Park,27485.0,41.8810317,-87.62408432,250,94.01888349665367,food_drink,41.8816233,-87.6248957,The Ives,restaurant,,,,,,,
Millennium Park,27485.0,41.8810317,-87.62408432,250,241.6405982622543,retail,41.8796497,-87.6263368,Chitown Food & Deli,,convenience,,,,,,
Millennium Park,27485.0,41.8810317,-87.62408432,250,190.86218434101892,food_drink,41.8809801,-87.6263887,Momento Taquería,fast_food,,,,,,,
Millennium Park,27485.0,41.8810317,-87.62408432,250,130.55364226737842,transit,41.8808131,-87.6256337,Monroe & Wabash,,,,,,stop_position,,
Navy Pier,34777.0,41.892278,-87.612043,250,128.72662920940877,transit,41.8928775,-87.6107126,Navy Pier Terminal,,,,,,stop_position,,
Navy Pier,34777.0,41.892278,-87.612043,250,236.18314426084726,food_drink,41.8914624,-87.6094084,Harry Caray's Tavern,pub,,,,,,,
Navy Pier,34777.0,41.892278,-87.612043,250,113.20814849349186,food_drink,41.893123,-87.6128059,Caffè Oliva,restaurant,,,,,,,
Navy Pier,34777.0,41.892278,-87.612043,250,155.70521884349608,food_drink,41.8930319,-87.6136282,Caffè Oliva concession,fast_food,,,,,,,
Navy Pier,34777.0,41.892278,-87.612043,250,185.85362240101725,tourism,41.8913145,-87.6102083,Crack The Whip,,,artwork,,,,,
Navy Pier,34777.0,41.892278,-87.612043,250,189.20336761488807,transit,41.8905809,-87.6122081,Navy Pier (River Route),ferry_terminal,,,,,station,,
Navy Pier,34777.0,41.892278,-87.612043,250,25.643144221315726,transit,41.8920631,-87.6121554,Grand & Streeter,,,,,,platform,,bus_stop
Navy Pier,34777.0,41.892278,-87.612043,250,167.82912307045737,transit,41.8925955,-87.6100608,Navy Pier Terminal,,,,,,platform,,bus_stop
Navy Pier,34777.0,41.892278,-87.612043,250,164.8748931178422,transit,41.892344,-87.6100531,Navy Pier Terminal,,,,,,platform,,bus_stop
Navy Pier,34777.0,41.892278,-87.612043,250,155.93406579070222,transit,41.8925921,-87.610207,Navy Pier Terminal,,,,,,platform,,bus_stop
Navy Pier,34777.0,41.892278,-87.612043,250,153.08639867122426,transit,41.8923413,-87.6101955,Navy Pier Terminal,,,,,,platform,,bus_stop
Navy Pier,34777.0,41.892278,-87.612043,250,157.66360640050266,transit,41.8923514,-87.6101408,Navy Pier Terminal,,,,,,stop_position,,
Navy Pier,34777.0,41.892278,-87.612043,250,160.8605603657198,transit,41.8925945,-87.6101467,Navy Pier Terminal,,,,,,stop_position,,
Navy Pier,34777.0,41.892278,-87.612043,250,170.0470017362998,transit,41.8923497,-87.6099909,Navy Pier Terminal,,,,,,stop_position,,
Navy Pier,34777.0,41.892278,-87.612043,250,173.23896970979587,transit,41.8925973,-87.6099945,Navy Pier Terminal,,,,,,stop_position,,
Navy Pier,34777.0,41.892278,-87.612043,250,36.62743848462633,transit,41.8919558,-87.612135,Grand & Streeter,,,,,,stop_position,,
Navy Pier,34777.0,41.892278,-87.612043,250,107.68428376297445,food_drink,41.8913101,-87.6120001,Casa Margarita,restaurant,,,,,,,
Navy Pier,34777.0,41.892278,-87.612043,250,231.5782260653754,retail,41.8917844,-87.609325,Brown Sugar Bakery,,bakery,,,,,,
Navy Pier,34777.0,41.892278,-87.612043,250,200.72589605385568,food_drink,41.8919214,-87.6096658,Giordano's Pizzeria,restaurant,,,,,,,
Navy Pier,34777.0,41.892278,-87.612043,250,184.06311383740942,retail,41.8906391,-87.6117306,Shoreline Sightseeing,,ticket,,,,,,
Navy Pier,34777.0,41.892278,-87.612043,250,181.90262793134406,transit,41.8918062,-87.6099388,Paratransit,,,,,,platform,,bus_stop
Navy Pier,34777.0,41.892278,-87.612043,250,129.53171842471443,transit,41.8928418,-87.6106736,Navy Pier Terminal,,,,,,platform,,bus_stop
Navy Pier,34777.0,41.892278,-87.612043,250,157.4410877003866,transit,41.8910562,-87.6130042,Illinois & Lake Shore Drive,,,,,,platform,,bus_stop
Navy Pier,34777.0,41.892278,-87.612043,250,154.48961557811677,tourism,41.8910129,-87.6128145,,,,artwork,,,,,
Navy Pier,34777.0,41.892278,-87.612043,250,151.29241152502775,transit,41.8911236,-87.6130104,Illinois & Lake Shore Drive,,,,,,stop_position,,
Navy Pier,34777.0,41.892278,-87.612043,250,185.8621749112847,transit,41.8906314,-87.6116569,Shoreline Sightseeing,ferry_terminal,,,,,station,,
Navy Pier,34777.0,41.892278,-87.612043,250,182.90885792295308,tourism,41.8909934,-87.6134232,,,,information,,,,,
Navy Pier,34777.0,41.892278,-87.612043,250,143.49312403420782,tourism,41.8910758,-87.6114129,,,,information,,,,,
Navy Pier,34777.0,41.892278,-87.612043,250,249.74074749285006,tourism,41.8919035,-87.6090681,Flyover,,,attraction,,,,,
Navy Pier,34777.0,41.892278,-87.612043,250,145.4173142156076,tourism,41.8912135,-87.6110225,Illinois & Michigan National Heritage Corridor,,,information,,,,,
Navy Pier,34777.0,41.892278,-87.612043,250,165.4153734694263,retail,41.8910481,-87.6109188,Bike & Roll,bicycle_rental,rental,,,,,,
Navy Pier,34777.0,41.892278,-87.612043,250,219.1905759532341,food_drink,41.8914286,-87.6096534,Reunion by Chef Art Smith,restaurant,,,,,,,
Orleans St & Merchandise Mart Plaza,19939.0,41.888243,-87.63638999999999,250,96.12072509603036,food_drink,41.8889423,-87.6357074,Nick's Fishmarket Grill,restaurant,,,,,,,
Orleans St & Merchandise Mart Plaza,19939.0,41.888243,-87.63638999999999,250,215.89591986046474,food_drink,41.8892942,-87.6341972,Kinzie Chophouse,restaurant,,,,,,,
Orleans St & Merchandise Mart Plaza,19939.0,41.888243,-87.63638999999999,250,194.6377611818187,transit,41.8882964,-87.6340398,Merchandise Mart,,,,,,stop_position,stop,
Orleans St & Merchandise Mart Plaza,19939.0,41.888243,-87.63638999999999,250,230.9623532847521,transit,41.8893197,-87.634004,Merchandise Mart,,,,,,stop_position,stop,
Orleans St & Merchandise Mart Plaza,19939.0,41.888243,-87.63638999999999,250,228.76620007892163,transit,41.8894333,-87.6341359,,,,,,,,subway_entrance,
Orleans St & Merchandise Mart Plaza,19939.0,41.888243,-87.63638999999999,250,243.882460862047,transit,41.8894333,-87.6339154,,,,,,,,subway_entrance,
Orleans St & Merchandise Mart Plaza,19939.0,41.888243,-87.63638999999999,250,121.2236496245355,tourism,41.8881356,-87.6378473,Holiday Inn Chicago Mart Plaza,,,hotel,,,,,
Orleans St & Merchandise Mart Plaza,19939.0,41.888243,-87.63638999999999,250,162.5700049014372,food_drink,41.8884976,-87.6344561,Starbucks,cafe,,,,,,,
Orleans St & Merchandise Mart Plaza,19939.0,41.888243,-87.63638999999999,250,164.16123959319944,food_drink,41.8885815,-87.6344597,Dunkin',fast_food,,,,,,,
Orleans St & Merchandise Mart Plaza,19939.0,41.888243,-87.63638999999999,250,206.18903744349566,food_drink,41.8900973,-87.6363899,Subway,fast_food,,,,,,,
Orleans St & Merchandise Mart Plaza,19939.0,41.888243,-87.63638999999999,250,223.71024296430485,food_drink,41.8863143,-87.635621,Cafe 333,restaurant,,,,,,,
Orleans St & Merchandise Mart Plaza,19939.0,41.888243,-87.63638999999999,250,191.25158510046197,transit,41.8886822,-87.6341562,,,,,,,,subway_entrance,
Orleans St & Merchandise Mart Plaza,19939.0,41.888243,-87.63638999999999,250,231.93535500125483,retail,41.8902382,-87.637207,Gordon's Ace Hardware - Orleans,,doityourself,,,,,,
Orleans St & Merchandise Mart Plaza,19939.0,41.888243,-87.63638999999999,250,245.0193978925592,retail,41.8903537,-87.63724,Petco,,pet,,,,,,
Orleans St & Merchandise Mart Plaza,19939.0,41.888243,-87.63638999999999,250,183.6409950789579,food_drink,41.8897866,-87.6371788,Starbucks,cafe,,,,,,,
Orleans St & Merchandise Mart Plaza,19939.0,41.888243,-87.63638999999999,250,130.34983231074085,food_drink,41.8892616,-87.6371694,Subway,fast_food,,,,,,,
Orleans St & Merchandise Mart Plaza,19939.0,41.888243,-87.63638999999999,250,158.76826275306757,food_drink,41.8894615,-87.6353902,Doughnut Vault,cafe,,,,,,,
Orleans St & Merchandise Mart Plaza,19939.0,41.888243,-87.63638999999999,250,215.63643775812264,health,41.8900854,-87.637203,CVS Pharmacy,pharmacy,,,,,,,
Orleans St & Merchandise Mart Plaza,19939.0,41.888243,-87.63638999999999,250,83.21046243402941,tourism,41.8878568,-87.635529,Aaron Montgomery Ward,,,artwork,,,,,
Orleans St & Merchandise Mart Plaza,19939.0,41.888243,-87.63638999999999,250,88.33495983838776,tourism,41.8878577,-87.6354568,Edward Albert Filene,,,artwork,,,,,
Orleans St & Merchandise Mart Plaza,19939.0,41.888243,-87.63638999999999,250,93.63767800035234,tourism,41.8878581,-87.6353839,George Huntington Hartford,,,artwork,,,,,
Orleans St & Merchandise Mart Plaza,19939.0,41.888243,-87.63638999999999,250,99.06174754347057,tourism,41.8878599,-87.6353096,John Wanamaker,,,artwork,,,,,
Orleans St & Merchandise Mart Plaza,19939.0,41.888243,-87.63638999999999,250,109.95683602410931,tourism,41.887861,-87.6351648,Marshall Field,,,artwork,,,,,
Orleans St & Merchandise Mart Plaza,19939.0,41.888243,-87.63638999999999,250,115.49575658195077,tourism,41.887863,-87.6350915,Julius Rosenwald,,,artwork,,,,,
Orleans St & Merchandise Mart Plaza,19939.0,41.888243,-87.63638999999999,250,121.12825577471794,tourism,41.8878633,-87.6350185,Frank W. Woolworth,,,artwork,,,,,
Orleans St & Merchandise Mart Plaza,19939.0,41.888243,-87.63638999999999,250,126.75582580127524,tourism,41.8878637,-87.634946,Robert E. Wood,,,artwork,,,,,
Orleans St & Merchandise Mart Plaza,19939.0,41.888243,-87.63638999999999,250,233.26101139412725,retail,41.8895583,-87.6341948,,,vacant,,,,,,
Orleans St & Merchandise Mart Plaza,19939.0,41.888243,-87.63638999999999,250,212.94842839242676,food_drink,41.8900946,-87.6357331,Coco Pazzo,restaurant,,,,,,,
Orleans St & Merchandise Mart Plaza,19939.0,41.888243,-87.63638999999999,250,59.67535283091949,office,41.8887267,-87.6360777,Braintree,,,,company,,,,
Orleans St & Merchandise Mart Plaza,19939.0,41.888243,-87.63638999999999,250,238.31858705940374,transit,41.8862534,-87.6353196,Franklin & Lake/West Wacker,,,,,,platform,,bus_stop
Orleans St & Merchandise Mart Plaza,19939.0,41.888243,-87.63638999999999,250,227.70077526548863,transit,41.886199,-87.6362234,Wacker (Upper) & Lake,,,,,,platform,,bus_stop
Orleans St & Merchandise Mart Plaza,19939.0,41.888243,-87.63638999999999,250,49.887657152435764,transit,41.8885972,-87.6367599,Orleans & Merchandise Mart,,,,,,platform,,bus_stop
Orleans St & Merchandise Mart Plaza,19939.0,41.888243,-87.63638999999999,250,237.77314196205236,tourism,41.8898084,-87.6383468,The Athlete,,,artwork,,,,,
Orleans St & Merchandise Mart Plaza,19939.0,41.888243,-87.63638999999999,250,169.71535067065668,food_drink,41.889285,-87.6348919,Bavette's Bar & Boeuf,restaurant,,,,,,,
Orleans St & Merchandise Mart Plaza,19939.0,41.888243,-87.63638999999999,250,180.28899123842226,transit,41.8898213,-87.6368887,Orleans & Hubbard,,,,,,platform,,bus_stop
Orleans St & Merchandise Mart Plaza,19939.0,41.888243,-87.63638999999999,250,195.89173752403428,transit,41.8885609,-87.6340624,Wells & Merchandise Mart (Brown Line),,,,,,platform,,bus_stop
Orleans St & Merchandise Mart Plaza,19939.0,41.888243,-87.63638999999999,250,208.43534473112578,transit,41.8888417,-87.6340039,Merchandise Mart,,,,,,station,station,
Orleans St & Merchandise Mart Plaza,19939.0,41.888243,-87.63638999999999,250,143.9796042768523,food_drink,41.8892737,-87.6353372,Gilt Bar,bar,,,,,,,
Orleans St & Merchandise Mart Plaza,19939.0,41.888243,-87.63638999999999,250,235.7790882322909,food_drink,41.8890366,-87.6337487,Highline Bar + Lounge,restaurant,,,,,,,
Orleans St & Merchandise Mart Plaza,19939.0,41.888243,-87.63638999999999,250,175.53445358711917,food_drink,41.8896816,-87.6372631,Reverie,bar,,,,,,,
Orleans St & Merchandise Mart Plaza,19939.0,41.888243,-87.63638999999999,250,202.58863307830202,food_drink,41.889785,-87.6376935,The Hampton Social - River North,restaurant,,,,,,,
Orleans St & Merchandise Mart Plaza,19939.0,41.888243,-87.63638999999999,250,233.3067568831168,food_drink,41.8900951,-87.6377144,Edie's All Day Cafe & Bar,restaurant,,,,,,,
Orleans St & Merchandise Mart Plaza,19939.0,41.888243,-87.63638999999999,250,210.69075845640194,food_drink,41.889796,-87.6378482,The Bassment,bar,,,,,,,
Orleans St & Merchandise Mart Plaza,19939.0,41.888243,-87.63638999999999,250,156.57708063504927,food_drink,41.8892822,-87.6351136,The Library,bar,,,,,,,
Orleans St & Merchandise Mart Plaza,19939.0,41.888243,-87.63638999999999,250,214.80338769954605,office,41.8865777,-87.6350749,Boston Consulting Group,,,,consulting,,,,
Orleans St & Merchandise Mart Plaza,19939.0,41.888243,-87.63638999999999,250,170.64508302370695,food_drink,41.8888053,-87.6344719,Billy Goat Tavern - at the MART,restaurant,,,,,,,
Orleans St & Merchandise Mart Plaza,19939.0,41.888243,-87.63638999999999,250,99.94382287991081,food_drink,41.8881823,-87.6375946,Cityscape Bar,bar,,,,,,,
Orleans St & Merchandise Mart Plaza,19939.0,41.888243,-87.63638999999999,250,189.97590916200014,food_drink,41.8892889,-87.6345753,Shamrock Club,bar,,,,,,,
Orleans St & Merchandise Mart Plaza,19939.0,41.888243,-87.63638999999999,250,84.20364870100707,food_drink,41.8886183,-87.6372735,Infuse Coffee and Tea Bar,cafe,,,,,,,
Orleans St & Merchandise Mart Plaza,19939.0,41.888243,-87.63638999999999,250,150.01537482565172,food_drink,41.8892786,-87.6352285,Ciccio Mio,restaurant,,,,,,,
Orleans St & Merchandise Mart Plaza,19939.0,41.888243,-87.63638999999999,250,211.1981456383234,food_drink,41.8897503,-87.6348376,Joe & The Juice,cafe,,,,,,,
Orleans St & Merchandise Mart Plaza,19939.0,41.888243,-87.63638999999999,250,84.0233414740244,retail,41.8887204,-87.6371768,Three Fox Five,,bakery,,,,,,
Orleans St & Merchandise Mart Plaza,19939.0,41.888243,-87.63638999999999,250,248.04875002914673,food_drink,41.8866999,-87.6342261,Tabo Sushi,restaurant,,,,,,,
Orleans St & Merchandise Mart Plaza,19939.0,41.888243,-87.63638999999999,250,248.44039032205998,office,41.8860208,-87.6360784,Michael C. Craven,,,,lawyer,,,,
Orleans St & Merchandise Mart Plaza,19939.0,41.888243,-87.63638999999999,250,181.96901813624143,transit,41.8898194,-87.6369802,Orleans & Hubbard,,,,,,stop_position,,
Orleans St & Merchandise Mart Plaza,19939.0,41.888243,-87.63638999999999,250,53.14794302593075,transit,41.8885671,-87.6368619,Orleans & Merchandise Mart,,,,,,stop_position,,
Orleans St & Merchandise Mart Plaza,19939.0,41.888243,-87.63638999999999,250,234.81703315606387,transit,41.8862542,-87.6354362,Franklin & Lake/West Wacker,,,,,,stop_position,,
Orleans St & Merchandise Mart Plaza,19939.0,41.888243,-87.63638999999999,250,201.33053345929358,transit,41.8886048,-87.6340069,Wells & Merchandise Mart (Brown Line),,,,,,stop_position,,
Orleans St & Merchandise Mart Plaza,19939.0,41.888243,-87.63638999999999,250,236.01138444293497,office,41.8865753,-87.6346264,"Ansari & Shapiro, LLC",,,,lawyer,,,,
Orleans St & Merchandise Mart Plaza,19939.0,41.888243,-87.63638999999999,250,215.60689123931786,retail,41.8901317,-87.6358006,Eggersmann Kitchens Home Living - Chicago,,cabinet_maker,,,,,,
Orleans St & Merchandise Mart Plaza,19939.0,41.888243,-87.63638999999999,250,217.31308430453942,office,41.8865174,-87.6351576,Rosenfeld Injury Lawyers LLC,,,,lawyer,,,,
Orleans St & Merchandise Mart Plaza,19939.0,41.888243,-87.63638999999999,250,68.25739158726914,food_drink,41.8878576,-87.6370318,Blue Bottle Coffee,cafe,,,,,,,
Orleans St & Merchandise Mart Plaza,19939.0,41.888243,-87.63638999999999,250,234.09517861911516,food_drink,41.8897447,-87.634408,Brown Bag Seafood Co.,restaurant,,,,,,,
Orleans St & Merchandise Mart Plaza,19939.0,41.888243,-87.63638999999999,250,225.59868311382553,retail,41.8894517,-87.6342011,Gianni,,furniture,,,,,,
Orleans St & Merchandise Mart Plaza,19939.0,41.888243,-87.63638999999999,250,170.0426342039231,retail,41.8885046,-87.6343661,FedEx Office,post_office,copyshop,,,,,,
Orleans St & Merchandise Mart Plaza,19939.0,41.888243,-87.63638999999999,250,238.7585373043237,food_drink,41.8866968,-87.6343887,Dunkin',fast_food,,,,,,,
Orleans St & Merchandise Mart Plaza,19939.0,41.888243,-87.63638999999999,250,245.62266334963212,retail,41.8902003,-87.6350146,Roche Bobois,,furniture,,,,,,
Orleans St & Merchandise Mart Plaza,19939.0,41.888243,-87.63638999999999,250,193.69798648562258,retail,41.8897814,-87.6352923,Studio41,,kitchen,,,,,,
Orleans St & Merchandise Mart Plaza,19939.0,41.888243,-87.63638999999999,250,205.8965797546867,retail,41.8900873,-87.6366117,daltile,,tiles,,,,,,
Orleans St & Merchandise Mart Plaza,19939.0,41.888243,-87.63638999999999,250,223.00362768527884,transit,41.8862386,-87.6363001,Wacker (Upper) & Lake,,,,,,stop_position,,
Orleans St & Merchandise Mart Plaza,19939.0,41.888243,-87.63638999999999,250,193.58969982548294,food_drink,41.8870421,-87.6346968,Brews & Bites Riverwalk,restaurant,,,,,,,
Orleans St & Merchandise Mart Plaza,19939.0,41.888243,-87.63638999999999,250,73.90639290684616,food_drink,41.8882284,-87.6354974,Marshall’s Landing,cafe,,,,,,,
Shedd Aquarium,19506.0,41.86722596201104,-87.61535540410257,250,141.9655989018326,tourism,41.8672178,-87.6170698,Big Beaver Totem Pole,,,artwork,,,,,
Shedd Aquarium,19506.0,41.86722596201104,-87.61535540410257,250,153.81263807162063,transit,41.8685933,-87.6156365,Museum Campus,ferry_terminal,,,,,station,,
Shedd Aquarium,19506.0,41.86722596201104,-87.61535540410257,250,148.3025853700571,tourism,41.8675795,-87.6170823,,,,information,,,,,
Shedd Aquarium,19506.0,41.86722596201104,-87.61535540410257,250,31.42036677998343,tourism,41.8671514,-87.6157214,Olmec Head,,,artwork,,,,,
Shedd Aquarium,19506.0,41.86722596201104,-87.61535540410257,250,180.94811917338401,tourism,41.8686531,-87.6164054,,,,artwork,,,,,
Shedd Aquarium,19506.0,41.86722596201104,-87.61535540410257,250,176.29127030786162,tourism,41.8662359,-87.6170182,Field Museum Map,,,information,,,,,
Shedd Aquarium,19506.0,41.86722596201104,-87.61535540410257,250,123.18191870367046,tourism,41.8662438,-87.6160435,Sue the Dinosaur,,,artwork,,,,,
Shedd Aquarium,19506.0,41.86722596201104,-87.61535540410257,250,61.404193052663096,food_drink,41.8675707,-87.6159347,Kim and Carlo‘s Chicago Style Hot Dog Store,fast_food,,,,,,,
Shedd Aquarium,19506.0,41.86722596201104,-87.61535540410257,250,207.23246100195473,food_drink,41.8689264,-87.6163797,,fast_food,,,,,,,
Shedd Aquarium,19506.0,41.86722596201104,-87.61535540410257,250,234.9758145704531,transit,41.8651286,-87.6150088,Soldier Field & Field Museum,,,,,,platform,,bus_stop
Shedd Aquarium,19506.0,41.86722596201104,-87.61535540410257,250,199.70630484651608,transit,41.8664796,-87.6131618,Solidarity Drive & Shedd Aquarium,,,,,,platform,,bus_stop
Shedd Aquarium,19506.0,41.86722596201104,-87.61535540410257,250,58.23417663203137,tourism,41.8671386,-87.614662,Man with Fish,,,artwork,,,,,
Shedd Aquarium,19506.0,41.86722596201104,-87.61535540410257,250,187.42913746594746,food_drink,41.8680881,-87.6134104,Soundings Cafe,cafe,,,,,,,
Shedd Aquarium,19506.0,41.86722596201104,-87.61535540410257,250,207.82779369872785,tourism,41.867919,-87.6130245,Dolphin,,,attraction,,,,,
Shedd Aquarium,19506.0,41.86722596201104,-87.61535540410257,250,195.1398407688742,tourism,41.8673317,-87.6130031,Beluga,,,attraction,,,,,
Shedd Aquarium,19506.0,41.86722596201104,-87.61535540410257,250,177.63529973552764,tourism,41.8674176,-87.6132257,Sea Lion,,,attraction,,,,,
Shedd Aquarium,19506.0,41.86722596201104,-87.61535540410257,250,191.77355590976512,tourism,41.8678633,-87.6132034,Sea Otter,,,attraction,,,,,
Shedd Aquarium,19506.0,41.86722596201104,-87.61535540410257,250,182.9760104250551,tourism,41.8675992,-87.6132033,Penguins,,,attraction,,,,,
Shedd Aquarium,19506.0,41.86722596201104,-87.61535540410257,250,245.94712045752638,transit,41.8650289,-87.6150125,Soldier Field & Field Museum,,,,,,stop_position,,
Shedd Aquarium,19506.0,41.86722596201104,-87.61535540410257,250,202.28641554740136,transit,41.8664231,-87.6131633,Solidarity Drive & Shedd Aquarium,,,,,,stop_position,,
Shedd Aquarium,19506.0,41.86722596201104,-87.61535540410257,250,45.62970687730986,tourism,41.8668158,-87.6153724,Mending Wall,,,artwork,,,,,
State St & Chicago Ave,26150.0,41.896617200407526,-87.62857854366302,250,131.28585950928556,education,41.8971495,-87.6271627,Loyola Law School,college,,,,,,,
State St & Chicago Ave,26150.0,41.896617200407526,-87.62857854366302,250,219.9725724336462,food_drink,41.8955398,-87.6263496,Jake Melnick's Corner Tap,restaurant,,,,,,,
State St & Chicago Ave,26150.0,41.896617200407526,-87.62857854366302,250,66.59057771156856,transit,41.8965961,-87.6277745,,,,,,,,subway_entrance,
State St & Chicago Ave,26150.0,41.896617200407526,-87.62857854366302,250,62.60333636869771,transit,41.8967788,-87.627854,,,,,,,,subway_entrance,
State St & Chicago Ave,26150.0,41.896617200407526,-87.62857854366302,250,32.41404213232316,transit,41.8966356,-87.6281877,Chicago,,,,,,station,station,
State St & Chicago Ave,26150.0,41.896617200407526,-87.62857854366302,250,73.05093365385649,food_drink,41.8972571,-87.6283787,Subway,fast_food,,,,,,,
State St & Chicago Ave,26150.0,41.896617200407526,-87.62857854366302,250,218.83084445977843,retail,41.8947163,-87.6278941,Medinah Barber Shop,,hairdresser,,,,,,
State St & Chicago Ave,26150.0,41.896617200407526,-87.62857854366302,250,231.04073813730216,transit,41.8968094,-87.631358,Clark & Chicago,,,,,,platform,,bus_stop
State St & Chicago Ave,26150.0,41.896617200407526,-87.62857854366302,250,209.6688108678838,food_drink,41.8984675,-87.6280907,Tempo Cafe,cafe,,,,,,,
State St & Chicago Ave,26150.0,41.896617200407526,-87.62857854366302,250,16.690659027769723,retail,41.8964677,-87.6285605,Whole Foods Market,,supermarket,,,,,,
State St & Chicago Ave,26150.0,41.896617200407526,-87.62857854366302,250,238.3126074899138,food_drink,41.895043,-87.6266247,Cafe L'Appetito,cafe,,,,,,,
State St & Chicago Ave,26150.0,41.896617200407526,-87.62857854366302,250,226.62465159225286,food_drink,41.8969347,-87.6258739,Devil Dawgs,fast_food,,,,,,,
State St & Chicago Ave,26150.0,41.896617200407526,-87.62857854366302,250,159.1678817051141,food_drink,41.8965214,-87.6266598,Pippin's Tavern,pub,,,,,,,
State St & Chicago Ave,26150.0,41.896617200407526,-87.62857854366302,250,248.90076856723334,retail,41.8947226,-87.6269771,Jonathan Adler,,houseware,,,,,,
State St & Chicago Ave,26150.0,41.896617200407526,-87.62857854366302,250,170.51077455276268,tourism,41.897688,-87.6271039,Baumhart Lodging at Loyola University Chicago,,,hotel,,,,,
State St & Chicago Ave,26150.0,41.896617200407526,-87.62857854366302,250,232.46369359622014,transit,41.8946787,-87.6296302,Dearborn & Huron,,,,,,platform,,bus_stop
State St & Chicago Ave,26150.0,41.896617200407526,-87.62857854366302,250,221.75982523824635,retail,41.8950381,-87.630215,Van Cleef Salon,,hairdresser,,,,,,
State St & Chicago Ave,26150.0,41.896617200407526,-87.62857854366302,250,182.1772174295597,transit,41.894995,-87.6282702,State & Huron,,,,,,platform,,bus_stop
State St & Chicago Ave,26150.0,41.896617200407526,-87.62857854366302,250,32.65520286347924,transit,41.8964055,-87.6283051,State & Chicago (Red Line),,,,,,platform,,bus_stop
State St & Chicago Ave,26150.0,41.896617200407526,-87.62857854366302,250,211.95418741357523,transit,41.8947513,-87.6280551,State & Huron,,,,,,platform,,bus_stop
State St & Chicago Ave,26150.0,41.896617200407526,-87.62857854366302,250,43.27983837027228,transit,41.8964884,-87.6280851,State & Chicago (Red Line),,,,,,platform,,bus_stop
State St & Chicago Ave,26150.0,41.896617200407526,-87.62857854366302,250,52.786915280810476,transit,41.8962216,-87.628226,Chicago,,,,,,stop_position,stop,
State St & Chicago Ave,26150.0,41.896617200407526,-87.62857854366302,250,57.37068123816192,transit,41.8970431,-87.6281873,Chicago,,,,,,stop_position,stop,
State St & Chicago Ave,26150.0,41.896617200407526,-87.62857854366302,250,19.802979780566144,transit,41.8967738,-87.6284646,,,,,,,,subway_entrance,
State St & Chicago Ave,26150.0,41.896617200407526,-87.62857854366302,250,182.79591664529474,food_drink,41.8959343,-87.6265696,Sunny Side Up & Coffee Shoppe,cafe,,,,,,,
State St & Chicago Ave,26150.0,41.896617200407526,-87.62857854366302,250,248.82479857431198,food_drink,41.8960824,-87.6314977,Clark Street Ale House - River North,bar,,,,,,,
State St & Chicago Ave,26150.0,41.896617200407526,-87.62857854366302,250,215.4581979879817,food_drink,41.8958096,-87.6309448,Chicago Winery,restaurant,,,,,,,
State St & Chicago Ave,26150.0,41.896617200407526,-87.62857854366302,250,194.12612975758267,food_drink,41.8969107,-87.6262665,Streeter's Tavern,bar,,,,,,,
State St & Chicago Ave,26150.0,41.896617200407526,-87.62857854366302,250,246.00629299819698,food_drink,41.8960149,-87.6314385,Seoul Taco,restaurant,,,,,,,
State St & Chicago Ave,26150.0,41.896617200407526,-87.62857854366302,250,121.81900182052819,food_drink,41.8955249,-87.6286917,Roy's Restaurant,restaurant,,,,,,,
State St & Chicago Ave,26150.0,41.896617200407526,-87.62857854366302,250,200.48132358510253,food_drink,41.8963281,-87.6309694,Celtic Crossing,bar,,,,,,,
State St & Chicago Ave,26150.0,41.896617200407526,-87.62857854366302,250,249.0566624012839,food_drink,41.8974109,-87.6257647,Starbucks,cafe,,,,,,,
State St & Chicago Ave,26150.0,41.896617200407526,-87.62857854366302,250,50.95891749941028,food_drink,41.8970455,-87.6283595,Friends Ramen,restaurant,,,,,,,
State St & Chicago Ave,26150.0,41.896617200407526,-87.62857854366302,250,225.41481939783293,retail,41.8964994,-87.6258597,Leonidas,,chocolate,,,,,,
State St & Chicago Ave,26150.0,41.896617200407526,-87.62857854366302,250,237.05844541006172,food_drink,41.8965007,-87.6257187,Stan's Donuts & Coffee,cafe,,,,,,,
State St & Chicago Ave,26150.0,41.896617200407526,-87.62857854366302,250,185.41833693307197,food_drink,41.8950583,-87.6277833,Joe & The Juice,cafe,,,,,,,
State St & Chicago Ave,26150.0,41.896617200407526,-87.62857854366302,250,146.25103879026142,food_drink,41.8978761,-87.6280668,Alpana,restaurant,,,,,,,
State St & Chicago Ave,26150.0,41.896617200407526,-87.62857854366302,250,183.86116187975205,food_drink,41.8978759,-87.627138,Bistronomic,restaurant,,,,,,,
State St & Chicago Ave,26150.0,41.896617200407526,-87.62857854366302,250,66.00822291525563,transit,41.896776,-87.6278101,Chicago & State (Red Line),,,,,,platform,,bus_stop
State St & Chicago Ave,26150.0,41.896617200407526,-87.62857854366302,250,187.2490707865828,transit,41.8965653,-87.6308398,Chicago & Clark,,,,,,platform,,bus_stop
State St & Chicago Ave,26150.0,41.896617200407526,-87.62857854366302,250,70.75022687566225,transit,41.8966099,-87.6277238,Chicago & State (Red Line),,,,,,platform,,bus_stop
State St & Chicago Ave,26150.0,41.896617200407526,-87.62857854366302,250,224.8554084453509,retail,41.8977298,-87.62631,Bentley Gold Coast,,car,,,,,,
State St & Chicago Ave,26150.0,41.896617200407526,-87.62857854366302,250,104.4769004214924,transit,41.8970246,-87.629716,Dearborn & Chicago,,,,,,platform,,bus_stop
State St & Chicago Ave,26150.0,41.896617200407526,-87.62857854366302,250,227.75993302017045,transit,41.8947527,-87.6297178,Dearborn & Huron,,,,,,stop_position,,
State St & Chicago Ave,26150.0,41.896617200407526,-87.62857854366302,250,107.80769918208944,transit,41.8969773,-87.6297879,Dearborn & Chicago,,,,,,stop_position,,
State St & Chicago Ave,26150.0,41.896617200407526,-87.62857854366302,250,222.05090724713776,transit,41.8968132,-87.6312484,Clark & Chicago,,,,,,stop_position,,
State St & Chicago Ave,26150.0,41.896617200407526,-87.62857854366302,250,123.11775904159587,food_drink,41.8955117,-87.6284956,Tzuco,restaurant,,,,,,,
State St & Chicago Ave,26150.0,41.896617200407526,-87.62857854366302,250,211.23935386861746,transit,41.8947436,-87.6281568,State & Huron,,,,,,stop_position,,
State St & Chicago Ave,26150.0,41.896617200407526,-87.62857854366302,250,178.70045188844747,transit,41.8950401,-87.6281634,State & Huron,,,,,,stop_position,,
State St & Chicago Ave,26150.0,41.896617200407526,-87.62857854366302,250,34.95797038105418,transit,41.8964745,-87.6282022,State & Chicago (Red Line),,,,,,stop_position,,
State St & Chicago Ave,26150.0,41.896617200407526,-87.62857854366302,250,37.33601418579408,transit,41.8964339,-87.6282006,State & Chicago (Red Line),,,,,,stop_position,,
State St & Chicago Ave,26150.0,41.896617200407526,-87.62857854366302,250,176.66397972231408,retail,41.89652,-87.6264481,7-Eleven,,convenience,,,,,,
State St & Chicago Ave,26150.0,41.896617200407526,-87.62857854366302,250,236.19696064116442,retail,41.8987068,-87.6280658,Potash Markets - State Street,,supermarket,,,,,,
State St & Chicago Ave,26150.0,41.896617200407526,-87.62857854366302,250,108.27337576705246,retail,41.8957937,-87.6292766,Brite Tailoring Dry Cleaners,,dry_cleaning,,,,,,
State St & Chicago Ave,26150.0,41.896617200407526,-87.62857854366302,250,102.22069798772687,food_drink,41.8968848,-87.627397,Pollo Campero,fast_food,,,,,,,
State St & Chicago Ave,26150.0,41.896617200407526,-87.62857854366302,250,107.97564596394623,food_drink,41.8968848,-87.6273245,Taco Bell,fast_food,,,,,,,
State St & Chicago Ave,26150.0,41.896617200407526,-87.62857854366302,250,126.53776466827053,food_drink,41.8968888,-87.6270939,Chick-fil-A,fast_food,,,,,,,
State St & Chicago Ave,26150.0,41.896617200407526,-87.62857854366302,250,203.97088586727878,food_drink,41.8984478,-87.628421,Big Shoulders Cafe,cafe,,,,,,,
State St & Chicago Ave,26150.0,41.896617200407526,-87.62857854366302,250,232.18945631013523,office,41.89807,-87.6265635,Railroad Retirement Board,,,,government,,,,
State St & Chicago Ave,26150.0,41.896617200407526,-87.62857854366302,250,228.2726398276801,retail,41.8978005,-87.6263248,Maserati of Chicago,,car,,,,,,
State St & Chicago Ave,26150.0,41.896617200407526,-87.62857854366302,250,232.0854101973723,retail,41.8978724,-87.6263382,Lamborghini Gold Coast,,car,,,,,,
State St & Chicago Ave,26150.0,41.896617200407526,-87.62857854366302,250,236.07041920088596,retail,41.8979462,-87.6263543,Rolls-Royce Motor Cars Gold Coast,,car,,,,,,
State St & Chicago Ave,26150.0,41.896617200407526,-87.62857854366302,250,210.30210469310154,food_drink,41.8965058,-87.6260421,Potbelly,fast_food,,,,,,,
State St & Chicago Ave,26150.0,41.896617200407526,-87.62857854366302,250,81.53206694492035,food_drink,41.8973328,-87.6283638,Vin Tea,fast_food,,,,,,,
State St & Chicago Ave,26150.0,41.896617200407526,-87.62857854366302,250,41.68081147305594,food_drink,41.8969553,-87.6283611,Friends Sushi,restaurant,,,,,,,
State St & Chicago Ave,26150.0,41.896617200407526,-87.62857854366302,250,88.46220668976544,food_drink,41.8973969,-87.6283662,Mister J's Dawg And Burger,fast_food,,,,,,,
State St & Chicago Ave,26150.0,41.896617200407526,-87.62857854366302,250,195.09708552025754,retail,41.8964684,-87.6309272,Agriculture - A Crop of Style,,clothes,,,,,,
State St & Chicago Ave,26150.0,41.896617200407526,-87.62857854366302,250,65.43543233628043,food_drink,41.8964765,-87.6293462,Philz Coffee,cafe,,,,,,,
State St & Chicago Ave,26150.0,41.896617200407526,-87.62857854366302,250,212.43621985745753,food_drink,41.8959735,-87.6309951,Liva at Chicago Winery,restaurant,,,,,,,
State St & Chicago Ave,26150.0,41.896617200407526,-87.62857854366302,250,239.21184631778996,retail,41.8963776,-87.6314507,Superior Wine & Liquor,,alcohol,,,,,,
State St & Chicago Ave,26150.0,41.896617200407526,-87.62857854366302,250,205.87653947222046,retail,41.8964791,-87.631059,Gold Coast Market,,convenience,,,,,,
State St & Chicago Ave,26150.0,41.896617200407526,-87.62857854366302,250,206.04966890486614,retail,41.896327,-87.6310373,Top Shop Chicago,,hairdresser,,,,,,
State St & Chicago Ave,26150.0,41.896617200407526,-87.62857854366302,250,44.72405145917946,food_drink,41.8962151,-87.6285913,Gemini Grill,restaurant,,,,,,,
State St & Chicago Ave,26150.0,41.896617200407526,-87.62857854366302,250,240.34105004235508,food_drink,41.8964746,-87.631476,Gold Coast Cafe,cafe,,,,,,,
State St & Chicago Ave,26150.0,41.896617200407526,-87.62857854366302,250,168.95085374579733,retail,41.8981354,-87.6284971,Circle K,,convenience,,,,,,
State St & Chicago Ave,26150.0,41.896617200407526,-87.62857854366302,250,169.78349144337008,food_drink,41.8951547,-87.6279891,Jimmy John's,fast_food,,,,,,,
State St & Chicago Ave,26150.0,41.896617200407526,-87.62857854366302,250,131.85126387868536,education,41.8977204,-87.6279945,Quinlan School of Business,college,,,,,,,
State St & Chicago Ave,26150.0,41.896617200407526,-87.62857854366302,250,25.128076078131613,food_drink,41.8968399,-87.6286301,Dunkin',fast_food,,,,,,,
State St & Chicago Ave,26150.0,41.896617200407526,-87.62857854366302,250,239.66273097227815,recreation,41.8967883,-87.631465,ONYX,,,,,fitness_centre,,,
State St & Chicago Ave,26150.0,41.896617200407526,-87.62857854366302,250,239.4111722090888,food_drink,41.8969535,-87.6314356,Deep Purpl,fast_food,,,,,,,
State St & Chicago Ave,26150.0,41.896617200407526,-87.62857854366302,250,205.92406851683486,food_drink,41.8977275,-87.6265873,Epic Burger,fast_food,,,,,,,
State St & Chicago Ave,26150.0,41.896617200407526,-87.62857854366302,250,249.1087376220429,food_drink,41.8959465,-87.6314502,Charlie Martin's,restaurant,,,,,,,
State St & Chicago Ave,26150.0,41.896617200407526,-87.62857854366302,250,161.78756708479958,retail,41.8969092,-87.6266636,GNC,,nutrition_supplements,,,,,,
State St & Chicago Ave,26150.0,41.896617200407526,-87.62857854366302,250,197.32993500458662,food_drink,41.8969114,-87.6262274,Sweet Vegan Bakes,restaurant,,,,,,,
State St & Chicago Ave,26150.0,41.896617200407526,-87.62857854366302,250,31.919615017342238,recreation,41.8964686,-87.6289085,Life Time,,,,,fitness_centre,,,
State St & Chicago Ave,26150.0,41.896617200407526,-87.62857854366302,250,11.35230831091044,transit,41.8965824,-87.6284496,,,,,,,,subway_entrance,
State St & Chicago Ave,26150.0,41.896617200407526,-87.62857854366302,250,184.41754811850004,retail,41.8964745,-87.6307984,Gold Coast Beauty Spa,,beauty,,,,,,
State St & Chicago Ave,26150.0,41.896617200407526,-87.62857854366302,250,22.15019304514,food_drink,41.8964784,-87.6287705,Life Cafe,restaurant,,,,,,,
State St & Chicago Ave,26150.0,41.896617200407526,-87.62857854366302,250,190.00819105856846,food_drink,41.8968972,-87.6263139,Flaco's Tacos,restaurant,,,,,,,
Streeter Dr & Grand Ave,29925.0,41.892278002970286,-87.61204300164603,250,128.7265747258584,transit,41.8928775,-87.6107126,Navy Pier Terminal,,,,,,stop_position,,
Streeter Dr & Grand Ave,29925.0,41.892278002970286,-87.61204300164603,250,236.183396883101,food_drink,41.8914624,-87.6094084,Harry Caray's Tavern,pub,,,,,,,
Streeter Dr & Grand Ave,29925.0,41.892278002970286,-87.61204300164603,250,113.2077983688511,food_drink,41.893123,-87.6128059,Caffè Oliva,restaurant,,,,,,,
Streeter Dr & Grand Ave,29925.0,41.892278002970286,-87.61204300164603,250,155.704926206304,food_drink,41.8930319,-87.6136282,Caffè Oliva concession,fast_food,,,,,,,
Streeter Dr & Grand Ave,29925.0,41.892278002970286,-87.61204300164603,250,185.8539241237492,tourism,41.8913145,-87.6102083,Crack The Whip,,,artwork,,,,,
Streeter Dr & Grand Ave,29925.0,41.892278002970286,-87.61204300164603,250,189.2036871923847,transit,41.8905809,-87.6122081,Navy Pier (River Route),ferry_terminal,,,,,station,,
Streeter Dr & Grand Ave,29925.0,41.892278002970286,-87.61204300164603,250,25.643402565295073,transit,41.8920631,-87.6121554,Grand & Streeter,,,,,,platform,,bus_stop
Streeter Dr & Grand Ave,29925.0,41.892278002970286,-87.61204300164603,250,167.82918678810475,transit,41.8925955,-87.6100608,Navy Pier Terminal,,,,,,platform,,bus_stop
Streeter Dr & Grand Ave,29925.0,41.892278002970286,-87.61204300164603,250,164.87501452565078,transit,41.892344,-87.6100531,Navy Pier Terminal,,,,,,platform,,bus_stop
Streeter Dr & Grand Ave,29925.0,41.892278002970286,-87.61204300164603,250,155.93412459655616,transit,41.8925921,-87.610207,Navy Pier Terminal,,,,,,platform,,bus_stop
Streeter Dr & Grand Ave,29925.0,41.892278002970286,-87.61204300164603,250,153.08651958593143,transit,41.8923413,-87.6101955,Navy Pier Terminal,,,,,,platform,,bus_stop
Streeter Dr & Grand Ave,29925.0,41.892278002970286,-87.61204300164603,250,157.66372536469873,transit,41.8923514,-87.6101408,Navy Pier Terminal,,,,,,stop_position,,
Streeter Dr & Grand Ave,29925.0,41.892278002970286,-87.61204300164603,250,160.86062104996935,transit,41.8925945,-87.6101467,Navy Pier Terminal,,,,,,stop_position,,
Streeter Dr & Grand Ave,29925.0,41.892278002970286,-87.61204300164603,250,170.0471223452851,transit,41.8923497,-87.6099909,Navy Pier Terminal,,,,,,stop_position,,
Streeter Dr & Grand Ave,29925.0,41.892278002970286,-87.61204300164603,250,173.23903537191768,transit,41.8925973,-87.6099945,Navy Pier Terminal,,,,,,stop_position,,
Streeter Dr & Grand Ave,29925.0,41.892278002970286,-87.61204300164603,250,36.62773322191994,transit,41.8919558,-87.612135,Grand & Streeter,,,,,,stop_position,,
Streeter Dr & Grand Ave,29925.0,41.892278002970286,-87.61204300164603,250,107.6846183578268,food_drink,41.8913101,-87.6120001,Casa Margarita,restaurant,,,,,,,
Streeter Dr & Grand Ave,29925.0,41.892278002970286,-87.61204300164603,250,231.57843670613093,retail,41.8917844,-87.609325,Brown Sugar Bakery,,bakery,,,,,,
Streeter Dr & Grand Ave,29925.0,41.892278002970286,-87.61204300164603,250,200.72609485795442,food_drink,41.8919214,-87.6096658,Giordano's Pizzeria,restaurant,,,,,,,
Streeter Dr & Grand Ave,29925.0,41.892278002970286,-87.61204300164603,250,184.06345998470545,retail,41.8906391,-87.6117306,Shoreline Sightseeing,,ticket,,,,,,
Streeter Dr & Grand Ave,29925.0,41.892278002970286,-87.61204300164603,250,181.9028536417591,transit,41.8918062,-87.6099388,Paratransit,,,,,,platform,,bus_stop
Streeter Dr & Grand Ave,29925.0,41.892278002970286,-87.61204300164603,250,129.53167779716134,transit,41.8928418,-87.6106736,Navy Pier Terminal,,,,,,platform,,bus_stop
Streeter Dr & Grand Ave,29925.0,41.892278002970286,-87.61204300164603,250,157.44130385068985,transit,41.8910562,-87.6130042,Illinois & Lake Shore Drive,,,,,,platform,,bus_stop
Streeter Dr & Grand Ave,29925.0,41.892278002970286,-87.61204300164603,250,154.48985999991805,tourism,41.8910129,-87.6128145,,,,artwork,,,,,
Streeter Dr & Grand Ave,29925.0,41.892278002970286,-87.61204300164603,250,151.2926196366988,transit,41.8911236,-87.6130104,Illinois & Lake Shore Drive,,,,,,stop_position,,
Streeter Dr & Grand Ave,29925.0,41.892278002970286,-87.61204300164603,250,185.8625237015624,transit,41.8906314,-87.6116569,Shoreline Sightseeing,ferry_terminal,,,,,station,,
Streeter Dr & Grand Ave,29925.0,41.892278002970286,-87.61204300164603,250,182.9090307504545,tourism,41.8909934,-87.6134232,,,,information,,,,,
Streeter Dr & Grand Ave,29925.0,41.892278002970286,-87.61204300164603,250,143.49348124840503,tourism,41.8910758,-87.6114129,,,,information,,,,,
Streeter Dr & Grand Ave,29925.0,41.892278002970286,-87.61204300164603,250,249.74093690034655,tourism,41.8919035,-87.6090681,Flyover,,,attraction,,,,,
Streeter Dr & Grand Ave,29925.0,41.892278002970286,-87.61204300164603,250,145.41766220338394,tourism,41.8912135,-87.6110225,Illinois & Michigan National Heritage Corridor,,,information,,,,,
Streeter Dr & Grand Ave,29925.0,41.892278002970286,-87.61204300164603,250,165.41572317931923,retail,41.8910481,-87.6109188,Bike & Roll,bicycle_rental,rental,,,,,,
Streeter Dr & Grand Ave,29925.0,41.892278002970286,-87.61204300164603,250,219.19084121814834,food_drink,41.8914286,-87.6096534,Reunion by Chef Art Smith,restaurant,,,,,,,
Wells St & Concord Ln,27535.0,41.912133,-87.634656,250,94.49437834989381,food_drink,41.9113009,-87.6348879,Starbucks,cafe,,,,,,,
Wells St & Concord Ln,27535.0,41.912133,-87.634656,250,119.66780539120943,food_drink,41.9113354,-87.6356269,UP Comedy Club,bar,,,,,,,
Wells St & Concord Ln,27535.0,41.912133,-87.634656,250,124.27305214465488,food_drink,41.9110184,-87.6345458,McDonald's,fast_food,,,,,,,
Wells St & Concord Ln,27535.0,41.912133,-87.634656,250,198.46414296106525,food_drink,41.911036,-87.6327641,Peking Chinese Restaurant,restaurant,,,,,,,
Wells St & Concord Ln,27535.0,41.912133,-87.634656,250,207.88734333801185,health,41.9110585,-87.6326001,Physicians Immediate Care,doctors,,,,,,,
Wells St & Concord Ln,27535.0,41.912133,-87.634656,250,159.99915853201531,retail,41.9109832,-87.6358185,Finishing Touches Interiors,,interior_decoration,,,,,,
Wells St & Concord Ln,27535.0,41.912133,-87.634656,250,245.7827708669565,transit,41.9113321,-87.6318876,Clark & North Ave,,,,,,platform,,bus_stop
Wells St & Concord Ln,27535.0,41.912133,-87.634656,250,188.48165506172526,transit,41.9109803,-87.632986,LaSalle & North Ave,,,,,,platform,,bus_stop
Wells St & Concord Ln,27535.0,41.912133,-87.634656,250,175.30480457013326,transit,41.9109161,-87.6333091,LaSalle & North Ave,,,,,,platform,,bus_stop
Wells St & Concord Ln,27535.0,41.912133,-87.634656,250,126.6681874905226,transit,41.9110084,-87.6348999,North Ave & Wells,,,,,,platform,,bus_stop
Wells St & Concord Ln,27535.0,41.912133,-87.634656,250,199.9014645275019,transit,41.9110858,-87.6326924,North Ave & LaSalle,,,,,,platform,,bus_stop
Wells St & Concord Ln,27535.0,41.912133,-87.634656,250,221.18818404872428,transit,41.9112416,-87.6322664,North Ave & Clark,,,,,,platform,,bus_stop
Wells St & Concord Ln,27535.0,41.912133,-87.634656,250,96.1252373066505,transit,41.9112815,-87.6344555,North Ave & Wells,,,,,,platform,,bus_stop
Wells St & Concord Ln,27535.0,41.912133,-87.634656,250,217.59832868566593,transit,41.9110212,-87.63682,North Ave & North Park,,,,,,platform,,bus_stop
Wells St & Concord Ln,27535.0,41.912133,-87.634656,250,142.06351795774574,food_drink,41.9108697,-87.6349122,Potbelly,fast_food,,,,,,,
Wells St & Concord Ln,27535.0,41.912133,-87.634656,250,137.6586576125059,food_drink,41.9109839,-87.635275,Adobo Grill,restaurant,,,,,,,
Wells St & Concord Ln,27535.0,41.912133,-87.634656,250,180.24799623761626,retail,41.9105181,-87.6344671,La Fournette,,bakery,,,,,,
Wells St & Concord Ln,27535.0,41.912133,-87.634656,250,186.54688600144115,retail,41.910463,-87.6344409,State St. Barbers,,hairdresser,,,,,,
Wells St & Concord Ln,27535.0,41.912133,-87.634656,250,248.74561738967634,transit,41.9114263,-87.6318039,Clark & North Ave,,,,,,stop_position,,
Wells St & Concord Ln,27535.0,41.912133,-87.634656,250,150.74060614339385,retail,41.9109119,-87.6354472,Elite Nails SK Spa,,beauty,,,,,,
Wells St & Concord Ln,27535.0,41.912133,-87.634656,250,147.51537777021463,retail,41.9109762,-87.6337833,Magnifique Nail Salon,,beauty,,,,,,
Wells St & Concord Ln,27535.0,41.912133,-87.634656,250,194.22962439211253,transit,41.9111751,-87.6326932,North Ave & LaSalle,,,,,,stop_position,,
Wells St & Concord Ln,27535.0,41.912133,-87.634656,250,224.44812713649011,transit,41.9111788,-87.6322658,North Ave & Clark,,,,,,stop_position,,
Wells St & Concord Ln,27535.0,41.912133,-87.634656,250,117.78605057978153,transit,41.9110875,-87.6348848,North Ave & Wells,,,,,,stop_position,,
Wells St & Concord Ln,27535.0,41.912133,-87.634656,250,103.22038926141857,transit,41.9112168,-87.6344554,North Ave & Wells,,,,,,stop_position,,
Wells St & Concord Ln,27535.0,41.912133,-87.634656,250,214.9060131113289,transit,41.9110607,-87.6368167,North Ave & North Park,,,,,,stop_position,,
Wells St & Concord Ln,27535.0,41.912133,-87.634656,250,166.91184144294968,food_drink,41.9109366,-87.6358742,Two Lights Seafood & Oyster,restaurant,,,,,,,
Wells St & Concord Ln,27535.0,41.912133,-87.634656,250,104.90990693339327,food_drink,41.9113447,-87.6353526,1959 Kitchen & Bar,restaurant,,,,,,,
Wells St & Concord Ln,27535.0,41.912133,-87.634656,250,146.16785284586493,food_drink,41.9109894,-87.635527,Old Town Ale House,bar,,,,,,,
Wells St & Concord Ln,27535.0,41.912133,-87.634656,250,247.32706883322896,food_drink,41.9099123,-87.6344869,The VIG Chicago,restaurant,,,,,,,
Wells St & Concord Ln,27535.0,41.912133,-87.634656,250,224.93574496782384,retail,41.9101255,-87.6349907,The Fudge Pot,,bakery,,,,,,
Wells St & Concord Ln,27535.0,41.912133,-87.634656,250,229.7179906836399,food_drink,41.9100715,-87.6344749,Kamehachi,restaurant,,,,,,,
Wells St & Concord Ln,27535.0,41.912133,-87.634656,250,193.09199969184854,retail,41.9104041,-87.6344377,Old Town Oil,,spices,,,,,,
Wells St & Concord Ln,27535.0,41.912133,-87.634656,250,214.55401860446352,food_drink,41.9102129,-87.6344,Woodie’s Flat,restaurant,,,,,,,
Wells St & Concord Ln,27535.0,41.912133,-87.634656,250,88.47791697381125,food_drink,41.9113754,-87.6349829,Utopian Tailgate,bar,,,,,,,
Wells St & Concord Ln,27535.0,41.912133,-87.634656,250,148.80807557425112,retail,41.9108012,-87.6344795,Philz Coffee,cafe,coffee,,,,,,
Wells St & Concord Ln,27535.0,41.912133,-87.634656,250,189.05746422907256,retail,41.9104377,-87.6344821,Mercy Beaucoup! Resale Boutique,,second_hand,,,,,,
Wells St & Concord Ln,27535.0,41.912133,-87.634656,250,156.79359275707372,food_drink,41.9107294,-87.6344746,Gallucci Pizzeria Napoletana,restaurant,,,,,,,
Wells St & Concord Ln,27535.0,41.912133,-87.634656,250,193.10735886297542,office,41.9104018,-87.6344712,Old Town Merchants Association,,,,association,,,,
Wells St & Concord Ln,27535.0,41.912133,-87.634656,250,238.3831979136614,food_drink,41.9099919,-87.6345107,Fish Bar,restaurant,,,,,,,
Wells St & Concord Ln,27535.0,41.912133,-87.634656,250,170.91343703439694,food_drink,41.9106006,-87.6344953,Kanela Breakfast Club,cafe,,,,,,,
Wells St & Concord Ln,27535.0,41.912133,-87.634656,250,70.10751832077679,food_drink,41.91154,-87.6349438,Professor Pizza,restaurant,,,,,,,
Wells St & Concord Ln,27535.0,41.912133,-87.634656,250,208.53876374064802,retail,41.9102681,-87.6349227,Old Town Aquarium,,pet,,,,,,
Wells St & Concord Ln,27535.0,41.912133,-87.634656,250,231.66684200116742,food_drink,41.9100664,-87.6343009,BATSU!,pub,,,,,,,
Wells St & Elm St,26237.0,41.903222,-87.634324,250,156.7953501320812,transit,41.9039252,-87.6326818,Clark/Division,,,,,,stop_position,stop,
Wells St & Elm St,26237.0,41.903222,-87.634324,250,192.40115425767752,transit,41.9039037,-87.6321872,Clark/Division,,,,,,station,station,
Wells St & Elm St,26237.0,41.903222,-87.634324,250,237.07800265267468,transit,41.9037469,-87.6315475,,,,,,,,subway_entrance,
Wells St & Elm St,26237.0,41.903222,-87.634324,250,247.4090652809009,transit,41.9040616,-87.6315555,,,,,,,,subway_entrance,
Wells St & Elm St,26237.0,41.903222,-87.634324,250,232.99666818177886,transit,41.9038749,-87.6316488,Clark/Division,,,,,,stop_position,stop,
Wells St & Elm St,26237.0,41.903222,-87.634324,250,220.99755467495626,retail,41.9051881,-87.6347146,Arbre,,yes,,,,,,
Wells St & Elm St,26237.0,41.903222,-87.634324,250,141.32703693879853,food_drink,41.9039684,-87.6357062,Papa John's,fast_food,,,,,,,
Wells St & Elm St,26237.0,41.903222,-87.634324,250,86.95888313528941,retail,41.9040036,-87.6342888,Bentley's Pet Stuff,,pet,,,,,,
Wells St & Elm St,26237.0,41.903222,-87.634324,250,95.3039499720061,food_drink,41.9040444,-87.6346483,Glunz Tavern,restaurant,,,,,,,
Wells St & Elm St,26237.0,41.903222,-87.634324,250,229.7790457521625,transit,41.9033036,-87.6315497,Clark & Elm,,,,,,platform,,bus_stop
Wells St & Elm St,26237.0,41.903222,-87.634324,250,166.2918137870914,transit,41.9041828,-87.6327842,LaSalle & Divison (Red Line),,,,,,platform,,bus_stop
Wells St & Elm St,26237.0,41.903222,-87.634324,250,191.22304973848247,transit,41.9019857,-87.6327179,LaSalle & Maple,,,,,,platform,,bus_stop
Wells St & Elm St,26237.0,41.903222,-87.634324,250,114.56826249333486,transit,41.9036859,-87.6330879,LaSalle & Divison (Red Line),,,,,,platform,,bus_stop
Wells St & Elm St,26237.0,41.903222,-87.634324,250,69.77199837033696,transit,41.9037845,-87.6346976,Division & Wells,,,,,,platform,,bus_stop
Wells St & Elm St,26237.0,41.903222,-87.634324,250,204.65952720836248,transit,41.903912,-87.6366166,300 W Division,,,,,,platform,,bus_stop
Wells St & Elm St,26237.0,41.903222,-87.634324,250,93.13188809489041,transit,41.9039221,-87.6349417,Division & Wells,,,,,,platform,,bus_stop
Wells St & Elm St,26237.0,41.903222,-87.634324,250,158.58782496481362,transit,41.9040606,-87.632774,,,,,,,,subway_entrance,
Wells St & Elm St,26237.0,41.903222,-87.634324,250,139.32032807869965,transit,41.9037038,-87.63277,,,,,,,,subway_entrance,
Wells St & Elm St,26237.0,41.903222,-87.634324,250,174.0243238185033,transit,41.9019877,-87.6330312,LaSalle & Maple,,,,,,platform,,bus_stop
Wells St & Elm St,26237.0,41.903222,-87.634324,250,233.95236601177285,retail,41.904156,-87.6317909,Jewel-Osco,,supermarket,,,,,,
Wells St & Elm St,26237.0,41.903222,-87.634324,250,212.18295167440417,food_drink,41.9037901,-87.6318764,Mr Gyros,fast_food,,,,,,,
Wells St & Elm St,26237.0,41.903222,-87.634324,250,111.29570355389758,food_drink,41.9041723,-87.6347462,The Rabbit Hole,bar,,,,,,,
Wells St & Elm St,26237.0,41.903222,-87.634324,250,109.525408027025,food_drink,41.9042068,-87.6342984,Happy Camper Old Town,restaurant,,,,,,,
Wells St & Elm St,26237.0,41.903222,-87.634324,250,210.01407280066445,food_drink,41.9041038,-87.6320799,Division on the Rocks,bar,,,,,,,
Wells St & Elm St,26237.0,41.903222,-87.634324,250,114.30636283018818,transit,41.9038111,-87.6331921,Division & LaSalle,,,,,,platform,,bus_stop
Wells St & Elm St,26237.0,41.903222,-87.634324,250,207.51557803449032,transit,41.9037553,-87.6367269,311 W Division,,,,,,platform,,bus_stop
Wells St & Elm St,26237.0,41.903222,-87.634324,250,240.16617960937546,transit,41.9032719,-87.6314228,Clark & Elm,,,,,,stop_position,,
Wells St & Elm St,26237.0,41.903222,-87.634324,250,245.03069476452313,transit,41.9036945,-87.6314321,Clark & Division (Red Line),,,,,,stop_position,,
Wells St & Elm St,26237.0,41.903222,-87.634324,250,213.38393676630477,transit,41.903972,-87.6319507,Division & Clark (Red Line),,,,,,platform,,bus_stop
Wells St & Elm St,26237.0,41.903222,-87.634324,250,209.0402125623669,food_drink,41.904905,-87.6331985,Taqueria Express - Mr. Gyros,fast_food,,,,,,,
Wells St & Elm St,26237.0,41.903222,-87.634324,250,58.579098009832414,retail,41.9036208,-87.6347865,Aldi,,supermarket,,,,,,
Wells St & Elm St,26237.0,41.903222,-87.634324,250,93.55241619372211,food_drink,41.903982,-87.6338391,Sarpino's Pizzeria,fast_food,,,,,,,
Wells St & Elm St,26237.0,41.903222,-87.634324,250,87.03370218453408,food_drink,41.903982,-87.6340725,Quiznos,fast_food,,,,,,,
Wells St & Elm St,26237.0,41.903222,-87.634324,250,90.95726630386483,office,41.903988,-87.6339384,H&R Block,,,,tax_advisor,,,,
Wells St & Elm St,26237.0,41.903222,-87.634324,250,28.128232138552164,food_drink,41.9034735,-87.6342875,Can't Believe It's Not Meat,restaurant,,,,,,,
Wells St & Elm St,26237.0,41.903222,-87.634324,250,55.988172689591195,food_drink,41.9037217,-87.6342409,Hashbrowns,restaurant,,,,,,,
Wells St & Elm St,26237.0,41.903222,-87.634324,250,179.7748201097672,food_drink,41.9048051,-87.6347649,Starbucks,cafe,,,,,,,
Wells St & Elm St,26237.0,41.903222,-87.634324,250,161.81892978332607,retail,41.9046434,-87.6347434,Massage Envy,,massage,,,,,,
Wells St & Elm St,26237.0,41.903222,-87.634324,250,138.9295949795536,retail,41.9044358,-87.634722,MyEyeDr.,,optician,,,,,,
Wells St & Elm St,26237.0,41.903222,-87.634324,250,96.58423117417047,food_drink,41.9039745,-87.6337411,Nepal House,restaurant,,,,,,,
Wells St & Elm St,26237.0,41.903222,-87.634324,250,80.74629310911534,food_drink,41.9032509,-87.6352989,Dialtone Coffee & Wine Bar,cafe,,,,,,,
Wells St & Elm St,26237.0,41.903222,-87.634324,250,88.4626225611378,retail,41.9039831,-87.6340128,Sherry's Food Mart,,convenience,,,,,,
Wells St & Elm St,26237.0,41.903222,-87.634324,250,145.64573235952898,transit,41.9037652,-87.6327226,,,,,,,,subway_entrance,elevator
Wells St & Elm St,26237.0,41.903222,-87.634324,250,243.9515159617483,food_drink,41.9053962,-87.6347182,Kayao,restaurant,,,,,,,
Wells St & Elm St,26237.0,41.903222,-87.634324,250,216.46719771636458,other_amenity,41.9039578,-87.6367456,,library_dropoff,,,,,,,
Wells St & Elm St,26237.0,41.903222,-87.634324,250,91.18054457078848,retail,41.9039771,-87.6347536,Cal's Corner,,coffee,,,,,,
Wells St & Elm St,26237.0,41.903222,-87.634324,250,234.84108936262334,retail,41.9019731,-87.6320357,Alfa Romeo Chicago,,car,,,,,,
Wells St & Elm St,26237.0,41.903222,-87.634324,250,244.70895201173428,retail,41.9023146,-87.6316302,Lamborghini Gold Coast,,car,,,,,,
Wells St & Huron St,23741.0,41.89478399980203,-87.6343724037867,250,201.06487041408795,transit,41.896307,-87.6356819,Chicago,,,,,,stop_position,stop,
Wells St & Huron St,23741.0,41.89478399980203,-87.6343724037867,250,112.86785544994963,food_drink,41.8957528,-87.6339655,Brehon Pub,pub,,,,,,,
Wells St & Huron St,23741.0,41.89478399980203,-87.6343724037867,250,165.930146962913,transit,41.8956325,-87.6360215,,,,,,,,subway_entrance,
Wells St & Huron St,23741.0,41.89478399980203,-87.6343724037867,250,124.21570911087916,transit,41.895307,-87.6356985,Chicago,,,,,,stop_position,stop,
Wells St & Huron St,23741.0,41.89478399980203,-87.6343724037867,250,48.6267542414096,food_drink,41.8952165,-87.6344593,Prosecco,restaurant,,,,,,,
Wells St & Huron St,23741.0,41.89478399980203,-87.6343724037867,250,175.17439617913666,retail,41.8954714,-87.6362767,Maxalto,,furniture,,,,,,
Wells St & Huron St,23741.0,41.89478399980203,-87.6343724037867,250,206.80825366492567,office,41.8962844,-87.6358489,Apartment People,,,,estate_agent,,,,
Wells St & Huron St,23741.0,41.89478399980203,-87.6343724037867,250,185.14458963628562,transit,41.8938748,-87.6324985,LaSalle & Erie,,,,,,platform,,bus_stop
Wells St & Huron St,23741.0,41.89478399980203,-87.6343724037867,250,156.1000684961987,transit,41.8950903,-87.6325319,LaSalle & Huron,,,,,,platform,,bus_stop
Wells St & Huron St,23741.0,41.89478399980203,-87.6343724037867,250,85.4208336279991,food_drink,41.8945543,-87.6333876,Heritage Outpost,cafe,,,,,,,
Wells St & Huron St,23741.0,41.89478399980203,-87.6343724037867,250,247.83009034190334,retail,41.8968366,-87.6355392,Paper Source,,stationery,,,,,,
Wells St & Huron St,23741.0,41.89478399980203,-87.6343724037867,250,238.3779303333164,transit,41.8929916,-87.6327925,LaSalle & Ontario,,,,,,platform,,bus_stop
Wells St & Huron St,23741.0,41.89478399980203,-87.6343724037867,250,129.5640398715649,transit,41.8945968,-87.6328274,LaSalle & Huron,,,,,,platform,,bus_stop
Wells St & Huron St,23741.0,41.89478399980203,-87.6343724037867,250,210.44369178853944,transit,41.8963139,-87.6328757,LaSalle & Chicago,,,,,,platform,,bus_stop
Wells St & Huron St,23741.0,41.89478399980203,-87.6343724037867,250,248.95544793128096,food_drink,41.8945947,-87.6313754,Big Shoulders Coffee,cafe,,,,,,,
Wells St & Huron St,23741.0,41.89478399980203,-87.6343724037867,250,107.02463837619385,food_drink,41.8941897,-87.6353895,Union Sushi + Barbeque Bar,restaurant,,,,,,,
Wells St & Huron St,23741.0,41.89478399980203,-87.6343724037867,250,40.23515209466288,food_drink,41.8944222,-87.6343649,Cocoro Restaurant,restaurant,,,,,,,
Wells St & Huron St,23741.0,41.89478399980203,-87.6343724037867,250,231.45954491487677,transit,41.8966892,-87.6354989,Chicago & Franklin (Brown Line),,,,,,platform,,bus_stop
Wells St & Huron St,23741.0,41.89478399980203,-87.6343724037867,250,18.516056910666013,transit,41.8949322,-87.6342704,Wells & Huron,,,,,,platform,,bus_stop
Wells St & Huron St,23741.0,41.89478399980203,-87.6343724037867,250,240.1078003681737,transit,41.8964698,-87.6361852,Chicago & Franklin (Brown Line),,,,,,platform,,bus_stop
Wells St & Huron St,23741.0,41.89478399980203,-87.6343724037867,250,239.2414013180591,transit,41.8938124,-87.6369513,Orleans & Erie,,,,,,platform,,bus_stop
Wells St & Huron St,23741.0,41.89478399980203,-87.6343724037867,250,158.24099114286705,transit,41.893365,-87.6342275,Wells & Ontario,,,,,,platform,,bus_stop
Wells St & Huron St,23741.0,41.89478399980203,-87.6343724037867,250,218.35622463735095,transit,41.8946167,-87.6370009,Orleans & Huron,,,,,,platform,,bus_stop
Wells St & Huron St,23741.0,41.89478399980203,-87.6343724037867,250,160.60242995974633,transit,41.8958413,-87.6356943,Chicago,,,,,,station,station,
Wells St & Huron St,23741.0,41.89478399980203,-87.6343724037867,250,93.41197620513213,food_drink,41.8945518,-87.635457,The Franklin Room,restaurant,,,,,,,
Wells St & Huron St,23741.0,41.89478399980203,-87.6343724037867,250,176.39474496952738,food_drink,41.8933938,-87.6333459,Taco Joint,restaurant,,,,,,,
Wells St & Huron St,23741.0,41.89478399980203,-87.6343724037867,250,235.2235393390715,food_drink,41.8967372,-87.6354638,Penelope’s Vegan Taqueria,restaurant,,,,,,,
Wells St & Huron St,23741.0,41.89478399980203,-87.6343724037867,250,211.73585127868802,food_drink,41.8959707,-87.6323718,Café Iberico,restaurant,,,,,,,
Wells St & Huron St,23741.0,41.89478399980203,-87.6343724037867,250,202.42001376036396,food_drink,41.895831,-87.6323718,Centennial Crafted Beer & Eatery,pub,,,,,,,
Wells St & Huron St,23741.0,41.89478399980203,-87.6343724037867,250,238.22555944121154,food_drink,41.8926684,-87.6339185,Bar Cargo,restaurant,,,,,,,
Wells St & Huron St,23741.0,41.89478399980203,-87.6343724037867,250,211.56386989045734,food_drink,41.8964028,-87.6330293,Big Wig Tacos & Burritos,restaurant,,,,,,,
Wells St & Huron St,23741.0,41.89478399980203,-87.6343724037867,250,57.67543253519743,food_drink,41.8952975,-87.6344707,Fabcakes,restaurant,,,,,,,
Wells St & Huron St,23741.0,41.89478399980203,-87.6343724037867,250,82.01525766233718,food_drink,41.8954309,-87.6338964,Left Coast Food,cafe,,,,,,,
Wells St & Huron St,23741.0,41.89478399980203,-87.6343724037867,250,228.34002771994895,food_drink,41.894668,-87.6316181,Taketei Sushi River North,restaurant,,,,,,,
Wells St & Huron St,23741.0,41.89478399980203,-87.6343724037867,250,233.20291736200357,food_drink,41.8946715,-87.631559,Troquet River North,restaurant,,,,,,,
Wells St & Huron St,23741.0,41.89478399980203,-87.6343724037867,250,161.65609383539194,food_drink,41.8937721,-87.6329701,avec,restaurant,,,,,,,
Wells St & Huron St,23741.0,41.89478399980203,-87.6343724037867,250,129.78674743058616,food_drink,41.8938121,-87.6335041,Wildfire,restaurant,,,,,,,
Wells St & Huron St,23741.0,41.89478399980203,-87.6343724037867,250,235.20801857887986,transit,41.8967252,-87.6332435,Chicago & LaSalle,,,,,,platform,,bus_stop
Wells St & Huron St,23741.0,41.89478399980203,-87.6343724037867,250,221.9159867349706,transit,41.8965085,-87.6330229,Chicago & LaSalle,,,,,,platform,,bus_stop
Wells St & Huron St,23741.0,41.89478399980203,-87.6343724037867,250,217.7218474181097,transit,41.8965737,-87.6354394,Chicago & Franklin (Brown Line),,,,,,stop_position,,
Wells St & Huron St,23741.0,41.89478399980203,-87.6343724037867,250,227.6406719621622,transit,41.8946014,-87.6371117,Orleans & Huron,,,,,,stop_position,,
Wells St & Huron St,23741.0,41.89478399980203,-87.6343724037867,250,249.96835409380483,transit,41.8937951,-87.6370845,Orleans & Erie,,,,,,stop_position,,
Wells St & Huron St,23741.0,41.89478399980203,-87.6343724037867,250,153.35082631841263,transit,41.893418,-87.6341175,Wells & Ontario,,,,,,stop_position,,
Wells St & Huron St,23741.0,41.89478399980203,-87.6343724037867,250,27.551167315435453,transit,41.8949766,-87.634163,Wells & Huron,,,,,,stop_position,,
Wells St & Huron St,23741.0,41.89478399980203,-87.6343724037867,250,217.60668355831956,food_drink,41.8963896,-87.6358755,Starbucks,cafe,,,,,,,
Wells St & Huron St,23741.0,41.89478399980203,-87.6343724037867,250,193.06386049076875,retail,41.893406,-87.6329534,Target,,department_store,,,,,,
Wells St & Huron St,23741.0,41.89478399980203,-87.6343724037867,250,192.26482722208246,office,41.8953694,-87.6365581,Telnyx LLC,,,,telecommunication,,,,
Wells St & Huron St,23741.0,41.89478399980203,-87.6343724037867,250,241.98823411497497,food_drink,41.8949906,-87.631462,Ambar,restaurant,,,,,,,
Wells St & Huron St,23741.0,41.89478399980203,-87.6343724037867,250,160.10818110036482,food_drink,41.8933805,-87.6339403,,fast_food,,,,,,,
Wells St & Huron St,23741.0,41.89478399980203,-87.6343724037867,250,14.25857786608429,food_drink,41.894911,-87.6343486,Avli,restaurant,,,,,,,
Wells St & Huron St,23741.0,41.89478399980203,-87.6343724037867,250,48.40549555616336,retail,41.8943491,-87.6343467,LaserAway,,beauty,,,,,,
Wells St & Huron St,23741.0,41.89478399980203,-87.6343724037867,250,57.15298149246106,recreation,41.8942702,-87.6343537,Vibez,,,,,fitness_centre,,,
Wells St & Huron St,23741.0,41.89478399980203,-87.6343724037867,250,163.65344911456714,tourism,41.8962426,-87.6341085,,,,information,,,,,
Wells St & Huron St,23741.0,41.89478399980203,-87.6343724037867,250,178.3431537361192,health,41.8959269,-87.6358841,Passport Health River North Travel Clinic,clinic,,,,,,,
Wells St & Huron St,23741.0,41.89478399980203,-87.6343724037867,250,115.43597329737196,retail,41.8938145,-87.6348711,Kozy's Cyclery,,bicycle,,,,,,
Wells St & Huron St,23741.0,41.89478399980203,-87.6343724037867,250,116.72354698976498,transit,41.8955255,-87.6353706,,,,,,,,subway_entrance,
Wells St & Huron St,23741.0,41.89478399980203,-87.6343724037867,250,205.06230764285107,transit,41.8964784,-87.6353504,,,,,,,,subway_entrance,
Wells St & Huron St,23741.0,41.89478399980203,-87.6343724037867,250,236.14725296876009,transit,41.8964682,-87.6361104,,,,,,,,subway_entrance,
Wells St & Huron St,23741.0,41.89478399980203,-87.6343724037867,250,231.0084919815019,food_drink,41.89674,-87.6353129,Can't Believe It's Not Meat,restaurant,,,,,,,
Wells St & Huron St,23741.0,41.89478399980203,-87.6343724037867,250,122.99348251428019,food_drink,41.8944919,-87.6329392,Happy Monday Coffee Roasters,cafe,,,,,,,
Wells St & Huron St,23741.0,41.89478399980203,-87.6343724037867,250,65.53747763823375,food_drink,41.8945593,-87.6351044,Indienne,restaurant,,,,,,,
Wells St & Huron St,23741.0,41.89478399980203,-87.6343724037867,250,88.11788766598445,retail,41.8953611,-87.6336428,Goddess and the Baker,,bakery,,,,,,
Wells St & Huron St,23741.0,41.89478399980203,-87.6343724037867,250,215.70894862091293,retail,41.8964637,-87.6330686,LaSalle Cleaners,,dry_cleaning,,,,,,
Wells St & Huron St,23741.0,41.89478399980203,-87.6343724037867,250,184.96027338904318,tourism,41.8946075,-87.6365944,Zolla/Libermann Gallery,,,gallery,,,,,
Wells St & Huron St,23741.0,41.89478399980203,-87.6343724037867,250,231.1857611200102,retail,41.8968624,-87.6344449,Manifesto,,furniture,,,,,,
Wells St & Huron St,23741.0,41.89478399980203,-87.6343724037867,250,169.62247739653407,food_drink,41.8934034,-87.635244,Y Bar,bar,,,,,,,
Wells St & Huron St,23741.0,41.89478399980203,-87.6343724037867,250,57.94126774696196,food_drink,41.8951054,-87.6338214,Gingie,restaurant,,,,,,,
Wells St & Huron St,23741.0,41.89478399980203,-87.6343724037867,250,233.36558785680668,food_drink,41.8964134,-87.6361494,Dunkin',fast_food,,,,,,,
Wells St & Huron St,23741.0,41.89478399980203,-87.6343724037867,250,236.8986435081113,food_drink,41.8967949,-87.6353178,Soul Vibez,restaurant,,,,,,,
Wells St & Huron St,23741.0,41.89478399980203,-87.6343724037867,250,190.91600868919383,health,41.8964204,-87.6350706,Midwest Express Clinic,clinic,,,,,,,
Wells St & Huron St,23741.0,41.89478399980203,-87.6343724037867,250,225.64601504651952,food_drink,41.8968127,-87.6344376,Egg Harbor Cafe,restaurant,,,,,,,
Wells St & Huron St,23741.0,41.89478399980203,-87.6343724037867,250,185.59722958038645,retail,41.8964074,-87.6348936,Lightology,,lighting,,,,,,
Wells St & Huron St,23741.0,41.89478399980203,-87.6343724037867,250,209.57484372989032,retail,41.8964355,-87.6331523,Levant Barber Shop,,hairdresser,,,,,,
