simulation_id,difference_score,education_diff,food_drink_diff,health_diff,office_diff,recreation_diff,retail_diff,tourism_diff,transit_diff
0,0.0010315584442872746,-3.422751701125017e-05,-8.547725307900267e-05,-3.7430893494456996e-05,-0.00019321487337426585,2.313350172676587e-05,-0.0001226858708118228,0.0004926457204168788,-4.274281437283145e-05
1,0.0004961006974624985,-1.333645556882146e-05,-6.615004376397948e-05,6.827426472258771e-05,1.5780778378236826e-05,-2.9642854712587027e-05,-5.328596208620251e-05,0.00016399530563040998,-8.563503259967353e-05
2,0.0013457606341465735,-1.785558764011083e-05,0.00016031183705234042,-9.38540552863909e-06,-0.00019636281130473027,1.0359030411508097e-05,0.00014649481546955,-0.0004492765125997805,0.0003557146341399142
3,0.001041082769340924,1.0156129816247042e-06,-0.00016174573833249717,-1.74882809211227e-05,7.571128262086335e-06,-2.5998109223275556e-05,-0.0003153092561936077,8.007335758244971e-05,0.00043188128584426
4,0.0006577116755570123,2.4455324693373366e-05,0.00020150278428154866,2.6627354699881867e-05,3.5865288948666585e-05,2.452650469593129e-05,-0.0002766395640640962,-5.221627371441995e-05,1.5878580459094405e-05
5,0.0014482880177576077,1.0840360859823601e-05,0.000598263422909584,6.585370215490133e-06,3.9502063202641324e-05,6.895279169128604e-05,-0.00011696053870902112,-0.0003806885296882695,-0.000226494940481492
6,0.00035064949496764215,5.998926782929161e-06,4.513420309260052e-05,7.279871602070692e-06,-8.065868571383028e-06,9.122126654492746e-06,0.00010778961935173359,-0.00013518765430946267,-3.207122460296974e-05
7,0.0013922538011175737,-2.1173458086275708e-05,-0.0006149990927942772,-4.2255201134804715e-05,-1.3357466044139343e-05,-4.3416824992772995e-06,0.00010108981049786192,0.00035534220562856433,0.0002396948844323732
8,0.001959897031237453,-7.098794069324704e-08,-0.00046320540910527175,2.1408864153079493e-05,4.7514177493324095e-05,-1.5400315406182558e-05,0.00014968107775045758,0.0007613443962218858,-0.0005012718031665586
9,0.0008233438949105214,-1.8448847998540213e-05,-0.00020541246704069982,-2.6637034347180844e-05,-9.238726876684838e-05,-3.680118756028278e-05,-3.198514174174161e-05,0.00011722053030238655,0.0002944514171528412
10,0.0007800819270164941,2.8214129624272617e-05,-7.282769861821636e-05,3.472707044099854e-05,-1.5269521827704358e-05,4.061026096821227e-05,0.0002864895024747294,-3.551066989515572e-05,-0.0002664330731672049
11,0.0010361565761292206,-5.149274362266365e-05,0.0003699148458526924,4.4129757935811725e-05,8.337586084003479e-05,9.16293666697321e-06,1.1494886769103374e-05,-0.0002441982999182163,-0.00022238724452372516
12,0.0008601322512833782,-2.0541366782456626e-05,0.00010567713557568803,-7.831306120000339e-05,2.260334375965567e-05,3.94323351688014e-05,0.00018396936402070851,7.838394711680297e-05,-0.0003312116976592616
13,0.001180231005331417,-6.24955280509815e-05,0.00033521860014046334,-1.648348350042836e-05,3.460582733014195e-05,-1.2912080111233959e-05,0.00022029107519511149,-8.106296261356505e-06,-0.0004901181147417
14,0.0003482754687978611,1.2288175190749116e-05,-1.1975078797354932e-05,-2.1339974279589724e-05,-3.380509863342568e-05,3.2894309364045124e-05,0.0001289552498441593,-3.195431669671123e-05,-7.5063265991826e-05
15,0.001776001143641852,-3.0221317625432446e-05,0.0004541824879135681,4.309103982737261e-05,0.00018147816099065017,3.085976841963635e-05,0.00017838911466966367,-0.00031600208837781474,-0.000541777165817714
16,0.0011168628674033503,-6.560144833047538e-06,0.0004235062597758299,-8.270770001339231e-05,0.0001247297263805014,1.0195447545342101e-05,-0.00020809402392027443,-0.00024906306867425454,-1.2006496260708044e-05
17,0.0006230319176828503,-1.820022913309651e-05,-8.04987489413378e-05,7.025331760983702e-05,0.00014320738621054901,4.143014045511137e-06,-4.5833235791492566e-05,-0.00016698374497553514,9.391224097549111e-05
18,0.0006784254960242988,1.7094849712445855e-05,-4.2244203331986974e-05,-1.4825893112940802e-05,-1.8528682052876277e-05,2.501333466742306e-06,3.507928654444825e-05,0.00028453727828856024,-0.00026361396951429805
19,0.0010219817050410836,-2.479323959300294e-05,0.0002164718880501293,-1.7659428728028503e-05,1.7447057956108958e-05,6.615922571001978e-06,0.00010165791135827162,0.000168798072585033,-0.0004685381841995073
20,0.0014564871146582892,-2.2269187276945795e-05,-0.0004491538659258665,-7.239825047778217e-05,-0.00013886264922395586,-4.555960442451101e-05,0.00019076527753328354,0.00017257922447477814,0.0003648990553211662
21,0.0006999366330441388,-3.217150957852792e-06,3.845679725539286e-05,-3.510001418708178e-05,-3.23344658551758e-05,2.1781157935028134e-05,-0.0002648452510020105,0.00028973036133166097,-1.4471434519935933e-05
22,0.0012856535607457913,4.088796127683751e-05,0.00025262802307557397,1.2277852285719204e-05,0.00016084774220990333,-1.7870958923324118e-05,-6.423816691611406e-05,-0.0005607176545335824,0.0001761852015247367
23,0.001008133248456818,2.378686058671694e-05,0.00019446285324487,-2.288944170742227e-05,-0.00010280053157357694,1.3806681843548524e-05,-0.00037837665094744843,2.115955551203197e-05,0.000250850673041203
24,0.0006701824171697363,3.6837833277663518e-06,0.0002024041122014042,2.2478598054175014e-05,-5.155104611438699e-05,-2.7376253188351324e-05,-0.00019678269351344757,0.00010652471500155469,-5.9381215768650186e-05
25,0.0017109947902293945,-8.775155055162215e-06,0.00013904142852777523,0.00016793431394441713,0.00024426061791546494,2.079200556712006e-05,0.00028346902915990513,-0.0003347715550940933,-0.0005119506849654565
26,0.0010371142329944124,2.8435954818266385e-05,-0.00022714086088676533,-3.294816052954591e-05,-0.00011385178700334952,-1.8151675659402663e-05,-0.0001264646324181662,4.2433583766834926e-05,0.00044768757791208147
27,0.001475709601228419,-2.5378289026682307e-06,0.00030753077984974064,3.9863446484975085e-05,9.37829851562419e-05,-3.1892349073893433e-06,0.00029667758912327313,-0.0004720288900086772,-0.0002600988467954535
28,0.0015561720853267966,-1.2421146241511395e-05,-0.0003915715374301909,-0.0001041983446325688,-9.038136492597881e-06,-1.6900869287333337e-05,-0.0002439560085792103,0.0005199641500994168,0.0002581218925639672
29,0.001106400055436281,2.4706778986896896e-05,-7.527148299429909e-05,-4.762382009987701e-05,-0.0001557612261673877,-3.8834587997584394e-05,-0.00023570891045895936,0.00023402027731667108,0.0002944729714146055
30,0.0016091130081061751,1.438979186230583e-05,0.00019567863182529122,5.456819361977436e-05,0.00027443342404091797,-1.8061251613046142e-05,0.0002654864627047726,-2.1207794475952557e-05,-0.0007652874579641145
31,0.00138187333544342,9.238534587948516e-07,0.0002138137555073305,-2.0252325870009913e-05,-1.5068011608637688e-05,-2.229992608357434e-05,8.12137694260473e-05,-0.0006333164041594508,0.00039498528932957466
32,0.0005335069807591913,2.5375709109035603e-05,-0.00013134198406911102,1.7880353576714414e-05,-4.477929688233295e-05,4.803346303073469e-05,5.9587113235171074e-05,-9.063220942814865e-05,0.0001158768514279429
33,0.0013205019360108912,-2.0740401658047962e-05,-0.0005471899022997384,3.377327787009582e-05,2.4513353219991763e-05,-3.028856642616623e-05,0.00021731752968612295,0.0003846468072292164,-6.203209762151163e-05
34,0.0011807118812151877,-2.9590710551192882e-05,-0.00015636930091950108,-2.7219124057467625e-05,-0.00019112418709849727,-1.2821034386809038e-05,-0.0001732315835941689,0.00031295059365518685,0.0002774053469523641
35,0.0017508384501214022,3.9361689143954486e-05,-0.0008459453626850078,-5.164462815072934e-06,-2.4309399560648592e-05,8.220906200593486e-06,3.616388745586452e-05,0.0006312400398291035,0.00016043270243115693
36,0.0005724310367461495,-4.8159205279804315e-05,-0.00010378778181241444,-7.314088289402457e-05,3.4161811567928746e-05,1.4476247337195242e-06,-5.1056324576692624e-05,-1.0071323810173505e-05,0.0002506060820713918
37,0.0009402184352852571,-1.7963295130469722e-05,-0.00011474940180278281,-5.3565377146059384e-05,6.322312087650439e-05,3.003170179810208e-05,0.0003605541789022948,-0.0002838311435632984,1.63002160657455e-05
38,0.0004629804607709431,-4.6740065642982345e-06,0.000168035998914573,8.786296539147614e-06,-1.2541045580662102e-05,4.2360527043141735e-05,-0.00010713774685641719,-0.00010713743138410226,1.2307407888600963e-05
39,0.0006871094588845909,3.495953972121584e-05,-0.00019416231969648923,-4.35404183576904e-06,-6.974688493145698e-05,1.9479985107775932e-05,-7.52914829785789e-05,6.798057400289603e-05,0.00022113463061040894
40,0.0009206283063221748,7.208090261856016e-06,-5.337023326257295e-05,-6.2299911348200065e-06,-7.477727036508952e-05,-3.2342382067108294e-06,-0.00027192920210578064,-5.077321808606705e-05,0.0004531060628992778
41,0.0011767066776115958,5.923108333227584e-05,2.4055028987057803e-06,4.715742297534825e-06,1.4061763204883948e-05,1.3783831194425639e-05,0.0004941554158780226,-0.0005238204686713877,-6.453287013435949e-05
42,0.001578383336644354,1.7816212983735175e-05,-0.000670886405611193,-2.0072727330115725e-05,-6.155167525914718e-05,4.004243879199981e-06,0.00022648862527382962,0.0005408825861853706,-3.668086012176275e-05
43,0.0015318216948852605,-1.6758549953249137e-05,-0.0003418331360999227,-1.5304113190443835e-05,-0.00010260205120282001,8.568217459124089e-06,-0.0002894129969962522,0.00025349127979801267,0.0005038513501854358
44,0.0005247084467344607,1.4358179218597333e-06,-0.0001096922755783325,-3.8521700596011454e-05,-0.00011414024719289678,4.5208212074050735e-06,2.2962017408978408e-05,9.774042811927508e-05,0.00013569513870970162
45,0.00041745207478547774,2.1752117313768825e-05,1.943870642495682e-05,-4.974367439108257e-05,-5.567301279085779e-05,4.22473793417269e-06,-0.00010330935021082843,1.9627243195138866e-05,0.00014368323252467174
46,0.0009044020684035722,4.495101798362381e-05,0.0001619947369262409,5.320800761314526e-05,-4.92137511878335e-05,-2.0861268752695936e-05,-0.0001327642141960017,-0.00024936180006526754,0.00019204727167876356
47,0.0018561655850278256,-6.070048439237464e-05,0.00017755987023837516,-1.6302088359988753e-05,4.8872541867923947e-05,5.7680341910889416e-05,0.0006439700384966995,-0.0004411160590841734,-0.0004099641606774007
48,0.0011312359640340604,-5.073261324241643e-05,8.304484958826519e-05,-1.642591024435952e-05,-0.00013598850297714266,1.594604660058903e-05,-0.00026108581048608914,0.00046662708582817514,-0.00010138514506702334
49,0.0008035508128768232,-8.355690779331126e-06,3.717114612622474e-05,-3.9232329222864404e-05,0.0001098210552185272,-2.619878767166385e-05,0.00014977521133699434,-0.00032798859876453923,0.00010500799375667835
50,0.0016584434338664782,4.342032580983979e-07,0.0004551916363199071,1.7823943198561065e-05,8.907736405180944e-05,5.5935035783589646e-05,0.00021075953432131422,-0.0005952490048940773,-0.00023397271203912107
51,0.0006799544097066505,-5.467613496241974e-06,0.00014246975915660487,-7.077471293512327e-06,-0.00010439972836281258,4.670867059166847e-05,0.0001507987751050155,-0.0001720126326389404,-5.101975906185441e-05
52,0.0012407059227610966,-2.618863391132438e-05,0.0003600218714917558,2.4341628628021805e-06,7.552262045103231e-05,2.721211277527391e-07,0.0001821021854472027,-0.00023477525316950576,-0.0003593890742997208
53,0.0014331760917206974,-9.17328775430883e-05,0.00042957359134182527,4.8827892059490063e-05,-7.604752439260842e-05,-1.4131759669173613e-05,0.0002381865624590529,-0.0001052025287683056,-0.00042947335548715326
54,0.0016472232213877872,8.484323691286023e-06,0.000534052136753782,-6.269587193080683e-05,-0.00023714523171643187,3.265253761769449e-05,0.00024842261263116616,-0.00036726327857351804,-0.00015650722847310172
55,0.0011167144675291322,-3.748939777561185e-05,-0.0001934782989820305,-6.546901342800379e-05,-0.00014965345490455112,-4.581493501345721e-06,0.00016662772676329096,0.00039172950700125386,-0.00010768557517304433
56,0.0011736297295826918,2.81429628264801e-05,-0.00010886973818424739,-0.0001244768436578815,-0.00014637235530962772,-7.190590949848752e-06,-0.00019990533668973187,0.00010549632432785283,0.00045317557763702165
57,0.0008136530506109487,1.4853700219386382e-05,-9.423990708640195e-05,3.3639661169260204e-05,2.4079305692072117e-05,5.361426152650575e-05,0.0002806395966982733,-9.481833007264628e-05,-0.0002177682881464027
58,0.0010445636888254733,-5.23970890788485e-05,-0.0004277963857344247,1.0019986072043463e-06,-4.208836959948559e-05,3.290925671260887e-05,0.00020207926753823546,0.00016860224659548395,0.0001176890749591819
59,0.0008819269560201189,2.636107935879463e-05,0.00017538913791231847,5.3105801697758e-05,6.016191408901583e-05,6.741183311021956e-06,-4.918245984647518e-05,-0.00039178101816358946,0.00011920436164114534
60,0.0008090888710108905,-6.808282668235681e-06,0.0002350925478329935,3.0120264118228823e-05,8.871940403720746e-05,1.636193931518065e-05,-0.0001852991511726021,-0.00021243700166456714,3.425028020187515e-05
61,0.0010387912538475062,-2.3443514010276778e-07,-0.0003548450073886933,-4.36925949163329e-05,-0.00010135106557141588,-1.9272523907192668e-05,0.00015660069855338854,0.00028300062546549043,7.979430290488976e-05
62,0.0017885355438517735,7.495823270410248e-05,-0.0004133651237259728,-5.2970636884572264e-05,-0.0001672628268001783,1.5097712586127632e-05,-0.00026066918451517207,0.0002951636753910081,0.0005090481512446399
63,0.0019899678141821944,2.3046129170452637e-05,0.0005971135629697644,2.379467641333219e-05,4.2745900222990185e-05,9.636527675153939e-06,0.0002986471106393995,-0.0006411943844036594,-0.0003537895226874421
64,0.002493964514716206,-6.276563681038936e-05,0.0005015436850712707,2.561286183785927e-05,0.00018542990450638036,5.8557492180557474e-05,0.0004758383137620503,-0.0005565871183477317,-0.0006276295021999667
65,0.0012910154211386096,-3.33274762109783e-05,0.0004561319659119878,0.00010473014030466105,8.464560435263169e-05,-3.153936343723053e-05,-6.44386289642418e-05,-0.00013474261341984983,-0.00038145962853702864
66,0.0013717118262788208,-3.594761550016097e-05,0.0004624967815872183,-1.6525170665401823e-05,0.00012933018038222,1.1521918830871211e-05,8.25070323391408e-05,-0.00021104756728412832,-0.0004223355596896794
67,0.0005058131067190389,2.8679158304243182e-05,-4.219233363611519e-05,5.3116493688974004e-05,0.0001575091396781303,1.3601761688197128e-05,-5.1740935536781496e-05,-0.00012198979506669594,-3.698348911990168e-05
68,0.001432273677065163,-2.9612496609414223e-05,-0.0003948709433045927,8.314829743415186e-06,6.400211644971149e-05,-4.797164843167896e-05,-0.00024368175018690819,0.0005388906409478922,0.00010492925139155007
69,0.0011457322543033666,-9.65981977885215e-05,-9.64049570321146e-05,6.679040378432949e-05,0.00017414986000154065,-3.7397437894874652e-06,-5.679991900159331e-05,0.00033192586336579233,-0.0003193233095399872
70,0.0017530377822429005,3.012940087707399e-05,0.0006545668080747968,7.225961394592348e-05,2.0632493607133928e-05,2.4189315277582668e-05,7.474125933895626e-05,-0.0007914974757191467,-8.502141540228658e-05
71,0.001180157688957544,-4.2004542889921385e-05,0.00029032830776815066,-1.2810472038285448e-05,-1.0189383781077088e-05,1.518415470217957e-05,0.0002845663820084665,-0.0002261489765675584,-0.000298925469201905
72,0.0007471049745369799,2.0271552344772008e-05,2.1614682148229925e-05,4.1715858551477636e-05,1.82477324694591e-05,-2.3943204197393597e-05,2.743159551954477e-06,0.0002689595022025981,-0.00034960928307109507
73,0.0011838791296834017,2.4493453365873052e-06,-0.00025937110581303324,-7.40510560195036e-05,5.568266491451368e-06,5.341895734509855e-06,-0.0002585174030091675,0.00040687722147311756,0.0001717028358060313
74,0.0006952798791394418,-1.5692082466756824e-05,0.00011606439454564521,-0.00010432820378349084,-0.00010020976046563879,-2.8464770025871805e-05,-7.229897410201969e-05,-2.664614872595339e-05,0.0002315755450240653
75,0.0017383182051134202,-3.720661429299117e-05,-0.00042850940286198735,-4.406619030732778e-05,-0.0001515380540612482,2.8886663161458576e-05,0.0005588745470458678,0.000281397892349336,-0.00020783884103320327
76,0.00044006809677336715,-1.2553697836873573e-05,4.941311159106787e-05,3.3862379748561544e-06,-1.9007172193108435e-07,-2.9993515079460714e-06,-0.0001634407492984158,0.00016723469882069797,-4.085017802157864e-05
77,0.0010890657415246344,-1.7663825124907863e-05,2.4706887384318144e-06,8.230976211037397e-05,0.00014922756260707382,-1.0625395652323621e-06,0.00031052485730648227,-1.6890774557618005e-05,-0.0005089157315145143
78,0.001065800169286671,-7.97041310003372e-06,0.0002721183309041808,-2.8301305462788418e-05,3.4950467677055674e-05,5.034581448605524e-05,0.00017548547157608674,-0.0003519517648868098,-0.00014467660119366066
79,0.0005785095705729279,-5.595305659295349e-07,-0.00023083872401097327,5.511028981434324e-05,0.00010853608881151305,-1.6070325966309473e-05,5.007576169274719e-05,-4.1786204743266e-05,7.553264496784617e-05
80,0.001366190572461884,1.8247220301858234e-05,0.0001240288044407345,-4.034472824362978e-06,-3.771084727244994e-05,1.496913678802024e-05,-0.00044648510572856126,-0.0001948648604055414,0.0005258501247003555
81,0.0007980803888116119,-2.4674528258402002e-05,-0.00029030044081579387,5.233416909199498e-05,0.00018347686515202827,1.3725278860645534e-05,0.00014950388130119396,-4.866808596554195e-05,-3.53971393660113e-05
82,0.00046456566855557647,2.135608630539961e-05,3.630403533949611e-05,-5.624714097260397e-05,-4.932207551737455e-05,-1.1175252721621828e-05,-6.0832958671902526e-05,0.00017462271263288254,-5.470540639429533e-05
83,0.0012748428852903592,-1.5412965611242245e-05,-8.908875245594583e-05,8.090055265863594e-05,0.00018262316234811393,-2.0451775153376706e-05,-0.00039381934161514254,-0.00011864860780949615,0.0003738977276384059
84,0.001117702710360058,1.569377754914638e-05,-0.00020502039582870335,-7.134294686418283e-05,-2.768127514779506e-05,-1.2894347728166847e-05,-0.00024191238961118744,0.0004207229633191589,0.0001224346143117172
85,0.0003847080489736542,2.5736426336712623e-05,-3.1963080615593498e-06,-3.170777460377583e-05,2.2559765844254454e-05,-4.9386643631951777e-05,-0.00010806329818954796,3.925141076448202e-05,0.00010480642154137021
86,0.0010179036377276057,4.875286193118007e-05,-0.00038005382931399767,-4.115323980300942e-05,-1.0375651562317956e-05,-3.494260721985387e-06,-7.387483746246204e-05,0.00045626244081713174,3.936516115521371e-06
87,0.0006560141382871854,-3.0108515529028365e-05,-9.473139587706791e-05,-5.779452429948567e-06,9.274242958458995e-05,-1.1528535291467634e-05,-0.00018585917001606722,0.0001470193809814807,8.824525857753507e-05
88,0.0011953383069365654,-3.434998656579209e-05,-0.0001238539097377367,-8.344523181465571e-05,-3.544485500151656e-05,-2.3970792137454483e-05,-0.0002966043782111627,0.00024647849912799724,0.0003511906543402499
89,0.0010498836227404874,6.357738338957919e-06,-0.00018783191470345129,-1.7198426952969026e-05,-5.634719190453913e-05,-6.1385048386684155e-06,-0.00025742577297055425,0.00014702315571590852,0.00037156091731543883
90,0.0021413510638817797,2.4278785331819513e-05,0.0005148188751255556,3.514876927595417e-05,3.1739387622277404e-05,2.762055123523184e-05,0.0004370691633500401,-0.00047735868365295087,-0.0005933168482879503
91,0.0010866816034094317,-8.939594181258358e-06,-0.0003932523158934331,-6.0941783545796074e-05,-6.447067485526592e-05,-1.5736433228958485e-05,2.915329933400601e-05,0.00016197766363131028,0.0003522098387394035
92,0.0016121004501999355,4.433264985063273e-08,-0.000282812456927517,-0.00013964681347995375,-0.00025723752394903043,-4.374744139268999e-05,-8.26059893508091e-05,0.0002806555275094713,0.0005253503649406133
93,0.0010500504571406156,5.460543874883164e-06,0.0001868712563089514,-1.2476256232990535e-08,0.00012312178864076068,-4.884342327418981e-05,-7.60195884739745e-05,0.00020957163974566484,-0.0004001497405659582
94,0.0005609596815526977,-1.658565530877204e-06,4.7194108813153335e-05,2.363560416861199e-05,1.706900403813244e-05,-2.1612153165621525e-05,0.00010904346598128445,8.353765777519007e-05,-0.0002572091220798267
95,0.001191359322551445,-2.558647260946824e-05,-0.0002994813397398932,-4.732727355246866e-05,-0.00014832358755702962,-7.057337035196176e-06,-6.790365078171434e-05,0.0004121407673380456,0.00018353889393762923
96,0.0008343333563761556,1.0576989301170486e-05,2.5365722299830473e-06,2.890218329125796e-05,5.196409795439616e-06,-2.354430577734476e-06,-0.00033409703266693014,-8.071521494339151e-05,0.0003699545235702484
97,0.0007247337890662151,-5.162508996026452e-05,2.1551934974384235e-05,2.603823778420805e-05,-4.427031925030578e-05,1.823055804837763e-05,0.0002965461637260691,-8.604979098175702e-05,-0.00018042169434084876
98,0.0006899743760046114,1.1855100903414816e-05,-0.00010045739532493769,-4.1338644772504624e-05,-6.948214743042469e-05,-3.522387461863882e-05,-9.848512585577951e-05,0.00016388377784611052,0.00016924830925280077
99,0.0009334365158890955,5.925399632350243e-05,0.00018842150530606894,6.913661248023062e-05,8.138217907854156e-05,5.789139423234557e-05,-3.421649388185566e-05,-0.0004325017640626899,1.0632570523860796e-05
100,0.0009046996283522124,9.414909709661023e-07,2.991843208732803e-06,8.818618675938625e-05,-7.183551948286571e-07,3.4277278154151714e-05,0.00029078026331408324,-0.00045163145898127754,3.517275176878609e-05
101,0.0007611451411023984,-4.5909974788201774e-05,-0.00022361048662550287,-7.070922194316737e-05,-3.852885774410092e-05,-1.81402945021239e-06,0.00014808497702098466,0.00013493817543214215,9.754941809808626e-05
102,0.0013082562077586946,-9.137532609972826e-06,0.0001573075253705758,2.5538542062077813e-05,-3.511709371149807e-06,4.083215988348772e-05,0.0004304498765632103,-7.885687527034446e-05,-0.0005626219866278759
103,0.0009030594938539138,-2.5984294494746027e-05,0.0002720129103016,1.6770013769047687e-05,-5.480574042959763e-05,-7.603196847828092e-07,-5.219818427509848e-05,0.00016274682285633002,-0.00031778120804271115
104,0.0010164041039981576,3.875141431346207e-06,0.00010222580206897813,3.790919600712636e-05,1.9223674824542236e-05,1.2754873920132678e-05,0.0002586592914644581,7.3554072282489e-05,-0.0005082020519990849
105,0.0007647178144175072,6.25312968915992e-06,-0.00022046650808105195,5.269774175503672e-07,2.3258715069487956e-05,2.6194095576363013e-05,-0.00014936772819881816,0.0003261259894561941,-1.2524670928881765e-05
106,0.0005895245493555273,1.5227536706255429e-05,0.0001907938043199664,1.6090912988320216e-05,1.3890707057782892e-05,1.9019040297670042e-05,-0.00027552525456470134,3.9740273307803387e-05,-1.9237020113027636e-05
107,0.0008769879328334477,-7.230519845780308e-05,2.314670669478769e-05,4.363576649114853e-05,-8.976159540091677e-05,-3.428696787100005e-06,-6.452286234184812e-05,0.00037171149323082797,-0.00020847561342901555
108,0.0013393665384966152,4.318602459326727e-05,-0.0002695471595058896,5.6951214171964415e-05,7.174253992286994e-05,2.58601547183622e-05,0.00047194333584185677,-4.662303982508331e-05,-0.0003535130699173217
109,0.0009065504908722802,1.632855903717801e-05,0.00021676317215035823,-5.632948853539349e-05,-0.00010193087765165282,7.3939485726835785e-06,-3.366543252100729e-05,0.00021278956567594154,-0.00026134944672806526
110,0.00220494887220528,-5.434518086803661e-05,0.0006942200945158072,6.315218517591661e-05,0.0001928577847840618,-4.440042284373398e-05,0.00015224437162683624,-0.00038558052518652963,-0.0006181483072043581
111,0.0011127874021285662,2.186620450667868e-05,-0.00024077442117209635,-1.875766112208882e-05,8.506065008699604e-05,1.1692884405514747e-08,-0.00014248593739774051,-0.00015437568137231794,0.00044945515358624233
112,0.0014921955275000948,-3.153310154484657e-05,0.0004952090560212397,2.1660167561908528e-05,0.00018104135056452864,4.818718960241872e-05,-2.1284735216703377e-05,-0.0006255704437702903,-6.770948321815906e-05
113,0.0012325212527556448,4.527716311740135e-05,0.0002646363413375541,1.9031739865817132e-05,-2.7917898771968874e-05,2.6282878067258528e-05,0.0002610325039897887,-0.0004085163645388412,-0.00017982636306701494
114,0.0010861981132085198,-2.5381529071544055e-05,0.00016882113155408662,4.777934975268294e-07,-1.6641936905377464e-05,3.5048397422110175e-05,0.0002758137613999567,6.293797273057566e-05,-0.0005010755906273423
115,0.0019471012303496462,-1.576368055297272e-05,-0.0003840404418662957,-3.599759560666063e-05,-0.0001196302981366637,-3.9710061673426875e-05,-0.0003784085373388091,0.0004170532713464181,0.0005564973438283993
116,0.0011786048153186734,6.504187167476888e-06,0.0005249422633606393,-2.3634735237962334e-05,5.785595713123093e-05,-3.376023120005636e-05,-0.00021410291089130062,-0.000214700204814261,-0.000103104325515746
117,0.0013811116285606766,2.7831340155852133e-05,0.0001947576606489143,-5.810797836169196e-05,-4.9848457533044344e-05,8.652798340854848e-06,-0.00047615462186256785,-0.00010644475652303587,0.00045931401513471526
118,0.0007649646094694453,-2.248614952920884e-05,0.00025960703099481286,1.2936797721165016e-06,4.796644414691714e-05,-2.9210315663840553e-05,7.361514982084927e-05,-0.00012049544203705798,-0.00021029039750464218
119,0.0013187157379605276,-3.076793327931246e-05,-0.00012973751930789312,-9.036497563476645e-05,-0.0001731124837633033,2.4104862269107297e-06,-0.00023537495699502142,3.8893044799731546e-05,0.0006180543379535886
120,0.0008608947709912839,2.696340121888935e-05,0.00013116997996270863,4.057230602113812e-05,6.889097456679039e-05,-1.7870783889645594e-05,-0.00013994741821021783,0.00016285072372612674,-0.00027262918339576725
121,0.001758735894126227,-8.31794554234655e-06,0.0005358376442597401,1.8755519535333665e-05,6.545678550314016e-05,2.9085140738396506e-05,0.00023023285702658547,-0.00041076938308173827,-0.0004602806184389463
122,0.0011849527082775143,3.3763713040285692e-06,0.0004210508222733389,1.3093414364361011e-06,-3.9610905530909624e-05,-3.295194800042624e-05,9.324833912055519e-06,0.000157414985212892,-0.0005199135006074274
123,0.0010289066997752764,-2.572747841575549e-05,0.00021237085160291658,1.3378027189585306e-05,0.00015616338556625337,-5.123438481466347e-05,0.00013254108552895882,-0.00037959779447602204,-5.789369218112128e-05
124,0.0006211493606961913,-2.9106303536821643e-05,-5.784701152206084e-05,5.917391872709357e-05,8.425946481417645e-05,-1.574380197519841e-05,-1.1121168109196056e-06,-0.00020676544650313766,0.00016714129680678314
125,0.0010958498412877828,1.573224780017108e-05,0.0002769460184995909,7.13585432009188e-05,4.793618622801754e-06,2.0547063117781067e-05,0.00015854742940263344,-0.00017791409171154238,-0.0003700108289323434
126,0.0004245676500925187,2.8333349124659915e-05,0.00012352056603320838,-3.711056196339241e-05,-2.6442842442901682e-05,-4.5694726662510315e-06,-0.00014416094797370382,3.453150476555311e-05,2.5898405122848356e-05
127,0.0003862469243445807,2.829412484923067e-05,1.0821846201825025e-05,5.5132775770440345e-05,-8.844161023813246e-05,3.257233436556109e-05,-0.00010251903677699348,-2.1628151571917442e-06,6.630238098520591e-05
128,0.000878614078030325,-9.307544088102762e-06,0.0002581456817599692,3.242704789027662e-05,7.598111114523465e-05,1.6569781102772005e-05,-3.256368093906836e-05,-0.0003974358139879619,5.618341711693953e-05
129,0.0007276249173579288,-8.905190732166196e-07,0.00020595934996847642,7.770894561890535e-06,0.00010232942705901138,-6.476973054820277e-05,-0.00011014217418164884,-0.00018801003487585455,4.775278708962771e-05
130,0.0012059164971615736,2.807396973079912e-05,-0.0003153846124845372,1.8119654828650106e-05,-0.00015692916105731342,3.287513157730626e-05,-0.0001306444750389657,8.849933807178467e-05,0.0004353901543722172
131,0.0003235956455482176,-3.319025980611217e-05,5.8982837057297566e-05,3.678106886861876e-05,1.56218120405463e-05,3.2765270536555535e-05,-0.00010774135051080935,-2.0866212457143485e-05,1.764683427113445e-05
132,0.0005137543811514671,-2.071202968357503e-05,-4.0824071557921116e-05,-3.5494915495658946e-05,4.9226612457951846e-05,-5.719517447429906e-05,2.8049489310538744e-05,0.00017960108880728243,-0.00010265099936423994
133,0.0005907524239778155,5.941036203713831e-05,0.00018183889446771184,5.903622174036061e-06,-5.308248944000532e-05,4.045640888653522e-05,7.766924423502353e-06,-0.00017904756609363193,-6.324615645525444e-05
134,0.0008934232139445443,-4.5011397229006815e-05,0.00032111016961794414,-5.955128767652293e-05,2.8203640265095364e-05,-2.798209238766801e-05,9.739779708931029e-05,-0.00011264487488971131,-0.00020152195478928547
135,0.00118926898034305,7.317184940462164e-05,-0.0002357624422624216,-4.872719531061678e-05,-0.0002560008932861249,2.8442558233277362e-05,0.00026661904893932054,-5.4143959312330514e-05,0.00022640103359433672
136,0.0010832967754041897,3.15898270489539e-05,2.040017702703567e-05,-9.143813957182556e-07,-5.0609183952270154e-05,8.679114270113489e-06,0.00013949918621933288,0.00034148008313665545,-0.0004901248223541099
137,0.0008830596349448383,-3.168139884199804e-05,0.00013431622919429786,4.2721004895454606e-05,9.812184009086455e-05,1.581287847935743e-05,-1.3192004483630893e-05,0.00015055786481241173,-0.0003966564141468232
138,0.0008078607414020349,2.9833671442699126e-05,0.00022509474519893935,4.117530730696553e-05,8.297547402236205e-05,2.485117273007438e-05,-0.00013211275008062628,-0.00012799306572894298,-0.0001438245548914252
139,0.0016423919757949865,2.119203827652058e-05,-0.00039732815335885574,2.7349449590010483e-05,1.4342717379559056e-05,-2.0292198222346403e-05,0.00011246896758765335,0.0006458428150637185,-0.0004035756363163223
140,0.001078882518341093,-1.0475625737347595e-05,0.00018932404639948608,4.287817851173978e-05,0.00014635351380895556,2.0233839076719273e-05,0.0001406516813736991,-0.00011055077998552154,-0.00041841485344762397
141,0.0008723831899723374,-2.0723562537983478e-05,-0.00016453934625010325,-2.0520493397194195e-05,-8.272739799053408e-05,2.418935226716247e-05,0.00014666655877049184,0.000265335683948556,-0.00014768079481031204
142,0.0007127019126018843,-6.30435415289593e-05,0.00023492368005390007,-3.741584592316036e-05,9.330592258754294e-05,-2.0418708070265093e-05,-0.00015011900313699478,2.812135365948265e-05,-8.53538576415791e-05
143,0.0006149161119009565,3.90055348649691e-05,9.890246530730451e-05,-1.857428322874638e-05,-2.3382208249420056e-05,1.5833101524108384e-05,5.951758480338132e-05,-0.0002655015644722619,9.419936945076479e-05
144,0.001219090599850232,-2.918596136783965e-05,0.0003946096764865792,-0.00011016682194669308,9.337184953500666e-05,2.201836126676862e-06,0.00011936193777686843,-0.0003720261121615276,-9.816640444904046e-05
145,0.0017365885471646138,2.7883567424411525e-05,-0.0005069639333663001,-0.00010834184536188951,-0.00016734757677601408,-7.256932691259918e-06,-7.838398538681512e-05,0.00024248807176219245,0.0005979226343957311
146,0.002344953587999696,-5.038125795157888e-06,-0.0005601185877702752,-8.29716495108282e-05,-0.00010681035705814579,-2.094899672750762e-05,-0.0003965890771379377,0.00039216492361054955,0.0007803118703892942
147,0.00038280860267307214,-4.6301033479597895e-06,-5.867708016860096e-06,9.446490350666081e-06,6.153190297177036e-05,-3.747530191365936e-05,-0.0001434311880580963,8.556251052618813e-05,3.486339748787204e-05
148,0.0008671503815264898,-2.572131907279014e-05,0.00010470785900940083,5.640276121267676e-05,1.2148191550258314e-05,1.3590332637123531e-05,0.00024672604635381234,-0.00014283342240464791,-0.00026502044928577995
149,0.0012926661215905601,-9.902721634815273e-06,-9.862768992408011e-05,-0.00010506206683444028,-0.00019692602907211282,5.4000324200553784e-06,-0.00023581455332985501,7.201275214130387e-05,0.0005689202762338974
150,0.0012735685476808218,-4.3579188885008516e-05,0.0004171895557477101,-9.690471452702965e-07,-4.3472842266162326e-05,2.9918468854146785e-05,0.00018967624923857396,-0.0005078027372820426,-4.0960458261907196e-05
151,0.0006288255115996129,5.680550609527511e-05,-0.0002618389973857438,6.636094317012675e-05,2.7259442525115474e-06,4.237065331152631e-06,3.3793994851621934e-05,-5.257375841413725e-05,0.00015048930209904388
152,0.000747669650539632,-2.1403394860659494e-05,-0.00026912582241606087,-4.44817813692322e-05,2.5728177357464688e-05,-3.882382662390681e-05,0.0001531744472429708,0.000163226813081771,3.1705387587566136e-05
153,0.0005912193249510032,1.4158444017415943e-05,0.00010774126180124188,-1.740698321957279e-05,-6.413385076819988e-05,-5.426744708804387e-06,-0.00011172892163058279,0.00017370995665680344,-9.691316214838208e-05
154,0.00038022732373113946,3.032760422056434e-05,-4.184304928966931e-05,1.922714732063152e-05,-5.3240700692271103e-05,-1.5054960531262623e-06,3.4276190775006654e-05,0.0001062827195492666,-9.352441583060367e-05
155,0.0018614776110740874,-1.73927272369475e-05,-0.0005284522804389069,4.35562363659929e-05,1.8144045615189897e-05,-1.4268676126801688e-06,-0.0003834669302485161,0.00044789708520714955,0.00042114143834870443
156,0.0009417424191679822,4.1004245187379815e-05,-0.00021848114173261823,-2.2481792951081075e-05,-9.786100579431412e-06,-4.028270840845949e-05,-0.00017983946591243472,0.00016936834998244887,0.0002604986144141286
157,0.0007210439665687515,3.364749583596206e-05,0.00014206824163720544,-9.498246788530729e-05,-0.0001385597904635799,-1.1413477072157868e-05,-5.7150778593084706e-05,-5.841546927026764e-05,0.00018480624581118654
158,0.0016245251291538854,7.296355713767161e-05,-0.0007276774367854788,-1.2353206918617327e-05,-7.035304870998266e-05,-1.878872162781528e-06,8.392178853131038e-05,3.0320444761838816e-05,0.0006250567741462043
159,0.0013454659194261668,-1.5906530127150938e-05,0.00014661137158716864,4.9624139663521916e-05,0.00014181312226544535,-2.9840875495510885e-05,0.00021220365838975352,0.00012248066780726208,-0.0006269855540903535
160,0.0004965344760655454,1.1003638893438035e-05,0.00017283408255835964,2.6992451074552698e-05,3.0987890868201806e-05,6.449174638208793e-06,-2.882018868216596e-05,-0.00015356042180003637,-6.588662755058206e-05
161,0.0009303014200003953,-2.1514666154309053e-05,0.00018724699397504319,-4.9757198204901376e-05,-0.00011038701090419767,3.807538703174025e-05,0.00021712645488058957,2.2701874112865394e-05,-0.00028349183473674877
162,0.0008293829761500341,3.7511956113393807e-06,-0.0002734081573301239,-3.019539084587325e-05,-5.473414309437735e-05,-3.6410444929340507e-06,-5.271275231161221e-05,2.264197535295498e-07,0.0004107138727102444
163,0.0009670734189553805,2.673887529378808e-05,-0.0002588499786982945,9.5932718790534e-05,0.00024584961810156236,-5.375400369024563e-07,2.9521720450120803e-05,8.549377684163861e-05,-0.0002241491907425397
164,0.001044698080783041,5.684594105502365e-06,-0.0003527761338940061,-2.663125261046992e-05,-1.0507057348653481e-05,-1.5661812746963627e-06,-0.00013086841526369075,4.508031337209506e-05,0.000471584132913927
165,0.0011083112880807778,-1.8858937939069363e-05,0.00014418544261390887,2.4989708831760216e-05,3.444892231535546e-05,1.3517869710970992e-05,-0.00033151885461629726,-0.00020377785148503746,0.0003370137005683782
166,0.00037616820081956635,3.768600888287392e-06,1.9996307850767003e-05,-1.1663040223902632e-05,-6.459770537697862e-05,3.340238261940673e-06,-0.00011182335480888761,0.0001161611647410854,4.481778866771702e-05
167,0.0016139788470076006,2.453056478178388e-06,-0.0007148741082725341,1.9886796261577716e-05,-6.999170495287921e-05,-2.2123610278344114e-05,9.648286570859699e-05,0.00040137446041814406,0.0002867922446373461
168,0.0008070729744052967,3.5954250927649686e-05,-8.472568877482267e-05,2.616396900698495e-05,-0.00010693241392777109,5.287572264807763e-05,0.00028854254461999074,-0.00018582964375808697,-2.604874074191299e-05
169,0.000646224927257107,1.3490397239059038e-05,5.894459042132816e-05,2.2219153463096802e-05,1.8437025928109974e-05,5.1611960185380876e-05,-0.00016926941416747776,0.00015840933639162114,-0.00015384304946103322
170,0.0008434710700514804,-1.2252171859768526e-05,6.296643989955886e-05,-7.126889368576708e-05,-0.00031122761649457487,6.623222800872068e-05,-2.6986852985605436e-05,0.00022630342707795348,6.623344003953147e-05
171,0.0006522641153564462,8.034537208403275e-06,-0.00011761619149253111,5.389869526795793e-06,-0.00011476203379645611,2.9179758105096765e-05,4.450965560717779e-05,0.00023901823723068705,-9.375383238929835e-05
172,0.0009826938638996911,-9.413516977280212e-06,-0.0002502371641689982,6.677855399264687e-05,-7.910495593244082e-05,-8.179102621349438e-06,0.0003433809464468973,8.118743151032393e-05,-0.00014441219224975432
173,0.0012447611782922642,-6.470756056379569e-06,-9.143226870639287e-05,-2.6525986264031715e-05,1.8421409662780497e-05,-2.4473218429722776e-05,-0.00047347835968952756,0.0003705538840762662,0.00023340529540716304
174,0.0003203315806234834,-4.949538304959908e-05,-5.94353609584819e-05,1.7123379424440616e-05,6.730042861902846e-05,5.463713481784413e-05,1.1285783925729653e-06,-5.1235046303652054e-05,1.9976269057864204e-05
175,0.000573643329638219,3.264127020184953e-05,-4.972836110633816e-05,-1.4668835067028346e-05,-4.642805732976707e-05,-3.405066785062451e-05,-0.00012564679857118843,0.0002541803946172344,-1.6298944894188594e-05
176,0.0008618577489777736,-8.605002496132712e-06,-0.00017135649467159286,3.217978595460025e-05,6.736495009204008e-05,-6.914362696891843e-06,3.1550658660256525e-05,0.00029983347978199126,-0.0002440530146242681
177,0.0004533339035190601,-5.3053663764523334e-06,0.0001255479009886762,-4.089143294132291e-06,1.7625226965134466e-06,3.6146715957131176e-05,-0.00011351509615309396,-0.00010375734593578989,6.320981211727084e-05
178,0.0007504106348145967,-2.589740324284752e-05,0.00014383486949276492,-4.52037410081374e-06,6.203414434721721e-05,6.493680060528501e-07,4.436483501257804e-05,-0.0003447875400636319,0.00012432210054869053
179,0.0010415846513680722,-1.965262003051499e-05,0.0001851862156101447,2.7594757131516046e-05,1.1539028066803736e-06,2.653624042329647e-05,0.0002803212097124419,-0.0003285667424392097,-0.00017257296321426807
180,0.002105323247241095,1.4154777962287202e-05,-0.0005357488078853168,-0.0001169236303671696,-0.00018223809399520868,-2.9330750354977092e-05,-0.00018842034101784755,0.000652596047704207,0.000385910797954081
181,0.0006410864095542836,-5.7415250528080816e-05,6.423167280522613e-05,6.516144389316983e-05,5.3639167112783104e-05,9.399706643060252e-06,0.00012811121432287909,-9.95036692561374e-05,-0.000163624284992947
182,0.0007755129008690832,-1.0357040813979701e-05,-0.00023366905194205367,-1.8442852536180998e-05,-6.730295044186929e-06,-4.725720057153007e-05,-7.130000952665361e-05,0.0003713857873592491,1.6370663075249148e-05
183,0.0008864303765714256,1.5365904449012036e-06,-0.00017272190130268594,2.3196014447262464e-05,-8.195760136012198e-06,-6.839064616117815e-06,-0.00021555107229034864,-3.990738994054388e-05,0.0004184825833935535
184,0.0007309526939862634,-1.5544366128891242e-05,-8.756015327948674e-05,2.7360998383168383e-05,7.753867944912396e-05,-4.75010193375959e-06,6.561337092006458e-05,0.000194963298240744,-0.0002576217256510249
185,0.0015616964326328024,0.0001028078487424304,-0.00017745137315938742,6.693411087270798e-05,-5.909200073868359e-05,-7.822383877552352e-07,-0.0005435226040305663,0.00025193323464742234,0.00035917302205384916
186,0.0023955906672571067,1.187949908154455e-05,0.0006248922448190974,-3.6118592451346576e-05,0.00010993361926994044,4.122372927550279e-05,0.00040986624118249937,-0.00043865001855097896,-0.0007230267226261966
187,0.00043255908856312635,-6.7375390875625e-07,8.639762589568445e-05,-3.082673593994209e-05,-6.767382282182877e-05,1.974727930870862e-05,-1.9205063563981772e-05,-9.790016804706037e-05,0.00011013463907716403
188,0.0005848159088296424,-1.2587349616626983e-05,0.00016725955620239263,-1.3227939941441724e-05,-8.135912175880056e-05,8.880777562494599e-06,-7.871839625486765e-05,0.00011626762064989582,-0.00010651514684312247
189,0.0012315557858379343,4.794579341277968e-05,-0.00025774004096540404,-1.0718565879329345e-05,-4.1042362723536785e-06,2.4494744803277985e-05,0.0005433373547028553,-0.00013866143808426157,-0.00020455361171767272
190,0.0010383949809964228,-3.387378350364935e-05,0.00032584760799209134,1.5030967784605137e-05,1.6054931550921192e-05,8.778325279571592e-06,0.0001534856578910837,-0.00017960546267659083,-0.0003057182443179096
191,0.0007095262634565979,4.656673467290633e-05,-0.00011602603879146134,6.660032864052104e-05,8.063971747738347e-05,-1.1294313463049155e-05,-0.0001482669084937327,-7.917587098005274e-05,0.00016095635093749117
192,0.0007928958508032656,1.12849515220741e-05,8.897508239652518e-05,-1.6832627739001016e-05,-4.622930397186337e-05,8.802842602571512e-06,-0.00033338599369076016,6.077557715682136e-05,0.00022660947172364887
193,0.0009267376822612635,5.7053661214211474e-05,8.633424818693669e-05,-5.3238566725604536e-05,-0.0001336772159295646,-5.1270115012387596e-05,0.0003199809317294966,-0.0001862403707093424,-3.8942572753719595e-05
194,0.00022999459052226983,1.2125796099541307e-05,-4.7995459956928777e-05,3.5353663164684745e-05,4.919565286613803e-05,-4.093497298757881e-06,-6.290833800545736e-05,1.4905396926959136e-05,3.416786203802591e-06
195,0.00216169260600669,8.396190778040859e-06,-0.000312996286083278,1.7447435926489646e-05,8.4711294977384e-05,-2.65578792435113e-05,-0.0007412921376765413,0.0005223581155575779,0.00044793326576386683
196,0.0008236447124506975,2.1908134066139437e-05,-4.6502234382961305e-05,-4.193094564881872e-05,3.765907768780302e-05,1.0505372741711691e-05,0.00014088494729849743,0.0002008648244311989,-0.000323389176193567
197,0.0015808724827530577,5.25580751058281e-05,-0.00011250236550980341,-3.815668106349479e-05,8.979195086656483e-05,-3.805065593156902e-05,-0.0006017265388716664,0.00016180751271221983,0.0004862787026919113
198,0.0009799806774194514,-5.913849036306377e-05,0.0003339816545170349,2.3971656754231963e-05,-3.490118336908765e-05,1.6091411495998062e-05,-7.049245718604435e-05,0.00011594561594248376,-0.0003254582077915069
199,0.0009474512421133764,1.3213136107755041e-05,-0.0003524301535509089,1.0916914101207625e-05,-1.0495519300074418e-05,-3.2783085802068346e-05,-7.801686240366257e-05,0.00029906811336452566,0.00015052745748317387
200,0.00047233426936764585,-5.9180467650486734e-05,-2.123033859491308e-05,9.130312728241816e-05,4.4114738273828835e-06,-2.7144463391975612e-05,0.00014045253357403142,-2.5666973983221042e-05,-0.00010294489106321691
201,0.0013482507033575576,-3.72417998328713e-05,-3.210727466229635e-05,4.384225108075915e-05,6.512941949909229e-05,6.867761601152614e-06,-0.000604776277183583,0.00012702980578804812,0.0004312561137097548
202,0.0004422457246974704,-1.288664454910781e-05,-0.0001925015165806787,9.572697718822354e-05,6.987071753636331e-05,9.182958755874979e-06,1.0452989209680519e-05,-1.5734701218961256e-05,3.5889219658580274e-05
203,0.0013248119327574567,-4.176991926975113e-05,0.00011478529134129056,7.606259427438145e-05,0.00015976458174641467,2.3334834075173366e-05,0.00019261551493704454,9.58431500044099e-05,-0.0006206360471089911
204,0.0007915957845056679,-3.5504147610620346e-06,-8.080692764222963e-05,-3.164467748687297e-05,-8.095621157808847e-05,5.123268000393685e-06,0.00015039871944408367,-0.00019883966078453053,0.00024027590480840688
205,0.0007694212779121136,6.855340210420655e-07,0.00029023127946259386,-3.2348371491051214e-05,1.174932696081099e-05,-1.3872351373846528e-05,8.204449851154094e-05,-0.00019293236454312468,-0.00014555755154810335
206,0.0017597287928580625,-1.0861717286057837e-05,-0.0004228143222765879,3.3951305106333374e-05,-3.681712355679129e-05,-1.3102559506334571e-05,-0.00039626867380326836,0.0004499319881355185,0.0003959811031871707
207,0.0010325018953186342,3.87527041074481e-05,0.00045066974030921747,2.6828503242658924e-05,-7.017731639900188e-05,-1.008249364736237e-05,-0.00012424264459823253,-0.00012024151115228032,-0.00019150698186243265
208,0.0013844981608971694,-3.2237241857622535e-05,0.0003871534039305846,4.611155496753866e-05,1.9095825705611746e-05,-5.067152923275697e-06,0.00023988829584481453,-0.0002341900931204094,-0.0004207545925473122
209,0.0005240999371814376,-3.505555954302474e-05,-1.675363843856026e-05,8.098788431901149e-07,-1.3047737902109613e-05,4.511428448874914e-05,3.704063798548596e-05,-0.00019719303270698818,0.00017908516727332957
210,0.0015872616099524301,-5.349694551246183e-05,-0.0002926680666347492,-1.1640094414705482e-05,6.0163081235589666e-05,-5.366112045174232e-05,-0.00038216457796258485,0.0006147355430334706,0.00011873218070712621
211,0.0009400136961296652,1.9339093319977775e-05,-0.0003344297231476223,-1.1804295238920792e-06,-6.606453301893911e-05,-2.0772428266188636e-05,-4.7559734108248986e-05,0.0002288780482575664,0.00022178970648722984
212,0.0008020551191194715,-2.7331872236728387e-05,0.00020718630819593908,3.693004356085383e-05,2.6880876139619148e-05,7.671726582886632e-06,0.00012235860508044705,-0.00013140352335834493,-0.00024229216396465247
213,0.0009320870284353893,-1.4365409309359534e-06,-0.00024212525019590148,-7.441157389145164e-05,-7.312768932064839e-05,-6.903369500426033e-05,0.00032898781044796155,-5.908764874468231e-06,0.00013705570376976173
214,0.0012906397990655027,-4.0746170262570894e-05,7.492828608379742e-05,-6.265110265184226e-06,7.980905218634565e-05,-1.834650160229337e-05,0.0002579330105559885,-0.000579962117402702,0.00023264955070662063
215,0.0004701414079824372,6.367513370629605e-05,0.00017139557028500452,-2.4690399139343927e-05,-5.03450547712711e-05,-2.926923222142802e-05,-6.036987161284202e-05,-6.479639996929965e-05,-5.599746276951922e-06
216,0.0008114985011929629,1.0017174665741257e-05,-2.7051864569249684e-05,6.344941127270007e-05,9.478375338379391e-05,2.767158190121466e-07,0.00023722219545524448,-0.00023194107006083153,-0.00014675631596638983
217,0.0006488602596277388,5.0889945554364116e-05,-0.00011113896191011774,-3.593190107360755e-05,2.5639734919022383e-06,2.208677164475259e-05,-0.00017662753249395036,-7.317343362206463e-07,0.0002488894391228236
218,0.0012970958112260098,8.305382131083838e-06,-0.00028976405714431497,-6.878854814465832e-05,-4.291897485706603e-05,-1.2853177840379745e-05,-0.00023422314762652774,0.0002524992696153333,0.0003877432538666459
219,0.0007657620305177651,-2.6589890034890012e-05,-0.00025173818962404004,3.9227893026905214e-05,6.359261862974586e-05,0.00010143368492356378,0.00014750544927452647,3.112136940412735e-05,-0.00010455293559996637
220,0.0014501931266117868,2.9120940708366773e-05,-0.0004607140761484496,-5.637296715372414e-05,-3.988592829592963e-05,-6.521672297948866e-06,-0.00016160191940986501,0.00021981458370685936,0.00047616103889064343
221,0.00036494238155967973,-8.187909135639812e-06,7.350697030111819e-05,-3.4675894247954836e-05,-3.1115408138840395e-05,2.0078086953567373e-05,5.701059544643838e-06,-0.00010849197925738574,8.318507398052954e-05
222,0.0009482275368391047,-5.7210367432531696e-05,-0.0001066700043304003,3.90351581555301e-06,5.898820374310859e-05,1.743424492845272e-05,0.00034736605419699584,4.642174973541746e-05,-0.00031023339665664507
223,0.001166235884110041,4.744311555948764e-05,0.00014101291393903148,2.684780664950065e-05,2.6656129929157613e-05,1.19470620459812e-05,-0.0003735409664638034,-0.00020957697559118027,0.00032921091393189883
224,0.0005329445250081884,3.0328050073632346e-05,-0.00015467670263585864,4.432590592972491e-06,-9.001147470524135e-05,4.5226843655484655e-06,2.124524571298081e-05,0.0002059436917589974,-2.1784085162956934e-05
225,0.0005177164000261473,-2.3499653806189486e-05,6.859531168312838e-05,1.7684970907642927e-05,-5.033198089364477e-05,-1.8850962753029152e-05,4.357256880405114e-05,0.00012900534861819135,-0.00016617560256027009
226,0.0008730730285571231,1.4458706974239746e-06,0.000379695989581208,1.6779089644442663e-05,1.1009926348101717e-05,2.7605638007367414e-05,-0.00019668757102098144,-4.5113202735286295e-05,-0.00019473574052231157
227,0.0005935412004365375,2.325666349791127e-05,-0.00010935299413933341,-3.4568428034925658e-06,-8.496402537369607e-05,3.6986545583820446e-05,0.00015733731089850878,7.919008023801744e-05,-9.899673790175756e-05
228,0.0008523720458598312,-2.1706104813637613e-05,-0.00021059491298425215,-4.7201106719022695e-05,-5.649073074989047e-05,-5.346072984208777e-06,-8.484709467893037e-05,5.875201383416517e-05,0.000367434009095724
229,0.0013529027243637456,3.0894267058611397e-05,1.704228849441769e-05,-6.284011646948487e-05,-9.148436152998929e-05,-6.646614778754029e-05,-0.0004539384590480644,-1.7222773467939767e-06,0.0006285148066288437
230,0.001275158963533348,-3.3011935317735046e-05,0.00011202119383957321,4.249863054440681e-05,2.5259030588600795e-06,6.738853329242567e-05,0.0004131452210313913,-2.559784615947802e-05,-0.0005789697002894778
231,0.000687547754620133,-1.6623720466477608e-05,0.00025695751706006353,3.5184397151725305e-05,-0.00010210300856651477,5.163196309821913e-05,-8.483391605770829e-05,-4.5353617944735025e-05,-9.485961427468936e-05
232,0.00087482055652426,-2.5755062539869686e-06,-0.00020829709231262594,-4.564171701412767e-05,-0.0001808959626814141,1.2255302070480686e-05,8.204825390029091e-05,3.4451984735200947e-06,0.00033966152381781356
233,0.0007387190356111361,7.0576058716805e-06,0.00021291517115040737,4.2351877477551925e-05,2.419097827665445e-05,-2.460894146366112e-05,-0.00011232844499572958,-0.00023242213134617995,8.28438850292712e-05
234,0.0009966974254585446,2.637753431683834e-05,0.0003014881571544725,2.362731073995289e-06,-1.2748137479992594e-05,3.562027104085305e-05,0.00013250001914311138,-0.0003219267084288574,-0.00016367386682042406
235,0.001217356834296737,-2.5597513661336155e-05,0.00025523862121545893,4.59650999832216e-05,0.00017489483430096348,-1.1861071335831502e-05,-9.635683865222289e-06,0.0001325798616487045,-0.0005615841482859985
236,0.0009907820867340912,1.777590057546602e-05,-4.709583100315218e-05,5.256399020710928e-05,7.762108200093376e-05,2.1923067045574035e-05,-0.0001767656558586128,-0.00027152955650534827,0.00032550700353789486
237,0.00046002251546140537,-2.3840711809348242e-05,-9.572941650159983e-06,3.278058347975024e-05,2.0976383353667194e-05,1.3555504908396507e-05,0.00016269878598884624,-0.00018420955950218532,-1.2388044769051643e-05
238,0.0011574720355678478,-5.264093208399729e-05,-0.00010053346323313228,-4.415024176316479e-05,2.9422058859321365e-05,2.9958614269180728e-06,-0.00038141138070363345,0.0004181634702864062,0.00012815462721127435
239,0.0011899109406761452,-4.258841862046607e-05,0.00046760521139183053,7.82495731496656e-05,1.2911766247770962e-05,3.618891954878384e-05,-0.0001119480771208381,-0.00020284218168631352,-0.00023757679291047662
240,0.0009380661597979557,-9.230144568562679e-06,-0.00022951421785366577,5.930428482389671e-07,3.10528695127224e-05,-3.106643642673129e-06,0.00011200168778757735,-0.00022718207383409794,0.00032538547975041743
241,0.0008876312907578465,-1.989600807789267e-05,7.099369370816566e-05,2.849312502369722e-05,-0.00012072076228962503,2.9590394865736808e-05,4.7801137419672957e-05,0.0002669372943616549,-0.0003031988750114012
242,0.0007530261403024792,-5.921570515889617e-06,0.0002272603533221007,-7.259177399871614e-06,6.54946026244288e-05,-3.487608959852964e-06,8.375811420463508e-05,-0.00019174191059805057,-0.00016810280267764988
243,0.0006344860731933256,-1.881685882403842e-05,0.00020572109186661747,9.32642768989439e-07,5.8471157899794846e-05,7.314400587361478e-06,4.4803743473931235e-05,-8.698316664412786e-05,-0.00021144301112846486
244,0.0010977704112374847,-3.5481712801037346e-07,0.00024729788987620793,-5.0876409082752094e-06,-9.110433820686686e-05,3.046137172477495e-05,0.0002595992634183697,1.1526680599394101e-05,-0.00045233840937558556
245,0.0008533158931146659,-6.146271872229173e-05,0.00021489659942919292,3.4252443487033796e-05,4.78674467771778e-05,-7.077692314526318e-06,-0.0003581175355204802,5.1423000521147455e-05,7.821845634281566e-05
246,0.001587352013689351,3.9148162868442825e-05,0.0003931568478308667,2.1773606015382946e-05,0.00013373539079546137,-6.3905492399748964e-06,0.00020586199933445015,-0.00037108025105205,-0.0004162052065527222
247,0.0019730538249221625,-4.928260254187522e-05,0.00041877903293902063,7.3452900988695e-05,-2.037226353844568e-05,0.00011436028149530188,0.0003799346970380646,-0.0001764410000088118,-0.0007404310463719477
248,0.0015509983790416865,1.945223118574209e-05,-0.0005005021063555493,-6.0797800125023116e-05,1.4807609790341847e-05,-2.114227774676486e-05,-0.00019305700529353986,0.00032155117070711836,0.00041968817783760715
249,0.0014170720101626165,-6.129487533998706e-05,0.0004170958209623876,7.212402013196534e-05,1.3612012222184722e-05,3.924386985711299e-05,0.00016646028190767104,-1.3416879834762807e-05,-0.000633824249906545
250,0.0009340426921317872,4.947073647267042e-06,0.00010076766995442688,-2.131937036867898e-05,-4.572384059210732e-05,-2.7706359195753608e-05,-0.00017391808370839645,-0.00019835369220090604,0.00036130660246425084
251,0.000787425790288938,-1.569485845464777e-05,0.0001748476956845435,2.908973824631081e-05,4.90360417288796e-05,-7.295779338753992e-05,-0.00030441545014980864,-6.447931524822259e-07,0.00014073941948472557
252,0.0011337183924570084,4.517273537535393e-06,-0.00012538939162592966,-1.5442622755372504e-06,-0.00012837811623640782,5.802572209856818e-06,-0.00027011874397764313,-4.1428682112931714e-05,0.0005565393504811667
253,0.0010862003821393912,-4.782797768059562e-05,-0.0004158990867668133,1.949758378759492e-05,-4.7812965717382305e-05,-3.1560160904962886e-05,1.0358906413987512e-05,0.0004895343073965386,2.3709393471516016e-05
254,0.0006525458843054588,4.6650876761839856e-05,-3.06734259889474e-05,7.70374738869456e-05,-7.388361234317298e-06,-3.335355444477814e-06,0.00010492118808061446,-0.000284875799484996,9.766340342332036e-05
255,0.000978930375866804,3.4447703674993224e-05,0.00018607135259207652,3.6494422419357936e-05,8.085268616748326e-05,3.6915891942762916e-05,-0.0002247980802700944,0.00011468313113671691,-0.0002646671076633189
256,0.0012922493687035812,-3.365139851369079e-05,-0.0001513554055179167,6.424088736002587e-05,0.00011821281942434037,-7.018889490135322e-06,-2.326619559733789e-05,-0.00043083279523274676,0.0004636709775673875
257,0.0019300115849407778,-1.2333617431854564e-05,-0.0003726863411461778,-6.562934022682002e-05,-0.00013317596011015037,-5.996570006185087e-05,-0.00032121483349356605,0.00028045176065347177,0.0006845540318168863
258,0.0008207891010583983,2.3220817018354892e-05,-0.0002649053493677944,-3.522967172150948e-05,-8.98161935798461e-05,3.8593392804302934e-05,0.00023585466122788556,0.00011272567947866186,-2.04433358600431e-05
259,0.0008316236073571386,3.132998189946633e-05,-0.000201252458495782,3.2655488242612496e-05,2.1796423556541544e-05,-2.1216218321934432e-05,-0.00019334312686081212,0.00016525636324860038,0.00016477354673138933
260,0.0008275822884225613,-1.6882052500701884e-05,-9.654216238885738e-05,3.587590841982319e-06,0.00021446713944686668,-8.633777949468291e-05,-4.593662475887994e-05,-0.00016809252506813643,0.00019573641392245378
261,0.0003649916632281888,-2.721566638174463e-05,-6.994498468959609e-05,4.721185681472867e-06,-8.5335180542781e-05,2.418522568148687e-05,9.04195593510182e-05,5.475788954349692e-05,8.411971356592218e-06
262,0.0005935985898795374,3.5267067422508833e-06,-8.460401774512682e-05,-6.0569084059197004e-05,-4.035330759426248e-05,-6.789430444598815e-05,0.00020750672801894687,8.576586017849941e-05,-4.337858109526582e-05
263,0.0010695064505517526,-3.798402468461939e-05,3.190219965121255e-05,3.900495374069973e-05,2.2905453058760794e-05,-1.5803603434158542e-05,-0.0004809655971571569,0.00019296613138107543,0.00024797448744406925
264,0.0015454856916431205,1.1998608609634087e-05,0.0006911574030916134,-8.752416559110882e-06,1.4754622362320169e-05,5.483221175793529e-05,-0.00034123393620130726,-0.000195422626102143,-0.00022733386695905633
265,0.0005588156524751536,1.3164903532920762e-05,-1.5207063897348938e-05,-2.9765257550273816e-05,0.0001134551964594166,-2.0729900936204693e-06,-0.00017244120746370828,-5.992130723259104e-05,0.0001527877262452737
266,0.0012195086833953423,-4.3220950714240904e-05,0.0004088740853234185,5.3510804734823586e-05,9.577444307091315e-05,2.812778853365089e-06,4.878222971513302e-05,-0.00031153496744190656,-0.00025499842354154145
267,0.0010372253688203806,-6.629109869020315e-06,-4.5157282034469226e-05,-6.133883242571622e-05,-3.7858782157756954e-05,-4.629717836943971e-05,-0.00022322168811739207,0.0005186126844101552,-9.810981143643094e-05
268,0.0009747223322761249,4.316166327835054e-06,0.00023450618842280058,4.227123530575749e-05,-1.7567509455758412e-05,4.834958535903516e-05,0.00015791799072265023,-0.00029509419235437817,-0.00017469946432790984
269,0.0011004195298680436,8.0469972152733e-08,-9.670440681430748e-05,2.6931062816110823e-05,0.00014520438473190206,-9.91897421690792e-06,-0.0003101237947233104,0.0003779938474138961,-0.00013346258917945608
270,0.0008919947213482521,-2.4121091292180624e-05,0.00022250929801076458,-4.800056090249055e-05,-0.00018980161483491548,8.832617561699979e-06,4.685355112690748e-05,-0.00018407409364459837,0.00016780189397469503
271,0.0009458015856188681,3.489119283589786e-05,0.00018308012272993945,2.443794128358101e-05,9.476771342083884e-05,-8.41264124369634e-08,0.00013572382253915216,-0.00033639039825582306,-0.00013642626814119874
272,0.0012397556009684793,5.6209519174232024e-05,-0.0002853769004401707,4.05893693744136e-05,2.796416566655524e-05,1.1216194476805844e-05,-0.00017477640582394538,0.0004838985517922195,-0.00015972449422013701
273,0.001117445408483327,5.322985224965118e-05,0.00013088479576550682,3.2328271994369606e-05,-1.2197027076353562e-05,6.825145003539444e-05,0.00027402833419679085,-0.0001850481119751446,-0.00036147756519011587
274,0.0013062861238502628,4.467269102735507e-05,0.00019632630586879918,-6.56802081063293e-06,7.137614990332386e-05,-5.650732948218884e-06,-0.0003365158293543724,-0.0003044084788118989,0.0003407679151256615
275,0.0013498410928418653,-3.875493752453739e-05,0.0005372118982976959,-5.632250538893657e-06,-3.97210515272195e-05,1.86706283769357e-05,7.5903429918589005e-06,0.00011144767675444478,-0.0005908123068302795
276,0.00105810845936546,2.5188303522961746e-05,0.0002615588447621442,-3.770431901549756e-05,-3.0441182027968194e-05,-3.011911832653466e-05,-0.00021205500891671725,-0.0002187346013960284,0.00024230708139760804
277,0.0008208908443548147,4.268213506419642e-05,0.00013393438500824972,-9.658752733985448e-06,-4.755678545684261e-05,2.318266875980801e-06,-0.00015311539561044252,0.00023151063522902637,-0.0002001144883760908
278,0.001128300901752019,-2.9534204911960127e-05,0.0005454027705295017,-4.072389497947887e-05,1.8747680346480056e-05,-1.6126685430814525e-05,-0.00013757018106910768,-4.223310058877605e-05,-0.0002979623838959
279,0.0005367846526743471,-1.1963090555974429e-05,5.101566255916179e-05,-1.311656758122906e-05,3.0794598908506776e-05,-5.704110737867786e-05,-0.00018627156082129392,6.27442397023309e-05,0.00012383782516717234
280,0.0015500597929118806,-1.7940079347004804e-05,0.00044746022214209313,-8.215330438775953e-05,-7.542648991364087e-05,-1.839242750311873e-05,0.00032756967431385453,-0.000233429865691831,-0.000347687729612578
281,0.0007704915815729321,-1.4040048808354813e-05,4.5853817826180254e-05,4.247169822899771e-05,0.000123584237018394,-8.157178669424697e-06,-4.05875304551051e-05,-0.0003224610328535632,0.00017333603771291228
282,0.0008532463542554125,1.6047553656828653e-06,-0.00018544044691432005,-3.8452101541797123e-05,3.0774402951100344e-05,-4.8934240685874486e-05,-0.00015379638798568296,0.00023712679039968043,0.0001571172284112743
283,0.0004319995199541073,-5.794305716870941e-05,6.0286033126633054e-05,1.8149097382354207e-06,-9.705524628091794e-05,2.8672927449940183e-05,0.0001252258896622116,-1.870886125862614e-05,-4.2292595268833555e-05
284,0.0003319866294453971,-1.9858931240312495e-05,-5.483987354176767e-05,2.7962819009734463e-05,9.72361673314201e-05,2.0506598661705275e-05,2.0287729719847825e-05,-4.604707447308787e-05,-4.524743546752141e-05
285,0.0005613253711206937,7.801109013686088e-06,0.00017722968951255913,2.9711717681242533e-05,4.777632374964452e-05,1.8143845603229777e-05,-0.00014181083093883773,-0.00011850275754494988,-2.0349097076544087e-05
286,0.0010736745659125002,-1.923544194358095e-05,-0.00017999491118891875,-2.7239948370502004e-05,-4.130625946782707e-05,-2.3361316655784448e-05,-0.00024569940532970236,0.0004855131259494244,5.1324157006760185e-05
287,0.0012627005601177155,1.608318975992052e-05,-0.0003897464735773126,-1.9285237530218546e-05,3.158045375758339e-05,-3.464493982214059e-05,0.0004060578430437889,0.00017762879349755845,-0.0001876736291291925
288,0.0008377769045469349,3.576765344045791e-05,0.00013226215626005455,-4.3692421822817684e-05,-9.267835389506485e-05,-3.990997264163333e-05,-0.0002426077039139607,0.00023344336854984327,1.741527402310261e-05
289,0.0009093888933762069,-5.099180577982504e-05,-0.0002617253496218219,2.8644830085449574e-05,5.015720352899433e-06,-3.736310381002861e-06,-0.00013824098090542414,9.3263674264904e-05,0.00032777022198487993
290,0.0009859048753926396,3.754644059061549e-05,1.8498784056908413e-05,1.8225556071716636e-05,1.6013137458491256e-05,-3.297368850274998e-05,-0.0002736260779626909,-0.00018635267123087718,0.00040266851951858973
291,0.00034542706053409915,-1.7690257701988982e-06,3.184768574526764e-05,-4.754365246087411e-05,2.9563824788261805e-05,3.298932857293685e-06,-0.0001234008520359653,4.133027486745433e-05,6.667281200878339e-05
292,0.0022565222562525734,-4.4266273847312285e-05,0.000973135592090002,-3.436608462945717e-05,0.0001476196190515061,-4.547051680899375e-05,7.505916984784644e-06,-0.0006394332064322411,-0.0003647250464082763
293,0.0010440588031435686,1.5864725640506e-05,-0.00043172315954925766,2.9156350965033745e-05,-9.030624202247678e-05,1.4003120547671083e-05,6.285201645886418e-05,0.0002473207561997509,0.00015283243176000827
294,0.0020151782469971105,-1.250159535241737e-05,0.0004105210915711366,-1.8287467498101506e-06,0.00012923528595115696,1.5217880608865003e-06,0.00046631095791538346,-0.0002453561125690812,-0.0007479026688272383
295,0.0015118530142352359,3.502646285042776e-05,0.0005126795394986838,-2.9224899929170683e-05,-1.1535783892700768e-05,2.526433635210816e-05,-2.13732421449897e-05,0.00018295616841638995,-0.000693792581150765
296,0.0008012343095955997,6.413712733061624e-05,9.543387423427419e-05,-7.22558576880597e-05,-0.0001952345557315327,1.4434709047595612e-05,0.00020201902257538373,-0.00013312674137823388,2.4592421609903603e-05
297,0.0009703058489376887,-3.7918495282708575e-05,0.00045824507596414765,3.837848017027717e-06,2.3070000487693254e-05,-1.6390025963167187e-07,-6.082585561650866e-05,-0.0002726073063542278,-0.00011363736695574334
298,0.0012584546721069395,-2.8949964907266403e-05,0.000299489162153721,3.9096438030784136e-05,0.00015370445135077376,-2.308924562035783e-05,0.00013693728451816267,-0.00027425039062262124,-0.0003029377349032525
299,0.0008550138148411043,1.9211027335165262e-05,4.8013684873338125e-05,-8.360231290409359e-06,2.0581834151059408e-05,3.8827972285798706e-05,-0.00024159377802970838,-0.00017755289810043873,0.0003008723887751863
300,0.00094117858006975,-6.253562031491994e-07,-0.0002988116032417998,-9.339002120283685e-06,1.6945899214332316e-05,-1.840234489931987e-05,-0.00014341098357034676,0.00031215652665275706,0.00014148686416776135
301,0.0012542222028344924,4.162415484458993e-05,-0.00043160372741302133,1.0160971827388038e-05,-0.00019395124972848565,-1.55612427570756e-06,0.00012547344243027392,0.00039863503608603135,5.121749622899463e-05
302,0.00022762483910580313,1.7238925981129596e-05,4.206365467912532e-05,1.5374476940700765e-05,-8.475743305674799e-07,3.4301895574517793e-06,-4.5597425797849755e-05,-6.736741942449387e-05,3.570517239448456e-05
303,0.0011204701721146404,-1.7913608941164463e-05,0.00014963487790853325,9.921328092958592e-06,8.437807738922304e-05,-1.0978696116123107e-05,0.00010849714715494008,0.00020780365551166524,-0.0005313427810000326
304,0.0010990078790837268,1.3469354172219658e-05,0.000409010747281946,3.565936440242182e-05,9.136447368524037e-05,-9.760293686728733e-06,-1.6736242771098198e-05,-3.148120997274739e-05,-0.0004915261931113246
305,0.0009386443256148144,1.2733436568180927e-05,0.00035293119545465323,-2.387681560048205e-05,-2.7975099501781342e-05,5.0065535174715486e-05,5.359199560986405e-05,-0.00016725013413607104,-0.00025022011356906626
306,0.000683723089060416,2.857427047911476e-05,0.00017220975475423783,3.438566701636364e-05,-8.123490647365256e-05,1.6479452119508298e-06,-0.00016971281915506564,-9.091381890147243e-05,0.00010504390706855826
307,0.0012605227832877472,-2.2352808869124247e-05,-0.00020874346377924846,-6.976075769486723e-06,-0.00012195701009850429,4.519839599214856e-05,0.00022751054845243646,0.0003575524471992608,-0.00027023203312753763
308,0.0008504660819318123,1.7314580104535633e-05,-1.9703720952890524e-05,-4.855245269218614e-05,7.62581729731801e-05,9.726744381670718e-06,-0.0003569768673207796,3.5546425704025e-05,0.00028638711780254456
309,0.0006702320151142143,3.94227424643746e-05,-5.074154700790423e-05,2.807381041457918e-05,6.592848395887974e-05,2.1689103178058194e-05,0.0001462702570677321,3.373161047344475e-05,-0.00028437446054924154
310,0.0014004015563764145,2.3099356902887835e-05,0.000651706117794304,-8.779734112028537e-06,-6.17099383565245e-06,2.5395303491037094e-05,-3.712388693677404e-08,-0.0005533026136288199,-0.00013191031272474785
311,0.0016079467983133927,2.2831314189813122e-05,-0.0005738322413422203,3.814447578818353e-05,-2.7498048148374976e-05,-4.0516639491700035e-05,-0.00016212647017441184,5.897358797342378e-05,0.0006840240212052651
312,0.0013918264600524081,-5.34743394203091e-06,0.0003147479096580752,2.8025244594595544e-05,-1.5313938447988895e-05,-1.2190988683165316e-06,-0.0002550703468991167,0.00035314007577350037,-0.000418962411868784
313,0.002132380112536648,3.644997574614797e-05,0.00031184645592152727,1.6551611979088998e-05,9.18966656481418e-05,2.8382317186591635e-05,0.0005810630297868602,-0.0004952550232972253,-0.000570935032971065
314,0.0012045834784271715,-6.355447414010604e-05,0.00034535267358754007,3.2511068598198994e-05,3.0026023673350444e-05,5.933337423210533e-06,0.00018846863593133256,-0.00021364720583684493,-0.00032509005923658796
315,0.0008382625856400289,-4.0267642393444075e-06,0.00030501677646271874,3.689102190278931e-05,7.722349445450638e-05,-4.981167392847062e-05,-5.782344592808464e-05,-0.0002522098871756695,-5.525952154844527e-05
316,0.000478700528627439,3.0389004170350287e-05,7.988515533990936e-05,-4.499244179100026e-05,-0.00012967469025228912,-2.018463783734492e-05,0.00011666390122930248,1.2412203574133085e-05,-4.449849443310949e-05
317,0.001370025508677185,1.573874472315679e-05,-9.127988165769096e-05,-7.810866529595062e-05,-0.00017068424905351126,1.1365293947629418e-07,-0.0003449399583314028,0.00026289877715937604,0.00040626157951662023
318,0.0012000066961432567,-3.3203388721860135e-05,-0.00014576878317013042,-8.192452252554772e-05,-0.0001556168319515605,1.2619026179711348e-05,0.00038565783702443346,0.00020172648486754818,-0.00018348982170246497
319,0.0007723760781785808,1.98544315034516e-05,0.00013007161131683986,-2.9555009163479556e-05,-4.640551748198718e-05,-1.6159606420613343e-05,-0.0002940679060232376,3.3196558960779665e-05,0.00020306543730819193
320,0.0015794480595406153,7.708761993383082e-05,0.00027037287939779553,5.856176428381543e-05,8.53585074357538e-05,2.5752186341107888e-05,0.00027259107237800895,-0.0003628782055342811,-0.0004268458242360218
321,0.0009807164196773072,-4.730038458374084e-05,-2.3299581136781988e-05,-1.0882729675705527e-05,5.071258376397603e-05,-2.7285086014197657e-05,-0.00038159042842822455,0.00023881560201244323,0.00020083002406223738
322,0.001243973358940281,1.8513330202392722e-05,0.0005118335710572186,2.0653480655614953e-05,-5.934730736803506e-05,3.745366654047885e-05,-0.00017242930557695435,3.3532631014410175e-05,-0.0003902100665251762
323,0.0010805540091199835,-2.46227254210446e-05,1.3295509055044619e-05,-2.3661017226825343e-06,0.00017321630869707172,2.4652933492182866e-05,-0.0001393691896873217,0.00032911225331576366,-0.0003739189877288718
324,0.0005684648934156664,-3.144651804790847e-05,0.00019333129742649113,9.140714083546997e-06,3.357651127589706e-05,2.7089494869944608e-05,2.109442905193215e-05,-0.000130834883937489,-0.00012195104472245699
325,0.0009960353674920977,-2.5927818051972758e-05,0.00015033209549425441,2.1914531319059544e-05,-5.1034375654686326e-05,2.411224204197475e-05,0.0003016588148907484,-2.675620666081624e-06,-0.00041837986937331983
326,0.0008147953197037679,-3.0016273893995922e-05,-0.00035862101942935043,6.3681492818244e-05,-1.0659093533413322e-05,-6.76142097642482e-06,2.8828737558023176e-05,0.0003148874294756493,-1.3398520186669316e-06
327,0.001319457834205587,3.833486758620351e-06,0.0003204031958568554,-4.596350793158177e-05,-9.54888578314772e-05,8.60043339385129e-06,0.0001805455482137841,-0.0005182765513397913,0.00014634625287962555
328,0.0007632241095920107,2.352783560039158e-05,-0.00011461171857163333,7.80002344790559e-06,2.310620168365085e-05,-1.7006554265029672e-05,-0.0002499937819593623,0.0003141720457874031,1.300594827663426e-05
329,0.0009917544600514206,-2.575434378068557e-06,0.0003744780281805249,2.7189134888139233e-05,-2.1306608799488702e-05,5.677556877810297e-05,3.743449817891764e-05,-0.0002458311572504923,-0.00022616402959768633
330,0.0004826531132513653,1.740484227757185e-05,5.3210195603392574e-05,2.7581879413329097e-05,-3.249119973298964e-05,-2.5677988719854244e-05,-0.00018315736817287043,6.765640991876487e-05,7.54732294125926e-05
331,0.0013786914716060594,1.675248096194744e-05,-3.743663206284831e-05,-2.6455811473660718e-05,0.00012671011641401941,3.039856648062375e-05,0.0005154845719464451,-0.00014474689316837375,-0.00048070639909814084
332,0.0007040671631175941,1.464923448166091e-05,2.357201552705135e-05,-3.728471771340808e-05,-8.272745730432407e-05,8.21994325848549e-06,-0.00023202140654116077,0.0002006771215534997,0.00010491526673800378
333,0.0010495815273953392,-1.7788366348347844e-05,0.00024416169388075115,8.644992004305796e-05,0.00018692208644541936,7.257063328394708e-06,-6.384683947402436e-05,-9.921903437938584e-05,-0.00034393652349595794
334,0.0005317325824676384,-5.693560420174347e-05,0.0001434971494028714,2.0278482734534947e-05,-4.243121487723656e-06,-1.6148685933865814e-05,-4.641189432808002e-05,0.0001020906590963877,-0.0001421269852824314
335,0.002027301928467915,-3.228450851055619e-05,0.0005118915472582808,0.00010244238569862701,0.00017265777646173486,2.1071585484772754e-05,0.00020558766933057027,-0.0003773321736444818,-0.0006040342820788913
336,0.0010284173856499367,6.77106532752476e-05,-0.00017700892212063613,6.632954039480915e-05,0.00011013670229667594,3.8895584407840425e-05,0.00023113621245041127,-2.002267014503123e-05,-0.00031717710055928494
337,0.0005631114840237931,-4.3559786257595795e-06,2.8514548917057958e-05,-4.792370158312326e-05,7.285535840036161e-05,-2.743881088997438e-05,-0.0002018372509130506,0.00016748084678706865,1.2704987907397047e-05
338,0.0007747432130440074,-5.635516823730702e-05,-0.00014564398748601048,5.0519995982559185e-05,-0.00013163681510941494,-1.5268154826303393e-05,-3.8467480862947045e-05,0.00016171395326845805,0.00017513765727100727
339,0.001397794042113252,-2.454274613472498e-05,5.895011735196354e-05,-6.852415700557904e-05,-0.00014338142697043615,3.2855729937211406e-05,0.0003694355454952891,0.00023765562827213205,-0.0004624486909459158
340,0.0003743213640457609,1.9401275032878904e-05,6.283793947081673e-05,-4.945782465421572e-05,-6.867324338736408e-05,1.368297537310964e-05,-6.902961398125296e-05,6.242463629343997e-05,2.8813855852682924e-05
341,0.0006205098220987866,-4.3460169821790684e-05,6.527051877047718e-05,4.115820206000015e-05,0.00010775724403065678,1.8535847056713045e-05,-0.00018602870173919928,7.753309913152706e-05,-8.076603948842243e-05
342,0.001134266219416675,-5.735645310049088e-06,0.00036553187559162925,-4.364031779714034e-06,0.00018243171321701696,-2.4004818665605138e-05,-0.00019082781878543287,1.9169520899670056e-05,-0.00034220079516755764
343,0.0011429941913679523,5.419943470050953e-05,7.575075353793981e-05,-9.252547457656857e-06,-7.460099763723083e-05,-2.8839918112014487e-05,0.00044154690744549474,-0.00020436136347165568,-0.0002544422690054504
344,0.0015961890234234381,3.864162029589176e-05,-0.0004958809919500817,-8.079201667167066e-05,-2.0685921353798264e-05,4.954880356183508e-06,-0.0001552414240655886,-4.549415767057807e-05,0.0007544980110596455
345,0.0012490855057012383,4.61709025945025e-05,-0.00045910387002706665,-5.4826854912069095e-05,-7.415642814807832e-05,-3.6455599763439775e-05,9.634787863643801e-05,0.0004411795343202962,4.0844437299347724e-05
346,0.0010149740249113413,1.4661962839650038e-05,0.00020890675412488235,-5.395367223206757e-05,-0.0001825593272447787,-1.9851778488417376e-05,0.0002839182954911257,-0.00015943390055900286,-9.168833393141673e-05
347,0.001357993746345548,-5.223687624029451e-05,0.00021393249564521932,4.5273086419481134e-05,0.00014849546815542958,-1.3738906193338368e-05,0.00019436370133935066,7.693212161336005e-05,-0.0006130210907390743
348,0.000592061722339947,4.619124646064281e-06,-0.0001114661926417404,-3.550043601261224e-05,-0.00012192495645727691,-1.8333063931131807e-05,-7.583368134472801e-06,0.0002914117365239166,-1.2228439927319812e-06
349,0.0021991546555333785,-1.8750572465639666e-05,-0.0005538827283891878,-4.2760242313234775e-05,-0.00014331244549337097,-1.2560379143338254e-05,-0.0003283109599618861,0.000565363058788515,0.0005342142689782059
350,0.0012800325796964518,-4.720629795711053e-05,-0.0003034362483504971,-7.747832268443014e-05,-0.00010477826938946888,-9.803314366471291e-06,-9.731383710026575e-05,0.00042180612317287147,0.00021821016667533666
351,0.0007383818357129812,6.57996633742896e-05,0.00014336862138697448,-3.7772519020831674e-05,-6.956799508220368e-05,3.406286437615709e-05,1.1415324725927434e-05,-0.0002618504037534275,0.00011454444399316976
352,0.001159988377917331,-2.9306942598895415e-05,0.0003293861086644534,8.021167518881128e-06,-5.304854400100395e-05,5.653640460904358e-06,0.00016511072794611614,7.182254436832736e-05,-0.0004976387023587492
353,0.0006491418110437189,4.583835893129211e-05,5.8274728357177175e-05,-3.789624945955625e-05,-2.7118481310012266e-05,3.3996827253635065e-06,-0.00018656257668567267,-7.299359806660355e-05,0.00021705813550804143
354,0.00121916342318129,4.886044590454459e-05,-0.00013774617879536155,8.77695894026323e-05,2.8080578795677824e-05,3.7580880456295276e-05,0.0003969504605353391,1.0339756496155483e-05,-0.0004718355327952839
355,0.0003758150764418969,1.1793060205752236e-05,-2.3451147948883033e-05,1.223728318470313e-05,0.00012125352033313941,1.6126107342953958e-05,-9.158404684803112e-05,-7.287234342404081e-05,2.649756715439322e-05
356,0.001766380044602757,-1.7585612045244864e-05,0.0004675949686063774,4.821297172816208e-07,-1.4699563851916508e-05,2.722861309981464e-05,0.0003878843108779395,-0.0003041352250715834,-0.000546769621332599
357,0.0006693898774700231,5.5814363012276005e-05,-0.0001092987478392704,-8.247466553010924e-06,-7.906598680232357e-05,4.439650786624942e-05,0.00023041296488790497,-0.00013808273754041533,4.071102968572493e-06
358,0.001056763943799592,-2.7773743275610364e-05,9.42367594127802e-05,3.337907903658982e-05,0.00010075671643085954,-6.705099680955409e-06,-0.0004939031289432627,8.46010823313953e-05,0.00021540833468813858
359,0.0012266186256725004,-6.060587556034995e-05,-0.0005186670725293441,2.7979925131774164e-05,-1.9629665949455477e-05,-1.440669879712933e-05,0.00022383901131073358,2.600209990638591e-05,0.00033548827648732793
360,0.0006607932331584073,-3.522037143949448e-05,-0.00010511043953775889,5.3039122864310256e-05,0.00018037035226677045,-6.397023172954874e-06,-0.00013888622493041236,9.698714144813769e-05,-4.47825574985683e-05
361,0.0006687451138453013,-1.5088037796829809e-05,-0.00012623488997443033,4.159359790427419e-05,3.743774289140245e-06,-3.315162640796926e-06,-0.0001511892191158326,-3.8545247394772275e-05,0.00028903518472922496
362,0.00043457092330409855,-5.330791558819797e-06,0.00012046633260159867,5.0601435765129654e-06,8.434630863184828e-05,7.412676842087629e-06,-2.498855908206199e-05,-9.157858320553436e-05,-9.538752780563486e-05
363,0.0014344764919738094,-4.843618186235049e-05,0.00012109402574383976,2.284733398073835e-05,-0.00010206485690544831,1.0166733245792897e-05,0.00042379384783153284,-0.0005667372072191285,0.0001393363051849783
364,0.0009459931667395874,9.527191354346057e-07,0.00021375068776285922,-3.474789215268323e-05,-5.338547866163418e-05,3.148254020484548e-05,-3.319796416581533e-05,0.0002268106362666722,-0.0003516652483896432
365,0.0012565808431632191,-5.57187777564987e-05,-0.0003646940344283478,-4.212556988923005e-05,-0.00010306340275640508,8.043239806384064e-06,0.0004292208422168875,0.0001910263395583367,-6.268863675112923e-05
366,0.0008895408515840553,6.155983212738532e-06,-0.0003030880541097236,-3.0582431531055165e-05,-3.0596226955358075e-05,2.6616160947495054e-05,0.0003483856127100837,-8.050371319591465e-05,6.361266892168649e-05
367,0.0006154330844995778,-2.2214665147589352e-05,-9.522610957174438e-05,-5.89249960085414e-06,7.200434761233526e-05,-3.0539987203736726e-05,-8.461954246163916e-05,-6.922373826426242e-05,0.00023571219463741633
368,0.0013804232125340637,-1.74917031524318e-05,-0.0005620234650695055,-4.30335342397406e-05,-4.789976313181177e-05,-1.9763140673569046e-05,5.845742203477999e-05,0.00016113535523570865,0.0004706188289965163
369,0.0007128080672830373,-3.0746880173000354e-05,9.613917144341011e-05,-6.306275448134113e-06,-0.00015217748650401403,1.4147448644218075e-06,0.00017635369461960204,8.249642271405955e-05,-0.00016717339151639532
370,0.00029299123702014075,-2.1058219051989235e-06,-4.189240764790325e-05,4.186903318550289e-05,7.900115459806567e-05,6.715801937133906e-06,-8.053168405841582e-05,-2.1965704898499472e-05,1.8909628789420818e-05
371,0.0007309815505408077,-4.221102292364595e-05,0.00012471301561534087,-2.846451066706307e-05,-0.00011220279703217512,-1.9510549902774718e-05,-0.00010856425589764185,-5.453763884707974e-05,0.0002407777596550864
372,0.0025557440204929133,7.91407344974248e-05,-0.0004796249604603897,-2.9404358912299422e-05,-0.0001062459365896648,-2.10369285241728e-05,-0.0006415598257599464,0.0005707111599266013,0.0006280201158224141
373,0.001522639500999107,-7.880373664388533e-06,0.00019261686565219538,-4.5034627111705666e-05,-0.00026344923136190773,7.182826529058932e-05,0.00026763520409983643,-0.0004449555183616005,0.0002292394154568833
374,0.0009723524339812113,5.9179039915799314e-05,0.00027694028399533055,-5.11211990383148e-06,-7.432525823980463e-05,-7.368160111136807e-06,-0.00014621374925527508,-0.0002531569294805802,0.00015005689307945325
375,0.0013539769549822467,-2.3867669445985958e-05,1.9599350593257903e-05,-8.732939212011126e-05,-0.00015243749358209713,-1.1198782115563743e-06,-0.00041223404413132103,0.0002149585875329263,0.00044243053936499077
376,0.0010927090334413659,-3.690648194536791e-05,-0.0001540265849681588,3.800556828315038e-05,4.712210480065093e-05,-7.536974612082532e-05,-0.0002800517036862793,0.0003222039526843551,0.00013902289095257814
377,0.0006058096077859506,-1.6968397677079652e-05,-9.650803613614478e-05,-2.9679457577397317e-05,-9.369770928979032e-05,2.7736088359479882e-06,9.467010042280011e-05,-6.605120321258318e-05,0.00020546109463420725
378,0.0008389035650595879,-2.9192403779692774e-05,-5.746756100988293e-07,-1.8248563524361078e-05,-3.17204695471085e-05,-3.4510600683424625e-06,-0.0003362646100001643,2.4239618115193262e-05,0.0003952121644146267
379,0.0017282858541949843,2.5082812195760355e-05,7.454199964584962e-05,1.5922929916204615e-05,-5.378292791032718e-05,8.149113224151586e-05,0.0006671040530981664,-0.0004520804775763332,-0.000358279521610827
380,0.0008031751904325757,-8.076395659409145e-05,0.00018084849839905548,-7.503910408119402e-06,0.00014356469531378452,-1.6472358806243412e-05,-0.0002968473694078544,5.154285862177255e-05,2.563154288165448e-05
381,0.0006884283990766862,-2.4314824149961056e-05,4.729642782896892e-05,-4.859323330368495e-05,-4.68068066445948e-05,3.510323383995248e-05,0.000261814537869387,-0.00011953474389206353,-0.00010496459154807347
382,0.001221379086651769,2.4473047478448806e-05,0.00025186047511144283,-9.60502714443534e-06,-0.0001004498968991685,1.1385166027657809e-05,0.0003229708547083654,-0.00034211459869455674,-0.00015852002058769354
383,0.0007952516385360472,-4.1317002644734174e-05,0.00030370674989149693,-1.0341324784869654e-06,3.35958576494072e-05,4.8031800092648846e-05,1.2291411634474114e-05,-0.00017196909044407682,-0.0001833055937007222
384,0.00128453659601233,4.107877801187102e-05,0.0004810256779218536,5.607298818742154e-05,6.409085388504182e-05,-1.9922418575089862e-05,-7.310916848654592e-05,-0.00019467144203397235,-0.00035456526891053386
385,0.0014723128399177533,-2.6563241522958164e-05,0.0003050707690797627,1.6190098598298924e-05,7.432414651623725e-05,-6.586998086686655e-05,0.00034057140576457257,-8.383461645172785e-05,-0.0005598885811173293
386,0.0008664481138765372,-2.4870378088806544e-05,-2.197536024056701e-05,-3.72441582353264e-05,-0.00026414626334407554,-6.758118514462938e-06,1.9555279841126927e-05,-7.822977851502932e-05,0.00041366877709714256
387,0.0005257482075910922,1.8961801489349346e-05,-8.574586305931664e-06,-6.236038172176966e-05,-0.00010374450226848658,-1.8396806000351915e-05,-6.979782749902408e-05,5.677524242446441e-05,0.00018713705988171458
388,0.0012744040476897547,2.3941844397631223e-06,-0.00019694836246936243,-4.1847097159975616e-05,-0.00015249821531721636,-6.312026298499994e-05,8.05153777849732e-06,-0.0001827880859133213,0.0006267563016266187
389,0.0007125557366018127,1.7565899809059496e-05,0.0003027251920682539,-4.0325491186300744e-05,-8.881266576318825e-05,-8.222037736697885e-06,3.59867764236077e-05,-4.2639441877434514e-05,-0.0001762782317372702
390,0.00103469358340561,3.0328128578064467e-05,-0.00010692912825505108,8.156551063936285e-06,1.765693387421885e-05,-2.2910146082735436e-05,-0.00038750751736499334,0.00016108780972547143,0.0003001173684611391
391,0.0009727422785137056,3.857903441274388e-05,-0.00028468366273864953,-1.921753047567226e-06,-0.00017296946444646244,-1.1675478153659949e-05,0.0002933940258819101,0.00015439807896219793,-1.5120780870514494e-05
392,0.0011082547836485787,-1.3258058014198847e-05,-0.00019679087925128513,-2.8461200329510383e-05,-7.821118484004075e-05,-1.4023666020032688e-06,-0.00023600370278725746,0.0002512125916282748,0.00030291480019600803
393,0.0006798963188884869,-4.950302131424399e-05,-4.995096045673497e-05,-3.3660271855872476e-05,3.1022587711974914e-05,-2.2893531570634257e-05,0.0002563017659699407,-0.0001839403742467105,5.262380576237513e-05
394,0.0012803634249558262,3.075148900139133e-05,-0.0003241175031869492,-7.460577480202998e-05,-5.938194378367345e-05,7.013196766799193e-06,-0.00018207649070517418,0.00010506739929204423,0.0004973496274177647
395,0.0009838509981875505,0.0001072886149944335,0.0001898117726154558,3.412201266436016e-05,0.0001286817535304935,-5.4418388527970735e-05,3.202134528901279e-05,-0.000378181027985966,-5.932608257985805e-05
396,0.0011956189647928297,-1.2861667867616541e-05,6.866367283897556e-05,2.2671363487023616e-05,-0.00013293573361600197,4.8562996843897616e-05,0.0004579114492264946,-0.00025625839600977585,-0.0001957536849030439
397,0.0007498056018349466,-3.803304393173914e-05,0.00029049784043361226,-5.378946917718175e-05,-0.00011867158768499864,1.2061276089323988e-05,4.464461501291206e-05,-0.000164408700123575,2.7699069381603714e-05
398,0.0011568323400774905,-3.4186013448690364e-05,-3.244948877090259e-05,3.4532963063063637e-06,5.031226104662556e-05,-2.583666573278444e-05,-0.0003018894652828674,-0.00018405453680350736,0.0005246506126858064
399,0.0012409150275888257,2.4784874010880947e-05,-0.00010155977312409359,1.5493994986771897e-05,-6.524073462063629e-05,7.43425097207151e-05,0.0003201228801650857,0.00018571325491098523,-0.000453657006049657
400,0.0008866625137231385,-2.5542187718170795e-05,-3.1840708417107955e-05,-6.838202024489135e-05,-4.161861301425762e-05,-1.0644801458492212e-05,-0.00026530292600862593,0.00039585209142307953,4.747916543851316e-05
401,0.0008654668880640768,-6.4089595300494476e-06,-3.551087862413427e-05,-1.501743104342576e-05,5.00059994287122e-05,3.1843605579333356e-05,-0.0003757961748344085,0.00011136154299004608,0.00023952229603396713
402,0.0016161150353722455,-9.89214785637911e-07,0.00016495120272352892,-8.299454509995072e-05,-0.00016996626506032841,5.505466327914224e-05,0.0005880516516834355,-0.00016648899744649281,-0.00038761849529372894
403,0.0008752989069414942,2.7635120176290606e-06,0.00019003957710544972,1.9008592974337213e-05,-1.6673203390993319e-06,4.278073346732081e-05,0.00018305703790599814,-0.0002526421751521263,-0.00018333995797953362
404,0.0014167292307521295,6.174404449197507e-06,0.00011564662900254152,-8.547720187261632e-06,3.023088549290731e-06,-3.2607156459025025e-05,-0.0005545728608440936,-0.00011263687788565235,0.0005835204933750671
405,0.0011209582320237162,2.9131417584624814e-05,0.000368650360367484,7.18933452998477e-06,-8.820749969926794e-05,7.165405010835409e-05,8.385395342139224e-05,-0.00044817553141460187,-2.409608489800652e-05
406,0.0009939052796272812,3.1138675376483904e-06,-1.68831859643781e-05,-2.686196862584922e-05,4.6056365207783334e-05,-2.1207137950939384e-05,-0.00043200034727250425,0.00010394973794682072,0.0003438326691213578
407,0.0003941375532642965,-1.999114707259414e-05,-9.508560501003682e-05,2.2687208039377793e-05,5.011855533416931e-05,-1.5663554936288723e-05,-6.632846961326933e-05,8.635572311996298e-06,0.00011562744094656408
408,0.00033835378002202744,1.9708105929144154e-06,-4.873691577783612e-05,3.313082606260995e-05,0.00012213201861235867,-2.982122974864998e-06,1.1943234743128084e-05,-0.00011476815016224495,-2.6897010960702517e-06
409,0.0008889293936932604,8.080932266020177e-06,-0.00024005528409709598,-1.1033561754563576e-05,-0.00014250560446284893,3.2067380499021386e-05,-5.08702465321087e-05,1.0802975583298902e-05,0.00039351340849830274
410,0.0011671851734560987,-1.6489093293399655e-05,0.0003498546795628332,3.3601880621556e-05,0.00019958992056436087,5.461059793231138e-07,-0.00029815572672667323,-1.4547151387392376e-05,-0.00025440061532056024
411,0.00043094309108401493,-3.8781156000665395e-06,0.00020084209508858253,-6.059418595032867e-06,1.4629450453357284e-05,-9.894504343455762e-06,-0.00014095587229140394,-1.050441118155554e-05,-4.4179223530560474e-05
412,0.0008052062978343389,-2.5168457420167607e-05,8.202548202873583e-05,-1.4757486899580341e-05,-9.661961577518002e-05,-1.980505570692119e-05,-0.00015821774986829462,0.00032057766688847744,-8.803478324698188e-05
413,0.0011149737063914002,-9.241264933106813e-06,0.0004195521465859553,-7.506008517466078e-05,-2.457680416779323e-05,4.872276883792666e-05,-6.445107968558461e-05,-0.00038415761923459024,8.92119377717826e-05
414,0.0009518415781474103,-1.5259942939153948e-05,-0.0003878845698034872,-2.758787575704233e-05,3.1009171254051116e-05,-2.116738100765153e-05,7.894542524472525e-05,0.0003659661925749652,-2.4021019566333734e-05
415,0.0009541647603194042,4.122108601025635e-05,-0.00010111943624158126,7.574846134825175e-06,-8.168453847365309e-05,4.399013821388895e-06,-0.0002942784054445202,0.0003542868047348574,6.96006294583218e-05
416,0.0011144357558442904,1.83082797183369e-05,2.494332782110309e-05,3.619739032085373e-05,0.00011252799466285324,1.4017584442069242e-05,0.0003512233009569099,-0.0001884530387322586,-0.00036876483918990566
417,0.0007666967474097269,-4.866971891322874e-05,0.00024407414708782493,-4.244367558698184e-05,-0.00010603637571839075,4.316922771112515e-05,9.61049989058882e-05,-0.0001825192647011975,-3.6793387850897474e-06
418,0.0007073294907602844,1.4175618910544294e-05,0.00030473260203983665,-2.4515605512170913e-06,-3.1007365085822247e-06,1.3810657893208178e-05,2.0945866536559166e-05,-0.0002588204092182633,-8.92920391020735e-05
419,0.0007913475855391861,-1.4357259209077378e-06,6.391270831679341e-05,-2.8064540863986798e-05,8.140702568278091e-05,1.8651743256279177e-05,7.952691124782363e-05,-0.0003661735259847393,0.00015217540426587517
420,0.0007267045044465686,-1.2714110835777663e-05,-7.776428903727428e-05,8.040906656483354e-06,9.737807408760624e-05,-2.0235662151257827e-05,-0.0002526381901989949,0.0001437758326563593,0.00011415743882281504
421,0.0008924953799905773,1.334407557328568e-05,-3.312780162806339e-05,6.200611937307726e-06,3.467871069433304e-05,4.548944673762531e-05,-0.00035119295161115116,0.00034653484505270393,-6.192693675610705e-05
422,0.0006596805974707657,2.430412102674348e-07,-0.00013018861751301625,1.2522825008392385e-05,1.2670900124966966e-05,2.681792046308612e-05,-0.00011548814152811948,0.0002775856119286574,-8.416353969425971e-05
423,0.000681248508616776,-8.2605327040592e-06,-3.825437631366224e-05,9.73817402977542e-06,8.950602862330126e-06,1.9425615813301392e-05,0.00016819248325292135,0.00013431737835005453,-0.0002941093452906718
424,0.0013389253248490916,-2.032087242897704e-06,0.00036946519734060157,6.387387258441693e-05,0.0001844668444179326,-1.2807921168547787e-05,5.165674808157994e-05,-0.00012889120864845172,-0.0005257314453646633
425,0.0011776609076697177,-2.361635343123801e-05,-0.0004917413770600954,1.823692229783666e-05,-7.34727233435567e-05,4.0009132943637574e-05,0.00012622954479421522,9.918259652808015e-05,0.000305172257271058
426,0.0007499381992598,-7.131845123409253e-06,-0.00022662970561970752,6.217218232997673e-05,-3.8141035503952425e-06,2.336838207732221e-05,0.00020962600105453588,-0.0001373934453363923,7.980253416806082e-05
427,0.0020094972561988753,-3.081664505703505e-05,-0.00029625993514970084,-3.6525161865141875e-05,8.71170493252707e-05,-4.448695355133668e-05,-0.0005966599324762345,0.0003019694002482781,0.0006156621785258776
428,0.0002565042016122723,-6.111203141413984e-05,3.3035616235355114e-06,2.3502392749740614e-05,4.661458373052263e-05,-4.107178936142708e-05,-2.6068280030627777e-05,4.649993357622173e-05,8.331629126057116e-06
429,0.0006497644025772152,-6.171666452692466e-05,8.721403584088794e-05,-6.215786428321463e-05,-3.687307779667859e-05,-1.2520592047206638e-05,0.000229960118520528,-0.00015161400263459524,7.708046927179524e-06
430,0.0006466233342728896,-4.4982823943148786e-07,0.000158357721755098,-5.745978386560713e-06,4.534583613927112e-05,-5.412391230158464e-05,0.00011960810924208087,-0.00018328208764337162,-7.970986056549112e-05
431,0.0016983952152790612,3.2485864998574136e-05,0.00013592550421925864,6.650346824566e-05,0.00016833026311922905,4.99407104080727e-05,0.0002806617891999985,-0.0008491976076395458,0.00011535000744872237
432,0.0005020909688396779,5.2160847979927476e-05,-7.343003661353098e-05,1.5995881401616174e-05,-6.771823875968003e-05,-8.970845459015803e-06,0.00015817927678596355,-0.00010092636358760565,2.470947825233827e-05
433,0.0013384611829636772,-4.878929803268147e-05,0.00048598870211363776,4.627837882700478e-05,0.00013696351054122424,-8.523113179229741e-06,-6.907839954059525e-05,-0.000277221746259243,-0.00026561803447006094
434,0.000778040118029206,-1.8266580428982944e-05,0.0001327240698487664,2.2168105603372762e-05,-8.987937409609542e-05,4.37066957475335e-05,-0.00013000248594330355,-0.000150871618546225,0.00019042118781492645
435,0.0016958501959559611,2.3158495399259495e-05,0.00021179274795934955,-7.627885472517512e-05,-7.391322817660445e-05,-1.4531174535618516e-05,-0.000683201840540576,0.000600719783290779,1.2254071328599014e-05
436,0.0007551063691139167,-6.448090560152303e-06,0.00011386358655524065,-8.449904789351037e-05,-0.00011727530290124577,2.760406052812643e-05,6.462732301926177e-06,-0.00016933074320207853,0.00022962280517163647
437,0.0007594468894242291,8.500587169533308e-07,-0.00012175302374717312,2.1060901738492732e-05,2.0524320103972038e-05,6.948243995512707e-06,0.00033033992015721325,-0.00017606907236032698,-8.190134860458498e-05
438,0.001742015282126785,-4.938676966295685e-05,0.0005198732000103456,5.257523996268082e-05,9.737039254492652e-05,3.1262066460991875e-05,0.00016992674208446412,-0.0004006886571999435,-0.00042093221420047566
439,0.0009848338496790043,-6.164399237793949e-05,-0.0003221035995303878,9.138162890824642e-06,-3.2796510202118268e-06,-3.2111388175725536e-05,0.0001887936619555941,0.0002944850999931081,-7.327829373521277e-05
440,0.0015085610174457855,-1.3542160103008176e-05,-0.0002847786243950212,-7.11640170641438e-05,-0.00019685247438711723,-7.107193208139018e-05,-0.00011687130069218399,7.737546657612948e-05,0.0006769050421467915
441,0.0016281905788042969,5.277841900635984e-05,-9.55375930659641e-05,2.6818467870177998e-05,0.00015163544735535134,1.0689683808420836e-05,0.00048475778681150716,8.741548455035164e-05,-0.000718557696336164
442,0.0005106611732584284,-1.0893643455910616e-05,-0.00012279892094030354,6.277320050251597e-05,0.0001274247162131245,-1.8684877227956656e-05,-1.3948313095785148e-05,6.513266991356459e-05,-8.900483190926733e-05
443,0.0011883293679544136,-2.9725467369857636e-05,0.000373014259555271,8.90184729852514e-05,8.529432245330676e-05,2.20212092616294e-05,2.481641972176818e-05,-0.0003766787507900188,-0.00018776046581731043
444,0.0009198841338876312,2.8566411094216662e-05,0.0002436508928753689,2.0138057602488157e-05,5.449131692952802e-06,-2.197062184124826e-06,0.0001621375736787778,-0.00037035342661156934,-8.73915781481327e-05
445,0.0012163110114535528,3.4353200445881235e-05,-0.00042446987249145085,-2.5702743859004618e-05,-5.735794741993511e-05,2.7793958627137655e-05,-0.00010062494195636762,0.0005335029787011114,1.2505367952664326e-05
446,0.0007361281034945063,4.625583164206363e-05,0.00016833280842837306,-1.0735438555359994e-05,0.00015074377485370383,-6.677373232772017e-05,-0.00026441299545687524,-2.6141885407282572e-05,2.7316368231278254e-06
447,0.0003408459815536051,2.2617641784216866e-05,4.0460292575150714e-05,-1.5013368484639855e-05,-1.868808361740748e-06,-3.5890511317828583e-06,-1.49529291176842e-05,-0.00013499883368098264,0.00010734505641740721
448,0.0006491037268985967,-6.2195779726628014e-06,6.445811255706424e-05,-2.1604145385503704e-05,-0.00017479260970851979,2.6392966723163408e-05,-0.00012193553038258864,9.478335020654538e-05,0.00013891743396254874
449,0.0010836276354085185,2.950497881488469e-06,-0.00034944498277778013,2.8650289838071802e-05,7.197682140774875e-05,-1.751244730922863e-05,1.7137453159343785e-07,0.0004380648340453347,-0.00017485638761727262
450,0.0014968763609108293,-1.92705761877009e-05,0.00015157693739670242,4.1471285266918984e-05,0.00014519901394549617,1.907517458230555e-05,0.0003911157692639555,-0.0005680347234413852,-0.00016113288082636457
451,0.0013028734297916879,2.5836914588876422e-05,0.000596003071127893,-5.0417073251429745e-05,-5.7602478972643145e-05,2.9596729179062406e-05,-0.0003419553785780072,-0.00016368655596069037,-3.777522813308565e-05
452,0.0014594853507226817,3.442934442481581e-05,-0.00038883876947420903,-3.552302265659099e-05,-0.00020695329654512457,-1.0290563028415162e-05,-8.813702365698117e-05,6.4908905055297e-05,0.000630404425881248
453,0.0005614515294436089,-2.4081187362642344e-05,6.350930108450781e-05,1.950475685155023e-06,6.684301913861129e-05,-4.6561290328615834e-05,-0.00014273269894238272,-6.735058808818306e-05,0.0001484229688135108
454,0.0010372093115980233,-4.108985825784523e-05,0.0003308813470254135,-3.7418855939712337e-06,-1.63581594495657e-05,2.7297241917301207e-05,-0.00024296643022056474,0.00016042606685634508,-0.0002144483222770166
455,0.0007529414809289234,1.4905610834026542e-05,-1.315108651089858e-06,9.85767676736915e-05,0.0002489980745421991,-7.284340394660138e-06,1.3990287414472613e-05,-2.806025695277492e-05,-0.0003398110344660088
456,0.0008021654552367412,-1.8275298172630572e-05,0.00017340725450615269,1.2488285636467339e-05,2.4612246923447212e-05,5.468959413806873e-05,0.0001358853464142329,-0.0002197032961911427,-0.00016310413325459905
457,0.0009375138712947161,-6.260911387420166e-05,-0.0001857482883753092,1.3709666408432547e-05,-2.9846942548004962e-05,2.5499582565334522e-05,-5.0266683082195174e-05,-0.00014028590776760108,0.00042954768667363696
458,0.002177785719169425,-2.375176794483687e-05,5.311782052336289e-05,-8.639334977238872e-05,-9.013045115451729e-05,9.5039056988825e-05,0.000940735982072477,-0.00030768033290376473,-0.0005809369578092527
459,0.0013854804313195345,2.8767333571014415e-05,0.0004912266363917839,2.5280368800201236e-05,0.00012985087625035086,-3.8032918719330122e-06,1.7615000646509227e-05,-0.00039194438109052543,-0.0002969925426972164
460,0.0009766624733215518,-3.711207100236778e-05,0.00013627076213612588,-6.23242585786922e-05,9.751195891676695e-05,-5.8040972240753705e-05,0.0001723750349495179,8.217348065843455e-05,-0.0003308539348388928
461,0.002144547203508219,-4.1054568454095e-06,0.0007114470709049803,2.3130189205574497e-05,0.0001806040017460972,2.124993762743152e-06,-0.00032129236765870983,0.00015496734613473784,-0.0007468757772499668
462,0.0006223490872622039,-8.95521867967479e-06,-1.6612954872152752e-05,-1.4903876672807403e-05,-4.9659856843534134e-05,-2.1110148473869883e-05,0.00031117454363110975,-0.00011204144525658877,-8.78910428324664e-05
463,0.0015051442548083445,-8.00218188330877e-06,-0.00027698315165786136,5.6860558935306615e-06,-0.00011454373846706695,-6.541839600257039e-05,-0.00028762465939335957,0.0002356375766970481,0.0005112484948135987
464,0.00041806866874105966,5.944000074832763e-05,-2.7687396213837978e-05,1.3167856643195308e-05,-2.892436162056644e-05,-8.360348671508991e-06,-4.6230216434878235e-05,-9.783201142976594e-05,0.00013642647697897914
465,0.0008510746528982869,-1.3597500060196117e-05,-0.00028913380753675666,4.1795280111639466e-05,7.35920964026679e-05,-2.0407408411865155e-05,-0.00010239861044036846,0.00021868108152024723,9.146886841454593e-05
466,0.0009465617586784927,9.280966308527518e-06,0.000175828234714126,-1.4037874249764326e-06,-0.00011653311226001578,5.424080339592151e-05,0.000233930874920657,-0.0002638790653159556,-9.146491433831283e-05
467,0.0009266645776233543,2.9891358714178792e-05,-0.00026116396770214934,3.473565671347975e-05,-3.9446883339816496e-05,-2.519653719425946e-05,3.512487160906019e-05,0.00036358040177496276,-0.00013752490057544753
468,0.0006326725277988028,3.3688246838863185e-05,0.0001131098153158705,2.676015021584391e-05,0.00013824917596755304,-4.716249954037424e-05,-0.00021424724600335732,4.528875561238266e-06,-5.492651835570239e-05
469,0.0007038925963714247,-2.3268122841236215e-05,2.7926119956001028e-05,9.261443629557387e-05,0.00010520358397960589,-1.9711053432860948e-07,-0.0001886332277115932,-0.0001398478370985834,0.00012620215795450251
470,0.0007541101987065734,-1.0808086965266757e-05,0.00018847414271899732,-9.006403996909482e-05,-1.3766319329699961e-05,3.0349993917459447e-05,0.00015823096271680437,-2.390743111720106e-05,-0.0002385092219720497
471,0.000608708507271901,-3.0265840188999776e-05,0.00020131776690746062,4.432237433923958e-05,-4.4990925740541476e-05,-8.165252007717727e-06,-9.112243102876727e-05,-0.0001298098046699503,5.8714112389224304e-05
472,0.0008323583031091247,1.9954129391876532e-05,-0.0001276204246056789,-2.862626950188296e-05,-3.21702179673089e-07,-1.844902294035819e-05,-0.00018032104988577324,-6.084068244119334e-05,0.0003962250221626884
473,0.0008521104741888814,9.903934413651571e-05,-0.00020472618204508963,3.373107520685675e-05,0.00016625426354166528,-1.8086467646963311e-06,-0.00021302166172162962,-6.4987465629995356e-06,0.00012703055420942855
474,0.0013961894361194218,-4.0314918606469165e-05,0.00034462386760075736,-3.054007721703042e-05,-5.5726494963839746e-05,-4.9087163122407684e-05,0.00035347085045897564,-7.97802313731305e-05,-0.00044264583277681124
475,0.0005775244955517466,1.412993212096883e-06,5.2337086997367166e-05,6.695391499210793e-05,0.00014458833595062948,2.3469916623677922e-05,-0.000154663231832608,-3.1024692940542775e-05,-0.00010307432300271646
476,0.0012404341395979516,-1.4850942944726053e-05,0.00021483052714915685,-1.8267872990015976e-05,5.148184860805094e-05,-3.5286690980506144e-05,-0.0005518115628836973,0.0001311291260752273,0.00022277556796657105
477,0.00046530046611213856,3.6960908878348395e-05,-5.704193587358075e-05,1.770962899334469e-05,-3.67900145528538e-05,-7.728927617640935e-06,9.81402234668527e-05,-0.00013108935501199293,7.983947171752437e-05
478,0.000908269644014215,4.6230850296764825e-07,0.00014207002425503656,6.026440095025648e-05,8.316342973753443e-05,4.0097098618213645e-06,0.0001641649486994745,-0.00010659113799560416,-0.0003475436840115198
479,0.0007883179159873226,-2.4978095437170472e-05,0.00026824884983617237,4.726102856492456e-05,-3.269063858078736e-05,5.3415377698420516e-05,-4.773755137102431e-05,-0.00028875267260471127,2.5233701894111782e-05
480,0.000915806691357721,1.7118355911402774e-05,0.0002033722461213805,1.3170665129839942e-05,2.616716442200434e-05,-1.7968112144842174e-05,-0.000104827389095008,0.0001980749140942789,-0.00033510784443896435
481,0.0010353206681015708,-1.359413301402039e-06,-0.00020011440121064927,1.1288954917462735e-05,-8.897601467570959e-05,-5.8851880682681684e-06,0.00013870787766862014,0.0003676635014647073,-0.00022132531679475154
482,0.0008316761095395293,1.6767486192749252e-05,0.00011348445490222403,-4.060676165441521e-05,7.317039309031464e-05,1.0294568554211625e-07,-0.0003269335836239562,-4.8297709491357255e-05,0.0002123127748989706
483,0.0006946713281908851,-4.859772030267606e-05,0.00015875903600770513,-8.034157885805984e-05,8.319200837762775e-05,-5.527319375941628e-05,1.6906105351127687e-05,-0.00016312317117532504,8.847851435894727e-05
484,0.001166505640232485,1.0136964574176607e-05,-0.00016431967472785303,-3.073371800556973e-05,-1.9289147730132405e-05,-3.0473943863972702e-05,-0.00033843633578872767,0.00017720296473168473,0.0003959128908103682
485,0.0003171475127644527,-4.0461132488588125e-05,3.461793542980374e-05,4.83390836631542e-06,1.873193242406257e-05,-5.648908734397218e-06,0.00010038998016198564,-6.164043529191532e-05,-5.082327986738466e-05
486,0.001136401982365331,-1.8887933339387965e-05,0.0003219170679102379,1.3205819159416154e-06,-7.20358642845656e-05,8.045622771030853e-06,0.00023691771858549981,-0.00034129831168655533,-0.00013597888187211193
487,0.0003558012954284354,-1.4072572262653453e-05,1.1514261894107758e-05,-3.0353302026511764e-05,-1.049410134792289e-05,-1.965361376600125e-06,-0.0001210153107004952,8.6354516134729e-05,8.00318696854152e-05
488,0.0005624662922580539,7.63977812502821e-06,-0.00017865731669985951,2.2293130175557452e-07,5.334305540008466e-05,-4.705295655997588e-05,0.00021315980910957544,6.867572192578719e-06,-5.552287286919588e-05
489,0.0007739419177352535,-2.709939358401265e-05,-2.6892233389308462e-05,-2.6925073254687598e-05,9.67114659801635e-05,1.3062945181611246e-05,0.00011259764708784759,-0.000306054258639582,0.0001645989006180404
490,0.0005249897623977083,-1.934279539368526e-06,-3.6893306695762185e-05,4.194734366637365e-05,3.078582115503825e-05,5.986180884371209e-06,0.00018377553549309145,-4.3207070894613064e-05,-0.00018046022406909001
491,0.0008252703512070959,-2.961981450635108e-05,0.00010020144650829677,-3.9993161190174376e-05,-8.569141966613403e-05,-1.1790944511588103e-05,0.00029474405998231035,1.768966911296077e-05,-0.0002455398357292804
492,0.0015262361484718713,2.3359115450356446e-06,0.00015636772016969225,3.751539333812087e-05,4.9487365972773756e-05,2.934410372153369e-05,0.0004880675794887712,-0.00040513428763015724,-0.00035798378660578667
493,0.0006978161491824394,-7.117246934248284e-05,-0.00010320183453843557,2.163359360913414e-05,2.46077028212624e-05,-2.6257381708636937e-05,-0.0001383905027440846,-9.885886257526844e-06,0.00030266677816087606
494,0.0002556559650538186,-3.4122118913199745e-05,-2.3369373349790834e-06,3.682659513350173e-05,-4.7187525078019876e-05,-3.7755307289721873e-06,1.139007419154181e-05,-4.0405870471715843e-05,7.96113132018883e-05
495,0.0011639926186971144,4.310613711119588e-05,0.00016072840284875323,6.646833384828937e-05,0.00014493027840575823,5.138071000510003e-05,0.0001153824471294973,-0.0002219881920643707,-0.0003600081172841496
496,0.0006587757851184897,3.790401035198669e-05,0.00019012832917442157,-3.233948136480494e-05,5.877593236218448e-06,1.3000844828216923e-05,8.247711496833787e-05,-0.00020761986131807852,-8.942854987642468e-05
497,0.001189700206724804,-1.7946142525447628e-05,0.0001537278375021156,-3.97264381160542e-05,-6.214346103895763e-05,4.310238379308037e-06,-8.379812389378016e-05,0.0004368120274809706,-0.00039123593778817023
498,0.00026774946284930084,1.2330655043316964e-05,-1.1098839682865957e-06,-4.5197983613090575e-06,-1.1088248311988402e-05,1.2787612092788128e-05,-9.0724989031149e-05,-2.6431811751922996e-05,0.00010875646428853969
499,0.000630192338964275,-2.562175300701089e-05,6.385854981738603e-05,-2.2828096508917955e-05,-9.510179019163456e-05,-6.2086878929515366e-06,-0.00016533584188160866,6.446645161227449e-05,0.00018677116805249083
500,0.0006721938347089441,7.107560888228344e-05,8.636943880679926e-05,-3.796918702357252e-05,-0.0001275561213183174,1.7918058405595044e-05,0.00016073381125980557,-0.00010948105339736447,-6.109055561520638e-05
501,0.0019311034468925412,-2.8597299589272658e-05,0.0007231935530748745,1.4000246756240564e-05,7.457236792886984e-05,4.344954740556281e-05,0.00011033600828069812,-0.00044565795977294376,-0.0004912964640840789
502,0.0011777249648120078,-4.465981476718846e-05,0.00018112627094890588,-1.9298475219798467e-05,-5.5195586453296586e-05,4.252939509220149e-06,0.00040348327194791866,-3.997933548122168e-05,-0.00042972927048445797
503,0.0005526984761883708,-2.8778435309982642e-05,-0.00011816667314851204,5.33554517435815e-05,5.0414621987120156e-05,9.115957993015289e-07,0.00013692205394039147,3.474551462379072e-05,-0.0001294041296356907
504,0.000279897892334696,2.8860155550958742e-05,8.396412294675581e-05,-1.5961117598446706e-05,6.836095684470411e-06,-2.0938642083332543e-05,-5.11968964528875e-05,-5.1852290032738946e-05,2.0288571985105364e-05
505,0.0012812976135301874,2.7402686060426507e-05,-0.00018139960419255585,-7.141400483121063e-08,4.680203361071e-06,-2.8801568912375716e-05,-0.0004303762196553873,0.00023668714806274194,0.0003718787692807979
506,0.0010876217658765666,-1.0073858945434076e-05,0.00011407401988561272,1.078441659264906e-05,0.00014908776368732085,3.700518538679587e-06,-0.0005337370239928974,0.0001690883568300494,9.707580740392352e-05
507,0.0008525010319403491,1.234948866267807e-07,-9.169587089241649e-06,-3.060731831788441e-05,9.385675885876382e-05,-1.676491323458415e-05,-0.00036970869732844136,1.9289901787941655e-05,0.0003129803604368653
508,0.001103832580781311,-1.6053946504224204e-05,0.00023082249390699028,-3.197987338210764e-05,6.573060033712719e-05,-5.170603640355237e-06,-0.0002794790641593714,-0.00021923280270463863,0.0002553631961464964
509,0.000463028547111056,5.5102711257825655e-05,-7.115313801514533e-05,2.3134186931852985e-05,-2.664515275992152e-05,8.178771541688529e-05,7.148965994902001e-05,-2.238355716284446e-05,-0.00011133242561756074
510,0.0012287537042011288,1.1260448080734758e-05,-0.0003855437684269214,-2.456286256450474e-06,-0.0002170966503556096,-9.280147061580327e-06,0.00014929956881845619,0.00016946833511885528,0.00028434850008252077
511,0.000975824972132059,-3.33182445344752e-05,-0.00029523868792957764,-4.6588926610764e-05,-9.640965215282349e-05,4.374761639148149e-05,2.2690402621872163e-05,-1.6356974838357963e-05,0.0004214744670527071
512,0.0014552713988879905,-3.147804351619817e-05,0.0003078637395845796,7.079409285824095e-06,-0.00011944894442493525,1.3835995963227057e-05,0.0003988565546103606,-0.00011829354885253829,-0.00045841516265032745
513,0.0014687758289037185,1.9934832231217198e-06,0.0002394385505883334,5.6311950461795934e-05,-6.271011579864205e-05,8.689328589456431e-05,0.00034975064428405256,-0.0001333805957539902,-0.0005382972028992183
514,0.0006714657058932453,2.7849087644543462e-05,6.585822785010187e-05,1.8789917864203004e-05,3.360844466592655e-05,-9.299909824619229e-06,-0.0001981032918637049,-0.000128329651258266,0.0001896271749218803
515,0.0008267988065353751,2.3444961695302455e-05,1.9569517675399606e-05,3.691912201868319e-05,7.6185766168523905e-06,-3.223609941160194e-05,0.0002511571125371481,-0.0003811633038560691,7.469011272431825e-05
516,0.0005521297775431073,1.423338934825654e-05,0.00013192444094650702,1.3611716633901705e-06,0.00011664805973551906,1.189782707789952e-05,-5.058416642889085e-06,-0.000188261083408095,-8.274538872055093e-05
517,0.0011080896460860645,2.682520186059363e-05,0.0002844201127779611,-6.677296461107124e-05,-0.00019552394835481435,-4.720272915354276e-05,-0.0001453332127239193,-9.921196819966116e-05,0.00024279950840450093
518,0.0008188674339812034,4.223464341409581e-05,0.0003508922937020542,-3.452467664238207e-06,-6.985443842812827e-05,1.6306779874457333e-05,-2.099869121469089e-05,-0.00016596635267390747,-0.00014916176700963124
519,0.0008729686964846252,-1.0804964964182887e-05,-0.00013082440931933004,-7.283196505141615e-05,-4.575385086115491e-05,2.6953425199070097e-06,-0.00017626915804624943,0.00026337402337905935,0.00017041498234332542
520,0.0008204068800550827,-3.565729433181817e-05,0.00027389470817096306,5.242602026236248e-05,5.2934461315837233e-05,3.094825027839289e-05,-3.133804822896824e-05,-0.00013083909167005414,-0.0002123690057966865
521,0.0009452011522322942,-4.971857529309162e-05,-3.431736240561145e-05,-2.5583999832129445e-05,-4.550351525538926e-05,5.319314359700407e-05,-0.0001107468346095708,-0.00020673028872032762,0.0004194074325191699
522,0.0010775682065490462,-3.404677216962276e-05,-3.8048007281688e-05,-5.080299105831437e-06,-0.00011295536398370914,8.409419333432755e-05,0.0004546899099402424,-0.00010822328080491161,-0.0002404303799287133
523,0.0011466262444724696,-2.886997160917587e-05,-3.380874104469411e-05,5.914687220532136e-05,0.0001221341315766622,-3.6378098465569136e-06,0.00039203211845428854,-0.0002762515149273004,-0.00023074508480847022
524,0.0009154471227193041,4.293705064414236e-05,0.00014632449345647336,-4.4814653622306244e-05,-0.00010678937266927341,1.3888766202081043e-05,-0.00015344605432882075,-0.00015267348073927378,0.0002545732510569332
525,0.0010733728822883018,1.2058542784898311e-05,-0.0002622231733665492,2.2839140362478777e-05,2.6453979033280728e-05,3.850017289797232e-05,0.00011655940036217616,-0.0002744632677775666,0.00032027520570337975
526,0.0011176343120412047,3.429515259981489e-05,-6.656043086800123e-05,2.7106179211037335e-05,4.515721834985609e-05,4.206856926723679e-06,-0.0004922567251526011,1.0009016124606918e-05,0.00043804273280856343
527,0.0011532429235448496,1.536042118439277e-05,-0.00012059341938658319,1.2306600325716344e-05,0.0001627636963946258,-1.0585686681973891e-05,0.00038619074386764263,-7.78712773993745e-05,-0.0003675710783045405
528,0.0007843909706137867,1.702907111194446e-06,0.00010452745675437747,1.4828205728522476e-05,3.6988559580578007e-05,2.6235988703132707e-05,-0.00012335100823693268,-0.00026884447706998493,0.00020791236742906394
529,0.0007777091632695339,-2.1863874087851148e-07,0.00025983004299978685,-2.187294280547522e-05,3.903210450634936e-05,-9.56034732054259e-06,-0.00022837660391383796,8.999243412854963e-05,-0.00012882604885411375
530,0.0018467152543253165,-3.120328768302025e-05,0.0007186012182973656,4.74860348939829e-05,0.000124753515976829,3.251685799450163e-05,-0.0003161949352508686,-0.0003935221108952447,-0.0001824372933335039
531,0.0013063522678086747,-2.615851179478025e-05,-0.0004094483166073304,5.809216761827607e-05,9.89096644931492e-06,-4.9393180572300174e-05,-0.00016817612492989187,0.0002285544731693845,0.0003566385266673966
532,0.001820909553177194,-1.5279160854000245e-05,0.0006011148282500933,-2.030144604777198e-05,0.00012462187235794814,1.15943616855671e-05,-0.0002810256714899928,-0.0005938484981968112,0.00017312371429500928
533,0.0014283939463497902,-5.688925079127237e-05,0.00012443585920951516,2.2544300863222566e-05,2.247066316757307e-05,4.8671030370784144e-05,0.000496075119563788,-0.00019539314990628387,-0.000461914572477351
534,0.0018548148882945878,2.063456789353022e-05,-0.0006745466127394684,1.3423220495929061e-05,-0.00023498196808642569,-1.7878863321354327e-05,0.0005022820897509495,0.00028239349996600493,0.00010867406604092578
535,0.0012314892288177483,-6.303168679783026e-05,-0.0002908803378152691,-6.436099056659692e-05,-6.937106092904516e-05,-1.3309937686655296e-05,0.00011604860349326285,0.0004996960109156651,-0.00011479060061342361
536,0.001134243020823011,-2.7041748652056365e-05,0.00014097931799794683,-3.4730115331227385e-05,3.061338007599029e-05,-2.208298868481423e-05,0.00019059074421770572,-0.00048326665774343913,0.00020493806811983095
537,0.0008853499372726932,-4.488671898159914e-06,0.00044267496863636957,-3.0464057641590297e-05,-0.00019407419569410916,-1.2020758763716527e-06,-2.3453463738720703e-05,-0.00012191810475417619,-6.707439903319568e-05
538,0.00247102171290391,-8.408842502544839e-06,-0.0007447382464291774,8.028109577254763e-05,9.77325526966416e-05,-2.0344748895031323e-05,-0.0004620190186251927,0.0008359691286587007,0.0002215280793240737
539,0.0021531434959935133,-9.834124651919227e-06,0.0005154640332554195,-1.7333600061703036e-05,0.00013249349383567116,-2.031389617423475e-05,0.00042861422090567647,-0.0007142036594204315,-0.00031488646768845774
540,0.0012880496084637077,-8.838361946122975e-06,-0.00016373356181104137,-5.0872397780767076e-05,-0.00014215403345952532,-6.8831009134139726e-06,-0.0002715433483210239,0.0003061232666363156,0.00033790153759549746
541,0.001351545146354871,4.503421691914346e-06,0.00030850204689075733,-4.208116970094017e-05,-0.00010348421739023866,-1.7288913811636455e-05,-9.424591192955245e-05,-0.00041867236034506816,0.00036276710459476336
542,0.0006355094302944618,1.235506172666146e-05,8.04840693021669e-05,3.418720760171162e-05,-2.0819132663281448e-05,1.2406415493366671e-05,-9.530110128005975e-05,0.0001783219610233533,-0.00020163448120386063
543,0.001350221481038874,7.366040170345665e-05,-0.0003139265728282492,1.096332229172381e-05,-3.0907589993009466e-05,2.6511338967286427e-05,-0.00033027657769821306,0.00012726205731554419,0.00043671362024139126
544,0.000666641624148632,6.929854278791073e-07,7.123247368562291e-05,3.9269380277713595e-05,9.63564622900176e-05,-4.2681826885330315e-05,-0.00026207477495265863,0.00012576951039307283,-2.856421023633704e-05
545,0.0008520778757874067,2.679287736001481e-05,-1.143088895194655e-05,1.871257359635503e-05,6.540678887002188e-05,-4.331079405620747e-05,0.00031512669806735283,-0.000329329888691568,-4.196736619394015e-05
546,0.0013314253689612546,-1.217876853406262e-05,7.57898318715644e-05,3.584550227253916e-05,0.00016708009349056946,-2.863593729970221e-07,0.0003869972568459612,-0.00013169707735447012,-0.0005215504792190906
547,0.000625799419544412,3.254584613290607e-05,2.9984687731965387e-05,-2.8485016160609278e-06,9.396544005166318e-05,-4.090366853628895e-05,-0.0002580603213367394,-1.108721828310677e-05,0.00015640373585568135
548,0.000820147844009125,-2.6781594175302736e-06,-1.4454987909084949e-05,-2.447718639394386e-05,-0.00010957263175419285,-4.559050941427625e-06,-0.0002543319055884341,0.00011266101432402809,0.00029741290768048323
549,0.00110570668591781,1.6985100308800072e-05,-0.00043243212305599243,6.299694821011032e-05,-1.4513677311762951e-05,3.187227188180056e-05,0.00010589062262977844,-0.00010590754259111324,0.0003351083999284521
550,0.0008345795496619629,-2.049630701653725e-06,0.00022388258180661147,-6.7697217132588194e-06,-3.703952215289297e-05,-1.5470640371169353e-06,0.00019340719302435305,-0.00027021921000278115,-9.966462622329475e-05
551,0.0008783504971183959,7.068005371751226e-05,-0.0001602474974038426,4.5909306252797655e-05,1.2560047269960517e-05,4.2102774509404986e-05,-0.00027892775115540003,0.000248133093450148,1.978997335932986e-05
552,0.0011566835002825371,3.911278861332395e-05,0.000293799666505723,4.4187379670518334e-05,-2.039170954237779e-05,5.387010768482213e-05,0.00014737180766682956,-0.00024178767052634997,-0.0003161623700725924
553,0.0006566479549618585,2.8429660134132208e-05,-0.00013005526856063598,1.6932281862742232e-05,-4.7621107640977156e-05,1.2167018660724435e-05,0.0002707950168233386,-7.005835416690198e-05,-8.058924711240589e-05
554,0.0009061397812370189,-2.6343242344986813e-05,-0.00026361020591925133,-1.66778585353293e-05,-5.1160064206468014e-05,1.211883867652773e-05,3.818872367700177e-05,-9.527851961248224e-05,0.0004027623282649717
555,0.0008173686720354097,1.8456412330123198e-06,-0.00011443897642871015,-1.284467097226183e-06,-0.00011836959554420434,6.153384945858237e-06,-0.00017459129694757936,0.00033574994958206206,6.493536025675706e-05
556,0.001637563591553719,3.679989556983933e-05,-0.0003240238167037113,-3.609850273249976e-05,-6.802282067588927e-05,-1.1784276928286652e-05,-0.00037885237873649946,6.818513948940452e-05,0.0007137967607175888
557,0.0009756725769095292,5.189216159084617e-05,-0.00030778744697484983,1.7962643523404542e-06,-0.00012172720488985017,9.891629198564497e-06,5.971985612945874e-05,-5.832163659008627e-05,0.00036453637718353304
558,0.00028113945439301423,2.4773497118884755e-05,3.621625353611435e-06,-4.213271945933961e-06,6.931206264090828e-05,6.464621952660676e-06,-3.4843489080865764e-05,-0.00010151296616971173,3.639792013043763e-05
559,0.0015875826361739075,1.5039877560119735e-05,-0.00036355196458892625,-3.0466214485561083e-05,-0.00014134128823066472,-3.529865948259138e-05,-0.00022313319129918519,0.0006816320021328925,9.711943839396664e-05
560,0.0007884761552528598,-5.499153864013586e-05,0.00013636448389775513,-2.062225852969904e-05,-3.755927876624571e-05,-1.836104871755402e-05,-0.00014704461787065637,0.00025787359372865526,-0.00011565933510215842
561,0.000870738941806299,-1.836597389639344e-06,0.00015384409373470076,3.161750890146031e-05,-1.2221113941626727e-05,3.958971375488812e-05,8.685405137315305e-05,0.0001234641031389455,-0.00042131175957188516
562,0.0011212162192916686,1.440545498520001e-05,0.00034987483095627603,-3.7179434323041105e-05,-0.00011554600052282593,4.966922067407495e-05,2.791722933925822e-05,-0.00040788267479999196,0.00011874137369100035
563,0.001292803151361331,3.892873351141277e-05,0.000519890041161708,-3.088772710326329e-05,-8.46491819665729e-06,4.674276609722625e-06,8.290852439779561e-05,-0.0003070785100528495,-0.00029997042032792187
564,0.0008040767760076747,2.5803236571887538e-05,-0.0003308775917842399,2.4830139818039082e-05,0.00010188981192270352,1.3799232805852824e-05,0.00017187715870353726,-7.116079621957705e-05,6.383880818183751e-05
565,0.002036536368356665,1.4874778324564311e-05,-0.00024033134269507705,-3.8060255237899743e-06,8.024327054816094e-06,-2.6565704497345105e-05,-0.0005907667511020898,-0.00015679836036004702,0.0009953690787989355
566,0.0010711355521391764,-4.129571900707025e-05,0.0004333741227723342,1.7783818392416717e-06,-0.00010695551193506264,3.9368371477759706e-05,6.104689998026602e-05,-0.00037445464591237543,-1.2861899215066419e-05
567,0.0010542438293724022,-4.00204153840622e-05,-0.0002571822627187026,2.6940051312856345e-05,-3.4895725653592835e-05,9.732770698626589e-06,0.0003533382081893355,0.0001371108844853558,-0.00019502351092987036
568,0.0010529875619406043,-3.8181986918563345e-05,2.2971830869189525e-05,-3.722164564044783e-05,-4.159352135520156e-05,1.8133141098084643e-05,0.0003695199928638315,-0.0004094966270561107,0.00011586881613917521
569,0.0006779154718698352,3.282415481742785e-05,2.975206110955586e-05,3.722223377674444e-05,-4.915279222553193e-05,-6.387352870480985e-05,-0.0001308416429636472,0.0002391592862311387,-9.508977204097935e-05
570,0.001927803329028992,6.99830168074192e-05,0.0005445993179207798,5.002027540188664e-05,7.042319735822006e-05,1.8152143560249204e-05,0.00021072371346594898,-0.0006389095690264024,-0.00032499209548808583
571,0.0011521412147974495,1.5583577350692865e-05,-0.0003217280901495201,-2.621870125416037e-05,-8.378733087777146e-05,-2.846791720842283e-05,-0.00011586856790890554,0.0002582916223468762,0.0003021954077011002
572,0.0020509166157145807,2.138566731242717e-05,-0.0004411813756872718,-4.9048217396159555e-05,-8.438238706189038e-05,-1.4730374399998108e-05,-0.0004361159533119996,0.0002484031088161587,0.0007556695317286755
573,0.0010505991711060201,2.6049412274796978e-05,-0.0001647970086269268,2.046119043461192e-05,2.9220044809243062e-05,-2.3030959775151988e-05,-0.00010306671060122952,-0.00023440490654967616,0.0004495689380343837
574,0.0004314054867581938,-3.080339869060422e-05,2.7823893041067915e-05,-2.980540087724193e-07,-7.904287529251347e-05,2.485807756649229e-05,5.501377043073963e-05,-0.00010555841538718858,0.00010800700234081528
575,0.00078567872436054,-2.8387315642548067e-05,-3.3673040781279084e-06,5.992908422954024e-05,9.332079673855798e-05,1.603661557978732e-05,0.00022355286563235932,-7.772995577766395e-05,-0.00028335478668195524
576,0.0008906098210590442,4.6302460161400105e-05,0.00017901284905957882,2.2583680770345976e-05,0.00010866905819102712,5.436058005070521e-06,-0.00030857778597412344,8.330080434212905e-05,-0.00013672712455536917
577,0.001421744619823779,-5.596854434310617e-05,0.00015054854094609382,1.2666601934850641e-05,0.00010361690659371064,2.246939997801664e-05,0.0004215708604591861,-0.00010057060572149501,-0.00055433315984732
578,0.0009969624027771837,5.1500032061356504e-06,0.0003051641063814836,3.3944310075334494e-05,0.00015422278172567278,-2.337923823822821e-05,-0.0002573548184273966,-0.00016792349988374589,-4.982364483918644e-05
579,0.0011796886800528325,-5.972547648358962e-05,-0.00019627633425267632,1.1954600988416803e-05,-7.291203514635247e-05,-6.108143173814973e-05,-0.00019984906240569367,1.1710176861426391e-05,0.0005661795621765275
580,0.0016324609999809076,-1.5629616165259083e-05,-0.00038011944968951994,-2.828369841166231e-05,-5.8902888951550825e-05,-9.331472302673977e-05,-0.00023998012374570887,0.0002754152522275177,0.0005408152477629491
581,0.0007582008500228027,8.767155512193203e-07,-0.00019386886122629843,-6.00996189364239e-06,0.00013595251398958175,8.313837791054657e-06,8.571069406274057e-05,0.0001482466636167773,-0.00017922160189148828
582,0.0006894922241535498,-3.1176823219037156e-05,-0.00016105000824273574,1.0298127687637104e-05,7.422750803907918e-05,-6.784577429732284e-05,6.7548590956534316e-06,-8.46735063177173e-05,0.000253465617254367
583,0.0020842535692222348,-3.001042001903216e-05,0.0004863430416891523,4.9729398325239205e-05,0.00024059038272862543,-4.6551710783500344e-05,0.0002654639618681065,-0.00040055746106713863,-0.0005650071927414402
584,0.001454460662683287,-3.07460839089101e-05,-0.0003055084667983876,-2.0915039970079152e-05,-5.349174767757536e-06,-6.160355396099028e-05,-0.0003031080119355323,0.0004523079119052448,0.0002749224194363853
585,0.000928661570938019,3.720905456933415e-05,4.3223135725578565e-05,5.056297218274802e-05,9.553090635706224e-05,9.89474801449397e-06,-0.0004193283623398769,-4.500242312915903e-05,0.0002279099686197661
586,0.0013434229351981762,-7.156136889003087e-06,-0.00010184447837013888,-9.505850547069858e-05,-0.0001435168285256333,-2.4501705791954084e-05,-0.0002996338125516307,0.00023390863913433368,0.0004378028284647839
587,0.001196161927870541,-2.4920264626756596e-05,0.0005227238144586144,1.1826376772727104e-05,2.8156758396721826e-05,3.5374014307190324e-05,-6.602198392677283e-05,-0.00047692031658840006,-3.021839879335797e-05
588,0.00039578009466019644,-5.797353398543162e-06,0.00010466832059957687,3.814956130404612e-05,-3.301953848668798e-05,-4.096473211023799e-05,5.5072165426522934e-05,-8.686954828594773e-05,-3.123887504863365e-05
589,0.0009271941604224194,-2.3117282923508856e-05,-3.969095107220211e-05,9.246774369661703e-05,0.00018664610576379914,-4.27589359400099e-05,0.0001586914871322398,2.5791743618594487e-05,-0.00035802991027544806
590,0.000780189630702025,6.31875936952641e-06,-3.1503063423476974e-06,-3.8646078250777205e-06,-0.00011647861210864474,1.3969495440711854e-05,-5.009459027893737e-05,-0.00021650669879602624,0.000369806560540753
591,0.0009908305876942048,1.942024726931963e-05,0.00019962037055631932,1.1287787031008523e-05,3.7146318809112844e-05,4.245019685118062e-06,0.00017878658560119276,-0.0004954152938471262,4.49089648950074e-05
592,0.0008899937962458457,2.070334731160521e-05,-3.6045504489823355e-05,1.9085414528142997e-05,-7.554123803002466e-06,1.8771378286432452e-05,-0.0002042608490670228,0.0003864367579967387,-0.0001971364207630777
593,0.0010099740050140103,-4.9165476532529034e-05,-0.00027089135723135094,6.3952354231004704e-06,5.274004165151114e-05,-1.755481660692046e-05,-0.00016737535213626198,0.00043402760101814153,1.1824124414194781e-05
594,0.0015607876611775017,5.166881183128139e-05,-0.0006023732872679766,-5.331971057974394e-07,-9.339988315760356e-05,1.5361914361114795e-05,4.402576622578036e-05,-8.408746305740844e-05,0.0006693373381705392
595,0.001272806875066623,-4.46004466862545e-05,0.00015778468003468937,3.5027120230422815e-05,0.00011716714065231754,-5.89796990750624e-06,0.00032642449661587913,-0.00045290719870846874,-0.00013299782223108458
596,0.0009361427955367606,-3.81537781509525e-05,-0.00019936080446331106,-7.609554474394958e-05,4.362965118692025e-05,-2.984566049169489e-05,0.0001376236414410703,-0.00012461560991849918,0.0002868181051403629
597,0.0013492275037583004,2.8334878400227206e-05,0.00023829003600073229,-1.2917948754635061e-05,5.984406806827658e-05,-1.6727346102482846e-05,-0.0002470772310742275,-0.0003978912259477996,0.00034814476940991934
598,0.0005321274154352863,3.5433907362808666e-05,3.412555222293001e-06,-1.2251003238906988e-05,1.9596385581618914e-05,-5.748708587014449e-05,-0.00019632561860857822,4.583440263215832e-05,0.0001617864569187777
599,0.0008799390780811888,3.4025906683152196e-05,-0.0003248920911907982,-2.764040559038311e-05,-5.888430569803149e-05,-2.855273656144318e-05,4.6893755680926796e-05,2.8577537595220193e-05,0.00033047233908123363
600,0.0011322916502377565,-3.789224922818614e-05,-0.0003236988668884333,-7.200202653425553e-05,-4.024248505167527e-05,-4.588224893988836e-05,0.0004029522344622949,0.000163193590656599,-4.6427948476424064e-05
601,0.00025135289140876954,2.4892499052246025e-06,-8.191695712866931e-06,-2.3974153485845084e-05,-4.618135590969685e-05,2.8857421262139943e-06,-4.732924059591692e-05,7.129696614879832e-05,4.900448752420683e-05
602,0.0005155345415183855,2.3462415277631862e-05,-2.1883745764894602e-05,-2.7132051057480316e-05,-3.3612664898645395e-05,-6.656212437174819e-05,4.801737007295581e-05,-0.0001085766846664199,0.0001862874854086094
603,0.0007299625495195607,5.066851547338991e-05,0.00020299204552182148,2.5761972002137645e-05,8.555874176242179e-05,-3.5114559868104286e-05,-0.00016954398712082375,-5.54653556162632e-05,-0.00010485737215459867
604,0.001026970024599447,-8.375727099707488e-05,0.00010367876901179462,5.262032591153362e-05,-4.381776054704356e-05,-1.8854636132216787e-05,0.00018151870668317582,0.00017566721069321722,-0.0003670553446233904
605,0.0012603341536231247,-1.4488377374142353e-05,0.0001650151729492011,4.933025302766153e-05,-4.631597657463182e-06,-6.069299790625524e-06,0.0004158216508346746,-0.0003063338581016789,-0.00029864394388767757
606,0.0010491438704141381,-9.363554715087312e-06,0.00027486565612933056,-1.9216151271306964e-05,8.101116721076496e-05,8.338306906948562e-05,-4.9792311971386116e-05,8.531204279746407e-05,-0.0004461999172493125
607,0.0017296969928114747,-2.626011381403129e-06,0.0005224127925691491,5.177842720758413e-05,6.987758851646764e-05,2.197057694357761e-05,0.00019880911116898492,-0.00043992747737618687,-0.00042229500764812133
608,0.0008777677735532967,-3.8278902072514005e-05,0.00012717237450804442,-2.503559868725219e-06,3.3647800195227284e-05,-8.818281513230108e-07,-6.171633498427975e-05,0.0002780637120733398,-0.00033550326169984324
609,0.001046516986872065,-1.0464616378657275e-05,-0.0001274885637129186,-9.034953922719066e-05,-0.00017504092757804346,-7.616037341050437e-05,-4.375447312876535e-05,0.00044395505409661196,7.930343933937323e-05
610,0.0009544487700890352,3.020357719156746e-05,5.1705238026278355e-05,2.2564435845348618e-05,-0.00014182774244492907,7.04663361114112e-06,0.0003657045003701842,-6.0073025162213356e-05,-0.000275323617437373
611,0.0009378694322973724,-5.125982984704146e-05,5.1827244943958295e-05,-0.00014605810022874297,-7.550552545364242e-05,-4.014125205278711e-05,-0.00015597000856645837,0.00014246406995779837,0.0002746434012469434
612,0.00043670634955668853,8.993181487023001e-06,-6.579460551514593e-05,-4.11378819057881e-06,-7.74614745519403e-05,-1.181313788352345e-07,-7.0865175141821e-05,0.00019510303872498358,1.4256954566360669e-05
613,0.0005682365372701734,-1.0387957041440611e-05,-8.690459674398632e-05,-1.2708889223340958e-05,-6.990813575313837e-05,-6.467655851402632e-05,0.0001778044623880759,-3.953213135918232e-05,0.00010631380624698261
614,0.0016389665162402445,-1.0054455180368883e-05,0.00048208325119003526,2.981339761188445e-05,0.00012144439102549504,-7.979418326142795e-06,0.0001861422182927175,-0.00020261458676792965,-0.000598834797845671
615,0.0012242576848039083,-5.141814911176039e-06,-1.9404662108979398e-05,-2.9986830310586854e-05,-2.8011383121646916e-05,2.0692545493732756e-06,0.0006100595878525406,-0.00041853759029959747,-0.00011104656165000781
616,0.0008244580518324872,-1.7425761318608582e-06,-0.0001887720314520669,1.1132596171217063e-05,7.126579170303043e-05,8.163473706055552e-06,-3.498586496780698e-05,0.0003216671643359592,-0.00018672855336449024
617,0.001041116523791047,-3.3272340633239486e-05,-0.0002352944924484679,-1.2499988611414103e-06,0.00011417186302555699,-1.1338656045368697e-05,-0.00023940277390727127,0.00026718326325683717,0.000139203135613164
618,0.0006809443752445752,-6.44917438840948e-06,-0.00017385238830364136,-1.695446372301443e-05,-0.00010913982877739509,2.443385455071223e-05,-3.407633242991093e-05,0.00023719625439456993,7.884207867692172e-05
619,0.0009461208191730861,3.294740671832153e-05,-0.00035312442126872456,-5.8324297002858294e-05,2.702019343321649e-05,3.301389351903841e-05,0.00014505826472782646,0.00023502065118807813,-6.16116913150222e-05
620,0.0013352487096563804,4.4779028569364755e-05,-0.00034408597366997196,2.5094417766716864e-05,3.686045311459413e-05,-3.0797649143637224e-05,-0.0002927407320146014,0.00010066582036710736,0.0004602246350103867
621,0.0010568857682593082,2.449958930725478e-06,-0.0002612637374178606,6.563811037038625e-05,7.787340110400331e-05,-3.726078796052745e-05,-0.00022991835875124655,9.253992584058734e-05,0.00028994148788397123
622,0.0022864321224506526,-2.558539155722312e-05,-0.0007199636553026356,-1.5394242192157126e-05,-4.373057232851668e-05,-7.483848750138716e-06,-0.00033105835109459303,0.00031796660916119657,0.0008252494520641918
623,0.0008782052926221947,-2.30712535183664e-05,-0.00015883489754836555,3.683518256388657e-05,-2.8219403281709576e-05,4.8991355846860624e-05,0.0001991147203300736,-0.00022897709196263716,0.00015416138757029518
624,0.0008765072987371213,-3.8118010850700726e-06,-0.00014008085607081222,6.922180676360509e-05,3.248066952799e-05,3.070899983289091e-05,9.415525677225478e-05,0.00021168691647185933,-0.0002943609922126389
625,0.0005850617365498233,-8.5250481130731e-07,-0.00017345222858067277,-1.2262435729326615e-05,2.2411718604793684e-05,-3.220606367936377e-05,-2.8813920265741144e-05,0.000270119149670095,-4.494371520852303e-05
626,0.0009063675798332647,-8.638746771792022e-06,-0.00012936864836066153,1.0480435326643e-05,6.348041512210106e-05,1.008594878426465e-05,-6.190383851326087e-05,0.00036913699068365224,-0.0002532725562708893
627,0.0013811756784180198,7.416016513406634e-06,-0.0004098243408842128,-4.030953990529981e-05,-9.451307705177908e-05,-2.8734031687203954e-05,-0.00011720684968047346,0.00042642059690276013,0.0002567512257928839
628,0.0007724001813529651,4.87415262227231e-05,-6.291006640574137e-05,1.7860426311591682e-06,5.986572521845396e-05,3.291079465517037e-05,-2.4410869577828898e-05,-0.0002988791546928993,0.00024289600194898897
629,0.0003481446966189239,1.9109666146870097e-05,8.024096493031152e-05,-2.223142274290074e-05,-2.086813687382505e-05,9.748085449956534e-08,-9.802230754019092e-05,7.462423637773219e-05,-3.29504811525938e-05
630,0.0009194212734539011,-5.426339999401678e-05,-0.00010007001264300541,2.3940262655501587e-05,-1.5579940764849642e-05,1.6349251218050406e-05,0.0003001113983727155,0.00011930972448075117,-0.00028979728332501065
631,0.0006346326028760473,-4.5855722161609186e-05,-0.0001968170292121485,3.3755289532644284e-05,8.64901656023806e-05,-2.773200642176843e-05,2.0108780422967154e-05,0.0001769620658800264,-4.691154364250272e-05
632,0.0016345827630741992,1.960816023394412e-05,-0.000459752149687076,5.049750523754282e-06,-5.068164122067759e-05,4.828670653833633e-05,-0.0003068575906294002,2.1718541996451624e-05,0.000722628222244559
633,0.0004266327769856682,1.3767256169909536e-06,8.47658766868209e-05,2.581565138375791e-05,1.6004862735258252e-06,3.764842009427831e-05,-0.0001340824979444155,-7.923389054841079e-05,6.210922843746802e-05
634,0.0010166155271960665,7.5972002254402066e-06,-0.0003089881965568919,-4.9947677790665446e-05,-9.02192689565054e-05,-3.0350370237035643e-05,9.673534150303476e-05,0.0004039752218695236,-2.880225005696957e-05
635,0.0008807840609758848,-5.150821080509779e-06,-2.78546177179817e-05,-2.545864161812572e-05,-0.00018196487283785728,-2.2529814398139503e-05,-8.454099416690952e-05,-9.289226866840417e-05,0.00044039203048795716
636,0.0009191928138879493,3.996324433970001e-05,-0.0001258505623916717,-4.2435900550120975e-05,-0.0002913099440021785,9.15978417295564e-06,0.0001128596295210671,0.00014040501653901638,0.000157208732371239
637,0.001303996815809342,4.3678288693662845e-05,-0.0003727790098019268,-4.3190381649377274e-05,3.3037827576735956e-05,-4.8268592231745164e-05,-0.00018776042422158357,9.875039584641976e-05,0.00047653189578789057
638,0.0010170778850321256,-6.80766899285399e-05,-0.0002585998740641249,-5.829869899212636e-05,-9.661615279341756e-05,-2.6947526737848906e-05,0.00020097710206135044,0.00013526532939417413,0.00017229651106054344
639,0.0012203555437421722,-1.3001986474485763e-05,-0.0005548687678956776,-2.7590504960359197e-06,-8.48231418519585e-06,-3.106565281969266e-05,0.00027659355082657044,0.0003308332730813657,2.7509479631482314e-06
640,0.0008574709966515971,-3.563087990653309e-05,-0.00037901650205035553,2.2050680527907485e-06,7.107316770213479e-06,-1.4088116368883921e-05,0.00022079024640611622,3.738074671882918e-05,0.00016125212037787495
641,0.00044362949412086756,-5.096928006782971e-06,-4.7532134102801216e-05,-2.6447442807400745e-05,4.969884050443074e-05,-1.8178198816519442e-05,0.00012040120458814418,-0.00012456004332693504,5.1714701967853216e-05
642,0.0019168549738668751,-1.6060700720941373e-05,-0.00029009841985228046,-5.716085458926795e-05,-8.63877339430455e-05,-6.620877138657777e-05,-0.0004425110064412707,0.0003664008039650085,0.0005920266829684828
643,0.0007442541335755332,2.0406612247322008e-05,-0.00017753772639433896,-6.68732031882148e-05,2.3651125465873335e-06,-1.1458257643320521e-05,-0.00011625787956193179,0.00016756643142878946,0.00018178891056502833
644,0.001364205626043005,-2.536784832180613e-05,0.0004134166733332778,1.2770735719633275e-05,-1.1566469181371886e-05,-1.695366273011395e-06,0.00025591540396857626,-0.0002204715712846722,-0.0004230015579606561
645,0.0010764536135464686,-4.40249404637643e-05,-1.7250328102180745e-05,2.656471591936868e-05,7.657254444842082e-05,-1.67986796951302e-05,-0.00040931954530160075,-5.083331321052709e-05,0.00043508954640547604
646,0.0011055760138066247,-2.3819198098939606e-05,-0.0001684557034268841,5.304081440931849e-05,1.9291343693918217e-05,4.87932898176717e-05,-0.00018422970291107066,-0.00017628340246640672,0.00043166255898241523
647,0.0008706329305601303,-5.1856239496095996e-05,0.000145237384155672,4.7035530774511974e-05,0.00012007717035560084,-1.1004697077054287e-06,0.0001229663799942604,-8.096352020062203e-05,-0.00030139623587566167
648,0.0004234691858268592,3.303387974740255e-05,-5.937123098698205e-05,-1.7867980171799164e-05,-3.930048316407031e-05,-5.154662903439876e-05,0.00011598228165565772,-4.3648269556148533e-05,6.271843151040013e-05
649,0.001152020070584723,4.3567467966854935e-05,0.00034119662255926997,7.339399814691033e-05,0.00010125967187220308,1.659227474711672e-05,-0.00014624433699100825,-0.0004214709225819624,-8.294775719397407e-06
650,0.0007263675066743061,1.6072662644381862e-05,0.00034711109069274215,-4.600699515570905e-06,-4.8380640803126485e-05,-1.3005525944348797e-05,-0.00011780534754959882,-8.436655153654105e-07,-0.00017854787400917171
651,0.0015477605341289585,1.8825444881454684e-05,0.00020778130187959487,3.702805727225783e-06,-4.227433792788893e-06,3.6478679489096444e-05,-0.00032751798909735896,-0.0004421348441742967,0.0005070920350871422
652,0.001555726575977804,1.4163837795257844e-05,-0.0002240054100821065,-1.3799898893711304e-06,9.987397349595084e-05,-3.1345571201098904e-05,-0.0005211323168163584,0.0004080276264672167,0.00025579785023044366
653,0.0011378697506300257,-5.268705521471219e-06,-0.00034995419696609575,-1.5849627804053606e-05,-6.838807584835793e-05,-8.747561065563722e-06,-0.00012072670810944763,0.0002301546985971903,0.00033878017671784555
654,0.0003810798006448858,3.191452377988759e-05,5.656246745944227e-05,-9.984481658190103e-06,-1.5232694966199611e-05,-2.52181572870519e-07,4.728905567508157e-05,-0.00016507054212519523,5.477385340801888e-05
655,0.000587144998778627,5.171326333514026e-05,-5.482488896646487e-05,1.0899624284764486e-05,1.191124944370514e-05,-3.7443592732076814e-05,-3.545309101535277e-05,-0.00016585092667539825,0.00021904836232572444
656,0.0008265201661123833,3.07490078189903e-05,-0.00018124037558492345,-1.404981566053426e-05,9.861464285342708e-05,1.4746592850861662e-05,-0.00011162669477438047,-0.00010634319703640982,0.0002691498395328562
657,0.0006875493608002846,-2.1160153833514606e-05,-2.8455175869523952e-05,5.770904959170875e-05,5.275535860890801e-05,5.433366833271572e-05,0.00017897660386684278,-6.12885429394916e-05,-0.00023287080775757918
658,0.0006248388082933428,-5.045161292471789e-05,-0.00017064623089890762,3.2048743734140045e-05,2.8308858721355634e-05,9.526457211537012e-06,-9.132156032304328e-05,0.00013016433939376515,0.00011237100508587616
659,0.0004682585860616359,2.2394952787026592e-05,-7.362040086200672e-05,2.8531543297960482e-06,-4.8691058879973825e-06,-4.971291364596828e-06,0.00017587004599267653,3.301113992129623e-05,-0.00015066849491623957
660,0.00024065314540131465,4.8334537862787866e-05,-1.8296754751845334e-06,1.4052316271318671e-05,1.9717439038620388e-05,-7.329180532880675e-06,3.8222279527933e-05,-6.0257630608823165e-05,-5.091008608376635e-05
661,0.0009099824349938224,2.6361790277323535e-05,0.00016968067019784705,3.363525504315734e-05,5.384059499824456e-05,-1.5495006693478156e-05,0.00017147290698038553,-0.0001889969963490279,-0.0002504992144543583
662,0.000687324419860095,-2.9389509088708146e-06,-7.327195526518615e-05,4.243252014245885e-05,5.1264975704637394e-05,-2.4522392304920232e-05,0.00019012594447859188,-0.00024292891145107076,5.9838769604358966e-05
663,0.0009305152027581547,2.0895462034864302e-05,-0.00018852284763481997,2.4765616771057347e-05,-4.690692033927635e-05,-1.678123976832889e-05,0.00012295734432163363,0.00029663917825148434,-0.00021304659363668987
664,0.0013985720835226877,3.417722917281943e-05,0.0003863478884572613,4.730149827890731e-05,0.00017577863250632653,5.568079334596597e-05,-0.0002951254162114614,-0.0003344987756384171,-6.966184991152868e-05
665,0.0011299883012811426,-4.8569786238246426e-05,0.00037920948579472924,4.228132654722494e-06,0.0001291102478360659,4.0762153366609086e-05,-5.594618083565317e-05,-0.00046047818356666215,1.1684130988454111e-05
666,0.0013142391471280528,4.527381785284987e-05,0.0003753961462224509,7.561804795844576e-05,0.00015270623956022827,8.125321970106278e-06,-0.00012358576249152375,-0.0002804226002442872,-0.0002531112108281608
667,0.0003586857086186404,4.167064008334456e-05,0.00012959485292857176,-1.4965222648995191e-05,-0.00010030365641056083,-2.3513954395742304e-05,-1.888673711181177e-05,-2.167328374218236e-05,8.07736129743164e-06
668,0.0010826794405806115,-1.7370058149774117e-05,-0.00016428926554290513,-1.053494172322672e-05,-9.736490197978509e-05,-5.140066949044925e-05,-0.00020037988340421142,0.0004450358776255797,9.630384266468006e-05
669,0.0010329251544530958,-4.793847476424178e-05,0.0001806394348718432,-3.797701006573451e-05,3.811964205767404e-05,-3.835232990276327e-05,-0.000239489647817559,0.0002977035002970363,-0.0001527051146762437
670,0.0009619829652152759,1.1863566051583188e-05,4.1444146503311075e-05,7.2413956811942515e-06,1.5254596643921037e-05,-5.2472752856287316e-05,0.00022576693284931393,0.00017942084487830579,-0.0004285187297513593
671,0.0006373721492122864,4.183377944246263e-05,-0.00017836014411359846,-2.4916778197658918e-05,-0.00011184309011743471,1.2216571437210708e-05,-3.5660621774402657e-06,7.567180048839717e-05,0.00018896392323808353
672,0.001398063358941215,3.410333128754314e-05,-9.065555994247632e-05,3.800835716791587e-05,4.089297867109626e-05,-5.5327338258213954e-05,-0.00024326074177827284,-0.00030978803949163747,0.0005860270123440592
673,0.0006489248106095521,3.924160768697081e-05,-0.00017840791277223822,4.642544370630358e-05,-5.081682642882335e-05,-4.1343954396352856e-06,4.606328628134482e-05,0.0001927320676301525,-9.110327066408352e-05
674,0.0010227094289374048,-2.57631572377192e-05,0.00022207784965921906,-4.950424846176735e-05,4.08865268445302e-05,-8.500482511913932e-07,0.00021257977335598088,3.581056460891241e-05,-0.0004352372605180843
675,0.0005086975956980974,6.457240690423659e-05,0.00015656963708993166,-2.109457578273674e-05,2.7159288883714383e-05,-3.294972120851218e-05,-0.00014221471784389705,-5.808978301394263e-05,6.047464971126182e-06
676,0.0008614690778581645,-4.732419731309952e-05,0.00036361838203624597,-4.742101202594856e-05,4.571356918362662e-05,-2.8442516536464693e-05,-0.00018169019428770916,-0.00012585661876585164,2.1402587709218324e-05
677,0.0009385847484174748,2.0675694180733242e-05,-0.00026712886050656026,-2.1792233155293328e-05,1.9698750522198494e-05,-5.648103873094612e-06,0.00021419524584914695,0.00021472268365667346,-0.00017472317667377446
678,0.001329902142464364,-4.626739492040628e-05,0.00037509869762214487,4.4280582494386767e-05,0.00014207532560282093,2.704163991725829e-05,7.645482559562322e-05,-0.00042418256241454066,-0.00019450111389718305
679,0.0011486074574457534,3.4960307507503514e-05,0.0003003909575659547,1.8709024645929828e-05,0.00022024343900350907,-5.1640713853369144e-05,-0.0003512278601675578,-6.781765476172874e-05,-0.00010361749994020064
680,0.0006742171732758012,4.321523240461908e-05,-0.0002820390400481987,-2.2568360964810713e-05,-6.993592689262529e-06,-1.6169468046459134e-05,-9.338124889179955e-06,0.00012857263834090138,0.00016532071589236974
681,0.0008086535344661236,-3.9041016428235584e-05,6.076444527736147e-05,-4.5686974558575844e-05,-0.00015677827322935212,4.7043667474483755e-05,-7.043060177236438e-06,0.00029651865448120096,-0.00015577744283967743
682,0.0012453845641603317,-1.5232984599756333e-05,-0.0004545533026940052,8.264626946034165e-06,0.00010956209812950507,-1.2529775144626276e-05,-0.0001403762196418301,0.00031527576492695886,0.00018958979207761573
683,0.0013316451873457407,2.806504622766305e-05,0.00042493641692181727,1.9742183846097744e-05,9.261545894288098e-05,-4.867384610179187e-05,0.00010046348773443126,-0.0005700131759624333,-4.713557160862525e-05
684,0.0013456844019789308,5.471698487990832e-05,-0.0001829236850190985,3.194867556534711e-05,0.00024079993782741282,-2.445967896962803e-05,-3.859202098430159e-05,-0.0004268668160164607,0.00034537660271677373
685,0.000934306420596046,1.1206459867526587e-05,4.497984769169516e-05,-5.725583729975642e-06,-6.052900512201753e-05,2.8921219479118368e-05,0.0003820456832596686,-0.0003793365063268217,-2.1562115119222458e-05
686,0.0006482459364866343,4.0086788917040143e-05,0.00018029485757525832,4.096924436000279e-05,-1.3112299121952053e-05,8.325484107006217e-06,4.725540451408494e-05,-0.00031101066912138375,7.191188769906098e-06
687,0.0009351577685885373,-3.0227133535594766e-05,-0.0003385386292196202,5.256480402844252e-05,4.370295726938145e-05,2.9932801701888778e-05,-9.881312153900423e-05,0.00027463567952284995,6.674264177175537e-05
688,0.0007197078020534237,-8.265750624583679e-06,0.00022547975004699738,6.762755282038735e-06,2.4928122184145196e-05,-2.14516217632299e-05,-0.00016361126867733833,-0.00016652525996155298,0.00010268327351353745
689,0.0014199657424234869,-1.0706207646703735e-05,-0.00042525723101266566,-6.285672301524492e-05,-0.00021116270953713823,4.586219736340581e-05,3.605888520885614e-06,0.00022194968211367017,0.00043856510321377273
690,0.0010776506482745411,-1.2345624029160354e-05,-7.27797270914099e-05,5.528920571790108e-06,5.602012404105905e-06,-1.3299310400076772e-05,-0.0004404006626166357,0.00017870450857311593,0.0003489898825882465
691,0.0002852915570358775,-9.040120755757913e-06,6.0472378577314245e-05,3.253193920741901e-05,1.837325257124378e-05,1.8933704398810605e-05,-0.00012354391044808177,-1.006174731410514e-05,1.2334503763145044e-05
692,0.0006848745178731578,-8.612889615667446e-06,0.000151629177549073,3.7080003650005744e-05,-3.070877892848156e-05,1.6002938472639214e-05,0.00013772513926485486,-0.0001425617715936217,-0.00016055381879881425
693,0.001314981535005145,5.978127515813246e-06,-0.0002414984948491683,2.1029468692743136e-06,5.794261868707212e-05,-1.4803562534174489e-05,0.0003616567419401362,0.0002298103324903239,-0.00040118871011918245
694,0.0004070134060557163,6.237359662689471e-06,-0.0001510020453170391,3.539124019523443e-05,-3.756231393722831e-05,8.240751108022637e-06,-1.49423437736107e-05,5.4562029651400445e-05,9.907532241049122e-05
695,0.0011079766699302373,6.152287615506045e-05,-0.0002928468272814788,-2.0877645066752493e-05,-8.418536951756289e-05,7.0960141020891265e-06,-0.00015607849309937083,0.0002543061434435445,0.00023106330126437813
696,0.0008276552004838761,-2.135270807037716e-05,0.000366885388209115,3.799180467055352e-05,-2.5535369095858185e-05,8.950407362212295e-06,-0.00016806190895296558,-1.54931472682307e-05,-0.00018338446685456367
697,0.000612230115140151,1.3312219438673528e-05,-0.00018960802577061564,4.7767897961514816e-05,1.2180603749308017e-05,2.623202916658164e-05,-2.604801388164657e-05,0.00020662230725398967,-9.045901791782107e-05
698,0.0012588673981522068,3.0044470411457087e-05,-0.00014972508446625676,-5.1000007059917585e-06,7.204074009449501e-05,-2.294740407225021e-05,-0.00030284289405765885,0.0005273484885700841,-0.00014881831577401305
699,0.002215835079574088,-3.685709890918938e-05,0.0006214846528507234,8.081849061252963e-05,3.0100986348882697e-05,1.9999489338694276e-05,0.0003555139206362634,-0.000277355780601965,-0.0007937046602758402
700,0.0008186226848053589,3.9191627105184673e-07,-3.985000378597947e-05,1.1910066065386193e-05,-0.00014449182374411118,3.500408327384262e-05,-0.00022496951487258054,0.00022840232415931305,0.00013360295263309396
701,0.0018614636845142524,2.464788011884416e-05,0.00016042149232575742,-9.12993611575097e-06,-0.00018608062974243,-1.18783736817972e-06,-0.00048166918080827514,-0.00025266425822245697,0.000745662469812558
702,0.0007453417453144396,-1.2474625653288891e-05,0.00015138055931590566,1.2902579279418236e-05,5.452525661220342e-05,1.1407027522464946e-05,5.088174595832551e-05,9.157370396893627e-05,-0.00036019624700389663
703,0.0005609215993754024,5.7852181292448665e-05,1.7365777739142274e-05,-5.0067668732035886e-05,-2.5667999961967447e-05,-4.82130384845212e-05,-0.00015651209250922005,6.56490538482879e-05,0.000139593786807779
704,0.0008020830596374654,1.67708308508787e-05,-6.62664503880972e-07,-4.50933375456021e-05,-0.00021690289360540294,6.126998793876126e-07,-0.00013838263416385277,8.26976035145921e-05,0.0003009603955738682
705,0.0006229080990525519,1.059956936852978e-06,-0.00015142359276992812,-4.055246168584159e-05,-0.0001194779950705327,6.387361317049256e-07,5.318194231193618e-05,2.929758028280549e-05,0.00022727583386294992
706,0.0006739165207489649,2.1440978254554793e-05,-0.00017184359688143802,2.4194769271932565e-05,-7.090673881707255e-05,2.190435333218263e-05,7.395014832498048e-05,-9.420792467594585e-05,0.000195468011190858
707,0.0004589688794209455,-1.2228417160075992e-05,-7.98799311571563e-05,1.1605662411220963e-05,-6.078960175640025e-06,8.519492252168082e-06,-8.883754115707188e-05,-4.2459590060495156e-05,0.0002093592850471171
708,0.001082900587058639,-3.643075715299704e-07,-0.0001455014928142817,3.9886404824378274e-05,3.82701666002197e-05,-1.8795724376768908e-05,-0.00037678876876673373,0.0002620314230088877,0.00020126229909583904
709,0.000819951193801691,1.2884025569325636e-06,-0.00022183820558474565,2.3400459685147396e-05,7.728045973501296e-06,3.7791364845267406e-05,-0.00018813739131604001,0.00016831595043192982,0.00017145137340812688
710,0.0007464907191479181,-4.3254249567577056e-05,8.567756974692253e-05,-2.6976396770558853e-05,0.00017767999340341512,-8.738473410053668e-06,0.00010988779642362445,-0.000143920709262349,-0.00015035553056341744
711,0.0012646367231515495,-2.3430001715917838e-05,0.00021519768268446482,-2.0193877069488164e-05,8.606421941156212e-05,-2.5115554117129818e-05,-0.00036165336624136013,-0.0002019255624318983,0.0003310564594797283
712,0.0006355333106000099,2.07240414573321e-05,-1.6077190984564727e-05,3.530193368199083e-05,4.420073457742785e-05,2.0299213805544114e-05,-0.0003016894643154133,0.000133575959072596,6.366477270514093e-05
713,0.0008102499460375017,-2.4200815984928327e-05,-0.0002697100237635808,-5.402350587272245e-05,3.4983282402208105e-05,-5.7190627397521454e-05,4.541959483239655e-07,0.0003053902781669643,6.429721650125231e-05
714,0.0005168419220532476,-9.722039821981852e-06,-0.00014079428787255877,2.8208005019986215e-06,-7.191713484462625e-05,-2.3730437147753344e-05,-1.1115778415005106e-05,-1.1412829247076095e-06,0.0002556001605246161
715,0.0006178810631104923,-4.831113720726952e-05,0.00011343715788286746,-2.6672254104471993e-05,3.990299794531804e-06,5.870988381064847e-05,-0.0001746135432655893,0.00013280319006721275,-5.9343596977901036e-05
716,0.0009399558843157648,-9.403005900001683e-06,-0.0001824854456939362,-3.981655050570507e-05,6.70456379314871e-05,1.8599441252657029e-06,0.00019254999414991536,0.00020852236595127194,-0.00023827294005818178
717,0.0006202149706683894,3.8350076163192436e-05,-6.425023753897641e-05,-2.07324337972159e-05,4.323047999132967e-05,3.6457498799394306e-07,-4.760424607555547e-05,0.0002281623541916522,-0.0001775205679224734
718,0.001632859001461962,6.060436248256796e-05,0.0003263738467074728,2.2645859276956837e-05,0.00010033007870932642,5.1266909239013406e-05,0.0002552084443155911,-0.0003785153013063508,-0.0004379141994246827
719,0.0010788892628740537,1.2009718020150606e-05,0.00035010839498472723,0.00010220830018915078,2.3676335089720113e-05,3.0424086733890285e-05,-0.0001994097870757494,2.1017796419317558e-05,-0.0003400348443613477
720,0.001179775680187351,-5.357282421214124e-07,-0.0002694367594950342,3.0450897207694866e-05,-6.273466808626171e-05,1.466474559439282e-05,-0.0002571806842702473,0.00039675512446596395,0.0001480170728256347
721,0.0011127396078637365,-8.322101612756594e-05,0.00016867622816263417,-2.985021939568705e-06,7.290826064704214e-05,-6.96020197402808e-06,0.0003147853151221902,-0.00020984748878891124,-0.00025335607510179603
722,0.0010487200573412615,2.4637561334910074e-05,1.234959682072656e-06,1.8785865625939313e-05,-5.045375599415508e-05,1.6718406349192777e-06,-0.0003872670884058904,-8.663918427065376e-05,0.0004780298013927209
723,0.0018370113020583318,6.403933313696604e-06,0.0005471136530508236,1.941001240301013e-05,0.0002294588367653741,5.197148689276877e-05,6.414772860349749e-05,-0.00030574245891193397,-0.0006127631921172272
724,0.0006447714001133788,-5.730503045971343e-05,-0.0001725454539139304,1.9636672767844865e-05,3.592394546240302e-05,-6.159655118983566e-05,0.00013528920311078885,0.00013153587871564398,-3.093866449321858e-05
725,0.0004423115123349478,-6.433542997501783e-05,0.00016886671348054216,-4.410202146093445e-05,-2.3897374193469767e-05,1.1061381467388637e-05,-8.838466039171045e-05,-4.3627014638392136e-07,4.122766121950061e-05
726,0.0013944898354710652,-1.666159770660671e-05,-0.0002368857749855957,-8.462967832814638e-06,-8.588888994864874e-05,4.53434090754018e-05,-0.0001852674781044339,-0.00016407820915743943,0.0006519015086601243
727,0.0008192854419511696,-1.623442520641734e-05,0.00024303411077314374,5.684490617228685e-05,0.00010907786499486649,6.858390352564719e-07,-0.00022968646489474054,-1.4806066429645659e-05,-0.00014891576444481247
728,0.0013858307065396187,2.746897390112392e-06,0.0001187619597989853,6.946732764578564e-05,6.905115487049196e-05,-5.619556646024523e-06,0.000432888013564392,-0.0005178288403618059,-0.00016946695626202102
729,0.0014820426360341666,2.115561771863072e-05,-0.000506174533605408,1.3556586335949916e-05,4.237192899469305e-05,-1.3911225804607782e-05,-0.0002209355586070827,0.0003111605630156389,0.00035277662195215553
730,0.0012488852420775394,-3.7039181526440576e-06,0.0002207407097954972,4.366976638998238e-05,0.00014755401722568728,2.978265379780312e-05,0.0001826954738298192,-0.0003839179252349695,-0.00023682077765113663
731,0.0008626739002071445,-3.4546290233090915e-05,9.517448028406594e-05,-7.2851934952121444e-06,2.9272833186752556e-05,-4.2300954751621836e-05,-0.0003222565548229306,-2.4947956800691617e-05,0.0003068896366327789
732,0.0014517815060952144,2.1013357786416227e-05,-0.00019583204343354144,-5.391975314385233e-06,-5.018162277044963e-05,6.4100667252244e-06,0.00018328567593758893,-0.00047448511152921313,0.0005151816525983954
733,0.0004970275321575027,-6.88773415990964e-05,-0.00011898028008389128,-4.0438807462721965e-05,7.3629807370301226e-06,1.9003525770116755e-05,6.503714844696695e-05,0.00015711011112465312,-2.0217336933026075e-05
734,0.0009712175912947752,-7.979967307442451e-06,0.0001461371305899739,-2.4259723570486946e-05,-4.757367900625614e-05,3.233980181483603e-05,0.0003071318632425768,-0.00037359125003007254,-3.220417573313039e-05
735,0.0010454676724285716,5.791817247244053e-05,-0.00022681970526700068,3.246992141892405e-05,-0.00010492956684499816,1.9619879223232647e-05,0.00019830222311484347,-0.00019098456410232556,0.0002144236399848065
736,0.000565258658012607,-1.6896261982793717e-05,-0.00020417606776251818,5.9832538786296074e-05,-4.640751800395748e-05,-7.283053357377833e-07,1.9931520591293106e-05,-1.4421175921250362e-05,0.00020286526962876028
737,0.000684517764760157,2.0053319655736687e-05,0.00012660176676293489,2.8314073281847374e-05,0.00013903615601226077,-1.3027187786623581e-05,-0.00026366222227558467,2.8253566667330032e-05,-6.556947231783905e-05
738,0.00136460346745636,-1.3850630050281192e-05,7.308330017846698e-05,1.3161907721281202e-05,-4.451488781914703e-05,6.745079950376195e-05,0.0005286057263246546,-0.0002867107630051269,-0.00033722545285364003
739,0.0014453146829772603,5.047993700930172e-05,-0.000476034106001888,-8.12964075626657e-06,-0.0001083467290677459,-1.083205211524843e-05,0.00043056978526606615,0.00024160761921331042,-0.00011931481354743312
740,0.0013254180868146797,-3.3377985193626565e-05,7.547111609407242e-05,-2.8949001264773344e-05,2.2833640304191494e-05,-3.180521878609621e-05,0.0002200559820590975,0.0003443483049500179,-0.0005685768381628042
741,0.0017147661464983338,2.096039909301947e-05,-0.0004014221739112589,-2.022500936195437e-05,-4.2512088018357985e-05,-1.1276054347846703e-05,-0.0003819477476097177,0.0005773705217424485,0.00025905215241373014
742,0.0007013920571548992,-8.754184283499625e-06,-3.9137769109021114e-05,1.782518295546931e-05,0.00024586419800668585,-5.8871318502625586e-05,-0.00012784784944880334,-0.00011608490723344356,8.700664761535082e-05
743,0.0009022597601152857,-3.742635978194568e-05,0.0002903038156879534,2.2536137510853482e-06,2.6783895215390374e-05,2.1724579196778088e-06,0.00012961609748352032,-0.0002895678466165036,-0.0001241356736592092
744,0.00042981184809335465,-1.5929458968551996e-05,3.072736433595846e-05,-1.7274438928953362e-05,-7.572769033042936e-05,4.388663010646346e-05,0.0001319639048671939,8.328024737089268e-06,-0.00010597433581871485
745,0.0008613541407114893,1.1542345874965623e-05,0.0002305346408272846,1.1580741577005282e-05,8.45657136928496e-05,-2.461266593109697e-05,9.245362838361526e-05,-0.00021014409427008718,-0.00019592031015458478
746,0.0014365253726886093,-1.4981940725093158e-05,0.0004201855835706536,-4.2708314121189805e-05,-6.357380198455248e-05,8.478537901332114e-06,0.0002895985648722621,-0.00018105502585970268,-0.0004159436036538233
747,0.0007759323770407441,2.870485274865213e-05,-6.862358460468787e-05,4.3496100767710655e-05,-0.00011409902304328895,5.536223519597011e-05,0.0002604029998080071,-0.00012127187364358027,-8.397170722884706e-05
748,0.0014562420365612696,3.729534759254298e-05,-0.00010832448220488011,-1.3682388872615636e-05,-0.0001521708465090782,2.0207861996128507e-05,0.00012313060188950953,-0.00045394330069409294,0.0005474872068024217
749,0.0005710605599486222,2.200433784699772e-05,7.951508791237405e-06,9.699902340690875e-05,0.00011825745630404672,-4.547314070970851e-05,4.031795362513524e-05,-0.00014885108210024867,-9.120605716433916e-05
750,0.0010424967807026808,8.54474997313056e-06,0.00038547440495112495,5.9368247155910936e-05,3.568607101177984e-05,3.217491725939804e-05,-9.548873932793689e-05,-0.00012502353413459955,-0.0003007361168888001
751,0.0008370605097292177,3.969209838776584e-05,0.00024175987301894297,9.634624442086265e-06,-6.55036330707015e-05,2.444013871774793e-05,8.542426495866673e-05,1.757925533943383e-05,-0.0003530266217938727
752,0.001020826772419067,-2.175622416148229e-06,0.00018993923649174294,-4.46817630440563e-06,6.517411339869439e-06,-2.997723497673993e-05,0.0003139567383779185,-0.00028987757499934763,-0.00018391477751289464
753,0.0003254445995656994,2.1971283328898507e-05,-4.6563887963757544e-06,-6.255226117742735e-06,6.247951834108256e-05,1.7305521195254067e-05,6.096597691759853e-05,-2.1529891822191782e-05,-0.0001302807930465555
754,0.000854206354256014,-5.877518272108008e-06,2.671747642296607e-05,1.0058716123521882e-05,3.337081924990881e-05,3.4150243626400456e-06,0.00035354114096894373,-0.0003035915395492722,-0.00011763411930665324
755,0.0010570058213914962,6.280016187335327e-05,-0.00026399513670760655,3.138842325167701e-06,-9.528976302047854e-05,1.2306943824629685e-05,-2.0546148731648284e-05,0.0004502569626726183,-0.00014867186223599393
756,0.0006985442339313115,-5.5438371407257915e-05,0.00022849564262189537,6.017428905082112e-06,5.24533280965786e-05,1.1883016673219088e-05,5.042270066893395e-05,-0.00013051185019490041,-0.0001633218953634441
757,0.0005859210175284844,3.569615160605149e-05,-1.6595710618516613e-06,-7.248952462536595e-05,-0.00012056518100008601,2.544549224928888e-05,-9.824623207693728e-05,3.366558153981847e-05,0.00019815328336908467
758,0.0006408530637979411,-2.1892362080579847e-06,0.00010032314584357271,-1.1374370801973954e-05,-7.437415192765306e-05,-1.367731705295e-05,-0.00021881145590835205,0.0001193221378905096,0.00010078124816487177
759,0.0008787151101036254,7.832441069712155e-06,-0.0003709119287599316,-3.812867166825412e-05,4.428936896822694e-05,1.746315366687838e-05,-3.0316954623632597e-05,0.00019546648286131174,0.00017430610848567785
760,0.0006144296545947262,-3.145679127175994e-05,-8.28616077210298e-05,3.543344178174451e-05,3.304811595918056e-05,1.6303140047031761e-06,-0.00019289642830455644,0.0001919942783569356,4.510867719481615e-05
761,0.0007303431385465992,1.3984588988635513e-05,4.847233770871595e-05,4.909149242756858e-05,0.00013624408067446775,3.226862026821896e-05,5.836544815340794e-06,-0.0003651715692733204,7.927390439033122e-05
762,0.0010151835050885363,4.777543204916024e-06,-0.00037500728305361886,-3.357104283312207e-05,-9.901342665753765e-05,1.3826356344184831e-05,0.00018423545063339652,0.0002560804135417344,4.867198882002599e-05
763,0.0007224507781732796,3.0115459943754787e-05,3.118982987787566e-05,6.562648008003047e-06,5.739588631695908e-05,-1.2413496791787576e-05,0.00023596156494004594,-3.895102370898851e-05,-0.00030986086858586503
764,0.0007737190586478513,-6.8174569080401565e-06,6.011989532700435e-05,1.9680443774469647e-05,3.827132122664889e-06,-4.159184008311473e-05,0.00013026244480907057,-0.00033845023233276816,0.0001729696132907188
765,0.0006796316823479585,-8.283221133872053e-06,0.0002469758285489343,5.2467325464950615e-05,4.037268716013814e-05,-1.2225331249247906e-05,-1.8778691155740823e-05,-0.00010736954881829242,-0.00019315904881678225
766,0.0004215941969384681,-6.375574290336944e-06,1.4530461958428553e-05,4.678508935599193e-05,2.7983694126418324e-05,3.732668439740926e-05,8.41711686309643e-05,-4.7433702355978435e-05,-0.00015698782182294035
767,0.000754017145851704,7.332774872480068e-06,4.245769249189291e-05,7.613454168657607e-06,-6.281203098618127e-07,-1.441693628589924e-05,-0.00030285044456865307,0.0003196046513928297,-5.911307176142966e-05
768,0.0012928671341105495,-1.4143940188165484e-05,-0.00013737765091337284,3.589648211348856e-05,-8.080516322110654e-06,3.177341226477323e-05,0.0005787636726770351,-0.000414427051262517,-7.240440836908668e-05
769,0.0010193745532201476,8.659674257922335e-06,0.00013610481635434324,4.418169191350296e-05,-3.954647163943725e-05,8.778671546872535e-05,-0.0002141683862588728,-0.0002559724187118084,0.00023295437861553525
770,0.0008966166103718132,-4.030849608526767e-05,-4.911331041784761e-05,-1.7959697531131497e-05,-5.860130819197035e-05,-2.037962018488701e-05,-0.0002619458727748658,0.0003495839791555905,9.872432603025283e-05
771,0.0003632546536789655,-4.3291211362754545e-07,3.138556416543148e-05,-1.5438027611322513e-05,-5.574287752115048e-06,3.1334334137165035e-05,-0.0001601820993624159,3.0204762355393044e-05,8.870266618149492e-05
772,0.0010237756001907749,-1.0280591649739282e-05,-3.51243746355423e-05,2.2164695935706497e-05,-4.004520771053871e-05,-1.950829522080061e-05,-0.0002828296258550467,-0.00012409970502372247,0.0004897231041596783
773,0.0003244907932059785,1.1697300131979782e-05,-1.4906187335017584e-06,-2.2667206881751834e-05,3.942664624751596e-05,2.1135111887936667e-05,-3.530949973498676e-05,8.998633833555425e-05,-0.00010277807125275151
774,0.0005589209037012892,3.9843333868176505e-05,2.8479358491262374e-05,-1.3577836091370477e-05,-7.796431989204322e-05,2.4587166079019854e-05,7.443642396043337e-05,-0.000187918295867201,0.00011211416945178243
775,0.0010650394003423429,-7.127874978205516e-05,-4.52368270031922e-06,-1.6496191873327515e-06,6.977766839469379e-05,-4.423900368818144e-05,-6.434636677912775e-05,-0.00034648227803420195,0.0004627420317764308
776,0.0007292764282031449,-5.35785729956122e-05,-0.0003056222614188364,-5.437379687122518e-06,6.78670597983877e-06,4.6372804344111535e-05,0.0002778305924081015,5.810186139709739e-06,2.783792522981221e-05
777,0.0008990242632307662,-2.397861117383552e-05,-8.681492880724395e-05,-1.8265332097432835e-05,-2.4080327076604624e-05,-2.0692045351475286e-05,0.00021365616827745404,0.00023585596333788872,-0.0002756808871088312
778,0.0014376542814910943,-2.8274394775059872e-05,-0.00015052223744471682,-2.2150272718478303e-06,-5.4868145320075e-05,1.491878034000707e-06,0.0007173352627115326,-0.00018819989763065037,-0.00029474743830321115
779,0.0011998135552816645,4.430721200688031e-05,0.0002814282570317017,6.621261673250833e-07,2.34479945279073e-05,2.381874539821721e-05,-0.00028729197854701627,-0.0003126147990937661,0.0002262424425088505
780,0.001297896551595434,-2.4971980449097278e-05,0.00028271449439115637,-1.4544075634184694e-05,0.00011331168372054334,-1.874760242956755e-05,0.00025292209768604246,-0.00021799415446593917,-0.00037269046281890317
781,0.0007095861079421872,3.5672902027235505e-05,0.00031444278125536407,-4.5567714503497864e-05,-2.3364775170377217e-05,4.677370688507473e-06,-7.111856597905031e-05,-0.00011238642027137924,-0.00010235557804677553
782,0.0011480302607309364,-9.531025717378003e-06,0.00030432566224852797,-4.078745630145542e-06,-6.98065233527348e-05,-3.82490886617487e-05,0.00026968946811697925,-0.00033438874154401166,-0.00011796100545941046
783,0.0010921208941083189,2.0702776357645752e-05,8.476938556428726e-05,2.2887123068030674e-05,9.011422926578916e-06,7.22409481547677e-06,0.00040146564432214094,-6.19710246912708e-05,-0.00048408942236288777
784,0.0009800456767430146,9.247521715952112e-06,-0.00017745930670376442,-1.999284398136736e-05,-7.915387683180009e-05,-6.1387499516799005e-06,-0.00020727806090281575,3.614108771388125e-05,0.00044463422894175375
785,0.0007962741940650492,1.5113871328403285e-05,0.00024755990889480106,6.547514037597013e-05,-1.1043299106922033e-05,5.243636684741648e-05,-1.6138643761320903e-05,-0.00037095515416425695,1.7551809585958367e-05
786,0.0006935626681331417,-2.3348494726721687e-05,0.000141118308390642,3.1400462627482334e-05,-3.0255564181548567e-05,7.225411603896392e-06,0.0001670371514445601,-1.3203623185159552e-05,-0.00027997365197313107
787,0.00361831903793904,1.2091717275172949e-05,0.0006980739746196285,8.625485045300751e-05,0.00014210141243374552,1.8627388954826907e-05,0.0008520101752331477,-0.0009933533009954532,-0.0008158062179740577
788,0.0007642520351719296,2.01319552632466e-06,-0.00038212601758597087,2.6140457807622558e-05,7.974993802886687e-05,4.954775410875856e-05,5.22131422971972e-05,7.407206283631396e-05,9.838946698087492e-05
789,0.001277020455385659,-2.8321128981660844e-05,9.137864320069022e-05,-6.21876748953254e-05,-0.00010620930265008849,-4.2762646981163097e-05,0.00029958291100903867,-0.00039902947418460344,0.00024754867348308895
790,0.0005655900335865601,2.5609395275365612e-05,-0.00019913487766148874,-3.1980695499887746e-05,-9.425958412412339e-07,-3.08888664141381e-05,-1.9847981376497348e-05,0.0002496723620049046,7.5132595130367186e-06
791,0.0010466339561729064,2.6861475940262447e-05,-0.00011313162298381974,-0.00011262619689142092,-0.00024072510598439206,2.954538398332318e-06,-5.683405222683957e-05,9.510308088017672e-05,0.00039839788286766264
792,0.0010221842995965097,-2.789849309275255e-06,0.00010086174001888715,-2.1304832576448524e-05,-0.00012822549817020912,2.979009123695725e-05,-0.00021795574454397393,-0.0001408162251983064,0.0003804403185424521
793,0.0012586277172919966,-1.8517029910944394e-05,6.380822346674364e-05,-1.6651544745241442e-05,3.3439976437656116e-05,-3.571485232925671e-05,-0.0005584304316605948,0.00016048327194309597,0.00037158238679846356
794,0.0010283587934239264,3.697472296774595e-05,-9.678750964425831e-05,-4.976243826063792e-05,-0.00015996502208386054,5.666028231952891e-06,-0.00020766442672323637,0.00027527184919472203,0.00019626679631751243
795,0.0005158065346996116,7.098166187938931e-06,0.00012755936601532847,6.632370800806198e-06,6.607429135404436e-05,-8.696893087575125e-06,-0.00023367381664346487,-1.553255761876926e-05,5.0539072991684364e-05
796,0.0008140747663033087,4.317865187660787e-05,-0.0002698314252773115,-2.993909233604819e-05,-4.810020692880973e-05,-4.645512000397631e-05,-1.2711538605492123e-05,8.643227157081879e-05,0.0002774264597042442
797,0.001583919854439615,-5.5458625232347215e-05,0.0004951322814982784,2.7224828432748788e-05,0.00015698963867467192,3.803767223125448e-07,0.00011223280189182061,-0.0002942496170970643,-0.00044225168489037125
798,0.0006726577200176801,1.4898437738201757e-05,7.902378697521861e-05,3.638076483971839e-05,-2.1866630235234386e-05,3.743999997193187e-06,9.580927019747776e-05,-0.00031446222977349336,0.00010647260026114269
799,0.0006002085766418303,-4.3461205595065125e-06,-1.719756292672958e-05,-0.00011955946204605938,-4.7275784711087177e-05,-1.5502530366470063e-05,0.0003001042883208904,-5.0884809700488254e-05,-4.533801801059889e-05
800,0.0008295710328945589,-7.199168860918571e-06,-0.0001240473484839799,7.782761951232939e-05,9.601746321464405e-05,5.943656594273143e-05,0.00018150386777757155,-0.0001326988368392512,-0.0001508401622631328
801,0.001876621436075753,1.3703427075617385e-05,-0.0006500859611064946,-2.3339745432358894e-05,-0.00010570112696890038,1.3237344992821781e-05,-0.0001591838845301785,0.000309248811351831,0.0006021211346175503
802,0.00036936695481919017,-1.6075226334677506e-05,8.086169576126956e-05,5.8822483451383134e-05,4.125563257189463e-05,3.7436656250260797e-06,-5.6999138766555824e-05,-5.4613340931639054e-05,-5.6995771376744386e-05
803,0.001321511886254071,-5.012260633255501e-05,-0.0004941388699601368,-3.957703613259589e-05,-6.35860098225291e-05,-1.3331420879192715e-05,3.208229052734102e-05,0.0005108896009126673,0.00011778405168705319
804,0.0006780617122948522,1.0555703851659881e-06,-0.0001603181234176021,-7.349943974527956e-05,-0.00010521329298454618,1.1825510863504307e-05,9.469824512436942e-05,0.0001954249639739558,3.6026565800428845e-05
805,0.000989974812383847,6.850029290689577e-05,-0.0001416143362762412,3.0273947678668978e-05,-7.559601517261733e-05,2.617370854353894e-05,-0.00014919470813948288,-0.00012858234660358125,0.0003700394570628207
806,0.0009198422049282555,6.741873371635468e-05,-0.0003870906927269102,-2.782780285249392e-05,-4.500260688471147e-05,2.1022985299240515e-05,5.436489979263048e-05,3.187886266460549e-05,0.0002852356209913087
807,0.0013532708701897139,-6.240233998491829e-06,-0.0006181295000783904,2.0521768143374336e-05,7.088499584737007e-06,-5.226570101803281e-05,0.0003683263573349971,0.00020802110850505484,7.267770152663555e-05
808,0.0012602096010678977,-3.1576004877031244e-07,0.0001863798384927895,3.363394980508694e-05,0.00017786570253038037,-2.5922791118043742e-05,-0.00015463723420261477,0.00023222530970568034,-0.00044922901516453173
809,0.0014933654786648907,1.864512614588483e-05,-0.0003435720746714499,1.356310630112878e-05,-9.021716157096848e-05,-5.217739865358284e-06,-0.0003076757632246019,0.0003261171931802087,0.0003883573137052898
810,0.000688819212186457,6.718360830789295e-05,-0.0002483039756261962,-4.675544223790157e-05,-1.9349609992620753e-05,3.0405768654952897e-05,0.0001445695913044054,-3.0000578236447084e-05,0.00010225063782604016
811,0.0012664069886466995,-7.903483184959741e-05,-0.00016170065937637368,2.2812973081452748e-05,-0.00010573053381328357,2.1703454333790728e-05,-0.0002867374692841207,0.00020583767079652981,0.0003828493961115509
812,0.001038808955381867,-7.3008769825829226e-06,-0.00020087054860717934,-5.755603783811833e-05,1.1710749262865139e-05,-3.877631007664223e-05,-0.00021490070418650475,0.00038471919278733335,0.00012297453564064087
813,0.000508796030328617,-7.85505874518859e-05,2.065033143777706e-05,7.935172228131643e-06,1.5702951989542135e-05,3.4397679949806775e-05,-5.671202298329625e-05,-0.00011913540472906214,0.00017571187955911505
814,0.0007825809582668259,2.8339942848345893e-05,0.00011305670157479852,3.666459857680493e-05,8.458396734491169e-05,2.086297095104349e-05,-0.0003636098567135482,-2.768062241989555e-05,0.00010778229783747761
815,0.0004890834662682891,-1.2530296931025087e-05,7.164322547531521e-05,-2.6084826129198907e-05,-4.10527901766114e-05,3.656884383829509e-05,-0.00012938687827060424,0.00013632966382054468,-3.5486941626694524e-05
816,0.0007005847292911567,1.1572771883186332e-05,0.00032351377727157793,-2.2718293888127072e-06,1.5205815490783314e-05,-2.3606224165551373e-05,-6.912277984572057e-05,-0.00010669593178368186,-0.00014859559946184264
817,0.0009314261107486958,1.655771443230189e-06,-0.00027181823507149705,-5.074002291598212e-06,3.6411714190165423e-06,-1.991520818036066e-05,6.946509898078657e-05,0.00039095101353130157,-0.00016890560983090497
818,0.001326644816304668,-2.041743242364724e-06,0.00040697841416587055,2.0030869818020436e-05,1.2959498265713298e-05,-4.489285402777682e-06,0.000223353625902728,-0.00031253773954714736,-0.000344253639960046
819,0.0006018186254856056,8.115872914800717e-07,-0.00013629361481987123,-1.2517624573143288e-05,7.113361367152432e-05,-1.394379017079922e-05,0.00018751570144801,4.144841033168478e-05,-0.00013815428317909273
820,0.0008632752199717259,-1.7457091342693194e-05,5.4593011554193716e-05,5.4231687637025516e-05,7.594098717945974e-05,-1.3461010365398846e-05,8.189900130239902e-06,0.00023868202348496792,-0.00040071950827774705
821,0.0021109649531705363,4.060820599702513e-05,-0.0006503303087922463,-9.38324323788986e-05,-6.846748974163874e-05,-5.4917686111417494e-05,-0.00018793455956109262,6.0091174331866615e-05,0.0009547830962563508
822,0.0010799901856609192,3.575809266355336e-05,-0.00027801731721621703,-3.725169212311433e-05,-0.00011573752999543413,-3.542296371331424e-05,0.00031814629356186064,-7.356558978240113e-05,0.00018609070660502436
823,0.0008409653535339755,1.4249724358452592e-06,-6.887428125623707e-05,-1.617514591330249e-07,3.08342875420739e-05,3.496829259413449e-05,-0.00035144664405162285,0.00020432340000547944,0.00014893172418944944
824,0.0006251717012998141,-1.0057358868059349e-05,-0.00013118248057591986,5.7924230583993735e-05,6.733659089856736e-05,1.5604904009711498e-05,-0.00011458688320406529,-5.675912800190419e-05,0.00017172012515759283
825,0.0011430223690632709,5.926051232546265e-05,-0.00029306316873634053,-2.7189074263665042e-05,-2.3385018657812173e-05,-2.1087314916592298e-05,-0.00020678660795725445,0.00037147843330234687,0.00014077223890379686
826,0.0010192472826638169,2.866580922716161e-05,-0.0002482839005552018,-3.50299302056406e-05,-0.00010436373962168649,1.6287756540174503e-05,0.000464670075564555,-9.153131682548832e-05,-3.0414754123908594e-05
827,0.0010071817914069038,-1.228857662666314e-05,9.78017102145623e-05,3.5338107161005106e-05,-6.161415563928768e-05,-9.12756182943654e-06,-0.00019733377062719493,-0.0002232268309808605,0.0003704510783278936
828,0.001234477337345879,4.779428406963531e-05,-3.181057380924335e-05,-5.135007504934036e-05,-4.694090389838895e-05,-2.7744722184910517e-05,-4.032484564558958e-05,-0.0004190675480854472,0.0005694443846033237
829,0.0005752101682757948,2.3047760125830333e-06,0.00018270916894930211,8.9924406209696e-06,5.2462824905730177e-05,1.1571004655866121e-05,2.956486899344246e-05,-0.0001839547302750072,-0.00010365035386289412
830,0.0012275843895401739,-3.6201016747177024e-05,0.00016257823322718412,-1.9477670400901842e-05,-0.00011892264199962754,-2.211331658269998e-05,0.00020857118624489912,0.00024264277529804923,-0.000417077549039635
831,0.001262190391866056,-3.1073361986113344e-05,-0.00018309033368968386,-2.0733290353500133e-05,-7.814498533313674e-05,-3.2173291713850916e-05,-0.00028587993285675295,0.00011810263358674744,0.0005129925623462706
832,0.0009369379636628298,-3.5918964800341416e-06,-0.00021315317237707854,-4.545040063845193e-05,-0.00013195672577318712,-3.8166213320745684e-05,0.00013557894775545476,-3.615057324193871e-05,0.00033289003407593887
833,0.0006725221932045548,4.06914036977981e-05,0.00018074744493590256,1.5482677244507692e-06,0.00011327398024404967,-1.6126378134554906e-05,-3.12939576161686e-05,-0.00016617138345588478,-0.00012266937739574546
834,0.0009339939696445063,-1.9164451884712275e-05,0.0004142644473818513,7.669581216972199e-06,-0.0001378838687335765,-1.8915009138741404e-05,4.5062956223473893e-05,-0.00019584304510712747,-9.519060995805129e-05
835,0.0006843892921095914,4.968194070437571e-05,-4.7363572149350386e-05,3.056995052117331e-05,0.00013362873852158785,1.0524012855801096e-05,-0.00020936819816314012,0.00011779000345181478,-8.546287574234812e-05
836,0.000553323995741233,-2.6170999886080022e-05,0.00021807438177956495,-1.7990052495413245e-05,5.85876160909618e-05,-8.927993189484368e-07,-0.0001589543124945192,-2.933607676933181e-05,-4.3317756906413596e-05
837,0.0014363899713581048,7.732490102871879e-05,-0.00038820353374718897,1.6110643193196356e-05,-1.1562820675124763e-05,5.236124933819149e-05,-0.00031842863125672305,0.00019832172401434978,0.0003740764681046116
838,0.0006929323477317811,-1.6742147962789736e-05,3.355422844242284e-06,-9.35873892433832e-05,2.1968274016861966e-05,-3.027658474114188e-05,-0.00014353219182985932,0.00032114247700480714,-6.232786008869562e-05
839,0.0017457973487258038,1.0355025468205756e-05,-0.00017821005110424393,-2.584873608313734e-05,7.913198279708294e-05,-2.2292836099970653e-05,-0.0003038667169928122,-0.0003426803340827178,0.0007834116660976331
840,0.0010400990248821268,2.8676841379398493e-05,0.00015084104355406192,-2.612181139844197e-05,0.00013119796088856966,-1.6607051997470645e-05,0.00020933366661898822,-0.00042335005933256953,-5.397058971262636e-05
841,0.0009889157764117196,1.8599965075494565e-05,-0.0001573522341730138,1.3313957110568791e-05,-3.158632656907051e-05,3.471508766078775e-05,0.0002850522656677179,0.0001427766126913116,-0.00030551932746375465
842,0.0006964450328643436,-2.4935896443971373e-05,0.0001291740536742969,5.090933688525062e-05,-8.667590232075417e-05,-2.1217329264525825e-05,-0.00015490463022727052,0.00016813912587272661,-6.048875817554755e-05
843,0.00035894206106349986,-6.852667419816362e-06,8.34483331063618e-06,2.879983264404695e-07,8.937058900490569e-05,-2.6268872051017633e-05,8.146760988975155e-05,-0.00010825752581264392,-3.809196524828806e-05
844,0.0011958006314683016,-1.1750490638357675e-05,-0.00048148224517940985,-9.814995027924989e-06,9.283186572638102e-06,2.793111192812836e-06,-9.485258488847736e-05,0.0003919009262771528,0.000193923091691528
845,0.0009188018748750486,3.5149929119094106e-06,-5.5287189811514814e-05,8.073234542384927e-05,-6.747651245216785e-05,-1.1685840885910376e-05,0.00037515359910172963,-0.00014705421998696677,-0.0001778971743010005
846,0.000883374100908758,-4.879602428137057e-05,7.795620085238042e-06,1.756885118463919e-05,1.5136410278837609e-05,6.522302202697366e-05,0.0003359631468786983,-0.00029595357403332245,-9.693745213967819e-05
847,0.0010948695149077745,4.539814401827158e-05,-0.00022587549362512727,-7.112837963152083e-05,4.959391673046987e-06,-6.7288958411661215e-06,0.0001867806183251386,-0.00024370198835604873,0.00031029660343745435
848,0.0005060884058926112,2.938390318653339e-06,-6.8981989631566876e-06,-6.882863633655631e-05,1.2148064369305045e-06,-2.9401461398787312e-05,-7.57685456488355e-05,0.00024889100619072957,-7.214736059896198e-05
849,0.0015701959982117345,-4.3140783359844545e-06,0.00031117202969510593,5.904761803080666e-05,0.00011956146591273614,1.9462330639777314e-05,0.0002758545548274538,-8.371788644208344e-05,-0.0006970660343277868
850,0.0013475638209350356,4.660325917381445e-05,-0.0002676099784083008,-5.466322755415948e-05,0.00010338025363785391,-4.668911824539865e-05,-0.00022102380151098333,-8.379578474865257e-05,0.0005237983976558724
851,0.0005947827840559168,3.933787601716806e-05,-3.342567703845667e-05,5.801986395170128e-06,0.0001344266768888852,-1.5659671549992163e-05,-0.0001875406010297398,-6.0765442409793646e-05,0.00011782485272671117
852,0.001165734220369763,3.771580032365437e-05,-0.00016520103830924837,2.106568452983279e-05,-2.8747285329699945e-06,4.473175754413951e-05,-0.00041479134334260204,0.0001804491305925221,0.00029890473719479393
853,0.0006647606986988543,-1.7851985092081843e-05,-8.239527801484625e-05,6.313051381989787e-06,0.0001722708154502095,-6.374250220153588e-06,-0.0001272438208286819,-9.851501519365924e-05,0.00015379648251723221
854,0.0012059053833283727,-9.812003039736186e-05,0.00021641839482594571,3.541977240135996e-05,5.1605343303326445e-05,7.308698441906014e-06,0.0002922004826916291,-8.630502580421473e-05,-0.00041852763546262883
855,0.0004342501286898467,2.9414127011196008e-05,7.359527759104312e-05,-1.0564681072387089e-05,6.405845561109624e-05,-2.384212919503796e-05,5.0057204131565e-05,-0.00013593092530291007,-4.6787328774611225e-05
856,0.0012511211772968777,-3.639475389446631e-05,0.00012891303982182079,2.2041604094396455e-05,0.00012234378696253378,1.8812132953438185e-05,0.00033345002481621755,-8.374065380668816e-05,-0.0005054251809473165
857,0.0010702202599642803,-4.347066566694462e-05,0.0003475673102942278,1.41000464536703e-05,1.9820259907869786e-05,2.735847575081364e-05,-0.00015171535314445483,0.0001262640375755686,-0.00033992411117073074
858,0.0009735698616066372,-3.387118843997672e-06,-0.00015674712206897867,-1.7354234717176925e-05,-6.107507240621368e-05,2.1666171849323013e-05,0.0003820642487573356,8.305451019663401e-05,-0.0002482213827669777
859,0.0005499674498993636,-4.2629250124387105e-06,9.692116396542438e-05,2.980789722102986e-05,0.00012751804941411177,-9.986297439066455e-07,2.0736614349037286e-05,-0.00016800072326830784,-0.0001017214469251071
860,0.0012330169614471727,3.433922500369665e-05,0.0004224505764988118,1.59806463487025e-05,0.00010716155921255965,3.657647365984222e-05,-0.00011679419358331944,-0.00040645029283697953,-9.326399430326093e-05
861,0.0016412115360682784,-1.1961276128692397e-05,-0.00025680487870666235,-5.840304053891798e-05,-4.870450041068869e-05,-6.803434341963108e-05,-0.00037669772882956143,0.0003972144687681839,0.00042339129926594055
862,0.0009639484798930212,1.2214926477817183e-05,0.00016817419898151886,-3.609759824860573e-05,-0.0001578628537082863,9.545110179679309e-06,-0.000115957195578692,-0.00017205659241092963,0.0002920400043074922
863,0.0008727752085635025,2.6906148710542296e-05,0.00027276908371459685,2.0929466286769005e-05,1.2427482522336941e-05,-4.002533434853059e-06,2.356077711751503e-05,7.979464592991481e-05,-0.00043238507084697453
864,0.0011839995657941908,5.4328882550785246e-06,-0.00021146066145560916,6.61545000514574e-05,7.903294928425508e-06,-2.9831138227026308e-05,-0.00015645714385806309,0.0005125090996621062,-0.00019425083935642462
865,0.000765437723121206,-3.8245466215459586e-05,-0.00013106808021479122,-0.00010002006352724524,-0.00010604098993201305,-7.3442616710921865e-06,0.00011082941345985642,9.017539806049912e-05,0.0001817140500402492
866,0.0006140994566585806,-1.12996720843285e-05,-0.00010857969204819407,-1.2483756938887203e-05,-6.285454936611617e-05,4.0664194762186565e-05,0.00010511560900419714,-0.00011183205789172534,0.00016126992456294564
867,0.0008340394041230857,-1.670597528018007e-05,-0.0001269258270962248,-6.693584118986837e-05,-0.00012550606218660748,1.9896717675625675e-05,-8.094599630864563e-05,0.00025897507194250213,0.0001381479124434315
868,0.000539125194552661,-3.003582024420793e-05,3.7993496026400564e-05,-4.02989659835859e-05,2.165522774280615e-06,-1.3923820148944305e-05,-0.00012668589341005565,-5.8618097489568366e-05,0.00022940357847561765
869,0.0009086254796643956,-1.0448269489837271e-05,0.00015058050825311753,5.054696074757725e-05,8.78400398508783e-06,2.2485604602162645e-06,0.00024215270638625053,-0.00021032174983151575,-0.00023354272051079317
870,0.0009158057682422376,1.807971725049408e-05,6.494695148961949e-05,2.7572964039334485e-05,3.90488970276881e-06,-7.219165659579085e-06,0.0003433983616389358,-0.00039201599184239544,-5.866772661911046e-05
871,0.0009408304802335163,4.6635116032867074e-05,-0.00021901688543857212,2.8577807361176294e-05,-8.000561376363124e-05,2.649066389251095e-05,-5.563245723050336e-05,-0.0001157602836841104,0.00036871165283014484
872,0.0005100362653846779,-3.232041515021343e-05,-2.3244205140160457e-05,2.5649169090192353e-05,5.731070721872594e-05,3.313619211018845e-06,-0.00018328685634910746,-1.616665605283507e-05,0.00016874463717242438
873,0.0004341866622801201,-2.0226834274906895e-05,-0.00010999502767339298,-2.8140336020564954e-05,3.929698512289415e-06,-4.031832996992911e-05,0.00015267145220690392,-1.8412803201320327e-05,6.04921804208125e-05
874,0.0004938893358399218,6.314459780581549e-05,9.79467101227538e-05,9.666125161063993e-06,-0.00010647211675132717,-6.580998807105554e-06,5.130511147249939e-05,2.4882123357813923e-05,-0.0001338915523615425
875,0.0004718233483045099,-6.664202200416108e-06,6.290742863035437e-05,1.3945850082935918e-05,-3.057382270410525e-05,-2.173378269101911e-05,0.00015905839543894906,-2.7304935035249445e-05,-0.00014963493152148066
876,0.0012668244322998562,5.9018832688655966e-05,-0.0003217177979435992,-1.1569955640410023e-05,1.9305870140214065e-05,-3.5034038722847605e-06,-0.00029662105869365796,0.0005071252014228478,4.796231189818645e-05
877,0.001620190813618438,2.8340239431249963e-05,-0.0001922406314113223,1.5211404228936132e-05,0.00018266287904236678,-6.671208121122006e-05,-0.0005511426941866571,0.0002873125505053198,0.0002965683336013658
878,0.0009207072525732113,3.625845233993976e-05,8.039139348764435e-05,0.000128142095799106,7.923164593308385e-05,7.567461960471603e-05,6.065541912211869e-05,-0.00020788927488274433,-0.00025246435140385826
879,0.0009811542905661507,-1.9726660078177305e-06,0.00022675889799250726,-4.683097443566528e-05,-8.331973054843955e-05,4.569029068938156e-05,0.0002181279566011718,-0.00031092454526721047,-4.7529229023957065e-05
880,0.0013355606587090868,-2.7416929607494006e-05,0.00036663594237668073,8.20260643395361e-05,0.00021911832263827452,-2.909493466898838e-05,-4.88174385235296e-06,-0.0002867505083410382,-0.0003196362128847219
881,0.0004057829997271348,-3.1080714339836585e-05,2.6426333640694466e-05,-1.2571960765726808e-06,-2.0735231678420396e-05,1.5240031508587104e-05,9.357612836088935e-05,-0.00014981835776871344,6.764900635342075e-05
882,0.0008221926071835806,3.085905758240699e-05,-4.818760878050332e-05,-1.9234680941088156e-05,3.0540711832505174e-05,4.576443200078259e-06,-6.433180792192461e-05,0.00034512009097679985,-0.0002793422059482742
883,0.0012618481210987867,1.3863872470485858e-05,0.00040290759434513657,-5.095955647602818e-05,5.987008471109584e-05,-2.6906911541385928e-05,0.00015428250902266294,-0.00025905175095763955,-0.00029400584157435183
884,0.0008326168450446493,-4.606220915338421e-05,-0.00026866180076423607,3.234481291122457e-05,-3.5101713833987636e-06,1.2906988806748315e-05,2.7572505108569567e-05,-9.807424122129649e-05,0.0003434841156957913
885,0.000562263338838017,1.3087775271435759e-06,0.00013825426279628905,5.954763265414095e-05,2.6073475488247455e-06,-2.243634927375296e-06,7.941364889263447e-05,-0.0002326012621183815,-4.6286772373227425e-05
886,0.000959453760025656,3.427845240333398e-05,-5.693238400228395e-05,-8.461729176716462e-05,-1.2642998857725907e-05,-2.7272319595652086e-05,0.0002782944442091817,-0.00029826188578997714,0.0001671539834003366
887,0.0014397154899770575,-1.286627975672066e-05,-0.00021127607214399546,-6.502600814187187e-05,-0.00025529513868273457,-3.334665893381557e-05,0.00023049690934726086,-0.00014204758732938583,0.0004893608356412726
888,0.0009201437275581491,-4.282779791679042e-05,0.00044791356929357873,-1.5206749099314076e-05,-3.246516997575111e-05,1.2158294485467222e-05,-7.516328534715178e-05,-0.00026067157694058263,-3.373728449951319e-05
889,0.0011023851673916136,-1.8661389112642826e-05,-0.00031414951567182436,-3.626672762772551e-05,-6.167254705123637e-05,-2.2324822883720147e-05,-9.811758134861681e-05,0.0003540879344803294,0.00019710464921551818
890,0.000654504913144934,1.9664796503743136e-05,0.00014145639498869267,-1.903458374506728e-05,3.309515556944309e-05,2.5895441005532177e-05,0.00010714066850503468,-0.00017058576602985154,-0.00013763210679756943
891,0.0004912365520981371,3.73582563215312e-05,6.276200309285329e-05,2.9722953432311655e-05,-3.317198906599428e-05,-1.3716849091439942e-05,-0.0001410461309891975,-5.768330690249235e-05,0.0001157750632023169
892,0.0013139649154788177,1.4072893397355617e-05,0.00012413001220240583,-2.5740454505499e-05,0.00010945255459249292,-7.28680562565899e-05,-0.0005512416189063507,-7.132328070980076e-06,0.00040932699754714363
893,0.0006835595525006462,-4.05618350976019e-05,-8.656337303414308e-05,-2.6460176607984165e-06,9.712624979264783e-06,-6.08827713553025e-05,-9.00888946225864e-06,0.00033206715127105657,-0.0001421168896402203
894,0.0006384974768814042,-2.9236049757592336e-05,8.676854408956602e-05,1.8323155914184985e-05,-0.0001661850853333091,6.964611484434197e-06,0.00020719242695255158,-4.8225208521865404e-05,-7.560239482790054e-05
895,0.0013802875841522535,-8.095213217054233e-05,0.00022956448811917163,7.91583156675435e-05,7.480002363838972e-05,7.054054461833742e-06,0.00029956691018917514,-0.00028440255730512176,-0.00032478910260047567
896,0.0007887520174170073,5.662132950189948e-05,-0.0002735823046039476,-3.4107265151159943e-05,-7.656259806477356e-05,-1.0123840888581759e-05,0.0001401155039768287,6.302215488492025e-05,0.00013461702034489598
897,0.0025527460594153804,4.296086569374573e-05,0.0008640641192452225,8.838650874217271e-05,0.000261990106106072,1.8971429920503283e-05,-0.00020381660440499383,-0.0005927525918145021,-0.00047980383348816824
898,0.0005983526334818173,2.7416107173479018e-05,1.555304356515297e-05,-9.77493906613447e-06,-9.72863348776068e-05,6.016864519793608e-06,-6.73926192401586e-05,-0.0001247224235570027,0.0002501903014824891
899,0.0008728541841848594,3.102829105979671e-06,0.00020566439715441476,2.7730308917565255e-05,0.00010809302295470419,-1.9721899807740792e-05,2.3895244385119252e-05,-0.0004167051922846776,6.794128957465784e-05
900,0.0003821268418312974,-2.268541738605079e-06,-9.237738476636226e-05,-7.864239742617907e-06,-7.217338566520987e-05,-1.4462062318277083e-05,9.479162396727747e-05,9.627179694837729e-05,-1.9178066845704222e-06
901,0.0006699478088509408,-3.356419519119462e-06,5.210333410288204e-05,-5.027069997533273e-06,0.000270234219259112,-2.9395550161136902e-05,1.2636351063410878e-05,-0.0002582726518969014,-3.892221285084485e-05
902,0.0006606024949610944,2.429058596277109e-06,7.07976829471546e-05,-3.148070326893654e-05,-3.6177223100009037e-06,-3.356658420216457e-05,-0.00015823709661136331,-0.00010339914108810355,0.0002570745059370938
903,0.0009948767773782143,-3.2708473855976375e-05,-0.00010421708099722649,-1.542485493707252e-05,-6.289780359161612e-05,1.7032687684711417e-05,8.246089977861915e-05,-0.0002821901753072009,0.00039794480122579134
904,0.0008515779521523527,-4.432436580923717e-05,-0.00017372029121642818,-2.05010658091212e-05,0.00011950717548474266,3.3686127503458965e-05,0.0002439836381914473,-0.00018724325324134816,2.861203489656905e-05
905,0.0012179128251552209,1.547933308979673e-05,-0.0003142815615648775,-3.168235387414689e-05,-2.65250406472628e-05,1.3448397268734508e-06,-0.0002364674564913627,0.00021759896660722422,0.00037453327315367657
906,0.0013622837682234915,-1.1836722625742542e-05,-0.0002686190571513647,-5.002709445053183e-05,-2.0025365457303212e-05,-4.205463517207783e-05,0.00036561569544629746,0.0003155261886654548,-0.00028857900925471913
907,0.0014165465286701097,-1.897126435124446e-05,0.0002224574858852857,2.4842707040416412e-05,-7.883630433704047e-05,5.8451043617959234e-05,0.0004025220277913688,-0.00019908631006501643,-0.0004113793855817782
908,0.0008499803752404465,2.8146246500696318e-05,4.0887385726717795e-05,8.311363404956557e-05,9.38852894047798e-05,8.485187876104174e-05,9.410575317742031e-05,-0.00015798988596356367,-0.00026700030165666133
909,0.0012329149080991999,2.8429934720658467e-05,-0.00026882858284865696,-5.3836476138682116e-05,-0.00013665839483920778,-2.643010402821229e-05,-0.0001307038961948226,0.00013518087532848888,0.0004528466440004708
910,0.0015876323342080877,0.0001030022154906449,-0.00033149628997092284,-2.58045263298555e-05,1.571915186515671e-05,-4.469942017166356e-05,-0.0002469383249419643,-0.00014487760568968056,0.0006750947997481993
911,0.0006589324570687345,-1.8165924738928335e-06,0.0002090893390359616,4.658176394185462e-05,5.16798821927969e-05,2.2115243363677803e-05,-4.3726337364990986e-05,-0.0001611660437651763,-0.00012275725493038347
912,0.0012501815853592042,-2.8686724303314363e-05,0.000358063953692922,-3.313556108666335e-05,-0.00013969523856056237,1.1036895059410995e-05,0.0001891667960227661,-0.00042357326872904943,6.68231479045156e-05
913,0.0012430628755746645,3.609831683600885e-05,-0.0004158493474012426,-3.407181596300907e-05,-0.00016088228920511233,5.665241246592505e-05,-1.0727985218006442e-05,0.0001723824258593465,0.0003563982826260137
914,0.0014500989138696158,4.0728442178335905e-06,-0.0005472866787370467,6.441968277740018e-05,8.145599638655077e-05,-2.9590745174260316e-05,0.0004404676907953098,0.00013463324275768407,-0.00014817203302353033
915,0.0008801688117855656,1.3594352968660829e-05,-0.00019597747212585226,-7.58519951673739e-06,5.654738989406549e-05,-1.8003452806334905e-05,0.0001502774496277559,0.00021966521340228973,-0.0002185182814438691
916,0.0009560247818881391,-2.4822217774070343e-06,-0.00013120711244524186,-4.4056477506281694e-05,5.941156612192244e-05,-4.9844219237715065e-06,-0.0002952821572913267,9.282659567803886e-05,0.000325774229144149
917,0.0008134770550157471,-1.6527838783491136e-05,0.00015564341486667965,-6.626721142480307e-05,-0.00010998642123097313,-2.2338497810869135e-05,0.00016561679487828163,-0.0001916185582577501,8.547831776289927e-05
918,0.0009115793771187824,2.4509245852281057e-05,1.1823003882582839e-06,-6.765032464401549e-06,-4.07702292556239e-05,-5.697153400483976e-05,0.0002169175779417054,-0.00035128289283453684,0.00021318056437713562
919,0.0015564670806681117,-3.468415438258321e-05,-0.0004878727815609829,-0.00010570632297236468,-0.00011829983116140586,3.3590964221700756e-05,7.283562576554381e-05,0.0006718069503467705,-3.167045025675996e-05
920,0.0009041615053961031,-2.7565877573102956e-06,0.00036556645317492586,-5.5945676585900106e-05,1.6310823549824105e-05,9.764282027792393e-06,6.0439193945521774e-05,-0.0002638673357095722,-0.00012951115264525637
921,0.0006467468052951068,-2.94566831735444e-05,0.00012314863132362186,1.09672613306383e-05,8.558604580391482e-06,3.451743607418151e-05,-0.000254483847406034,0.0001461814693387159,-3.9432872067979297e-05
922,0.0009688756568999478,-2.215720970662801e-05,-0.0001623424628032777,-3.461925861464321e-05,6.945104678780789e-06,-5.198887509317435e-06,0.000195371980548531,0.0002821207432226469,-0.0002601200098161227
923,0.0012220387034555845,1.0800461083108372e-05,0.0003587650971351164,9.73858775756703e-07,-4.617560206628124e-05,6.737783630840488e-06,0.00023374215110297247,-7.486746409768319e-07,-0.000564095075020532
924,0.0006981201642899323,6.856143774022945e-05,0.00027460088572939245,-1.6751825533713183e-05,-3.746678775660983e-05,5.897758675292228e-06,-6.87927303191227e-05,-5.786728088860715e-05,-0.00016818145764696535
925,0.0013057312891120582,6.055661314952748e-05,-0.0004540745563544335,-3.669188761548994e-05,-0.00015920101139411252,-2.8981891919792335e-06,0.00024045514965537196,0.0001732455057999044,0.00017860837595123913
926,0.0003923732113981721,2.1091359718652426e-05,-0.00012757672990432178,6.325042573238071e-06,0.0001425716094686849,-4.606263724351439e-05,-9.579020897293455e-06,2.6198593938514536e-05,-1.2968217653952507e-05
927,0.0015239838987945523,2.9093342231884325e-05,-0.0006145134878351444,6.795986742143267e-07,-2.029747917772773e-05,2.5972364282140017e-05,-0.00012718098238440056,0.0006314592236703609,7.478742053868004e-05
928,0.0006377228119671501,-1.0380916388927353e-05,0.00019505681146558818,5.5210271059934896e-05,3.4865581145189506e-05,3.372874231281214e-05,-2.5696425727556038e-05,-0.0002121002930938476,-7.068377077329435e-05
929,0.0005904874638516097,-2.2765963562691553e-05,5.3776253186144096e-05,2.4039378750458085e-05,0.00016161463770440754,-4.2775133908223156e-05,5.5813462284809434e-05,-9.438677104678384e-05,-0.00013531586340809199
930,0.0016627347982827783,-1.3475519378990976e-05,-0.000531147542365773,5.117909238686741e-06,-8.132997985015045e-05,-2.3316401068862805e-05,-0.00018209795647766702,0.0005172672624699504,0.000308982227432697
931,0.0010381508585672519,-4.7962476174336424e-05,0.0002707369904219048,3.575640668682448e-05,0.0001362843125185878,6.248925003748268e-05,-8.158465810315096e-06,1.380846961886173e-05,-0.00046295448729893884
932,0.0002676642709746749,3.592492553516468e-05,-1.605088593747972e-05,-1.8339831203660617e-06,-8.773317633624378e-06,-7.346294625151968e-05,7.225158129592346e-06,-3.371100254426218e-05,9.068205182266587e-05
933,0.0009318652580467806,-5.5071858397280626e-05,0.0002584354325104177,-1.3321557454985117e-05,-6.717322843149964e-05,-1.464388791762479e-05,-0.00023901947758503406,-7.67026192369652e-05,0.0002074971965129735
934,0.0012534481016631058,7.951167400217785e-06,1.1019607169315826e-05,-8.630512967414128e-05,-0.0002353660088553755,1.4571001456187282e-05,-0.00030505291230203957,0.0005224937998431073,7.068847496272124e-05
935,0.0013933695812603664,-2.770539655702793e-05,0.0004671902748473178,-8.587623830744878e-06,8.25252156551326e-05,-1.8078430635764392e-05,0.00014696930012775278,-0.0002898751882735029,-0.0003524381513331232
936,0.0006593585162956951,-2.3034670312564905e-05,-1.2698660447618693e-06,4.8106806885262615e-05,2.2486757803752422e-05,-2.201792014725097e-05,9.867460831133879e-05,0.00016041108514755487,-0.00028335680164320864
937,0.0010331233362904438,2.9544640486172183e-05,0.0001335161244716554,1.1102284872999135e-05,-1.6744299370104188e-05,4.4192460854864876e-05,-0.0004985530281791384,0.00029820615745951295,-1.2643405959966714e-06
938,0.00034841987074656945,-5.888435902845837e-06,1.7600279433371835e-05,2.9331339862839756e-07,1.622553093594964e-05,-3.8812716040455275e-06,-0.0001644402278663526,5.656731664138714e-06,0.0001344340799412369
939,0.000993088111480701,-1.7566979578394204e-06,-0.00029226823259298484,-6.0787337124178914e-05,-6.931638756895592e-05,-5.7485366325276885e-05,-1.4930034171134476e-05,0.00044314919178993495,5.339486395039561e-05
940,0.001246083701971699,1.0006250209535286e-06,0.00010264060147407994,-7.57218550816556e-05,-2.6289392690038993e-05,-2.895672058180962e-05,0.00027061575407377747,0.0002487848704169904,-0.0004920738826323934
941,0.0009623694068924046,2.036260192252691e-05,-0.00048118470344621356,5.094560462146416e-05,7.658681185718913e-05,8.088400046821903e-06,7.798398498262693e-05,0.00020277236979313051,4.4444930222431456e-05
942,0.0005109070860340355,5.468486750084996e-05,6.401697427571573e-05,-5.7345868351887236e-05,-9.989673797364956e-05,-2.751135254630381e-05,3.2544749185681177e-05,0.00010420695205481945,-7.069958414512856e-05
943,0.0007373830840777945,-2.2041647247443563e-05,0.0002515482304183969,-1.3946662510370272e-05,2.7082330484200223e-05,5.641682172786641e-05,-0.00013005633088045143,-0.00020264690140069097,3.364415940837473e-05
944,0.001302332505165771,1.9025919487697558e-05,8.663652086499107e-05,-7.916730170608177e-06,8.710990240885091e-05,-4.385546370865023e-05,-0.00044223181868524586,-0.0001571622400183409,0.0004583939098213863
945,0.0010116361427797167,1.3970620109649695e-05,-9.200696096972605e-05,1.896657546878941e-05,2.1995004178793076e-05,-2.8452418782369884e-05,-0.0003853586916377494,9.122071408626531e-05,0.00035966515754637385
946,0.001374715664129435,-4.941227184792566e-05,0.00020891662094285612,5.122705474298536e-05,0.00013806463387854018,4.907762909525659e-06,0.0002842417595908808,-0.0001241707575989487,-0.0005137748026177724
947,0.0004930712021842636,2.246891444393148e-05,0.00013674235363053677,-7.598099304177014e-06,6.736157211501698e-05,1.9962760902634408e-05,-3.7618567198915986e-05,-0.0001411162854648984,-6.020264912415252e-05
948,0.00032089121047905976,1.1663556952725557e-05,-0.00015363526110778736,1.0445077020235227e-05,6.718651597407976e-05,1.1304904297010712e-05,4.7606607569999904e-05,-6.810344131719104e-06,1.2238943425502136e-05
949,0.0006999312493842294,-2.7798713498426025e-05,5.536762431096465e-05,2.5271450490166325e-06,6.916012734679844e-05,-1.9776595106730382e-05,-0.000253928883584692,-4.8461432502242e-05,0.00022291072798535927
950,0.0008876227146179154,-1.2266324155087681e-05,1.2181781813946913e-05,-3.7046912423337186e-05,5.307833446089455e-05,-4.165977167510347e-05,-0.0002982303773508832,-5.46079717045761e-05,0.00037855124103408633
951,0.0006685627808268079,7.81270065052745e-06,3.808224383744507e-05,3.451013485711307e-05,0.00019168786044351793,2.84809712344479e-05,9.881606893580308e-06,-0.0003342813904134573,2.382587249671886e-05
952,0.0011943764740125823,3.347126569781724e-05,-4.8406212777574176e-05,2.6715976594003654e-05,3.662023036289652e-05,-2.7207028010789447e-06,0.0003046296314778707,0.00019575113287369217,-0.0005460613214276488
953,0.0019248071382456412,-2.9322665756384078e-05,0.0006472527174916642,-1.681621645497136e-05,6.713577328652798e-05,-2.5194305414569587e-05,0.00024801507834462666,-0.00028137437303189794,-0.0006096960084649994
954,0.0006997772422351091,-2.032484695543152e-06,4.924757576180161e-05,4.823754523836446e-05,0.00025240350011736246,-2.8282391418450736e-06,-2.5071549187155595e-05,-0.00015460120688295942,-0.00016535514121007733
955,0.0010605635171999405,8.404024597036697e-05,-0.00036040627461281227,5.512265471895039e-05,-0.00012166494080526058,3.140016105876442e-05,-4.821054318188134e-05,0.0001945704171541357,0.0001651482796977688
956,0.000494016342421741,2.4146627697092284e-05,-3.9931647673963067e-05,5.198067539453552e-05,9.487712682916538e-05,-2.9545882805903645e-06,-6.507673237865497e-05,7.600374129002052e-05,-0.00013904520287771893
957,0.0008055086151201292,-3.917274977395004e-06,3.282727664494223e-05,-1.7169761057311828e-05,4.9469882375273444e-05,-4.394668740099333e-06,-0.0003772726027852502,2.870706246622945e-05,0.00029175008607362773
958,0.0010679207151641319,1.2158820312645029e-05,0.00026293028044577227,-3.870640555547408e-05,-0.00014694082822890725,2.610950874156956e-05,-6.468512834356677e-05,-0.0002836279954541304,0.0002327617480820665
959,0.0005472168467653277,3.751476720039587e-05,7.200789865968726e-05,-1.1559705594209324e-05,-5.676295648856383e-05,5.2713805583755324e-05,3.861787971964903e-05,7.275407221915553e-05,-0.0002052857612999115
960,0.0014045040780655774,-5.0833619621902526e-05,-0.00040891643084317586,3.0956227297703615e-05,6.200322403627362e-05,-1.4210880613456031e-05,0.00011143114644587837,0.0004978614412529392,-0.00022829110795424823
961,0.0016695257066351886,4.8577985753813814e-05,-0.00012037081134608218,-8.171559751847524e-05,-1.6498613038110066e-05,-7.600450133251647e-05,-0.000540173330082383,0.0002261695594896057,0.0005600153080742021
962,0.0008434904716548347,1.675713657207315e-05,-0.00026976895801061884,-5.123800401855491e-05,-8.19967857662307e-05,1.3935558199635462e-06,0.00021264953860322677,0.00019094500483217425,-1.8741488031992493e-05
963,0.00030201329059302475,-1.2861978342879228e-05,1.1487262571108214e-05,-1.556630167368067e-05,1.366041931614298e-05,-7.616935769703265e-07,7.967741695477648e-05,-0.0001218166717029956,4.6181546454471256e-05
964,0.0015935461459171381,-2.7042092472949995e-05,0.0001311161104431413,-3.641764964965738e-05,2.0268110771541614e-05,-4.614520625998916e-06,0.00028544449710307673,0.0003599443546407899,-0.0007286988102099823
965,0.0008229925569680149,-5.717176324087671e-05,0.00020864810670284673,2.192907633565694e-05,0.00016005570811325476,9.461921472655663e-06,-0.00010907578822491604,1.1401465859608995e-05,-0.0002452487270181991
966,0.0007768118426385627,1.3499633541154583e-05,-0.00016739796965431486,9.856394285071013e-05,0.00015107890720700984,3.705101028905061e-05,5.529816714872071e-05,-0.00022100795166503373,3.2914260282568275e-05
967,0.0008606313059192983,-2.1017803770741715e-05,-0.00012701063687653447,-0.00010728602454950636,-0.00015661564928920457,-1.8385538473665933e-05,0.00016050365883707451,0.00016956037724946693,0.0001002516168731038
968,0.0010549148979448857,-2.4209823661356863e-05,0.00022953968347660947,1.0659784147739465e-05,1.7823742543505994e-05,2.9397719670401848e-05,-0.0002664131332919817,-0.00023683449201911122,0.00024003651913417912
969,0.0008148616413438453,3.0195307775172757e-05,-0.00013279866136356455,8.835887165201117e-06,8.430325801750405e-06,-2.0840289520148575e-05,-0.00025379186978824464,0.0002324235675639219,0.00012754573236584132
970,0.0006246452547630545,-3.1716735752045436e-05,7.02564487052304e-05,-4.186916946948699e-05,-4.558476275808715e-05,3.4961987078545656e-05,-0.000150663663222389,-4.248829617957417e-05,0.00020710419159769566
971,0.0010495966996247929,3.19028354512068e-06,-3.515554231736662e-05,-2.004165787986012e-05,3.4350254663140234e-05,3.4964612431759995e-06,-0.0004696011496151953,0.0004026024020443164,8.115894831661752e-05
972,0.000684384054735733,-4.871087957254369e-05,0.00019086380506366796,-3.453702840075512e-05,-8.480981069745874e-05,8.653267282551086e-06,2.3209855020300818e-05,0.0001194651000013397,-0.00017413430869711588
973,0.0008164688084518592,1.7308983677538463e-05,0.00016954777511557495,-2.1299496651069894e-06,0.00011444617923410394,-6.832350411408242e-06,0.00010693146619869531,-0.00036146834024315677,-3.780376390627449e-05
974,0.000901302911680067,2.6074177736551234e-05,-0.00020321794766259282,4.267058630700801e-05,6.47285151005178e-05,2.8614080029781136e-05,0.00014734195528706695,0.0001412221413791409,-0.00024743350817740817
975,0.0007425240729794537,-1.2110376374279905e-05,-0.00023560929570382028,1.107311074649911e-05,-8.332872187537255e-06,5.149171153858052e-05,0.0001661724567582623,0.0001425247574463745,-0.00011520949222409982
976,0.0008545169231540693,1.0673084816178492e-05,-0.00011682610993285492,8.773085305942632e-05,0.00017186450367144557,5.362611237477374e-06,-8.876935617407877e-06,0.00015162740879250125,-0.0003015554160267775
977,0.0009937971148882034,-4.847178261758924e-05,-0.00019976140655086905,-4.749779395071818e-05,-0.00010773120218617038,2.1540874163273466e-05,-9.343637213876654e-05,6.422472286914116e-05,0.00041113296041167535
978,0.0007900692416030778,-3.199635096473412e-06,-0.0003886115327961237,2.1781258329325176e-05,1.965281366885646e-05,8.487320539690008e-06,7.063447645905274e-05,0.0002744787518046271,-3.223452908929225e-06
979,0.0008735055740556868,-1.9320174984986324e-05,0.00020603211178060743,-7.867857653790639e-05,-3.584755333269074e-05,-5.569988546609561e-06,-4.308970706812243e-05,-0.00025424678655755484,0.00023072067524720907
980,0.0004164014217653625,-8.105801129237172e-06,-0.00015925097817159894,-8.741175970716775e-06,1.865757560892689e-06,2.091697409747212e-06,0.00012027397930849948,-3.210275561113529e-05,8.396927660353493e-05
981,0.002211032436810781,-4.83881694944106e-05,-0.0005513282954724419,-1.6356239584059545e-05,8.95973466408656e-05,-9.902016526771966e-05,-0.0003904233485867714,0.0006832175138444391,0.00033270135792007327
982,0.0005666160412940938,-1.8945086261766206e-05,-0.0001255021445273341,4.3523038645774254e-05,4.983397082600205e-05,1.8113243598814888e-05,-3.9105428337959935e-05,-9.975536151998754e-05,0.00017183776757645486
983,0.0010920283762597587,-1.1854392402400014e-05,-0.0001757540313100936,-3.142059935664146e-05,3.141603983589092e-05,-2.3021319340791463e-06,7.18728482419495e-05,0.00044272530005193267,-0.0003246830331267714
984,0.0008526391254445858,4.0537731883021413e-05,0.0001827502505258316,-2.4932016825476855e-05,-7.726356309088744e-05,4.254813566021906e-05,-0.00015676393626903873,-0.00016736004653686298,0.0001604834446532477
985,0.0013977189764590135,6.667300005860563e-06,-5.102236163473384e-05,3.856952713897702e-05,0.00010392456891142321,-3.136808273841024e-07,-0.0004579813688860568,-0.00018954207688132163,0.0005496980921732564
986,0.0007291170134129978,8.496404371798397e-06,-0.0001791020989087011,-5.5781914182453235e-05,-0.00012590156313641715,-3.772930478969025e-06,1.7810195328787914e-05,0.00021780053188297233,0.00012045137512289861
987,0.0011288236535313516,1.8554632167148977e-05,0.00026143392892324924,0.00011634757124387787,0.00016807569443143267,-1.0161044528417262e-06,-0.00011059239606006632,-0.00027194126319816936,-0.00018086206305456543
988,0.0015560368166593654,-3.56325208165538e-05,5.0582956552580605e-05,2.58365978118881e-05,0.00020694954450199698,-1.368085209249234e-05,0.0003820847804759109,0.0001125645289873356,-0.000728705035420607
989,0.0009932151361259963,-4.1598742845771336e-05,8.334153875733108e-05,5.305848225576476e-05,0.0001694249128486522,-5.836876337083664e-05,-0.0003005084412757153,0.00019078263420127528,-9.613162057064972e-05
990,0.0008086214574738876,-3.8292439995962074e-05,-0.0002225552649917084,-2.707334295325159e-06,-0.00011554778324150694,6.549554137074906e-05,-2.520790621240998e-05,7.494945547192877e-06,0.0003313202418190331
991,0.0012294072274184574,4.746616888619097e-05,0.0003457179148391165,-2.3125869306694913e-05,7.274624195224844e-05,-2.1616010823328688e-05,-0.00030538364523416406,0.00014877328803164502,-0.0002645780883450688
992,0.0006134430335716602,1.3156444286380534e-06,0.00020736161314915957,-2.8994623890891275e-05,9.804425920806326e-05,-3.834731505757659e-05,-3.858520433425161e-05,-9.427449486344719e-05,-0.00010651987863963264
993,0.0009789791713653677,-2.109323385580085e-05,-0.0002417588526998915,2.629537511310981e-05,-1.3835398640672791e-05,-1.1272458859850829e-05,-0.00020152964162648002,0.0003800522625189706,8.314194805059127e-05
994,0.0005889004926730342,-2.4526854981408996e-05,-2.930278424578825e-05,-1.4704138871425576e-05,3.2475085877683996e-05,3.520755206548945e-05,-3.900589489838624e-05,-0.00018691057333949934,0.0002267676083933523
995,0.0019824837274557217,4.6584061237518216e-05,-0.00017980359914077093,-6.184434184015875e-05,0.00023520872274795934,-1.6269672192405216e-05,-0.0007333242505545012,4.0093594468493254e-05,0.0006693554852739148
996,0.0012819227329473127,5.540663520434575e-05,0.0003048176328411256,-3.634028326358896e-05,-9.876425280270357e-05,1.8513011506623295e-05,0.0001830769501000029,-0.0005058568304073668,7.914713682155572e-05
997,0.0005233410974675636,4.3979737721903944e-05,0.00018647109213265622,-3.3153372641682444e-05,8.118222629499572e-06,-2.930824470814483e-06,-9.739414212062147e-06,2.3101496249719466e-05,-0.00021584693740922534
998,0.0014900333654608846,1.3023994503561127e-05,-0.0004597823481929386,3.203974538272536e-05,-5.0026606747903546e-05,-2.206717254393288e-05,-0.00021314055524568332,0.0002923836742399488,0.00040756926860419096
999,0.0006646080823524596,-3.425350975394623e-05,0.00019232228670557072,-2.6898288810014992e-05,-2.5978292847964046e-05,2.9548092746956717e-05,0.00011043366172372449,-0.00020993377789210732,-3.52401718721751e-05
