end_station_name,end_lat,end_lng,return_count_weekday,return_count_weekend,total_return_count,weekday_station_share,weekend_station_share,total_return_share,weekend_minus_weekday_share_normalized,weekday_minus_weekend_share_normalized,share_difference_orientation
DuSable Lake Shore Dr & Monroe St,41.880958,-87.616743,20698.0,17218.0,37916.0,0.006685910166278825,0.014294538221161031,0.008817100281842113,0.0076086280548822065,-0.0076086280548822065,weekend_oriented
Navy Pier,41.892278,-87.612043,19160.0,15617.0,34777.0,0.006189102270069682,0.01296537364385363,0.00808714781363074,0.006776271373783949,-0.006776271373783949,weekend_oriented
DuSable Lake Shore Dr & North Blvd,41.911722,-87.626804,19730.0,14940.0,34670.0,0.0063732248323838635,0.012403322164255185,0.008062265712930321,0.006030097331871322,-0.006030097331871322,weekend_oriented
Theater on the Lake,41.926277,-87.630834,15407.0,12444.0,27851.0,0.004976800557148413,0.01033112054966476,0.006476555015022278,0.0053543199925163475,-0.0053543199925163475,weekend_oriented
Michigan Ave & Oak St,41.90096039009614,-87.62377663865593,21157.0,13471.0,34628.0,0.006834177282247614,0.01118374517233478,0.008052498907047912,0.004349567890087167,-0.004349567890087167,weekend_oriented
Streeter Dr & Grand Ave,41.892278002970286,-87.61204300164603,17854.0,12071.0,29925.0,0.005767235486942803,0.010021452600048485,0.006958849191215455,0.004254217113105682,-0.004254217113105682,weekend_oriented
Dusable Harbor,41.88697599432289,-87.61281299950515,11732.0,8761.0,20493.0,0.0037896945632806636,0.0072734608755715986,0.004765503641623336,0.003483766312290935,-0.003483766312290935,weekend_oriented
Shedd Aquarium,41.86722596201104,-87.61535540410257,11191.0,8315.0,19506.0,0.0036149396401017647,0.006903187670400393,0.004535983703386756,0.0032882480302986283,-0.0032882480302986283,weekend_oriented
Montrose Harbor,41.963982,-87.638181,10026.0,7717.0,17743.0,0.0032386189644947098,0.006406722700238104,0.004126010399322835,0.003168103735743394,-0.003168103735743394,weekend_oriented
Millennium Park,41.8810317,-87.62408432,17129.0,10356.0,27485.0,0.00553304450856073,0.008597644198997771,0.006391444278047011,0.003064599690437041,-0.003064599690437041,weekend_oriented
Clark St & Lincoln Ave,41.915689,-87.6346,14534.0,8838.0,23372.0,0.004694802316972483,0.007337386967047345,0.005434994930562661,0.0026425846500748628,-0.0026425846500748628,weekend_oriented
Clark St & Armitage Ave,41.918305755768,-87.63628183370878,15407.0,8627.0,24034.0,0.004976800557148413,0.007162212872224196,0.005588938394709182,0.0021854123150757826,-0.0021854123150757826,weekend_oriented
Lakefront Trail & Bryn Mawr Ave,41.98404411519213,-87.65228122472763,6778.0,5157.0,11935.0,0.0021894433813430224,0.004281387710914591,0.0027754006715841758,0.002091944329571569,-0.002091944329571569,weekend_oriented
Field Museum,41.8653120005395,-87.61786701481803,5521.0,4607.0,10128.0,0.0017834046781343797,0.003824772771802118,0.0023551954756434465,0.0020413680936677385,-0.0020413680936677385,weekend_oriented
Michigan Ave & 8th St,41.87277296771354,-87.62398098838872,9895.0,6152.0,16047.0,0.0031963030773663626,0.005107445646218066,0.0037316174760713256,0.0019111425688517038,-0.0019111425688517038,weekend_oriented
DuSable Lake Shore Dr & Diversey Pkwy,41.932588,-87.636427,12317.0,7044.0,19361.0,0.00397866245618206,0.005847992056560477,0.00450226496879273,0.0018693296003784174,-0.0018693296003784174,weekend_oriented
DuSable Lake Shore Dr & Wellington Ave,41.936688449499705,-87.63682901859283,9542.0,5887.0,15429.0,0.003082276297547229,0.004887440266463874,0.0035879059038016127,0.001805163968916645,-0.001805163968916645,weekend_oriented
Wells St & Concord Ln,41.912133,-87.634656,18316.0,9219.0,27535.0,0.005916471669029035,0.007653696588505258,0.00640307142790702,0.0017372249194762233,-0.0017372249194762233,weekend_oriented
DuSable Lake Shore Dr & Belmont Ave,41.940775,-87.639192,10711.0,6146.0,16857.0,0.003459889061310875,0.005102464392336839,0.0039199773038034735,0.0016425753310259643,-0.0016425753310259643,weekend_oriented
Adler Planetarium,41.866095,-87.607267,7762.0,4876.0,12638.0,0.0025072970678643464,0.004048098987477128,0.002938878398615904,0.0015408019196127814,-0.0015408019196127814,weekend_oriented
Lincoln Park Conservatory,41.92393131136619,-87.63582453131676,7981.0,4903.0,12884.0,0.0025780388944376897,0.004070514629942649,0.002996083975927149,0.0014924757355049595,-0.0014924757355049595,weekend_oriented
Broadway & Barry Ave,41.93758231600629,-87.6440978050232,11913.0,6288.0,18201.0,0.003848161552366395,0.005220354067525877,0.0042325150920405185,0.0013721925151594823,-0.0013721925151594823,weekend_oriented
Burnham Harbor,41.85741178707404,-87.61379152536392,5049.0,3554.0,8603.0,0.0016309382756566715,0.0029505627156467826,0.0020005674049131685,0.0013196244399901111,-0.0013196244399901111,weekend_oriented
Clark St & Newport St,41.94454,-87.654678,11196.0,5940.0,17136.0,0.0036165547502975035,0.004931441342414713,0.003984856800022324,0.0013148865921172093,-0.0013148865921172093,weekend_oriented
Indiana Ave & Roosevelt Rd,41.86788801019692,-87.6230410031074,13985.0,6983.0,20968.0,0.004517463217480402,0.005797349308768003,0.004875961565293423,0.0012798860912876008,-0.0012798860912876008,weekend_oriented
Larrabee St & Webster Ave,41.921822,-87.64414,9969.0,5387.0,15356.0,0.0032202067082632915,0.004472335776361626,0.0035709302650059997,0.0012521290680983345,-0.0012521290680983345,weekend_oriented
Lakefront Trail & Wilson Ave,41.9668559,-87.6430926,4062.0,3072.0,7134.0,0.0013121155230179044,0.002550401987188215,0.0016589617420261005,0.0012382864641703108,-0.0012382864641703108,weekend_oriented
Halsted St & Roscoe St,41.943667741716816,-87.64895781893892,9475.0,4982.0,14457.0,0.003060633820924334,0.004136101139378804,0.0033618741105230355,0.0010754673184544703,-0.0010754673184544703,weekend_oriented
Clark St & North Ave,41.911974,-87.631942,6653.0,3847.0,10500.0,0.0021490656264495614,0.0031938139468467,0.0024417014706019143,0.0010447483203971388,-0.0010447483203971388,weekend_oriented
Southport Ave & Waveland Ave,41.948226,-87.6640712,11217.0,5566.0,16783.0,0.0036233382131196047,0.00462094318381823,0.0039027691220106598,0.0009976049706986257,-0.0009976049706986257,weekend_oriented
Lakeview Ave & Fullerton Pkwy,41.925858,-87.638973,10132.0,5140.0,15272.0,0.0032728593006443644,0.004267274158251115,0.0035513966532411843,0.0009944148576067507,-0.0009944148576067507,weekend_oriented
Broadway & Cornelia Ave,41.945529,-87.646439,13156.0,6306.0,19462.0,0.00424967794702697,0.005235297829169558,0.004525751811509948,0.0009856198821425882,-0.0009856198821425882,weekend_oriented
Clark St & Wrightwood Ave,41.929546,-87.643118,11618.0,5702.0,17320.0,0.003752870050817827,0.004733851605126042,0.004027644711507157,0.000980981554308215,-0.000980981554308215,weekend_oriented
Stockton Dr & Wrightwood Ave,41.93132,-87.63874200000001,8240.0,4364.0,12604.0,0.0026617016025769404,0.003623031989612425,0.0029309719367110977,0.0009613303870354846,-0.0009613303870354846,weekend_oriented
Buckingham Fountain,41.87130745884732,-87.62309887518705,6292.0,3598.0,9890.0,0.0020324546703172465,0.0029870919107757806,0.0022998502423098033,0.0009546372404585341,-0.0009546372404585341,weekend_oriented
Pine Grove Ave & Waveland Ave,41.94947274088333,-87.64645278453827,10937.0,5398.0,16335.0,0.0035328920421582523,0.004481468075143875,0.003798589859264978,0.0009485760329856229,-0.0009485760329856229,weekend_oriented
Wells St & Elm St,41.903222,-87.634324,18124.0,8113.0,26237.0,0.005854451437512679,0.006735485456399085,0.006101230617541183,0.0008810340188864056,-0.0008810340188864056,weekend_oriented
Fort Dearborn Dr & 31st St*,41.83867628233386,-87.60883195345701,2263.0,1934.0,4197.0,0.0007309988745912156,0.0016056241677154972,0.0009759829592491651,0.0008746252931242817,-0.0008746252931242817,weekend_oriented
New St & Illinois St,41.89084704062381,-87.61861681938171,13869.0,6424.0,20293.0,0.004479992660939271,0.005333262488833689,0.0047189950421832995,0.0008532698278944182,-0.0008532698278944182,weekend_oriented
Cannon Dr & Fullerton Ave,41.9267559875,-87.6344287848,2744.0,2091.0,4835.0,0.000886372475421253,0.0017359669776076034,0.0011243453914628815,0.0008495945021863504,-0.0008495945021863504,weekend_oriented
Southport Ave & Roscoe St,41.943739,-87.66402,9814.0,4837.0,14651.0,0.0031701382921954,0.004015720837249152,0.0034069874519798713,0.0008455825450537522,-0.0008455825450537522,weekend_oriented
Wentworth Ave & Cermak Rd*,41.853214418519656,-87.63187229633331,4099.0,2601.0,6700.0,0.0013240673384663688,0.002159373557511897,0.0015580380812412215,0.0008353062190455281,-0.0008353062190455281,weekend_oriented
Marine Dr & Ainslie St,41.9716,-87.650154,4051.0,2582.0,6633.0,0.0013085622805872798,0.0021435995868880117,0.0015424577004288093,0.0008350373063007318,-0.0008350373063007318,weekend_oriented
Bissell St & Armitage Ave*,41.9182955629354,-87.65218332409859,7701.0,3998.0,11699.0,0.0024875927234763373,0.0033191755028575795,0.0027205205242449328,0.0008315827793812423,-0.0008315827793812423,weekend_oriented
Clarendon Ave & Junior Ter,41.961004,-87.649603,7400.0,3877.0,11277.0,0.0023903630896928837,0.003218720216252835,0.002622387379426456,0.0008283571265599514,-0.0008283571265599514,weekend_oriented
Broadway & Waveland Ave,41.949074,-87.648636,12636.0,5882.0,18518.0,0.004081706486670173,0.004883289221562852,0.004306231222152976,0.0008015827348926792,-0.0008015827348926792,weekend_oriented
Griffin Museum of Science and Industry,41.79172820953,-87.583945009,3266.0,2234.0,5500.0,0.0010549899798563457,0.0018546868617768464,0.0012789864846010027,0.0007996968819205007,-0.0007996968819205007,weekend_oriented
Clark St & Grace St,41.95078,-87.659172,6706.0,3565.0,10271.0,0.0021661857945243887,0.0029596950144290322,0.0023884491242430724,0.0007935092199046435,-0.0007935092199046435,weekend_oriented
Clark St & Winnemac Ave,41.97334764047304,-87.6678554713726,8861.0,4396.0,13257.0,0.0028622982888876543,0.003649598676978969,0.0030828225138828168,0.0007873003880913146,-0.0007873003880913146,weekend_oriented
Shore Dr & 55th St,41.795212,-87.580715,7396.0,3810.0,11206.0,0.002389071001536293,0.0031630962145791338,0.002605876826625243,0.000774025213042841,-0.000774025213042841,weekend_oriented
Pine Grove Ave & Irving Park Rd,41.95436725508892,-87.64794502215663,8971.0,4411.0,13382.0,0.0028978307131939,0.0036620518116820366,0.0031118903885328396,0.0007642210984881367,-0.0007642210984881367,weekend_oriented
Kedzie Ave & Milwaukee Ave,41.929083085060974,-87.70802510914633,6896.0,3600.0,10496.0,0.0022275599819624493,0.0029887523287361896,0.0024407712986131134,0.0007611923467737403,-0.0007611923467737403,weekend_oriented
Halsted St & Wrightwood Ave,41.929143,-87.64907700000002,9224.0,4503.0,13727.0,0.0029795552890982645,0.0037384310378608503,0.0031921177225669025,0.0007588757487625858,-0.0007588757487625858,weekend_oriented
Clark St & Schiller St,41.907993,-87.631501,9835.0,4738.0,14573.0,0.0031769217550175013,0.003933530148208907,0.003388849098198257,0.0007566083931914058,-0.0007566083931914058,weekend_oriented
Halsted St & Dickens Ave,41.919936,-87.64883,7648.0,3879.0,11527.0,0.00247047255540151,0.003220380634213244,0.0026805231287265014,0.0007499080788117341,-0.0007499080788117341,weekend_oriented
Southport Ave & Wellington Ave,41.93577461766458,-87.66360014677048,7347.0,3738.0,11085.0,0.002373242921618056,0.00310332116800441,0.002577739123964021,0.0007300782463863539,-0.0007300782463863539,weekend_oriented
Wilton Ave & Belmont Ave,41.940231918108594,-87.65294373035431,14736.0,6607.0,21343.0,0.004760052768880315,0.005485190732211112,0.004963165189243491,0.0007251379633307969,-0.0007251379633307969,weekend_oriented
Clark St & Berwyn Ave,41.97802884484359,-87.66836255860282,7342.0,3725.0,11067.0,0.0023716278114223176,0.0030925284512617517,0.0025735533500144177,0.000720900639839434,-0.000720900639839434,weekend_oriented
Damen Ave & Pierce Ave,41.90913973176558,-87.6775313230267,9083.0,4397.0,13480.0,0.0029340091815784407,0.0036504288859591735,0.0031346796022584575,0.0007164197043807328,-0.0007164197043807328,weekend_oriented
Damen Ave & Cortland St,41.915983,-87.67733500000001,6910.0,3551.0,10461.0,0.002232082290510517,0.002948072088706169,0.002432632293711107,0.0007159897981956521,-0.0007159897981956521,weekend_oriented
Field Blvd & South Water St,41.88634906269,-87.6175165471,8408.0,4106.0,12514.0,0.002715969305153752,0.003408838072719665,0.0029100430669630815,0.0006928687675659129,-0.0006928687675659129,weekend_oriented
Racine Ave & Belmont Ave,41.939743,-87.658865,6671.0,3415.0,10086.0,0.00215488002315422,0.0028351636673983574,0.002345428669761039,0.0006802836442441375,-0.0006802836442441375,weekend_oriented
Broadway & Sheridan Rd,41.952833,-87.649993,9007.0,4286.0,13293.0,0.0029094595066032165,0.0035582756891564746,0.0030911940617820233,0.0006488161825532581,-0.0006488161825532581,weekend_oriented
Clark St & Drummond Pl,41.931248,-87.644336,10279.0,4764.0,15043.0,0.0033203435403990744,0.003955115581694224,0.0034981443068823424,0.00063477204129515,-0.00063477204129515,weekend_oriented
Calumet Ave & 18th St,41.85761755293753,-87.61941075325012,5310.0,2817.0,8127.0,0.0017152470278742177,0.002338698697236068,0.0018898769382458816,0.0006234516693618504,-0.0006234516693618504,weekend_oriented
Sheridan Rd & Argyle St,41.97328682025978,-87.65475958585739,4837.0,2611.0,7448.0,0.0015624576033573619,0.002167675647313942,0.0017319802431469578,0.0006052180439565802,-0.0006052180439565802,weekend_oriented
Sheridan Rd & Montrose Ave,41.96167,-87.65464,8226.0,3910.0,12136.0,0.002657179294028873,0.0032461171125995835,0.0028221418140214126,0.0005889378185707107,-0.0005889378185707107,weekend_oriented
McCormick Place,41.8513751729,-87.6188346489,3866.0,2207.0,6073.0,0.0012488032033449578,0.001832271219311325,0.0014122336219967071,0.0005834680159663673,-0.0005834680159663673,weekend_oriented
McClurg Ct & Ohio St,41.892592119709725,-87.61728912591934,15303.0,6651.0,21954.0,0.0049432062650770535,0.00552171992734011,0.005105248960532802,0.0005785136622630561,-0.0005785136622630561,weekend_oriented
Rush St & Cedar St,41.90230870122,-87.627690528,9762.0,4462.0,14224.0,0.0031533411461597202,0.0037043924696724658,0.003307691592175393,0.0005510513235127456,-0.0005510513235127456,weekend_oriented
Broadway & Granville Ave,41.9947796884,-87.6602845349,4304.0,2335.0,6639.0,0.0013902868564916447,0.0019385379687775007,0.0015438529584120104,0.000548251112285856,-0.000548251112285856,weekend_oriented
Broadway & Thorndale Ave,41.98974251144,-87.6601406209,4128.0,2264.0,6392.0,0.0013334349776016519,0.0018795931311829813,0.0014864148381035654,0.0005461581535813294,-0.0005461581535813294,weekend_oriented
Lincoln Ave & Diversey Pkwy,41.93222500062526,-87.65861701501092,6794.0,3293.0,10087.0,0.0021946117339693852,0.002733878171813409,0.002345661212758239,0.0005392664378440237,-0.0005392664378440237,weekend_oriented
Sheffield Ave & Waveland Ave,41.949399,-87.654529,9766.0,4422.0,14188.0,0.003154633234316311,0.0036711841104642862,0.0032993200442761866,0.0005165508761479751,-0.0005165508761479751,weekend_oriented
Damen Ave & Chicago Ave,41.89569719911461,-87.67713042376089,6959.0,3309.0,10268.0,0.0022479103704287537,0.0027471615154966806,0.002387751495251472,0.0004992511450679269,-0.0004992511450679269,weekend_oriented
Burling St & Diversey Pkwy,41.93314,-87.64776,7404.0,3481.0,10885.0,0.002391655177849474,0.0028899574600918542,0.0025312305245239843,0.00049830228224238,-0.00049830228224238,weekend_oriented
Damen Ave & Wicker Park Ave,41.90881520000001,-87.6771937,3523.0,1958.0,5481.0,0.0011380066439173012,0.0016255491832404053,0.0012745681676541993,0.00048754253932310407,-0.00048754253932310407,weekend_oriented
Wells St & Evergreen Ave,41.90672457611039,-87.63482999967887,9741.0,4372.0,14113.0,0.0031465576833376186,0.003629673661454061,0.003281879319486173,0.00048311597811644255,-0.00048311597811644255,weekend_oriented
Broadway & Belmont Ave,41.94010600392988,-87.6454510048789,9289.0,4188.0,13477.0,0.003000551721642864,0.003476915209096434,0.003133981973266857,0.00047636348745356974,-0.00047636348745356974,weekend_oriented
Sheridan Rd & Buena Ave,41.95849095778336,-87.65498859932366,6189.0,2978.0,9167.0,0.0019991834002850346,0.0024723623430489925,0.0021317216553340713,0.0004731789427639579,-0.0004731789427639579,weekend_oriented
Larrabee St & Armitage Ave,41.918084,-87.643749,5110.0,2547.0,7657.0,0.0016506426200446804,0.0021145422725808542,0.001780581729561796,0.0004638996525361738,-0.0004638996525361738,weekend_oriented
Sheffield Ave & Wrightwood Ave,41.928712,-87.653833,9249.0,4145.0,13394.0,0.0029876308400769566,0.0034412162229476404,0.003114680904499242,0.0004535853828706838,-0.0004535853828706838,weekend_oriented
Michigan Ave & Jackson Blvd,41.87834559823754,-87.62415080552178,7903.0,3615.0,11518.0,0.0025528431753841702,0.003001205463439257,0.0026784302417516997,0.0004483622880550866,-0.0004483622880550866,weekend_oriented
Sheffield Ave & Addison St,41.947017,-87.654418,4903.0,2436.0,7339.0,0.0015837770579411091,0.002022389075778155,0.001706633056452138,0.00043861201783704576,-0.00043861201783704576,weekend_oriented
Wood St & Milwaukee Ave,41.90746150493701,-87.67240429168085,5965.0,2846.0,8811.0,0.0019268264635159528,0.002362774757661999,0.0020489363483308064,0.0004359482941460461,-0.0004359482941460461,weekend_oriented
Milwaukee Ave & Fullerton Ave,41.924690375095686,-87.70058124521562,2463.0,1456.0,3919.0,0.000795603282420753,0.0012087842751777478,0.0009113360060275145,0.00041318099275699485,-0.00041318099275699485,weekend_oriented
Clark St & Leland Ave,41.96708784150231,-87.66729089029786,5469.0,2616.0,8085.0,0.0017666075320987,0.0021718266922149646,0.001880110132363474,0.0004052191601162645,-0.0004052191601162645,weekend_oriented
Milwaukee Ave & The 606,41.913754,-87.6826658,5481.0,2613.0,8094.0,0.0017704837965684722,0.002169336065274351,0.0018822030193382756,0.00039885226870587883,-0.00039885226870587883,weekend_oriented
Streeter Dr/Grand Ave,41.89240100000001,-87.612388,2231.0,1348.0,3579.0,0.0007206621693384896,0.001119121705315662,0.0008322713869794525,0.00039845953597717246,-0.00039845953597717246,weekend_oriented
Wilton Ave & Addison St,41.947459,-87.653216,2591.0,1476.0,4067.0,0.0008369501034316569,0.0012253884547818376,0.0009457523696131414,0.0003884383513501807,-0.0003884383513501807,weekend_oriented
Clarendon Ave & Leland Ave,41.967968,-87.65000100000002,4555.0,2237.0,6792.0,0.0014713653883177142,0.00185717748871746,0.0015794320369836383,0.0003858121003997457,-0.0003858121003997457,weekend_oriented
Clarendon Ave & Gordon Ter,41.95786652415175,-87.64950513839722,9174.0,4034.0,13208.0,0.0029634041871408803,0.003349063026144941,0.003071427907020008,0.00038565883900406077,-0.00038565883900406077,weekend_oriented
Clark St & Bryn Mawr Ave,41.983593,-87.669154,5008.0,2410.0,7418.0,0.0016176943720516163,0.002000803642292838,0.0017250039532309524,0.00038310927024122173,-0.00038310927024122173,weekend_oriented
Sheffield Ave & Webster Ave,41.92154,-87.653818,9245.0,4057.0,13302.0,0.002986338751920366,0.0033681578326896448,0.003093286948756825,0.0003818190807692787,-0.0003818190807692787,weekend_oriented
Clark St & Arlington Pl,41.926939727841415,-87.64147979309305,2656.0,1493.0,4149.0,0.0008579465359762566,0.001239502007445314,0.0009648208953835564,0.0003815554714690575,-0.0003815554714690575,weekend_oriented
Clark St & Elm St,41.90301732164141,-87.63152289470456,20810.0,8555.0,29365.0,0.0067220886346633655,0.007102437825649473,0.0068286251127833535,0.00038034919098610745,-0.00038034919098610745,weekend_oriented
Wabash Ave & Wacker Pl,41.886875,-87.62603,7312.0,3298.0,10610.0,0.002361937150247887,0.0027380292167144315,0.002467281200293934,0.00037609206646654425,-0.00037609206646654425,weekend_oriented
Michigan Ave & Ida B Wells Dr,41.876203,-87.624464,4459.0,2173.0,6632.0,0.0014403552725595363,0.0018040441139843722,0.0015422251574316091,0.00036368884142483587,-0.00036368884142483587,weekend_oriented
Ritchie Ct & Banks St,41.906866,-87.626217,7454.0,3335.0,10789.0,0.002407806279806859,0.002768746948981998,0.002508906396792767,0.00036094066917513904,-0.00036094066917513904,weekend_oriented
Delano Ct & Roosevelt Rd,41.867491,-87.63219,3837.0,1926.0,5763.0,0.001239435564209675,0.0015989824958738614,0.0013401452928646508,0.0003595469316641864,-0.0003595469316641864,weekend_oriented
Sedgwick St & Webster Ave,41.922167,-87.638888,8097.0,3571.0,11668.0,0.0026155094509788214,0.002964676268310259,0.002713311691331727,0.0003491668173314375,-0.0003491668173314375,weekend_oriented
Broadway & Oakdale Ave,41.93558083163717,-87.64404965678466,2627.0,1441.0,4068.0,0.0008485788968409737,0.0011963311404746802,0.0009459849126103417,0.0003477522436337065,-0.0003477522436337065,weekend_oriented
63rd St Beach,41.78091096424803,-87.57632374763489,585.0,639.0,1224.0,0.00018896789290139687,0.0005305035383506736,0.00028463262857302316,0.0003415356454492767,-0.0003415356454492767,weekend_oriented
Broadway & Ridge Ave,41.9840446107,-87.6602738295,3227.0,1664.0,4891.0,0.0010423921203295858,0.0013814677430602832,0.0011373677993060916,0.0003390756227306974,-0.0003390756227306974,weekend_oriented
Damen Ave & Division St,41.903266,-87.678435,5618.0,2572.0,8190.0,0.0018147378159317053,0.0021352974970859665,0.0019045271470694931,0.00032055968115426124,-0.00032055968115426124,weekend_oriented
Broadway & Argyle St,41.97423,-87.65977350000001,4270.0,2046.0,6316.0,0.0013793041071606233,0.001698607573498401,0.0014687415703163514,0.0003193034663377778,-0.0003193034663377778,weekend_oriented
Southport Ave & Wrightwood Ave,41.92877300000001,-87.663913,6030.0,2725.0,8755.0,0.0019478228960605525,0.0022623194710572544,0.002035913940487596,0.000314496574996702,-0.000314496574996702,weekend_oriented
Lincoln Ave & Fullerton Ave,41.924161029067626,-87.64638036489487,11652.0,4908.0,16560.0,0.0037638528001488485,0.004074665674843671,0.003850912033635019,0.0003108128746948228,-0.0003108128746948228,weekend_oriented
Fort Dearborn Dr & 31st St,41.83855595291223,-87.60821812148446,786.0,661.0,1447.0,0.00025389532277008195,0.0005487681359151726,0.00033648971694866383,0.00029487281314509065,-0.00029487281314509065,weekend_oriented
Wabash Ave & Grand Ave,41.891466,-87.62676099999999,15575.0,6413.0,21988.0,0.0050310682597252245,0.00532413019005144,0.005113155422437609,0.0002930619303262152,-0.0002930619303262152,weekend_oriented
California Ave & Division St,41.903029,-87.697474,2337.0,1253.0,3590.0,0.0007549025054881444,0.0010402518521962349,0.0008348293599486545,0.00028534934670809047,-0.00028534934670809047,weekend_oriented
Southport Ave & Belmont Ave,41.93947775040509,-87.6637476682663,6075.0,2700.0,8775.0,0.001962358887822198,0.002241564246552142,0.0020405648004316,0.000279205358729944,-0.000279205358729944,weekend_oriented
California Ave & Francis Pl,41.91849116331977,-87.69742283132375,2655.0,1364.0,4019.0,0.0008576235139371089,0.001132405048998934,0.0009345903057475328,0.0002747815350618251,-0.0002747815350618251,weekend_oriented
Humboldt Blvd & Armitage Ave,41.91751339399,-87.70180895549998,2995.0,1496.0,4491.0,0.0009674510072473225,0.0012419926343859276,0.0010443506004260187,0.00027454162713860515,-0.00027454162713860515,weekend_oriented
Hampden Ct & Diversey Pkwy,41.93247,-87.64242,2881.0,1451.0,4332.0,0.0009306264947844861,0.0012046332302767253,0.0010073762638711898,0.0002740067354922392,-0.0002740067354922392,weekend_oriented
Talman Ave & Addison St,41.9466358306,-87.69461475800001,2088.0,1137.0,3225.0,0.0006744700177403704,0.0009439476104925132,0.000749951165970588,0.0002694775927521428,-0.0002694775927521428,weekend_oriented
Sheridan Rd & Lawrence Ave,41.969517,-87.654691,3435.0,1656.0,5091.0,0.0011095807044723047,0.001374826071218647,0.001183876398746128,0.0002652453667463424,-0.0002652453667463424,weekend_oriented
Clark St & Wellington Ave,41.9364968219,-87.6475386582,9011.0,3823.0,12834.0,0.0029107515947598074,0.0031738889313217924,0.00298445682606714,0.00026313733656198497,-0.00026313733656198497,weekend_oriented
Wolcott (Ravenswood) Ave & Montrose Ave,41.961406,-87.676169,3535.0,1692.0,5227.0,0.0011418829083870733,0.001404713594506009,0.0012155022463653528,0.0002628306861189357,-0.0002628306861189357,weekend_oriented
Lincoln Ave & Sunnyside Ave,41.963004,-87.684781,3873.0,1815.0,5688.0,0.0012510643576189916,0.0015068292990711623,0.001322704568074637,0.0002557649414521707,-0.0002557649414521707,weekend_oriented
Southport Ave & Irving Park Rd,41.954177,-87.664358,4828.0,2182.0,7010.0,0.0015595504050050326,0.0018115159948062125,0.001630126410373278,0.00025196558980117995,-0.00025196558980117995,weekend_oriented
Broadway & Wilson Ave,41.965221,-87.658139,6703.0,2908.0,9611.0,0.0021652167284069456,0.0024142477144346777,0.0022349707460909522,0.00024903098602773203,-0.00024903098602773203,weekend_oriented
Wells St & 19th St,41.856802,-87.633879,1005.0,687.0,1692.0,0.0003246371493434254,0.0005703535694004894,0.0003934627512627085,0.00024571642005706405,-0.00024571642005706405,weekend_oriented
Glenwood Ave & Morse Ave,42.00797192287,-87.6655023944,2984.0,1446.0,4430.0,0.000963897764816698,0.0012004821853757027,0.0010301654775968076,0.0002365844205590048,-0.0002365844205590048,weekend_oriented
Wabash Ave & Cermak Rd,41.852619,-87.626488,1977.0,1054.0,3031.0,0.0006386145713949771,0.0008750402651355399,0.0007048378245137526,0.00023642569374056279,-0.00023642569374056279,weekend_oriented
Fairbanks Ct & Grand Ave,41.89184737210993,-87.62058019638062,11156.0,4623.0,15779.0,0.003603633868731596,0.00383805611548539,0.0036692959528216765,0.00023442224675379424,-0.00023442224675379424,weekend_oriented
Sheridan Rd & Irving Park Rd,41.954245,-87.654406,9501.0,3972.0,13473.0,0.0030690323939421738,0.0032975900693722623,0.0031330518012780565,0.0002285576754300885,-0.0002285576754300885,weekend_oriented
Racine Ave & Wrightwood Ave,41.928887,-87.658971,4226.0,1919.0,6145.0,0.001365091137438125,0.0015931710330124298,0.0014289767177951204,0.00022807989557430478,-0.00022807989557430478,weekend_oriented
Wentworth Ave & 24th St,41.85008369347577,-87.6321405172348,1135.0,714.0,1849.0,0.0003666300144326247,0.0005927692118660109,0.0004299720018231371,0.0002261391974333862,-0.0002261391974333862,weekend_oriented
Western Ave & Leland Ave,41.96579395810278,-87.68859948272886,3296.0,1551.0,4847.0,0.0010646806410307763,0.001287654128297175,0.0011271359074292837,0.00022297348726639868,-0.00022297348726639868,weekend_oriented
Winthrop Ave & Lawrence Ave,41.968812,-87.657659,4036.0,1837.0,5873.0,0.0013037169500000646,0.001525093896635661,0.0013657250225566706,0.00022137694663559642,-0.00022137694663559642,weekend_oriented
California Ave & Milwaukee Ave,41.922695,-87.697153,7295.0,3104.0,10399.0,0.0023564457755823765,0.002576968674554759,0.0024182146278846958,0.00022052289897238255,-0.00022052289897238255,weekend_oriented
Central Park Ave & Elbridge Ave,41.93533728263,-87.71688929350002,2050.0,1062.0,3112.0,0.0006621951802527583,0.0008816819369771759,0.0007236738072869674,0.00021948675672441758,-0.00021948675672441758,weekend_oriented
Leavitt St & Armitage Ave,41.917805,-87.68243699999998,3513.0,1631.0,5144.0,0.0011347764235258243,0.0013540708467135348,0.0011962011775977378,0.00021929442318771044,-0.00021929442318771044,weekend_oriented
Michigan Ave & 14th St,41.864059,-87.623727,7268.0,3090.0,10358.0,0.0023477241805253887,0.002565345748831896,0.0024086803649994884,0.0002176215683065072,-0.0002176215683065072,weekend_oriented
Damen Ave & Charleston St,41.920082,-87.677855,3639.0,1669.0,5308.0,0.001175477200458433,0.0013856187879613057,0.0012343382291385677,0.0002101415875028728,-0.0002101415875028728,weekend_oriented
Archer Ave & Wentworth Ave,41.8546868,-87.6308531,802.0,565.0,1367.0,0.00025906367539644496,0.00046906807381554087,0.0003178862771726492,0.0002100043984190959,-0.0002100043984190959,weekend_oriented
Honore St & Division St,41.903119,-87.673935,7017.0,2983.0,10000.0,0.0022666456486993194,0.0024765133879500146,0.002325429972001823,0.00020986773925069525,-0.00020986773925069525,weekend_oriented
California Ave & Montrose Ave,41.961068,-87.69543899999998,2240.0,1122.0,3362.0,0.0007235693676908188,0.0009314944757894458,0.000781809556587013,0.00020792510809862692,-0.00020792510809862692,weekend_oriented
Damen Ave & Clybourn Ave,41.931931,-87.677856,2782.0,1329.0,4111.0,0.0008986473129088652,0.0011033477346917766,0.0009559842614899495,0.00020470042178291137,-0.00020470042178291137,weekend_oriented
Campbell Ave & Fullerton Ave,41.92463247165,-87.6893070063,1604.0,870.0,2474.0,0.0005181273507928899,0.0007222818127779124,0.000575311375073251,0.00020415446198502251,-0.00020415446198502251,weekend_oriented
Clark St & Montrose Ave,41.961588,-87.666036,4838.0,2124.0,6962.0,0.0015627806253965095,0.0017633638739543518,0.0016189643465076692,0.00020058324855784233,-0.00020058324855784233,weekend_oriented
Broadway & Berwyn Ave,41.97836100000001,-87.659789,5000.0,2182.0,7182.0,0.001615110195738435,0.0018115159948062125,0.0016701238058917094,0.00019640579906777763,-0.00019640579906777763,weekend_oriented
Hoyne Ave & Balmoral Ave,41.979851,-87.681932,1412.0,784.0,2196.0,0.000456107119276534,0.0006508838404803257,0.0005106644218516004,0.00019477672120379175,-0.00019477672120379175,weekend_oriented
Lincoln Ave & Byron St,41.952372,-87.677296,2995.0,1390.0,4385.0,0.0009674510072473225,0.001153990482484251,0.0010197010427227995,0.00018653947523692858,-0.00018653947523692858,weekend_oriented
Dearborn St & Division St,41.9043,-87.62991,1874.0,952.0,2826.0,0.0006053433013627654,0.0007903589491546812,0.0006571665100877152,0.00018501564779191577,-0.00018501564779191577,weekend_oriented
Ravenswood Ave & Irving Park Rd,41.95469,-87.67393,3286.0,1499.0,4785.0,0.0010614504206392995,0.0012444832613265411,0.0011127182416028724,0.00018303284068724168,-0.00018303284068724168,weekend_oriented
Blue Island Ave & 18th St,41.857556,-87.661535,3378.0,1531.0,4909.0,0.0010911684482408867,0.001271049948693085,0.0011415535732556949,0.00017988150045219835,-0.00017988150045219835,weekend_oriented
W Armitage Ave & N Sheffield Ave,41.917805,-87.653449,2720.0,1274.0,3994.0,0.0008786199464817085,0.0010576862407805294,0.0009287767308175282,0.00017906629429882085,-0.00017906629429882085,weekend_oriented
Milwaukee Ave & Rockwell St,41.92032879364165,-87.69308613427661,2574.0,1215.0,3789.0,0.0008314587287661463,0.001008703910948464,0.0008811054163914908,0.00017724518218231765,-0.00017724518218231765,weekend_oriented
Sheridan Rd & Greenleaf Ave,42.01058656284,-87.66241209479999,1337.0,731.0,2068.0,0.00043188046634045745,0.0006068827645294873,0.000480898918209977,0.0001750022981890299,-0.0001750022981890299,weekend_oriented
The Salt Shed,41.90689,-87.65978,895.0,555.0,1450.0,0.00028910472503717986,0.0004607659840134959,0.00033718734594026436,0.00017166125897631601,-0.00017166125897631601,weekend_oriented
Troy St & North Ave,41.909769301690005,-87.7052804871,1199.0,672.0,1871.0,0.00038730342493807667,0.000557900434697422,0.0004350879477615411,0.00017059700975934533,-0.00017059700975934533,weekend_oriented
Halsted St & Willow St,41.913865,-87.648755,5938.0,2513.0,8451.0,0.0019181048684589652,0.0020863151672539013,0.001965220869338741,0.00016821029879493608,-0.00016821029879493608,weekend_oriented
Damen Ave & Melrose Ave,41.9406,-87.6785,2726.0,1263.0,3989.0,0.0008805580787165947,0.0010485539419982798,0.0009276140158315273,0.00016799586328168506,-0.00016799586328168506,weekend_oriented
Halsted St & Armitage Ave,41.91823000000001,-87.64878999999999,1123.0,634.0,1757.0,0.00036275374996285245,0.0005263524934496512,0.00040857804608072034,0.0001635987434867987,-0.0001635987434867987,weekend_oriented
Clark St & Schreiber Ave,41.999245,-87.671249,2119.0,1021.0,3140.0,0.0006844837009539487,0.0008476433687887915,0.0007301850112085724,0.00016315966783484283,-0.00016315966783484283,weekend_oriented
Lincoln Ave & Waveland Ave,41.948797,-87.675278,3124.0,1410.0,4534.0,0.001009120850297374,0.0011705946620883408,0.0010543499493056265,0.00016147381179096678,-0.00016147381179096678,weekend_oriented
Damen Ave & Foster Ave,41.9758109755749,-87.67950989857908,3455.0,1536.0,4991.0,0.0011160411452552585,0.0012752009935941076,0.0011606220990261098,0.00015915984833884912,-0.00015915984833884912,weekend_oriented
California Ave & North Ave,41.910044,-87.697167,2470.0,1151.0,3621.0,0.0007978644366947868,0.0009555705362153761,0.0008420381928618602,0.00015770609952058933,-0.00015770609952058933,weekend_oriented
Richmond St & Diversey Ave,41.93190196886,-87.7011951301,1863.0,914.0,2777.0,0.0006017900589321408,0.0007588110079069103,0.0006457719032249063,0.00015702094897476955,-0.00015702094897476955,weekend_oriented
Clark/Newport Corral,41.9449411,-87.654611,576.0,413.0,989.0,0.0001860606945490677,0.0003428763088244573,0.0002299850242309803,0.00015681561427538962,-0.00015681561427538962,weekend_oriented
California Ave & Cortez St,41.900363,-87.696704,3742.0,1642.0,5384.0,0.0012087484704906446,0.0013632031454957842,0.0012520114969257815,0.0001544546750051395,-0.0001544546750051395,weekend_oriented
South Shore Dr & 71st St,41.7664094567,-87.5656875719,770.0,485.0,1255.0,0.00024872697014371894,0.0004026513553991811,0.00029184146148622883,0.00015392438525546213,-0.00015392438525546213,weekend_oriented
Seeley Ave & Roscoe St,41.943403,-87.679618,3473.0,1536.0,5009.0,0.0011218555419599168,0.0012752009935941076,0.0011648078729757131,0.0001533454516341908,-0.0001533454516341908,weekend_oriented
Wabash Ave & Roosevelt Rd,41.867227,-87.625961,12698.0,5124.0,17822.0,0.0041017338530973295,0.004253990814567843,0.004144381296101649,0.00015225696147051337,-0.00015225696147051337,weekend_oriented
Hudson Ave & Armitage Ave,41.91818,-87.63999999999999,1347.0,706.0,2053.0,0.00043511068673193434,0.0005861275400243749,0.0004774107732519743,0.00015101685329244058,-0.00015101685329244058,weekend_oriented
Clark St & Eddy St,41.94628,-87.65627,1503.0,765.0,2268.0,0.00048550212483897354,0.0006351098698564403,0.0005274075176500135,0.00014960774501746672,-0.00014960774501746672,weekend_oriented
State St & Randolph St,41.88462107257936,-87.62783423066139,8847.0,3622.0,12469.0,0.0028577759803395868,0.0030070169263006884,0.0028995786320890732,0.0001492409459611017,-0.0001492409459611017,weekend_oriented
Sheffield Ave & Kingsbury St,41.91052201283299,-87.653106010569,8290.0,3404.0,11694.0,0.002677852704534325,0.0028260313686161082,0.002719357809258932,0.00014817866408178317,-0.00014817866408178317,weekend_oriented
Leavitt St & Addison St,41.946655,-87.683359,1751.0,859.0,2610.0,0.0005656115905475999,0.000713149513995663,0.0006069372226924759,0.00014753792344806313,-0.00014753792344806313,weekend_oriented
Mies van der Rohe Way & Chestnut St,41.8985866514,-87.6219152258,10250.0,4165.0,14415.0,0.0033109759012637913,0.00345782040255173,0.0033521073046406283,0.00014684450128793882,-0.00014684450128793882,weekend_oriented
Lincoln Ave & Dickens Ave,41.92012,-87.6416,1377.0,712.0,2089.0,0.00044480134790636494,0.0005911087939056019,0.0004857823211511809,0.00014630744599923693,-0.00014630744599923693,weekend_oriented
Ashland Ave & Belle Plaine Ave,41.9557944253819,-87.66915741480612,1712.0,841.0,2553.0,0.0005530137310208401,0.0006982057523519821,0.0005936822718520655,0.00014519202133114197,-0.00014519202133114197,weekend_oriented
Kedzie Ave & Palmer Ct,41.921525,-87.707322,2911.0,1303.0,4214.0,0.0009403171559589168,0.0010817623012064597,0.0009799361902015683,0.00014144514524754297,-0.00014144514524754297,weekend_oriented
Ashland Ave & Wellington Ave,41.936083,-87.669807,4329.0,1854.0,6183.0,0.001398362407470337,0.0015392074492991375,0.0014378133516887272,0.00014084504182880053,-0.00014084504182880053,weekend_oriented
Lake Park Ave & 35th St,41.83127423549,-87.6087991946,1411.0,718.0,2129.0,0.0004557840972373863,0.0005960900477868289,0.0004950840410391881,0.00014030595054944262,-0.00014030595054944262,weekend_oriented
Michigan Ave & 18th St,41.857926,-87.62433600000001,5740.0,2402.0,8142.0,0.0018541465047077232,0.001994161970451202,0.0018933650832038845,0.00014001546574347878,-0.00014001546574347878,weekend_oriented
Ashland Ave & Blackhawk St,41.907066,-87.667252,5310.0,2229.0,7539.0,0.0017152470278742177,0.001850535816875824,0.0017531416558921745,0.00013528878900160636,-0.00013528878900160636,weekend_oriented
Lincoln Ave & Montana St,41.926570000000005,-87.65059999999998,1040.0,567.0,1607.0,0.00033594292071359444,0.00047072849177594983,0.000373696596500693,0.0001347855710623554,-0.0001347855710623554,weekend_oriented
Damen Ave & Wellington Ave,41.93588,-87.67842000000002,3252.0,1424.0,4676.0,0.001050467671308278,0.0011822175878112037,0.0010873710549080525,0.00013174991650292565,-0.00013174991650292565,weekend_oriented
Archer & Wentworth,41.8546868,-87.6308531,540.0,366.0,906.0,0.00017443190113975097,0.00030385648675484593,0.00021068395546336517,0.00012942458561509496,-0.00012942458561509496,weekend_oriented
Calumet Ave & 21st St,41.85418424947,-87.6191537415,3458.0,1499.0,4957.0,0.0011170102113727016,0.0012444832613265411,0.0011527156371213038,0.00012747304995383959,-0.00012747304995383959,weekend_oriented
Milwaukee Ave & Armitage Ave,41.91771000000001,-87.68864,721.0,425.0,1146.0,0.0002328988902254823,0.0003528388165869113,0.0002664942747914089,0.00011993992636142898,-0.00011993992636142898,weekend_oriented
Ravenswood Ave & Berteau Ave,41.957921,-87.673567,2958.0,1294.0,4252.0,0.000955499191798858,0.0010742904203846191,0.0009887728240951753,0.00011879122858576114,-0.00011879122858576114,weekend_oriented
Sheffield Ave & Willow St,41.913688,-87.652855,6029.0,2488.0,8517.0,0.0019474998740214048,0.0020655599427487886,0.001980568707153953,0.00011806006872738372,-0.00011806006872738372,weekend_oriented
Damen Ave & Leland Ave,41.967081,-87.679076,4418.0,1860.0,6278.0,0.0014271113689544811,0.0015441887031803646,0.0014599049364227446,0.00011707733422588345,-0.00011707733422588345,weekend_oriented
St. Louis Ave & Fullerton Ave,41.92481559681187,-87.71449506282805,2075.0,948.0,3023.0,0.0006702707312314504,0.0007870381132338633,0.0007029774805361512,0.00011676738200241282,-0.00011676738200241282,weekend_oriented
Stony Island Ave & 63rd St,41.780506,-87.586853,374.0,286.0,660.0,0.00012081024264123492,0.00023743976833848617,0.00015347837815212032,0.00011662952569725124,-0.00011662952569725124,weekend_oriented
Clark St & Elmdale Ave,41.99086044812557,-87.66972362995148,1825.0,850.0,2675.0,0.0005895152214445287,0.0007056776331738225,0.0006220525175104877,0.00011616241172929384,-0.00011616241172929384,weekend_oriented
Leavitt St & North Ave,41.91026962479713,-87.68234483279865,3718.0,1581.0,5299.0,0.0012009959415511002,0.00131256039770331,0.0012322453421637662,0.00011156445615220973,-0.00011156445615220973,weekend_oriented
Rockwell St & Fletcher St,41.93877151938426,-87.69298122576966,1166.0,588.0,1754.0,0.000376643697646203,0.0004881628803602443,0.00040788041708911976,0.0001115191827140413,-0.0001115191827140413,weekend_oriented
LaSalle Dr & Huron St,41.894877,-87.632326,6957.0,2841.0,9798.0,0.002247264326350458,0.0023586237127609763,0.0022784562865673865,0.00011135938641051828,-0.00011135938641051828,weekend_oriented
Cornell Ave & Hyde Park Blvd,41.802406,-87.586924,4428.0,1856.0,6284.0,0.0014303415893459578,0.0015408678672595465,0.0014613001944059456,0.00011052627791358874,-0.00011052627791358874,weekend_oriented
Lincoln Ave & Addison St,41.946176,-87.673308,2732.0,1196.0,3928.0,0.0008824962109514808,0.0009929299403245784,0.0009134288930023162,0.00011043372937309768,-0.00011043372937309768,weekend_oriented
Lincoln Ave & Belle Plaine Ave,41.95600355078549,-87.68016144633293,3354.0,1437.0,4791.0,0.0010834159193013422,0.0011930103045538624,0.0011141134995860734,0.00010959438525252017,-0.00010959438525252017,weekend_oriented
Paulina Ave & North Ave,41.90985465216731,-87.66993016004562,4543.0,1897.0,6440.0,0.0014674891238479419,0.001574906435447931,0.001497576901969174,0.00010741731159998914,-0.00010741731159998914,weekend_oriented
Greenview Ave & Diversey Pkwy,41.93258963429789,-87.66593635082245,3947.0,1665.0,5612.0,0.0012749679885159205,0.0013822979520404877,0.001305031300287423,0.00010732996352456718,-0.00010732996352456718,weekend_oriented
State St & Harrison St,41.874053,-87.627716,4946.0,2052.0,6998.0,0.0015976670056244598,0.001703588827379628,0.0016273358944068758,0.00010592182175516818,-0.00010592182175516818,weekend_oriented
Burling St & Armitage Ave,41.91808,-87.64728,596.0,354.0,950.0,0.00019252113533202144,0.00029389397899239197,0.0002209158473401732,0.00010137284366037053,-0.00010137284366037053,weekend_oriented
Paulina St & Montrose Ave,41.961507,-87.67138699999998,3282.0,1397.0,4679.0,0.0010601583324827085,0.0011598019453456824,0.001088068683899653,9.964361286297387e-05,-9.964361286297387e-05,weekend_oriented
Broadway & Sunnyside Ave,41.963419,-87.656069,1742.0,796.0,2538.0,0.0005627043921952708,0.0006608463482427796,0.0005901941268940627,9.81419560475089e-05,-9.81419560475089e-05,weekend_oriented
Sheffield Ave & Wellington Ave,41.936253484169214,-87.6526620968688,9145.0,3675.0,12820.0,0.0029540365480055972,0.0030510180022515266,0.0029812012241063374,9.698145424592939e-05,-9.698145424592939e-05,weekend_oriented
Sheridan Rd & Loyola Ave,42.00104377979,-87.6611982433,2678.0,1158.0,3836.0,0.0008650530208375057,0.0009613819990768076,0.0008920349372598993,9.632897823930186e-05,-9.632897823930186e-05,weekend_oriented
Halsted St & Archer Ave,41.847203,-87.646795,1624.0,747.0,2371.0,0.0005245877915758437,0.0006201661082127593,0.0005513594463616323,9.55783166369156e-05,-9.55783166369156e-05,weekend_oriented
Ashland Ave & 13th St,41.86523400000001,-87.66650700000001,2189.0,965.0,3154.0,0.0007070952436942868,0.0008011516658973397,0.000733440613169375,9.405642220305292e-05,-9.405642220305292e-05,weekend_oriented
California Ave & Byron St,41.95216219326,-87.698051113,1724.0,784.0,2508.0,0.0005568899954906123,0.0006508838404803257,0.0005832178369780572,9.39938449897134e-05,-9.39938449897134e-05,weekend_oriented
Leavitt St & Lawrence Ave,41.968885,-87.684001,2439.0,1061.0,3500.0,0.0007878507534812085,0.0008808517279969714,0.0008139004902006381,9.300097451576288e-05,-9.300097451576288e-05,weekend_oriented
Wabansia & Milwaukee,41.913754,-87.6826658,945.0,476.0,1421.0,0.0003052558269945642,0.0003951794745773406,0.00033044359902145904,8.992364758277641e-05,-8.992364758277641e-05,weekend_oriented
Central St Metra,42.063598,-87.69873,835.0,432.0,1267.0,0.0002697234026883186,0.00035865027944834274,0.000294631977452631,8.892687676002414e-05,-8.892687676002414e-05,weekend_oriented
Chicago Ave & Sheridan Rd,42.050491,-87.677821,3545.0,1484.0,5029.0,0.0011451131287785502,0.0012320301266234737,0.0011694587329197168,8.691699784492348e-05,-8.691699784492348e-05,weekend_oriented
Halsted St & Belden St,41.92365,-87.64894,1377.0,640.0,2017.0,0.00044480134790636494,0.0005313337473308781,0.00046903922535276773,8.653239942451316e-05,-8.653239942451316e-05,weekend_oriented
Greenview Ave & Jarvis Ave,42.015962,-87.66857,2024.0,889.0,2913.0,0.0006537966072349184,0.0007380557834017979,0.0006773977508441311,8.425917616687953e-05,-8.425917616687953e-05,weekend_oriented
Ashland Ave & Grace St,41.950771514725965,-87.66872750341331,3618.0,1509.0,5127.0,0.0011686937376363315,0.001252785351128586,0.0011922479466453346,8.409161349225451e-05,-8.409161349225451e-05,weekend_oriented
Cottage Grove Ave & Oakwood Blvd,41.822985,-87.6071,704.0,373.0,1077.0,0.0002274075155599716,0.0003096679496162774,0.00025044880798459634,8.226043405630578e-05,-8.226043405630578e-05,weekend_oriented
Leavitt St & Belmont Ave,41.939354,-87.683282,3025.0,1268.0,4293.0,0.000977141668421753,0.0010527049868993023,0.0009983070869803827,7.55633184775493e-05,-7.55633184775493e-05,weekend_oriented
California Ave & Altgeld St,41.92669,-87.697668,2161.0,929.0,3090.0,0.0006980506265981515,0.0007712641426099778,0.0007185578613485633,7.321351601182629e-05,-7.321351601182629e-05,weekend_oriented
Greenview Ave & Fullerton Ave,41.92533,-87.6658,5695.0,2303.0,7998.0,0.0018396105129460773,0.0019119712814109568,0.001859878891607058,7.236076846487945e-05,-7.236076846487945e-05,weekend_oriented
California Ave & Fletcher St,41.93842879148,-87.698007756,2152.0,921.0,3073.0,0.0006951434282458223,0.0007646224707683418,0.0007146046303961603,6.947904252251947e-05,-6.947904252251947e-05,weekend_oriented
Emerald Ave & 31st St,41.83819799627639,-87.64514298911445,2532.0,1068.0,3600.0,0.0008178918031219434,0.0008866631908584029,0.0008371547899206563,6.87713877364595e-05,-6.87713877364595e-05,weekend_oriented
Wentworth Ave & 35th St,41.830777,-87.632504,1271.0,577.0,1848.0,0.0004105610117567101,0.00047903058157799483,0.00042973945882593693,6.84695698212847e-05,-6.84695698212847e-05,weekend_oriented
Kostner Ave & Bryn Mawr Ave,41.982765,-87.738094,195.0,158.0,353.0,6.298929763379896e-05,0.00013117301887231053,8.208767801166435e-05,6.818372123851158e-05,-6.818372123851158e-05,weekend_oriented
Central St & Girard Ave,42.064313,-87.686152,606.0,317.0,923.0,0.0001957513557234983,0.0002631762467248256,0.00021463718641576826,6.742489100132728e-05,-6.742489100132728e-05,weekend_oriented
Milwaukee Ave & Highland Ave,41.99636,-87.78674,134.0,133.0,267.0,4.328495324579006e-05,0.00011041779436719812,6.208898025244868e-05,6.713284112140806e-05,-6.713284112140806e-05,weekend_oriented
Clark/Eddy,41.94659999999999,-87.65610000000001,543.0,292.0,835.0,0.00017540096725719403,0.00024242102221971315,0.00019417340266215222,6.702005496251912e-05,-6.702005496251912e-05,weekend_oriented
Clark St & 9th St (AMLI),41.870816,-87.631246,2845.0,1187.0,4032.0,0.0009189977013751694,0.000985458059502738,0.0009376133647111351,6.646035812756868e-05,-6.646035812756868e-05,weekend_oriented
Spaulding Ave & Armitage Ave,41.91710803478932,-87.71022096276283,3578.0,1472.0,5050.0,0.001155772856070424,0.0012220676188610198,0.0011743421358609207,6.629476279059582e-05,-6.629476279059582e-05,weekend_oriented
Damen Ave & Sunnyside Ave,41.96325,-87.679258,2767.0,1156.0,3923.0,0.0008938019823216499,0.0009597215811163986,0.0009122661780163152,6.59195987947487e-05,-6.59195987947487e-05,weekend_oriented
Calumet Ave & 35th St,41.831379,-87.618034,927.0,440.0,1367.0,0.0002994414302899058,0.0003652919512899787,0.0003178862771726492,6.585052100007289e-05,-6.585052100007289e-05,weekend_oriented
Hastings LWS,41.8635164,-87.6797485,227.0,167.0,394.0,7.332600288652494e-05,0.00013864489969415102,9.162194089687183e-05,6.531889680762607e-05,-6.531889680762607e-05,weekend_oriented
South Shore Dr & 67th St,41.773643,-87.567514,618.0,319.0,937.0,0.00019962762019327054,0.00026483666468523454,0.00021789278837657083,6.5209044491964e-05,-6.5209044491964e-05,weekend_oriented
Emerald Ave & 28th St,41.84358000000001,-87.64536800000002,1107.0,508.0,1615.0,0.00035758539733648945,0.0004217461619438845,0.00037555694047829445,6.416076460739504e-05,-6.416076460739504e-05,weekend_oriented
Budlong Woods Library,41.98366470886,-87.6964225611,451.0,252.0,703.0,0.00014568293965560683,0.00020921266301153325,0.00016347772703172818,6.352972335592642e-05,-6.352972335592642e-05,weekend_oriented
Cottage Grove Ave & 43rd St,41.816499,-87.606582,383.0,225.0,608.0,0.00012371744099356412,0.00018679702054601185,0.00014138614229771085,6.307957955244774e-05,-6.307957955244774e-05,weekend_oriented
Wentworth Ave & 33rd St,41.83452988563,-87.6318229814,1250.0,562.0,1812.0,0.0004037775489346087,0.00046657744687492734,0.00042136791092673033,6.279989794031861e-05,-6.279989794031861e-05,weekend_oriented
Eastlake Ter & Howard St,42.01920250193227,-87.66430288553238,1008.0,465.0,1473.0,0.0003256062154608685,0.00038604717579509114,0.00034253583487586857,6.0440960334222664e-05,-6.0440960334222664e-05,weekend_oriented
Clark St & Chicago Ave,41.89675,-87.63089,7907.0,3149.0,11056.0,0.0025541352635407607,0.002614328078663961,0.0025709953770452158,6.019281512320042e-05,-6.019281512320042e-05,weekend_oriented
Big Marsh Park,41.68587705562333,-87.57382392883301,127.0,121.0,248.0,4.1023798971756244e-05,0.00010045528660474414,5.7670663305645214e-05,5.94314876329879e-05,-5.94314876329879e-05,weekend_oriented
Broadway & Cuyler Ave,41.955417,-87.6515,333.0,201.0,534.0,0.00010756633903617977,0.0001668720050211039,0.00012417796050489735,5.930566598492414e-05,-5.930566598492414e-05,weekend_oriented
Conservatory Dr & Lake St,41.885502,-87.716866,278.0,179.0,457.0,8.980012688305697e-05,0.00014860740745660498,0.00010627214972048331,5.8807280573548005e-05,-5.8807280573548005e-05,weekend_oriented
Steelworkers Park,41.73793,-87.53091,93.0,107.0,200.0,3.0041049640734888e-05,8.883236088188119e-05,4.650859944003646e-05,5.87913112411463e-05,-5.87913112411463e-05,weekend_oriented
Clark St & Fletcher St,41.93894,-87.65030999999999,512.0,270.0,782.0,0.00016538728404361572,0.00022415642465521422,0.00018184862381054258,5.87691406115985e-05,-5.87691406115985e-05,weekend_oriented
Southport Ave & Clark St,41.957081,-87.664199,2423.0,1013.0,3436.0,0.0007826824008548456,0.0008410016969471556,0.0007990177383798264,5.8319296092309994e-05,-5.8319296092309994e-05,weekend_oriented
Kosciuszko Park,41.93058537138,-87.7237773635,1578.0,684.0,2262.0,0.0005097287777750501,0.000567862942459876,0.0005260122596668124,5.813416468482594e-05,-5.813416468482594e-05,weekend_oriented
Damen Ave & Thomas St (Augusta Blvd),41.901315,-87.677409,5269.0,2120.0,7389.0,0.0017020031242691626,0.0017600430380335338,0.0017182602063121472,5.803991376437121e-05,-5.803991376437121e-05,weekend_oriented
Chicago Ave & Washington St,42.032562,-87.679101,1971.0,836.0,2807.0,0.000636676439160091,0.0006940547074509595,0.0006527481931409118,5.7378268290868544e-05,-5.7378268290868544e-05,weekend_oriented
Keeler Ave & Carmen Ave,41.974323,-87.7331,223.0,155.0,378.0,7.203391472993419e-05,0.00012868239193169706,8.790125294166891e-05,5.6648477201762864e-05,-5.6648477201762864e-05,weekend_oriented
Woodlawn Ave & Lake Park Ave,41.81409271048,-87.5970051479,857.0,401.0,1258.0,0.0002768298875495677,0.00033291380106200335,0.00029253909047782936,5.608391351243563e-05,-5.608391351243563e-05,weekend_oriented
Clark St & Columbia Ave,42.00445062934,-87.6724024047,1612.0,693.0,2305.0,0.0005207115271060714,0.0005753348232817165,0.0005360116085464203,5.462329617564505e-05,-5.462329617564505e-05,weekend_oriented
Warren Park West,42.001785,-87.688829,797.0,375.0,1172.0,0.0002574485652007065,0.0003113283675766864,0.0002725403927186137,5.38798023759799e-05,-5.38798023759799e-05,weekend_oriented
McCormick Blvd & Devon Ave,41.997197299082565,-87.71105704770642,739.0,351.0,1090.0,0.00023871328693014066,0.0002914033520517785,0.00025347186694819874,5.269006512163783e-05,-5.269006512163783e-05,weekend_oriented
Clark St & Jarvis Ave,42.015963000000006,-87.675005,885.0,407.0,1292.0,0.000285874504645703,0.0003378950549432303,0.00030044555238263555,5.2020550297527334e-05,-5.2020550297527334e-05,weekend_oriented
State St & 19th St,41.856594,-87.627542,1915.0,807.0,2722.0,0.0006185872049678206,0.0006699786470250292,0.0006329820383788962,5.139144205720857e-05,-5.139144205720857e-05,weekend_oriented
Laramie Ave & Irving Park Rd,41.9533354,-87.75838439999998,250.0,157.0,407.0,8.075550978692174e-05,0.00013034280989210605,9.46449998604742e-05,4.958730010518431e-05,-4.958730010518431e-05,weekend_oriented
Campbell Ave & North Ave,41.910535,-87.689556,3921.0,1585.0,5506.0,0.0012665694154980805,0.001315881233624128,0.001280381742584204,4.931181812604739e-05,-4.931181812604739e-05,weekend_oriented
Western Ave & 24th St,41.84847,-87.68510899999998,500.0,253.0,753.0,0.00016151101957384347,0.00021004287199173776,0.0001751048768917373,4.8531852417894286e-05,-4.8531852417894286e-05,weekend_oriented
Loomis St & Archer Ave,41.84163253965,-87.6574349533,619.0,299.0,918.0,0.00019995064223241824,0.0002482324850811446,0.00021347447142976736,4.828184284872637e-05,-4.828184284872637e-05,weekend_oriented
Dodge Ave & Mulford St,42.023463,-87.699595,303.0,175.0,478.0,9.787567786174915e-05,0.000145286571535787,0.00011115555266168714,4.741089367403784e-05,-4.741089367403784e-05,weekend_oriented
Shields Ave & 31st St,41.838464,-87.635406,2361.0,975.0,3336.0,0.0007626550344276889,0.0008094537556993846,0.0007757634386598082,4.679872127169571e-05,-4.679872127169571e-05,weekend_oriented
Clark St & Touhy Ave,42.01256011541,-87.6743671152,565.0,276.0,841.0,0.00018250745211844313,0.0002291376785364412,0.00019556866064535333,4.663022641799807e-05,-4.663022641799807e-05,weekend_oriented
Ridge Blvd & Howard St,42.019276,-87.68452,443.0,228.0,671.0,0.00014309876334242533,0.00018928764748662533,0.00015603635112132233,4.6188884144200004e-05,-4.6188884144200004e-05,weekend_oriented
Glenwood Ave & Touhy Ave,42.012701,-87.666058,1083.0,477.0,1560.0,0.00034983286839694496,0.0003960096835575451,0.0003627670756322844,4.617681516060014e-05,-4.617681516060014e-05,weekend_oriented
Pine Grove Ave & Wellington Ave,41.93650999999999,-87.64119,338.0,187.0,525.0,0.0001091814492319182,0.00015524907929824095,0.00012208507353009572,4.6067630066322756e-05,-4.6067630066322756e-05,weekend_oriented
Addison Red Line,41.9472,-87.654,390.0,207.0,597.0,0.00012597859526759791,0.00017185325890233089,0.00013882816932850884,4.587466363473297e-05,-4.587466363473297e-05,weekend_oriented
Kedzie Ave & George St,41.933886,-87.707262,1020.0,452.0,1472.0,0.0003294824799306407,0.00037525445905243267,0.0003423032918786684,4.577197912179195e-05,-4.577197912179195e-05,weekend_oriented
MLK Jr Dr & Pershing Rd,41.8246,-87.61678,799.0,366.0,1165.0,0.00025809460927900187,0.00030385648675484593,0.0002709125917382124,4.576187747584406e-05,-4.576187747584406e-05,weekend_oriented
Clinton St & Roosevelt Rd,41.8671177825,-87.6410879593,3984.0,1605.0,5589.0,0.001286919803964385,0.0013324854132282177,0.001299682811351819,4.556560926383276e-05,-4.556560926383276e-05,weekend_oriented
Western Ave & Wabansia Ave,41.91208,-87.68752,444.0,227.0,671.0,0.000143421785381573,0.00018845743850642085,0.00015603635112132233,4.503565312484784e-05,-4.503565312484784e-05,weekend_oriented
Central Park Ave & Bloomingdale Ave,41.914166,-87.716755,1577.0,667.0,2244.0,0.0005094057557359023,0.0005537493897963996,0.0005218264857172092,4.4343634060497214e-05,-4.4343634060497214e-05,weekend_oriented
Lincoln Ave & Melrose St,41.9406,-87.669435,7016.0,2783.0,9799.0,0.002266322626660172,0.002310471591909115,0.0022786888295645864,4.4148965248943205e-05,-4.4148965248943205e-05,weekend_oriented
Morgan St & 18th St,41.858086,-87.651073,3619.0,1461.0,5080.0,0.0011690167596754791,0.0012129353200787702,0.001181318425776926,4.391856040329104e-05,-4.391856040329104e-05,weekend_oriented
Central Park Ave & Ogden Ave,41.854063503874464,-87.71511733531952,335.0,183.0,518.0,0.00010821238311447514,0.00015192824337742296,0.00012045727254969444,4.371586026294783e-05,-4.371586026294783e-05,weekend_oriented
Clark/Newport,41.9449,-87.65460000000002,356.0,189.0,545.0,0.00011499584593657656,0.00015690949725864994,0.00012673593347409937,4.1913651322073386e-05,-4.1913651322073386e-05,weekend_oriented
Wallace St & 35th St,41.83070705144085,-87.64125533401966,864.0,386.0,1250.0,0.0002790910418236015,0.00032046066635893586,0.0002906787465002279,4.136962453533434e-05,-4.136962453533434e-05,weekend_oriented
Albany Ave & 16th St,41.85936,-87.70302,59.0,72.0,131.0,1.905830030971353e-05,5.977504657472379e-05,3.046313263322388e-05,4.071674626501026e-05,-4.071674626501026e-05,weekend_oriented
Central Park Blvd & 5th Ave,41.875679,-87.71547,155.0,109.0,264.0,5.006841606789148e-05,9.049277884229018e-05,6.139135126084814e-05,4.04243627743987e-05,-4.04243627743987e-05,weekend_oriented
Wood St & Beach Ave,41.907655,-87.672552,2220.0,912.0,3132.0,0.0007171089269078651,0.0007571505899465013,0.000728324667230971,4.004166303863625e-05,-4.004166303863625e-05,weekend_oriented
Burnham Greenway & 112th St,41.69177385116831,-87.53043115139008,119.0,94.0,213.0,3.843962265857475e-05,7.803964413922273e-05,4.953165840363883e-05,3.960002148064798e-05,-3.960002148064798e-05,weekend_oriented
Addison/Sheffield SW Corral,41.9469539,-87.65441230000002,343.0,180.0,523.0,0.00011079655942765663,0.00014943761643680946,0.00012161998753569535,3.8641057009152836e-05,-3.8641057009152836e-05,weekend_oriented
Damen Ave & St Paul Ave,41.91301,-87.67778000000001,576.0,270.0,846.0,0.0001860606945490677,0.00022415642465521422,0.00019673137563135424,3.809573010614653e-05,-3.809573010614653e-05,weekend_oriented
Evanston Civic Center,42.057044,-87.686554,1044.0,452.0,1496.0,0.0003372350088701852,0.00037525445905243267,0.0003478843238114727,3.801945018224747e-05,-3.801945018224747e-05,weekend_oriented
Leavitt St & Hirsch St,41.90689,-87.68233,454.0,222.0,676.0,0.0001466520057730499,0.00018430639360539835,0.00015719906610732324,3.765438783234846e-05,-3.765438783234846e-05,weekend_oriented
Addison/Racine Corral,41.9470683,-87.6593535,697.0,315.0,1012.0,0.00022514636128593781,0.00026151582876441656,0.0002353335131665845,3.636946747847874e-05,-3.636946747847874e-05,weekend_oriented
Damen Ave & Wabansia Ave,41.91227003510449,-87.67728471402764,2001.0,822.0,2823.0,0.0006463671003345216,0.0006824317817280966,0.0006564688810961147,3.606468139357496e-05,-3.606468139357496e-05,weekend_oriented
Broadway & Roscoe Ave,41.94360000000001,-87.64532000000001,639.0,292.0,931.0,0.00020641108301537196,0.00024242102221971315,0.00021649753039336972,3.6009939204341185e-05,-3.6009939204341185e-05,weekend_oriented
Spaulding Ave & Division St,41.90270659438,-87.709219571,1357.0,570.0,1927.0,0.0004383409071234112,0.0004732191187165633,0.0004481103556047513,3.4878211593152085e-05,-3.4878211593152085e-05,weekend_oriented
Sedgwick St & North Ave,41.910983,-87.638525,8133.0,3206.0,11339.0,0.002627138244388138,0.002661649990535618,0.0026368050452528673,3.451174614747983e-05,-3.451174614747983e-05,weekend_oriented
Waveland/Racine Corral,41.9488214,-87.6592823,744.0,331.0,1075.0,0.0002403283971258791,0.00027479917244768856,0.000249983721990196,3.4470775321809454e-05,-3.4470775321809454e-05,weekend_oriented
Addison/Wilton Corral,41.9473827,-87.6531716,385.0,191.0,576.0,0.00012436348507185947,0.00015856991521905894,0.000133944766387305,3.4206430147199466e-05,-3.4206430147199466e-05,weekend_oriented
Addison/Racine,41.94729999999999,-87.6592,176.0,109.0,285.0,5.68518788899929e-05,9.049277884229018e-05,6.627475420205196e-05,3.364089995229728e-05,-3.364089995229728e-05,weekend_oriented
Grace/Sheffield,41.95120000000001,-87.6546,89.0,75.0,164.0,2.874896148414414e-05,6.226567351533728e-05,3.81370515408299e-05,3.3516712031193144e-05,-3.3516712031193144e-05,weekend_oriented
North Boundary Park,42.01302999999999,-87.70891,372.0,185.0,557.0,0.00012016419856293955,0.00015358866133783196,0.00012952644944050156,3.3424462774892406e-05,-3.3424462774892406e-05,weekend_oriented
Prospect Sq & 91st St,41.7282338,-87.6675239,82.0,72.0,154.0,2.648780721011033e-05,5.977504657472379e-05,3.581162156882808e-05,3.328723936461346e-05,-3.328723936461346e-05,weekend_oriented
Fairfield Ave & Roosevelt Rd,41.866624,-87.694521,185.0,112.0,297.0,5.975907724232209e-05,9.298340578290367e-05,6.906527016845414e-05,3.322432854058158e-05,-3.322432854058158e-05,weekend_oriented
Halsted St & 35th St,41.830661,-87.647172,1625.0,672.0,2297.0,0.0005249108136149913,0.000557900434697422,0.0005341512645688187,3.298962108243069e-05,-3.298962108243069e-05,weekend_oriented
Narragansett Ave & North Ave,41.9095,-87.78491,76.0,69.0,145.0,2.454967497522421e-05,5.72844196341103e-05,3.3718734594026435e-05,3.273474465888609e-05,-3.273474465888609e-05,weekend_oriented
Lavergne Ave & Diversey Ave,41.93128,-87.75141,94.0,76.0,170.0,3.0364071679882576e-05,6.309588249554178e-05,3.953230952403099e-05,3.27318108156592e-05,-3.27318108156592e-05,weekend_oriented
Ping Tom Park (East),41.8579886,-87.6319447,448.0,213.0,661.0,0.00014471387353816377,0.00017683451278355787,0.00015371092114932052,3.21206392453941e-05,-3.21206392453941e-05,weekend_oriented
Western Ave & Fillmore St,41.86856584535612,-87.68623408677644,1531.0,634.0,2165.0,0.0004945467419351087,0.0005263524934496512,0.0005034555889383947,3.180575151454242e-05,-3.180575151454242e-05,weekend_oriented
Racine/Eddy Corral,41.9463404,-87.6591024,506.0,235.0,741.0,0.0001634491518087296,0.00019509911034805682,0.0001723143609253351,3.1649958539327225e-05,-3.1649958539327225e-05,weekend_oriented
Racine Ave & Fullerton Ave,41.925566,-87.658416,7267.0,2865.0,10132.0,0.0023474011584862413,0.002378548728285884,0.002356125647632247,3.114756979964283e-05,-3.114756979964283e-05,weekend_oriented
Lake Park Ave & 47th St,41.809443,-87.591875,1513.0,626.0,2139.0,0.0004887323452304504,0.0005197108216080152,0.00049740947101119,3.0978476377564756e-05,-3.0978476377564756e-05,weekend_oriented
Milwaukee Ave & Agatite Ave,41.9615,-87.75489,285.0,148.0,433.0,9.206128115709078e-05,0.00012287092907026557,0.00010069111778767895,3.080964791317478e-05,-3.080964791317478e-05,weekend_oriented
Dan Ryan Woods & 83rd St,41.742805,-87.680177,143.0,92.0,235.0,4.619215159811924e-05,7.637922617881374e-05,5.464760434204285e-05,3.01870745806945e-05,-3.01870745806945e-05,weekend_oriented
Michigan Ave & Pearson St,41.89766,-87.62351,6057.0,2393.0,8450.0,0.00195654449111754,0.0019866900896293614,0.0019649883263415406,3.0145598511821352e-05,-3.0145598511821352e-05,weekend_oriented
Stony Island Ave & 75th St,41.7586696704,-87.586882871,200.0,114.0,314.0,6.460440782953739e-05,9.464382374331266e-05,7.301850112085725e-05,3.0039415913775278e-05,-3.0039415913775278e-05,weekend_oriented
Sheffield/Newport Corral,41.9446132,-87.6542018,1092.0,461.0,1553.0,0.00035274006674927417,0.00038272633987427316,0.0003611392746518831,2.9986273124998984e-05,-2.9986273124998984e-05,weekend_oriented
Central Ave & Chicago Ave,41.894958,-87.764902,101.0,75.0,176.0,3.2625225953916385e-05,6.226567351533728e-05,4.092756750723209e-05,2.9640447561420895e-05,-2.9640447561420895e-05,weekend_oriented
Racine Ave & Broadway,41.968235,-87.65965479999998,835.0,360.0,1195.0,0.0002697234026883186,0.0002988752328736189,0.00027788888165421785,2.9151830185300326e-05,-2.9151830185300326e-05,weekend_oriented
Rush St & Illinois St,41.89087,-87.62584,836.0,360.0,1196.0,0.00027004642472746633,0.0002988752328736189,0.000278121424651418,2.8828808146152594e-05,-2.8828808146152594e-05,weekend_oriented
Albany Ave & Belmont Ave,41.939638,-87.705263,451.0,210.0,661.0,0.00014568293965560683,0.0001743438858429444,0.00015371092114932052,2.866094618733756e-05,-2.866094618733756e-05,weekend_oriented
Troy St & Elston Ave,41.94524356848,-87.7066499009,1672.0,685.0,2357.0,0.0005400928494549327,0.0005686931514400805,0.0005481038444008297,2.860030198514787e-05,-2.860030198514787e-05,weekend_oriented
Kenmore Ave & School St,41.94166,-87.6556,133.0,86.0,219.0,4.2961931206642365e-05,7.139797229758674e-05,5.0926916386839926e-05,2.8436041090944378e-05,-2.8436041090944378e-05,weekend_oriented
California & 16th St,41.859228,-87.695562,162.0,97.0,259.0,5.2329570341925286e-05,8.053027107983622e-05,6.022863627484722e-05,2.8200700737910935e-05,-2.8200700737910935e-05,weekend_oriented
Stave St & Armitage Ave,41.917741,-87.691392,3045.0,1218.0,4263.0,0.0009836021092047068,0.0010111945378890774,0.0009913307970643773,2.7592428684370665e-05,-2.7592428684370665e-05,weekend_oriented
Sacramento Blvd & Fulton Ave,41.886528,-87.70167,213.0,116.0,329.0,6.880369433845732e-05,9.630424170372166e-05,7.650664607885998e-05,2.7500547365264338e-05,-2.7500547365264338e-05,weekend_oriented
Walsh Park,41.91461,-87.667968,4187.0,1662.0,5849.0,0.0013524932779113653,0.0013798073250998741,0.0013601439906238664,2.7314047188508814e-05,-2.7314047188508814e-05,weekend_oriented
Green St & Washington Blvd,41.88318130575352,-87.64872461685994,4948.0,1958.0,6906.0,0.0015983130497027552,0.0016255491832404053,0.0016059419386644591,2.723613353765005e-05,-2.723613353765005e-05,weekend_oriented
Cottage Grove Ave & 51st St,41.803038,-87.606615,507.0,230.0,737.0,0.0001637721738478773,0.00019094806544703432,0.00017138418893653437,2.7175891599157023e-05,-2.7175891599157023e-05,weekend_oriented
Lincoln Ave & Winona St,41.97491129677,-87.6925025594,1611.0,659.0,2270.0,0.0005203885050669237,0.0005471077179547636,0.0005278726036444138,2.671921288783987e-05,-2.671921288783987e-05,weekend_oriented
Lincoln Ave & Peterson Ave,41.990267,-87.70857,470.0,215.0,685.0,0.00015182035839941287,0.00017849493074396686,0.00015929195308212488,2.667457234455399e-05,-2.667457234455399e-05,weekend_oriented
Meade Ave & Fullerton Ave,41.924751,-87.778272,166.0,96.0,262.0,5.362165849851604e-05,7.970006209963172e-05,6.092626526644776e-05,2.6078403601115687e-05,-2.6078403601115687e-05,weekend_oriented
Dorchester Ave & 49th St,41.805772,-87.592464,773.0,332.0,1105.0,0.00024969603626116203,0.000275629381427893,0.0002569600119062015,2.5933345166730983e-05,-2.5933345166730983e-05,weekend_oriented
Calumet Park,41.71370983035615,-87.53084421157837,87.0,65.0,152.0,2.8102917405848767e-05,5.396358371329231e-05,3.534653557442771e-05,2.5860666307443546e-05,-2.5860666307443546e-05,weekend_oriented
Hampden Ct & Diversey Ave,41.9325593,-87.6423847,1797.0,730.0,2527.0,0.0005804706043483935,0.0006060525555492828,0.0005876361539248607,2.558195120088932e-05,-2.558195120088932e-05,weekend_oriented
State St & Pershing Rd,41.82301523798,-87.62656801850001,52.0,51.0,103.0,1.6797146035679723e-05,4.234065799042935e-05,2.395192871161878e-05,2.554351195474963e-05,-2.554351195474963e-05,weekend_oriented
Public Rack - Springfield Ave & Lawrence Ave,41.9683986,-87.7256873,70.0,58.0,128.0,2.261154274033809e-05,4.815212085186083e-05,2.9765503641623337e-05,2.554057811152274e-05,-2.554057811152274e-05,weekend_oriented
Jeffery Blvd & 71st St,41.76663823695,-87.57645011409998,281.0,140.0,421.0,9.076919300050003e-05,0.00011622925722862959,9.790060182127675e-05,2.546006422812956e-05,-2.546006422812956e-05,weekend_oriented
Albany Ave & Douglas Blvd,41.86310853149135,-87.70312034955664,104.0,71.0,175.0,3.3594292071359445e-05,5.894483759451929e-05,4.0695024510031905e-05,2.5350545523159848e-05,-2.5350545523159848e-05,weekend_oriented
Princeton Ave & 47th St,41.80931770924,-87.633449288,230.0,120.0,350.0,7.4295069003968e-05,9.962507762453964e-05,8.139004902006381e-05,2.533000862057164e-05,-2.533000862057164e-05,weekend_oriented
Wallace St & 28th St,41.843511,-87.6419,200.0,108.0,308.0,6.460440782953739e-05,8.966256986208568e-05,7.162324313765616e-05,2.5058162032548298e-05,-2.5058162032548298e-05,weekend_oriented
Eddy/Seminary Corral,41.9461279,-87.6566721,804.0,342.0,1146.0,0.0002597097194747403,0.000283931471229938,0.0002664942747914089,2.4221751755197694e-05,-2.4221751755197694e-05,weekend_oriented
Rockwell Ave & Logan Blvd,41.92811,-87.69268,283.0,139.0,422.0,9.141523707879542e-05,0.0001153990482484251,9.813314481847693e-05,2.398381116962968e-05,-2.398381116962968e-05,weekend_oriented
Addison/Sheffield SE Corral,41.9470281,-87.654252,250.0,126.0,376.0,8.075550978692174e-05,0.00010460633150576663,8.743616694726854e-05,2.3850821718844888e-05,-2.3850821718844888e-05,weekend_oriented
Central Park Ave & Washington Blvd,41.8827476,-87.7153994,65.0,54.0,119.0,2.0996432544599652e-05,4.483128493104284e-05,2.7672616666821694e-05,2.383485238644319e-05,-2.383485238644319e-05,weekend_oriented
St Clair St & Ohio St,41.89238,-87.62264,1056.0,439.0,1495.0,0.00034111127333995745,0.0003644617423097742,0.00034765178081427254,2.3350468969816755e-05,-2.3350468969816755e-05,weekend_oriented
Avers Ave & Foster Ave,41.97541,-87.72451999999998,149.0,86.0,235.0,4.813028383300536e-05,7.139797229758674e-05,5.464760434204285e-05,2.3267688464581384e-05,-2.3267688464581384e-05,weekend_oriented
Sacramento Blvd & Addison St,41.94609,-87.702988,566.0,248.0,814.0,0.00018283047415759083,0.00020589182709071526,0.0001892899997209484,2.3061352933124432e-05,-2.3061352933124432e-05,weekend_oriented
Rainbow Beach,41.75787096522547,-87.54917675279042,70.0,55.0,125.0,2.261154274033809e-05,4.566149391124734e-05,2.906787465002279e-05,2.304995117090925e-05,-2.304995117090925e-05,weekend_oriented
Francisco Ave & Chicago Ave,41.895745,-87.698653,1397.0,571.0,1968.0,0.0004512617886893187,0.0004740493276967678,0.0004576446184899588,2.2787539007449104e-05,-2.2787539007449104e-05,weekend_oriented
Western Ave & Gunnison St,41.96965951655629,-87.68953755099338,307.0,146.0,453.0,9.91677660183399e-05,0.00012121051110985657,0.00010534197773168258,2.2042745091516673e-05,-2.2042745091516673e-05,weekend_oriented
Cicero Ave & Wrightwood Ave,41.9279057,-87.7467295,230.0,116.0,346.0,7.4295069003968e-05,9.630424170372166e-05,8.045987703126308e-05,2.2009172699753653e-05,-2.2009172699753653e-05,weekend_oriented
Pulaski Rd & 68th St,41.769492215384616,-87.722888,28.0,37.0,65.0,9.044617096135236e-06,3.071773226756639e-05,1.511529481801185e-05,2.1673115171431156e-05,-2.1673115171431156e-05,weekend_oriented
Hoyne Ave & 34th St,41.8320245,-87.6778387,180.0,96.0,276.0,5.8143967046583655e-05,7.970006209963172e-05,6.418186722725031e-05,2.155609505304807e-05,-2.155609505304807e-05,weekend_oriented
Western Ave & Roscoe St,41.943034,-87.687288,1933.0,778.0,2711.0,0.0006244016016724789,0.0006459025865990987,0.0006304240654096942,2.150098492661979e-05,-2.150098492661979e-05,weekend_oriented
Lockwood Ave & Wrightwood Ave,41.927766,-87.758544,319.0,150.0,469.0,0.00010304403048811214,0.00012453134703067456,0.0001090626656868855,2.1487316542562418e-05,-2.1487316542562418e-05,weekend_oriented
Sheffield/Cornelia Corral,41.9452875,-87.6542225,391.0,178.0,569.0,0.0001263016173067456,0.00014777719847640047,0.00013231696540690375,2.1475581169654875e-05,-2.1475581169654875e-05,weekend_oriented
Harlem Ave & Irving Park Rd,41.95326,-87.80714,119.0,72.0,191.0,3.843962265857475e-05,5.977504657472379e-05,4.441571246523482e-05,2.1335423916149042e-05,-2.1335423916149042e-05,weekend_oriented
Kedzie Ave & Chicago Ave,41.89546530305,-87.7061278837,508.0,223.0,731.0,0.00016409519588702498,0.00018513660258560286,0.00016998893095333326,2.104140669857788e-05,-2.104140669857788e-05,weekend_oriented
Lock St & 31st St,41.83796199975824,-87.65904880162913,244.0,120.0,364.0,7.881737755203562e-05,9.962507762453964e-05,8.464565098086637e-05,2.080770007250403e-05,-2.080770007250403e-05,weekend_oriented
Public Rack - Austin Blvd & North Ave,41.90928099999999,-87.775613,19.0,32.0,51.0,6.1374187438060524e-06,2.6566687366543908e-05,1.1859692857209298e-05,2.0429268622737854e-05,-2.0429268622737854e-05,weekend_oriented
Central Ave & Lake St,41.887664,-87.765469,112.0,68.0,180.0,3.617846838454094e-05,5.64542106539058e-05,4.185773949603282e-05,2.027574226936486e-05,-2.027574226936486e-05,weekend_oriented
Kostner Ave & Devon Ave,41.997032,-87.73837,148.0,82.0,230.0,4.7807261793857675e-05,6.807713637676876e-05,5.3484889356041934e-05,2.0269874582911082e-05,-2.0269874582911082e-05,weekend_oriented
Princeton Ave & Garfield Blvd,41.794982,-87.633124,202.0,103.0,305.0,6.525045190783277e-05,8.55115249610632e-05,7.09256141460556e-05,2.026107305323043e-05,-2.026107305323043e-05,weekend_oriented
South Shore Dr & 74th St,41.76218896038,-87.55927465,331.0,153.0,484.0,0.00010692029495788438,0.00012702197397128806,0.00011255081064488824,2.010167901340368e-05,-2.010167901340368e-05,weekend_oriented
Jeffery Blvd & 67th St,41.77351755125,-87.5771428255,319.0,148.0,467.0,0.00010304403048811214,0.00012287092907026557,0.00010859757969248514,1.9826898582153425e-05,-1.9826898582153425e-05,weekend_oriented
Central Park Ave & North Ave,41.90965687563,-87.7166319516,852.0,355.0,1207.0,0.0002752147773538293,0.0002947241879725965,0.00028067939762062006,1.9509410618767198e-05,-1.9509410618767198e-05,weekend_oriented
Monticello Ave & Lawrence Ave,41.96834806534399,-87.71898711572858,667.0,283.0,950.0,0.0002154557001115072,0.00023494914139787266,0.0002209158473401732,1.9493441286365452e-05,-1.9493441286365452e-05,weekend_oriented
Lawndale Ave & 111th St,41.69131919221066,-87.71288573741913,44.0,40.0,84.0,1.4212969722498226e-05,3.320835920817988e-05,1.9533611764815314e-05,1.8995389485681656e-05,-1.8995389485681656e-05,weekend_oriented
Noble St & Potomac Ave,41.90383473134329,-87.66286604477612,80.0,54.0,134.0,2.5841763131814958e-05,4.483128493104284e-05,3.116076162482443e-05,1.8989521799227884e-05,-1.8989521799227884e-05,weekend_oriented
Ashland Ave & 50th St,41.803023,-87.664699,111.0,66.0,177.0,3.585544634539325e-05,5.479379269349681e-05,4.116011050443227e-05,1.893834634810356e-05,-1.893834634810356e-05,weekend_oriented
Kostner Ave & Belmont Ave,41.939191,-87.737112,219.0,108.0,327.0,7.074182657334344e-05,8.966256986208568e-05,7.604156008445962e-05,1.8920743288742243e-05,-1.8920743288742243e-05,weekend_oriented
Western Ave & 111th St,41.691211034981045,-87.68129736185074,52.0,43.0,95.0,1.6797146035679723e-05,3.569898614879337e-05,2.209158473401732e-05,1.890184011311365e-05,-1.890184011311365e-05,weekend_oriented
Portage Park,41.95607,-87.76471999999998,268.0,127.0,395.0,8.656990649158011e-05,0.00010543654048597112,9.185448389407202e-05,1.886663399439101e-05,-1.886663399439101e-05,weekend_oriented
Central Park Ave & Ohio St,41.8918718,-87.7163879,86.0,56.0,142.0,2.777989536670108e-05,4.6491702891451836e-05,3.302110560242589e-05,1.8711807524750757e-05,-1.8711807524750757e-05,weekend_oriented
Campbell Ave & Montrose Ave,41.96152399999999,-87.69117699999998,2420.0,964.0,3384.0,0.0007817133347374025,0.0008003214569171352,0.000786925502525417,1.860812217973273e-05,-1.860812217973273e-05,weekend_oriented
Mango Ave & North Ave,41.90958,-87.7691175,79.0,53.0,132.0,2.551874109266727e-05,4.4001075950838346e-05,3.069567563042407e-05,1.8482334858171075e-05,-1.8482334858171075e-05,weekend_oriented
Kedzie Ave & 21st St,41.85353363213,-87.7050730318,408.0,181.0,589.0,0.00013179299197225628,0.00015026782541701397,0.00013696782535090737,1.8474833444757693e-05,-1.8474833444757693e-05,weekend_oriented
Elston Ave & Carmen Ave,41.97354,-87.74955,187.0,95.0,282.0,6.040512132061746e-05,7.886985311942723e-05,6.557712521045141e-05,1.8464731798809767e-05,-1.8464731798809767e-05,weekend_oriented
State St & 45th St,41.81313,-87.62585,64.0,47.0,111.0,2.0673410505451965e-05,3.9019822069611365e-05,2.5812272689220237e-05,1.83464115641594e-05,-1.83464115641594e-05,weekend_oriented
Merrimac Park,41.95261,-87.78535,155.0,82.0,237.0,5.006841606789148e-05,6.807713637676876e-05,5.5112690336443205e-05,1.8008720308877277e-05,-1.8008720308877277e-05,weekend_oriented
Narragansett Ave & Wrightwood Ave,41.927290000000006,-87.78523,307.0,141.0,448.0,9.91677660183399e-05,0.00011705946620883409,0.00010417926274568168,1.789170019049419e-05,-1.789170019049419e-05,weekend_oriented
Sheridan Rd & Berwyn Ave,41.97828,-87.65529,246.0,117.0,363.0,7.9463421630331e-05,9.713445068392615e-05,8.441310798366618e-05,1.7671029053595156e-05,-1.7671029053595156e-05,weekend_oriented
Central Park Ave & 24th St,41.8481,-87.715068,172.0,88.0,260.0,5.555979073340216e-05,7.305839025799574e-05,6.04611792720474e-05,1.749859952459358e-05,-1.749859952459358e-05,weekend_oriented
Lawndale Ave & 30th St,41.8389124,-87.7168955,108.0,63.0,171.0,3.488638022795019e-05,5.230316575288331e-05,3.9764852521231175e-05,1.7416785524933122e-05,-1.7416785524933122e-05,weekend_oriented
Morgan St & 31st St,41.8378,-87.65114,2463.0,979.0,3442.0,0.000795603282420753,0.0008127745916202026,0.0008004129963630275,1.7171309199449643e-05,-1.7171309199449643e-05,weekend_oriented
Sayre Ave & Diversey Ave,41.93098,-87.80106,104.0,61.0,165.0,3.3594292071359445e-05,5.064274779247432e-05,3.836959453803008e-05,1.7048455721114874e-05,-1.7048455721114874e-05,weekend_oriented
Lake Park Ave & 53rd St,41.79949429373001,-87.5864498959,4826.0,1898.0,6724.0,0.0015589043609267373,0.0015757366444281355,0.001563619113174026,1.6832283501398183e-05,-1.6832283501398183e-05,weekend_oriented
Public Rack - Cicero Ave & Belle Plaine Ave,41.955625,-87.747517,54.0,41.0,95.0,1.7443190113975095e-05,3.403856818838438e-05,2.209158473401732e-05,1.6595378074409283e-05,-1.6595378074409283e-05,weekend_oriented
Milwaukee & Fullerton,41.92469,-87.7006,44.0,37.0,81.0,1.4212969722498226e-05,3.071773226756639e-05,1.8835982773214766e-05,1.6504762545068166e-05,-1.6504762545068166e-05,weekend_oriented
Western Ave & Lyndale St,41.9226,-87.68772000000001,304.0,138.0,442.0,9.819869990089684e-05,0.0001145688392682206,0.00010278400476248058,1.637013936732376e-05,-1.637013936732376e-05,weekend_oriented
Public Rack - Lawndale Ave & Diversey Ave,41.931702,-87.719254,81.0,51.0,132.0,2.6164785170962643e-05,4.234065799042935e-05,3.069567563042407e-05,1.617587281946671e-05,-1.617587281946671e-05,weekend_oriented
Kedzie Ave & Leland Ave,41.96668636205,-87.7080519806,1400.0,564.0,1964.0,0.00045223085480676175,0.00046823786483533636,0.0004567144465011581,1.6007010028574607e-05,-1.6007010028574607e-05,weekend_oriented
Oglesby Ave & 100th St,41.71339748442245,-87.56584167480469,61.0,43.0,104.0,1.9704344388008904e-05,3.569898614879337e-05,2.4184471708818962e-05,1.5994641760784468e-05,-1.5994641760784468e-05,weekend_oriented
Marmora Ave & Irving Park Rd,41.9531072,-87.7747326,145.0,75.0,220.0,4.683819567641461e-05,6.226567351533728e-05,5.115945938404011e-05,1.5427477838922673e-05,-1.5427477838922673e-05,weekend_oriented
Racine Ave & 65th St,41.775393,-87.654308,27.0,29.0,56.0,8.721595056987548e-06,2.4076060425930415e-05,1.302240784321021e-05,1.5354465368942867e-05,-1.5354465368942867e-05,weekend_oriented
Stony Island Ave & 64th St,41.778881,-87.58664699999999,128.0,68.0,196.0,4.134682101090393e-05,5.64542106539058e-05,4.557842745123573e-05,1.5107389643001874e-05,-1.5107389643001874e-05,weekend_oriented
Menard Ave & Lawrence Ave,41.96788,-87.77274,198.0,95.0,293.0,6.395836375124202e-05,7.886985311942723e-05,6.813509817965342e-05,1.491148936818521e-05,-1.491148936818521e-05,weekend_oriented
Cottage Grove Ave & 111th Pl,41.69170975847015,-87.61000156402588,26.0,28.0,54.0,8.398573017839861e-06,2.3245851445725918e-05,1.2557321848809844e-05,1.4847278427886057e-05,-1.4847278427886057e-05,weekend_oriented
Malden St & Wilson Ave,41.96526,-87.66275,377.0,164.0,541.0,0.00012177930875867798,0.0001361542727535375,0.00012580576148529864,1.4374963994859532e-05,-1.4374963994859532e-05,weekend_oriented
Higgins Ave & Austin Ave,41.97342,-87.77865,156.0,78.0,234.0,5.0391438107039165e-05,6.475630045595077e-05,5.4415061344842664e-05,1.4364862348911605e-05,-1.4364862348911605e-05,weekend_oriented
Racine Ave & Webster Ave,41.9216,-87.65859,485.0,206.0,691.0,0.00015666568898662817,0.0001710230499221264,0.00016068721106532599,1.435736093549823e-05,-1.435736093549823e-05,weekend_oriented
Dorchester Ave & 63rd St,41.78040564570001,-87.5914159893,632.0,263.0,895.0,0.00020414992874133816,0.00021834496179378273,0.00020812598249416318,1.4195033052444566e-05,-1.4195033052444566e-05,weekend_oriented
Paulina St & 18th St,41.857901,-87.668745,3115.0,1229.0,4344.0,0.001006213651945045,0.0010203268366713268,0.001010166779837592,1.4113184726281857e-05,-1.4113184726281857e-05,weekend_oriented
Burnham Greenway & 105th St,41.7045750872071,-87.52823173999786,62.0,41.0,103.0,2.0027366427156592e-05,3.403856818838438e-05,2.395192871161878e-05,1.4011201761227786e-05,-1.4011201761227786e-05,weekend_oriented
Damen Ave & 87th St,41.736044,-87.672861,43.0,33.0,76.0,1.388994768335054e-05,2.7396896346748405e-05,1.7673267787213856e-05,1.3506948663397865e-05,-1.3506948663397865e-05,weekend_oriented
Kilbourn Ave & Diversey Ave,41.93179,-87.73934,301.0,133.0,434.0,9.722963378345378e-05,0.00011041779436719812,0.00010092366078487912,1.3188160583744337e-05,-1.3188160583744337e-05,weekend_oriented
2112 W Peterson Ave,41.99117799999999,-87.683593,561.0,234.0,795.0,0.0001812153639618524,0.0001942689013678523,0.00018487168277414495,1.3053537405999921e-05,-1.3053537405999921e-05,weekend_oriented
Halsted St & 18th St,41.85750568031716,-87.64599144458771,2919.0,1151.0,4070.0,0.0009429013322720983,0.0009555705362153761,0.000946449998604742,1.266920394327783e-05,-1.266920394327783e-05,weekend_oriented
Sheridan Rd & Columbia Ave,42.004583,-87.661406,2012.0,798.0,2810.0,0.0006499203427651461,0.0006625067662031887,0.0006534458221325124,1.2586423438042528e-05,-1.2586423438042528e-05,weekend_oriented
Damen Ave & Evergreen Ave,41.90605,-87.67758,190.0,89.0,279.0,6.137418743806053e-05,7.388859923820023e-05,6.487949621885087e-05,1.2514411800139706e-05,-1.2514411800139706e-05,weekend_oriented
Commercial Ave & 83rd St,41.744615,-87.551208,95.0,52.0,147.0,3.0687093719030264e-05,4.317086697063385e-05,3.41838205884268e-05,1.2483773251603585e-05,-1.2483773251603585e-05,weekend_oriented
Western Ave & Division St,41.902893,-87.687275,3044.0,1199.0,4243.0,0.0009832790871655592,0.000995420567265192,0.0009866799371203736,1.214148009963281e-05,-1.214148009963281e-05,weekend_oriented
Indiana Ave & 40th St,41.82167996480192,-87.62159931493291,215.0,98.0,313.0,6.94497384167527e-05,8.136048006004072e-05,7.278595812365706e-05,1.1910741643288015e-05,-1.1910741643288015e-05,weekend_oriented
Austin Blvd & Lake St,41.88794379427211,-87.77427345514297,233.0,105.0,338.0,7.526413512141107e-05,8.71719429214722e-05,7.859953305366162e-05,1.1907807800061129e-05,-1.1907807800061129e-05,weekend_oriented
Sacramento Ave & Lyndale St,41.92235,-87.70241,267.0,118.0,385.0,8.624688445243242e-05,9.796465966413065e-05,8.95290539220702e-05,1.171777521169823e-05,-1.171777521169823e-05,weekend_oriented
Wabash Ave & 87th St,41.73655301831962,-87.62264415621758,118.0,60.0,178.0,3.811660061942706e-05,4.981253881226982e-05,4.139265350163245e-05,1.169593819284276e-05,-1.169593819284276e-05,weekend_oriented
Francisco Ave & 47th St,41.80849,-87.69673000000002,80.0,45.0,125.0,2.5841763131814958e-05,3.7359404109202365e-05,2.906787465002279e-05,1.1517640977387407e-05,-1.1517640977387407e-05,weekend_oriented
Oakley Ave & Lyndale St,41.92261,-87.68513,106.0,55.0,161.0,3.424033614965482e-05,4.566149391124734e-05,3.743942254922935e-05,1.1421157761592518e-05,-1.1421157761592518e-05,weekend_oriented
Public Rack - Monticello Ave & Belmont Ave,41.939472,-87.718423,222.0,100.0,322.0,7.17108926907865e-05,8.302089802044971e-05,7.48788450984587e-05,1.131000532966321e-05,-1.131000532966321e-05,weekend_oriented
Public Rack - Ashland Ave & 83rd St,41.742715,-87.663551,37.0,28.0,65.0,1.1951815448464419e-05,2.3245851445725918e-05,1.511529481801185e-05,1.12940359972615e-05,-1.12940359972615e-05,weekend_oriented
Stony Island Ave & 67th St,41.77345849948,-87.5853397391,194.0,89.0,283.0,6.266627559465127e-05,7.388859923820023e-05,6.58096682076516e-05,1.1222323643548968e-05,-1.1222323643548968e-05,weekend_oriented
Public Rack - California Ave & Cortez St,41.900105,-87.696817,187.0,86.0,273.0,6.040512132061746e-05,7.139797229758674e-05,6.348423823564977e-05,1.0992850976969283e-05,-1.0992850976969283e-05,weekend_oriented
Halsted St & 96th St,41.71971218361882,-87.6430195569992,141.0,68.0,209.0,4.554610751982386e-05,5.64542106539058e-05,4.8601486414838107e-05,1.090810313408194e-05,-1.090810313408194e-05,weekend_oriented
Knox Ave & Marquette Ave,41.77114,-87.73774,46.0,31.0,77.0,1.48590138007936e-05,2.5736478386339408e-05,1.790581078441404e-05,1.0877464585545808e-05,-1.0877464585545808e-05,weekend_oriented
Waveland/Wilton Corral,41.9489031,-87.65314100000002,82.0,45.0,127.0,2.648780721011033e-05,3.7359404109202365e-05,2.9532960644423155e-05,1.0871596899092034e-05,-1.0871596899092034e-05,weekend_oriented
Kenneth Ave & Lawrence Ave,41.967943,-87.739983,432.0,181.0,613.0,0.00013954552091180076,0.00015026782541701397,0.00014254885728371176,1.072230450521321e-05,-1.072230450521321e-05,weekend_oriented
Kedzie Ave & Jackson Blvd,41.877161,-87.706134,93.0,49.0,142.0,3.0041049640734888e-05,4.068024003002036e-05,3.302110560242589e-05,1.063919038928547e-05,-1.063919038928547e-05,weekend_oriented
MLK Jr Dr & 56th St,41.79342945658,-87.6158532619,129.0,63.0,192.0,4.166984305005162e-05,5.230316575288331e-05,4.4648255462435e-05,1.0633322702831692e-05,-1.0633322702831692e-05,weekend_oriented
Kedzie Ave & Armitage Ave,41.91759,-87.70685,564.0,232.0,796.0,0.00018218443007929545,0.00019260848340744332,0.00018510422577134512,1.0424053328147867e-05,-1.0424053328147867e-05,weekend_oriented
Harlem Ave & Grace St,41.94894,-87.80683,32.0,25.0,57.0,1.0336705252725982e-05,2.0755224505112428e-05,1.3254950840410392e-05,1.0418519252386445e-05,-1.0418519252386445e-05,weekend_oriented
Cumberland Ave & Catherine Ave,41.97732,-87.83674,171.0,79.0,250.0,5.5236768694254474e-05,6.558650943615527e-05,5.813574930004558e-05,1.0349740741900793e-05,-1.0349740741900793e-05,weekend_oriented
Public Rack - Lowell Ave & Elston Ave,41.96614,-87.737,58.0,35.0,93.0,1.8735278270565844e-05,2.9057314307157398e-05,2.1626498739616954e-05,1.0322036036591555e-05,-1.0322036036591555e-05,weekend_oriented
Long Ave & Belmont Ave,41.93833,-87.76166,143.0,68.0,211.0,4.619215159811924e-05,5.64542106539058e-05,4.9066572409238465e-05,1.0262059055786565e-05,-1.0262059055786565e-05,weekend_oriented
Homewood Ave & 115th St,41.68459507202618,-87.67070800065994,30.0,24.0,54.0,9.69066117443061e-06,1.992501552490793e-05,1.2557321848809844e-05,1.0234354350477321e-05,-1.0234354350477321e-05,weekend_oriented
Kedzie Ave & Bryn Mawr Ave,41.98222975911517,-87.70888656377792,634.0,259.0,893.0,0.00020479597281963354,0.00021502412587296474,0.0002076608964997628,1.0228153053331196e-05,-1.0228153053331196e-05,weekend_oriented
Waveland/Racine,41.9491,-87.6593,192.0,87.0,279.0,6.20202315163559e-05,7.222818127779124e-05,6.487949621885087e-05,1.0207949761435343e-05,-1.0207949761435343e-05,weekend_oriented
Major Ave & Addison St,41.945975255652165,-87.77106542956521,74.0,41.0,115.0,2.3903630896928837e-05,3.403856818838438e-05,2.6742444678020967e-05,1.0134937291455541e-05,-1.0134937291455541e-05,weekend_oriented
Tripp Ave & 31st St,41.836966,-87.73050199999999,36.0,26.0,62.0,1.162879340931673e-05,2.1585433485316924e-05,1.4417665826411303e-05,9.956640076000194e-06,-9.956640076000194e-06,weekend_oriented
Whipple/Irving Park,41.954189,-87.704448,576.0,236.0,812.0,0.0001860606945490677,0.0001959293193282613,0.00018882491372654804,9.868624779193612e-06,-9.868624779193612e-06,weekend_oriented
Kedvale Ave & Peterson Ave,41.9900762,-87.7317073,106.0,53.0,159.0,3.424033614965482e-05,4.4001075950838346e-05,3.697433655482899e-05,9.760739801183524e-06,-9.760739801183524e-06,weekend_oriented
Valli Produce - Evanston Plaza,42.03974199999999,-87.699413,543.0,223.0,766.0,0.00017540096725719403,0.00018513660258560286,0.00017812793585533966,9.735635328408834e-06,-9.735635328408834e-06,weekend_oriented
Mozart St & 55th St,41.79375,-87.69472,60.0,35.0,95.0,1.938132234886122e-05,2.9057314307157398e-05,2.209158473401732e-05,9.675991958296179e-06,-9.675991958296179e-06,weekend_oriented
Spaulding Ave & 16th St,41.8590732,-87.7078929,68.0,38.0,106.0,2.1965498662042713e-05,3.154794124777089e-05,2.4649557703219324e-05,9.582442585728175e-06,-9.582442585728175e-06,weekend_oriented
Wentworth Ave & 63rd St,41.78007963264,-87.6297463052,148.0,69.0,217.0,4.7807261793857675e-05,5.72844196341103e-05,5.046183039243956e-05,9.477157840252625e-06,-9.477157840252625e-06,weekend_oriented
Kedzie Ave & 24th St,41.848193,-87.70541199999998,79.0,42.0,121.0,2.551874109266727e-05,3.4868777168588875e-05,2.813770266122206e-05,9.350036075921605e-06,-9.350036075921605e-06,weekend_oriented
Ewing Ave & 106th St,41.70266,-87.53564,85.0,44.0,129.0,2.745687332755339e-05,3.652919512899787e-05,2.999804663882352e-05,9.072321801444477e-06,-9.072321801444477e-06,weekend_oriented
Rhodes Ave & 32nd St,41.836208000000006,-87.613533,2429.0,956.0,3385.0,0.0007846205330897316,0.0007936797850754992,0.0007871580455226172,9.059251985767602e-06,-9.059251985767602e-06,weekend_oriented
Central Park & Augusta Blvd,41.8989108,-87.7164901,237.0,103.0,340.0,7.655622327800182e-05,8.55115249610632e-05,7.906461904806198e-05,8.955301683061384e-06,-8.955301683061384e-06,weekend_oriented
Halsted St & 78th St,41.75248701249013,-87.6439021574879,47.0,29.0,76.0,1.5182035839941288e-05,2.4076060425930415e-05,1.7673267787213856e-05,8.894024585989127e-06,-8.894024585989127e-06,weekend_oriented
Granville Ave & Clark St,41.9944,-87.66983,114.0,55.0,169.0,3.682451246283631e-05,4.566149391124734e-05,3.929976652683081e-05,8.836981448411028e-06,-8.836981448411028e-06,weekend_oriented
East End Ave & 87th St,41.73681521440671,-87.58280128240585,32.0,23.0,55.0,1.0336705252725982e-05,1.9094806544703434e-05,1.2789864846010027e-05,8.758101291977452e-06,-8.758101291977452e-06,weekend_oriented
Clark/Racine,41.95049999999999,-87.65930000000002,135.0,63.0,198.0,4.360797528493774e-05,5.230316575288331e-05,4.60435134456361e-05,8.695190467945571e-06,-8.695190467945571e-06,weekend_oriented
Farragut Ave & Central Ave,41.97666,-87.76823,189.0,84.0,273.0,6.105116539891284e-05,6.973755433717775e-05,6.348423823564977e-05,8.686388938264914e-06,-8.686388938264914e-06,weekend_oriented
Elston Ave & George St,41.934003,-87.690823,1104.0,440.0,1544.0,0.0003566163312190464,0.0003652919512899787,0.0003590463876770815,8.675620070932298e-06,-8.675620070932298e-06,weekend_oriented
Milwaukee Ave & Cuyler Ave,41.95446799999999,-87.749594,477.0,196.0,673.0,0.0001540815126734467,0.00016272096012008144,0.00015650143711572268,8.63944744663474e-06,-8.63944744663474e-06,weekend_oriented
Ewing Ave & 98th St,41.71781,-87.53504,38.0,25.0,63.0,1.2274837487612105e-05,2.0755224505112428e-05,1.4650208823611486e-05,8.480387017500323e-06,-8.480387017500323e-06,weekend_oriented
Public Rack - Harold Washington Park,41.801089,-87.58479100000001,118.0,56.0,174.0,3.811660061942706e-05,4.6491702891451836e-05,4.046248151283172e-05,8.375102272024773e-06,-8.375102272024773e-06,weekend_oriented
Austin Blvd & Chicago Ave,41.894887,-87.774704,72.0,38.0,110.0,2.325758681863346e-05,3.154794124777089e-05,2.5579729692020054e-05,8.290354429137427e-06,-8.290354429137427e-06,weekend_oriented
Richmond St & 59th St,41.78649,-87.69733,126.0,59.0,185.0,4.070077693260856e-05,4.8982329832065326e-05,4.302045448203373e-05,8.281552899456766e-06,-8.281552899456766e-06,weekend_oriented
Eberhart Ave & 91st St,41.729285157254864,-87.6110315322876,31.0,22.0,53.0,1.0013683213578296e-05,1.8264597564498934e-05,1.2324778851609662e-05,8.250914350920638e-06,-8.250914350920638e-06,weekend_oriented
Campbell Ave & Irving Park Rd,41.953634,-87.690782,494.0,202.0,696.0,0.00015957288733895735,0.00016770221400130842,0.0001618499260513269,8.129326662351062e-06,-8.129326662351062e-06,weekend_oriented
Milwaukee Ave & Wabansia Ave,41.912616,-87.68139430306123,1404.0,556.0,1960.0,0.0004535229429633525,0.0004615961929937004,0.00045578427451235733,8.073250030347868e-06,-8.073250030347868e-06,weekend_oriented
Michigan Ave & 105th St,41.70346,-87.62037,50.0,29.0,79.0,1.6151101957384347e-05,2.4076060425930415e-05,1.8370896778814404e-05,7.924958468546068e-06,-7.924958468546068e-06,weekend_oriented
Houston Ave & 92nd St,41.72820421535798,-87.54970014095306,68.0,36.0,104.0,2.1965498662042713e-05,2.9887523287361895e-05,2.4184471708818962e-05,7.922024625319182e-06,-7.922024625319182e-06,weekend_oriented
La Villita Park,41.83925,-87.70202,63.0,34.0,97.0,2.035038846630428e-05,2.82271053269529e-05,2.2556670728417684e-05,7.876716860648621e-06,-7.876716860648621e-06,weekend_oriented
Oconto Ave & Belmont Ave,41.93783,-87.80788,48.0,28.0,76.0,1.5505057879088974e-05,2.3245851445725918e-05,1.7673267787213856e-05,7.740793566636944e-06,-7.740793566636944e-06,weekend_oriented
Homan Ave & 26th St,41.84425,-87.70983,66.0,35.0,101.0,2.131945458374734e-05,2.9057314307157398e-05,2.3486842717218414e-05,7.737859723410058e-06,-7.737859723410058e-06,weekend_oriented
Rockwell/Irving Park Hub,41.954212,-87.69317000000001,136.0,62.0,198.0,4.3930997324085426e-05,5.1472956772678816e-05,4.60435134456361e-05,7.54195944859339e-06,-7.54195944859339e-06,weekend_oriented
Public Rack - Avers Ave & Irving Park Rd,41.953789,-87.724161,77.0,39.0,116.0,2.4872697014371898e-05,3.2378150227975385e-05,2.697498767522115e-05,7.505453213603487e-06,-7.505453213603487e-06,weekend_oriented
Michigan Ave & Madison St,41.882134,-87.625125,5693.0,2224.0,7917.0,0.0018389644688677818,0.0018463847719748015,0.0018410429088338435,7.420303107019688e-06,-7.420303107019688e-06,weekend_oriented
Exchange Ave & 79th St,41.75211500633265,-87.55200700025293,121.0,56.0,177.0,3.9085666736870124e-05,4.6491702891451836e-05,4.116011050443227e-05,7.406036154581712e-06,-7.406036154581712e-06,weekend_oriented
Wabash Ave & 59th St,41.78656330002277,-87.62392012393944,60.0,32.0,92.0,1.938132234886122e-05,2.6566687366543908e-05,2.1393955742416774e-05,7.1853650176826885e-06,-7.1853650176826885e-06,weekend_oriented
Western Ave & 79th St,41.750843,-87.682701,37.0,23.0,60.0,1.1951815448464419e-05,1.9094806544703434e-05,1.3952579832010938e-05,7.142991096239016e-06,-7.142991096239016e-06,weekend_oriented
Latrobe Ave & Chicago Ave,41.894745,-87.756895,50.0,28.0,78.0,1.6151101957384347e-05,2.3245851445725918e-05,1.813835378161422e-05,7.094749488341571e-06,-7.094749488341571e-06,weekend_oriented
Constance Ave & 95th St,41.72229074095262,-87.57896840572357,30.0,20.0,50.0,9.69066117443061e-06,1.660417960408994e-05,1.1627149860009116e-05,6.913518429659331e-06,-6.913518429659331e-06,weekend_oriented
Washtenaw Ave & Ogden Ave,41.86193049278259,-87.69345045089722,318.0,132.0,450.0,0.00010272100844896445,0.00010958758538699362,0.00010464434874008204,6.866576938029169e-06,-6.866576938029169e-06,weekend_oriented
Burley Ave & 85th St,41.74117,-87.54518,43.0,25.0,68.0,1.388994768335054e-05,2.0755224505112428e-05,1.58129238096124e-05,6.865276821761888e-06,-6.865276821761888e-06,weekend_oriented
Oketo Ave & Addison St,41.94496,-87.81189,43.0,25.0,68.0,1.388994768335054e-05,2.0755224505112428e-05,1.58129238096124e-05,6.865276821761888e-06,-6.865276821761888e-06,weekend_oriented
Sheffield Ave & Fletcher St,41.93901,-87.65321000000002,408.0,167.0,575.0,0.00013179299197225628,0.00013864489969415102,0.00013371222339010483,6.8519077218947395e-06,-6.8519077218947395e-06,weekend_oriented
Indiana Ave & 103rd St,41.70717027117756,-87.6184719800949,56.0,30.0,86.0,1.808923419227047e-05,2.490626940613491e-05,1.999869775921568e-05,6.81703521386444e-06,-6.81703521386444e-06,weekend_oriented
Public Rack - Kimball & Ardmore,41.98702399999999,-87.71397,46.0,26.0,72.0,1.48590138007936e-05,2.1585433485316924e-05,1.6743095798413126e-05,6.726419684523324e-06,-6.726419684523324e-06,weekend_oriented
Spaulding Ave & 63rd,41.7791655,-87.7056392,52.0,28.0,80.0,1.6797146035679723e-05,2.3245851445725918e-05,1.8603439776014587e-05,6.448705410046195e-06,-6.448705410046195e-06,weekend_oriented
DuSable Museum,41.79156801058,-87.6078521774,417.0,170.0,587.0,0.00013470019032458546,0.0001411355266347645,0.00013650273935650702,6.435336310179035e-06,-6.435336310179035e-06,weekend_oriented
Kedzie Ave & 60th St,41.78458,-87.70319,119.0,54.0,173.0,3.843962265857475e-05,4.483128493104284e-05,4.022993851563154e-05,6.391662272468095e-06,-6.391662272468095e-06,weekend_oriented
Damen Ave & 59th St,41.785861065132,-87.67414391040802,58.0,30.0,88.0,1.8735278270565844e-05,2.490626940613491e-05,2.0463783753616044e-05,6.170991135569068e-06,-6.170991135569068e-06,weekend_oriented
Wood St & 33rd St,41.83427,-87.6706,179.0,77.0,256.0,5.782094500743597e-05,6.392609147574627e-05,5.9531007283246675e-05,6.105146468310303e-06,-6.105146468310303e-06,weekend_oriented
Mulligan Ave & Archer Ave,41.79296,-87.78052,48.0,26.0,74.0,1.5505057879088974e-05,2.1585433485316924e-05,1.720818179281349e-05,6.08037560622795e-06,-6.08037560622795e-06,weekend_oriented
Greenwood Ave & 47th St,41.809835,-87.59938299999999,1125.0,445.0,1570.0,0.00036339979404114786,0.0003694429961910012,0.0003650925056042862,6.043202149853344e-06,-6.043202149853344e-06,weekend_oriented
Wellington Ave & Mulligan Ave,41.93473,-87.78436,61.0,31.0,92.0,1.9704344388008904e-05,2.5736478386339408e-05,2.1393955742416774e-05,6.032133998330504e-06,-6.032133998330504e-06,weekend_oriented
Public Rack - Milwaukee Ave & Culyer Ave,41.9546801,-87.74942349999999,33.0,20.0,53.0,1.065972729187367e-05,1.660417960408994e-05,1.2324778851609662e-05,5.944452312216271e-06,-5.944452312216271e-06,weekend_oriented
Eggleston Ave & 92nd St,41.727575659299575,-87.63482809066771,41.0,23.0,64.0,1.3243903605055165e-05,1.9094806544703434e-05,1.4882751820811669e-05,5.850902939648269e-06,-5.850902939648269e-06,weekend_oriented
Lawndale Ave & 16th St,41.8591606,-87.7176965,39.0,22.0,61.0,1.2597859526759791e-05,1.8264597564498934e-05,1.4185122829211121e-05,5.666738037739143e-06,-5.666738037739143e-06,weekend_oriented
Orange Ave & Addison St,41.94485,-87.82423,70.0,34.0,104.0,2.261154274033809e-05,2.82271053269529e-05,2.4184471708818962e-05,5.615562586614813e-06,-5.615562586614813e-06,weekend_oriented
Millard Ave & 26th St,41.84453112462163,-87.71592199802399,150.0,65.0,215.0,4.8453305872153044e-05,5.396358371329231e-05,4.9996744398039195e-05,5.510277841139269e-06,-5.510277841139269e-06,weekend_oriented
State St & 29th St,41.84170699999999,-87.626938,348.0,142.0,490.0,0.00011241166962339507,0.00011788967518903859,0.00011394606862808933,5.478005565643518e-06,-5.478005565643518e-06,weekend_oriented
MLK Jr Dr & 83rd St,41.743116,-87.6148,91.0,42.0,133.0,2.9395005562439515e-05,3.4868777168588875e-05,3.092821862762425e-05,5.4737716061493596e-06,-5.4737716061493596e-06,weekend_oriented
Wolcott Ave & Fargo Ave,42.016977,-87.677725,379.0,154.0,533.0,0.00012242535283697335,0.00012785218295149255,0.00012394541750769718,5.426830114519196e-06,-5.426830114519196e-06,weekend_oriented
Overhill Ave & Belmont Ave,41.93799,-87.81915,63.0,31.0,94.0,2.035038846630428e-05,2.5736478386339408e-05,2.1859041736817136e-05,5.386089920035128e-06,-5.386089920035128e-06,weekend_oriented
Meade Ave & Diversey Ave,41.93086,-87.77845,48.0,25.0,73.0,1.5505057879088974e-05,2.0755224505112428e-05,1.697563879561331e-05,5.2501666260234535e-06,-5.2501666260234535e-06,weekend_oriented
Menard Ave & Milwaukee Ave,41.98139,-87.77331,61.0,30.0,91.0,1.9704344388008904e-05,2.490626940613491e-05,2.1161412745216592e-05,5.201925018126007e-06,-5.201925018126007e-06,weekend_oriented
Stewart Ave & 123rd St,41.6706,-87.63244,79.0,37.0,116.0,2.551874109266727e-05,3.071773226756639e-05,2.697498767522115e-05,5.198991174899121e-06,-5.198991174899121e-06,weekend_oriented
Southport Ave & Waveland Ave*,41.948226,-87.6640712,92.0,42.0,134.0,2.97180276015872e-05,3.4868777168588875e-05,3.116076162482443e-05,5.150749567001675e-06,-5.150749567001675e-06,weekend_oriented
Southport Ave & Grace St,41.95155,-87.66404,290.0,119.0,409.0,9.367639135282921e-05,9.879486864433515e-05,9.511008585487456e-05,5.118477291505934e-06,-5.118477291505934e-06,weekend_oriented
Scottsdale Park,41.741966,-87.736179,33.0,19.0,52.0,1.065972729187367e-05,1.5773970623885444e-05,1.2092235854409481e-05,5.114243332011774e-06,-5.114243332011774e-06,weekend_oriented
Wentworth Ave & Cermak Rd,41.85308455741279,-87.63193130493164,59.0,29.0,88.0,1.905830030971353e-05,2.4076060425930415e-05,2.0463783753616044e-05,5.017760116216883e-06,-5.017760116216883e-06,weekend_oriented
Campbell Ave & 51st St,41.80094,-87.68676,77.0,36.0,113.0,2.4872697014371898e-05,2.9887523287361895e-05,2.6277358683620602e-05,5.014826272989997e-06,-5.014826272989997e-06,weekend_oriented
Yates Blvd & 75th St,41.758768,-87.56644,77.0,36.0,113.0,2.4872697014371898e-05,2.9887523287361895e-05,2.6277358683620602e-05,5.014826272989997e-06,-5.014826272989997e-06,weekend_oriented
Lawler Ave & 50th St,41.80217,-87.74893999999999,103.0,46.0,149.0,3.327127003221176e-05,3.818961308940687e-05,3.4648906582827165e-05,4.918343057195108e-06,-4.918343057195108e-06,weekend_oriented
Public Rack - Central Ave & Lawrence Ave,41.9678641,-87.76759310000001,39.0,21.0,60.0,1.2597859526759791e-05,1.7434388584294438e-05,1.3952579832010938e-05,4.836529057534646e-06,-4.836529057534646e-06,weekend_oriented
Karlov Ave & Madison St,41.88085,-87.727907,34.0,19.0,53.0,1.0982749331021356e-05,1.5773970623885444e-05,1.2324778851609662e-05,4.791221292864088e-06,-4.791221292864088e-06,weekend_oriented
Western Ave & Monroe St,41.88142526,-87.6866316818,903.0,357.0,1260.0,0.00029168890135036134,0.00029638460593300544,0.0002930041764722297,4.695704582644109e-06,-4.695704582644109e-06,weekend_oriented
Marshfield Ave & Wabansia Ave,41.91218,-87.66888,114.0,50.0,164.0,3.682451246283631e-05,4.1510449010224855e-05,3.81370515408299e-05,4.685936547388544e-06,-4.685936547388544e-06,weekend_oriented
Marshfield Ave & 44th St,41.81388181322957,-87.6664333618677,181.0,76.0,257.0,5.846698908573134e-05,6.309588249554178e-05,5.976355028044686e-05,4.628893409810437e-06,-4.628893409810437e-06,weekend_oriented
Yates Blvd & 93rd St,41.72616639024511,-87.5662761926651,32.0,18.0,50.0,1.0336705252725982e-05,1.4943761643680947e-05,1.1627149860009116e-05,4.607056390954965e-06,-4.607056390954965e-06,weekend_oriented
Vernon Ave & 79th St,41.75094,-87.61379,63.0,30.0,93.0,2.035038846630428e-05,2.490626940613491e-05,2.1626498739616954e-05,4.555880939830631e-06,-4.555880939830631e-06,weekend_oriented
Kildare Ave & Montrose Ave,41.96108,-87.73569,410.0,165.0,575.0,0.00013243903605055166,0.00013698448173374202,0.00013371222339010483,4.545445683190363e-06,-4.545445683190363e-06,weekend_oriented
MLK Jr Dr & 63rd St,41.78008063659,-87.6159428567,130.0,56.0,186.0,4.1992865089199305e-05,4.6491702891451836e-05,4.325299747923391e-05,4.498837802252531e-06,-4.498837802252531e-06,weekend_oriented
Lamon Ave & 47th St,41.80781,-87.74569,35.0,19.0,54.0,1.1305771370169044e-05,1.5773970623885444e-05,1.2557321848809844e-05,4.4681992537164e-06,-4.4681992537164e-06,weekend_oriented
Halsted St & 47th Pl,41.80813391481,-87.6456165545,179.0,75.0,254.0,5.782094500743597e-05,6.226567351533728e-05,5.906592128884631e-05,4.444728507901309e-06,-4.444728507901309e-06,weekend_oriented
Mozart St & Jackson Blvd,41.8775,-87.69740000000002,205.0,85.0,290.0,6.621951802527583e-05,7.056776331738225e-05,6.743746918805287e-05,4.348245292106417e-06,-4.348245292106417e-06,weekend_oriented
Hamilton Park,41.76252,-87.63734000000001,38.0,20.0,58.0,1.2274837487612105e-05,1.660417960408994e-05,1.3487493837610575e-05,4.329342116477836e-06,-4.329342116477836e-06,weekend_oriented
Pulaski Rd & 84th St,41.740407,-87.72190700000002,33.0,18.0,51.0,1.065972729187367e-05,1.4943761643680947e-05,1.1859692857209298e-05,4.284034351807277e-06,-4.284034351807277e-06,weekend_oriented
Cicero Ave & Roscoe Ave,41.942427,-87.747315,149.0,63.0,212.0,4.813028383300536e-05,5.230316575288331e-05,4.929911540643865e-05,4.1728819198779535e-06,-4.1728819198779535e-06,weekend_oriented
Central Ave & Madison St,41.880121,-87.763238,54.0,26.0,80.0,1.7443190113975095e-05,2.1585433485316924e-05,1.8603439776014587e-05,4.142243371341829e-06,-4.142243371341829e-06,weekend_oriented
Wabash Ave & 49th St,41.80581,-87.6245,54.0,26.0,80.0,1.7443190113975095e-05,2.1585433485316924e-05,1.8603439776014587e-05,4.142243371341829e-06,-4.142243371341829e-06,weekend_oriented
Kedzie Ave & 54th Pl,41.793637538888895,-87.70345380555557,126.0,54.0,180.0,4.070077693260856e-05,4.483128493104284e-05,4.185773949603282e-05,4.130507998434282e-06,-4.130507998434282e-06,weekend_oriented
Pine Ave & Division St,41.9019265060241,-87.76371771084338,116.0,50.0,166.0,3.747055654113169e-05,4.1510449010224855e-05,3.860213753523026e-05,4.039892469093168e-06,-4.039892469093168e-06,weekend_oriented
Paulina St & Adams St,41.87862,-87.66913,278.0,113.0,391.0,8.980012688305697e-05,9.381361476310817e-05,9.092431190527129e-05,4.013487880051195e-06,-4.013487880051195e-06,weekend_oriented
Hamlin Ave & Grand Ave,41.90403446332501,-87.72156312600833,83.0,37.0,120.0,2.681082924925802e-05,3.071773226756639e-05,2.7905159664021877e-05,3.906903018308373e-06,-3.906903018308373e-06,weekend_oriented
State St & 79th St,41.750794,-87.624424,101.0,44.0,145.0,3.2625225953916385e-05,3.652919512899787e-05,3.3718734594026435e-05,3.903969175081484e-06,-3.903969175081484e-06,weekend_oriented
Wood St & Cortland St,41.915890000000005,-87.67281,299.0,121.0,420.0,9.658358970515841e-05,0.00010045528660474414,9.766805882407658e-05,3.871696899585732e-06,-3.871696899585732e-06,weekend_oriented
Central Park Ave & Douglas Blvd,41.86235,-87.71587,60.0,28.0,88.0,1.938132234886122e-05,2.3245851445725918e-05,2.0463783753616044e-05,3.864529096864698e-06,-3.864529096864698e-06,weekend_oriented
California Ave & Marquette Rd,41.771611,-87.693331,73.0,33.0,106.0,2.358060885778115e-05,2.7396896346748405e-05,2.4649557703219324e-05,3.8162874889672554e-06,-3.8162874889672554e-06,weekend_oriented
Racine Ave & 115th St,41.68476,-87.65196,50.0,24.0,74.0,1.6151101957384347e-05,1.992501552490793e-05,1.720818179281349e-05,3.7739135675235843e-06,-3.7739135675235843e-06,weekend_oriented
Lamon Ave & Chicago Ave,41.8950179,-87.7484986,58.0,27.0,85.0,1.8735278270565844e-05,2.241564246552142e-05,1.9766154762015496e-05,3.6803641949555775e-06,-3.6803641949555775e-06,weekend_oriented
Phillips Ave & 79th St,41.75182,-87.565211,48.0,23.0,71.0,1.5505057879088974e-05,1.9094806544703434e-05,1.6510552801212943e-05,3.58974866561446e-06,-3.58974866561446e-06,weekend_oriented
Oakley Ave & Touhy Ave,42.012342,-87.688243,444.0,177.0,621.0,0.000143421785381573,0.00014694698949619598,0.00014440920126131322,3.525204114622981e-06,-3.525204114622981e-06,weekend_oriented
Pershing Rd & Sacramento Ave,41.8223772681012,-87.69975413003766,123.0,52.0,175.0,3.97317108151655e-05,4.317086697063385e-05,4.0695024510031905e-05,3.4391561554683494e-06,-3.4391561554683494e-06,weekend_oriented
Jeffery Blvd & 76th St,41.75712006802,-87.5758393587,49.0,23.0,72.0,1.5828079918236662e-05,1.9094806544703434e-05,1.6743095798413126e-05,3.266726626466772e-06,-3.266726626466772e-06,weekend_oriented
Lexington St & California Ave,41.8719938,-87.6958108,139.0,58.0,197.0,4.4900063441528486e-05,4.815212085186083e-05,4.5810970448435916e-05,3.2520574103323427e-06,-3.2520574103323427e-06,weekend_oriented
Halsted St & Melrose St,41.94112,-87.64907000000001,278.0,112.0,390.0,8.980012688305697e-05,9.298340578290367e-05,9.06917689080711e-05,3.1832788998466987e-06,-3.1832788998466987e-06,weekend_oriented
Kildare Ave & 55th St,41.79332,-87.73059,39.0,19.0,58.0,1.2597859526759791e-05,1.5773970623885444e-05,1.3487493837610575e-05,3.176111097125653e-06,-3.176111097125653e-06,weekend_oriented
Public Rack - Kostner Ave & Armitage Ave,41.917211,-87.736136,57.0,26.0,83.0,1.8412256231418156e-05,2.1585433485316924e-05,1.930106876761513e-05,3.173177253898769e-06,-3.173177253898769e-06,weekend_oriented
Meade Ave & Addison St,41.94595,-87.77888,70.0,31.0,101.0,2.261154274033809e-05,2.5736478386339408e-05,2.3486842717218414e-05,3.124935646001319e-06,-3.124935646001319e-06,weekend_oriented
St. Louis & 71st St,41.764354,-87.71012099999999,47.0,22.0,69.0,1.5182035839941288e-05,1.8264597564498934e-05,1.6045466806812578e-05,3.0825617245576463e-06,-3.0825617245576463e-06,weekend_oriented
Kedzie Ave & Archer Ave,41.81447,-87.70411,127.0,53.0,180.0,4.1023798971756244e-05,4.4001075950838346e-05,4.185773949603282e-05,2.977276979082101e-06,-2.977276979082101e-06,weekend_oriented
Public Rack - Leamington & Elston,41.977894,-87.75631500000001,86.0,37.0,123.0,2.777989536670108e-05,3.071773226756639e-05,2.8602788655622424e-05,2.9378369008653124e-06,-2.9378369008653124e-06,weekend_oriented
Public Rack - Sawyer Ave & Bryn Mawr Ave - SE,41.9830174,-87.7096999,35.0,17.0,52.0,1.1305771370169044e-05,1.411355266347645e-05,1.2092235854409481e-05,2.8077812933074063e-06,-2.8077812933074063e-06,weekend_oriented
Kedzie Ave & 83rd St,41.742523,-87.702279,35.0,17.0,52.0,1.1305771370169044e-05,1.411355266347645e-05,1.2092235854409481e-05,2.8077812933074063e-06,-2.8077812933074063e-06,weekend_oriented
Maplewood Ave & 59th St,41.7863375,-87.6874351,48.0,22.0,70.0,1.5505057879088974e-05,1.8264597564498934e-05,1.627800980401276e-05,2.75953968540996e-06,-2.75953968540996e-06,weekend_oriented
Central Park Ave & Ardmore Ave,41.9866081,-87.7187674,359.0,143.0,502.0,0.00011596491205401962,0.00011871988416924308,0.00011673658459449152,2.754972115223464e-06,-2.754972115223464e-06,weekend_oriented
Shabbona Park,41.94480000000001,-87.79932,226.0,91.0,317.0,7.300298084737725e-05,7.554901719860924e-05,7.371613011245779e-05,2.546036351231987e-06,-2.546036351231987e-06,weekend_oriented
Laramie Ave & Addison St,41.9456842,-87.75693440000002,162.0,66.0,228.0,5.2329570341925286e-05,5.479379269349681e-05,5.301980336164157e-05,2.464222351571524e-06,-2.464222351571524e-06,weekend_oriented
Seeley Ave & Garfield Blvd,41.79408699999999,-87.675478,49.0,22.0,71.0,1.5828079918236662e-05,1.8264597564498934e-05,1.6510552801212943e-05,2.436517646262272e-06,-2.436517646262272e-06,weekend_oriented
Public Rack - Spaulding Ave & North Ave,41.910138,-87.709553,111.0,46.0,157.0,3.585544634539325e-05,3.818961308940687e-05,3.6509250560428626e-05,2.334166744013618e-06,-2.334166744013618e-06,weekend_oriented
Mason Ave & Belmont Ave,41.938368200000006,-87.77250290000002,34.0,16.0,50.0,1.0982749331021356e-05,1.3283343683271954e-05,1.1627149860009116e-05,2.3005943522505975e-06,-2.3005943522505975e-06,weekend_oriented
Panama Ave & Grace St,41.94766,-87.82925,52.0,23.0,75.0,1.6797146035679723e-05,1.9094806544703434e-05,1.7440724790013674e-05,2.2976605090237117e-06,-2.2976605090237117e-06,weekend_oriented
Parnell Ave & 31st St,41.837911,-87.640279,222.0,89.0,311.0,7.17108926907865e-05,7.388859923820023e-05,7.23208721292567e-05,2.177706547413732e-06,-2.177706547413732e-06,weekend_oriented
Public Rack - Mango & Higgins,41.971722,-87.77228800000002,73.0,31.0,104.0,2.358060885778115e-05,2.5736478386339408e-05,2.4184471708818962e-05,2.1558695285582586e-06,-2.1558695285582586e-06,weekend_oriented
California Ave & 41st St,41.81867,-87.69441,220.0,88.0,308.0,7.106484861249113e-05,7.305839025799574e-05,7.162324313765616e-05,1.9935416455046045e-06,-1.9935416455046045e-06,weekend_oriented
Halsted St & Dickens Ave*,41.919936,-87.64883000000002,66.0,28.0,94.0,2.131945458374734e-05,2.3245851445725918e-05,2.1859041736817136e-05,1.9263968619785774e-06,-1.9263968619785774e-06,weekend_oriented
Harper Ave & 55th St,41.7953,-87.58833,331.0,131.0,462.0,0.00010692029495788438,0.00010875737640678912,0.00010743486470648423,1.837081448904739e-06,-1.837081448904739e-06,weekend_oriented
Halsted St & 59th St,41.787539,-87.644874,51.0,22.0,73.0,1.6474123996532035e-05,1.8264597564498934e-05,1.697563879561331e-05,1.7904735679668995e-06,-1.7904735679668995e-06,weekend_oriented
Western Ave & 28th St,41.84151770807,-87.68513144089998,105.0,43.0,148.0,3.391731411050713e-05,3.569898614879337e-05,3.441636358562698e-05,1.7816720382862419e-06,-1.7816720382862419e-06,weekend_oriented
Ridge Blvd & Touhy Ave,42.01213227742,-87.6829126443,673.0,264.0,937.0,0.00021739383234639333,0.00021917517077398724,0.00021789278837657083,1.7813384275939073e-06,-1.7813384275939073e-06,weekend_oriented
Public Rack - Washtenaw Ave & Devon Ave,41.997764,-87.697221,159.0,64.0,223.0,5.1360504224482225e-05,5.3133374733087816e-05,5.1857088375640656e-05,1.772870508605591e-06,-1.772870508605591e-06,weekend_oriented
Ashland Ave & McDowell Ave,41.809719,-87.663477,190.0,76.0,266.0,6.137418743806053e-05,6.309588249554178e-05,6.18564372552485e-05,1.7216950574812487e-06,-1.7216950574812487e-06,weekend_oriented
Pulaski Rd & 60th Pl,41.78314999999999,-87.72257,36.0,16.0,52.0,1.162879340931673e-05,1.3283343683271954e-05,1.2092235854409481e-05,1.6545502739552233e-06,-1.6545502739552233e-06,weekend_oriented
N Clark St & W Elm St,41.90290100000001,-87.631282,90.0,37.0,127.0,2.9071983523291828e-05,3.071773226756639e-05,2.9532960644423155e-05,1.645748744274564e-06,-1.645748744274564e-06,weekend_oriented
Cottage Grove Ave & 83rd St,41.743441,-87.604836,139.0,56.0,195.0,4.4900063441528486e-05,4.6491702891451836e-05,4.534588445403555e-05,1.5916394499233493e-06,-1.5916394499233493e-06,weekend_oriented
Martin Luther King Dr & 87th St,41.73677,-87.61438999999999,44.0,19.0,63.0,1.4212969722498226e-05,1.5773970623885444e-05,1.4650208823611486e-05,1.5610009013872183e-06,-1.5610009013872183e-06,weekend_oriented
St Louis Ave & Norman Bobbins Pl,41.79439000000001,-87.71132,73.0,30.0,103.0,2.358060885778115e-05,2.490626940613491e-05,2.395192871161878e-05,1.325660548353762e-06,-1.325660548353762e-06,weekend_oriented
Public Rack - Kimball Ave & Lawrence Ave,41.96791249999999,-87.7134353,63.0,26.0,89.0,2.035038846630428e-05,2.1585433485316924e-05,2.0696326750816227e-05,1.2350450190126445e-06,-1.2350450190126445e-06,weekend_oriented
Damen Ave & 77th St,41.75403254224914,-87.67335649122808,40.0,17.0,57.0,1.2920881565907479e-05,1.411355266347645e-05,1.3254950840410392e-05,1.1926710975689716e-06,-1.1926710975689716e-06,weekend_oriented
Long Ave & North Ave,41.9092147,-87.7609189,130.0,52.0,182.0,4.1992865089199305e-05,4.317086697063385e-05,4.2322825490433183e-05,1.178001881434544e-06,-1.178001881434544e-06,weekend_oriented
Public Rack - Whipple St & 63rd St,41.77888,-87.699811,35.0,15.0,50.0,1.1305771370169044e-05,1.2453134703067456e-05,1.1627149860009116e-05,1.1473633328984112e-06,-1.1473633328984112e-06,weekend_oriented
Lowell Ave & Armitage Ave,41.9170767,-87.7353543,346.0,136.0,482.0,0.00011176562554509969,0.0001129084213078116,0.00011208572465048787,1.1427957627119201e-06,-1.1427957627119201e-06,weekend_oriented
Grace St & Central Ave,41.9495327,-87.7672648,120.0,48.0,168.0,3.876264469772244e-05,3.985003104981586e-05,3.906722352963063e-05,1.087386352093423e-06,-1.087386352093423e-06,weekend_oriented
Indiana Ave & 31st St,41.838842,-87.621857,1480.0,577.0,2057.0,0.00047807261793857673,0.00047903058157799483,0.00047834094524077503,9.579636394180962e-07,-9.579636394180962e-07,weekend_oriented
Halsted St & 104th St,41.70513978893236,-87.6424241065979,59.0,24.0,83.0,1.905830030971353e-05,1.992501552490793e-05,1.930106876761513e-05,8.667152151943995e-07,-8.667152151943995e-07,weekend_oriented
Vernon Ave & 75th St,41.758361,-87.614138,77.0,31.0,108.0,2.4872697014371898e-05,2.5736478386339408e-05,2.511464369761969e-05,8.637813719675102e-07,-8.637813719675102e-07,weekend_oriented
Public Rack - Prairie Ave & 47th St,41.809497,-87.618997,65.0,26.0,91.0,2.0996432544599652e-05,2.1585433485316924e-05,2.1161412745216592e-05,5.89000940717272e-07,-5.89000940717272e-07,weekend_oriented
Artesian Ave & 55th St,41.79402,-87.68577,65.0,26.0,91.0,2.0996432544599652e-05,2.1585433485316924e-05,2.1161412745216592e-05,5.89000940717272e-07,-5.89000940717272e-07,weekend_oriented
Grace St & Cicero Ave,41.94973,-87.74695,227.0,89.0,316.0,7.332600288652494e-05,7.388859923820023e-05,7.348358711525762e-05,5.625963516752889e-07,-5.625963516752889e-07,weekend_oriented
Cicero Ave & Lake St,41.886841,-87.745261,42.0,17.0,59.0,1.3566925644202853e-05,1.411355266347645e-05,1.3720036834810756e-05,5.466270192735974e-07,-5.466270192735974e-07,weekend_oriented
Public Rack - Hyde Park Blvd & 53rd St,41.799468,-87.584206,204.0,80.0,284.0,6.589649598612814e-05,6.641671841635976e-05,6.604221120485177e-05,5.202224302316245e-07,-5.202224302316245e-07,weekend_oriented
Vincennes Ave & 95th St,41.72126,-87.65005,91.0,36.0,127.0,2.9395005562439515e-05,2.9887523287361895e-05,2.9532960644423155e-05,4.925177249223794e-07,-4.925177249223794e-07,weekend_oriented
Public Rack - Hollywood Park,41.98929,-87.71182,81.0,32.0,113.0,2.6164785170962643e-05,2.6566687366543908e-05,2.6277358683620602e-05,4.019021955812653e-07,-4.019021955812653e-07,weekend_oriented
Commercial Ave & 97th St,41.71893,-87.55112,40.0,16.0,56.0,1.2920881565907479e-05,1.3283343683271954e-05,1.302240784321021e-05,3.624621173644749e-07,-3.624621173644749e-07,weekend_oriented
Public Rack - Kimball Ave & Carmen Ave,41.973896,-87.713297,40.0,16.0,56.0,1.2920881565907479e-05,1.3283343683271954e-05,1.302240784321021e-05,3.624621173644749e-07,-3.624621173644749e-07,weekend_oriented
Western Ave & 104th St,41.70458710218908,-87.68120348453522,71.0,28.0,99.0,2.2934564779485773e-05,2.3245851445725918e-05,2.302175672281805e-05,3.1128666624014443e-07,-3.1128666624014443e-07,weekend_oriented
Ewing Ave & Burnham Greenway,41.70999,-87.5355,66.0,26.0,92.0,2.131945458374734e-05,2.1585433485316924e-05,2.1393955742416774e-05,2.65978901569584e-07,-2.65978901569584e-07,weekend_oriented
Austin Ave & Milwaukee Ave,41.98736,-87.77804999999998,115.0,45.0,160.0,3.7147534501984e-05,3.7359404109202365e-05,3.720687955202917e-05,2.1186960721836256e-07,-2.1186960721836256e-07,weekend_oriented
Damen Ave/Coulter St,41.8492,-87.67564,426.0,166.0,592.0,0.00013760738867691464,0.0001378146907139465,0.00013766545434250793,2.0730203703186643e-07,-2.0730203703186643e-07,weekend_oriented
Manor Ave & Leland Ave,41.965875,-87.700825,1061.0,413.0,1474.0,0.0003427263835356959,0.0003428763088244573,0.00034276837787306874,1.4992528876142447e-07,-1.4992528876142447e-07,weekend_oriented
Public Rack - Walden Pkwy & 103rd St,41.706205,-87.66896500000001,51.0,20.0,71.0,1.6474123996532035e-05,1.660417960408994e-05,1.6510552801212943e-05,1.3005560755790613e-07,-1.3005560755790613e-07,weekend_oriented
Public Rack - Minuteman Park,41.785333,-87.7626015,41.0,16.0,57.0,1.3243903605055165e-05,1.3283343683271954e-05,1.3254950840410392e-05,3.9440078216788666e-08,-3.9440078216788666e-08,weekend_oriented
Shore Dr & 53rd St,41.79945,-87.58237,59.0,23.0,82.0,1.905830030971353e-05,1.9094806544703434e-05,1.906852577041495e-05,3.6506234989902787e-08,-3.6506234989902787e-08,weekend_oriented
Public Rack - Spaulding Ave & Bryn Mawr Ave,41.982964,-87.711441,36.0,14.0,50.0,1.162879340931673e-05,1.1622925722862959e-05,1.1627149860009116e-05,-5.8676864537717584e-09,5.8676864537717584e-09,weekday_oriented
Marmora Ave & Belmont Ave,41.9382897,-87.7737692,36.0,14.0,50.0,1.162879340931673e-05,1.1622925722862959e-05,1.1627149860009116e-05,-5.8676864537717584e-09,5.8676864537717584e-09,weekday_oriented
Baltimore Ave & 87th St,41.73733560041666,-87.54851460456847,54.0,21.0,75.0,1.7443190113975095e-05,1.7434388584294438e-05,1.7440724790013674e-05,-8.801529680657638e-09,8.801529680657638e-09,weekday_oriented
Shields Ave & 43rd St,41.81620767856,-87.6348193497,144.0,56.0,200.0,4.651517363726692e-05,4.6491702891451836e-05,4.650859944003646e-05,-2.3470745815087034e-08,2.3470745815087034e-08,weekday_oriented
Public Rack - Nagel & Higgins,41.976312,-87.78764,44.0,17.0,61.0,1.4212969722498226e-05,1.411355266347645e-05,1.4185122829211121e-05,-9.94170590217751e-08,9.94170590217751e-08,weekday_oriented
Harding Ave & Division St,41.9023453,-87.7250744,98.0,38.0,136.0,3.1656159836473324e-05,3.154794124777089e-05,3.16258476192248e-05,-1.0821858870243612e-07,1.0821858870243612e-07,weekday_oriented
Stony Island Ave & 82nd St,41.746559,-87.586005,39.0,15.0,54.0,1.2597859526759791e-05,1.2453134703067456e-05,1.2557321848809844e-05,-1.4472482369233552e-07,1.4472482369233552e-07,weekday_oriented
Hyacinth Ave & Milwaukee Ave,41.99282,-87.78377,214.0,83.0,297.0,6.912671637760501e-05,6.890734535697325e-05,6.906527016845414e-05,-2.1937102063175813e-07,2.1937102063175813e-07,weekday_oriented
Archer Ave & 43rd St,41.8154913,-87.7024412,37.0,14.0,51.0,1.1951815448464419e-05,1.1622925722862959e-05,1.1859692857209298e-05,-3.288897256014597e-07,3.288897256014597e-07,weekday_oriented
Sacramento Ave & 25th St,41.846506,-87.700139,55.0,21.0,76.0,1.7766212153122783e-05,1.7434388584294438e-05,1.7673267787213856e-05,-3.318235688283456e-07,3.318235688283456e-07,weekday_oriented
Baltimore Ave & 133rd St,41.65349,-87.54703,45.0,17.0,62.0,1.4535991761645914e-05,1.411355266347645e-05,1.4417665826411303e-05,-4.2243909816946305e-07,4.2243909816946305e-07,weekday_oriented
Cottage Grove Ave & 71st St,41.76571903697,-87.604959713,40.0,15.0,55.0,1.2920881565907479e-05,1.2453134703067456e-05,1.2789864846010027e-05,-4.677468628400235e-07,4.677468628400235e-07,weekday_oriented
Troy St & Jackson Blvd,41.87750499999999,-87.70485,40.0,15.0,55.0,1.2920881565907479e-05,1.2453134703067456e-05,1.2789864846010027e-05,-4.677468628400235e-07,4.677468628400235e-07,weekday_oriented
Damen Ave & Cullerton St,41.854966518753926,-87.67569959163664,1811.0,704.0,2515.0,0.0005849929128964611,0.0005844671220639659,0.0005848456379584585,-5.257908324952194e-07,5.257908324952194e-07,weekday_oriented
Kilbourn Ave & Roscoe St,41.942722,-87.739557,269.0,104.0,373.0,8.689292853072779e-05,8.63417339412677e-05,8.6738537955668e-05,-5.511945894600936e-07,5.511945894600936e-07,weekday_oriented
Racine Ave & Garfield Blvd,41.794228,-87.655073,43.0,16.0,59.0,1.388994768335054e-05,1.3283343683271954e-05,1.3720036834810756e-05,-6.066040000785855e-07,6.066040000785855e-07,weekday_oriented
Public Rack - Avers & Lawrence,41.96842,-87.72446,38.0,14.0,52.0,1.2274837487612105e-05,1.1622925722862959e-05,1.2092235854409481e-05,-6.51911764749146e-07,6.51911764749146e-07,weekday_oriented
Lawndale Ave & 59th St,41.78638,-87.71570000000001,74.0,28.0,102.0,2.3903630896928837e-05,2.3245851445725918e-05,2.3719385714418597e-05,-6.577794512029194e-07,6.577794512029194e-07,weekday_oriented
Central & Elston,41.9855,-87.7682,105.0,40.0,145.0,3.391731411050713e-05,3.320835920817988e-05,3.3718734594026435e-05,-7.089549023272482e-07,7.089549023272482e-07,weekday_oriented
Public Rack - Woodlawn Ave & 63rd St S,41.779484,-87.596028,77.0,29.0,106.0,2.4872697014371898e-05,2.4076060425930415e-05,2.4649557703219324e-05,-7.966365884414832e-07,7.966365884414832e-07,weekday_oriented
Public Rack - Western Ave & 92nd Pl,41.725538,-87.681968,54.0,20.0,74.0,1.7443190113975095e-05,1.660417960408994e-05,1.720818179281349e-05,-8.390105098851543e-07,8.390105098851543e-07,weekday_oriented
Sedgwick St & Chicago Ave,41.89677,-87.6386,237.0,91.0,328.0,7.655622327800182e-05,7.554901719860924e-05,7.62741030816598e-05,-1.007206079392577e-06,1.007206079392577e-06,weekday_oriented
Mayfield Ave & Roosevelt Rd,41.86569,-87.77176,52.0,19.0,71.0,1.6797146035679723e-05,1.5773970623885444e-05,1.6510552801212943e-05,-1.0231754117942785e-06,1.0231754117942785e-06,weekday_oriented
Le Mai Ave & Devon Ave,41.99722,-87.75687,52.0,19.0,71.0,1.6797146035679723e-05,1.5773970623885444e-05,1.6510552801212943e-05,-1.0231754117942785e-06,1.0231754117942785e-06,weekday_oriented
Elmwood Ave & Austin St,42.02578400000001,-87.684107,777.0,301.0,1078.0,0.0002509881244177528,0.00024989290304155363,0.0002506813509817965,-1.0952213761991668e-06,1.0952213761991668e-06,weekday_oriented
State St & 95th St,41.7218499,-87.6228544,235.0,90.0,325.0,7.591017919970643e-05,7.471880821840473e-05,7.557647409005925e-05,-1.1913709813017045e-06,1.1913709813017045e-06,weekday_oriented
Wabash Ave & 83rd St,41.74335976225324,-87.62284398078917,40.0,14.0,54.0,1.2920881565907479e-05,1.1622925722862959e-05,1.2557321848809844e-05,-1.2979558430445202e-06,1.2979558430445202e-06,weekday_oriented
W 103rd St & S Avers Ave,41.705846,-87.717074,51.0,18.0,69.0,1.6474123996532035e-05,1.4943761643680947e-05,1.6045466806812578e-05,-1.5303623528510873e-06,1.5303623528510873e-06,weekday_oriented
Commercial Ave & 130th St,41.659150427597744,-87.55076229572296,69.0,25.0,94.0,2.22885207011904e-05,2.0755224505112428e-05,2.1859041736817136e-05,-1.5332961960779732e-06,1.5332961960779732e-06,weekday_oriented
Public Rack - Kenneth & Carmen,41.972642,-87.739239,59.0,21.0,80.0,1.905830030971353e-05,1.7434388584294438e-05,1.8603439776014587e-05,-1.623911725419094e-06,1.623911725419094e-06,weekday_oriented
Public Rack - Campbell Ave & Pratt Blvd,42.00507,-87.692643,54.0,19.0,73.0,1.7443190113975095e-05,1.5773970623885444e-05,1.697563879561331e-05,-1.669219490089651e-06,1.669219490089651e-06,weekday_oriented
Larrabee St & Chicago Ave,41.89677,-87.6386,103.0,38.0,141.0,3.327127003221176e-05,3.154794124777089e-05,3.2788562605225704e-05,-1.7233287844408725e-06,1.7233287844408725e-06,weekday_oriented
Avers Ave & Belmont Ave,41.939408,-87.723574,1915.0,743.0,2658.0,0.0006185872049678206,0.0006168452722919414,0.0006180992865580845,-1.7419326758792188e-06,1.7419326758792188e-06,weekday_oriented
Warren Park East,42.00454962194,-87.68066614509999,666.0,257.0,923.0,0.00021513267807235953,0.00021336370791255575,0.00021463718641576826,-1.7689701598037845e-06,1.7689701598037845e-06,weekday_oriented
California Ave & Madison St,41.88098,-87.69598,134.0,50.0,184.0,4.328495324579006e-05,4.1510449010224855e-05,4.278791148483355e-05,-1.7745042355652013e-06,1.7745042355652013e-06,weekday_oriented
Kilpatrick Ave & Parker Ave,41.930736,-87.744082,134.0,50.0,184.0,4.328495324579006e-05,4.1510449010224855e-05,4.278791148483355e-05,-1.7745042355652013e-06,1.7745042355652013e-06,weekday_oriented
Western Ave & 101st St,41.71011,-87.68198,52.0,18.0,70.0,1.6797146035679723e-05,1.4943761643680947e-05,1.627800980401276e-05,-1.8533843919987752e-06,1.8533843919987752e-06,weekday_oriented
St Louis Ave & 59th St,41.78589,-87.71057,124.0,46.0,170.0,4.0054732854313184e-05,3.818961308940687e-05,3.953230952403099e-05,-1.8651197649063154e-06,1.8651197649063154e-06,weekday_oriented
Bosworth Ave & Howard St,42.019537,-87.669563,525.0,202.0,727.0,0.00016958657055253566,0.00016770221400130842,0.00016905875896453253,-1.8843565512272477e-06,1.8843565512272477e-06,weekday_oriented
Racine Ave & 35th St,41.83068856472101,-87.65621066093445,615.0,237.0,852.0,0.00019865855407582748,0.0001967595283084658,0.00019812663361455532,-1.8990257673616635e-06,1.8990257673616635e-06,weekday_oriented
Monitor Ave & Division St,41.90192,-87.77178,42.0,14.0,56.0,1.3566925644202853e-05,1.1622925722862959e-05,1.302240784321021e-05,-1.9439999213398944e-06,1.9439999213398944e-06,weekday_oriented
Public Rack - Karlov Ave & Milwaukee Ave,41.942702,-87.730011,96.0,35.0,131.0,3.101011575817795e-05,2.9057314307157398e-05,3.046313263322388e-05,-1.9528014510205503e-06,1.9528014510205503e-06,weekday_oriented
Clyde Ave & 87th St,41.73715146431056,-87.57274031639099,73.0,26.0,99.0,2.358060885778115e-05,2.1585433485316924e-05,2.302175672281805e-05,-1.995175372464225e-06,1.995175372464225e-06,weekday_oriented
Damen Ave & 81st St,41.746534,-87.67305500000002,91.0,33.0,124.0,2.9395005562439515e-05,2.7396896346748405e-05,2.8835331652822607e-05,-1.9981092156911108e-06,1.9981092156911108e-06,weekday_oriented
Pulaski Rd & Lake St,41.885409,-87.726491,63.0,22.0,85.0,2.035038846630428e-05,1.8264597564498934e-05,1.9766154762015496e-05,-2.0857909018053457e-06,2.0857909018053457e-06,weekday_oriented
Francisco Ave & Bloomingdale Ave,41.9139595955414,-87.69938705732484,680.0,262.0,942.0,0.00021965498662042713,0.00021751475281357824,0.00021905550336257174,-2.140233806848885e-06,2.140233806848885e-06,weekday_oriented
Eggleston Ave & 69th St,41.768898,-87.635876,53.0,18.0,71.0,1.712016807482741e-05,1.4943761643680947e-05,1.6510552801212943e-05,-2.176406431146463e-06,2.176406431146463e-06,weekday_oriented
Public Rack - Peterson Ave & Drake Ave,41.990119,-87.717337,48.0,16.0,64.0,1.5505057879088974e-05,1.3283343683271954e-05,1.4882751820811669e-05,-2.2217141958170202e-06,2.2217141958170202e-06,weekday_oriented
Ashland Ave & 78th St,41.75220484941116,-87.66369938850403,43.0,14.0,57.0,1.388994768335054e-05,1.1622925722862959e-05,1.3254950840410392e-05,-2.2670219604875806e-06,2.2670219604875806e-06,weekday_oriented
Kedzie Ave & Lake St,41.88460328501,-87.70630374359999,336.0,128.0,464.0,0.00010853540515362283,0.00010626674946617563,0.0001078999507008846,-2.2686556874471943e-06,2.2686556874471943e-06,weekday_oriented
Dorchester Ave & 53rd St,41.79943,-87.59227,244.0,92.0,336.0,7.881737755203562e-05,7.637922617881374e-05,7.813444705926125e-05,-2.438151373221879e-06,2.438151373221879e-06,weekday_oriented
Paulina St & Cortland St,41.91626,-87.67019,581.0,223.0,804.0,0.00018767580474480613,0.00018513660258560286,0.00018696456974894658,-2.5392021592032744e-06,2.5392021592032744e-06,weekday_oriented
Bernard St & Peterson Ave,41.9904393,-87.715236,175.0,65.0,240.0,5.652885685084522e-05,5.396358371329231e-05,5.581031932804375e-05,-2.565273137552906e-06,2.565273137552906e-06,weekday_oriented
Leclaire Ave & Belmont Ave,41.939041,-87.754197,170.0,63.0,233.0,5.491374665510678e-05,5.230316575288331e-05,5.418251834764248e-05,-2.6105809022234697e-06,2.6105809022234697e-06,weekday_oriented
Homan Ave & Arthington Ave,41.86963,-87.71055,60.0,20.0,80.0,1.938132234886122e-05,1.660417960408994e-05,1.8603439776014587e-05,-2.7771427447712787e-06,2.7771427447712787e-06,weekday_oriented
Albany Ave & 26th St,41.844507,-87.701655,153.0,56.0,209.0,4.9422371989596104e-05,4.6491702891451836e-05,4.8601486414838107e-05,-2.9306690981442684e-06,2.9306690981442684e-06,weekday_oriented
Sacramento Ave & 51st St,41.80068000000001,-87.69895,40.0,12.0,52.0,1.2920881565907479e-05,9.962507762453966e-06,1.2092235854409481e-05,-2.9583738034535136e-06,2.9583738034535136e-06,weekday_oriented
Public Rack - Kedzie Ave & Argyle St,41.972097000000005,-87.708572,333.0,126.0,459.0,0.00010756633903617977,0.00010460633150576663,0.00010673723571488368,-2.9600075304131408e-06,2.9600075304131408e-06,weekday_oriented
California Ave & 36th St,41.828098,-87.694684,58.0,19.0,77.0,1.8735278270565844e-05,1.5773970623885444e-05,1.790581078441404e-05,-2.9613076466803995e-06,2.9613076466803995e-06,weekday_oriented
Francisco Ave & Hollywood Ave,41.984746,-87.701593,53.0,17.0,70.0,1.712016807482741e-05,1.411355266347645e-05,1.627800980401276e-05,-3.00661541135096e-06,3.00661541135096e-06,weekday_oriented
Harding Ave & 26th St,41.844218,-87.723347,89.0,31.0,120.0,2.874896148414414e-05,2.5736478386339408e-05,2.7905159664021877e-05,-3.0124830978047316e-06,3.0124830978047316e-06,weekday_oriented
State St & 76th St,41.756971,-87.624621,43.0,13.0,56.0,1.388994768335054e-05,1.0792716742658462e-05,1.302240784321021e-05,-3.0972309406920773e-06,3.0972309406920773e-06,weekday_oriented
Union Ave & Root St,41.819102,-87.643278,187.0,69.0,256.0,6.040512132061746e-05,5.72844196341103e-05,5.9531007283246675e-05,-3.120701686507161e-06,3.120701686507161e-06,weekday_oriented
Austin Blvd & Madison St,41.880281,-87.774453,187.0,69.0,256.0,6.040512132061746e-05,5.72844196341103e-05,5.9531007283246675e-05,-3.120701686507161e-06,3.120701686507161e-06,weekday_oriented
Bradley Park,41.717878301935,-87.56459176540375,46.0,14.0,60.0,1.48590138007936e-05,1.1622925722862959e-05,1.3952579832010938e-05,-3.236088077930641e-06,3.236088077930641e-06,weekday_oriented
Halsted St & Court Pl,41.883700000000005,-87.64721999999999,59.0,19.0,78.0,1.905830030971353e-05,1.5773970623885444e-05,1.813835378161422e-05,-3.2843296858280874e-06,3.2843296858280874e-06,weekday_oriented
Rockwell St & 47th St,41.80853,-87.68942,77.0,26.0,103.0,2.4872697014371898e-05,2.1585433485316924e-05,2.395192871161878e-05,-3.2872635290549733e-06,3.2872635290549733e-06,weekday_oriented
N Damen Ave & W Chicago Ave,41.895809,-87.678519,717.0,275.0,992.0,0.00023160680206889156,0.0002283074695562367,0.00023068265322258086,-3.2993325126548718e-06,3.2993325126548718e-06,weekday_oriented
Milwaukee Ave & Wabansia Ave*,41.912616,-87.681391,72.0,24.0,96.0,2.325758681863346e-05,1.992501552490793e-05,2.23241277312175e-05,-3.3325712937255303e-06,3.3325712937255303e-06,weekday_oriented
St Louis Ave & 51st St,41.80095,-87.71104,44.0,13.0,57.0,1.4212969722498226e-05,1.0792716742658462e-05,1.3254950840410392e-05,-3.4202529798397636e-06,3.4202529798397636e-06,weekday_oriented
Ashland Ave & 63rd St,41.779374,-87.66484299999999,44.0,13.0,57.0,1.4212969722498226e-05,1.0792716742658462e-05,1.3254950840410392e-05,-3.4202529798397636e-06,3.4202529798397636e-06,weekday_oriented
Ashland Ave & 74th St,41.75923602425868,-87.66347408294678,44.0,13.0,57.0,1.4212969722498226e-05,1.0792716742658462e-05,1.3254950840410392e-05,-3.4202529798397636e-06,3.4202529798397636e-06,weekday_oriented
Washtenaw Ave & Polk St,41.8711028,-87.693683,170.0,62.0,232.0,5.491374665510678e-05,5.1472956772678816e-05,5.39499753504423e-05,-3.4407898824279665e-06,3.4407898824279665e-06,weekday_oriented
Public Rack - Greenwood Ave & Lake Park Ave,41.817372,-87.599576,39.0,11.0,50.0,1.2597859526759791e-05,9.132298782249467e-06,1.1627149860009116e-05,-3.465560744510324e-06,3.465560744510324e-06,weekday_oriented
Cottage Grove Ave & 67th St,41.77372095205,-87.60563486,363.0,137.0,500.0,0.00011725700021061037,0.0001137386302880161,0.00011627149860009116,-3.518369922594268e-06,3.518369922594268e-06,weekday_oriented
Public Rack - Kimbark Ave & 67th St,41.774045,-87.594322,65.0,21.0,86.0,2.0996432544599652e-05,1.7434388584294438e-05,1.999869775921568e-05,-3.562043960305215e-06,3.562043960305215e-06,weekday_oriented
Archer Ave & Homan Ave,41.81153,-87.70885,60.0,19.0,79.0,1.938132234886122e-05,1.5773970623885444e-05,1.8370896778814404e-05,-3.6073517249757754e-06,3.6073517249757754e-06,weekday_oriented
Public Rack - Milwaukee Ave & School St,41.940648,-87.726087,45.0,13.0,58.0,1.4535991761645914e-05,1.0792716742658462e-05,1.3487493837610575e-05,-3.7432750189874516e-06,3.7432750189874516e-06,weekday_oriented
Cottage Grove Ave & 47th St,41.809855,-87.606755,428.0,162.0,590.0,0.00013825343275521002,0.00013449385479312852,0.00013720036834810758,-3.759577962081503e-06,3.759577962081503e-06,weekday_oriented
Marshfield Ave & Diversey Pkwy,41.93204,-87.6697,171.0,62.0,233.0,5.5236768694254474e-05,5.1472956772678816e-05,5.418251834764248e-05,-3.763811921575658e-06,3.763811921575658e-06,weekday_oriented
Wood St & Walnut St,41.88417586306651,-87.67124295169083,189.0,69.0,258.0,6.105116539891284e-05,5.72844196341103e-05,5.999609327764704e-05,-3.766745764802537e-06,3.766745764802537e-06,weekday_oriented
Kildare Ave & North Ave,41.9095392,-87.7338518,233.0,86.0,319.0,7.526413512141107e-05,7.139797229758674e-05,7.418121610685816e-05,-3.866162823824322e-06,3.866162823824322e-06,weekday_oriented
Ashland Ave & 66th St,41.774074,-87.663815,48.0,14.0,62.0,1.5505057879088974e-05,1.1622925722862959e-05,1.4417665826411303e-05,-3.882132156226015e-06,3.882132156226015e-06,weekday_oriented
Cicero Ave & Wellington Ave,41.93515,-87.74636,61.0,19.0,80.0,1.9704344388008904e-05,1.5773970623885444e-05,1.8603439776014587e-05,-3.93037376412346e-06,3.93037376412346e-06,weekday_oriented
Public Rack - South Shore Dr & 71st St,41.766206,-87.562789,115.0,40.0,155.0,3.7147534501984e-05,3.320835920817988e-05,3.604416456602826e-05,-3.939175293804121e-06,3.939175293804121e-06,weekday_oriented
Vincennes Ave & 107th St,41.69922,-87.65869,59.0,18.0,77.0,1.905830030971353e-05,1.4943761643680947e-05,1.790581078441404e-05,-4.114538666032584e-06,4.114538666032584e-06,weekday_oriented
Harlem Ave & Bloomingdale Ave,41.91203,-87.80577,103.0,35.0,138.0,3.327127003221176e-05,2.9057314307157398e-05,3.2090933613625156e-05,-4.213955725054363e-06,4.213955725054363e-06,weekday_oriented
Loomis Blvd & 84th St,41.74148652861805,-87.65841007232666,57.0,17.0,74.0,1.8412256231418156e-05,1.411355266347645e-05,1.720818179281349e-05,-4.298703567941705e-06,4.298703567941705e-06,weekday_oriented
Ellis Ave & 83rd St,41.744123,-87.599034,57.0,17.0,74.0,1.8412256231418156e-05,1.411355266347645e-05,1.720818179281349e-05,-4.298703567941705e-06,4.298703567941705e-06,weekday_oriented
Washtenaw Ave & Peterson Ave,41.99066,-87.697075,165.0,59.0,224.0,5.329863645936835e-05,4.8982329832065326e-05,5.208963137284084e-05,-4.316306627303027e-06,4.316306627303027e-06,weekday_oriented
Kedzie Ave & 52nd St,41.79906,-87.70342,65.0,20.0,85.0,2.0996432544599652e-05,1.660417960408994e-05,1.9766154762015496e-05,-4.392252940509712e-06,4.392252940509712e-06,weekday_oriented
Western Ave & Ardmore Ave,41.9867636,-87.68987959999998,299.0,111.0,410.0,9.658358970515841e-05,9.215319680269917e-05,9.534262885207475e-05,-4.430392902459235e-06,4.430392902459235e-06,weekday_oriented
Kildare Ave & Archer Ave,41.80034,-87.73079,42.0,11.0,53.0,1.3566925644202853e-05,9.132298782249467e-06,1.2324778851609662e-05,-4.434626861953386e-06,4.434626861953386e-06,weekday_oriented
Western Ave & Congress Pkwy,41.87474885079,-87.68644527569998,1196.0,460.0,1656.0,0.00038633435882063364,0.00038189613089406865,0.00038509120336350193,-4.438227926564992e-06,4.438227926564992e-06,weekday_oriented
Kostner Ave & Adams St,41.877917,-87.735737,55.0,16.0,71.0,1.7766212153122783e-05,1.3283343683271954e-05,1.6510552801212943e-05,-4.482868469850829e-06,4.482868469850829e-06,weekday_oriented
Narragansett Ave & School St,41.940128,-87.7864806,55.0,16.0,71.0,1.7766212153122783e-05,1.3283343683271954e-05,1.6510552801212943e-05,-4.482868469850829e-06,4.482868469850829e-06,weekday_oriented
Sheffield Ave & Kingsbury St*,41.910522,-87.653106,68.0,21.0,89.0,2.1965498662042713e-05,1.7434388584294438e-05,2.0696326750816227e-05,-4.531110077748275e-06,4.531110077748275e-06,weekday_oriented
Monticello Ave & Chicago Ave,41.895733029878045,-87.71760476158536,122.0,42.0,164.0,3.940868877601781e-05,3.4868777168588875e-05,3.81370515408299e-05,-4.539911607428933e-06,4.539911607428933e-06,weekday_oriented
Kenosha Ave & Wellington Ave,41.934457,-87.733795,230.0,84.0,314.0,7.4295069003968e-05,6.973755433717775e-05,7.301850112085725e-05,-4.557514666790255e-06,4.557514666790255e-06,weekday_oriented
Dauphin Ave & 87th St,41.73648,-87.601252,63.0,19.0,82.0,2.035038846630428e-05,1.5773970623885444e-05,1.906852577041495e-05,-4.576417842418836e-06,4.576417842418836e-06,weekday_oriented
Francisco Ave & 85th St,41.738902,-87.695518,81.0,26.0,107.0,2.6164785170962643e-05,2.1585433485316924e-05,2.4882100700419506e-05,-4.579351685645718e-06,4.579351685645718e-06,weekday_oriented
Dearborn St & Van Buren St,41.876268,-87.629155,4291.0,1664.0,5955.0,0.0013860875699827247,0.0013814677430602832,0.0013847935483270856,-4.619826922441523e-06,4.619826922441523e-06,weekday_oriented
Narragansett Ave & McLean Ave,41.9159,-87.78511,112.0,38.0,150.0,3.617846838454094e-05,3.154794124777089e-05,3.488144958002735e-05,-4.630527136770054e-06,4.630527136770054e-06,weekday_oriented
Kostner Ave & Lake St,41.885928,-87.73541,48.0,13.0,61.0,1.5505057879088974e-05,1.0792716742658462e-05,1.4185122829211121e-05,-4.712341136430512e-06,4.712341136430512e-06,weekday_oriented
Cottage Grove Ave & 49th St,41.806273,-87.606643,110.0,37.0,147.0,3.5532424306245566e-05,3.071773226756639e-05,3.41838205884268e-05,-4.814692038679175e-06,4.814692038679175e-06,weekday_oriented
Vernon Ave & 107th St,41.70012137923888,-87.61225998401642,51.0,14.0,65.0,1.6474123996532035e-05,1.1622925722862959e-05,1.511529481801185e-05,-4.851198273669076e-06,4.851198273669076e-06,weekday_oriented
Stewart Ave & 83rd St,41.743717,-87.634088,69.0,21.0,90.0,2.22885207011904e-05,1.7434388584294438e-05,2.092886974801641e-05,-4.854132116895963e-06,4.854132116895963e-06,weekday_oriented
Vincennes Ave & 79th St,41.750600000000006,-87.63409,87.0,28.0,115.0,2.8102917405848767e-05,2.3245851445725918e-05,2.6742444678020967e-05,-4.857065960122849e-06,4.857065960122849e-06,weekday_oriented
Pulaski Rd & 54th St,41.79499,-87.72361,82.0,26.0,108.0,2.648780721011033e-05,2.1585433485316924e-05,2.511464369761969e-05,-4.902373724793406e-06,4.902373724793406e-06,weekday_oriented
Central Ave & Wellington Ave,41.934905002777775,-87.76676849259259,82.0,26.0,108.0,2.648780721011033e-05,2.1585433485316924e-05,2.511464369761969e-05,-4.902373724793406e-06,4.902373724793406e-06,weekday_oriented
Calumet Ave & 51st St,41.80229465088,-87.6180535802,465.0,175.0,640.0,0.00015020524820367445,0.000145286571535787,0.0001488275182081167,-4.918676667887463e-06,4.918676667887463e-06,weekday_oriented
Cicero Ave & Flournoy St,41.87213100000001,-87.746619,41.0,10.0,51.0,1.3243903605055165e-05,8.30208980204497e-06,1.1859692857209298e-05,-4.941813803010195e-06,4.941813803010195e-06,weekday_oriented
Artesian Ave & 71st St,41.764345,-87.684417,44.0,11.0,55.0,1.4212969722498226e-05,9.132298782249467e-06,1.2789864846010027e-05,-5.080670940248759e-06,5.080670940248759e-06,weekday_oriented
Southport Ave & Wrightwood Ave*,41.928773,-87.663913,65.0,19.0,84.0,2.0996432544599652e-05,1.5773970623885444e-05,1.9533611764815314e-05,-5.222461920714208e-06,5.222461920714208e-06,weekday_oriented
Hoyne Ave & 47th St,41.808227,-87.67718,394.0,147.0,541.0,0.00012727068342418865,0.00012204072009006107,0.00012580576148529864,-5.229963334127584e-06,5.229963334127584e-06,weekday_oriented
Harding Ave & 31st St,41.83672,-87.72303000000001,42.0,10.0,52.0,1.3566925644202853e-05,8.30208980204497e-06,1.2092235854409481e-05,-5.264835842157883e-06,5.264835842157883e-06,weekday_oriented
Lavergne Ave & Division St,41.9021077,-87.7508698,91.0,29.0,120.0,2.9395005562439515e-05,2.4076060425930415e-05,2.7905159664021877e-05,-5.318945136509101e-06,5.318945136509101e-06,weekday_oriented
Kedzie Ave & Roosevelt Rd,41.86649278172,-87.7064961757,91.0,29.0,120.0,2.9395005562439515e-05,2.4076060425930415e-05,2.7905159664021877e-05,-5.318945136509101e-06,5.318945136509101e-06,weekday_oriented
Lavergne Ave & Lawrence Ave,41.96775000000001,-87.75259000000001,217.0,78.0,295.0,7.009578249504807e-05,6.475630045595077e-05,6.860018417405379e-05,-5.339482039097302e-06,5.339482039097302e-06,weekday_oriented
Central Ave & Altgeld St,41.9258119,-87.7663685,171.0,60.0,231.0,5.5236768694254474e-05,4.981253881226982e-05,5.371743235324212e-05,-5.424229881984651e-06,5.424229881984651e-06,weekday_oriented
Public Rack - St Louis Ave & Berteau Ave,41.95837300000001,-87.71568499999998,48.0,12.0,60.0,1.5505057879088974e-05,9.962507762453966e-06,1.3952579832010938e-05,-5.542550116635009e-06,5.542550116635009e-06,weekday_oriented
MLK Jr Dr & 47th St,41.809851,-87.616279,431.0,161.0,592.0,0.00013922249887265308,0.00013366364581292404,0.00013766545434250793,-5.558853059729047e-06,5.558853059729047e-06,weekday_oriented
Eberhart Ave & 61st St,41.784071072761,-87.61448353528975,210.0,75.0,285.0,6.783462822101426e-05,6.226567351533728e-05,6.627475420205196e-05,-5.56895470567698e-06,5.56895470567698e-06,weekday_oriented
Drake Ave & Montrose Ave,41.96115407569,-87.7165690733,976.0,373.0,1349.0,0.00031526951020814246,0.0003096679496162774,0.00031370050322304595,-5.601560591865073e-06,5.601560591865073e-06,weekday_oriented
Woodlawn Ave & 75th St,41.75916,-87.595751,51.0,13.0,64.0,1.6474123996532035e-05,1.0792716742658462e-05,1.4882751820811669e-05,-5.6814072538735725e-06,5.6814072538735725e-06,weekday_oriented
Lavergne Ave & Fullerton Ave,41.924034,-87.751191,226.0,81.0,307.0,7.300298084737725e-05,6.724692739656426e-05,7.139070014045597e-05,-5.756053450812993e-06,5.756053450812993e-06,weekday_oriented
Laramie Ave & Madison St,41.880207,-87.755337,59.0,16.0,75.0,1.905830030971353e-05,1.3283343683271954e-05,1.7440724790013674e-05,-5.7749566264415775e-06,5.7749566264415775e-06,weekday_oriented
Larrabee St & Division St,41.9034860737611,-87.64335349093417,6613.0,2566.0,9179.0,0.002136144744883654,0.0021303162432047395,0.0021345121713004737,-5.828501678914379e-06,5.828501678914379e-06,weekday_oriented
Public Rack - Western Ave & 47th Pl,41.808038,-87.68470899999998,85.0,26.0,111.0,2.745687332755339e-05,2.1585433485316924e-05,2.5812272689220237e-05,-5.871439842236467e-06,5.871439842236467e-06,weekday_oriented
Long Ave & Diversey Ave,41.93104,-87.76124,157.0,54.0,211.0,5.0714460146186856e-05,4.483128493104284e-05,4.9066572409238465e-05,-5.883175215144014e-06,5.883175215144014e-06,weekday_oriented
Public Rack - Washtenaw Ave & Superior St,41.894738,-87.69520399999999,427.0,159.0,586.0,0.00013793041071606235,0.00013200322785251504,0.00013627019635930685,-5.927182863547302e-06,5.927182863547302e-06,weekday_oriented
Damen Ave & 51st St,41.800908,-87.674684,57.0,15.0,72.0,1.8412256231418156e-05,1.2453134703067456e-05,1.6743095798413126e-05,-5.9591215283507e-06,5.9591215283507e-06,weekday_oriented
Kenton Ave & Madison St,41.88042,-87.74107999999998,47.0,11.0,58.0,1.5182035839941288e-05,9.132298782249467e-06,1.3487493837610575e-05,-6.049737057691821e-06,6.049737057691821e-06,weekday_oriented
21st St & Pulaski Rd,41.85357638068863,-87.72469529380317,60.0,16.0,76.0,1.938132234886122e-05,1.3283343683271954e-05,1.7673267787213856e-05,-6.0979786655892655e-06,6.0979786655892655e-06,weekday_oriented
Karlov Ave & Lawrence Ave,41.967947,-87.730409,356.0,131.0,487.0,0.00011499584593657656,0.00010875737640678912,0.00011324843963648879,-6.238469529787436e-06,6.238469529787436e-06,weekday_oriented
Public Rack - Irving Park Rd & Leclaire Ave,41.953418,-87.754841,58.0,15.0,73.0,1.8735278270565844e-05,1.2453134703067456e-05,1.697563879561331e-05,-6.282143567498388e-06,6.282143567498388e-06,weekday_oriented
Wentworth Ave & 107th St,41.69989,-87.62785,53.0,13.0,66.0,1.712016807482741e-05,1.0792716742658462e-05,1.5347837815212034e-05,-6.327451332168948e-06,6.327451332168948e-06,weekday_oriented
Springfield Ave & 71st St,41.764484,-87.72002800000001,48.0,11.0,59.0,1.5505057879088974e-05,9.132298782249467e-06,1.3720036834810756e-05,-6.372759096839507e-06,6.372759096839507e-06,weekday_oriented
Lynch Ave & Elston Ave,41.98096,-87.76149,138.0,46.0,184.0,4.45770414023808e-05,3.818961308940687e-05,4.278791148483355e-05,-6.387428312973933e-06,6.387428312973933e-06,weekday_oriented
Rockwell St & Cermak Rd,41.851644,-87.690621,272.0,98.0,370.0,8.786199464817085e-05,8.136048006004072e-05,8.604090896406746e-05,-6.501514588130134e-06,6.501514588130134e-06,weekday_oriented
Public Rack - Peterson Park,41.97871,-87.75552,57.0,14.0,71.0,1.8412256231418156e-05,1.1622925722862959e-05,1.6510552801212943e-05,-6.789330508555197e-06,6.789330508555197e-06,weekday_oriented
Daley Center Plaza Corral,41.8841951,-87.629701,52.0,12.0,64.0,1.6797146035679723e-05,9.962507762453966e-06,1.4882751820811669e-05,-6.834638273225757e-06,6.834638273225757e-06,weekday_oriented
Dauphin Ave & 103rd St,41.7072503677818,-87.60766267776489,65.0,17.0,82.0,2.0996432544599652e-05,1.411355266347645e-05,1.906852577041495e-05,-6.882879881123202e-06,6.882879881123202e-06,weekday_oriented
Halsted St & 51st St,41.80183164049,-87.645213904,222.0,78.0,300.0,7.17108926907865e-05,6.475630045595077e-05,6.97628991600547e-05,-6.954592234835732e-06,6.954592234835732e-06,weekday_oriented
Kedzie Ave & 38th Pl,41.8235109,-87.7041017,55.0,13.0,68.0,1.7766212153122783e-05,1.0792716742658462e-05,1.58129238096124e-05,-6.973495410464321e-06,6.973495410464321e-06,weekday_oriented
Phillips Ave & 83rd St,41.744531,-87.56506,73.0,20.0,93.0,2.358060885778115e-05,1.660417960408994e-05,2.1626498739616954e-05,-6.9764292536912085e-06,6.9764292536912085e-06,weekday_oriented
California Ave & 71st St,41.764748,-87.693121,109.0,34.0,143.0,3.520940226709788e-05,2.82271053269529e-05,3.325364859962607e-05,-6.98229694014498e-06,6.98229694014498e-06,weekday_oriented
Leavitt St & Chicago Ave,41.895501,-87.682017,3607.0,1395.0,5002.0,0.0011651404952057068,0.0011581415273852734,0.0011631800719953118,-6.998967820433417e-06,6.998967820433417e-06,weekday_oriented
Sacramento Ave & Lunt Ave,42.0082,-87.70461000000002,235.0,83.0,318.0,7.591017919970643e-05,6.890734535697325e-05,7.394867310965798e-05,-7.002833842733181e-06,7.002833842733181e-06,weekday_oriented
SCOOTERS CLASSIC - 2132 W Hubbard ST,41.88996749470834,-87.6801560819149,112.0,35.0,147.0,3.617846838454094e-05,2.9057314307157398e-05,3.41838205884268e-05,-7.121154077383544e-06,7.121154077383544e-06,weekday_oriented
Public Rack - Western Ave & Devon Ave,41.997579,-87.689713,166.0,56.0,222.0,5.362165849851604e-05,4.6491702891451836e-05,5.1624545378440473e-05,-7.129955607064202e-06,7.129955607064202e-06,weekday_oriented
Public Rack - Nashotah & Northwest Hwy,41.988141,-87.79144699999999,84.0,24.0,108.0,2.7133851288405707e-05,1.992501552490793e-05,2.511464369761969e-05,-7.208835763497776e-06,7.208835763497776e-06,weekday_oriented
Grace/Sheffield Corral,41.9511586,-87.6546115,380.0,139.0,519.0,0.00012274837487612106,0.0001153990482484251,0.00012068981554689462,-7.34932662769596e-06,7.34932662769596e-06,weekday_oriented
Public Rack - Keystone Ave & Irving Park Rd,41.953449,-87.72963499999999,105.0,32.0,137.0,3.391731411050713e-05,2.6566687366543908e-05,3.1858390616424974e-05,-7.350626743963222e-06,7.350626743963222e-06,weekday_oriented
Wallace St & Pershing Rd,41.82348386197183,-87.6408699859155,262.0,93.0,355.0,8.463177425669398e-05,7.720943515901823e-05,8.255276400606472e-05,-7.422339097675745e-06,7.422339097675745e-06,weekday_oriented
Kedzie Ave & Harrison St,41.87359967462,-87.7048707493,93.0,27.0,120.0,3.0041049640734888e-05,2.241564246552142e-05,2.7905159664021877e-05,-7.625407175213467e-06,7.625407175213467e-06,weekday_oriented
Kedzie Ave & 66th Pl,41.772584,-87.703007,65.0,16.0,81.0,2.0996432544599652e-05,1.3283343683271954e-05,1.8835982773214766e-05,-7.713088861327698e-06,7.713088861327698e-06,weekday_oriented
Kedzie Ave & 57th St,41.78983,-87.7031,407.0,149.0,556.0,0.0001314699699331086,0.00012370113805047008,0.00012929390644330136,-7.768831882638523e-06,7.768831882638523e-06,weekday_oriented
Wood St & Milwaukee Ave*,41.907655,-87.672552,86.0,24.0,110.0,2.777989536670108e-05,1.992501552490793e-05,2.5579729692020054e-05,-7.854879841793148e-06,7.854879841793148e-06,weekday_oriented
Long Ave & Belden Ave,41.9227049,-87.760954,43.0,7.0,50.0,1.388994768335054e-05,5.8114628614314795e-06,1.1627149860009116e-05,-8.078484821919061e-06,8.078484821919061e-06,weekday_oriented
Wood St & Webster Ave,41.92105672992757,-87.67279744148254,1909.0,733.0,2642.0,0.0006166490727329344,0.0006085431824898964,0.0006143785986028816,-8.105890243038038e-06,8.105890243038038e-06,weekday_oriented
Elizabeth St & 47th St,41.80839,-87.656526,73.0,18.0,91.0,2.358060885778115e-05,1.4943761643680947e-05,2.1161412745216592e-05,-8.636847214100202e-06,8.636847214100202e-06,weekday_oriented
Public Rack - Keating & Peterson,41.990159,-87.747183,122.0,37.0,159.0,3.940868877601781e-05,3.071773226756639e-05,3.697433655482899e-05,-8.690956508451417e-06,8.690956508451417e-06,weekday_oriented
Franklin St & Chicago Ave*,41.89679,-87.63564,117.0,35.0,152.0,3.779357858027938e-05,2.9057314307157398e-05,3.534653557442771e-05,-8.73626427312198e-06,8.73626427312198e-06,weekday_oriented
Mason Ave & Montrose Ave,41.96056,-87.77588,189.0,63.0,252.0,6.105116539891284e-05,5.230316575288331e-05,5.8600835294445944e-05,-8.747999646029524e-06,8.747999646029524e-06,weekday_oriented
Kedzie Ave & Redfield Dr,41.76523,-87.70316,71.0,17.0,88.0,2.2934564779485773e-05,1.411355266347645e-05,2.0463783753616044e-05,-8.821012116009323e-06,8.821012116009323e-06,weekday_oriented
Rockwell St & 57th St,41.79031,-87.68888,136.0,42.0,178.0,4.3930997324085426e-05,3.4868777168588875e-05,4.139265350163245e-05,-9.06222015549655e-06,9.06222015549655e-06,weekday_oriented
Virginia Ave & Catalpa Ave,41.9812456,-87.7048924,262.0,91.0,353.0,8.463177425669398e-05,7.554901719860924e-05,8.208767801166435e-05,-9.082757058084738e-06,9.082757058084738e-06,weekday_oriented
Laramie Ave & Kinzie St,41.887832,-87.75552699999999,95.0,26.0,121.0,3.0687093719030264e-05,2.1585433485316924e-05,2.813770266122206e-05,-9.10166023371334e-06,9.10166023371334e-06,weekday_oriented
Kildare Ave & 26th St,41.84431738489837,-87.73233669396876,62.0,13.0,75.0,2.0027366427156592e-05,1.0792716742658462e-05,1.7440724790013674e-05,-9.23464968449813e-06,9.23464968449813e-06,weekday_oriented
Stony Island Ave & 71st St,41.7664929373,-87.58646087749999,296.0,104.0,400.0,9.561452358771535e-05,8.63417339412677e-05,9.301719888007293e-05,-9.272789646447651e-06,9.272789646447651e-06,weekday_oriented
Public Rack - Keystone Ave & North Ave,41.909623,-87.727951,47.0,7.0,54.0,1.5182035839941288e-05,5.8114628614314795e-06,1.2557321848809844e-05,-9.37057297850981e-06,9.37057297850981e-06,weekday_oriented
Avers Ave & 16th St,41.85909,-87.72121,73.0,17.0,90.0,2.358060885778115e-05,1.411355266347645e-05,2.092886974801641e-05,-9.467056194304699e-06,9.467056194304699e-06,weekday_oriented
Tripp Ave & 15th St,41.86077,-87.73136,81.0,20.0,101.0,2.6164785170962643e-05,1.660417960408994e-05,2.3486842717218414e-05,-9.560605566872702e-06,9.560605566872702e-06,weekday_oriented
Mason Ave & Grand Ave,41.9204347,-87.7743901,125.0,37.0,162.0,4.037775489346087e-05,3.071773226756639e-05,3.767196554642953e-05,-9.660022625894477e-06,9.660022625894477e-06,weekday_oriented
Sedgwick St & North Ave*,41.910983,-87.638525,74.0,17.0,91.0,2.3903630896928837e-05,1.411355266347645e-05,2.1161412745216592e-05,-9.790078233452387e-06,9.790078233452387e-06,weekday_oriented
Sacramento Blvd & Franklin Blvd,41.89046879243862,-87.70260751247406,244.0,83.0,327.0,7.881737755203562e-05,6.890734535697325e-05,7.604156008445962e-05,-9.910032195062363e-06,9.910032195062363e-06,weekday_oriented
California Ave & Touhy Ave,42.0120368,-87.7004371,221.0,74.0,295.0,7.138787065163882e-05,6.143546453513278e-05,6.860018417405379e-05,-9.95240611650604e-06,9.95240611650604e-06,weekday_oriented
Fairfield Ave & 44th St,41.813617,-87.6932272,252.0,86.0,338.0,8.140155386521712e-05,7.139797229758674e-05,7.859953305366162e-05,-1.0003581567630376e-05,1.0003581567630376e-05,weekday_oriented
Keeler Ave & Roosevelt Rd,41.866402,-87.7300171,52.0,8.0,60.0,1.6797146035679723e-05,6.641671841635977e-06,1.3952579832010938e-05,-1.0155474194043746e-05,1.0155474194043746e-05,weekday_oriented
Damen Ave & Pershing Rd,41.823192,-87.676597,214.0,71.0,285.0,6.912671637760501e-05,5.894483759451929e-05,6.627475420205196e-05,-1.0181878783085719e-05,1.0181878783085719e-05,weekday_oriented
Sacramento Ave & Pratt Blvd,42.00404000000001,-87.70473000000001,176.0,56.0,232.0,5.68518788899929e-05,4.6491702891451836e-05,5.39499753504423e-05,-1.0360175998541068e-05,1.0360175998541068e-05,weekday_oriented
Fairfield Ave & Pratt Blvd,42.0044482,-87.69859730000002,300.0,104.0,404.0,9.690661174430609e-05,8.63417339412677e-05,9.394737086887366e-05,-1.056487780303839e-05,1.056487780303839e-05,weekday_oriented
Archer Ave & 49th St,41.80420000000001,-87.72082,61.0,11.0,72.0,1.9704344388008904e-05,9.132298782249467e-06,1.6743095798413126e-05,-1.0572045605759437e-05,1.0572045605759437e-05,weekday_oriented
Kenwood Ave & 57th St,41.79153999999999,-87.59295,182.0,58.0,240.0,5.879001112487903e-05,4.815212085186083e-05,5.581031932804375e-05,-1.0637890273018202e-05,1.0637890273018202e-05,weekday_oriented
Western Ave & Howard St,42.018901,-87.690048,745.0,277.0,1022.0,0.00024065141916502678,0.00022996788751664568,0.00023765894313858632,-1.06835316483811e-05,1.06835316483811e-05,weekday_oriented
Public Rack - Kilpatrick & Elston,41.970024,-87.74341,49.0,6.0,55.0,1.5828079918236662e-05,4.981253881226983e-06,1.2789864846010027e-05,-1.0846826037009679e-05,1.0846826037009679e-05,weekday_oriented
Public Rack - Western Blvd & 49th St,41.80478,-87.683749,49.0,6.0,55.0,1.5828079918236662e-05,4.981253881226983e-06,1.2789864846010027e-05,-1.0846826037009679e-05,1.0846826037009679e-05,weekday_oriented
Public Rack - Jonathan Y Scammon Public School,41.941612,-87.73237200000001,222.0,73.0,295.0,7.17108926907865e-05,6.0605255554928286e-05,6.860018417405379e-05,-1.1105637135858215e-05,1.1105637135858215e-05,weekday_oriented
Perry Ave & 69th St,41.76929308995,-87.62819592909999,158.0,48.0,206.0,5.103748218533454e-05,3.985003104981586e-05,4.790385742323756e-05,-1.1187451135518678e-05,1.1187451135518678e-05,weekday_oriented
Lamon Ave & Belmont Ave,41.9390108,-87.7492834,158.0,48.0,206.0,5.103748218533454e-05,3.985003104981586e-05,4.790385742323756e-05,-1.1187451135518678e-05,1.1187451135518678e-05,weekday_oriented
Homan Ave & Fillmore St,41.868114,-87.71092569999999,61.0,10.0,71.0,1.9704344388008904e-05,8.30208980204497e-06,1.6510552801212943e-05,-1.1402254585963934e-05,1.1402254585963934e-05,weekday_oriented
Public Rack - Prairie Ave & Garfield Blvd N,41.79480875,-87.61890696,59.0,9.0,68.0,1.905830030971353e-05,7.471880821840474e-06,1.58129238096124e-05,-1.1586419487873058e-05,1.1586419487873058e-05,weekday_oriented
Kildare Ave & 47th St,41.80762,-87.73084,59.0,9.0,68.0,1.905830030971353e-05,7.471880821840474e-06,1.58129238096124e-05,-1.1586419487873058e-05,1.1586419487873058e-05,weekday_oriented
Leamington Ave & Hirsch St,41.9058405,-87.7548602,77.0,16.0,93.0,2.4872697014371898e-05,1.3283343683271954e-05,2.1626498739616954e-05,-1.1589353331099944e-05,1.1589353331099944e-05,weekday_oriented
Larrabee St & North Ave,41.91021,-87.6435,3778.0,1456.0,5234.0,0.0012203772638999613,0.0012087842751777478,0.0012171300473457541,-1.1592988722213416e-05,1.1592988722213416e-05,weekday_oriented
Linder Ave & Montrose Ave,41.96081,-87.76488,242.0,80.0,322.0,7.817133347374025e-05,6.641671841635976e-05,7.48788450984587e-05,-1.1754615057380484e-05,1.1754615057380484e-05,weekday_oriented
Damen Ave & Ohio St,41.89239445296271,-87.67688512802124,281.0,95.0,376.0,9.076919300050003e-05,7.886985311942723e-05,8.743616694726854e-05,-1.1899339881072806e-05,1.1899339881072806e-05,weekday_oriented
Public Rack - Forest Glen Station,41.97871,-87.75552,58.0,8.0,66.0,1.8735278270565844e-05,6.641671841635977e-06,1.5347837815212034e-05,-1.2093606428929867e-05,1.2093606428929867e-05,weekday_oriented
Melvina Ave & Giddings Ave,41.96648,-87.78202000000002,274.0,92.0,366.0,8.850803872646623e-05,7.637922617881374e-05,8.511073697526673e-05,-1.2128812547652497e-05,1.2128812547652497e-05,weekday_oriented
Public Rack - Karlov Ave & Kamerling Ave,41.90562099999999,-87.72863600000001,83.0,17.0,100.0,2.681082924925802e-05,1.411355266347645e-05,2.325429972001823e-05,-1.2697276585781568e-05,1.2697276585781568e-05,weekday_oriented
Kilbourn Ave & Belden Ave,41.922369,-87.739024,466.0,166.0,632.0,0.00015052827024282213,0.0001378146907139465,0.00014696717423051523,-1.2713579528875625e-05,1.2713579528875625e-05,weekday_oriented
Michigan Ave & 11th St,41.86959,-87.623961,466.0,166.0,632.0,0.00015052827024282213,0.0001378146907139465,0.00014696717423051523,-1.2713579528875625e-05,1.2713579528875625e-05,weekday_oriented
Claremont Ave & Hirsch St,41.907781,-87.685854,1577.0,598.0,2175.0,0.0005094057557359023,0.0004964649701622892,0.0005057810189103965,-1.2940785573613126e-05,1.2940785573613126e-05,weekday_oriented
Vincennes Ave & 104th St,41.70492556499763,-87.65686810958869,89.0,19.0,108.0,2.874896148414414e-05,1.5773970623885444e-05,2.511464369761969e-05,-1.2974990860258695e-05,1.2974990860258695e-05,weekday_oriented
Kildare Ave & Chicago Ave,41.8954357,-87.73348179999999,79.0,15.0,94.0,2.551874109266727e-05,1.2453134703067456e-05,2.1859041736817136e-05,-1.3065606389599815e-05,1.3065606389599815e-05,weekday_oriented
Leavitt St/North Ave,41.910077,-87.68230600000001,1395.0,527.0,1922.0,0.0004506157446110233,0.00043752013256776997,0.00044694764061875043,-1.3095612043253341e-05,1.3095612043253341e-05,weekday_oriented
Public Rack - Lawrence Ave & Kimball Ave,41.968277,-87.71262899999999,51.0,4.0,55.0,1.6474123996532035e-05,3.3208359208179885e-06,1.2789864846010027e-05,-1.3153288075714046e-05,1.3153288075714046e-05,weekday_oriented
Granville Ave & Pulaski Rd,41.9924402,-87.72890720000001,90.0,19.0,109.0,2.9071983523291828e-05,1.5773970623885444e-05,2.534718669481987e-05,-1.3298012899406383e-05,1.3298012899406383e-05,weekday_oriented
Public Rack - Hamlin Ave & Fullerton Ave,41.924319,-87.721446,132.0,35.0,167.0,4.263890916749468e-05,2.9057314307157398e-05,3.8834680532430445e-05,-1.3581594860337283e-05,1.3581594860337283e-05,weekday_oriented
Central Ave & Roscoe St,41.942275,-87.76695,91.0,19.0,110.0,2.9395005562439515e-05,1.5773970623885444e-05,2.5579729692020054e-05,-1.3621034938554071e-05,1.3621034938554071e-05,weekday_oriented
Albany Ave & Bloomingdale Ave,41.91402671273,-87.70512646200001,2891.0,1108.0,3999.0,0.000933856715175963,0.0009198715500665827,0.000929939445803529,-1.3985165109380265e-05,1.3985165109380265e-05,weekday_oriented
Bernard St & Elston Ave,41.949923,-87.713949,758.0,278.0,1036.0,0.0002448507056739467,0.0002307980964968502,0.0002409145450993889,-1.405260917709651e-05,1.405260917709651e-05,weekday_oriented
Public Rack - Justine St & 87th St,41.736019,-87.66243,131.0,34.0,165.0,4.231588712834699e-05,2.82271053269529e-05,3.836959453803008e-05,-1.4088781801394088e-05,1.4088781801394088e-05,weekday_oriented
Public Rack - Pulaski Rd & 44th St,41.8129,-87.72249999999998,90.0,18.0,108.0,2.9071983523291828e-05,1.4943761643680947e-05,2.511464369761969e-05,-1.412822187961088e-05,1.412822187961088e-05,weekday_oriented
Archer (Damen) Ave & 37th St,41.826712,-87.683144,283.0,93.0,376.0,9.141523707879542e-05,7.720943515901823e-05,8.743616694726854e-05,-1.4205801919777182e-05,1.4205801919777182e-05,weekday_oriented
Lincolnwood Dr & Central St,42.064854,-87.715297,404.0,140.0,544.0,0.00013050090381566554,0.00011622925722862959,0.0001265033904768992,-1.4271646587035947e-05,1.4271646587035947e-05,weekday_oriented
Augusta Blvd & Laramie Ave,41.8986607,-87.7554551,70.0,10.0,80.0,2.261154274033809e-05,8.30208980204497e-06,1.8603439776014587e-05,-1.4309452938293118e-05,1.4309452938293118e-05,weekday_oriented
Kildare Ave & Division St,41.902393,-87.733598,119.0,29.0,148.0,3.843962265857475e-05,2.4076060425930415e-05,3.441636358562698e-05,-1.4363562232644333e-05,1.4363562232644333e-05,weekday_oriented
Halsted St & Lake St,41.885760000000005,-87.64711,911.0,337.0,1248.0,0.0002942730776635428,0.0002797804263289155,0.00029021366050582754,-1.4492651334627302e-05,1.4492651334627302e-05,weekday_oriented
Pulaski Rd & 75th St,41.75725,-87.72247,63.0,7.0,70.0,2.035038846630428e-05,5.8114628614314795e-06,1.627800980401276e-05,-1.45389256048728e-05,1.45389256048728e-05,weekday_oriented
Albany Ave & Montrose Ave,41.96104100000001,-87.705866,1549.0,585.0,2134.0,0.0005003611386397671,0.0004856722534196308,0.0004962467560251891,-1.4688885220136348e-05,1.4688885220136348e-05,weekday_oriented
Western Ave & 21st St,41.854109,-87.685838,817.0,300.0,1117.0,0.00026390900598366023,0.0002490626940613491,0.00025975052787260365,-1.4846311922311114e-05,1.4846311922311114e-05,weekday_oriented
University Ave & 65th St,41.77694,-87.59842000000002,391.0,134.0,525.0,0.0001263016173067456,0.00011124800334740261,0.00012208507353009572,-1.505361395934298e-05,1.505361395934298e-05,weekday_oriented
Kilbourn Ave & 49th St,41.80385,-87.73566,65.0,7.0,72.0,2.0996432544599652e-05,5.8114628614314795e-06,1.6743095798413126e-05,-1.5184969683168172e-05,1.5184969683168172e-05,weekday_oriented
Normal Ave & Archer Ave,41.849527,-87.640591,673.0,243.0,916.0,0.00021739383234639333,0.0002017407821896928,0.000213009385435367,-1.5653050156700537e-05,1.5653050156700537e-05,weekday_oriented
Halsted St & 63rd St,41.77938114228001,-87.6446208145,90.0,16.0,106.0,2.9071983523291828e-05,1.3283343683271954e-05,2.4649557703219324e-05,-1.5788639840019874e-05,1.5788639840019874e-05,weekday_oriented
Public Rack - Lavergne Ave & Belle Plaine Ave,41.9553079,-87.75178779999999,52.0,1.0,53.0,1.6797146035679723e-05,8.302089802044971e-07,1.2324778851609662e-05,-1.5966937055475226e-05,1.5966937055475226e-05,weekday_oriented
Nagle Ave & Belmont Ave,41.93852,-87.78735,114.0,25.0,139.0,3.682451246283631e-05,2.0755224505112428e-05,3.232347661082534e-05,-1.6069287957723884e-05,1.6069287957723884e-05,weekday_oriented
Richmond St & Lincoln Ave,41.9881174,-87.7031754,222.0,67.0,289.0,7.17108926907865e-05,5.5624001673701306e-05,6.72049261908527e-05,-1.6086891017085195e-05,1.6086891017085195e-05,weekday_oriented
Halsted St & 69th St,41.76906172032,-87.6446135779,117.0,26.0,143.0,3.779357858027938e-05,2.1585433485316924e-05,3.325364859962607e-05,-1.6208145094962454e-05,1.6208145094962454e-05,weekday_oriented
Western Blvd & 48th Pl,41.805661,-87.683392,334.0,110.0,444.0,0.00010788936107532744,9.132298782249468e-05,0.00010324909075688095,-1.6566373252832766e-05,1.6566373252832766e-05,weekday_oriented
Columbus Ave & 79th St,41.749119,-87.704263,77.0,10.0,87.0,2.4872697014371898e-05,8.30208980204497e-06,2.023124075641586e-05,-1.6570607212326927e-05,1.6570607212326927e-05,weekday_oriented
Clifton Ave & Armitage Ave,41.918216,-87.656936,7266.0,2807.0,10073.0,0.0023470781364470935,0.0023303966074340234,0.0023424056107974366,-1.6681529013070056e-05,1.6681529013070056e-05,weekday_oriented
Western Ave & Lake St,41.88476155555556,-87.68648361002178,345.0,114.0,459.0,0.00011144260350595201,9.464382374331266e-05,0.00010673723571488368,-1.6798779762639343e-05,1.6798779762639343e-05,weekday_oriented
Seminary Ave & Belden Ave,41.923390000000005,-87.65599,669.0,240.0,909.0,0.0002161017441898026,0.0001992501552490793,0.00021138158445496572,-1.6851588940723302e-05,1.6851588940723302e-05,weekday_oriented
Lawler Ave & North Ave,41.90917540000001,-87.7522545,104.0,20.0,124.0,3.3594292071359445e-05,1.660417960408994e-05,2.8835331652822607e-05,-1.6990112467269504e-05,1.6990112467269504e-05,weekday_oriented
Public Rack - Rockwell & Division,41.90282,-87.692397,207.0,60.0,267.0,6.68655621035712e-05,4.981253881226982e-05,6.208898025244868e-05,-1.7053023291301377e-05,1.7053023291301377e-05,weekday_oriented
Kostner Ave & 63rd St,41.77875,-87.73246,133.0,31.0,164.0,4.2961931206642365e-05,2.5736478386339408e-05,3.81370515408299e-05,-1.7225452820302957e-05,1.7225452820302957e-05,weekday_oriented
Central Ave & Parker Ave,41.9301785,-87.7661217,129.0,29.0,158.0,4.166984305005162e-05,2.4076060425930415e-05,3.674179355762881e-05,-1.7593782624121206e-05,1.7593782624121206e-05,weekday_oriented
Kedzie Ave & 48th Pl,41.8047581237684,-87.70421936879356,533.0,186.0,719.0,0.00017217074686571717,0.00015441887031803647,0.00016719841498693107,-1.77518765476807e-05,1.77518765476807e-05,weekday_oriented
Kedzie Ave & Foster Ave,41.975672,-87.709261,775.0,280.0,1055.0,0.0002503420803394574,0.00023245851445725919,0.00024533286204619237,-1.78835658821982e-05,1.78835658821982e-05,weekday_oriented
Public Rack - Milwaukee Ave & Higgins Ave,41.9685964,-87.7612092,84.0,11.0,95.0,2.7133851288405707e-05,9.132298782249467e-06,2.209158473401732e-05,-1.800155250615624e-05,1.800155250615624e-05,weekday_oriented
Lamon Ave & Armitage Ave,41.91676,-87.749458,97.0,16.0,113.0,3.133313779732563e-05,1.3283343683271954e-05,2.6277358683620602e-05,-1.804979411405368e-05,1.804979411405368e-05,weekday_oriented
California Ave & Granville Ave,41.9941803,-87.6995596,846.0,307.0,1153.0,0.00027327664511894316,0.0002548741569227806,0.0002681220757718102,-1.8402488196162577e-05,1.8402488196162577e-05,weekday_oriented
Loomis St & Lexington St*,41.87222873224032,-87.66136385500431,147.0,35.0,182.0,4.748423975470998e-05,2.9057314307157398e-05,4.2322825490433183e-05,-1.8426925447552585e-05,1.8426925447552585e-05,weekday_oriented
St. Clair St & Erie St 1,41.894400000000005,-87.62286,106.0,19.0,125.0,3.424033614965482e-05,1.5773970623885444e-05,2.906787465002279e-05,-1.8466365525769377e-05,1.8466365525769377e-05,weekday_oriented
Public Rack - Hyde Park Blvd & 55th St,41.795,-87.584113,394.0,131.0,525.0,0.00012727068342418865,0.00010875737640678912,0.00012208507353009572,-1.851330701739953e-05,1.851330701739953e-05,weekday_oriented
Komensky Ave & 47th St,41.80769,-87.72472,119.0,24.0,143.0,3.843962265857475e-05,1.992501552490793e-05,3.325364859962607e-05,-1.8514607133666817e-05,1.8514607133666817e-05,weekday_oriented
Ashland Ave & Wrightwood Ave,41.92882999871071,-87.6685067415486,3928.0,1506.0,5434.0,0.0012688305697721143,0.0012502947241879725,0.0012636386467857906,-1.8535845584141848e-05,1.8535845584141848e-05,weekday_oriented
Public Rack - Emerald Ave & 43rd St,41.81643,-87.64475399999999,161.0,40.0,201.0,5.20065483027776e-05,3.320835920817988e-05,4.6741142437236646e-05,-1.879818909459772e-05,1.879818909459772e-05,weekday_oriented
Wentworth Ave & 92nd St,41.72714,-87.62886,69.0,4.0,73.0,2.22885207011904e-05,3.3208359208179885e-06,1.697563879561331e-05,-1.896768478037241e-05,1.896768478037241e-05,weekday_oriented
Morgan St & Pershing Rd,41.823613,-87.650931,126.0,26.0,152.0,4.070077693260856e-05,2.1585433485316924e-05,3.534653557442771e-05,-1.9115343447291635e-05,1.9115343447291635e-05,weekday_oriented
Pulaski Rd & Ann Lurie Pl,41.81644,-87.7248,135.0,29.0,164.0,4.360797528493774e-05,2.4076060425930415e-05,3.81370515408299e-05,-1.9531914859007327e-05,1.9531914859007327e-05,weekday_oriented
Public Rack - Hamlin Ave & Montrose Ave,41.96121600000001,-87.72241599999998,292.0,90.0,382.0,9.43224354311246e-05,7.471880821840473e-05,8.883142493046964e-05,-1.9603627212719867e-05,1.9603627212719867e-05,weekday_oriented
California Ave & 23rd Pl,41.84910969176,-87.69513980680001,364.0,118.0,482.0,0.00011758002224975806,9.796465966413065e-05,0.00011208572465048787,-1.961536258562741e-05,1.961536258562741e-05,weekday_oriented
Hale Ave & 107th St,41.69920616812768,-87.66891896724701,107.0,18.0,125.0,3.4563358188802506e-05,1.4943761643680947e-05,2.906787465002279e-05,-1.961959654512156e-05,1.961959654512156e-05,weekday_oriented
Shields Ave & 28th Pl,41.842733,-87.635491,1297.0,481.0,1778.0,0.00041895958477455,0.0003993305194783631,0.00041346144902192414,-1.9629065296186926e-05,1.9629065296186926e-05,weekday_oriented
State St & 54th St,41.796642,-87.625923,157.0,37.0,194.0,5.0714460146186856e-05,3.071773226756639e-05,4.511334145683537e-05,-1.9996727878620464e-05,1.9996727878620464e-05,weekday_oriented
Ave L & 114th,41.68803,-87.53641,91.0,11.0,102.0,2.9395005562439515e-05,9.132298782249467e-06,2.3719385714418597e-05,-2.026270678019005e-05,2.026270678019005e-05,weekday_oriented
Throop St & Taylor St,41.868968,-87.659141,3864.0,1479.0,5343.0,0.0012481571592666625,0.0012278790817224512,0.001242477234040574,-2.027807754421138e-05,2.027807754421138e-05,weekday_oriented
Western Ave & 43rd St,41.81574,-87.68489000000001,176.0,44.0,220.0,5.68518788899929e-05,3.652919512899787e-05,5.115945938404011e-05,-2.0322683760995035e-05,2.0322683760995035e-05,weekday_oriented
Clark St & Washington St,41.88301,-87.63100000000001,130.0,26.0,156.0,4.1992865089199305e-05,2.1585433485316924e-05,3.627670756322844e-05,-2.040743160388238e-05,2.040743160388238e-05,weekday_oriented
Harding Ave & Chicago Ave,41.895313,-87.724738,107.0,17.0,124.0,3.4563358188802506e-05,1.411355266347645e-05,2.8835331652822607e-05,-2.0449805525326055e-05,2.0449805525326055e-05,weekday_oriented
Wells St & Walton St,41.89993001,-87.63443007,9219.0,3562.0,12781.0,0.002977940178902526,0.0029572043874884187,0.0029721320472155303,-2.073579141410745e-05,2.073579141410745e-05,weekday_oriented
Nordica Ave & Medill Ave,41.92227,-87.80202,139.0,29.0,168.0,4.4900063441528486e-05,2.4076060425930415e-05,3.906722352963063e-05,-2.0824003015598072e-05,2.0824003015598072e-05,weekday_oriented
Public Rack - Champlain Ave & 65th St,41.775904,-87.609301,88.0,9.0,97.0,2.842593944499645e-05,7.471880821840474e-06,2.2556670728417684e-05,-2.0954058623155978e-05,2.0954058623155978e-05,weekday_oriented
Pulaski Rd & Congress Pkwy,41.87441021003816,-87.72609159350395,132.0,26.0,158.0,4.263890916749468e-05,2.1585433485316924e-05,3.674179355762881e-05,-2.1053475682177756e-05,2.1053475682177756e-05,weekday_oriented
Dayton St & North Ave,41.9105780349,-87.6494219288,8092.0,3123.0,11215.0,0.002613894340783083,0.0025927426451786443,0.002607969713600045,-2.1151695604438702e-05,2.1151695604438702e-05,weekday_oriented
Pulaski Rd & Eddy St,41.946264,-87.731023,446.0,148.0,594.0,0.00014406782945986839,0.00012287092907026557,0.00013813054033690828,-2.119690038960282e-05,2.119690038960282e-05,weekday_oriented
Rockwell St & Archer Ave,41.82272,-87.68982,405.0,132.0,537.0,0.00013082392585481322,0.00010958758538699362,0.0001248755894964979,-2.1236340467819598e-05,2.1236340467819598e-05,weekday_oriented
Wabash Ave & 9th St,41.870769,-87.625734,9254.0,3575.0,12829.0,0.0029892459502726954,0.002967997104231077,0.0029832941110811387,-2.124884604161846e-05,2.124884604161846e-05,weekday_oriented
Public Rack - Natoma Ave & Bryn Mawr Ave,41.982886,-87.790461,84.0,7.0,91.0,2.7133851288405707e-05,5.8114628614314795e-06,2.1161412745216592e-05,-2.1322388426974226e-05,2.1322388426974226e-05,weekday_oriented
Tripp Ave & 65th St,41.77491,-87.72883,141.0,29.0,170.0,4.554610751982386e-05,2.4076060425930415e-05,3.953230952403099e-05,-2.1470047093893448e-05,2.1470047093893448e-05,weekday_oriented
Logan Blvd & Elston Ave,41.929465,-87.684158,3426.0,1307.0,4733.0,0.0011066735061199756,0.0010850831371272778,0.0011006260057484629,-2.1590368992697876e-05,2.1590368992697876e-05,weekday_oriented
Prairie Ave & 43rd St,41.81665889302,-87.61941246190001,491.0,165.0,656.0,0.0001586038212215143,0.00013698448173374202,0.0001525482061633196,-2.161933948777227e-05,2.161933948777227e-05,weekday_oriented
Public Rack - Langley Ave & 49th St,41.805218,-87.609076,122.0,21.0,143.0,3.940868877601781e-05,1.7434388584294438e-05,3.325364859962607e-05,-2.197430019172337e-05,2.197430019172337e-05,weekday_oriented
Edgebrook Metra,41.99751,-87.76539,302.0,91.0,393.0,9.755265582260147e-05,7.554901719860924e-05,9.138939789967166e-05,-2.200363862399223e-05,2.200363862399223e-05,weekday_oriented
St Louis Ave & Foster Ave,41.97598370000001,-87.7159844,361.0,113.0,474.0,0.000116610956132315,9.381361476310817e-05,0.00011022538067288641,-2.2797341369206833e-05,2.2797341369206833e-05,weekday_oriented
Walden Pkwy & 100th St,41.71216410359803,-87.66773343086243,212.0,55.0,267.0,6.848067229930964e-05,4.566149391124734e-05,6.208898025244868e-05,-2.2819178388062303e-05,2.2819178388062303e-05,weekday_oriented
Wood St & 35th St,41.83010465416,-87.6702983089,521.0,175.0,696.0,0.0001682944823959449,0.000145286571535787,0.0001618499260513269,-2.3007910860157907e-05,2.3007910860157907e-05,weekday_oriented
Monticello Ave & Irving Park Rd,41.95400483876,-87.7191281797,1515.0,561.0,2076.0,0.0004893783893087458,0.0004657472378947229,0.0004827592621875785,-2.36311514140229e-05,2.36311514140229e-05,weekday_oriented
Sheffield Ave & Fullerton Ave*,41.9256163,-87.6536574,172.0,38.0,210.0,5.555979073340216e-05,3.154794124777089e-05,4.883402941203829e-05,-2.401184948563127e-05,2.401184948563127e-05,weekday_oriented
Public Rack - Milwaukee Ave & Haussen Ct,41.937752,-87.721623,273.0,77.0,350.0,8.818501668731854e-05,6.392609147574627e-05,8.139004902006381e-05,-2.425892521157227e-05,2.425892521157227e-05,weekday_oriented
Long & Irving Park,41.953038,-87.7621632,235.0,62.0,297.0,7.591017919970643e-05,5.1472956772678816e-05,6.906527016845414e-05,-2.443722242702762e-05,2.443722242702762e-05,weekday_oriented
Springfield Ave & North Ave,41.910158,-87.723831,398.0,125.0,523.0,0.00012856277158077942,0.00010377612252556213,0.00012161998753569535,-2.478664905521729e-05,2.478664905521729e-05,weekday_oriented
Oakley Ave & Irving Park Rd,41.95434085219,-87.6860796243,1622.0,601.0,2223.0,0.0005239417474975482,0.0004989555971029027,0.0005169430827760053,-2.4986150394645476e-05,2.4986150394645476e-05,weekday_oriented
Wells St & Institute Pl,41.89737986072316,-87.63442039489746,5264.0,2018.0,7282.0,0.0017003880140734242,0.001675361722052675,0.0016933781056117276,-2.5026292020749203e-05,2.5026292020749203e-05,weekday_oriented
Dearborn St & Washington St,41.88299,-87.6293,139.0,23.0,162.0,4.4900063441528486e-05,1.9094806544703434e-05,3.767196554642953e-05,-2.5805256896825052e-05,2.5805256896825052e-05,weekday_oriented
St. Clair St & Erie St 2,41.89445,-87.62268000000002,157.0,30.0,187.0,5.0714460146186856e-05,2.490626940613491e-05,4.348554047643409e-05,-2.5808190740051945e-05,2.5808190740051945e-05,weekday_oriented
Lincoln Ave & Balmoral Ave,41.979461,-87.693013,557.0,185.0,742.0,0.00017992327580526165,0.00015358866133783196,0.00017254690392253528,-2.6334614467429693e-05,2.6334614467429693e-05,weekday_oriented
Dodge Ave & Church St,42.048308,-87.698224,524.0,172.0,696.0,0.00016926354851338796,0.0001427959445951735,0.0001618499260513269,-2.646760391821447e-05,2.646760391821447e-05,weekday_oriented
Kostner Ave & Wrightwood Ave,41.927957,-87.735952,471.0,151.0,622.0,0.00015214338043856057,0.00012536155601087907,0.0001446417442585134,-2.6781824427681505e-05,2.6781824427681505e-05,weekday_oriented
N Shore Channel Trail & Argyle St,41.972177,-87.702749,495.0,160.0,655.0,0.00015989590937810506,0.00013283343683271953,0.0001523156631661194,-2.706247254538553e-05,2.706247254538553e-05,weekday_oriented
Laflin St & Cullerton St,41.85491457576575,-87.66355991363525,1914.0,712.0,2626.0,0.0006182641829286728,0.0005911087939056019,0.0006106579106476787,-2.715538902307098e-05,2.715538902307098e-05,weekday_oriented
Western Ave & Lunt Ave,42.0085943972,-87.6904922389,1128.0,406.0,1534.0,0.0003643688601585909,0.0003370648459630258,0.00035672095770507967,-2.73040141955651e-05,2.73040141955651e-05,weekday_oriented
Public Rack - Kedvale Ave & 63rd St W,41.778761,-87.726892,134.0,19.0,153.0,4.328495324579006e-05,1.5773970623885444e-05,3.5579078571627895e-05,-2.7510982621904613e-05,2.7510982621904613e-05,weekday_oriented
California Ave & 21st St,41.8537957934734,-87.69582286477088,696.0,237.0,933.0,0.00022482333924679014,0.0001967595283084658,0.0002169626163877701,-2.8063810938324323e-05,2.8063810938324323e-05,weekday_oriented
Public Rack - Woodlawn Ave & 63rd St N,41.78062099999999,-87.596033,362.0,106.0,468.0,0.00011693397817146268,8.800215190167669e-05,0.00010883012268968533,-2.8931826269785988e-05,2.8931826269785988e-05,weekday_oriented
Public Rack - Milwaukee Ave & Diversey Ave,41.93123,-87.711501,337.0,96.0,433.0,0.0001088584271927705,7.970006209963172e-05,0.00010069111778767895,-2.915836509313878e-05,2.915836509313878e-05,weekday_oriented
Kingsbury St & Kinzie St 2,41.889188,-87.638387,282.0,74.0,356.0,9.109221503964772e-05,6.143546453513278e-05,8.27853070032649e-05,-2.965675050451494e-05,2.965675050451494e-05,weekday_oriented
Laramie Ave & Bloomingdale Ave,41.91432,-87.75572,184.0,35.0,219.0,5.94360552031744e-05,2.9057314307157398e-05,5.0926916386839926e-05,-3.0378740896017002e-05,3.0378740896017002e-05,weekday_oriented
Clark/Racine Corral,41.950436,-87.6593212,417.0,125.0,542.0,0.00013470019032458546,0.00010377612252556213,0.0001260383044824988,-3.092406779902333e-05,3.092406779902333e-05,weekday_oriented
Christiana Ave & Lawrence Ave,41.96835449363001,-87.7118306675,1399.0,507.0,1906.0,0.00045190783276761407,0.00042091595296368003,0.0004432269526635475,-3.099187980393404e-05,3.099187980393404e-05,weekday_oriented
Public Rack - Christiana Ave & Belmont Ave,41.93917,-87.71169,334.0,92.0,426.0,0.00010788936107532744,7.637922617881374e-05,9.906331680727766e-05,-3.1510134896513706e-05,3.1510134896513706e-05,weekday_oriented
Public Rack - Jensen Park,41.964864,-87.720774,203.0,41.0,244.0,6.557347394698046e-05,3.403856818838438e-05,5.6740491316844484e-05,-3.153490575859608e-05,3.153490575859608e-05,weekday_oriented
Winchester (Ravenswood) Ave & Balmoral Ave,41.979762,-87.67753,1442.0,523.0,1965.0,0.0004657977804509646,0.000434199296646952,0.00045694698949835826,-3.159848380401262e-05,3.159848380401262e-05,weekday_oriented
Ashland Ave & Archer Ave,41.83920868403,-87.6656098589,788.0,268.0,1056.0,0.0002545413668483773,0.00022249600669480522,0.00024556540504339254,-3.204536015357208e-05,3.204536015357208e-05,weekday_oriented
May St & Hubbard St,41.89008,-87.65597,290.0,74.0,364.0,9.367639135282921e-05,6.143546453513278e-05,8.464565098086637e-05,-3.224092681769643e-05,3.224092681769643e-05,weekday_oriented
Lockwood Ave & Grand Ave,41.9175941,-87.7584143,263.0,63.0,326.0,8.495479629584167e-05,5.230316575288331e-05,7.580901708725943e-05,-3.265163054295836e-05,3.265163054295836e-05,weekday_oriented
Chicago State University,41.71896342165455,-87.60829567909241,176.0,29.0,205.0,5.68518788899929e-05,2.4076060425930415e-05,4.7671314426037376e-05,-3.2775818464062485e-05,3.2775818464062485e-05,weekday_oriented
Dearborn St & Maple St,41.90191999999999,-87.63026,2145.0,795.0,2940.0,0.0006928822739717885,0.0006600161392625751,0.000683676411768536,-3.2866134709213395e-05,3.2866134709213395e-05,weekday_oriented
Kilpatrick Ave & Grand Ave,41.912732,-87.743636,251.0,58.0,309.0,8.107853182606943e-05,4.815212085186083e-05,7.185578613485633e-05,-3.29264109742086e-05,3.29264109742086e-05,weekday_oriented
Western Ave & Walton St,41.89841768945,-87.6865960164,4168.0,1582.0,5750.0,0.0013463558591675592,0.0013133906066835144,0.0013371222339010483,-3.2965252484044773e-05,3.2965252484044773e-05,weekday_oriented
Dodge Ave & Main St,42.03463185161588,-87.69918769598006,521.0,163.0,684.0,0.0001682944823959449,0.00013532406377333303,0.0001590594100849247,-3.297041862261187e-05,3.297041862261187e-05,weekday_oriented
Leavitt St & Augusta Blvd,41.89962,-87.68194,646.0,211.0,857.0,0.00020867223728940579,0.00017517409482314887,0.00019928934860055625,-3.3498142466256914e-05,3.3498142466256914e-05,weekday_oriented
Halsted St & 37th St,41.827059,-87.64572,474.0,144.0,618.0,0.00015311244655600363,0.00011955009314944758,0.00014371157226971266,-3.3562353406556056e-05,3.3562353406556056e-05,weekday_oriented
Ashland Ave & Pershing Rd,41.823465,-87.665577,328.0,87.0,415.0,0.00010595122884044132,7.222818127779124e-05,9.650534383807566e-05,-3.372304756265008e-05,3.372304756265008e-05,weekday_oriented
Public Rack - Spaulding Ave & Evergreen Ave,41.905317,-87.70952099999998,280.0,68.0,348.0,9.044617096135236e-05,5.64542106539058e-05,8.092496302566345e-05,-3.399196030744655e-05,3.399196030744655e-05,weekday_oriented
Oak Park & Wellington,41.934586,-87.7959613,204.0,37.0,241.0,6.589649598612814e-05,3.071773226756639e-05,5.6042862325243936e-05,-3.517876371856175e-05,3.517876371856175e-05,weekday_oriented
California Ave & 26th St,41.8436799145765,-87.69496858119965,161.0,20.0,181.0,5.20065483027776e-05,1.660417960408994e-05,4.2090282493233e-05,-3.540236869868766e-05,3.540236869868766e-05,weekday_oriented
Knox Ave & Montrose Ave,41.960631,-87.745359,676.0,220.0,896.0,0.0002183628984638364,0.00018264597564498936,0.00020835852549136335,-3.5716922818847035e-05,3.5716922818847035e-05,weekday_oriented
Public Rack - Evans Ave & 63rd St,41.780506,-87.607519,138.0,9.0,147.0,4.45770414023808e-05,7.471880821840474e-06,3.41838205884268e-05,-3.7105160580540325e-05,3.7105160580540325e-05,weekday_oriented
Narragansett Ave & Montrose Ave,41.959978,-87.786928,200.0,32.0,232.0,6.460440782953739e-05,2.6566687366543908e-05,5.39499753504423e-05,-3.803772046299348e-05,3.803772046299348e-05,weekday_oriented
W Washington Blvd & N Peoria St,41.883043,-87.649931,682.0,219.0,901.0,0.0002203010306987225,0.00018181576666478487,0.00020952124047736426,-3.848526403393764e-05,3.848526403393764e-05,weekday_oriented
California Ave & Winona St,41.97471199999999,-87.697852,339.0,85.0,424.0,0.00010950447127106589,7.056776331738225e-05,9.85982308128773e-05,-3.893670795368364e-05,3.893670795368364e-05,weekday_oriented
Cottage Grove Ave & 63rd St,41.78053094070882,-87.6059702038765,687.0,220.0,907.0,0.00022191614089446096,0.00018264597564498936,0.00021091649846056537,-3.92701652494716e-05,3.92701652494716e-05,weekday_oriented
Pulaski Rd & 51st St,41.800434,-87.7247496,473.0,136.0,609.0,0.00015278942451685593,0.0001129084213078116,0.00014161868529491103,-3.9881003209044324e-05,3.9881003209044324e-05,weekday_oriented
Komensky Ave & 31st St,41.836708,-87.725641,159.0,13.0,172.0,5.1360504224482225e-05,1.0792716742658462e-05,3.999739551843136e-05,-4.056778748182376e-05,4.056778748182376e-05,weekday_oriented
Leavitt St & Archer Ave,41.82879201994,-87.6806044594,716.0,227.0,943.0,0.00023128378002974388,0.00018845743850642085,0.00021928804635977192,-4.2826341523323036e-05,4.2826341523323036e-05,weekday_oriented
Clinton St & Polk St,41.87146651779,-87.6409491327,865.0,284.0,1149.0,0.00027941406386274925,0.00023577935037807717,0.0002671919037830095,-4.363471348467208e-05,4.363471348467208e-05,weekday_oriented
Francisco Ave & Montrose Ave,41.9610471,-87.700901,860.0,282.0,1142.0,0.0002777989536670108,0.00023411893241766818,0.0002655641028026082,-4.368002124934263e-05,4.368002124934263e-05,weekday_oriented
Halsted St & 21st St,41.85377981072743,-87.6466029882431,1686.0,600.0,2286.0,0.0005446151580030003,0.0004981253881226982,0.0005315932915996168,-4.6489769880302015e-05,4.6489769880302015e-05,weekday_oriented
Maplewood Ave & Peterson Ave,41.99023602866999,-87.6933696402,622.0,186.0,808.0,0.0002009197083498613,0.00015441887031803647,0.00018789474173774731,-4.6500838031824835e-05,4.6500838031824835e-05,weekday_oriented
Sedgwick St & Schiller St,41.907626,-87.638566,2808.0,1036.0,3844.0,0.000907045885926705,0.000860096503491859,0.0008938952812375009,-4.694938243484607e-05,4.694938243484607e-05,weekday_oriented
Indiana Ave & 26th St,41.845687,-87.622481,1816.0,650.0,2466.0,0.0005866080230921996,0.0005396358371329231,0.0005734510310956496,-4.697218595927646e-05,4.697218595927646e-05,weekday_oriented
Noble St & Ohio St,41.89242000000001,-87.66205999999998,1520.0,534.0,2054.0,0.0004909934995044842,0.00044333159542920143,0.00047764331624917445,-4.7661904075282794e-05,4.7661904075282794e-05,weekday_oriented
Public Rack - Drake Ave & Leland Ave,41.96598530000001,-87.71687599999998,210.0,24.0,234.0,6.783462822101426e-05,1.992501552490793e-05,5.4415061344842664e-05,-4.7909612696106325e-05,4.7909612696106325e-05,weekday_oriented
Kilbourn Ave & Milwaukee Ave,41.94761930237381,-87.74001627636491,331.0,71.0,402.0,0.00010692029495788438,5.894483759451929e-05,9.348228487447329e-05,-4.797545736336509e-05,4.797545736336509e-05,weekday_oriented
N Paulina St & Lincoln Ave,41.943838,-87.671469,1147.0,388.0,1535.0,0.00037050627890239694,0.0003221210843193449,0.00035695350070227984,-4.8385194583052055e-05,4.8385194583052055e-05,weekday_oriented
Blackstone Ave & Hyde Park Blvd,41.802562,-87.590368,3120.0,1155.0,4275.0,0.0010078287621407833,0.0009588913721361942,0.0009941213130307794,-4.893739000458915e-05,4.893739000458915e-05,weekday_oriented
Kimball Ave & Belmont Ave,41.93939395344302,-87.71206766366959,2818.0,1037.0,3855.0,0.0009102761063181819,0.0008609267124720635,0.0008964532542067029,-4.934939384611844e-05,4.934939384611844e-05,weekday_oriented
Midway Orange Line,41.78692,-87.73892,383.0,89.0,472.0,0.00012371744099356412,7.388859923820023e-05,0.00010976029467848605,-4.982884175536388e-05,4.982884175536388e-05,weekday_oriented
N Southport Ave & W Newport Ave,41.94401888299205,-87.66397501880483,1767.0,626.0,2393.0,0.0005707799431739629,0.0005197108216080152,0.0005564753923000363,-5.106912156594768e-05,5.106912156594768e-05,weekday_oriented
NAVY PIER,41.892278,-87.612043,165.0,0.0,165.0,5.329863645936835e-05,0.0,3.836959453803008e-05,-5.329863645936835e-05,5.329863645936835e-05,weekday_oriented
Keystone Ave & Montrose Ave,41.96110801623001,-87.7289701012,777.0,234.0,1011.0,0.0002509881244177528,0.0001942689013678523,0.00023510097016938433,-5.6719223049900487e-05,5.6719223049900487e-05,weekday_oriented
Campbell Ave & Augusta Blvd,41.899578,-87.689497,1943.0,687.0,2630.0,0.0006276318220639558,0.0005703535694004894,0.0006115880826364795,-5.727825266346634e-05,5.727825266346634e-05,weekday_oriented
Damen Ave & Madison St,41.88137,-87.67493,1770.0,618.0,2388.0,0.000571749009291406,0.0005130691497663792,0.0005553126773140353,-5.867985952502674e-05,5.867985952502674e-05,weekday_oriented
Francisco Ave & Foster Ave,41.97563272521,-87.7014194389,1692.0,586.0,2278.0,0.0005465532902378863,0.0004865024623998353,0.0005297329476220154,-6.005082783805101e-05,6.005082783805101e-05,weekday_oriented
Franklin St & Monroe St Corral,41.88056,-87.63524,197.0,4.0,201.0,6.363534171209433e-05,3.3208359208179885e-06,4.6741142437236646e-05,-6.031450579127634e-05,6.031450579127634e-05,weekday_oriented
Larrabee St & Clybourn Ave,41.9066,-87.64322,800.0,236.0,1036.0,0.00025841763131814955,0.0001959293193282613,0.0002409145450993889,-6.248831198988824e-05,6.248831198988824e-05,weekday_oriented
Sawyer Ave & Irving Park Rd,41.953598557720426,-87.70931008347263,1096.0,351.0,1447.0,0.00035403215490586494,0.0002914033520517785,0.00033648971694866383,-6.262880285408645e-05,6.262880285408645e-05,weekday_oriented
Elston Ave & Henderson St,41.941499,-87.701051,705.0,196.0,901.0,0.00022773053759911932,0.00016272096012008144,0.00020952124047736426,-6.500957747903788e-05,6.500957747903788e-05,weekday_oriented
Wabash Ave & Jackson Blvd,41.87801,-87.62599,365.0,63.0,428.0,0.00011790304428890574,5.230316575288331e-05,9.952840280167803e-05,-6.559987853602242e-05,6.559987853602242e-05,weekday_oriented
May St & Cullerton St,41.855136,-87.654127,1764.0,607.0,2371.0,0.0005698108770565198,0.0005039368509841297,0.0005513594463616323,-6.587402607239007e-05,6.587402607239007e-05,weekday_oriented
Kilbourn Ave & Irving Park Rd,41.953733,-87.740569,469.0,103.0,572.0,0.0001514973363602652,8.55115249610632e-05,0.00013301459439850428,-6.598581139920199e-05,6.598581139920199e-05,weekday_oriented
Sangamon St & Adams St,41.879090000000005,-87.65128,1018.0,313.0,1331.0,0.0003288364358523453,0.0002598554108040076,0.0003095147292734427,-6.898102504833772e-05,6.898102504833772e-05,weekday_oriented
Paulina St & Division St,41.9035529,-87.67042920000002,1248.0,402.0,1650.0,0.0004031315048563133,0.0003337440100422078,0.0003836959453803008,-6.93874948141055e-05,6.93874948141055e-05,weekday_oriented
Ogden Ave & Roosevelt Rd,41.86650148316,-87.68469707,999.0,303.0,1302.0,0.00032269901710853927,0.0002515533210019626,0.00030277098235463736,-7.114569610657668e-05,7.114569610657668e-05,weekday_oriented
Western Ave & Granville Ave,41.99416136902,-87.689438282,1075.0,332.0,1407.0,0.0003472486920837635,0.000275629381427893,0.00032718799706065653,-7.161931065587047e-05,7.161931065587047e-05,weekday_oriented
Ogden Ave & Race Ave,41.891795,-87.658751,5576.0,2083.0,7659.0,0.0018011708902875025,0.0017293253057659673,0.0017810468155561962,-7.184558452153519e-05,7.184558452153519e-05,weekday_oriented
Green St & Randolph St*,41.8836016120626,-87.64862672558314,6289.0,2359.0,8648.0,0.0020314856041998034,0.0019584629843024085,0.002011031839787177,-7.302261989739498e-05,7.302261989739498e-05,weekday_oriented
Western Ave & Winnebago Ave,41.91552,-87.687022,5602.0,2091.0,7693.0,0.0018095694633053425,0.0017359669776076034,0.0017889532774610026,-7.360248569773906e-05,7.360248569773906e-05,weekday_oriented
Damen Ave & Grand Ave,41.89239445296271,-87.67688512802124,3293.0,1192.0,4485.0,0.0010637115749133333,0.0009896091044037606,0.0010429553424428177,-7.410247050957264e-05,7.410247050957264e-05,weekday_oriented
Elston Ave & Wabansia Ave,41.912919,-87.664169,2045.0,704.0,2749.0,0.0006605800700570199,0.0005844671220639659,0.0006392606993033011,-7.611294799305399e-05,7.611294799305399e-05,weekday_oriented
MLK Jr Dr & 29th St,41.842052,-87.617,4123.0,1512.0,5635.0,0.0013318198674059133,0.0012552759780691996,0.0013103797892230274,-7.654388933671374e-05,7.654388933671374e-05,weekday_oriented
Kingsbury St & Kinzie St 1,41.88907,-87.63835,513.0,106.0,619.0,0.00016571030608276342,8.800215190167669e-05,0.00014394411526691284,-7.770815418108673e-05,7.770815418108673e-05,weekday_oriented
Racine Ave & 18th St,41.8583996,-87.6564226,4204.0,1542.0,5746.0,0.001357984652576876,0.0012801822474753344,0.0013361920619122476,-7.780240510154158e-05,7.780240510154158e-05,weekday_oriented
Franklin St & Madison St,41.88139,-87.63542000000001,406.0,64.0,470.0,0.00013114694789396092,5.3133374733087816e-05,0.0001092952086840857,-7.80135731608731e-05,7.80135731608731e-05,weekday_oriented
Washtenaw Ave & Lawrence Ave,41.9687297,-87.6962603,1992.0,680.0,2672.0,0.0006434599019821925,0.000564542106539058,0.0006213548885188871,-7.89177954431345e-05,7.89177954431345e-05,weekday_oriented
Cityfront Plaza Dr & Pioneer Ct,41.890573,-87.622072,8073.0,3038.0,11111.0,0.002607756922039277,0.0025221748818612623,0.0025837852418912257,-8.558204017801484e-05,8.558204017801484e-05,weekday_oriented
Troy St & Grace St,41.950244,-87.706489,673.0,158.0,831.0,0.00021739383234639333,0.00013117301887231053,0.0001932432306733515,-8.62208134740828e-05,8.62208134740828e-05,weekday_oriented
Wabash Ave & Washington St,41.8832,-87.62662,2108.0,715.0,2823.0,0.0006809304585233242,0.0005935994208462154,0.0006564688810961147,-8.733103767710878e-05,8.733103767710878e-05,weekday_oriented
Ogden Ave & Congress Pkwy,41.87501,-87.67328,2129.0,722.0,2851.0,0.0006877139213454256,0.0005994108837076469,0.0006629800850177197,-8.830303763777872e-05,8.830303763777872e-05,weekday_oriented
Green St & Chicago Ave,41.89466827448534,-87.64995936930755,1231.0,372.0,1603.0,0.00039764013019080263,0.00030883774063607294,0.00037276642451189223,-8.88023895547297e-05,8.88023895547297e-05,weekday_oriented
Smith Park,41.892048,-87.689397,1632.0,526.0,2158.0,0.0005271719678890251,0.00043668992358756546,0.0005018277879579934,-9.048204430145966e-05,9.048204430145966e-05,weekday_oriented
Western Ave & Berteau Ave,41.95774,-87.688273,954.0,262.0,1216.0,0.0003081630253468934,0.00021751475281357824,0.0002827722845954217,-9.064827253331515e-05,9.064827253331515e-05,weekday_oriented
Noble St & Milwaukee Ave,41.9007,-87.66260699999998,5111.0,1877.0,6988.0,0.001650965642083828,0.001558302255843841,0.001625010464434874,-9.266338623998703e-05,9.266338623998703e-05,weekday_oriented
California Ave & Lake St,41.88445395657,-87.6962981368,586.0,115.0,701.0,0.00018929091494054455,9.547403272351716e-05,0.0001630126410373278,-9.381688221702739e-05,9.381688221702739e-05,weekday_oriented
Green St & Lake St,41.88558,-87.64841,2923.0,1024.0,3947.0,0.000944193420428689,0.0008501339957294051,0.0009178472099491196,-9.405942469928395e-05,9.405942469928395e-05,weekday_oriented
Racine Ave & 13th St,41.865054,-87.656959,888.0,232.0,1120.0,0.000286843570763146,0.00019260848340744332,0.00026044815686420417,-9.423508735570269e-05,9.423508735570269e-05,weekday_oriented
Wabash Ave & 16th St,41.86038402778688,-87.62581300235036,5196.0,1908.0,7104.0,0.0016784225154113815,0.0015840387342301804,0.0016519854521100952,-9.438378118120107e-05,9.438378118120107e-05,weekday_oriented
Wells St & Polk St,41.87273154226308,-87.63351649045944,7557.0,2826.0,10383.0,0.0024410775498390704,0.0023461705780579087,0.002414493939929493,-9.490697178116169e-05,9.490697178116169e-05,weekday_oriented
Clinton St & 18th St,41.85795,-87.640826,2386.0,814.0,3200.0,0.0007707305854063811,0.0006757901098864606,0.0007441375910405834,-9.494047551992049e-05,9.494047551992049e-05,weekday_oriented
Morgan St & Hubbard St,41.89012,-87.65251000000002,1192.0,349.0,1541.0,0.00038504227066404287,0.00028974293409136947,0.00035834875868548095,-9.52993365726734e-05,9.52993365726734e-05,weekday_oriented
Winchester Ave & Elston Ave,41.92409085038,-87.6764600747,2157.0,721.0,2878.0,0.0006967585384415608,0.0005985806747274424,0.0006692587459421247,-9.817786371411842e-05,9.817786371411842e-05,weekday_oriented
Western Ave & Grace St,41.95037092929293,-87.68816057777777,1156.0,329.0,1485.0,0.00037341347725472615,0.00027313875448727954,0.00034532635084227073,-0.00010027472276744661,0.00010027472276744661,weekday_oriented
Halsted St & North Branch St,41.89939028549696,-87.64854490756989,870.0,217.0,1087.0,0.00028102917405848764,0.00018015534870437585,0.00025277423795659815,-0.00010087382535411179,0.00010087382535411179,weekday_oriented
Prairie Ave & Garfield Blvd,41.794853,-87.618691,1048.0,284.0,1332.0,0.0003385270970267759,0.00023577935037807717,0.00030974727227064285,-0.00010274774664869874,0.00010274774664869874,weekday_oriented
Orleans St & Elm St,41.902924000000006,-87.637715,3679.0,1307.0,4986.0,0.0011883980820243405,0.0010850831371272778,0.001159459384040109,-0.00010331494489706269,0.00010331494489706269,weekday_oriented
Rockwell St & Eastwood Ave,41.96590013976,-87.69363849350002,2298.0,768.0,3066.0,0.0007423046459613847,0.0006376004967970538,0.000712976829415759,-0.0001047041491643309,0.0001047041491643309,weekday_oriented
Paulina St & Howard St,42.019159,-87.673573,1585.0,490.0,2075.0,0.0005119899320490839,0.0004068024003002036,0.0004825267191903783,-0.0001051875317488803,0.0001051875317488803,weekday_oriented
Dearborn Pkwy & Delaware Pl,41.898969,-87.629912,15557.0,5924.0,21481.0,0.005025253863020566,0.004918157998731441,0.004995256122857116,-0.00010709586428912527,0.00010709586428912527,weekday_oriented
Milwaukee Ave & Ainslie St,41.96861,-87.76108,1317.0,383.0,1700.0,0.00042542002555750373,0.0003179700394183224,0.00039532309524030994,-0.00010744998613918135,0.00010744998613918135,weekday_oriented
St. Louis Ave & Balmoral Ave,41.98039423475,-87.7161149615,823.0,189.0,1012.0,0.00026584713821854635,0.00015690949725864994,0.0002353335131665845,-0.00010893764095989641,0.00010893764095989641,weekday_oriented
Canal St & Taylor St,41.870257,-87.639474,3757.0,1330.0,5087.0,0.0012135938010778599,0.001104177943671981,0.0011829462267573274,-0.0001094158574058788,0.0001094158574058788,weekday_oriented
Keystone Ave & Fullerton Ave,41.92459,-87.72785,942.0,234.0,1176.0,0.00030428676087712115,0.0001942689013678523,0.0002734705647074144,-0.00011001785950926884,0.00011001785950926884,weekday_oriented
Karlov Ave & Armitage Ave,41.91748,-87.72895199999999,754.0,159.0,913.0,0.00024355861751735596,0.00013200322785251504,0.00021231175644376645,-0.00011155538966484092,0.00011155538966484092,weekday_oriented
LaSalle St & Washington St Corral N,41.88288,-87.63251,464.0,45.0,509.0,0.00014988222616452675,3.7359404109202365e-05,0.0001183643855748928,-0.00011252282205532438,0.00011252282205532438,weekday_oriented
Racine Ave & 15th St,41.861267,-87.656625,2172.0,708.0,2880.0,0.0007016038690287761,0.0005877879579847839,0.0006697238319365251,-0.00011381591104399217,0.00011381591104399217,weekday_oriented
Clybourn Ave & Division St,41.904613,-87.640552,3729.0,1313.0,5042.0,0.0012045491839817247,0.0010900643910085046,0.0011724817918833193,-0.00011448479297322006,0.00011448479297322006,weekday_oriented
Eckhart Park,41.89637337,-87.66098386,4912.0,1770.0,6682.0,0.0015866842562934384,0.0014694698949619597,0.0015538523072916182,-0.00011721436133147866,0.00011721436133147866,weekday_oriented
Larrabee St & Menomonee St,41.91468,-87.64332,3894.0,1372.0,5266.0,0.001257847820441093,0.00113904672084057,0.00122457142325616,-0.0001188010996005229,0.0001188010996005229,weekday_oriented
Ashland Ave & Grand Ave,41.891072,-87.666611,3584.0,1247.0,4831.0,0.0011577109883053101,0.0010352705983150078,0.0011234152194740808,-0.00012244038999030234,0.00012244038999030234,weekday_oriented
Harper Ave & 59th St,41.78794281287001,-87.58831517019999,1704.0,515.0,2219.0,0.0005504295547076586,0.000427557624805316,0.0005160129107872046,-0.00012287192990234256,0.00012287192990234256,weekday_oriented
Dearborn St & Madison St,41.88206,-87.62963999999998,476.0,35.0,511.0,0.000153758490634299,2.9057314307157398e-05,0.00011882947156929316,-0.0001247011763271416,0.0001247011763271416,weekday_oriented
Wilton Ave & Diversey Pkwy*,41.932418,-87.652705,3653.0,1269.0,4922.0,0.0011799995090065005,0.0010535351958795068,0.0011445766322192973,-0.0001264643131269937,0.0001264643131269937,weekday_oriented
Halsted St & Clybourn Ave,41.909668,-87.648128,12290.0,4629.0,16919.0,0.003969940861125073,0.003843037369366617,0.003934394969629885,-0.00012690349175845626,0.00012690349175845626,weekday_oriented
Dearborn St & Adams St Corral,41.87939,-87.62988,523.0,47.0,570.0,0.00016894052647424028,3.9019822069611365e-05,0.00013254950840410393,-0.00012992070440462892,0.00012992070440462892,weekday_oriented
LaSalle St & Washington St Corral,41.88288,-87.63251,441.0,12.0,453.0,0.00014245271926412994,9.962507762453966e-06,0.00010534197773168258,-0.00013249021150167598,0.00013249021150167598,weekday_oriented
Ashland Ave & Lake St,41.88592,-87.66717,3577.0,1230.0,4807.0,0.0011554498340312763,0.0010211570456515314,0.0011178341875412764,-0.000134292788379745,0.000134292788379745,weekday_oriented
University Library (NU),42.052939,-87.673447,1920.0,585.0,2505.0,0.000620202315163559,0.0004856722534196308,0.0005825202079864567,-0.00013453006174392822,0.00013453006174392822,weekday_oriented
Federal St & Polk St,41.87207763285,-87.6295437729,11632.0,4363.0,15995.0,0.0037573923593658947,0.0036222017806322206,0.0037195252402169162,-0.00013519057873367414,0.00013519057873367414,weekday_oriented
Ogden Ave & Chicago Ave,41.896362458,-87.6540612729,7564.0,2771.0,10335.0,0.0024433387041131044,0.0023005090841466615,0.002403331876063884,-0.0001428296199664429,0.0001428296199664429,weekday_oriented
Calumet Ave & 33rd St,41.83480568947368,-87.61795095789473,2864.0,936.0,3800.0,0.0009251351201189755,0.0007770756054714092,0.0008836633893606928,-0.0001480595146475663,0.0001480595146475663,weekday_oriented
Leavitt St & Division St,41.90299699999999,-87.683825,2871.0,938.0,3809.0,0.0009273962743930093,0.0007787360234318183,0.0008857562763354944,-0.00014866025096119107,0.00014866025096119107,weekday_oriented
Carpenter St & Fulton St,41.88668,-87.65315,955.0,187.0,1142.0,0.00030848604738604107,0.00015524907929824095,0.0002655641028026082,-0.00015323696808780012,0.00015323696808780012,weekday_oriented
Drexel Ave & 60th St,41.785861,-87.604553,3409.0,1138.0,4547.0,0.001101182131454465,0.0009447778194727177,0.001057373008269229,-0.00015640431198174726,0.00015640431198174726,weekday_oriented
Racine Ave & Randolph St,41.884081224846845,-87.65692072930314,2861.0,921.0,3782.0,0.0009241660540015324,0.0007646224707683418,0.0008794776154110895,-0.00015954358323319064,0.00015954358323319064,weekday_oriented
Racine Ave & Washington Blvd,41.883073,-87.656952,3581.0,1196.0,4777.0,0.001156741922187867,0.0009929299403245784,0.0011108578976252708,-0.00016381198186328863,0.00016381198186328863,weekday_oriented
Lincoln Ave & Roscoe St*,41.9433502470174,-87.67066776752472,6193.0,2205.0,8398.0,0.0020004754884416255,0.001830610801350916,0.001952896090487131,-0.00016986468709070945,0.00016986468709070945,weekday_oriented
Kimbark Ave & 53rd St,41.7994549,-87.59477789999998,9671.0,3557.0,13228.0,0.0031239461405972806,0.002953053342587396,0.0030760787669640117,-0.00017089279800988448,0.00017089279800988448,weekday_oriented
Desplaines St & Kinzie St,41.888716036,-87.6444478533,14298.0,5357.0,19655.0,0.004618569115733628,0.004447429506955491,0.004570632609969583,-0.00017113960877813712,0.00017113960877813712,weekday_oriented
Wood St & Chicago Ave,41.895634,-87.672069,5163.0,1798.0,6961.0,0.0016677627881195077,0.0014927157464076858,0.001618731803510469,-0.00017504704171182194,0.00017504704171182194,weekday_oriented
LaSalle St & Adams St Corral,41.87937994371794,-87.63207985027061,608.0,25.0,633.0,0.00019639739980179368,2.0755224505112428e-05,0.0001471997172277154,-0.00017564217529668125,0.00017564217529668125,weekday_oriented
Orleans St & Chestnut St (NEXT Apts),41.898203,-87.637536,5064.0,1755.0,6819.0,0.0016357836062438867,0.0014570167602588923,0.0015857106979080431,-0.00017876684598499442,0.00017876684598499442,weekday_oriented
LaSalle St & Calhoun Pl Corral,41.88288,-87.63251,641.0,32.0,673.0,0.00020705712709366734,2.6566687366543908e-05,0.00015650143711572268,-0.00018049043972712342,0.00018049043972712342,weekday_oriented
Southport Ave & Clybourn Ave,41.92126022238193,-87.66539180184805,4370.0,1474.0,5844.0,0.0014116063110753922,0.0012237280368214286,0.0013589812756378654,-0.00018787827425396355,0.00018787827425396355,weekday_oriented
State St & 35th St,41.8310363140161,-87.62679755687714,2150.0,608.0,2758.0,0.000694497384167527,0.0005047670599643342,0.0006413535862781028,-0.00018973032420319276,0.00018973032420319276,weekday_oriented
Dearborn St & Erie St,41.893992,-87.629318,16058.0,6012.0,22070.0,0.005187087904633557,0.004991216388989437,0.005132223948208023,-0.00019587151564412052,0.00019587151564412052,weekday_oriented
Avondale Ave & Irving Park Rd,41.953393,-87.732002,2106.0,578.0,2684.0,0.0006802844144450287,0.0004798607905581993,0.0006241454044852893,-0.00020042362388682943,0.00020042362388682943,weekday_oriented
Ellis Ave & 53rd St,41.79933626261,-87.6009581145,4401.0,1470.0,5871.0,0.0014216199942889704,0.0012204072009006108,0.0013652599365622704,-0.00020121279338835966,0.00020121279338835966,weekday_oriented
Woodlawn Ave & 55th St,41.795264,-87.596471,6179.0,2159.0,8338.0,0.001995953179893558,0.0017924211882615092,0.0019389435106551202,-0.00020353199163204868,0.00020353199163204868,weekday_oriented
State St & Pearson St,41.897448,-87.62872199999998,5446.0,1873.0,7319.0,0.0017591780251983032,0.001554981419923023,0.0017019821965081343,-0.00020419660527528022,0.00020419660527528022,weekday_oriented
May St & Taylor St,41.86941940540373,-87.65523116767652,6000.0,2087.0,8087.0,0.0019381322348861218,0.0017326461416867854,0.0018805752183578743,-0.00020548609319933644,0.00020548609319933644,weekday_oriented
Larrabee St & Kingsbury St 2,41.89758,-87.6429,799.0,56.0,855.0,0.00025809460927900187,4.6491702891451836e-05,0.00019882426260615588,-0.00021160290638755003,0.00021160290638755003,weekday_oriented
Wood St & Augusta Blvd,41.899181,-87.6722,4511.0,1487.0,5998.0,0.001457152418595216,0.0012345207535640872,0.0013947928972066934,-0.00022263166503112873,0.00022263166503112873,weekday_oriented
Wacker Dr & Randolph St,41.88454,-87.63732,1103.0,155.0,1258.0,0.00035629330917989874,0.00012868239193169706,0.00029253909047782936,-0.00022761091724820168,0.00022761091724820168,weekday_oriented
Peoria St & Kinzie St,41.88896,-87.64973,2021.0,509.0,2530.0,0.0006528275411174754,0.000422576370924089,0.0005883337829164613,-0.0002302511701933864,0.0002302511701933864,weekday_oriented
Drake Ave & Addison St,41.947326,-87.717582,1494.0,298.0,1792.0,0.00048259492648664433,0.00024740227610094015,0.0004167170509827267,-0.00023519265038570418,0.00023519265038570418,weekday_oriented
Fulton Market,41.886871,-87.648089,3015.0,883.0,3898.0,0.0009739114480302762,0.000733074529520571,0.0009064526030863107,-0.00024083691850970528,0.00024083691850970528,weekday_oriented
LaSalle St & Illinois St,41.890762,-87.631697,14260.0,5252.0,19512.0,0.004606294278246016,0.0043602575640340185,0.0045373789613699575,-0.00024603671421199753,0.00024603671421199753,weekday_oriented
Wells St & Randolph St Corral,41.88438,-87.63396,1031.0,91.0,1122.0,0.0003330357223612653,7.554901719860924e-05,0.0002609132428586046,-0.00025748670516265604,0.00025748670516265604,weekday_oriented
Franklin St & Illinois St,41.89102335487364,-87.63548087376064,9513.0,3384.0,12897.0,0.003072908658411946,0.002809427189012018,0.0029991070348907513,-0.0002634814693999281,0.0002634814693999281,weekday_oriented
Malcolm X College,41.877618,-87.673895,1585.0,296.0,1881.0,0.0005119899320490839,0.00024574185814053113,0.00043741337773354295,-0.00026624807390855274,0.00026624807390855274,weekday_oriented
Desplaines St & Randolph St,41.883703,-87.644238,5050.0,1642.0,6692.0,0.0016312612976958191,0.0013632031454957842,0.0015561777372636201,-0.00026805815220003497,0.00026805815220003497,weekday_oriented
Damen Ave & Lake St,41.8849659,-87.6768354,3116.0,881.0,3997.0,0.0010065366739841926,0.0007314141115601619,0.0009294743598091287,-0.0002751225624240307,0.0002751225624240307,weekday_oriented
Wells St & Washington St,41.883,-87.63396,1958.0,430.0,2388.0,0.0006324771526511711,0.0003569898614879337,0.0005553126773140353,-0.0002754872911632374,0.0002754872911632374,weekday_oriented
Wood St & Hubbard St,41.889715,-87.671966,3100.0,872.0,3972.0,0.0010013683213578295,0.0007239422307383214,0.0009236607848791241,-0.0002774260906195081,0.0002774260906195081,weekday_oriented
Ashland Ave & Augusta Blvd,41.89962082184989,-87.66838462985125,4453.0,1396.0,5849.0,0.0014384171403246501,0.0011589717363654779,0.0013601439906238664,-0.00027944540395917223,0.00027944540395917223,weekday_oriented
Jefferson St & Monroe St,41.880329633634624,-87.64274597167967,4618.0,1453.0,6071.0,0.0014917157767840184,0.0012062936482371343,0.0014117685360023069,-0.0002854221285468841,0.0002854221285468841,weekday_oriented
Clark St & Lunt Ave,42.00901118058077,-87.67411172389984,2897.0,783.0,3680.0,0.0009357948474108492,0.0006500536315001212,0.000855758229696671,-0.00028574121591072794,0.00028574121591072794,weekday_oriented
Mies van der Rohe Way & Chicago Ave,41.89694462637082,-87.62175768613815,9251.0,3247.0,12498.0,0.0029882768841552523,0.002695688558724002,0.0029063223790078787,-0.0002925883254312504,0.0002925883254312504,weekday_oriented
Ashland Ave & Chicago Ave,41.89595435734305,-87.6677280664444,5174.0,1659.0,6833.0,0.0016713160305501325,0.0013773166981592606,0.0015889662998688457,-0.00029399933239087185,0.00029399933239087185,weekday_oriented
Carpenter St & Huron St,41.894556,-87.65344900000001,6010.0,1982.0,7992.0,0.0019413624552775987,0.0016454741987653133,0.0018584836336238571,-0.0002958882565122854,0.0002958882565122854,weekday_oriented
Wilton Ave & Diversey Pkwy,41.93241798951903,-87.65270499568871,8449.0,2926.0,11375.0,0.002729213208758807,0.0024291914760783584,0.002645176593152074,-0.00030002173268044857,0.00030002173268044857,weekday_oriented
Green St & Madison St,41.88185932803824,-87.64926373958588,13280.0,4796.0,18076.0,0.004289732679881283,0.003981682269060768,0.004203447217390495,-0.00030805041082051544,0.00030805041082051544,weekday_oriented
Larrabee St & Kingsbury St 1,41.89777797048414,-87.64288463116276,1315.0,135.0,1450.0,0.0004247739814792084,0.00011207821232760711,0.00033718734594026436,-0.0003126957691516013,0.0003126957691516013,weekday_oriented
Larrabee St & Oak St,41.90026748327433,-87.64269324050811,5210.0,1642.0,6852.0,0.001682944823959449,0.0013632031454957842,0.0015933846168156491,-0.00031974167846366493,0.00031974167846366493,weekday_oriented
LaSalle St & Jackson Blvd Corral,41.87816,-87.63204,1164.0,67.0,1231.0,0.0003759976535679076,5.5624001673701306e-05,0.00028626042955342445,-0.0003203736518942063,0.0003203736518942063,weekday_oriented
Loomis St & Jackson Blvd,41.877945,-87.662007,3868.0,1118.0,4986.0,0.0012494492474232532,0.0009281736398686277,0.001159459384040109,-0.0003212756075546255,0.0003212756075546255,weekday_oriented
Milwaukee Ave & Grand Ave,41.891578,-87.648384,9071.0,3139.0,12210.0,0.0029301329171086683,0.0026060259888619165,0.002839349995814226,-0.0003241069282467518,0.0003241069282467518,weekday_oriented
Benson Ave & Church St,42.048214,-87.683485,4714.0,1434.0,6148.0,0.0015227258925421963,0.0011905196776132488,0.0014296743467867208,-0.0003322062149289475,0.0003322062149289475,weekday_oriented
Ashland Ave & Division St,41.90318794361149,-87.66894633544676,10207.0,3543.0,13750.0,0.0032970859535804407,0.002941430416864533,0.003197466211502507,-0.0003556555367159077,0.0003556555367159077,weekday_oriented
State St & 33rd St,41.834734,-87.625813,4287.0,1236.0,5523.0,0.001384795481826134,0.0010261382995327584,0.0012843349735366068,-0.00035865718229337556,0.00035865718229337556,weekday_oriented
Peterson/Ridge Metra,41.9918,-87.67488999999999,2700.0,617.0,3317.0,0.0008721595056987549,0.0005122389407861747,0.0007713451217130047,-0.00035992056491258016,0.00035992056491258016,weekday_oriented
Rush St & Superior St,41.89576474564,-87.6259080327,9518.0,3262.0,12780.0,0.0030745237686076845,0.0027081416934270695,0.00297189950421833,-0.00036638207518061494,0.00036638207518061494,weekday_oriented
Morgan Ave & 14th Pl,41.86237799999999,-87.651062,3432.0,892.0,4324.0,0.0011086116383548616,0.0007405464103424114,0.0010055159198935884,-0.00036806522801245017,0.00036806522801245017,weekday_oriented
Aberdeen St & Carroll Ave,41.88819,-87.65459,3994.0,1109.0,5103.0,0.0012901500243558618,0.0009207017590467872,0.0011866669147125304,-0.0003694482653090746,0.0003694482653090746,weekday_oriented
Franklin St & Adams St (Temp),41.87943409140013,-87.63550400733948,1501.0,131.0,1632.0,0.00048485608076067813,0.00010875737640678912,0.00037951017143069755,-0.000376098704353889,0.000376098704353889,weekday_oriented
Wabash Ave & Adams St,41.87947235235,-87.6256886059,7117.0,2290.0,9407.0,0.0022989478526140882,0.0019011785646682983,0.002187531974662115,-0.0003977692879457899,0.0003977692879457899,weekday_oriented
Sheridan Rd & Noyes St (NU),42.058239,-87.677432,4696.0,1337.0,6033.0,0.001516911495837538,0.0011099894065334126,0.0014029319021086999,-0.0004069220893041254,0.0004069220893041254,weekday_oriented
State St & Van Buren St,41.877181,-87.627844,5539.0,1661.0,7200.0,0.001789219074839038,0.0013789771161196696,0.0016743095798413127,-0.0004102419587193684,0.0004102419587193684,weekday_oriented
State St & Chicago Ave,41.896617200407526,-87.62857854366302,19184.0,6966.0,26150.0,0.006196854799009227,0.0057832357561045265,0.006080999376784768,-0.00041361904290470024,0.00041361904290470024,weekday_oriented
Cherry Ave & Blackhawk St,41.907221,-87.655618,1675.0,153.0,1828.0,0.0005410619155723756,0.00012702197397128806,0.00042508859888193325,-0.00041403994160108757,0.00041403994160108757,weekday_oriented
Sangamon St & Lake St,41.88577925240433,-87.65102460980414,7533.0,2430.0,9963.0,0.002433325020899526,0.002017407821896928,0.0023168258811054163,-0.0004159171990025983,0.0004159171990025983,weekday_oriented
Blackstone Ave & 59th St,41.787877,-87.590461,6498.0,2014.0,8512.0,0.00209899721038167,0.0016720408861318572,0.001979405992167952,-0.0004269563242498128,0.0004269563242498128,weekday_oriented
Stetson Ave & South Water St,41.886835,-87.62232,7193.0,2271.0,9464.0,0.0023234975275893124,0.0018854045940444129,0.0022007869255025255,-0.00043809293354489954,0.00043809293354489954,weekday_oriented
LaSalle St & Calhoun Pl,41.882664,-87.63253000000002,1898.0,202.0,2100.0,0.0006130958303023099,0.00016770221400130842,0.0004883402941203829,-0.0004453936163010015,0.0004453936163010015,weekday_oriented
Sangamon St & Washington Blvd,41.883165,-87.6511,6352.0,1928.0,8280.0,0.0020518359926661074,0.0016006429138342704,0.0019254560168175095,-0.000451193078831837,0.000451193078831837,weekday_oriented
Canal St & Harrison St,41.874255,-87.639573,2462.0,407.0,2869.0,0.0007952802603816053,0.0003378950549432303,0.0006671658589673231,-0.00045738520543837496,0.00045738520543837496,weekday_oriented
N Green St & W Lake St,41.885579,-87.648484,4031.0,1011.0,5042.0,0.001302101839804326,0.0008393412789867465,0.0011724817918833193,-0.00046276056081757954,0.00046276056081757954,weekday_oriented
Loomis St & Lexington St,41.87222873224032,-87.66136385500431,9240.0,3030.0,12270.0,0.0029847236417246278,0.002515533210019626,0.002853302575646237,-0.0004691904317050016,0.0004691904317050016,weekday_oriented
Morgan St & Lake St*,41.88549170626906,-87.65228927135468,8758.0,2833.0,11591.0,0.0028290270188554424,0.0023519820409193403,0.002695405880547313,-0.00047704497793610214,0.00047704497793610214,weekday_oriented
Wells St & Madison St,41.88199,-87.63418,2070.0,211.0,2281.0,0.000668655621035712,0.00017517409482314887,0.0005304305766136158,-0.0004934815262125631,0.0004934815262125631,weekday_oriented
Fairbanks St & Superior St,41.895748,-87.620104,5154.0,1393.0,6547.0,0.0016648555897671787,0.0011564811094248644,0.0015224590026695936,-0.0005083744803423143,0.0005083744803423143,weekday_oriented
Aberdeen St & Monroe St,41.880381631942605,-87.65540930667021,5865.0,1661.0,7526.0,0.0018945242596011842,0.0013789771161196696,0.001750118596928572,-0.0005155471434815145,0.0005155471434815145,weekday_oriented
Aberdeen St & Jackson Blvd,41.87772613,-87.65478743,9771.0,3168.0,12939.0,0.0031562483445120495,0.002630102049287847,0.003008873840773159,-0.0005261462952242026,0.0005261462952242026,weekday_oriented
Ada St & Washington Blvd,41.88283,-87.661206,5184.0,1360.0,6544.0,0.0016745462509416091,0.001129084213078116,0.001521761373677993,-0.0005454620378634932,0.0005454620378634932,weekday_oriented
Rush St & Hubbard St,41.890173,-87.626185,7384.0,2207.0,9591.0,0.0023851947370665204,0.001832271219311325,0.0022303198861469485,-0.0005529235177551954,0.0005529235177551954,weekday_oriented
Franklin St & Adams St Corral,41.87942,-87.63558,1829.0,41.0,1870.0,0.0005908073096011194,3.403856818838438e-05,0.0004348554047643409,-0.000556768741412735,0.000556768741412735,weekday_oriented
Elizabeth St & Randolph St,41.884336,-87.658902,7487.0,2239.0,9726.0,0.0024184660070987324,0.001858837906677869,0.0022617131907689734,-0.0005596281004208634,0.0005596281004208634,weekday_oriented
Racine Ave & Congress Pkwy,41.87464,-87.65703,4164.0,945.0,5109.0,0.0013450637710109685,0.0007845474862932497,0.0011880621726957313,-0.0005605162847177187,0.0005605162847177187,weekday_oriented
Orleans St & Hubbard St,41.890028,-87.636618,6616.0,1897.0,8513.0,0.002137113811001097,0.001574906435447931,0.001979638535165152,-0.0005622073755531659,0.0005622073755531659,weekday_oriented
Woodlawn Ave & 58th St,41.789381,-87.596479,6441.0,1809.0,8250.0,0.0020805849541502518,0.0015018480451899352,0.0019184797269015041,-0.0005787369089603166,0.0005787369089603166,weekday_oriented
Wacker Dr & Washington St Corral,41.88316,-87.63736,1931.0,25.0,1956.0,0.0006237555575941835,2.0755224505112428e-05,0.0004548541025235566,-0.0006030003330890711,0.0006030003330890711,weekday_oriented
Ellis Ave & 60th St,41.78509714636001,-87.6010727606,13248.0,4417.0,17665.0,0.004279395974628557,0.0036670330655632637,0.00410787204554122,-0.0006123629090652931,0.0006123629090652931,weekday_oriented
Aberdeen St & Randolph St,41.88411416441933,-87.65426402007539,8447.0,2549.0,10996.0,0.0027285671646805117,0.0021162026905412632,0.0025570427972132046,-0.0006123644741392485,0.0006123644741392485,weekday_oriented
Lake Park Ave & 56th St,41.791661314578,-87.58748949571235,5324.0,1323.0,6647.0,0.0017197693364222853,0.0010983664808105497,0.0015457133023896118,-0.0006214028556117356,0.0006214028556117356,weekday_oriented
Michigan Ave & Washington St,41.88398406449815,-87.62468397185215,16265.0,5556.0,21821.0,0.0052539534667371286,0.004612641094016186,0.005074320741905178,-0.0006413123727209424,0.0006413123727209424,weekday_oriented
N Carpenter St & W Lake St,41.885586,-87.6531893,2687.0,268.0,2955.0,0.0008679602191898349,0.00022249600669480522,0.0006871645567265388,-0.0006454642124950297,0.0006454642124950297,weekday_oriented
Halsted St & Fulton St,41.88685835666811,-87.64802209919087,10542.0,3300.0,13842.0,0.003405298336694916,0.0027396896346748405,0.0032188601672449237,-0.0006656087020200756,0.0006656087020200756,weekday_oriented
Wells St & Huron St,41.89478399980203,-87.6343724037867,17689.0,6052.0,23741.0,0.005713936850483435,0.005024424748197616,0.005520803296529529,-0.0006895121022858185,0.0006895121022858185,weekday_oriented
State St & Kinzie St,41.8893754597427,-87.62707652193124,10238.0,3141.0,13379.0,0.003307099636794019,0.0026076864068223255,0.003111192759541239,-0.0006994132299716935,0.0006994132299716935,weekday_oriented
Halsted St & Maxwell St,41.864883,-87.64707099999998,6559.0,1695.0,8254.0,0.0021187015547696787,0.0014072042214466225,0.0019194098988903048,-0.0007114973333230562,0.0007114973333230562,weekday_oriented
LaSalle St & Adams St,41.87934437346,-87.6319852213,4385.0,847.0,5232.0,0.0014164516416626074,0.000703187006233209,0.0012166649613513539,-0.0007132646354293984,0.0007132646354293984,weekday_oriented
Halsted St & Roosevelt Rd,41.867324,-87.648625,4419.0,853.0,5272.0,0.0014274343909936287,0.000708168260114436,0.0012259666812393611,-0.0007192661308791928,0.0007192661308791928,weekday_oriented
Desplaines St & Jackson Blvd,41.87811890091227,-87.64394760131836,9179.0,2657.0,11836.0,0.0029650192973366186,0.0022058652604033486,0.002752378914861358,-0.00075915403693327,0.00075915403693327,weekday_oriented
Clinton St & Tilden St,41.875885,-87.640795,4997.0,975.0,5972.0,0.0016141411296209918,0.0008094537556993846,0.0013887467792794888,-0.0008046873739216072,0.0008046873739216072,weekday_oriented
Franklin St & Chicago Ave,41.896792266987376,-87.63564033012628,9079.0,2562.0,11641.0,0.00293271709342185,0.0021269954072839214,0.0027070330304073222,-0.0008057216861379287,0.0008057216861379287,weekday_oriented
Sheffield Ave & Fullerton Ave,41.9256163,-87.65365740000001,12434.0,3839.0,16273.0,0.0040164560347623396,0.003187172275005064,0.003784172193438567,-0.0008292837597572754,0.0008292837597572754,weekday_oriented
Ellis Ave & 55th St,41.79430062054,-87.6014497734,13088.0,4088.0,17176.0,0.0042277124483649274,0.003393894311075984,0.003994158519910331,-0.0008338181372889433,0.0008338181372889433,weekday_oriented
Columbus Dr & Randolph St,41.884728,-87.619521,14610.0,4676.0,19286.0,0.004719351991947706,0.0038820571914362284,0.004484824244002716,-0.000837294800511478,0.000837294800511478,weekday_oriented
Artesian Ave & Hubbard St,41.8895,-87.688257,4030.0,524.0,4554.0,0.0013017788177651785,0.0004350295056271565,0.0010590008092496302,-0.000866749312138022,0.000866749312138022,weekday_oriented
Franklin St & Washington St,41.88318,-87.63511,3725.0,403.0,4128.0,0.001203257095825134,0.0003345742190224123,0.0009599374924423526,-0.0008686828768027216,0.0008686828768027216,weekday_oriented
Michigan Ave & Lake St,41.886022,-87.624398,14404.0,4544.0,18948.0,0.004652809451883283,0.0037724696060492348,0.004406224710949054,-0.0008803398458340486,0.0008803398458340486,weekday_oriented
Financial Pl & Ida B Wells Dr,41.8750236280333,-87.6330940425396,6890.0,1614.0,8504.0,0.002225621849727563,0.0013399572940500583,0.0019775456481903506,-0.0008856645556775049,0.0008856645556775049,weekday_oriented
Wood St & Taylor St (Temp),41.869265218438194,-87.67373085021973,4493.0,616.0,5109.0,0.0014513380218905574,0.0005114087318059702,0.0011880621726957313,-0.0009399292900845873,0.0009399292900845873,weekday_oriented
University Ave & 59th St,41.787878,-87.598906,5437.0,975.0,6412.0,0.001756270826845974,0.0008094537556993846,0.001491065698047569,-0.0009468170711465894,0.0009468170711465894,weekday_oriented
Halsted St & Polk St,41.87184,-87.64664,7849.0,1880.0,9729.0,0.002535399985270195,0.0015607928827844546,0.0022624108197605735,-0.0009746071024857405,0.0009746071024857405,weekday_oriented
Peoria St & Jackson Blvd,41.87764159627531,-87.64961779117584,10115.0,2761.0,12876.0,0.0032673679259788537,0.0022922069943446164,0.0029942236319495477,-0.0009751609316342373,0.0009751609316342373,weekday_oriented
Clark St & Ida B Wells Dr,41.8759326655,-87.6305845355,6248.0,1228.0,7476.0,0.002018241700594748,0.0010194966276911223,0.001738491447068563,-0.0009987450729036257,0.0009987450729036257,weekday_oriented
Sedgwick St & Huron St,41.894666,-87.638437,10193.0,2740.0,12933.0,0.003292563645032373,0.002274772605760322,0.003007478582789958,-0.001017791039272051,0.001017791039272051,weekday_oriented
Elizabeth St & Fulton St,41.88678352528257,-87.65919419155264,5744.0,980.0,6724.0,0.001855438592864314,0.0008136048006004071,0.001563619113174026,-0.0010418337922639066,0.0010418337922639066,weekday_oriented
Hermitage Ave & Polk St,41.871514,-87.669886,4822.0,606.0,5428.0,0.0015576122727701466,0.0005031066420039252,0.0012622433888025896,-0.0010545056307662214,0.0010545056307662214,weekday_oriented
900 W Harrison St,41.874754,-87.649807,6693.0,1270.0,7963.0,0.002161986508015469,0.0010543654048597113,0.0018517398867050519,-0.0011076211031557576,0.0011076211031557576,weekday_oriented
McClurg Ct & Erie St,41.89450300000001,-87.617854,10746.0,2839.0,13585.0,0.0034711948326810443,0.0023569632948005673,0.0031590966169644766,-0.001114231537880477,0.001114231537880477,weekday_oriented
Wolcott Ave & Polk St,41.871262,-87.673688,6397.0,1144.0,7541.0,0.0020663719844277537,0.0009497590733539447,0.0017536067418865747,-0.0011166129110738092,0.0011166129110738092,weekday_oriented
Elston Ave & Cortland St,41.91643343189861,-87.66674637967343,8979.0,2125.0,11104.0,0.0029004148895070813,0.0017641940829345563,0.002582157440910824,-0.001136220806572525,0.001136220806572525,weekday_oriented
LaSalle St & Washington St,41.88282761288388,-87.63241016237205,5916.0,922.0,6838.0,0.001910998383597716,0.0007654526797485463,0.0015901290148548468,-0.0011455457038491697,0.0011455457038491697,weekday_oriented
Kingsbury St & Erie St,41.8939139,-87.6417358,14745.0,4339.0,19084.0,0.0047629599672326444,0.0036022767651073128,0.004437850558568279,-0.0011606832021253317,0.0011606832021253317,weekday_oriented
Ravenswood Ave & Lawrence Ave,41.968445,-87.674226,13826.0,3647.0,17473.0,0.00446610271325592,0.0030277721508058008,0.004063223790078786,-0.0014383305624501193,0.0014383305624501193,weekday_oriented
Paulina St & Flournoy St,41.87306108789792,-87.66913488507271,6954.0,941.0,7895.0,0.002246295260233015,0.0007812266503724318,0.0018359269628954395,-0.0014650686098605832,0.0014650686098605832,weekday_oriented
Franklin St & Adams St,41.879434091400135,-87.63550400733948,7117.0,999.0,8116.0,0.0022989478526140882,0.0008293787712242926,0.0018873189652766796,-0.0014695690813897955,0.0014695690813897955,weekday_oriented
Ellis Ave & 58th St,41.788746136093295,-87.60133399414377,7008.0,935.0,7943.0,0.00226373845034699,0.0007762453964912047,0.0018470890267610481,-0.0014874930538557854,0.0014874930538557854,weekday_oriented
University Ave & 57th St,41.79147800295527,-87.59986050810642,16397.0,4551.0,20948.0,0.0052965923759046235,0.0037782810689106663,0.004871310705349419,-0.0015183113069939572,0.0015183113069939572,weekday_oriented
Wells St & Hubbard St,41.889906,-87.634266,16733.0,4605.0,21338.0,0.005405127781058246,0.003823112353841709,0.00496200247425749,-0.0015820154272165369,0.0015820154272165369,weekday_oriented
Franklin St & Jackson Blvd,41.87770795589999,-87.6353211408,12118.0,2768.0,14886.0,0.0039143810703916706,0.002298018457206048,0.003461635056321914,-0.0016163626131856226,0.0016163626131856226,weekday_oriented
Dearborn St & Adams St,41.87936394102892,-87.62977936980188,8964.0,1538.0,10502.0,0.002895569558919866,0.0012768614115545166,0.0024421665565963146,-0.0016187081473653493,0.0016187081473653493,weekday_oriented
Wells St & Randolph St,41.884295,-87.633963,10306.0,2048.0,12354.0,0.0033290651354560617,0.0017002679914588101,0.002872836187411052,-0.0016287971439972516,0.0016287971439972516,weekday_oriented
Morgan St & Polk St,41.871737,-87.65103,9246.0,1584.0,10830.0,0.0029866617739595135,0.0013150510246439234,0.0025184406596779744,-0.00167161074931559,0.00167161074931559,weekday_oriented
Clark St & Lake St,41.88602073203813,-87.63087535800302,14389.0,3551.0,17940.0,0.004647964121296068,0.002948072088706169,0.004171821369771271,-0.0016998920325898988,0.0016998920325898988,weekday_oriented
St. Clair St & Erie St,41.89434700980045,-87.62280048612229,15631.0,4030.0,19661.0,0.005049157493917495,0.0033457421902241234,0.0045720278679527845,-0.0017034153036933715,0.0017034153036933715,weekday_oriented
Franklin St & Lake St,41.885837,-87.63549999999998,11187.0,1915.0,13102.0,0.0036136475519451742,0.001589850197091612,0.0030467783493167886,-0.0020237973548535623,0.0020237973548535623,weekday_oriented
Canal St & Monroe St,41.8829056,-87.6397409,8577.0,674.0,9251.0,0.002770560029769711,0.000559560852657831,0.0021512552670988868,-0.00221099917711188,0.00221099917711188,weekday_oriented
Wacker Dr & Washington St,41.88314336439022,-87.63724207878113,8781.0,743.0,9524.0,0.0028364565257558393,0.0006168452722919414,0.0022147395053345362,-0.002219611253463898,0.002219611253463898,weekday_oriented
Dearborn St & Monroe St,41.881319815,-87.6295209193,13388.0,2359.0,15747.0,0.004324619060109233,0.0019584629843024085,0.003661854576911271,-0.0023661560758068243,0.0023661560758068243,weekday_oriented
Clinton St & Lake St,41.885637,-87.641823,15088.0,2973.0,18061.0,0.004873756526660301,0.00246821129814797,0.004199959072432493,-0.0024055452285123313,0.0024055452285123313,weekday_oriented
Kingsbury St & Kinzie St,41.889172621529056,-87.63849963502554,31094.0,8919.0,40013.0,0.010044047285258179,0.0074046338944439094,0.009304742946970895,-0.002639413390814269,0.002639413390814269,weekday_oriented
Canal St & Jackson Blvd,41.87812864569744,-87.63996997065593,10978.0,848.0,11826.0,0.0035461359457633077,0.0007040172152134135,0.0027500534848893562,-0.0028421187305498943,0.0028421187305498943,weekday_oriented
Larrabee St & Kingsbury St,41.897764,-87.642884,15621.0,2597.0,18218.0,0.005045927273526018,0.002156052721591079,0.004236468322992922,-0.0028898745519349393,0.0028898745519349393,weekday_oriented
Orleans St & Merchandise Mart Plaza,41.888243,-87.63638999999999,16865.0,3074.0,19939.0,0.005447766690225741,0.002552062405148624,0.004636674821174435,-0.0028957042850771167,0.0028957042850771167,weekday_oriented
Daley Center Plaza,41.88424087537072,-87.62963348535213,18249.0,3266.0,21515.0,0.0058948291924061395,0.0027114625293478876,0.005003162584761922,-0.003183366663058252,0.003183366663058252,weekday_oriented
LaSalle St & Jackson Blvd,41.878166,-87.631929,13930.0,876.0,14806.0,0.00449969700532728,0.0007272630666591395,0.0034430316165458994,-0.00377243393866814,0.00377243393866814,weekday_oriented
Clinton St & Madison St,41.88275006331282,-87.64119022354309,25104.0,4057.0,29161.0,0.008109145270763533,0.0033681578326896448,0.0067811863413545165,-0.004740987438073888,0.004740987438073888,weekday_oriented
Canal St & Adams St,41.879255,-87.639904,19724.0,1747.0,21471.0,0.006371286700148978,0.0014503750884172564,0.004992930692885114,-0.004920911611731722,0.004920911611731722,weekday_oriented
Clinton St & Jackson Blvd,41.87831662050808,-87.64098109175531,21413.0,2302.0,23715.0,0.006916870924269421,0.0019111410724307522,0.005514757178602323,-0.005005729851838669,0.005005729851838669,weekday_oriented
Franklin St & Monroe St,41.88031616332084,-87.63518440237203,18703.0,774.0,19477.0,0.00604148119817919,0.0006425817506782807,0.004529239956467951,-0.005398899447500909,0.005398899447500909,weekday_oriented
Canal St & Madison St,41.882409,-87.639767,26693.0,2608.0,29301.0,0.008622427290969209,0.0021651850203733285,0.006813742360962542,-0.006457242270595881,0.006457242270595881,weekday_oriented
Clinton St & Washington Blvd,41.883378993326986,-87.64117008864396,29100.0,1489.0,30589.0,0.009399941339197691,0.0012361811715244963,0.007113257741356377,-0.008163760167673194,0.008163760167673194,weekday_oriented
