end_station_name,station_end_trip_count,station_lat,station_lng,search_radius_m,service_category,service_lat,service_lng,name,amenity,shop,tourism,office,leisure,public_transport,railway,healthcare
Kingsbury St & Kinzie St,10495,41.8891873,-87.638528,250,food_drink,41.8889423,-87.6357074,Nick's Fishmarket Grill,restaurant,,,,,,,
Kingsbury St & Kinzie St,10495,41.8891873,-87.638528,250,tourism,41.888135600000005,-87.6378473,Holiday Inn Chicago Mart Plaza,,,hotel,,,,,
Kingsbury St & Kinzie St,10495,41.8891873,-87.638528,250,other_amenity,41.8893592,-87.6386978,,parking_entrance,,,,,,,
Kingsbury St & Kinzie St,10495,41.8891873,-87.638528,250,food_drink,41.8900973,-87.6363899,Subway,fast_food,,,,,,,
Kingsbury St & Kinzie St,10495,41.8891873,-87.638528,250,retail,41.8902382,-87.637207,Gordon's Ace Hardware - Orleans,,doityourself,,,,,,
Kingsbury St & Kinzie St,10495,41.8891873,-87.638528,250,retail,41.890353700000006,-87.63724,Petco,,pet,,,,,,
Kingsbury St & Kinzie St,10495,41.8891873,-87.638528,250,food_drink,41.889786599999994,-87.6371788,Starbucks,cafe,,,,,,,
Kingsbury St & Kinzie St,10495,41.8891873,-87.638528,250,food_drink,41.88926159999999,-87.63716940000002,Subway,fast_food,,,,,,,
Kingsbury St & Kinzie St,10495,41.8891873,-87.638528,250,other_amenity,41.888314099999995,-87.6364539,Orleans St & Merchandise Mart Plaza,bicycle_rental,,,,,,,
Kingsbury St & Kinzie St,10495,41.8891873,-87.638528,250,health,41.89008539999999,-87.637203,CVS Pharmacy,pharmacy,,,,,,,pharmacy
Kingsbury St & Kinzie St,10495,41.8891873,-87.638528,250,tourism,41.887856799999994,-87.635529,Aaron Montgomery Ward,,,artwork,,,,,
Kingsbury St & Kinzie St,10495,41.8891873,-87.638528,250,retail,41.89138609999999,-87.6357742,The UPS Store,post_office,copyshop,,,,,,
Kingsbury St & Kinzie St,10495,41.8891873,-87.638528,250,food_drink,41.8900946,-87.6357331,Coco Pazzo,restaurant,,,,,,,
Kingsbury St & Kinzie St,10495,41.8891873,-87.638528,250,office,41.88872669999999,-87.6360777,Braintree,,,,company,,,,
Kingsbury St & Kinzie St,10495,41.8891873,-87.638528,250,transit,41.888597199999985,-87.63675990000002,Orleans & Merchandise Mart,,,,,,platform,,
Kingsbury St & Kinzie St,10495,41.8891873,-87.638528,250,tourism,41.8898084,-87.63834680000001,The Athlete,,,artwork,,,,,
Kingsbury St & Kinzie St,10495,41.8891873,-87.638528,250,transit,41.889821299999994,-87.6368887,Orleans & Hubbard,,,,,,platform,,
Kingsbury St & Kinzie St,10495,41.8891873,-87.638528,250,food_drink,41.8896816,-87.6372631,Reverie,bar,,,,,,,
Kingsbury St & Kinzie St,10495,41.8891873,-87.638528,250,food_drink,41.889784999999996,-87.6376935,The Hampton Social - River North,restaurant,,,,,,,
Kingsbury St & Kinzie St,10495,41.8891873,-87.638528,250,food_drink,41.8900951,-87.6377144,Edie's All Day Cafe & Bar,restaurant,,,,,,,
Kingsbury St & Kinzie St,10495,41.8891873,-87.638528,250,food_drink,41.88979599999999,-87.6378482,The Bassment,bar,,,,,,,
Kingsbury St & Kinzie St,10495,41.8891873,-87.638528,250,food_drink,41.88818229999998,-87.6375946,Cityscape Bar,bar,,,,,,,
Kingsbury St & Kinzie St,10495,41.8891873,-87.638528,250,food_drink,41.88861829999999,-87.6372735,Infuse Coffee and Tea Bar,cafe,,,,,,,
Kingsbury St & Kinzie St,10495,41.8891873,-87.638528,250,other_amenity,41.89001639999999,-87.6366442,Orleans St & Hubbard St,bicycle_rental,,,,,,,
Kingsbury St & Kinzie St,10495,41.8891873,-87.638528,250,retail,41.8887204,-87.6371768,Three Fox Five,,bakery,,,,,,
Kingsbury St & Kinzie St,10495,41.8891873,-87.638528,250,transit,41.89141390000001,-87.6399996,Grand & Kingsbury,,,,,,platform,,
Kingsbury St & Kinzie St,10495,41.8891873,-87.638528,250,transit,41.88981940000001,-87.6369802,Orleans & Hubbard,,,,,,stop_position,,
Kingsbury St & Kinzie St,10495,41.8891873,-87.638528,250,transit,41.888567099999996,-87.6368619,Orleans & Merchandise Mart,,,,,,stop_position,,
Kingsbury St & Kinzie St,10495,41.8891873,-87.638528,250,retail,41.89013169999999,-87.6358006,Eggersmann Kitchens Home Living - Chicago,,cabinet_maker,,,,,,
Kingsbury St & Kinzie St,10495,41.8891873,-87.638528,250,other_amenity,41.890283499999995,-87.638012,,parking_entrance,,,,,,,
Kingsbury St & Kinzie St,10495,41.8891873,-87.638528,250,other_amenity,41.89028269999999,-87.63805910000002,,parking_entrance,,,,,,,
Kingsbury St & Kinzie St,10495,41.8891873,-87.638528,250,other_amenity,41.890597,-87.6384689,,parking_entrance,,,,,,,
Kingsbury St & Kinzie St,10495,41.8891873,-87.638528,250,other_amenity,41.890597699999994,-87.6384183,,parking_entrance,,,,,,,
Kingsbury St & Kinzie St,10495,41.8891873,-87.638528,250,other_amenity,41.8877973,-87.6375588,,parking_entrance,,,,,,,
Kingsbury St & Kinzie St,10495,41.8891873,-87.638528,250,food_drink,41.88785759999999,-87.6370318,Blue Bottle Coffee,cafe,,,,,,,
Kingsbury St & Kinzie St,10495,41.8891873,-87.638528,250,other_amenity,41.8892522,-87.6362459,,loading_dock,,,,,,,
Kingsbury St & Kinzie St,10495,41.8891873,-87.638528,250,other_amenity,41.88895399999999,-87.6367435,,parking_entrance,,,,,,,
Kingsbury St & Kinzie St,10495,41.8891873,-87.638528,250,other_amenity,41.88891859999998,-87.6368089,,parking_entrance,,,,,,,
Kingsbury St & Kinzie St,10495,41.8891873,-87.638528,250,other_amenity,41.888945599999985,-87.636773,,bicycle_parking,,,,,,,
Kingsbury St & Kinzie St,10495,41.8891873,-87.638528,250,other_amenity,41.8890721,-87.6356201,,bicycle_parking,,,,,,,
Kingsbury St & Kinzie St,10495,41.8891873,-87.638528,250,other_amenity,41.887402699999996,-87.63836359999999,,bench,,,,,,,
Kingsbury St & Kinzie St,10495,41.8891873,-87.638528,250,other_amenity,41.88735299999999,-87.6383296,,bench,,,,,,,
Kingsbury St & Kinzie St,10495,41.8891873,-87.638528,250,other_amenity,41.887312800000004,-87.6382824,,bench,,,,,,,
Kingsbury St & Kinzie St,10495,41.8891873,-87.638528,250,other_amenity,41.887399800000004,-87.6382956,,bench,,,,,,,
Kingsbury St & Kinzie St,10495,41.8891873,-87.638528,250,other_amenity,41.887349199999996,-87.6382662,,bench,,,,,,,
Kingsbury St & Kinzie St,10495,41.8891873,-87.638528,250,other_amenity,41.8873027,-87.6382229,,bench,,,,,,,
Kingsbury St & Kinzie St,10495,41.8891873,-87.638528,250,other_amenity,41.887221699999984,-87.6381128,,bench,,,,,,,
Kingsbury St & Kinzie St,10495,41.8891873,-87.638528,250,other_amenity,41.887156499999996,-87.6379899,,bench,,,,,,,
Kingsbury St & Kinzie St,10495,41.8891873,-87.638528,250,other_amenity,41.887170999999995,-87.6373277,,bench,,,,,,,
Kingsbury St & Kinzie St,10495,41.8891873,-87.638528,250,other_amenity,41.8872327,-87.6372083,,bench,,,,,,,
Kingsbury St & Kinzie St,10495,41.8891873,-87.638528,250,other_amenity,41.887337499999994,-87.6370421,,bench,,,,,,,
Kingsbury St & Kinzie St,10495,41.8891873,-87.638528,250,other_amenity,41.8874444,-87.6368597,,bench,,,,,,,
Kingsbury St & Kinzie St,10495,41.8891873,-87.638528,250,other_amenity,41.8876025,-87.6370199,,bench,,,,,,,
Kingsbury St & Kinzie St,10495,41.8891873,-87.638528,250,other_amenity,41.88757730000001,-87.6369107,,bench,,,,,,,
Kingsbury St & Kinzie St,10495,41.8891873,-87.638528,250,other_amenity,41.88763749999999,-87.63678440000001,,bench,,,,,,,
Kingsbury St & Kinzie St,10495,41.8891873,-87.638528,250,other_amenity,41.887664799999996,-87.636661,,bench,,,,,,,
Kingsbury St & Kinzie St,10495,41.8891873,-87.638528,250,other_amenity,41.8876236,-87.6380533,,bench,,,,,,,
Kingsbury St & Kinzie St,10495,41.8891873,-87.638528,250,other_amenity,41.88755539999999,-87.6380563,,bench,,,,,,,
Kingsbury St & Kinzie St,10495,41.8891873,-87.638528,250,other_amenity,41.88755439999999,-87.63795340000001,,bench,,,,,,,
Kingsbury St & Kinzie St,10495,41.8891873,-87.638528,250,other_amenity,41.887485999999996,-87.6379383,,bench,,,,,,,
Kingsbury St & Kinzie St,10495,41.8891873,-87.638528,250,other_amenity,41.88748249999999,-87.6380533,,bench,,,,,,,
Kingsbury St & Kinzie St,10495,41.8891873,-87.638528,250,other_amenity,41.8874127,-87.63805,,bench,,,,,,,
Kingsbury St & Kinzie St,10495,41.8891873,-87.638528,250,other_amenity,41.8874147,-87.6379356,,bench,,,,,,,
Kingsbury St & Kinzie St,10495,41.8891873,-87.638528,250,other_amenity,41.88885380000001,-87.638573,,loading_dock,,,,,,,
Kingsbury St & Kinzie St,10495,41.8891873,-87.638528,250,other_amenity,41.88877010000001,-87.638571,,loading_dock,,,,,,,
Kingsbury St & Kinzie St,10495,41.8891873,-87.638528,250,other_amenity,41.888687200000014,-87.638569,,loading_dock,,,,,,,
Kingsbury St & Kinzie St,10495,41.8891873,-87.638528,250,other_amenity,41.8886048,-87.6385669,,loading_dock,,,,,,,
Kingsbury St & Kinzie St,10495,41.8891873,-87.638528,250,other_amenity,41.888358499999995,-87.6385598,,loading_dock,,,,,,,
Kingsbury St & Kinzie St,10495,41.8891873,-87.638528,250,other_amenity,41.888219499999984,-87.6385555,,loading_dock,,,,,,,
Kingsbury St & Kinzie St,10495,41.8891873,-87.638528,250,other_amenity,41.887647399999985,-87.6397436,,loading_dock,,,,,,,
Kingsbury St & Kinzie St,10495,41.8891873,-87.638528,250,other_amenity,41.88761029999999,-87.6397433,,parking_entrance,,,,,,,
Kingsbury St & Kinzie St,10495,41.8891873,-87.638528,250,other_amenity,41.887573800000006,-87.6397423,,parking_entrance,,,,,,,
Kingsbury St & Kinzie St,10495,41.8891873,-87.638528,250,retail,41.8909006,-87.6360864,Pups Pet Club,,pet,,,,,,
Kingsbury St & Kinzie St,10495,41.8891873,-87.638528,250,other_amenity,41.890456799999995,-87.6366617,Saint Peregrine Shrine,place_of_worship,,,,,,,
Kingsbury St & Kinzie St,10495,41.8891873,-87.638528,250,other_amenity,41.891194899999995,-87.6399005,,parking_entrance,,,,,,,
Kingsbury St & Kinzie St,10495,41.8891873,-87.638528,250,other_amenity,41.8901873,-87.635632,,bicycle_parking,,,,,,,
Kingsbury St & Kinzie St,10495,41.8891873,-87.638528,250,retail,41.8900873,-87.6366117,daltile,,tiles,,,,,,
Kingsbury St & Kinzie St,10495,41.8891873,-87.638528,250,other_amenity,41.8898705,-87.6374893,,bicycle_parking,,,,,,,
Kingsbury St & Kinzie St,10495,41.8891873,-87.638528,250,other_amenity,41.89000630000001,-87.6377183,,bicycle_parking,,,,,,,
Kingsbury St & Kinzie St,10495,41.8891873,-87.638528,250,other_amenity,41.890009199999994,-87.6375501,,post_box,,,,,,,
Kingsbury St & Kinzie St,10495,41.8891873,-87.638528,250,other_amenity,41.88983619999999,-87.6386169,,bicycle_parking,,,,,,,
Kingsbury St & Kinzie St,10495,41.8891873,-87.638528,250,other_amenity,41.88971529999999,-87.6385071,,bicycle_parking,,,,,,,
Kingsbury St & Kinzie St,10495,41.8891873,-87.638528,250,other_amenity,41.8897798,-87.638421,,bicycle_parking,,,,,,,
Kingsbury St & Kinzie St,10495,41.8891873,-87.638528,250,other_amenity,41.88969019999999,-87.63834889999998,,bicycle_parking,,,,,,,
Kingsbury St & Kinzie St,10495,41.8891873,-87.638528,250,other_amenity,41.88955189999999,-87.6382376,,bicycle_parking,,,,,,,
Kingsbury St & Kinzie St,10495,41.8891873,-87.638528,250,other_amenity,41.88961979999999,-87.6382923,,bicycle_parking,,,,,,,
Kingsbury St & Kinzie St,10495,41.8891873,-87.638528,250,recreation,41.88744386328769,-87.63699998164127,,,,,,garden,,,
Kingsbury St & Kinzie St,10495,41.8891873,-87.638528,250,recreation,41.88692935909087,-87.63940932525269,,,,,,garden,,,
Kingsbury St & Kinzie St,10495,41.8891873,-87.638528,250,retail,41.88854909485879,-87.63537285447282,Merchandise Mart,,mall,,,,,,
Kingsbury St & Kinzie St,10495,41.8891873,-87.638528,250,other_amenity,41.890513284497835,-87.63635522702471,Assumption Roman Catholic Church,place_of_worship,,,,,,,
Kingsbury St & Kinzie St,10495,41.8891873,-87.638528,250,other_amenity,41.88881428150719,-87.64044774776548,Mart Center Self-Park,parking,,,,,,,
Kingsbury St & Kinzie St,10495,41.8891873,-87.638528,250,other_amenity,41.890194475231354,-87.63641327630027,Orleans-Hubbard Self Park,parking,,,,,,,
Kingsbury St & Kinzie St,10495,41.8891873,-87.638528,250,recreation,41.89011510204247,-87.63931363770132,East Bank Club,,,,,fitness_centre,,,
Kingsbury St & Kinzie St,10495,41.8891873,-87.638528,250,retail,41.88937074544651,-87.63767083477589,The Lock Up,,storage_rental,,,,,,
Kingsbury St & Kinzie St,10495,41.8891873,-87.638528,250,other_amenity,41.88964549328632,-87.63807239640366,,parking,,,,,,,
Kingsbury St & Kinzie St,10495,41.8891873,-87.638528,250,other_amenity,41.89051547302754,-87.63770114162834,,parking,,,,,,,
Kingsbury St & Kinzie St,10495,41.8891873,-87.638528,250,recreation,41.88642103000986,-87.63908074996503,Riverpoint,,,,,park,,,
Kingsbury St & Kinzie St,10495,41.8891873,-87.638528,250,food_drink,41.89089990788093,-87.63579688000867,Gene & Georgetti,restaurant,,,,,,,
Kingsbury St & Kinzie St,10495,41.8891873,-87.638528,250,other_amenity,41.88814669522115,-87.64262020452432,,parking,,,,,,,
Kingsbury St & Kinzie St,10495,41.8891873,-87.638528,250,recreation,41.889471600023754,-87.63860560002989,East Bank Club Rooftop Pool,,,,,swimming_pool,,,
Kingsbury St & Kinzie St,10495,41.8891873,-87.638528,250,recreation,41.887425093177946,-87.63737940372606,Wolf Point Riverwalk,,,,,park,,,
Kingsbury St & Kinzie St,10495,41.8891873,-87.638528,250,recreation,41.88765129547687,-87.62520548987338,Chicago Riverwalk,,,,,park,,,
Kingsbury St & Kinzie St,10495,41.8891873,-87.638528,250,recreation,41.89058673021736,-87.63667320749477,,,,,,garden,,,
Kingsbury St & Kinzie St,10495,41.8891873,-87.638528,250,recreation,41.88649810497202,-87.63652914814676,The Boardwalk - Confluence,,,,,park,,,
Kingsbury St & Kinzie St,10495,41.8891873,-87.638528,250,recreation,41.88711965886547,-87.63475180548538,The Jetty,,,,,park,,,
Kingsbury St & Kinzie St,10495,41.8891873,-87.638528,250,recreation,41.890390322800684,-87.63816405373065,,,,,,swimming_pool,,,
Kingsbury St & Kinzie St,10495,41.8891873,-87.638528,250,recreation,41.89085655973959,-87.64021147107252,,,,,,swimming_pool,,,
Kingsbury St & Kinzie St,10495,41.8891873,-87.638528,250,recreation,41.89005930017057,-87.63923470217674,,,,,,swimming_pool,,,
Kingsbury St & Kinzie St,10495,41.8891873,-87.638528,250,recreation,41.88684438480869,-87.63600616795486,,,,,,garden,,,
Kingsbury St & Kinzie St,10495,41.8891873,-87.638528,250,other_amenity,41.88908924027823,-87.63761401622713,,parking,,,,,,,
Kingsbury St & Kinzie St,10495,41.8891873,-87.638528,250,other_amenity,41.88916325004659,-87.63639655000321,,parking,,,,,,,
Kingsbury St & Kinzie St,10495,41.8891873,-87.638528,250,other_amenity,41.8891698630101,-87.63596634565363,,parking,,,,,,,
Kingsbury St & Kinzie St,10495,41.8891873,-87.638528,250,other_amenity,41.88911660443908,-87.64058456273828,,parking,,,,,,,
Kingsbury St & Kinzie St,10495,41.8891873,-87.638528,250,other_amenity,41.88899058204442,-87.63622068665619,,parking,,,,,,,
Kingsbury St & Kinzie St,10495,41.8891873,-87.638528,250,other_amenity,41.88905807393831,-87.6361823254811,,parking,,,,,,,
Kingsbury St & Kinzie St,10495,41.8891873,-87.638528,250,other_amenity,41.88907464809893,-87.63502177748298,,parking,,,,,,,
Kingsbury St & Kinzie St,10495,41.8891873,-87.638528,250,recreation,41.88789325852442,-87.63598942296882,,,,,,bleachers,,,
Kingsbury St & Kinzie St,10495,41.8891873,-87.638528,250,recreation,41.887914996478216,-87.63596620262575,,,,,,garden,,,
Kingsbury St & Kinzie St,10495,41.8891873,-87.638528,250,recreation,41.88792594644199,-87.63551563772347,,,,,,garden,,,
Kingsbury St & Kinzie St,10495,41.8891873,-87.638528,250,recreation,41.888058548360114,-87.635495524216,,,,,,garden,,,
Kingsbury St & Kinzie St,10495,41.8891873,-87.638528,250,recreation,41.88802307353895,-87.63556918575618,,,,,,garden,,,
Kingsbury St & Kinzie St,10495,41.8891873,-87.638528,250,recreation,41.8880576016377,-87.6355482759048,,,,,,garden,,,
Kingsbury St & Kinzie St,10495,41.8891873,-87.638528,250,recreation,41.8880570483601,-87.63560192421602,,,,,,garden,,,
Kingsbury St & Kinzie St,10495,41.8891873,-87.638528,250,recreation,41.88805650163773,-87.63565597590483,,,,,,garden,,,
Kingsbury St & Kinzie St,10495,41.8891873,-87.638528,250,recreation,41.88801655582481,-87.6357529256976,,,,,,garden,,,
Kingsbury St & Kinzie St,10495,41.8891873,-87.638528,250,recreation,41.88804905000013,-87.63582875,,,,,,garden,,,
Kingsbury St & Kinzie St,10495,41.8891873,-87.638528,250,recreation,41.88804794417543,-87.63589757430239,,,,,,garden,,,
Kingsbury St & Kinzie St,10495,41.8891873,-87.638528,250,recreation,41.88804601980641,-87.63596676255086,,,,,,garden,,,
Kingsbury St & Kinzie St,10495,41.8891873,-87.638528,250,recreation,41.888045180193835,-87.63603193744913,,,,,,garden,,,
Kingsbury St & Kinzie St,10495,41.8891873,-87.638528,250,recreation,41.88804434417543,-87.63609627430239,,,,,,garden,,,
Kingsbury St & Kinzie St,10495,41.8891873,-87.638528,250,recreation,41.88790636779732,-87.63520527097043,theMart River Park,,,,,park,,,
Kingsbury St & Kinzie St,10495,41.8891873,-87.638528,250,recreation,41.88807343812984,-87.63557593505217,,,,,,outdoor_seating,,,
Kingsbury St & Kinzie St,10495,41.8891873,-87.638528,250,recreation,41.88797792277914,-87.6375087523049,,,,,,garden,,,
Kingsbury St & Kinzie St,10495,41.8891873,-87.638528,250,recreation,41.88797402991697,-87.63784076063955,,,,,,garden,,,
Kingsbury St & Kinzie St,10495,41.8891873,-87.638528,250,recreation,41.88797087804249,-87.63817793669133,,,,,,garden,,,
Kingsbury St & Kinzie St,10495,41.8891873,-87.638528,250,recreation,41.88780374077098,-87.63851534084813,,,,,,garden,,,
Kingsbury St & Kinzie St,10495,41.8891873,-87.638528,250,recreation,41.887557981409074,-87.63843612512827,,,,,,garden,,,
Kingsbury St & Kinzie St,10495,41.8891873,-87.638528,250,recreation,41.88747957870609,-87.63841018354118,,,,,,garden,,,
Kingsbury St & Kinzie St,10495,41.8891873,-87.638528,250,recreation,41.88765262452766,-87.6368993060335,,,,,,outdoor_seating,,,
Kingsbury St & Kinzie St,10495,41.8891873,-87.638528,250,recreation,41.88758020843408,-87.63706457043477,,,,,,outdoor_seating,,,
Kingsbury St & Kinzie St,10495,41.8891873,-87.638528,250,recreation,41.887686676679785,-87.6365873152047,,,,,,outdoor_seating,,,
Kingsbury St & Kinzie St,10495,41.8891873,-87.638528,250,recreation,41.887682034086005,-87.63641678163519,,,,,,garden,,,
Kingsbury St & Kinzie St,10495,41.8891873,-87.638528,250,recreation,41.88762746574234,-87.63646724164293,,,,,,garden,,,
Kingsbury St & Kinzie St,10495,41.8891873,-87.638528,250,recreation,41.887615233363775,-87.63655793770324,,,,,,garden,,,
Kingsbury St & Kinzie St,10495,41.8891873,-87.638528,250,recreation,41.88759075337875,-87.63710419096493,,,,,,garden,,,
Kingsbury St & Kinzie St,10495,41.8891873,-87.638528,250,recreation,41.887546800964294,-87.63738867975067,,,,,,garden,,,
Kingsbury St & Kinzie St,10495,41.8891873,-87.638528,250,recreation,41.88723185721947,-87.63730103721612,,,,,,bleachers,,,
Kingsbury St & Kinzie St,10495,41.8891873,-87.638528,250,recreation,41.88721835153198,-87.6380249368794,,,,,,bleachers,,,
Kingsbury St & Kinzie St,10495,41.8891873,-87.638528,250,recreation,41.88727430295517,-87.63792656617943,,,,,,garden,,,
Kingsbury St & Kinzie St,10495,41.8891873,-87.638528,250,recreation,41.887279269528335,-87.63739229040344,,,,,,garden,,,
Kingsbury St & Kinzie St,10495,41.8891873,-87.638528,250,recreation,41.887623011105916,-87.63809855599364,,,,,,garden,,,
Kingsbury St & Kinzie St,10495,41.8891873,-87.638528,250,recreation,41.88749375427185,-87.63792440336951,,,,,,garden,,,
Kingsbury St & Kinzie St,10495,41.8891873,-87.638528,250,recreation,41.88734576706033,-87.63814587550247,,,,,,garden,,,
Kingsbury St & Kinzie St,10495,41.8891873,-87.638528,250,recreation,41.88789590623349,-87.63784737234926,,,,,,garden,,,
Kingsbury St & Kinzie St,10495,41.8891873,-87.638528,250,recreation,41.88790029448246,-87.63751736416394,,,,,,garden,,,
Kingsbury St & Kinzie St,10495,41.8891873,-87.638528,250,recreation,41.88782254329806,-87.6374781649482,,,,,,garden,,,
Kingsbury St & Kinzie St,10495,41.8891873,-87.638528,250,recreation,41.887809856277244,-87.63786664706797,,,,,,garden,,,
Kingsbury St & Kinzie St,10495,41.8891873,-87.638528,250,other_amenity,41.88918725009519,-87.63852805000317,Kingsbury St & Kinzie St,bicycle_rental,,,,,,,
Kingsbury St & Kinzie St,10495,41.8891873,-87.638528,250,other_amenity,41.8887839443423,-87.6388074275842,,parking,,,,,,,
Kingsbury St & Kinzie St,10495,41.8891873,-87.638528,250,recreation,41.888050219815206,-87.6385657762976,,,,,,garden,,,
Kingsbury St & Kinzie St,10495,41.8891873,-87.638528,250,recreation,41.888224701240354,-87.63733324264899,,,,,,garden,,,
Kingsbury St & Kinzie St,10495,41.8891873,-87.638528,250,recreation,41.88823675238666,-87.63699204744498,,,,,,garden,,,
Kingsbury St & Kinzie St,10495,41.8891873,-87.638528,250,recreation,41.88853214643812,-87.63726736638613,,,,,,garden,,,
Kingsbury St & Kinzie St,10495,41.8891873,-87.638528,250,other_amenity,41.88816218153471,-87.63982788869434,,parking,,,,,,,
Kingsbury St & Kinzie St,10495,41.8891873,-87.638528,250,recreation,41.88791399218407,-87.63966221634398,,,,,,garden,,,
Kingsbury St & Kinzie St,10495,41.8891873,-87.638528,250,recreation,41.88797823496998,-87.63983129044146,,,,,,garden,,,
Kingsbury St & Kinzie St,10495,41.8891873,-87.638528,250,recreation,41.887900320930534,-87.63949088354748,,,,,,garden,,,
Kingsbury St & Kinzie St,10495,41.8891873,-87.638528,250,recreation,41.88778096828892,-87.63947473742431,,,,,,garden,,,
Kingsbury St & Kinzie St,10495,41.8891873,-87.638528,250,recreation,41.88800972762927,-87.63953893020337,,,,,,garden,,,
Kingsbury St & Kinzie St,10495,41.8891873,-87.638528,250,recreation,41.88759292977092,-87.6394142348943,,,,,,garden,,,
Kingsbury St & Kinzie St,10495,41.8891873,-87.638528,250,recreation,41.887470708554055,-87.6393935516239,,,,,,garden,,,
Kingsbury St & Kinzie St,10495,41.8891873,-87.638528,250,recreation,41.887352906711754,-87.6393667796076,,,,,,garden,,,
Kingsbury St & Kinzie St,10495,41.8891873,-87.638528,250,recreation,41.8872341333337,-87.63933266666419,,,,,,garden,,,
Kingsbury St & Kinzie St,10495,41.8891873,-87.638528,250,recreation,41.88713803851276,-87.63937570296639,,,,,,garden,,,
Kingsbury St & Kinzie St,10495,41.8891873,-87.638528,250,recreation,41.887025552478065,-87.63978345666557,,,,,,garden,,,
Kingsbury St & Kinzie St,10495,41.8891873,-87.638528,250,recreation,41.887140839903026,-87.63980968900516,,,,,,garden,,,
Kingsbury St & Kinzie St,10495,41.8891873,-87.638528,250,recreation,41.887072737874604,-87.63931039494857,,,,,,garden,,,
Kingsbury St & Kinzie St,10495,41.8891873,-87.638528,250,recreation,41.88694515129505,-87.63926848857757,,,,,,garden,,,
Kingsbury St & Kinzie St,10495,41.8891873,-87.638528,250,recreation,41.8869544666472,-87.63922075556323,,,,,,garden,,,
Kingsbury St & Kinzie St,10495,41.8891873,-87.638528,250,recreation,41.88699656026213,-87.6396404042176,,,,,,garden,,,
Kingsbury St & Kinzie St,10495,41.8891873,-87.638528,250,recreation,41.88701382590354,-87.63941379739846,,,,,,garden,,,
Kingsbury St & Kinzie St,10495,41.8891873,-87.638528,250,recreation,41.88698801402404,-87.63951918990614,,,,,,garden,,,
Kingsbury St & Kinzie St,10495,41.8891873,-87.638528,250,recreation,41.88695531325348,-87.63946690286896,,,,,,garden,,,
Kingsbury St & Kinzie St,10495,41.8891873,-87.638528,250,recreation,41.88692078822863,-87.63954523591235,,,,,,garden,,,
Kingsbury St & Kinzie St,10495,41.8891873,-87.638528,250,recreation,41.88696740388739,-87.63949205130933,,,,,,outdoor_seating,,,
Kingsbury St & Kinzie St,10495,41.8891873,-87.638528,250,recreation,41.88714227569611,-87.6392737015114,,,,,,garden,,,
Kingsbury St & Kinzie St,10495,41.8891873,-87.638528,250,recreation,41.891210849375135,-87.63590931130068,,,,,,swimming_pool,,,
Kingsbury St & Kinzie St,10495,41.8891873,-87.638528,250,recreation,41.89135630004816,-87.63760835000355,,,,,,swimming_pool,,,
Kingsbury St & Kinzie St,10495,41.8891873,-87.638528,250,recreation,41.88923513148827,-87.63888089769384,,,,,,garden,,,
Kingsbury St & Kinzie St,10495,41.8891873,-87.638528,250,recreation,41.88925307119146,-87.63843994172365,,,,,,garden,,,
Kingsbury St & Kinzie St,10495,41.8891873,-87.638528,250,recreation,41.88946899717862,-87.63917056302334,,,,,,garden,,,
Kingsbury St & Kinzie St,10495,41.8891873,-87.638528,250,recreation,41.88931433964814,-87.6390432405907,,,,,,garden,,,
Kingsbury St & Kinzie St,10495,41.8891873,-87.638528,250,other_amenity,41.89127831890282,-87.64059820748808,,fountain,,,,,,,
Kingsbury St & Kinzie St,10495,41.8891873,-87.638528,250,recreation,41.89133567302675,-87.64016044808008,,,,,,garden,,,
Kingsbury St & Kinzie St,10495,41.8891873,-87.638528,250,recreation,41.89137302208769,-87.64000671566063,,,,,,garden,,,
Kingsbury St & Kinzie St,10495,41.8891873,-87.638528,250,recreation,41.89130045807747,-87.64042099426294,,,,,,garden,,,
Kingsbury St & Kinzie St,10495,41.8891873,-87.638528,250,recreation,41.891296113653,-87.6404731179148,,,,,,garden,,,
Kingsbury St & Kinzie St,10495,41.8891873,-87.638528,250,recreation,41.89121668661762,-87.64049208176802,,,,,,garden,,,
Kingsbury St & Kinzie St,10495,41.8891873,-87.638528,250,recreation,41.89114441031363,-87.64046586463532,,,,,,garden,,,
Kingsbury St & Kinzie St,10495,41.8891873,-87.638528,250,recreation,41.89112320494012,-87.64053630421155,,,,,,garden,,,
Kingsbury St & Kinzie St,10495,41.8891873,-87.638528,250,recreation,41.89128268893598,-87.64063020891722,,,,,,garden,,,
Kingsbury St & Kinzie St,10495,41.8891873,-87.638528,250,recreation,41.891276839604615,-87.64060616798741,,,,,,garden,,,
Kingsbury St & Kinzie St,10495,41.8891873,-87.638528,250,recreation,41.89134070000832,-87.64072730000407,,,,,,garden,,,
Kingsbury St & Kinzie St,10495,41.8891873,-87.638528,250,recreation,41.88749182459765,-87.63814290533385,,,,,,swimming_pool,,,
Kingsbury St & Kinzie St,10495,41.8891873,-87.638528,250,recreation,41.88755235000179,-87.63814440000007,,,,,,hot_tub,,,
Kingsbury St & Kinzie St,10495,41.8891873,-87.638528,250,recreation,41.89045075002478,-87.63612095000114,,,,,,swimming_pool,,,
Kingsbury St & Kinzie St,10495,41.8891873,-87.638528,250,recreation,41.89080240000078,-87.6400717999998,,,,,,hot_tub,,,
Clinton St & Washington Blvd,7856,41.8834683,-87.6411569,250,transit,41.8829223,-87.6408104,Ogilvie Transportation Center,,,,,,stop_position,stop,
Clinton St & Washington Blvd,7856,41.8834683,-87.6411569,250,transit,41.8829206,-87.6409183,Ogilvie Transportation Center,,,,,,stop_position,stop,
Clinton St & Washington Blvd,7856,41.8834683,-87.6411569,250,transit,41.882921,-87.6409546,Ogilvie Transportation Center,,,,,,stop_position,stop,
Clinton St & Washington Blvd,7856,41.8834683,-87.6411569,250,transit,41.88292349999999,-87.640775,Ogilvie Transportation Center,,,,,,stop_position,stop,
Clinton St & Washington Blvd,7856,41.8834683,-87.6411569,250,transit,41.88291,-87.64106050000001,Ogilvie Transportation Center,,,,,,stop_position,stop,
Clinton St & Washington Blvd,7856,41.8834683,-87.6411569,250,transit,41.882943,-87.6400918,Ogilvie Transportation Center,,,,,,stop_position,stop,
Clinton St & Washington Blvd,7856,41.8834683,-87.6411569,250,transit,41.88294359999999,-87.640056,Ogilvie Transportation Center,,,,,,stop_position,stop,
Clinton St & Washington Blvd,7856,41.8834683,-87.6411569,250,transit,41.8829388,-87.6399473,Ogilvie Transportation Center,,,,,,stop_position,stop,
Clinton St & Washington Blvd,7856,41.8834683,-87.6411569,250,transit,41.8829334,-87.64038,Ogilvie Transportation Center,,,,,,stop_position,stop,
Clinton St & Washington Blvd,7856,41.8834683,-87.6411569,250,transit,41.8829314,-87.64048620000001,Ogilvie Transportation Center,,,,,,stop_position,stop,
Clinton St & Washington Blvd,7856,41.8834683,-87.6411569,250,transit,41.88293680000001,-87.64019980000002,Ogilvie Transportation Center,,,,,,stop_position,stop,
Clinton St & Washington Blvd,7856,41.8834683,-87.6411569,250,transit,41.88293609999999,-87.64023470000001,Ogilvie Transportation Center,,,,,,stop_position,stop,
Clinton St & Washington Blvd,7856,41.8834683,-87.6411569,250,transit,41.8829344,-87.6403436,Ogilvie Transportation Center,,,,,,stop_position,stop,
Clinton St & Washington Blvd,7856,41.8834683,-87.6411569,250,transit,41.882927699999996,-87.6406641,Ogilvie Transportation Center,,,,,,stop_position,stop,
Clinton St & Washington Blvd,7856,41.8834683,-87.6411569,250,transit,41.88292729999999,-87.6406309,Ogilvie Transportation Center,,,,,,stop_position,stop,
Clinton St & Washington Blvd,7856,41.8834683,-87.6411569,250,transit,41.88293080000001,-87.6405197,Ogilvie Transportation Center,,,,,,stop_position,stop,
Clinton St & Washington Blvd,7856,41.8834683,-87.6411569,250,transit,41.885703099999986,-87.6412327,Clinton,,,,,,stop_position,stop,
Clinton St & Washington Blvd,7856,41.8834683,-87.6411569,250,retail,41.883441399999995,-87.6386671,The Boeing Store,,gift,,,,,,
Clinton St & Washington Blvd,7856,41.8834683,-87.6411569,250,tourism,41.88196870000001,-87.643123,Batcolumn,,,artwork,,,,,
Clinton St & Washington Blvd,7856,41.8834683,-87.6411569,250,transit,41.8819162,-87.643096,Madison & Jefferson,,,,,,platform,,
Clinton St & Washington Blvd,7856,41.8834683,-87.6411569,250,other_amenity,41.8856464,-87.64174330000002,Clinton St & Lake St,bicycle_rental,,,,,,,
Clinton St & Washington Blvd,7856,41.8834683,-87.6411569,250,other_amenity,41.88215709999999,-87.641082,Clinton St & Madison St,bicycle_rental,,,,,,,
Clinton St & Washington Blvd,7856,41.8834683,-87.6411569,250,food_drink,41.88171040000001,-87.6414064,Potbelly,fast_food,,,,,,,
Clinton St & Washington Blvd,7856,41.8834683,-87.6411569,250,food_drink,41.8825612,-87.6399905,Panda Express,fast_food,,,,,,,
Clinton St & Washington Blvd,7856,41.8834683,-87.6411569,250,other_amenity,41.8823835,-87.6401729,,toilets,,,,,,,
Clinton St & Washington Blvd,7856,41.8834683,-87.6411569,250,food_drink,41.8823865,-87.6406478,Chicago News Room,bar,,,,,,,
Clinton St & Washington Blvd,7856,41.8834683,-87.6411569,250,other_amenity,41.881978499999995,-87.6399291,,vending_machine,,,,,,,
Clinton St & Washington Blvd,7856,41.8834683,-87.6411569,250,food_drink,41.882183899999994,-87.6391068,Starbucks,cafe,,,,,,,
Clinton St & Washington Blvd,7856,41.8834683,-87.6411569,250,other_amenity,41.88212200000001,-87.6391015,Bank of America,atm,,,,,,,
Clinton St & Washington Blvd,7856,41.8834683,-87.6411569,250,food_drink,41.88212599999999,-87.6392678,Jimmy John's,fast_food,,,,,,,
Clinton St & Washington Blvd,7856,41.8834683,-87.6411569,250,other_amenity,41.8823875,-87.6407818,,toilets,,,,,,,
Clinton St & Washington Blvd,7856,41.8834683,-87.6411569,250,food_drink,41.8821339,-87.6409831,Yolk,restaurant,,,,,,,
Clinton St & Washington Blvd,7856,41.8834683,-87.6411569,250,retail,41.88228960000001,-87.6401675,Arts & Artisians,,jewelry,,,,,,
Clinton St & Washington Blvd,7856,41.8834683,-87.6411569,250,retail,41.882441500000006,-87.6403071,Mrs. Fields,,pastry,,,,,,
Clinton St & Washington Blvd,7856,41.8834683,-87.6411569,250,food_drink,41.88227770000001,-87.6406411,Jamba,fast_food,,,,,,,
Clinton St & Washington Blvd,7856,41.8834683,-87.6411569,250,retail,41.882520299999996,-87.6400818,Hudson News,,newsagent,,,,,,
Clinton St & Washington Blvd,7856,41.8834683,-87.6411569,250,other_amenity,41.8821649,-87.6401663,,atm,,,,,,,
Clinton St & Washington Blvd,7856,41.8834683,-87.6411569,250,transit,41.882000199999986,-87.641315,Clinton & Madison (Metra),,,,,,platform,,
Clinton St & Washington Blvd,7856,41.8834683,-87.6411569,250,transit,41.88219729999999,-87.639586,Canal & Madison (Metra),,,,,,platform,,
Clinton St & Washington Blvd,7856,41.8834683,-87.6411569,250,transit,41.8855076,-87.642652,Jefferson & Lake,,,,,,platform,,
Clinton St & Washington Blvd,7856,41.8834683,-87.6411569,250,transit,41.8830196,-87.6425974,Jefferson & Washington,,,,,,platform,,
Clinton St & Washington Blvd,7856,41.8834683,-87.6411569,250,transit,41.88308119999999,-87.6429807,Washington & Jefferson,,,,,,platform,,
Clinton St & Washington Blvd,7856,41.8834683,-87.6411569,250,transit,41.88195670000001,-87.6410001,Madison & Clinton (Metra),,,,,,platform,,
Clinton St & Washington Blvd,7856,41.8834683,-87.6411569,250,food_drink,41.885508599999994,-87.6434935,Subway,fast_food,,,,,,,
Clinton St & Washington Blvd,7856,41.8834683,-87.6411569,250,office,41.8834385,-87.6387678,BMW Technology Corporation,,,,company,,,,
Clinton St & Washington Blvd,7856,41.8834683,-87.6411569,250,transit,41.8830598,-87.6399961,Washington & Canal (Metra),,,,,,platform,,
Clinton St & Washington Blvd,7856,41.8834683,-87.6411569,250,transit,41.8842811,-87.6397,Canal & Randolph,,,,,,platform,,
Clinton St & Washington Blvd,7856,41.8834683,-87.6411569,250,food_drink,41.883943,-87.6425174,Sepia,restaurant,,,,,,,
Clinton St & Washington Blvd,7856,41.8834683,-87.6411569,250,transit,41.883334999999995,-87.6413486,Clinton & Washington,,,,,,platform,,
Clinton St & Washington Blvd,7856,41.8834683,-87.6411569,250,transit,41.8833851,-87.6398971,Canal & Randolph/Washington (Metra),,,,,,platform,,
Clinton St & Washington Blvd,7856,41.8834683,-87.6411569,250,food_drink,41.8842277,-87.6433844,avec,restaurant,,,,,,,
Clinton St & Washington Blvd,7856,41.8834683,-87.6411569,250,food_drink,41.884037899999996,-87.6408218,Aloha Pokē Co,fast_food,,,,,,,
Clinton St & Washington Blvd,7856,41.8834683,-87.6411569,250,food_drink,41.88388239999999,-87.6406455,Vanille Patisserie,cafe,,,,,,,
Clinton St & Washington Blvd,7856,41.8834683,-87.6411569,250,food_drink,41.884667,-87.6421354,CH Distillery,bar,,,,,,,
Clinton St & Washington Blvd,7856,41.8834683,-87.6411569,250,food_drink,41.88558739999999,-87.6421454,Saigon Sisters,restaurant,,,,,,,
Clinton St & Washington Blvd,7856,41.8834683,-87.6411569,250,food_drink,41.8855131,-87.6437809,Sarpino's Pizzeria,fast_food,,,,,,,
Clinton St & Washington Blvd,7856,41.8834683,-87.6411569,250,food_drink,41.884278599999995,-87.6424715,Proxi,restaurant,,,,,,,
Clinton St & Washington Blvd,7856,41.8834683,-87.6411569,250,food_drink,41.88240239999999,-87.6414689,Slightly Toasted,restaurant,,,,,,,
Clinton St & Washington Blvd,7856,41.8834683,-87.6411569,250,tourism,41.88362909999999,-87.643003,Hampton Inn Chicago West Loop Fulton Market Area,,,hotel,,,,,
Clinton St & Washington Blvd,7856,41.8834683,-87.6411569,250,office,41.88271060000001,-87.6416211,BMW Technology,,,,company,,,,
Clinton St & Washington Blvd,7856,41.8834683,-87.6411569,250,food_drink,41.8812924,-87.6413733,Naf Naf Grill,restaurant,,,,,,,
Clinton St & Washington Blvd,7856,41.8834683,-87.6411569,250,food_drink,41.883003200000005,-87.64153030000001,Starbucks,cafe,,,,,,,
Clinton St & Washington Blvd,7856,41.8834683,-87.6411569,250,transit,41.88157129999999,-87.6412867,Clinton & Madison (Metra),,,,,,platform,,
Clinton St & Washington Blvd,7856,41.8834683,-87.6411569,250,food_drink,41.8852805,-87.6382107,Porter Kitchen & Deck,bar,,,,,,,
Clinton St & Washington Blvd,7856,41.8834683,-87.6411569,250,transit,41.88183719999999,-87.6431,Madison & Jefferson,,,,,,stop_position,,
Clinton St & Washington Blvd,7856,41.8834683,-87.6411569,250,transit,41.8830185,-87.64270330000001,Jefferson & Washington,,,,,,stop_position,,
Clinton St & Washington Blvd,7856,41.8834683,-87.6411569,250,transit,41.883190699999986,-87.6429955,Washington & Jefferson,,,,,,stop_position,,
Clinton St & Washington Blvd,7856,41.8834683,-87.6411569,250,transit,41.881870799999994,-87.6409472,Madison & Clinton (Metra),,,,,,stop_position,,
Clinton St & Washington Blvd,7856,41.8834683,-87.6411569,250,transit,41.88317839999999,-87.6399961,Washington & Canal (Metra),,,,,,stop_position,,
Clinton St & Washington Blvd,7856,41.8834683,-87.6411569,250,food_drink,41.88461180000001,-87.6424952,Alla Vita,restaurant,,,,,,,
Clinton St & Washington Blvd,7856,41.8834683,-87.6411569,250,food_drink,41.882350599999995,-87.64040689999999,Boxcar Betty’s,restaurant,,,,,,,
Clinton St & Washington Blvd,7856,41.8834683,-87.6411569,250,food_drink,41.8823495,-87.6403415,Cinnabon,fast_food,,,,,,,
Clinton St & Washington Blvd,7856,41.8834683,-87.6411569,250,food_drink,41.8836857,-87.6395246,Doughnut Vault - Canal St.,cafe,,,,,,,
Clinton St & Washington Blvd,7856,41.8834683,-87.6411569,250,retail,41.88388150000001,-87.63953390000002,Steffens Cafe & Bakery,,bakery,,,,,,
Clinton St & Washington Blvd,7856,41.8834683,-87.6411569,250,food_drink,41.88512329999999,-87.6423413,Wishbone,restaurant,,,,,,,
Clinton St & Washington Blvd,7856,41.8834683,-87.6411569,250,food_drink,41.88230990000001,-87.6404179,Madison Tavern,bar,,,,,,,
Clinton St & Washington Blvd,7856,41.8834683,-87.6411569,250,retail,41.885581699999996,-87.6423079,7-Eleven,,convenience,,,,,,
Clinton St & Washington Blvd,7856,41.8834683,-87.6411569,250,other_amenity,41.8855189,-87.6423795,Ventra,vending_machine,,,,,,,
Clinton St & Washington Blvd,7856,41.8834683,-87.6411569,250,other_amenity,41.88271329999999,-87.6407895,Ventra,vending_machine,,,,,,,
Clinton St & Washington Blvd,7856,41.8834683,-87.6411569,250,transit,41.8820274,-87.6412295,Clinton & Madison (Metra),,,,,,stop_position,,
Clinton St & Washington Blvd,7856,41.8834683,-87.6411569,250,transit,41.88378729999999,-87.6405272,Ogilvie Transportation Center,,,,,,station,station,
Clinton St & Washington Blvd,7856,41.8834683,-87.6411569,250,other_amenity,41.882723199999994,-87.6402007,Metra,vending_machine,,,,,,,
Clinton St & Washington Blvd,7856,41.8834683,-87.6411569,250,other_amenity,41.88374469999999,-87.640528,Metra,vending_machine,,,,,,,
Clinton St & Washington Blvd,7856,41.8834683,-87.6411569,250,other_amenity,41.882723199999994,-87.6404984,Metra,vending_machine,,,,,,,
Clinton St & Washington Blvd,7856,41.8834683,-87.6411569,250,transit,41.88158310000001,-87.6411985,Clinton & Madison (Metra),,,,,,stop_position,,
Clinton St & Washington Blvd,7856,41.8834683,-87.6411569,250,transit,41.88220359999998,-87.6397144,Canal & Madison (Metra),,,,,,stop_position,,
Clinton St & Washington Blvd,7856,41.8834683,-87.6411569,250,food_drink,41.88250459999999,-87.6406759,Dunkin',fast_food,,,,,,,
Clinton St & Washington Blvd,7856,41.8834683,-87.6411569,250,other_amenity,41.8814957,-87.6427999,,parking_entrance,,,,,,,
Clinton St & Washington Blvd,7856,41.8834683,-87.6411569,250,tourism,41.883767799999994,-87.6430103,Homewood Suites West Loop Fulton Market Area,,,hotel,,,,,
Clinton St & Washington Blvd,7856,41.8834683,-87.6411569,250,food_drink,41.8825008,-87.6408249,Taco Bell,fast_food,,,,,,,
Clinton St & Washington Blvd,7856,41.8834683,-87.6411569,250,food_drink,41.8826018,-87.6408302,Popeyes,fast_food,,,,,,,
Clinton St & Washington Blvd,7856,41.8834683,-87.6411569,250,food_drink,41.88260989999999,-87.6405661,Halsted Street Deli,fast_food,,,,,,,
Clinton St & Washington Blvd,7856,41.8834683,-87.6411569,250,transit,41.88549529999998,-87.6414216,,,,,,,,subway_entrance,
Clinton St & Washington Blvd,7856,41.8834683,-87.6411569,250,transit,41.885460300000005,-87.641211,,,,,,,,subway_entrance,
Clinton St & Washington Blvd,7856,41.8834683,-87.6411569,250,other_amenity,41.8832993,-87.63897320000001,,parking_entrance,,,,,,,
Clinton St & Washington Blvd,7856,41.8834683,-87.6411569,250,food_drink,41.88261440000001,-87.6400178,Benj Yehuda,fast_food,,,,,,,
Clinton St & Washington Blvd,7856,41.8834683,-87.6411569,250,other_amenity,41.8839811,-87.6413693,,bicycle_parking,,,,,,,
Clinton St & Washington Blvd,7856,41.8834683,-87.6411569,250,other_amenity,41.8839414,-87.64138,,bicycle_parking,,,,,,,
Clinton St & Washington Blvd,7856,41.8834683,-87.6411569,250,other_amenity,41.883916,-87.6411571,,bicycle_parking,,,,,,,
Clinton St & Washington Blvd,7856,41.8834683,-87.6411569,250,food_drink,41.88241060000001,-87.6404265,Starbucks,cafe,,,,,,,
Clinton St & Washington Blvd,7856,41.8834683,-87.6411569,250,office,41.88381259999999,-87.6416825,events.org,,,,company,,,,
Clinton St & Washington Blvd,7856,41.8834683,-87.6411569,250,transit,41.8818902,-87.6390769,,,,,,,stop_position,,
Clinton St & Washington Blvd,7856,41.8834683,-87.6411569,250,other_amenity,41.88451969999999,-87.6428969,,waste_basket,,,,,,,
Clinton St & Washington Blvd,7856,41.8834683,-87.6411569,250,other_amenity,41.884782799999996,-87.6428535,,bicycle_parking,,,,,,,
Clinton St & Washington Blvd,7856,41.8834683,-87.6411569,250,other_amenity,41.88559969999999,-87.6428855,,waste_basket,,,,,,,
Clinton St & Washington Blvd,7856,41.8834683,-87.6411569,250,health,41.883348899999994,-87.6422416,Presidential Dental Associates,dentist,,,,,,,dentist
Clinton St & Washington Blvd,7856,41.8834683,-87.6411569,250,food_drink,41.882683,-87.64147,Asadito,restaurant,,,,,,,
Clinton St & Washington Blvd,7856,41.8834683,-87.6411569,250,food_drink,41.885526000000006,-87.6430092,Taqueria Mexicana,restaurant,,,,,,,
Clinton St & Washington Blvd,7856,41.8834683,-87.6411569,250,recreation,41.885095699999994,-87.6440228,TRAIN MOMENT,,,,,fitness_centre,,,
Clinton St & Washington Blvd,7856,41.8834683,-87.6411569,250,food_drink,41.88460119999999,-87.6421385,Jinsei Motto,restaurant,,,,,,,
Clinton St & Washington Blvd,7856,41.8834683,-87.6411569,250,other_amenity,41.884664799999996,-87.6390359,,parking_entrance,,,,,,,
Clinton St & Washington Blvd,7856,41.8834683,-87.6411569,250,other_amenity,41.88507849999999,-87.63912880000001,,loading_dock,,,,,,,
Clinton St & Washington Blvd,7856,41.8834683,-87.6411569,250,other_amenity,41.885178,-87.6391308,,parking_entrance,,,,,,,
Clinton St & Washington Blvd,7856,41.8834683,-87.6411569,250,other_amenity,41.88528449999998,-87.639133,,parking_entrance,,,,,,,
Clinton St & Washington Blvd,7856,41.8834683,-87.6411569,250,other_amenity,41.884978999999994,-87.6391268,,parking_entrance,,,,,,,
Clinton St & Washington Blvd,7856,41.8834683,-87.6411569,250,other_amenity,41.8848709,-87.6391246,,parking_entrance,,,,,,,
Clinton St & Washington Blvd,7856,41.8834683,-87.6411569,250,other_amenity,41.88548829999999,-87.639054,,parking_entrance,,,,,,,
Clinton St & Washington Blvd,7856,41.8834683,-87.6411569,250,other_amenity,41.88554939999999,-87.6396996,,parking_entrance,,,,,,,
Clinton St & Washington Blvd,7856,41.8834683,-87.6411569,250,other_amenity,41.8852901,-87.6396942,,parking_entrance,,,,,,,
Clinton St & Washington Blvd,7856,41.8834683,-87.6411569,250,other_amenity,41.885232800000004,-87.63969300000001,,parking_entrance,,,,,,,
Clinton St & Washington Blvd,7856,41.8834683,-87.6411569,250,retail,41.884935699999986,-87.6396578,,,dry_cleaning,,,,,,
Clinton St & Washington Blvd,7856,41.8834683,-87.6411569,250,retail,41.884876699999985,-87.6396555,,,beauty,,,,,,
Clinton St & Washington Blvd,7856,41.8834683,-87.6411569,250,other_amenity,41.88434349999999,-87.63898059999998,,parking_entrance,,,,,,,
Clinton St & Washington Blvd,7856,41.8834683,-87.6411569,250,other_amenity,41.8830768,-87.6391633,,parking_entrance,,,,,,,
Clinton St & Washington Blvd,7856,41.8834683,-87.6411569,250,other_amenity,41.8830764,-87.6392231,,parking_entrance,,,,,,,
Clinton St & Washington Blvd,7856,41.8834683,-87.6411569,250,other_amenity,41.88463799999999,-87.6441188,,waste_basket,,,,,,,
Clinton St & Washington Blvd,7856,41.8834683,-87.6411569,250,other_amenity,41.8846616,-87.644122,,bicycle_parking,,,,,,,
Clinton St & Washington Blvd,7856,41.8834683,-87.6411569,250,other_amenity,41.88428830000001,-87.6440933,,post_box,,,,,,,
Clinton St & Washington Blvd,7856,41.8834683,-87.6411569,250,transit,41.882427799999995,-87.6386,Ogilvie / Union (West Loop),ferry_terminal,,,,,station,,
Clinton St & Washington Blvd,7856,41.8834683,-87.6411569,250,food_drink,41.8830549,-87.6388248,Potbelly,fast_food,,,,,,,
Clinton St & Washington Blvd,7856,41.8834683,-87.6411569,250,other_amenity,41.882749300000015,-87.6395388,,loading_dock,,,,,,,
Clinton St & Washington Blvd,7856,41.8834683,-87.6411569,250,other_amenity,41.8825476,-87.6395332,,loading_dock,,,,,,,
Clinton St & Washington Blvd,7856,41.8834683,-87.6411569,250,food_drink,41.88202499999999,-87.639492,The Outpost Mexican Eatery,restaurant,,,,,,,
Clinton St & Washington Blvd,7856,41.8834683,-87.6411569,250,other_amenity,41.8812508,-87.63944630000002,,loading_dock,,,,,,,
Clinton St & Washington Blvd,7856,41.8834683,-87.6411569,250,other_amenity,41.88405429999999,-87.6426235,,bicycle_parking,,,,,,,
Clinton St & Washington Blvd,7856,41.8834683,-87.6411569,250,other_amenity,41.8843631,-87.64194060000001,,bicycle_parking,,,,,,,
Clinton St & Washington Blvd,7856,41.8834683,-87.6411569,250,other_amenity,41.8845076,-87.642284,,bicycle_parking,,,,,,,
Clinton St & Washington Blvd,7856,41.8834683,-87.6411569,250,other_amenity,41.88450859999999,-87.6424874,,bicycle_parking,,,,,,,
Clinton St & Washington Blvd,7856,41.8834683,-87.6411569,250,other_amenity,41.8821027,-87.6413199,,bicycle_parking,,,,,,,
Clinton St & Washington Blvd,7856,41.8834683,-87.6411569,250,other_amenity,41.8820887,-87.6411045,,bicycle_parking,,,,,,,
Clinton St & Washington Blvd,7856,41.8834683,-87.6411569,250,other_amenity,41.8820231,-87.6411028,,waste_basket,,,,,,,
Clinton St & Washington Blvd,7856,41.8834683,-87.6411569,250,other_amenity,41.881518899999996,-87.6410787,,bicycle_parking,,,,,,,
Clinton St & Washington Blvd,7856,41.8834683,-87.6411569,250,other_amenity,41.88569700000001,-87.6412999,,ticket_validator,,,,,,,
Clinton St & Washington Blvd,7856,41.8834683,-87.6411569,250,transit,41.8856316,-87.6411866,,,,,,,,subway_entrance,
Clinton St & Washington Blvd,7856,41.8834683,-87.6411569,250,retail,41.8838989,-87.6415232,Massage Evolved,,massage,,,,,,
Clinton St & Washington Blvd,7856,41.8834683,-87.6411569,250,transit,41.883390399999996,-87.6398402,Canal & Randolph/Washington (Metra),,,,,,stop_position,,
Clinton St & Washington Blvd,7856,41.8834683,-87.6411569,250,other_amenity,41.88450310000001,-87.6440394,,bicycle_parking,,,,,,,
Clinton St & Washington Blvd,7856,41.8834683,-87.6411569,250,other_amenity,41.8850372,-87.6441696,,bicycle_parking,,,,,,,
Clinton St & Washington Blvd,7856,41.8834683,-87.6411569,250,other_amenity,41.88132019999999,-87.6398037,,bicycle_parking,,,,,,,
Clinton St & Washington Blvd,7856,41.8834683,-87.6411569,250,other_amenity,41.88153739999999,-87.6395532,,bicycle_parking,,,,,,,
Clinton St & Washington Blvd,7856,41.8834683,-87.6411569,250,other_amenity,41.88180959999999,-87.63942279999999,,bicycle_parking,,,,,,,
Clinton St & Washington Blvd,7856,41.8834683,-87.6411569,250,other_amenity,41.881973099999996,-87.6400861,,bicycle_parking,,,,,,,
Clinton St & Washington Blvd,7856,41.8834683,-87.6411569,250,other_amenity,41.881964599999996,-87.6406609,,bicycle_parking,,,,,,,
Clinton St & Washington Blvd,7856,41.8834683,-87.6411569,250,other_amenity,41.881763,-87.6423866,,bicycle_parking,,,,,,,
Clinton St & Washington Blvd,7856,41.8834683,-87.6411569,250,other_amenity,41.881919100000005,-87.6429197,,post_box,,,,,,,
Clinton St & Washington Blvd,7856,41.8834683,-87.6411569,250,other_amenity,41.88325119999999,-87.6421546,,bicycle_parking,,,,,,,
Clinton St & Washington Blvd,7856,41.8834683,-87.6411569,250,transit,41.88427109999999,-87.6397862,Canal & Randolph,,,,,,stop_position,,
Clinton St & Washington Blvd,7856,41.8834683,-87.6411569,250,transit,41.8833551,-87.6412739,Clinton & Washington,,,,,,stop_position,,
Clinton St & Washington Blvd,7856,41.8834683,-87.6411569,250,other_amenity,41.88353209999999,-87.6428224,,bicycle_parking,,,,,,,
Clinton St & Washington Blvd,7856,41.8834683,-87.6411569,250,other_amenity,41.885639999999995,-87.6430711,,bicycle_parking,,,,,,,
Clinton St & Washington Blvd,7856,41.8834683,-87.6411569,250,other_amenity,41.88560059999999,-87.6432727,,parking_entrance,,,,,,,
Clinton St & Washington Blvd,7856,41.8834683,-87.6411569,250,retail,41.8855102,-87.6435932,The UPS Store,post_office,copyshop,,,,,,
Clinton St & Washington Blvd,7856,41.8834683,-87.6411569,250,other_amenity,41.8852952,-87.6414072,,post_box,,,,,,,
Clinton St & Washington Blvd,7856,41.8834683,-87.6411569,250,other_amenity,41.88524759999999,-87.6414077,,bicycle_parking,,,,,,,
Clinton St & Washington Blvd,7856,41.8834683,-87.6411569,250,other_amenity,41.88515799999999,-87.6414034,,bicycle_parking,,,,,,,
Clinton St & Washington Blvd,7856,41.8834683,-87.6411569,250,other_amenity,41.885227799999996,-87.6399886,,parking_entrance,,,,,,,
Clinton St & Washington Blvd,7856,41.8834683,-87.6411569,250,food_drink,41.8826017,-87.6407102,Great Steak,fast_food,,,,,,,
Clinton St & Washington Blvd,7856,41.8834683,-87.6411569,250,food_drink,41.8829733,-87.6393754,Dunkin',fast_food,,,,,,,
Clinton St & Washington Blvd,7856,41.8834683,-87.6411569,250,recreation,41.8814572,-87.6415963,Fitness Formula Clubs (FFC),,,,,fitness_centre,,,
Clinton St & Washington Blvd,7856,41.8834683,-87.6411569,250,retail,41.8816888,-87.64167140000002,Great Clips,,hairdresser,,,,,,
Clinton St & Washington Blvd,7856,41.8834683,-87.6411569,250,other_amenity,41.881815599999996,-87.6389929,,bicycle_parking,,,,,,,
Clinton St & Washington Blvd,7856,41.8834683,-87.6411569,250,other_amenity,41.8853916,-87.64120360000001,,bicycle_parking,,,,,,,
Clinton St & Washington Blvd,7856,41.8834683,-87.6411569,250,retail,41.88404740000001,-87.6429692,Primitive,,antiques,,,,,,
Clinton St & Washington Blvd,7856,41.8834683,-87.6411569,250,other_amenity,41.88360879999999,-87.6426201,,bicycle_parking,,,,,,,
Clinton St & Washington Blvd,7856,41.8834683,-87.6411569,250,retail,41.885511799999996,-87.6436998,eyelashworks,,beauty,,,,,,
Clinton St & Washington Blvd,7856,41.8834683,-87.6411569,250,other_amenity,41.8856374,-87.6424972,,bicycle_parking,,,,,,,
Clinton St & Washington Blvd,7856,41.8834683,-87.6411569,250,other_amenity,41.88563579999999,-87.6415357,,bicycle_parking,,,,,,,
Clinton St & Washington Blvd,7856,41.8834683,-87.6411569,250,other_amenity,41.8830559,-87.6398679,,waste_basket,,,,,,,
Clinton St & Washington Blvd,7856,41.8834683,-87.6411569,250,other_amenity,41.884574699999995,-87.6413798,,waste_basket,,,,,,,
Clinton St & Washington Blvd,7856,41.8834683,-87.6411569,250,other_amenity,41.8845865,-87.6411699,,waste_basket,,,,,,,
Clinton St & Washington Blvd,7856,41.8834683,-87.6411569,250,other_amenity,41.8836342,-87.6411537,,bicycle_parking,,,,,,,
Clinton St & Washington Blvd,7856,41.8834683,-87.6411569,250,other_amenity,41.88334470000001,-87.641146,,waste_basket,,,,,,,
Clinton St & Washington Blvd,7856,41.8834683,-87.6411569,250,other_amenity,41.88330080000001,-87.6413514,,waste_basket,,,,,,,
Clinton St & Washington Blvd,7856,41.8834683,-87.6411569,250,other_amenity,41.88176349999999,-87.6395638,,waste_basket,,,,,,,
Clinton St & Washington Blvd,7856,41.8834683,-87.6411569,250,other_amenity,41.8821033,-87.6395891,,waste_basket,,,,,,,
Clinton St & Washington Blvd,7856,41.8834683,-87.6411569,250,other_amenity,41.8830121,-87.6396078,,waste_basket,,,,,,,
Clinton St & Washington Blvd,7856,41.8834683,-87.6411569,250,other_amenity,41.8830293,-87.6427997,,waste_basket,,,,,,,
Clinton St & Washington Blvd,7856,41.8834683,-87.6411569,250,other_amenity,41.88305059999999,-87.6403674,,bicycle_parking,,,,,,,
Clinton St & Washington Blvd,7856,41.8834683,-87.6411569,250,other_amenity,41.88305430000001,-87.64022,,bicycle_parking,,,,,,,
Clinton St & Washington Blvd,7856,41.8834683,-87.6411569,250,other_amenity,41.88305489999999,-87.6402753,,bicycle_parking,,,,,,,
Clinton St & Washington Blvd,7856,41.8834683,-87.6411569,250,other_amenity,41.8830543,-87.6404822,,bicycle_parking,,,,,,,
Clinton St & Washington Blvd,7856,41.8834683,-87.6411569,250,other_amenity,41.8830442,-87.6426053,,waste_basket,,,,,,,
Clinton St & Washington Blvd,7856,41.8834683,-87.6411569,250,other_amenity,41.88327979999999,-87.6426097,,waste_basket,,,,,,,
Clinton St & Washington Blvd,7856,41.8834683,-87.6411569,250,other_amenity,41.88326609999999,-87.6417119,,bicycle_parking,,,,,,,
Clinton St & Washington Blvd,7856,41.8834683,-87.6411569,250,other_amenity,41.883089,-87.6414522,,bicycle_parking,,,,,,,
Clinton St & Washington Blvd,7856,41.8834683,-87.6411569,250,other_amenity,41.88223510000001,-87.6413755,,atm,,,,,,,
Clinton St & Washington Blvd,7856,41.8834683,-87.6411569,250,other_amenity,41.88203289999999,-87.6413088,,waste_basket,,,,,,,
Clinton St & Washington Blvd,7856,41.8834683,-87.6411569,250,other_amenity,41.883293999999985,-87.6428084,,waste_basket,,,,,,,
Clinton St & Washington Blvd,7856,41.8834683,-87.6411569,250,other_amenity,41.88173220000001,-87.6399369,,bicycle_parking,,,,,,,
Clinton St & Washington Blvd,7856,41.8834683,-87.6411569,250,other_amenity,41.8817628,-87.6398168,,waste_basket,,,,,,,
Clinton St & Washington Blvd,7856,41.8834683,-87.6411569,250,other_amenity,41.88200309999999,-87.6398367,,waste_basket,,,,,,,
Clinton St & Washington Blvd,7856,41.8834683,-87.6411569,250,other_amenity,41.8839509,-87.6429604,,parking_entrance,,,,,,,
Clinton St & Washington Blvd,7856,41.8834683,-87.6411569,250,other_amenity,41.8845417,-87.6436244,,parking_entrance,,,,,,,
Clinton St & Washington Blvd,7856,41.8834683,-87.6411569,250,other_amenity,41.8817178,-87.6427624,,waste_basket,,,,,,,
Clinton St & Washington Blvd,7856,41.8834683,-87.6411569,250,recreation,41.8816324,-87.6413381,,,,,,outdoor_seating,,,
Clinton St & Washington Blvd,7856,41.8834683,-87.6411569,250,recreation,41.881269799999984,-87.6412788,,,,,,outdoor_seating,,,
Clinton St & Washington Blvd,7856,41.8834683,-87.6411569,250,food_drink,41.88259500000001,-87.6409067,Polombia,restaurant,,,,,,,
Clinton St & Washington Blvd,7856,41.8834683,-87.6411569,250,other_amenity,41.8843577,-87.6430423,,bicycle_parking,,,,,,,
Clinton St & Washington Blvd,7856,41.8834683,-87.6411569,250,other_amenity,41.8843097,-87.6428344,,bicycle_parking,,,,,,,
Clinton St & Washington Blvd,7856,41.8834683,-87.6411569,250,other_amenity,41.88306779999999,-87.6417518,,parking_entrance,,,,,,,
Clinton St & Washington Blvd,7856,41.8834683,-87.6411569,250,other_amenity,41.88290129999999,-87.6419094,,loading_dock,,,,,,,
Clinton St & Washington Blvd,7856,41.8834683,-87.6411569,250,recreation,41.88332009999999,-87.64211220000001,LRO Fitness,,,,,fitness_centre,,,
Clinton St & Washington Blvd,7856,41.8834683,-87.6411569,250,retail,41.8839884,-87.640646,Suarez Market,,convenience,,,,,,
Clinton St & Washington Blvd,7856,41.8834683,-87.6411569,250,food_drink,41.884037299999996,-87.6409374,Clinton St Smoked Meats,restaurant,,,,,,,
Clinton St & Washington Blvd,7856,41.8834683,-87.6411569,250,food_drink,41.884060299999994,-87.6410336,Retro Pizza,fast_food,,,,,,,
Clinton St & Washington Blvd,7856,41.8834683,-87.6411569,250,food_drink,41.88408969999998,-87.6409381,Lito's Empanadas,restaurant,,,,,,,
Clinton St & Washington Blvd,7856,41.8834683,-87.6411569,250,food_drink,41.8840731,-87.6406165,Suarez Brothers Fry Shack & Bar,fast_food,,,,,,,
Clinton St & Washington Blvd,7856,41.8834683,-87.6411569,250,food_drink,41.884099500000005,-87.6406518,Saigon Sisters,restaurant,,,,,,,
Clinton St & Washington Blvd,7856,41.8834683,-87.6411569,250,food_drink,41.88410809999999,-87.6405922,K Kitchen,restaurant,,,,,,,
Clinton St & Washington Blvd,7856,41.8834683,-87.6411569,250,food_drink,41.884176499999995,-87.64057790000001,Mochinut,fast_food,,,,,,,
Clinton St & Washington Blvd,7856,41.8834683,-87.6411569,250,other_amenity,41.883271,-87.6394131,,bicycle_parking,,,,,,,
Clinton St & Washington Blvd,7856,41.8834683,-87.6411569,250,other_amenity,41.883116399999984,-87.6388694,,bicycle_parking,,,,,,,
Clinton St & Washington Blvd,7856,41.8834683,-87.6411569,250,food_drink,41.884142,-87.6406508,Buen Apetito,fast_food,,,,,,,
Clinton St & Washington Blvd,7856,41.8834683,-87.6411569,250,retail,41.8841767,-87.6406227,Vertige,,bakery,,,,,,
Clinton St & Washington Blvd,7856,41.8834683,-87.6411569,250,food_drink,41.88417459999999,-87.6408316,Panlasa,restaurant,,,,,,,
Clinton St & Washington Blvd,7856,41.8834683,-87.6411569,250,food_drink,41.8841719,-87.6409227,Cubano Bros,fast_food,,,,,,,
Clinton St & Washington Blvd,7856,41.8834683,-87.6411569,250,retail,41.88410129999999,-87.6410355,Bill's Olive Oil,,deli,,,,,,
Clinton St & Washington Blvd,7856,41.8834683,-87.6411569,250,retail,41.88411599999999,-87.640921,Barking Spot Bakery,,pet,,,,,,
Clinton St & Washington Blvd,7856,41.8834683,-87.6411569,250,food_drink,41.884118799999996,-87.6407152,Firenze,fast_food,,,,,,,
Clinton St & Washington Blvd,7856,41.8834683,-87.6411569,250,food_drink,41.884145899999986,-87.6407165,B.I. Tea & Dim Sum,cafe,,,,,,,
Clinton St & Washington Blvd,7856,41.8834683,-87.6411569,250,food_drink,41.884144699999986,-87.64077400000001,Blue Spot Sushi,restaurant,,,,,,,
Clinton St & Washington Blvd,7856,41.8834683,-87.6411569,250,other_amenity,41.8856503,-87.6412223,Ventra,vending_machine,,,,,,,
Clinton St & Washington Blvd,7856,41.8834683,-87.6411569,250,other_amenity,41.8842095,-87.6406561,Water Fountain (next to Metra ticket window),drinking_water,,,,,,,
Clinton St & Washington Blvd,7856,41.8834683,-87.6411569,250,other_amenity,41.8843819,-87.6385533,,waste_basket,,,,,,,
Clinton St & Washington Blvd,7856,41.8834683,-87.6411569,250,other_amenity,41.88438459999999,-87.6385737,,bicycle_parking,,,,,,,
Clinton St & Washington Blvd,7856,41.8834683,-87.6411569,250,other_amenity,41.884382699999996,-87.6386383,,bicycle_parking,,,,,,,
Clinton St & Washington Blvd,7856,41.8834683,-87.6411569,250,other_amenity,41.8845409,-87.638746,,bicycle_parking,,,,,,,
Clinton St & Washington Blvd,7856,41.8834683,-87.6411569,250,other_amenity,41.8843126,-87.6397044,,waste_basket,,,,,,,
Clinton St & Washington Blvd,7856,41.8834683,-87.6411569,250,other_amenity,41.884577,-87.6399239,,waste_basket,,,,,,,
Clinton St & Washington Blvd,7856,41.8834683,-87.6411569,250,other_amenity,41.88434389999999,-87.6399298,,waste_basket,,,,,,,
Clinton St & Washington Blvd,7856,41.8834683,-87.6411569,250,tourism,41.88460379999999,-87.6393207,Museum of Broadcast Communications,,,museum,,,,,
Clinton St & Washington Blvd,7856,41.8834683,-87.6411569,250,other_amenity,41.88518210000001,-87.639987,,parking_entrance,,,,,,,
Clinton St & Washington Blvd,7856,41.8834683,-87.6411569,250,other_amenity,41.8852074,-87.6411546,,parking_entrance,,,,,,,
Clinton St & Washington Blvd,7856,41.8834683,-87.6411569,250,other_amenity,41.885164,-87.6411534,,parking_entrance,,,,,,,
Clinton St & Washington Blvd,7856,41.8834683,-87.6411569,250,other_amenity,41.884339999999995,-87.6404731,,loading_dock,,,,,,,
Clinton St & Washington Blvd,7856,41.8834683,-87.6411569,250,other_amenity,41.88433799999999,-87.6406146,,loading_dock,,,,,,,
Clinton St & Washington Blvd,7856,41.8834683,-87.6411569,250,other_amenity,41.88434060000001,-87.6403278,,loading_dock,,,,,,,
Clinton St & Washington Blvd,7856,41.8834683,-87.6411569,250,other_amenity,41.88433640000001,-87.6409034,,loading_dock,,,,,,,
Clinton St & Washington Blvd,7856,41.8834683,-87.6411569,250,food_drink,41.88406949999999,-87.6409378,Thimi’s Empanadas,fast_food,,,,,,,
Clinton St & Washington Blvd,7856,41.8834683,-87.6411569,250,retail,41.884073,-87.64085800000001,Fresco Delicioso,,pastry,,,,,,
Clinton St & Washington Blvd,7856,41.8834683,-87.6411569,250,food_drink,41.88409039999999,-87.6407132,Klay Oven Kitchen,fast_food,,,,,,,
Clinton St & Washington Blvd,7856,41.8834683,-87.6411569,250,food_drink,41.8841424,-87.64059319999998,Paiges,fast_food,,,,,,,
Clinton St & Washington Blvd,7856,41.8834683,-87.6411569,250,food_drink,41.88417579999999,-87.6407755,Bell Heirs BBQ,restaurant,,,,,,,
Clinton St & Washington Blvd,7856,41.8834683,-87.6411569,250,food_drink,41.88417629999999,-87.6407186,Righteous Kitchen,restaurant,,,,,,,
Clinton St & Washington Blvd,7856,41.8834683,-87.6411569,250,tourism,41.884127899999996,-87.6409606,Information,,,information,,,,,
Clinton St & Washington Blvd,7856,41.8834683,-87.6411569,250,other_amenity,41.88191909999999,-87.6429363,,post_box,,,,,,,
Clinton St & Washington Blvd,7856,41.8834683,-87.6411569,250,other_amenity,41.8845175,-87.6424063,,post_box,,,,,,,
Clinton St & Washington Blvd,7856,41.8834683,-87.6411569,250,office,41.88540289999999,-87.6422798,Ventra Customer Support Center,,,,transport,,,,
Clinton St & Washington Blvd,7856,41.8834683,-87.6411569,250,transit,41.88399450023714,-87.64103922166923,,,,,,,platform,platform,
Clinton St & Washington Blvd,7856,41.8834683,-87.6411569,250,transit,41.88413890871948,-87.64089974572244,,,,,,,platform,platform,
Clinton St & Washington Blvd,7856,41.8834683,-87.6411569,250,transit,41.884247155655665,-87.64076347985693,,,,,,,platform,platform,
Clinton St & Washington Blvd,7856,41.8834683,-87.6411569,250,transit,41.884099117229454,-87.64061148039818,,,,,,,platform,platform,
Clinton St & Washington Blvd,7856,41.8834683,-87.6411569,250,transit,41.88397666167115,-87.64046417459053,,,,,,,platform,platform,
Clinton St & Washington Blvd,7856,41.8834683,-87.6411569,250,transit,41.88375972557573,-87.64031147244259,,,,,,,platform,platform,
Clinton St & Washington Blvd,7856,41.8834683,-87.6411569,250,transit,41.88377133919967,-87.64016983756635,,,,,,,platform,platform,
Clinton St & Washington Blvd,7856,41.8834683,-87.6411569,250,transit,41.883748165032216,-87.64002505660527,,,,,,,platform,platform,
Clinton St & Washington Blvd,7856,41.8834683,-87.6411569,250,office,41.88244603493443,-87.64341049354519,Harold Washington Social Security Center,,,,government,,,,
Clinton St & Washington Blvd,7856,41.8834683,-87.6411569,250,other_amenity,41.88241826733373,-87.64230253410132,,parking,,,,,,,
Clinton St & Washington Blvd,7856,41.8834683,-87.6411569,250,office,41.88149127147921,-87.64020125544778,AT&T,,,,telecommunication,,,,
Clinton St & Washington Blvd,7856,41.8834683,-87.6411569,250,transit,41.88567364807521,-87.64186334964508,,,,,,,platform,platform,
Clinton St & Washington Blvd,7856,41.8834683,-87.6411569,250,office,41.8833855502971,-87.64313220001586,IBEW 134,,,,union,,,,
Clinton St & Washington Blvd,7856,41.8834683,-87.6411569,250,office,41.88528516500242,-87.64234466772426,Chicago Transit Authority Headquarters,,,,company,,,,
Clinton St & Washington Blvd,7856,41.8834683,-87.6411569,250,office,41.88352247727794,-87.64168295150169,Zurich,,,,insurance,,,,
Clinton St & Washington Blvd,7856,41.8834683,-87.6411569,250,food_drink,41.8855073642675,-87.6419777252961,Dunkin',fast_food,,,,,,,
Clinton St & Washington Blvd,7856,41.8834683,-87.6411569,250,transit,41.88031378322341,-87.6393833230786,,,,,,,platform,platform,
Clinton St & Washington Blvd,7856,41.8834683,-87.6411569,250,transit,41.88016137966993,-87.63956834354447,,,,,,,platform,platform,
Clinton St & Washington Blvd,7856,41.8834683,-87.6411569,250,transit,41.88065496094194,-87.63890009085605,,,,,,,platform,platform,
Clinton St & Washington Blvd,7856,41.8834683,-87.6411569,250,transit,41.88031049664176,-87.6390596601712,,,,,,,platform,platform,
Clinton St & Washington Blvd,7856,41.8834683,-87.6411569,250,transit,41.88033059641015,-87.63922675295612,,,,,,,platform,platform,
Clinton St & Washington Blvd,7856,41.8834683,-87.6411569,250,other_amenity,41.88138874390729,-87.64339513111315,Presidential Towers Garage,parking,,,,,,,
Clinton St & Washington Blvd,7856,41.8834683,-87.6411569,250,other_amenity,41.885487643003785,-87.64170100868625,,parking,,,,,,,
Clinton St & Washington Blvd,7856,41.8834683,-87.6411569,250,other_amenity,41.88540769009919,-87.6435612633271,,parking,,,,,,,
Clinton St & Washington Blvd,7856,41.8834683,-87.6411569,250,office,41.881479946424584,-87.64076331486154,AT&T,,,,telecommunication,,,,
Clinton St & Washington Blvd,7856,41.8834683,-87.6411569,250,other_amenity,41.88508639805652,-87.64172636267776,,parking,,,,,,,
Clinton St & Washington Blvd,7856,41.8834683,-87.6411569,250,other_amenity,41.88465174913753,-87.64316854165301,,parking,,,,,,,
Clinton St & Washington Blvd,7856,41.8834683,-87.6411569,250,other_amenity,41.883440590396866,-87.6424759109808,,parking,,,,,,,
Clinton St & Washington Blvd,7856,41.8834683,-87.6411569,250,transit,41.88074794726124,-87.63898243582949,,,,,,,no,platform,
Clinton St & Washington Blvd,7856,41.8834683,-87.6411569,250,transit,41.880396642704845,-87.63914729558708,,,,,,,no,platform,
Clinton St & Washington Blvd,7856,41.8834683,-87.6411569,250,transit,41.88033117472137,-87.6393039287632,,,,,,,no,platform,
Clinton St & Washington Blvd,7856,41.8834683,-87.6411569,250,transit,41.8802515722555,-87.63947732899784,,,,,,,no,platform,
Clinton St & Washington Blvd,7856,41.8834683,-87.6411569,250,recreation,41.88499176328794,-87.63875899109952,Park at 150 N Riverside,,,,,park,,,
Clinton St & Washington Blvd,7856,41.8834683,-87.6411569,250,transit,41.885312040715824,-87.64011461869008,,,,,,,no,platform,
Clinton St & Washington Blvd,7856,41.8834683,-87.6411569,250,food_drink,41.88491514840175,-87.63842084084433,Small Cheval - Riverside,restaurant,,,,,,,
Clinton St & Washington Blvd,7856,41.8834683,-87.6411569,250,recreation,41.88122989998731,-87.64148824999837,,,,,,swimming_pool,,,
Clinton St & Washington Blvd,7856,41.8834683,-87.6411569,250,recreation,41.88299507376958,-87.64301899321443,,,,,,garden,,,
Clinton St & Washington Blvd,7856,41.8834683,-87.6411569,250,recreation,41.88298931299363,-87.64363032397283,,,,,,garden,,,
Clinton St & Washington Blvd,7856,41.8834683,-87.6411569,250,recreation,41.88293624062151,-87.64230281126996,,,,,,park,,,
Clinton St & Washington Blvd,7856,41.8834683,-87.6411569,250,transit,41.88220108365939,-87.64118687693563,,taxi,,,,,,,
Clinton St & Washington Blvd,7856,41.8834683,-87.6411569,250,other_amenity,41.88249398647771,-87.64119650608208,,parking,,,,,,,
Clinton St & Washington Blvd,7856,41.8834683,-87.6411569,250,transit,41.88183805018473,-87.63916385001525,,taxi,,,,,,,
Clinton St & Washington Blvd,7856,41.8834683,-87.6411569,250,other_amenity,41.88414220754078,-87.64124878042294,,parking,,,,,,,
Clinton St & Washington Blvd,7856,41.8834683,-87.6411569,250,transit,41.88385831314775,-87.64123988912583,,taxi,,,,,,,
Clinton St & Washington Blvd,7856,41.8834683,-87.6411569,250,other_amenity,41.884850964728656,-87.64126392605402,,parking,,,,,,,
Clinton St & Washington Blvd,7856,41.8834683,-87.6411569,250,recreation,41.88561010687458,-87.63878474784681,,,,,,garden,,,
Clinton St & Washington Blvd,7856,41.8834683,-87.6411569,250,recreation,41.885591925270184,-87.63897583232117,,,,,,garden,,,
Clinton St & Washington Blvd,7856,41.8834683,-87.6411569,250,recreation,41.885577650010745,-87.63899105000081,,,,,,garden,,,
Clinton St & Washington Blvd,7856,41.8834683,-87.6411569,250,recreation,41.88546620532471,-87.63890788426143,,,,,,garden,,,
Clinton St & Washington Blvd,7856,41.8834683,-87.6411569,250,recreation,41.88479029897979,-87.63888557760573,,,,,,garden,,,
Clinton St & Washington Blvd,7856,41.8834683,-87.6411569,250,recreation,41.88497743882802,-87.63893123852132,,,,,,garden,,,
Clinton St & Washington Blvd,7856,41.8834683,-87.6411569,250,recreation,41.885248437303005,-87.63874895478598,,,,,,garden,,,
Clinton St & Washington Blvd,7856,41.8834683,-87.6411569,250,recreation,41.88497805941656,-87.63891899069847,,,,,,garden,,,
Clinton St & Washington Blvd,7856,41.8834683,-87.6411569,250,recreation,41.88474213905076,-87.63866874675085,,,,,,garden,,,
Clinton St & Washington Blvd,7856,41.8834683,-87.6411569,250,recreation,41.88499229469935,-87.63868836577392,,,,,,outdoor_seating,,,
Clinton St & Washington Blvd,7856,41.8834683,-87.6411569,250,recreation,41.88489131721288,-87.63840340538518,,,,,,garden,,,
Clinton St & Washington Blvd,7856,41.8834683,-87.6411569,250,recreation,41.8850180666671,-87.63822940000233,,,,,,garden,,,
Clinton St & Washington Blvd,7856,41.8834683,-87.6411569,250,recreation,41.885554350845965,-87.63824227113597,,,,,,garden,,,
Clinton St & Washington Blvd,7856,41.8834683,-87.6411569,250,recreation,41.885377961886135,-87.63820222171742,Porter Kitchen Deck,,,,,outdoor_seating,,,
Clinton St & Washington Blvd,7856,41.8834683,-87.6411569,250,recreation,41.88465256149249,-87.63836852589739,,,,,,garden,,,
Clinton St & Washington Blvd,7856,41.8834683,-87.6411569,250,recreation,41.884756784744454,-87.63840397331523,,,,,,garden,,,
Clinton St & Washington Blvd,7856,41.8834683,-87.6411569,250,recreation,41.88558498539227,-87.63869906705493,,,,,,outdoor_seating,,,
Clinton St & Washington Blvd,7856,41.8834683,-87.6411569,250,recreation,41.883926447977046,-87.63845160259821,,,,,,garden,,,
Clinton St & Washington Blvd,7856,41.8834683,-87.6411569,250,recreation,41.88424653479627,-87.63838064344431,,,,,,outdoor_seating,,,
Clinton St & Washington Blvd,7856,41.8834683,-87.6411569,250,other_amenity,41.88375234416566,-87.63972087081082,,parking,,,,,,,
Clinton St & Washington Blvd,7856,41.8834683,-87.6411569,250,recreation,41.88326325541958,-87.6387872241367,,,,,,garden,,,
Clinton St & Washington Blvd,7856,41.8834683,-87.6411569,250,recreation,41.883261400000144,-87.6387436,,,,,,garden,,,
Clinton St & Washington Blvd,7856,41.8834683,-87.6411569,250,recreation,41.88325990547165,-87.63870532414118,,,,,,garden,,,
Clinton St & Washington Blvd,7856,41.8834683,-87.6411569,250,recreation,41.88326497587355,-87.63882491265929,,,,,,garden,,,
Clinton St & Washington Blvd,7856,41.8834683,-87.6411569,250,recreation,41.883267500000144,-87.63887000000001,,,,,,garden,,,
Clinton St & Washington Blvd,7856,41.8834683,-87.6411569,250,recreation,41.88327185000013,-87.63903875,,,,,,garden,,,
Clinton St & Washington Blvd,7856,41.8834683,-87.6411569,250,recreation,41.88327387587579,-87.63906576258013,,,,,,garden,,,
Clinton St & Washington Blvd,7856,41.8834683,-87.6411569,250,recreation,41.88327464458071,-87.6390930758633,,,,,,garden,,,
Clinton St & Washington Blvd,7856,41.8834683,-87.6411569,250,recreation,41.88438055000014,-87.6395987,,,,,,garden,,,
Clinton St & Washington Blvd,7856,41.8834683,-87.6411569,250,recreation,41.88438257509137,-87.63943198728364,,,,,,garden,,,
Clinton St & Washington Blvd,7856,41.8834683,-87.6411569,250,recreation,41.88438282490889,-87.63931241271635,,,,,,garden,,,
Clinton St & Washington Blvd,7856,41.8834683,-87.6411569,250,recreation,41.884383350000135,-87.6391997,,,,,,garden,,,
Clinton St & Washington Blvd,7856,41.8834683,-87.6411569,250,recreation,41.884531755503126,-87.63961772510459,,,,,,garden,,,
Clinton St & Washington Blvd,7856,41.8834683,-87.6411569,250,recreation,41.88453437509138,-87.63943368728364,,,,,,garden,,,
Clinton St & Washington Blvd,7856,41.8834683,-87.6411569,250,recreation,41.88453497509138,-87.63919858728364,,,,,,garden,,,
Clinton St & Washington Blvd,7856,41.8834683,-87.6411569,250,recreation,41.88453466958812,-87.63930066225714,,,,,,garden,,,
Clinton St & Washington Blvd,7856,41.8834683,-87.6411569,250,recreation,41.88453291945721,-87.63952908761196,,,,,,garden,,,
Clinton St & Washington Blvd,7856,41.8834683,-87.6411569,250,recreation,41.88438421945722,-87.63858998761197,,,,,,garden,,,
Clinton St & Washington Blvd,7856,41.8834683,-87.6411569,250,recreation,41.88438392490888,-87.63867471271635,,,,,,garden,,,
Clinton St & Washington Blvd,7856,41.8834683,-87.6411569,250,recreation,41.884384224908885,-87.63878891271636,,,,,,garden,,,
Clinton St & Washington Blvd,7856,41.8834683,-87.6411569,250,recreation,41.88438392490888,-87.63891101271635,,,,,,garden,,,
Clinton St & Washington Blvd,7856,41.8834683,-87.6411569,250,recreation,41.88419904999888,-87.63843614999985,,,,,,garden,,,
Clinton St & Washington Blvd,7856,41.8834683,-87.6411569,250,recreation,41.8841155999987,-87.63847449999982,,,,,,garden,,,
Clinton St & Washington Blvd,7856,41.8834683,-87.6411569,250,recreation,41.88386789999843,-87.63850479999986,,,,,,garden,,,
Clinton St & Washington Blvd,7856,41.8834683,-87.6411569,250,recreation,41.88378389999865,-87.63851469999989,,,,,,garden,,,
Clinton St & Washington Blvd,7856,41.8834683,-87.6411569,250,recreation,41.88370279999859,-87.63852494999988,,,,,,garden,,,
Clinton St & Washington Blvd,7856,41.8834683,-87.6411569,250,recreation,41.883620126200206,-87.63853547488372,,,,,,garden,,,
Clinton St & Washington Blvd,7856,41.8834683,-87.6411569,250,recreation,41.883536874634395,-87.63854552477152,,,,,,garden,,,
Clinton St & Washington Blvd,7856,41.8834683,-87.6411569,250,recreation,41.88345554999825,-87.63855399999967,,,,,,garden,,,
Clinton St & Washington Blvd,7856,41.8834683,-87.6411569,250,recreation,41.882954593777775,-87.63944925483226,,,,,,garden,,,
Clinton St & Washington Blvd,7856,41.8834683,-87.6411569,250,recreation,41.88212165315603,-87.63944446973214,,,,,,garden,,,
Clinton St & Washington Blvd,7856,41.8834683,-87.6411569,250,recreation,41.88217123088445,-87.63932520009928,,,,,,garden,,,
Clinton St & Washington Blvd,7856,41.8834683,-87.6411569,250,recreation,41.882124040497274,-87.63934724871139,,,,,,outdoor_seating,,,
Clinton St & Washington Blvd,7856,41.8834683,-87.6411569,250,recreation,41.882956617348306,-87.63935783478783,,,,,,outdoor_seating,,,
Clinton St & Washington Blvd,7856,41.8834683,-87.6411569,250,recreation,41.88299191299755,-87.6392583574474,,,,,,outdoor_seating,,,
Clinton St & Washington Blvd,7856,41.8834683,-87.6411569,250,recreation,41.882762115120755,-87.63924949236035,,,,,,outdoor_seating,,,
Clinton St & Washington Blvd,7856,41.8834683,-87.6411569,250,recreation,41.88274300782168,-87.63909962983713,,,,,,outdoor_seating,,,
Clinton St & Washington Blvd,7856,41.8834683,-87.6411569,250,recreation,41.88254822861031,-87.63891499550914,,,,,,garden,,,
Clinton St & Washington Blvd,7856,41.8834683,-87.6411569,250,transit,41.88220737601028,-87.63865086745733,Ogilvie / Union (West Loop) - Chicago Water Taxi Terminal,,,,,,station,,
Clinton St & Washington Blvd,7856,41.8834683,-87.6411569,250,recreation,41.88279360000037,-87.6387184,,bench,,,,garden,,,
Clinton St & Washington Blvd,7856,41.8834683,-87.6411569,250,recreation,41.88279290000037,-87.6388848,,bench,,,,garden,,,
Clinton St & Washington Blvd,7856,41.8834683,-87.6411569,250,recreation,41.882704800000376,-87.6388848,,bench,,,,garden,,,
Clinton St & Washington Blvd,7856,41.8834683,-87.6411569,250,recreation,41.88270250000037,-87.6387185,,bench,,,,garden,,,
Clinton St & Washington Blvd,7856,41.8834683,-87.6411569,250,recreation,41.88256225000037,-87.6387088,,bench,,,,garden,,,
Clinton St & Washington Blvd,7856,41.8834683,-87.6411569,250,recreation,41.88246365000037,-87.63871080000001,,bench,,,,garden,,,
Clinton St & Washington Blvd,7856,41.8834683,-87.6411569,250,recreation,41.88241550000036,-87.63886469999998,,bench,,,,garden,,,
Clinton St & Washington Blvd,7856,41.8834683,-87.6411569,250,recreation,41.88230540610633,-87.63886537523744,,bench,,,,garden,,,
Clinton St & Washington Blvd,7856,41.8834683,-87.6411569,250,recreation,41.88234880610637,-87.63870377523745,,bench,,,,garden,,,
Clinton St & Washington Blvd,7856,41.8834683,-87.6411569,250,recreation,41.88285400952998,-87.63877859187707,,,,,,garden,,,
Clinton St & Washington Blvd,7856,41.8834683,-87.6411569,250,recreation,41.88300954999892,-87.63878619999979,,,,,,garden,,,
Clinton St & Washington Blvd,7856,41.8834683,-87.6411569,250,recreation,41.88224232499491,-87.63875989294392,,,,,,garden,,,
Clinton St & Washington Blvd,7856,41.8834683,-87.6411569,250,recreation,41.88303510475918,-87.63873901137117,,,,,,outdoor_seating,,,
Clinton St & Washington Blvd,7856,41.8834683,-87.6411569,250,other_amenity,41.8824086841304,-87.63962212969481,,parking,,,,,,,
Clinton St & Washington Blvd,7856,41.8834683,-87.6411569,250,other_amenity,41.882625548285795,-87.63962910075843,,parking,,,,,,,
Clinton St & Washington Blvd,7856,41.8834683,-87.6411569,250,other_amenity,41.88286742382776,-87.63963860220227,,parking,,,,,,,
Clinton St & Washington Blvd,7856,41.8834683,-87.6411569,250,transit,41.88230314194909,-87.639808651795,,taxi,,,,,,,
Clinton St & Washington Blvd,7856,41.8834683,-87.6411569,250,other_amenity,41.882210829197426,-87.63988999996636,Canal St & Madison St,bicycle_rental,,,,,,,
Clinton St & Washington Blvd,7856,41.8834683,-87.6411569,250,recreation,41.881516665036294,-87.63945809729034,,,,,,garden,,,
Clinton St & Washington Blvd,7856,41.8834683,-87.6411569,250,recreation,41.8817083990869,-87.63945133263086,,,,,,garden,,,
Clinton St & Washington Blvd,7856,41.8834683,-87.6411569,250,other_amenity,41.881351602011286,-87.63944496361677,,parking,,,,,,,
Clinton St & Washington Blvd,7856,41.8834683,-87.6411569,250,other_amenity,41.88165615918934,-87.63957121012089,Canal St & Madison St,bicycle_rental,,,,,,,
Clinton St & Washington Blvd,7856,41.8834683,-87.6411569,250,recreation,41.88338134998607,-87.6439369499975,,,,,,swimming_pool,,,
Clinton St & Washington Blvd,7856,41.8834683,-87.6411569,250,other_amenity,41.88259198936394,-87.64400872462438,,security_booth,,,,,,,
Clinton St & Washington Blvd,7856,41.8834683,-87.6411569,250,other_amenity,41.882681649999945,-87.64287830000036,,security_booth,,,,,,,
Clinton St & Washington Blvd,7856,41.8834683,-87.6411569,250,recreation,41.88498775001125,-87.64365195000079,,,,,,swimming_pool,,,
Clinton St & Washington Blvd,7856,41.8834683,-87.6411569,250,other_amenity,41.88509028490551,-87.64056967266907,Metra Market Parking,parking,,,,,,,
Clinton St & Washington Blvd,7856,41.8834683,-87.6411569,250,other_amenity,41.885673401926276,-87.64183937919886,,shelter,,,,,,,
Clinton St & Washington Blvd,7856,41.8834683,-87.6411569,250,other_amenity,41.8839378968485,-87.64056366687446,,shelter,,,,,,,
Clinton St & Washington Blvd,7856,41.8834683,-87.6411569,250,retail,41.88385774798462,-87.6405306926617,MetraMarket,,mall,,,,,,
Clinton St & Washington Blvd,7856,41.8834683,-87.6411569,250,food_drink,41.88426377261104,-87.64091367894366,Cupitol,cafe,yes,,,,,,
Clinton St & Washington Blvd,7856,41.8834683,-87.6411569,250,food_drink,41.8840654413651,-87.640812884437,Chicago French Market,food_court,yes,,,,,,
Clinton St & Washington Blvd,7856,41.8834683,-87.6411569,250,food_drink,41.88394000348915,-87.64099205654179,Ovie Bar & Grill,pub,,,,,,,
Clinton St & Washington Blvd,7856,41.8834683,-87.6411569,250,retail,41.88389473399002,-87.6408218996764,Spackle Nail Solon,,beauty,,,,,,
Clinton St & Washington Blvd,7856,41.8834683,-87.6411569,250,retail,41.88393893000737,-87.64052501067943,,,vacant,,,,,,
Clinton St & Washington Blvd,7856,41.8834683,-87.6411569,250,retail,41.88364817297341,-87.64095523151157,,,vacant,,,,,,
Clinton St & Washington Blvd,7856,41.8834683,-87.6411569,250,retail,41.88365038806022,-87.64081071968556,Great Clips,,hairdresser,,,,,,
Clinton St & Washington Blvd,7856,41.8834683,-87.6411569,250,retail,41.883652257469485,-87.64066710664078,Metra,,ticket,,,,,,
Clinton St & Washington Blvd,7856,41.8834683,-87.6411569,250,retail,41.88398977979022,-87.64037455504163,,,vacant,,,,,,
Clinton St & Washington Blvd,7856,41.8834683,-87.6411569,250,retail,41.88395685715563,-87.64022867668974,The Booze Caboose,,alcohol,,,,,,
Clinton St & Washington Blvd,7856,41.8834683,-87.6411569,250,retail,41.884069134579875,-87.64010128935404,,,vacant,,,,,,
Clinton St & Washington Blvd,7856,41.8834683,-87.6411569,250,retail,41.88427704923894,-87.6400896944663,,,vacant,,,,,,
Clinton St & Washington Blvd,7856,41.8834683,-87.6411569,250,retail,41.88360734194615,-87.64025251747843,,,vacant,,,,,,
Clinton St & Washington Blvd,7856,41.8834683,-87.6411569,250,retail,41.8836126081795,-87.64006787900296,,,vacant,,,,,,
Clinton St & Washington Blvd,7856,41.8834683,-87.6411569,250,retail,41.883462409291226,-87.64008911703453,,,vacant,,,,,,
Clinton St & Washington Blvd,7856,41.8834683,-87.6411569,250,office,41.883399130245856,-87.64021038273883,AT&T,,,,telecommunication,,,,
Clinton St & Washington Blvd,7856,41.8834683,-87.6411569,250,other_amenity,41.88276112123207,-87.64120573801945,Clinton St / Madison St,bicycle_rental,,,,,,,
Clinton St & Washington Blvd,7856,41.8834683,-87.6411569,250,other_amenity,41.88346755142465,-87.64115691444202,Clinton St & Washington Blvd,bicycle_rental,,,,,,,
Clinton St & Washington Blvd,7856,41.8834683,-87.6411569,250,recreation,41.88426019999929,-87.64116489999985,,,,,,outdoor_seating,,,
Clinton St & Washington Blvd,7856,41.8834683,-87.6411569,250,recreation,41.88418999999931,-87.64116459999985,,,,,,outdoor_seating,,,
Clinton St & Washington Blvd,7856,41.8834683,-87.6411569,250,recreation,41.88412309999929,-87.64116239999986,,,,,,outdoor_seating,,,
Clinton St & Washington Blvd,7856,41.8834683,-87.6411569,250,recreation,41.881937613274225,-87.64191747097587,,,,,,garden,,,
Clinton St & Washington Blvd,7856,41.8834683,-87.6411569,250,recreation,41.88193784896504,-87.64172497863666,,,,,,garden,,,
Clinton St & Washington Blvd,7856,41.8834683,-87.6411569,250,recreation,41.88194126905254,-87.64153396737191,,,,,,garden,,,
Clinton St & Washington Blvd,7856,41.8834683,-87.6411569,250,recreation,41.88204504389784,-87.64150602618109,,,,,,garden,,,
Clinton St & Washington Blvd,7856,41.8834683,-87.6411569,250,recreation,41.88203567791035,-87.64172821124005,,,,,,garden,,,
Clinton St & Washington Blvd,7856,41.8834683,-87.6411569,250,recreation,41.882033175541494,-87.64196981202215,,,,,,garden,,,
Clinton St & Washington Blvd,7856,41.8834683,-87.6411569,250,other_amenity,41.88281912919558,-87.64418663662569,,parking,,,,,,,
Clinton St & Washington Blvd,7856,41.8834683,-87.6411569,250,other_amenity,41.88399288274044,-87.64358305539277,,parking,,,,,,,
Clinton St & Madison St,7603,41.8827604,-87.6412057,250,transit,41.8829223,-87.6408104,Ogilvie Transportation Center,,,,,,stop_position,stop,
Clinton St & Madison St,7603,41.8827604,-87.6412057,250,transit,41.8829206,-87.6409183,Ogilvie Transportation Center,,,,,,stop_position,stop,
Clinton St & Madison St,7603,41.8827604,-87.6412057,250,transit,41.882921,-87.6409546,Ogilvie Transportation Center,,,,,,stop_position,stop,
Clinton St & Madison St,7603,41.8827604,-87.6412057,250,transit,41.88292349999999,-87.640775,Ogilvie Transportation Center,,,,,,stop_position,stop,
Clinton St & Madison St,7603,41.8827604,-87.6412057,250,transit,41.88291,-87.64106050000001,Ogilvie Transportation Center,,,,,,stop_position,stop,
Clinton St & Madison St,7603,41.8827604,-87.6412057,250,transit,41.882943,-87.6400918,Ogilvie Transportation Center,,,,,,stop_position,stop,
Clinton St & Madison St,7603,41.8827604,-87.6412057,250,transit,41.88294359999999,-87.640056,Ogilvie Transportation Center,,,,,,stop_position,stop,
Clinton St & Madison St,7603,41.8827604,-87.6412057,250,transit,41.8829388,-87.6399473,Ogilvie Transportation Center,,,,,,stop_position,stop,
Clinton St & Madison St,7603,41.8827604,-87.6412057,250,transit,41.8829334,-87.64038,Ogilvie Transportation Center,,,,,,stop_position,stop,
Clinton St & Madison St,7603,41.8827604,-87.6412057,250,transit,41.8829314,-87.64048620000001,Ogilvie Transportation Center,,,,,,stop_position,stop,
Clinton St & Madison St,7603,41.8827604,-87.6412057,250,transit,41.88293680000001,-87.64019980000002,Ogilvie Transportation Center,,,,,,stop_position,stop,
Clinton St & Madison St,7603,41.8827604,-87.6412057,250,transit,41.88293609999999,-87.64023470000001,Ogilvie Transportation Center,,,,,,stop_position,stop,
Clinton St & Madison St,7603,41.8827604,-87.6412057,250,transit,41.8829344,-87.6403436,Ogilvie Transportation Center,,,,,,stop_position,stop,
Clinton St & Madison St,7603,41.8827604,-87.6412057,250,transit,41.882927699999996,-87.6406641,Ogilvie Transportation Center,,,,,,stop_position,stop,
Clinton St & Madison St,7603,41.8827604,-87.6412057,250,transit,41.88292729999999,-87.6406309,Ogilvie Transportation Center,,,,,,stop_position,stop,
Clinton St & Madison St,7603,41.8827604,-87.6412057,250,transit,41.88293080000001,-87.6405197,Ogilvie Transportation Center,,,,,,stop_position,stop,
Clinton St & Madison St,7603,41.8827604,-87.6412057,250,retail,41.883441399999995,-87.6386671,The Boeing Store,,gift,,,,,,
Clinton St & Madison St,7603,41.8827604,-87.6412057,250,tourism,41.88196870000001,-87.643123,Batcolumn,,,artwork,,,,,
Clinton St & Madison St,7603,41.8827604,-87.6412057,250,transit,41.8819162,-87.643096,Madison & Jefferson,,,,,,platform,,
Clinton St & Madison St,7603,41.8827604,-87.6412057,250,other_amenity,41.88215709999999,-87.641082,Clinton St & Madison St,bicycle_rental,,,,,,,
Clinton St & Madison St,7603,41.8827604,-87.6412057,250,food_drink,41.88171040000001,-87.6414064,Potbelly,fast_food,,,,,,,
Clinton St & Madison St,7603,41.8827604,-87.6412057,250,food_drink,41.8825612,-87.6399905,Panda Express,fast_food,,,,,,,
Clinton St & Madison St,7603,41.8827604,-87.6412057,250,other_amenity,41.8823835,-87.6401729,,toilets,,,,,,,
Clinton St & Madison St,7603,41.8827604,-87.6412057,250,food_drink,41.8823865,-87.6406478,Chicago News Room,bar,,,,,,,
Clinton St & Madison St,7603,41.8827604,-87.6412057,250,other_amenity,41.881978499999995,-87.6399291,,vending_machine,,,,,,,
Clinton St & Madison St,7603,41.8827604,-87.6412057,250,food_drink,41.882183899999994,-87.6391068,Starbucks,cafe,,,,,,,
Clinton St & Madison St,7603,41.8827604,-87.6412057,250,other_amenity,41.88212200000001,-87.6391015,Bank of America,atm,,,,,,,
Clinton St & Madison St,7603,41.8827604,-87.6412057,250,food_drink,41.88212599999999,-87.6392678,Jimmy John's,fast_food,,,,,,,
Clinton St & Madison St,7603,41.8827604,-87.6412057,250,other_amenity,41.8823875,-87.6407818,,toilets,,,,,,,
Clinton St & Madison St,7603,41.8827604,-87.6412057,250,food_drink,41.8821339,-87.6409831,Yolk,restaurant,,,,,,,
Clinton St & Madison St,7603,41.8827604,-87.6412057,250,retail,41.88228960000001,-87.6401675,Arts & Artisians,,jewelry,,,,,,
Clinton St & Madison St,7603,41.8827604,-87.6412057,250,retail,41.882441500000006,-87.6403071,Mrs. Fields,,pastry,,,,,,
Clinton St & Madison St,7603,41.8827604,-87.6412057,250,food_drink,41.88227770000001,-87.6406411,Jamba,fast_food,,,,,,,
Clinton St & Madison St,7603,41.8827604,-87.6412057,250,retail,41.882520299999996,-87.6400818,Hudson News,,newsagent,,,,,,
Clinton St & Madison St,7603,41.8827604,-87.6412057,250,other_amenity,41.8821649,-87.6401663,,atm,,,,,,,
Clinton St & Madison St,7603,41.8827604,-87.6412057,250,transit,41.882000199999986,-87.641315,Clinton & Madison (Metra),,,,,,platform,,
Clinton St & Madison St,7603,41.8827604,-87.6412057,250,transit,41.88219729999999,-87.639586,Canal & Madison (Metra),,,,,,platform,,
Clinton St & Madison St,7603,41.8827604,-87.6412057,250,transit,41.8830196,-87.6425974,Jefferson & Washington,,,,,,platform,,
Clinton St & Madison St,7603,41.8827604,-87.6412057,250,transit,41.88308119999999,-87.6429807,Washington & Jefferson,,,,,,platform,,
Clinton St & Madison St,7603,41.8827604,-87.6412057,250,transit,41.88195670000001,-87.6410001,Madison & Clinton (Metra),,,,,,platform,,
Clinton St & Madison St,7603,41.8827604,-87.6412057,250,office,41.8834385,-87.6387678,BMW Technology Corporation,,,,company,,,,
Clinton St & Madison St,7603,41.8827604,-87.6412057,250,transit,41.8830598,-87.6399961,Washington & Canal (Metra),,,,,,platform,,
Clinton St & Madison St,7603,41.8827604,-87.6412057,250,transit,41.8842811,-87.6397,Canal & Randolph,,,,,,platform,,
Clinton St & Madison St,7603,41.8827604,-87.6412057,250,food_drink,41.883943,-87.6425174,Sepia,restaurant,,,,,,,
Clinton St & Madison St,7603,41.8827604,-87.6412057,250,transit,41.883334999999995,-87.6413486,Clinton & Washington,,,,,,platform,,
Clinton St & Madison St,7603,41.8827604,-87.6412057,250,transit,41.8833851,-87.6398971,Canal & Randolph/Washington (Metra),,,,,,platform,,
Clinton St & Madison St,7603,41.8827604,-87.6412057,250,food_drink,41.8842277,-87.6433844,avec,restaurant,,,,,,,
Clinton St & Madison St,7603,41.8827604,-87.6412057,250,food_drink,41.884037899999996,-87.6408218,Aloha Pokē Co,fast_food,,,,,,,
Clinton St & Madison St,7603,41.8827604,-87.6412057,250,food_drink,41.88388239999999,-87.6406455,Vanille Patisserie,cafe,,,,,,,
Clinton St & Madison St,7603,41.8827604,-87.6412057,250,food_drink,41.884667,-87.6421354,CH Distillery,bar,,,,,,,
Clinton St & Madison St,7603,41.8827604,-87.6412057,250,food_drink,41.88108170000001,-87.6413762,Blaze Pizza,restaurant,,,,,,,
Clinton St & Madison St,7603,41.8827604,-87.6412057,250,food_drink,41.884278599999995,-87.6424715,Proxi,restaurant,,,,,,,
Clinton St & Madison St,7603,41.8827604,-87.6412057,250,food_drink,41.88240239999999,-87.6414689,Slightly Toasted,restaurant,,,,,,,
Clinton St & Madison St,7603,41.8827604,-87.6412057,250,tourism,41.88362909999999,-87.643003,Hampton Inn Chicago West Loop Fulton Market Area,,,hotel,,,,,
Clinton St & Madison St,7603,41.8827604,-87.6412057,250,office,41.88271060000001,-87.6416211,BMW Technology,,,,company,,,,
Clinton St & Madison St,7603,41.8827604,-87.6412057,250,food_drink,41.881163400000005,-87.64137229999999,Five Guys,fast_food,,,,,,,
Clinton St & Madison St,7603,41.8827604,-87.6412057,250,food_drink,41.8812924,-87.6413733,Naf Naf Grill,restaurant,,,,,,,
Clinton St & Madison St,7603,41.8827604,-87.6412057,250,food_drink,41.883003200000005,-87.64153030000001,Starbucks,cafe,,,,,,,
Clinton St & Madison St,7603,41.8827604,-87.6412057,250,transit,41.88157129999999,-87.6412867,Clinton & Madison (Metra),,,,,,platform,,
Clinton St & Madison St,7603,41.8827604,-87.6412057,250,transit,41.88183719999999,-87.6431,Madison & Jefferson,,,,,,stop_position,,
Clinton St & Madison St,7603,41.8827604,-87.6412057,250,transit,41.8830185,-87.64270330000001,Jefferson & Washington,,,,,,stop_position,,
Clinton St & Madison St,7603,41.8827604,-87.6412057,250,transit,41.883190699999986,-87.6429955,Washington & Jefferson,,,,,,stop_position,,
Clinton St & Madison St,7603,41.8827604,-87.6412057,250,transit,41.881870799999994,-87.6409472,Madison & Clinton (Metra),,,,,,stop_position,,
Clinton St & Madison St,7603,41.8827604,-87.6412057,250,transit,41.88317839999999,-87.6399961,Washington & Canal (Metra),,,,,,stop_position,,
Clinton St & Madison St,7603,41.8827604,-87.6412057,250,food_drink,41.88461180000001,-87.6424952,Alla Vita,restaurant,,,,,,,
Clinton St & Madison St,7603,41.8827604,-87.6412057,250,food_drink,41.882350599999995,-87.64040689999999,Boxcar Betty’s,restaurant,,,,,,,
Clinton St & Madison St,7603,41.8827604,-87.6412057,250,food_drink,41.8823495,-87.6403415,Cinnabon,fast_food,,,,,,,
Clinton St & Madison St,7603,41.8827604,-87.6412057,250,food_drink,41.8836857,-87.6395246,Doughnut Vault - Canal St.,cafe,,,,,,,
Clinton St & Madison St,7603,41.8827604,-87.6412057,250,retail,41.88388150000001,-87.63953390000002,Steffens Cafe & Bakery,,bakery,,,,,,
Clinton St & Madison St,7603,41.8827604,-87.6412057,250,food_drink,41.88230990000001,-87.6404179,Madison Tavern,bar,,,,,,,
Clinton St & Madison St,7603,41.8827604,-87.6412057,250,other_amenity,41.88271329999999,-87.6407895,Ventra,vending_machine,,,,,,,
Clinton St & Madison St,7603,41.8827604,-87.6412057,250,transit,41.8820274,-87.6412295,Clinton & Madison (Metra),,,,,,stop_position,,
Clinton St & Madison St,7603,41.8827604,-87.6412057,250,transit,41.88378729999999,-87.6405272,Ogilvie Transportation Center,,,,,,station,station,
Clinton St & Madison St,7603,41.8827604,-87.6412057,250,other_amenity,41.882723199999994,-87.6402007,Metra,vending_machine,,,,,,,
Clinton St & Madison St,7603,41.8827604,-87.6412057,250,other_amenity,41.88374469999999,-87.640528,Metra,vending_machine,,,,,,,
Clinton St & Madison St,7603,41.8827604,-87.6412057,250,other_amenity,41.882723199999994,-87.6404984,Metra,vending_machine,,,,,,,
Clinton St & Madison St,7603,41.8827604,-87.6412057,250,transit,41.88158310000001,-87.6411985,Clinton & Madison (Metra),,,,,,stop_position,,
Clinton St & Madison St,7603,41.8827604,-87.6412057,250,transit,41.88220359999998,-87.6397144,Canal & Madison (Metra),,,,,,stop_position,,
Clinton St & Madison St,7603,41.8827604,-87.6412057,250,food_drink,41.88250459999999,-87.6406759,Dunkin',fast_food,,,,,,,
Clinton St & Madison St,7603,41.8827604,-87.6412057,250,other_amenity,41.8814957,-87.6427999,,parking_entrance,,,,,,,
Clinton St & Madison St,7603,41.8827604,-87.6412057,250,tourism,41.883767799999994,-87.6430103,Homewood Suites West Loop Fulton Market Area,,,hotel,,,,,
Clinton St & Madison St,7603,41.8827604,-87.6412057,250,food_drink,41.8825008,-87.6408249,Taco Bell,fast_food,,,,,,,
Clinton St & Madison St,7603,41.8827604,-87.6412057,250,food_drink,41.8826018,-87.6408302,Popeyes,fast_food,,,,,,,
Clinton St & Madison St,7603,41.8827604,-87.6412057,250,food_drink,41.88260989999999,-87.6405661,Halsted Street Deli,fast_food,,,,,,,
Clinton St & Madison St,7603,41.8827604,-87.6412057,250,retail,41.88071930000001,-87.6423239,Porsche,,car,,,,,,
Clinton St & Madison St,7603,41.8827604,-87.6412057,250,other_amenity,41.8832993,-87.63897320000001,,parking_entrance,,,,,,,
Clinton St & Madison St,7603,41.8827604,-87.6412057,250,food_drink,41.88261440000001,-87.6400178,Benj Yehuda,fast_food,,,,,,,
Clinton St & Madison St,7603,41.8827604,-87.6412057,250,other_amenity,41.8839811,-87.6413693,,bicycle_parking,,,,,,,
Clinton St & Madison St,7603,41.8827604,-87.6412057,250,other_amenity,41.8839414,-87.64138,,bicycle_parking,,,,,,,
Clinton St & Madison St,7603,41.8827604,-87.6412057,250,other_amenity,41.883916,-87.6411571,,bicycle_parking,,,,,,,
Clinton St & Madison St,7603,41.8827604,-87.6412057,250,food_drink,41.88241060000001,-87.6404265,Starbucks,cafe,,,,,,,
Clinton St & Madison St,7603,41.8827604,-87.6412057,250,office,41.88381259999999,-87.6416825,events.org,,,,company,,,,
Clinton St & Madison St,7603,41.8827604,-87.6412057,250,transit,41.8818902,-87.6390769,,,,,,,stop_position,,
Clinton St & Madison St,7603,41.8827604,-87.6412057,250,other_amenity,41.88451969999999,-87.6428969,,waste_basket,,,,,,,
Clinton St & Madison St,7603,41.8827604,-87.6412057,250,other_amenity,41.884782799999996,-87.6428535,,bicycle_parking,,,,,,,
Clinton St & Madison St,7603,41.8827604,-87.6412057,250,health,41.883348899999994,-87.6422416,Presidential Dental Associates,dentist,,,,,,,dentist
Clinton St & Madison St,7603,41.8827604,-87.6412057,250,food_drink,41.882683,-87.64147,Asadito,restaurant,,,,,,,
Clinton St & Madison St,7603,41.8827604,-87.6412057,250,food_drink,41.88460119999999,-87.6421385,Jinsei Motto,restaurant,,,,,,,
Clinton St & Madison St,7603,41.8827604,-87.6412057,250,other_amenity,41.884664799999996,-87.6390359,,parking_entrance,,,,,,,
Clinton St & Madison St,7603,41.8827604,-87.6412057,250,other_amenity,41.884978999999994,-87.6391268,,parking_entrance,,,,,,,
Clinton St & Madison St,7603,41.8827604,-87.6412057,250,other_amenity,41.8848709,-87.6391246,,parking_entrance,,,,,,,
Clinton St & Madison St,7603,41.8827604,-87.6412057,250,retail,41.884935699999986,-87.6396578,,,dry_cleaning,,,,,,
Clinton St & Madison St,7603,41.8827604,-87.6412057,250,retail,41.884876699999985,-87.6396555,,,beauty,,,,,,
Clinton St & Madison St,7603,41.8827604,-87.6412057,250,other_amenity,41.88434349999999,-87.63898059999998,,parking_entrance,,,,,,,
Clinton St & Madison St,7603,41.8827604,-87.6412057,250,other_amenity,41.8830768,-87.6391633,,parking_entrance,,,,,,,
Clinton St & Madison St,7603,41.8827604,-87.6412057,250,other_amenity,41.8830764,-87.6392231,,parking_entrance,,,,,,,
Clinton St & Madison St,7603,41.8827604,-87.6412057,250,other_amenity,41.88463799999999,-87.6441188,,waste_basket,,,,,,,
Clinton St & Madison St,7603,41.8827604,-87.6412057,250,other_amenity,41.8846616,-87.644122,,bicycle_parking,,,,,,,
Clinton St & Madison St,7603,41.8827604,-87.6412057,250,other_amenity,41.88428830000001,-87.6440933,,post_box,,,,,,,
Clinton St & Madison St,7603,41.8827604,-87.6412057,250,transit,41.882427799999995,-87.6386,Ogilvie / Union (West Loop),ferry_terminal,,,,,station,,
Clinton St & Madison St,7603,41.8827604,-87.6412057,250,food_drink,41.8830549,-87.6388248,Potbelly,fast_food,,,,,,,
Clinton St & Madison St,7603,41.8827604,-87.6412057,250,other_amenity,41.882749300000015,-87.6395388,,loading_dock,,,,,,,
Clinton St & Madison St,7603,41.8827604,-87.6412057,250,other_amenity,41.8825476,-87.6395332,,loading_dock,,,,,,,
Clinton St & Madison St,7603,41.8827604,-87.6412057,250,food_drink,41.88202499999999,-87.639492,The Outpost Mexican Eatery,restaurant,,,,,,,
Clinton St & Madison St,7603,41.8827604,-87.6412057,250,other_amenity,41.880753399999996,-87.6394895,,bicycle_parking,,,,,,,
Clinton St & Madison St,7603,41.8827604,-87.6412057,250,other_amenity,41.8812508,-87.63944630000002,,loading_dock,,,,,,,
Clinton St & Madison St,7603,41.8827604,-87.6412057,250,other_amenity,41.8812125,-87.6394437,,loading_dock,,,,,,,
Clinton St & Madison St,7603,41.8827604,-87.6412057,250,other_amenity,41.88405429999999,-87.6426235,,bicycle_parking,,,,,,,
Clinton St & Madison St,7603,41.8827604,-87.6412057,250,other_amenity,41.8843631,-87.64194060000001,,bicycle_parking,,,,,,,
Clinton St & Madison St,7603,41.8827604,-87.6412057,250,other_amenity,41.8845076,-87.642284,,bicycle_parking,,,,,,,
Clinton St & Madison St,7603,41.8827604,-87.6412057,250,other_amenity,41.88450859999999,-87.6424874,,bicycle_parking,,,,,,,
Clinton St & Madison St,7603,41.8827604,-87.6412057,250,other_amenity,41.8821027,-87.6413199,,bicycle_parking,,,,,,,
Clinton St & Madison St,7603,41.8827604,-87.6412057,250,other_amenity,41.8820887,-87.6411045,,bicycle_parking,,,,,,,
Clinton St & Madison St,7603,41.8827604,-87.6412057,250,other_amenity,41.8820231,-87.6411028,,waste_basket,,,,,,,
Clinton St & Madison St,7603,41.8827604,-87.6412057,250,other_amenity,41.881518899999996,-87.6410787,,bicycle_parking,,,,,,,
Clinton St & Madison St,7603,41.8827604,-87.6412057,250,retail,41.8838989,-87.6415232,Massage Evolved,,massage,,,,,,
Clinton St & Madison St,7603,41.8827604,-87.6412057,250,transit,41.883390399999996,-87.6398402,Canal & Randolph/Washington (Metra),,,,,,stop_position,,
Clinton St & Madison St,7603,41.8827604,-87.6412057,250,other_amenity,41.88450310000001,-87.6440394,,bicycle_parking,,,,,,,
Clinton St & Madison St,7603,41.8827604,-87.6412057,250,other_amenity,41.880647800000006,-87.6405741,,bicycle_parking,,,,,,,
Clinton St & Madison St,7603,41.8827604,-87.6412057,250,other_amenity,41.8807487,-87.6397865,,bicycle_parking,,,,,,,
Clinton St & Madison St,7603,41.8827604,-87.6412057,250,other_amenity,41.88132019999999,-87.6398037,,bicycle_parking,,,,,,,
Clinton St & Madison St,7603,41.8827604,-87.6412057,250,other_amenity,41.88153739999999,-87.6395532,,bicycle_parking,,,,,,,
Clinton St & Madison St,7603,41.8827604,-87.6412057,250,other_amenity,41.88180959999999,-87.63942279999999,,bicycle_parking,,,,,,,
Clinton St & Madison St,7603,41.8827604,-87.6412057,250,other_amenity,41.881973099999996,-87.6400861,,bicycle_parking,,,,,,,
Clinton St & Madison St,7603,41.8827604,-87.6412057,250,other_amenity,41.881964599999996,-87.6406609,,bicycle_parking,,,,,,,
Clinton St & Madison St,7603,41.8827604,-87.6412057,250,other_amenity,41.881763,-87.6423866,,bicycle_parking,,,,,,,
Clinton St & Madison St,7603,41.8827604,-87.6412057,250,other_amenity,41.881919100000005,-87.6429197,,post_box,,,,,,,
Clinton St & Madison St,7603,41.8827604,-87.6412057,250,other_amenity,41.88325119999999,-87.6421546,,bicycle_parking,,,,,,,
Clinton St & Madison St,7603,41.8827604,-87.6412057,250,transit,41.88427109999999,-87.6397862,Canal & Randolph,,,,,,stop_position,,
Clinton St & Madison St,7603,41.8827604,-87.6412057,250,transit,41.8833551,-87.6412739,Clinton & Washington,,,,,,stop_position,,
Clinton St & Madison St,7603,41.8827604,-87.6412057,250,other_amenity,41.88353209999999,-87.6428224,,bicycle_parking,,,,,,,
Clinton St & Madison St,7603,41.8827604,-87.6412057,250,food_drink,41.8826017,-87.6407102,Great Steak,fast_food,,,,,,,
Clinton St & Madison St,7603,41.8827604,-87.6412057,250,food_drink,41.8829733,-87.6393754,Dunkin',fast_food,,,,,,,
Clinton St & Madison St,7603,41.8827604,-87.6412057,250,recreation,41.8814572,-87.6415963,Fitness Formula Clubs (FFC),,,,,fitness_centre,,,
Clinton St & Madison St,7603,41.8827604,-87.6412057,250,retail,41.8816888,-87.64167140000002,Great Clips,,hairdresser,,,,,,
Clinton St & Madison St,7603,41.8827604,-87.6412057,250,other_amenity,41.881815599999996,-87.6389929,,bicycle_parking,,,,,,,
Clinton St & Madison St,7603,41.8827604,-87.6412057,250,retail,41.88404740000001,-87.6429692,Primitive,,antiques,,,,,,
Clinton St & Madison St,7603,41.8827604,-87.6412057,250,other_amenity,41.88360879999999,-87.6426201,,bicycle_parking,,,,,,,
Clinton St & Madison St,7603,41.8827604,-87.6412057,250,other_amenity,41.8830559,-87.6398679,,waste_basket,,,,,,,
Clinton St & Madison St,7603,41.8827604,-87.6412057,250,other_amenity,41.884574699999995,-87.6413798,,waste_basket,,,,,,,
Clinton St & Madison St,7603,41.8827604,-87.6412057,250,other_amenity,41.8845865,-87.6411699,,waste_basket,,,,,,,
Clinton St & Madison St,7603,41.8827604,-87.6412057,250,other_amenity,41.8836342,-87.6411537,,bicycle_parking,,,,,,,
Clinton St & Madison St,7603,41.8827604,-87.6412057,250,other_amenity,41.88334470000001,-87.641146,,waste_basket,,,,,,,
Clinton St & Madison St,7603,41.8827604,-87.6412057,250,other_amenity,41.88330080000001,-87.6413514,,waste_basket,,,,,,,
Clinton St & Madison St,7603,41.8827604,-87.6412057,250,other_amenity,41.88176349999999,-87.6395638,,waste_basket,,,,,,,
Clinton St & Madison St,7603,41.8827604,-87.6412057,250,other_amenity,41.8821033,-87.6395891,,waste_basket,,,,,,,
Clinton St & Madison St,7603,41.8827604,-87.6412057,250,other_amenity,41.8830121,-87.6396078,,waste_basket,,,,,,,
Clinton St & Madison St,7603,41.8827604,-87.6412057,250,other_amenity,41.8830293,-87.6427997,,waste_basket,,,,,,,
Clinton St & Madison St,7603,41.8827604,-87.6412057,250,other_amenity,41.88305059999999,-87.6403674,,bicycle_parking,,,,,,,
Clinton St & Madison St,7603,41.8827604,-87.6412057,250,other_amenity,41.88305430000001,-87.64022,,bicycle_parking,,,,,,,
Clinton St & Madison St,7603,41.8827604,-87.6412057,250,other_amenity,41.88305489999999,-87.6402753,,bicycle_parking,,,,,,,
Clinton St & Madison St,7603,41.8827604,-87.6412057,250,other_amenity,41.8830543,-87.6404822,,bicycle_parking,,,,,,,
Clinton St & Madison St,7603,41.8827604,-87.6412057,250,other_amenity,41.8830442,-87.6426053,,waste_basket,,,,,,,
Clinton St & Madison St,7603,41.8827604,-87.6412057,250,other_amenity,41.88327979999999,-87.6426097,,waste_basket,,,,,,,
Clinton St & Madison St,7603,41.8827604,-87.6412057,250,other_amenity,41.88326609999999,-87.6417119,,bicycle_parking,,,,,,,
Clinton St & Madison St,7603,41.8827604,-87.6412057,250,other_amenity,41.883089,-87.6414522,,bicycle_parking,,,,,,,
Clinton St & Madison St,7603,41.8827604,-87.6412057,250,other_amenity,41.88223510000001,-87.6413755,,atm,,,,,,,
Clinton St & Madison St,7603,41.8827604,-87.6412057,250,other_amenity,41.88203289999999,-87.6413088,,waste_basket,,,,,,,
Clinton St & Madison St,7603,41.8827604,-87.6412057,250,other_amenity,41.880517,-87.639937,,bicycle_parking,,,,,,,
Clinton St & Madison St,7603,41.8827604,-87.6412057,250,other_amenity,41.880667900000006,-87.641277,,waste_basket,,,,,,,
Clinton St & Madison St,7603,41.8827604,-87.6412057,250,other_amenity,41.883293999999985,-87.6428084,,waste_basket,,,,,,,
Clinton St & Madison St,7603,41.8827604,-87.6412057,250,other_amenity,41.880694199999986,-87.6410434,,waste_basket,,,,,,,
Clinton St & Madison St,7603,41.8827604,-87.6412057,250,food_drink,41.8809671,-87.6413844,DosBros Fresh Mexican Grill,fast_food,,,,,,,
Clinton St & Madison St,7603,41.8827604,-87.6412057,250,other_amenity,41.88173220000001,-87.6399369,,bicycle_parking,,,,,,,
Clinton St & Madison St,7603,41.8827604,-87.6412057,250,other_amenity,41.8817628,-87.6398168,,waste_basket,,,,,,,
Clinton St & Madison St,7603,41.8827604,-87.6412057,250,other_amenity,41.88200309999999,-87.6398367,,waste_basket,,,,,,,
Clinton St & Madison St,7603,41.8827604,-87.6412057,250,other_amenity,41.8839509,-87.6429604,,parking_entrance,,,,,,,
Clinton St & Madison St,7603,41.8827604,-87.6412057,250,other_amenity,41.8845417,-87.6436244,,parking_entrance,,,,,,,
Clinton St & Madison St,7603,41.8827604,-87.6412057,250,other_amenity,41.880641099999984,-87.64273910000001,,waste_basket,,,,,,,
Clinton St & Madison St,7603,41.8827604,-87.6412057,250,other_amenity,41.8817178,-87.6427624,,waste_basket,,,,,,,
Clinton St & Madison St,7603,41.8827604,-87.6412057,250,recreation,41.8816324,-87.6413381,,,,,,outdoor_seating,,,
Clinton St & Madison St,7603,41.8827604,-87.6412057,250,recreation,41.881269799999984,-87.6412788,,,,,,outdoor_seating,,,
Clinton St & Madison St,7603,41.8827604,-87.6412057,250,recreation,41.88105649999999,-87.6412818,,,,,,outdoor_seating,,,
Clinton St & Madison St,7603,41.8827604,-87.6412057,250,other_amenity,41.88109639999999,-87.6410062,,parking_entrance,,,,,,,
Clinton St & Madison St,7603,41.8827604,-87.6412057,250,other_amenity,41.8809139,-87.64100070000002,,parking_entrance,,,,,,,
Clinton St & Madison St,7603,41.8827604,-87.6412057,250,food_drink,41.88259500000001,-87.6409067,Polombia,restaurant,,,,,,,
Clinton St & Madison St,7603,41.8827604,-87.6412057,250,other_amenity,41.8843577,-87.6430423,,bicycle_parking,,,,,,,
Clinton St & Madison St,7603,41.8827604,-87.6412057,250,other_amenity,41.8843097,-87.6428344,,bicycle_parking,,,,,,,
Clinton St & Madison St,7603,41.8827604,-87.6412057,250,other_amenity,41.88306779999999,-87.6417518,,parking_entrance,,,,,,,
Clinton St & Madison St,7603,41.8827604,-87.6412057,250,other_amenity,41.88290129999999,-87.6419094,,loading_dock,,,,,,,
Clinton St & Madison St,7603,41.8827604,-87.6412057,250,recreation,41.88332009999999,-87.64211220000001,LRO Fitness,,,,,fitness_centre,,,
Clinton St & Madison St,7603,41.8827604,-87.6412057,250,retail,41.8839884,-87.640646,Suarez Market,,convenience,,,,,,
Clinton St & Madison St,7603,41.8827604,-87.6412057,250,food_drink,41.884037299999996,-87.6409374,Clinton St Smoked Meats,restaurant,,,,,,,
Clinton St & Madison St,7603,41.8827604,-87.6412057,250,food_drink,41.884060299999994,-87.6410336,Retro Pizza,fast_food,,,,,,,
Clinton St & Madison St,7603,41.8827604,-87.6412057,250,food_drink,41.88408969999998,-87.6409381,Lito's Empanadas,restaurant,,,,,,,
Clinton St & Madison St,7603,41.8827604,-87.6412057,250,food_drink,41.8840731,-87.6406165,Suarez Brothers Fry Shack & Bar,fast_food,,,,,,,
Clinton St & Madison St,7603,41.8827604,-87.6412057,250,food_drink,41.884099500000005,-87.6406518,Saigon Sisters,restaurant,,,,,,,
Clinton St & Madison St,7603,41.8827604,-87.6412057,250,food_drink,41.88410809999999,-87.6405922,K Kitchen,restaurant,,,,,,,
Clinton St & Madison St,7603,41.8827604,-87.6412057,250,food_drink,41.884176499999995,-87.64057790000001,Mochinut,fast_food,,,,,,,
Clinton St & Madison St,7603,41.8827604,-87.6412057,250,food_drink,41.880826600000006,-87.6413802,Mammoth Poke & Ramen,restaurant,,,,,,,
Clinton St & Madison St,7603,41.8827604,-87.6412057,250,other_amenity,41.883271,-87.6394131,,bicycle_parking,,,,,,,
Clinton St & Madison St,7603,41.8827604,-87.6412057,250,other_amenity,41.883116399999984,-87.6388694,,bicycle_parking,,,,,,,
Clinton St & Madison St,7603,41.8827604,-87.6412057,250,food_drink,41.884142,-87.6406508,Buen Apetito,fast_food,,,,,,,
Clinton St & Madison St,7603,41.8827604,-87.6412057,250,retail,41.8841767,-87.6406227,Vertige,,bakery,,,,,,
Clinton St & Madison St,7603,41.8827604,-87.6412057,250,food_drink,41.88417459999999,-87.6408316,Panlasa,restaurant,,,,,,,
Clinton St & Madison St,7603,41.8827604,-87.6412057,250,food_drink,41.8841719,-87.6409227,Cubano Bros,fast_food,,,,,,,
Clinton St & Madison St,7603,41.8827604,-87.6412057,250,retail,41.88410129999999,-87.6410355,Bill's Olive Oil,,deli,,,,,,
Clinton St & Madison St,7603,41.8827604,-87.6412057,250,retail,41.88411599999999,-87.640921,Barking Spot Bakery,,pet,,,,,,
Clinton St & Madison St,7603,41.8827604,-87.6412057,250,food_drink,41.884118799999996,-87.6407152,Firenze,fast_food,,,,,,,
Clinton St & Madison St,7603,41.8827604,-87.6412057,250,food_drink,41.884145899999986,-87.6407165,B.I. Tea & Dim Sum,cafe,,,,,,,
Clinton St & Madison St,7603,41.8827604,-87.6412057,250,food_drink,41.884144699999986,-87.64077400000001,Blue Spot Sushi,restaurant,,,,,,,
Clinton St & Madison St,7603,41.8827604,-87.6412057,250,education,41.8807836,-87.6408671,Bright Horizons,kindergarten,,,,,,,
Clinton St & Madison St,7603,41.8827604,-87.6412057,250,other_amenity,41.8842095,-87.6406561,Water Fountain (next to Metra ticket window),drinking_water,,,,,,,
Clinton St & Madison St,7603,41.8827604,-87.6412057,250,other_amenity,41.8843819,-87.6385533,,waste_basket,,,,,,,
Clinton St & Madison St,7603,41.8827604,-87.6412057,250,other_amenity,41.88438459999999,-87.6385737,,bicycle_parking,,,,,,,
Clinton St & Madison St,7603,41.8827604,-87.6412057,250,other_amenity,41.884382699999996,-87.6386383,,bicycle_parking,,,,,,,
Clinton St & Madison St,7603,41.8827604,-87.6412057,250,other_amenity,41.8845409,-87.638746,,bicycle_parking,,,,,,,
Clinton St & Madison St,7603,41.8827604,-87.6412057,250,other_amenity,41.8843126,-87.6397044,,waste_basket,,,,,,,
Clinton St & Madison St,7603,41.8827604,-87.6412057,250,other_amenity,41.884577,-87.6399239,,waste_basket,,,,,,,
Clinton St & Madison St,7603,41.8827604,-87.6412057,250,other_amenity,41.88434389999999,-87.6399298,,waste_basket,,,,,,,
Clinton St & Madison St,7603,41.8827604,-87.6412057,250,tourism,41.88460379999999,-87.6393207,Museum of Broadcast Communications,,,museum,,,,,
Clinton St & Madison St,7603,41.8827604,-87.6412057,250,other_amenity,41.884339999999995,-87.6404731,,loading_dock,,,,,,,
Clinton St & Madison St,7603,41.8827604,-87.6412057,250,other_amenity,41.88433799999999,-87.6406146,,loading_dock,,,,,,,
Clinton St & Madison St,7603,41.8827604,-87.6412057,250,other_amenity,41.88434060000001,-87.6403278,,loading_dock,,,,,,,
Clinton St & Madison St,7603,41.8827604,-87.6412057,250,other_amenity,41.88433640000001,-87.6409034,,loading_dock,,,,,,,
Clinton St & Madison St,7603,41.8827604,-87.6412057,250,food_drink,41.88406949999999,-87.6409378,Thimi’s Empanadas,fast_food,,,,,,,
Clinton St & Madison St,7603,41.8827604,-87.6412057,250,retail,41.884073,-87.64085800000001,Fresco Delicioso,,pastry,,,,,,
Clinton St & Madison St,7603,41.8827604,-87.6412057,250,food_drink,41.88409039999999,-87.6407132,Klay Oven Kitchen,fast_food,,,,,,,
Clinton St & Madison St,7603,41.8827604,-87.6412057,250,food_drink,41.8841424,-87.64059319999998,Paiges,fast_food,,,,,,,
Clinton St & Madison St,7603,41.8827604,-87.6412057,250,food_drink,41.88417579999999,-87.6407755,Bell Heirs BBQ,restaurant,,,,,,,
Clinton St & Madison St,7603,41.8827604,-87.6412057,250,food_drink,41.88417629999999,-87.6407186,Righteous Kitchen,restaurant,,,,,,,
Clinton St & Madison St,7603,41.8827604,-87.6412057,250,tourism,41.884127899999996,-87.6409606,Information,,,information,,,,,
Clinton St & Madison St,7603,41.8827604,-87.6412057,250,other_amenity,41.88191909999999,-87.6429363,,post_box,,,,,,,
Clinton St & Madison St,7603,41.8827604,-87.6412057,250,other_amenity,41.8845175,-87.6424063,,post_box,,,,,,,
Clinton St & Madison St,7603,41.8827604,-87.6412057,250,transit,41.88399450023714,-87.64103922166923,,,,,,,platform,platform,
Clinton St & Madison St,7603,41.8827604,-87.6412057,250,transit,41.88413890871948,-87.64089974572244,,,,,,,platform,platform,
Clinton St & Madison St,7603,41.8827604,-87.6412057,250,transit,41.884247155655665,-87.64076347985693,,,,,,,platform,platform,
Clinton St & Madison St,7603,41.8827604,-87.6412057,250,transit,41.884099117229454,-87.64061148039818,,,,,,,platform,platform,
Clinton St & Madison St,7603,41.8827604,-87.6412057,250,transit,41.88397666167115,-87.64046417459053,,,,,,,platform,platform,
Clinton St & Madison St,7603,41.8827604,-87.6412057,250,transit,41.88375972557573,-87.64031147244259,,,,,,,platform,platform,
Clinton St & Madison St,7603,41.8827604,-87.6412057,250,transit,41.88377133919967,-87.64016983756635,,,,,,,platform,platform,
Clinton St & Madison St,7603,41.8827604,-87.6412057,250,transit,41.883748165032216,-87.64002505660527,,,,,,,platform,platform,
Clinton St & Madison St,7603,41.8827604,-87.6412057,250,office,41.88244603493443,-87.64341049354519,Harold Washington Social Security Center,,,,government,,,,
Clinton St & Madison St,7603,41.8827604,-87.6412057,250,other_amenity,41.88241826733373,-87.64230253410132,,parking,,,,,,,
Clinton St & Madison St,7603,41.8827604,-87.6412057,250,office,41.88149127147921,-87.64020125544778,AT&T,,,,telecommunication,,,,
Clinton St & Madison St,7603,41.8827604,-87.6412057,250,office,41.8833855502971,-87.64313220001586,IBEW 134,,,,union,,,,
Clinton St & Madison St,7603,41.8827604,-87.6412057,250,office,41.88528516500242,-87.64234466772426,Chicago Transit Authority Headquarters,,,,company,,,,
Clinton St & Madison St,7603,41.8827604,-87.6412057,250,office,41.88352247727794,-87.64168295150169,Zurich,,,,insurance,,,,
Clinton St & Madison St,7603,41.8827604,-87.6412057,250,transit,41.88031378322341,-87.6393833230786,,,,,,,platform,platform,
Clinton St & Madison St,7603,41.8827604,-87.6412057,250,transit,41.88016137966993,-87.63956834354447,,,,,,,platform,platform,
Clinton St & Madison St,7603,41.8827604,-87.6412057,250,transit,41.88065496094194,-87.63890009085605,,,,,,,platform,platform,
Clinton St & Madison St,7603,41.8827604,-87.6412057,250,transit,41.88031049664176,-87.6390596601712,,,,,,,platform,platform,
Clinton St & Madison St,7603,41.8827604,-87.6412057,250,transit,41.88033059641015,-87.63922675295612,,,,,,,platform,platform,
Clinton St & Madison St,7603,41.8827604,-87.6412057,250,other_amenity,41.88138874390729,-87.64339513111315,Presidential Towers Garage,parking,,,,,,,
Clinton St & Madison St,7603,41.8827604,-87.6412057,250,office,41.881479946424584,-87.64076331486154,AT&T,,,,telecommunication,,,,
Clinton St & Madison St,7603,41.8827604,-87.6412057,250,other_amenity,41.88508639805652,-87.64172636267776,,parking,,,,,,,
Clinton St & Madison St,7603,41.8827604,-87.6412057,250,other_amenity,41.88465174913753,-87.64316854165301,,parking,,,,,,,
Clinton St & Madison St,7603,41.8827604,-87.6412057,250,other_amenity,41.883440590396866,-87.6424759109808,,parking,,,,,,,
Clinton St & Madison St,7603,41.8827604,-87.6412057,250,transit,41.88074794726124,-87.63898243582949,,,,,,,no,platform,
Clinton St & Madison St,7603,41.8827604,-87.6412057,250,transit,41.880396642704845,-87.63914729558708,,,,,,,no,platform,
Clinton St & Madison St,7603,41.8827604,-87.6412057,250,transit,41.88033117472137,-87.6393039287632,,,,,,,no,platform,
Clinton St & Madison St,7603,41.8827604,-87.6412057,250,transit,41.8802515722555,-87.63947732899784,,,,,,,no,platform,
Clinton St & Madison St,7603,41.8827604,-87.6412057,250,recreation,41.88499176328794,-87.63875899109952,Park at 150 N Riverside,,,,,park,,,
Clinton St & Madison St,7603,41.8827604,-87.6412057,250,transit,41.885312040715824,-87.64011461869008,,,,,,,no,platform,
Clinton St & Madison St,7603,41.8827604,-87.6412057,250,food_drink,41.88491514840175,-87.63842084084433,Small Cheval - Riverside,restaurant,,,,,,,
Clinton St & Madison St,7603,41.8827604,-87.6412057,250,recreation,41.88122989998731,-87.64148824999837,,,,,,swimming_pool,,,
Clinton St & Madison St,7603,41.8827604,-87.6412057,250,recreation,41.88299507376958,-87.64301899321443,,,,,,garden,,,
Clinton St & Madison St,7603,41.8827604,-87.6412057,250,recreation,41.88298931299363,-87.64363032397283,,,,,,garden,,,
Clinton St & Madison St,7603,41.8827604,-87.6412057,250,recreation,41.88293624062151,-87.64230281126996,,,,,,park,,,
Clinton St & Madison St,7603,41.8827604,-87.6412057,250,transit,41.88220108365939,-87.64118687693563,,taxi,,,,,,,
Clinton St & Madison St,7603,41.8827604,-87.6412057,250,other_amenity,41.88249398647771,-87.64119650608208,,parking,,,,,,,
Clinton St & Madison St,7603,41.8827604,-87.6412057,250,transit,41.88183805018473,-87.63916385001525,,taxi,,,,,,,
Clinton St & Madison St,7603,41.8827604,-87.6412057,250,other_amenity,41.88414220754078,-87.64124878042294,,parking,,,,,,,
Clinton St & Madison St,7603,41.8827604,-87.6412057,250,transit,41.88385831314775,-87.64123988912583,,taxi,,,,,,,
Clinton St & Madison St,7603,41.8827604,-87.6412057,250,other_amenity,41.884850964728656,-87.64126392605402,,parking,,,,,,,
Clinton St & Madison St,7603,41.8827604,-87.6412057,250,recreation,41.88479029897979,-87.63888557760573,,,,,,garden,,,
Clinton St & Madison St,7603,41.8827604,-87.6412057,250,recreation,41.88497743882802,-87.63893123852132,,,,,,garden,,,
Clinton St & Madison St,7603,41.8827604,-87.6412057,250,recreation,41.885248437303005,-87.63874895478598,,,,,,garden,,,
Clinton St & Madison St,7603,41.8827604,-87.6412057,250,recreation,41.88497805941656,-87.63891899069847,,,,,,garden,,,
Clinton St & Madison St,7603,41.8827604,-87.6412057,250,recreation,41.88474213905076,-87.63866874675085,,,,,,garden,,,
Clinton St & Madison St,7603,41.8827604,-87.6412057,250,recreation,41.88499229469935,-87.63868836577392,,,,,,outdoor_seating,,,
Clinton St & Madison St,7603,41.8827604,-87.6412057,250,recreation,41.88489131721288,-87.63840340538518,,,,,,garden,,,
Clinton St & Madison St,7603,41.8827604,-87.6412057,250,recreation,41.8850180666671,-87.63822940000233,,,,,,garden,,,
Clinton St & Madison St,7603,41.8827604,-87.6412057,250,recreation,41.88465256149249,-87.63836852589739,,,,,,garden,,,
Clinton St & Madison St,7603,41.8827604,-87.6412057,250,recreation,41.884756784744454,-87.63840397331523,,,,,,garden,,,
Clinton St & Madison St,7603,41.8827604,-87.6412057,250,recreation,41.883926447977046,-87.63845160259821,,,,,,garden,,,
Clinton St & Madison St,7603,41.8827604,-87.6412057,250,recreation,41.88424653479627,-87.63838064344431,,,,,,outdoor_seating,,,
Clinton St & Madison St,7603,41.8827604,-87.6412057,250,other_amenity,41.88375234416566,-87.63972087081082,,parking,,,,,,,
Clinton St & Madison St,7603,41.8827604,-87.6412057,250,recreation,41.88326325541958,-87.6387872241367,,,,,,garden,,,
Clinton St & Madison St,7603,41.8827604,-87.6412057,250,recreation,41.883261400000144,-87.6387436,,,,,,garden,,,
Clinton St & Madison St,7603,41.8827604,-87.6412057,250,recreation,41.88325990547165,-87.63870532414118,,,,,,garden,,,
Clinton St & Madison St,7603,41.8827604,-87.6412057,250,recreation,41.88326497587355,-87.63882491265929,,,,,,garden,,,
Clinton St & Madison St,7603,41.8827604,-87.6412057,250,recreation,41.883267500000144,-87.63887000000001,,,,,,garden,,,
Clinton St & Madison St,7603,41.8827604,-87.6412057,250,recreation,41.88327185000013,-87.63903875,,,,,,garden,,,
Clinton St & Madison St,7603,41.8827604,-87.6412057,250,recreation,41.88327387587579,-87.63906576258013,,,,,,garden,,,
Clinton St & Madison St,7603,41.8827604,-87.6412057,250,recreation,41.88327464458071,-87.6390930758633,,,,,,garden,,,
Clinton St & Madison St,7603,41.8827604,-87.6412057,250,recreation,41.88438055000014,-87.6395987,,,,,,garden,,,
Clinton St & Madison St,7603,41.8827604,-87.6412057,250,recreation,41.88438257509137,-87.63943198728364,,,,,,garden,,,
Clinton St & Madison St,7603,41.8827604,-87.6412057,250,recreation,41.88438282490889,-87.63931241271635,,,,,,garden,,,
Clinton St & Madison St,7603,41.8827604,-87.6412057,250,recreation,41.884383350000135,-87.6391997,,,,,,garden,,,
Clinton St & Madison St,7603,41.8827604,-87.6412057,250,recreation,41.884531755503126,-87.63961772510459,,,,,,garden,,,
Clinton St & Madison St,7603,41.8827604,-87.6412057,250,recreation,41.88453437509138,-87.63943368728364,,,,,,garden,,,
Clinton St & Madison St,7603,41.8827604,-87.6412057,250,recreation,41.88453497509138,-87.63919858728364,,,,,,garden,,,
Clinton St & Madison St,7603,41.8827604,-87.6412057,250,recreation,41.88453466958812,-87.63930066225714,,,,,,garden,,,
Clinton St & Madison St,7603,41.8827604,-87.6412057,250,recreation,41.88453291945721,-87.63952908761196,,,,,,garden,,,
Clinton St & Madison St,7603,41.8827604,-87.6412057,250,recreation,41.88438421945722,-87.63858998761197,,,,,,garden,,,
Clinton St & Madison St,7603,41.8827604,-87.6412057,250,recreation,41.88438392490888,-87.63867471271635,,,,,,garden,,,
Clinton St & Madison St,7603,41.8827604,-87.6412057,250,recreation,41.884384224908885,-87.63878891271636,,,,,,garden,,,
Clinton St & Madison St,7603,41.8827604,-87.6412057,250,recreation,41.88438392490888,-87.63891101271635,,,,,,garden,,,
Clinton St & Madison St,7603,41.8827604,-87.6412057,250,recreation,41.88419904999888,-87.63843614999985,,,,,,garden,,,
Clinton St & Madison St,7603,41.8827604,-87.6412057,250,recreation,41.8841155999987,-87.63847449999982,,,,,,garden,,,
Clinton St & Madison St,7603,41.8827604,-87.6412057,250,recreation,41.88386789999843,-87.63850479999986,,,,,,garden,,,
Clinton St & Madison St,7603,41.8827604,-87.6412057,250,recreation,41.88378389999865,-87.63851469999989,,,,,,garden,,,
Clinton St & Madison St,7603,41.8827604,-87.6412057,250,recreation,41.88370279999859,-87.63852494999988,,,,,,garden,,,
Clinton St & Madison St,7603,41.8827604,-87.6412057,250,recreation,41.883620126200206,-87.63853547488372,,,,,,garden,,,
Clinton St & Madison St,7603,41.8827604,-87.6412057,250,recreation,41.883536874634395,-87.63854552477152,,,,,,garden,,,
Clinton St & Madison St,7603,41.8827604,-87.6412057,250,recreation,41.88345554999825,-87.63855399999967,,,,,,garden,,,
Clinton St & Madison St,7603,41.8827604,-87.6412057,250,recreation,41.882954593777775,-87.63944925483226,,,,,,garden,,,
Clinton St & Madison St,7603,41.8827604,-87.6412057,250,recreation,41.88212165315603,-87.63944446973214,,,,,,garden,,,
Clinton St & Madison St,7603,41.8827604,-87.6412057,250,recreation,41.88217123088445,-87.63932520009928,,,,,,garden,,,
Clinton St & Madison St,7603,41.8827604,-87.6412057,250,recreation,41.882124040497274,-87.63934724871139,,,,,,outdoor_seating,,,
Clinton St & Madison St,7603,41.8827604,-87.6412057,250,recreation,41.882956617348306,-87.63935783478783,,,,,,outdoor_seating,,,
Clinton St & Madison St,7603,41.8827604,-87.6412057,250,recreation,41.88299191299755,-87.6392583574474,,,,,,outdoor_seating,,,
Clinton St & Madison St,7603,41.8827604,-87.6412057,250,recreation,41.882762115120755,-87.63924949236035,,,,,,outdoor_seating,,,
Clinton St & Madison St,7603,41.8827604,-87.6412057,250,recreation,41.88274300782168,-87.63909962983713,,,,,,outdoor_seating,,,
Clinton St & Madison St,7603,41.8827604,-87.6412057,250,recreation,41.88254822861031,-87.63891499550914,,,,,,garden,,,
Clinton St & Madison St,7603,41.8827604,-87.6412057,250,transit,41.88220737601028,-87.63865086745733,Ogilvie / Union (West Loop) - Chicago Water Taxi Terminal,,,,,,station,,
Clinton St & Madison St,7603,41.8827604,-87.6412057,250,recreation,41.88279360000037,-87.6387184,,bench,,,,garden,,,
Clinton St & Madison St,7603,41.8827604,-87.6412057,250,recreation,41.88279290000037,-87.6388848,,bench,,,,garden,,,
Clinton St & Madison St,7603,41.8827604,-87.6412057,250,recreation,41.882704800000376,-87.6388848,,bench,,,,garden,,,
Clinton St & Madison St,7603,41.8827604,-87.6412057,250,recreation,41.88270250000037,-87.6387185,,bench,,,,garden,,,
Clinton St & Madison St,7603,41.8827604,-87.6412057,250,recreation,41.88256225000037,-87.6387088,,bench,,,,garden,,,
Clinton St & Madison St,7603,41.8827604,-87.6412057,250,recreation,41.88246365000037,-87.63871080000001,,bench,,,,garden,,,
Clinton St & Madison St,7603,41.8827604,-87.6412057,250,recreation,41.88241550000036,-87.63886469999998,,bench,,,,garden,,,
Clinton St & Madison St,7603,41.8827604,-87.6412057,250,recreation,41.88230540610633,-87.63886537523744,,bench,,,,garden,,,
Clinton St & Madison St,7603,41.8827604,-87.6412057,250,recreation,41.88234880610637,-87.63870377523745,,bench,,,,garden,,,
Clinton St & Madison St,7603,41.8827604,-87.6412057,250,recreation,41.88285400952998,-87.63877859187707,,,,,,garden,,,
Clinton St & Madison St,7603,41.8827604,-87.6412057,250,recreation,41.88300954999892,-87.63878619999979,,,,,,garden,,,
Clinton St & Madison St,7603,41.8827604,-87.6412057,250,recreation,41.88224232499491,-87.63875989294392,,,,,,garden,,,
Clinton St & Madison St,7603,41.8827604,-87.6412057,250,recreation,41.88303510475918,-87.63873901137117,,,,,,outdoor_seating,,,
Clinton St & Madison St,7603,41.8827604,-87.6412057,250,other_amenity,41.8824086841304,-87.63962212969481,,parking,,,,,,,
Clinton St & Madison St,7603,41.8827604,-87.6412057,250,other_amenity,41.882625548285795,-87.63962910075843,,parking,,,,,,,
Clinton St & Madison St,7603,41.8827604,-87.6412057,250,other_amenity,41.88286742382776,-87.63963860220227,,parking,,,,,,,
Clinton St & Madison St,7603,41.8827604,-87.6412057,250,transit,41.88230314194909,-87.639808651795,,taxi,,,,,,,
Clinton St & Madison St,7603,41.8827604,-87.6412057,250,other_amenity,41.882210829197426,-87.63988999996636,Canal St & Madison St,bicycle_rental,,,,,,,
Clinton St & Madison St,7603,41.8827604,-87.6412057,250,recreation,41.881516665036294,-87.63945809729034,,,,,,garden,,,
Clinton St & Madison St,7603,41.8827604,-87.6412057,250,recreation,41.8817083990869,-87.63945133263086,,,,,,garden,,,
Clinton St & Madison St,7603,41.8827604,-87.6412057,250,other_amenity,41.88111071820091,-87.63943943606623,,parking,,,,,,,
Clinton St & Madison St,7603,41.8827604,-87.6412057,250,other_amenity,41.881351602011286,-87.63944496361677,,parking,,,,,,,
Clinton St & Madison St,7603,41.8827604,-87.6412057,250,other_amenity,41.88165615918934,-87.63957121012089,Canal St & Madison St,bicycle_rental,,,,,,,
Clinton St & Madison St,7603,41.8827604,-87.6412057,250,recreation,41.88338134998607,-87.6439369499975,,,,,,swimming_pool,,,
Clinton St & Madison St,7603,41.8827604,-87.6412057,250,other_amenity,41.88259198936394,-87.64400872462438,,security_booth,,,,,,,
Clinton St & Madison St,7603,41.8827604,-87.6412057,250,other_amenity,41.882681649999945,-87.64287830000036,,security_booth,,,,,,,
Clinton St & Madison St,7603,41.8827604,-87.6412057,250,recreation,41.88498775001125,-87.64365195000079,,,,,,swimming_pool,,,
Clinton St & Madison St,7603,41.8827604,-87.6412057,250,recreation,41.8804327171171,-87.63868926987463,,,,,,garden,,,
Clinton St & Madison St,7603,41.8827604,-87.6412057,250,other_amenity,41.88509028490551,-87.64056967266907,Metra Market Parking,parking,,,,,,,
Clinton St & Madison St,7603,41.8827604,-87.6412057,250,other_amenity,41.8839378968485,-87.64056366687446,,shelter,,,,,,,
Clinton St & Madison St,7603,41.8827604,-87.6412057,250,retail,41.88385774798462,-87.6405306926617,MetraMarket,,mall,,,,,,
Clinton St & Madison St,7603,41.8827604,-87.6412057,250,food_drink,41.88426377261104,-87.64091367894366,Cupitol,cafe,yes,,,,,,
Clinton St & Madison St,7603,41.8827604,-87.6412057,250,food_drink,41.8840654413651,-87.640812884437,Chicago French Market,food_court,yes,,,,,,
Clinton St & Madison St,7603,41.8827604,-87.6412057,250,food_drink,41.88394000348915,-87.64099205654179,Ovie Bar & Grill,pub,,,,,,,
Clinton St & Madison St,7603,41.8827604,-87.6412057,250,retail,41.88389473399002,-87.6408218996764,Spackle Nail Solon,,beauty,,,,,,
Clinton St & Madison St,7603,41.8827604,-87.6412057,250,retail,41.88393893000737,-87.64052501067943,,,vacant,,,,,,
Clinton St & Madison St,7603,41.8827604,-87.6412057,250,retail,41.88364817297341,-87.64095523151157,,,vacant,,,,,,
Clinton St & Madison St,7603,41.8827604,-87.6412057,250,retail,41.88365038806022,-87.64081071968556,Great Clips,,hairdresser,,,,,,
Clinton St & Madison St,7603,41.8827604,-87.6412057,250,retail,41.883652257469485,-87.64066710664078,Metra,,ticket,,,,,,
Clinton St & Madison St,7603,41.8827604,-87.6412057,250,retail,41.88398977979022,-87.64037455504163,,,vacant,,,,,,
Clinton St & Madison St,7603,41.8827604,-87.6412057,250,retail,41.88395685715563,-87.64022867668974,The Booze Caboose,,alcohol,,,,,,
Clinton St & Madison St,7603,41.8827604,-87.6412057,250,retail,41.884069134579875,-87.64010128935404,,,vacant,,,,,,
Clinton St & Madison St,7603,41.8827604,-87.6412057,250,retail,41.88427704923894,-87.6400896944663,,,vacant,,,,,,
Clinton St & Madison St,7603,41.8827604,-87.6412057,250,retail,41.88360734194615,-87.64025251747843,,,vacant,,,,,,
Clinton St & Madison St,7603,41.8827604,-87.6412057,250,retail,41.8836126081795,-87.64006787900296,,,vacant,,,,,,
Clinton St & Madison St,7603,41.8827604,-87.6412057,250,retail,41.883462409291226,-87.64008911703453,,,vacant,,,,,,
Clinton St & Madison St,7603,41.8827604,-87.6412057,250,office,41.883399130245856,-87.64021038273883,AT&T,,,,telecommunication,,,,
Clinton St & Madison St,7603,41.8827604,-87.6412057,250,other_amenity,41.88276112123207,-87.64120573801945,Clinton St / Madison St,bicycle_rental,,,,,,,
Clinton St & Madison St,7603,41.8827604,-87.6412057,250,other_amenity,41.88346755142465,-87.64115691444202,Clinton St & Washington Blvd,bicycle_rental,,,,,,,
Clinton St & Madison St,7603,41.8827604,-87.6412057,250,recreation,41.88426019999929,-87.64116489999985,,,,,,outdoor_seating,,,
Clinton St & Madison St,7603,41.8827604,-87.6412057,250,recreation,41.88418999999931,-87.64116459999985,,,,,,outdoor_seating,,,
Clinton St & Madison St,7603,41.8827604,-87.6412057,250,recreation,41.88412309999929,-87.64116239999986,,,,,,outdoor_seating,,,
Clinton St & Madison St,7603,41.8827604,-87.6412057,250,recreation,41.881937613274225,-87.64191747097587,,,,,,garden,,,
Clinton St & Madison St,7603,41.8827604,-87.6412057,250,recreation,41.88193784896504,-87.64172497863666,,,,,,garden,,,
Clinton St & Madison St,7603,41.8827604,-87.6412057,250,recreation,41.88194126905254,-87.64153396737191,,,,,,garden,,,
Clinton St & Madison St,7603,41.8827604,-87.6412057,250,recreation,41.88204504389784,-87.64150602618109,,,,,,garden,,,
Clinton St & Madison St,7603,41.8827604,-87.6412057,250,recreation,41.88203567791035,-87.64172821124005,,,,,,garden,,,
Clinton St & Madison St,7603,41.8827604,-87.6412057,250,recreation,41.882033175541494,-87.64196981202215,,,,,,garden,,,
Clinton St & Madison St,7603,41.8827604,-87.6412057,250,other_amenity,41.88403527827785,-87.644229428002,,parking,,,,,,,
Clinton St & Madison St,7603,41.8827604,-87.6412057,250,other_amenity,41.88360065358511,-87.6442170641337,,parking,,,,,,,
Clinton St & Madison St,7603,41.8827604,-87.6412057,250,other_amenity,41.88281912919558,-87.64418663662569,,parking,,,,,,,
Clinton St & Madison St,7603,41.8827604,-87.6412057,250,other_amenity,41.88399288274044,-87.64358305539277,,parking,,,,,,,
Streeter Dr & Grand Ave,7584,41.8922419,-87.6119493,250,transit,41.8928775,-87.6107126,Navy Pier Terminal,,,,,,stop_position,,
Streeter Dr & Grand Ave,7584,41.8922419,-87.6119493,250,food_drink,41.8914624,-87.6094084,Harry Caray's Tavern,pub,,,,,,,
Streeter Dr & Grand Ave,7584,41.8922419,-87.6119493,250,other_amenity,41.893064800000005,-87.6135891,,bicycle_parking,,,,,,,
Streeter Dr & Grand Ave,7584,41.8922419,-87.6119493,250,other_amenity,41.892989,-87.613458,,drinking_water,,,,,,,
Streeter Dr & Grand Ave,7584,41.8922419,-87.6119493,250,food_drink,41.893122999999996,-87.6128059,Caffè Oliva,restaurant,,,,,,,
Streeter Dr & Grand Ave,7584,41.8922419,-87.6119493,250,other_amenity,41.89312509999999,-87.6124837,,atm,,,,,,,
Streeter Dr & Grand Ave,7584,41.8922419,-87.6119493,250,food_drink,41.89303189999999,-87.61362819999998,Caffè Oliva concession,fast_food,,,,,,,
Streeter Dr & Grand Ave,7584,41.8922419,-87.6119493,250,other_amenity,41.893134,-87.613781,Beach Lockers,locker,,,,,,,
Streeter Dr & Grand Ave,7584,41.8922419,-87.6119493,250,recreation,41.893013,-87.6133738,Chess Table,,,,,picnic_table,,,
Streeter Dr & Grand Ave,7584,41.8922419,-87.6119493,250,tourism,41.8913145,-87.6102083,Crack The Whip,,,artwork,,,,,
Streeter Dr & Grand Ave,7584,41.8922419,-87.6119493,250,transit,41.8909667,-87.6092189,Navy Pier (Lake Route),ferry_terminal,,,,,station,,
Streeter Dr & Grand Ave,7584,41.8922419,-87.6119493,250,transit,41.8905809,-87.6122081,Navy Pier (River Route),ferry_terminal,,,,,station,,
Streeter Dr & Grand Ave,7584,41.8922419,-87.6119493,250,food_drink,41.8912617,-87.6149427,Kanela Breakfast Club,restaurant,,,,,,,
Streeter Dr & Grand Ave,7584,41.8922419,-87.6119493,250,transit,41.892063099999994,-87.6121554,Grand & Streeter,,,,,,platform,,
Streeter Dr & Grand Ave,7584,41.8922419,-87.6119493,250,transit,41.8925955,-87.6100608,Navy Pier Terminal,,,,,,platform,,
Streeter Dr & Grand Ave,7584,41.8922419,-87.6119493,250,transit,41.892343999999994,-87.6100531,Navy Pier Terminal,,,,,,platform,,
Streeter Dr & Grand Ave,7584,41.8922419,-87.6119493,250,transit,41.89259210000001,-87.610207,Navy Pier Terminal,,,,,,platform,,
Streeter Dr & Grand Ave,7584,41.8922419,-87.6119493,250,transit,41.89234129999999,-87.6101955,Navy Pier Terminal,,,,,,platform,,
Streeter Dr & Grand Ave,7584,41.8922419,-87.6119493,250,transit,41.8923514,-87.6101408,Navy Pier Terminal,,,,,,stop_position,,
Streeter Dr & Grand Ave,7584,41.8922419,-87.6119493,250,transit,41.892594499999994,-87.6101467,Navy Pier Terminal,,,,,,stop_position,,
Streeter Dr & Grand Ave,7584,41.8922419,-87.6119493,250,transit,41.8923497,-87.60999089999999,Navy Pier Terminal,,,,,,stop_position,,
Streeter Dr & Grand Ave,7584,41.8922419,-87.6119493,250,transit,41.8925973,-87.6099945,Navy Pier Terminal,,,,,,stop_position,,
Streeter Dr & Grand Ave,7584,41.8922419,-87.6119493,250,transit,41.89195579999999,-87.61213500000001,Grand & Streeter,,,,,,stop_position,,
Streeter Dr & Grand Ave,7584,41.8922419,-87.6119493,250,other_amenity,41.89224190000001,-87.6119493,Streeter Dr & Grand Ave,bicycle_rental,,,,,,,
Streeter Dr & Grand Ave,7584,41.8922419,-87.6119493,250,food_drink,41.891310100000005,-87.6120001,Casa Margarita,restaurant,,,,,,,
Streeter Dr & Grand Ave,7584,41.8922419,-87.6119493,250,retail,41.89178439999999,-87.609325,Brown Sugar Bakery,,bakery,,,,,,
Streeter Dr & Grand Ave,7584,41.8922419,-87.6119493,250,food_drink,41.8919214,-87.6096658,Giordano's Pizzeria,restaurant,,,,,,,
Streeter Dr & Grand Ave,7584,41.8922419,-87.6119493,250,retail,41.89063910000001,-87.6117306,Shoreline Sightseeing,,ticket,,,,,,
Streeter Dr & Grand Ave,7584,41.8922419,-87.6119493,250,retail,41.89106389999999,-87.6089389,Shoreline Sightseeing,,ticket,,,,,,
Streeter Dr & Grand Ave,7584,41.8922419,-87.6119493,250,tourism,41.890291500000004,-87.6101902,,,,picnic_site,,,,,
Streeter Dr & Grand Ave,7584,41.8922419,-87.6119493,250,tourism,41.8903468,-87.60994330000001,,,,picnic_site,,,,,
Streeter Dr & Grand Ave,7584,41.8922419,-87.6119493,250,tourism,41.8903914,-87.6098477,,,,picnic_site,,,,,
Streeter Dr & Grand Ave,7584,41.8922419,-87.6119493,250,tourism,41.8905155,-87.6097095,,,,picnic_site,,,,,
Streeter Dr & Grand Ave,7584,41.8922419,-87.6119493,250,tourism,41.8905738,-87.60972570000001,,,,picnic_site,,,,,
Streeter Dr & Grand Ave,7584,41.8922419,-87.6119493,250,other_amenity,41.89121589999999,-87.6094482,,bench,,,,,,,
Streeter Dr & Grand Ave,7584,41.8922419,-87.6119493,250,other_amenity,41.891214899999994,-87.6093724,,bench,,,,,,,
Streeter Dr & Grand Ave,7584,41.8922419,-87.6119493,250,other_amenity,41.89121840000001,-87.6090747,,bench,,,,,,,
Streeter Dr & Grand Ave,7584,41.8922419,-87.6119493,250,other_amenity,41.89108159999999,-87.6091444,,bench,,,,,,,
Streeter Dr & Grand Ave,7584,41.8922419,-87.6119493,250,other_amenity,41.891080599999995,-87.6092202,,bench,,,,,,,
Streeter Dr & Grand Ave,7584,41.8922419,-87.6119493,250,other_amenity,41.891080099999996,-87.6092953,,bench,,,,,,,
Streeter Dr & Grand Ave,7584,41.8922419,-87.6119493,250,other_amenity,41.8910796,-87.6093657,,bench,,,,,,,
Streeter Dr & Grand Ave,7584,41.8922419,-87.6119493,250,other_amenity,41.891078099999994,-87.6094381,,bench,,,,,,,
Streeter Dr & Grand Ave,7584,41.8922419,-87.6119493,250,other_amenity,41.89203919999999,-87.6092802,,bench,,,,,,,
Streeter Dr & Grand Ave,7584,41.8922419,-87.6119493,250,other_amenity,41.8917103,-87.6098045,,bench,,,,,,,
Streeter Dr & Grand Ave,7584,41.8922419,-87.6119493,250,other_amenity,41.891655799999995,-87.6098004,,bench,,,,,,,
Streeter Dr & Grand Ave,7584,41.8922419,-87.6119493,250,other_amenity,41.892851,-87.6098931,,bench,,,,,,,
Streeter Dr & Grand Ave,7584,41.8922419,-87.6119493,250,other_amenity,41.89278449999999,-87.6098923,,bench,,,,,,,
Streeter Dr & Grand Ave,7584,41.8922419,-87.6119493,250,other_amenity,41.8927192,-87.60989,,bench,,,,,,,
Streeter Dr & Grand Ave,7584,41.8922419,-87.6119493,250,other_amenity,41.892639499999994,-87.6098892,,bench,,,,,,,
Streeter Dr & Grand Ave,7584,41.8922419,-87.6119493,250,other_amenity,41.89255240000001,-87.6098862,,bench,,,,,,,
Streeter Dr & Grand Ave,7584,41.8922419,-87.6119493,250,other_amenity,41.8924733,-87.6098838,,bench,,,,,,,
Streeter Dr & Grand Ave,7584,41.8922419,-87.6119493,250,other_amenity,41.892253000000004,-87.6099049,Ventra,vending_machine,,,,,,,
Streeter Dr & Grand Ave,7584,41.8922419,-87.6119493,250,transit,41.89180619999999,-87.6099388,Paratransit,,,,,,platform,,
Streeter Dr & Grand Ave,7584,41.8922419,-87.6119493,250,tourism,41.891471999999986,-87.6092029,Chicago Children's Museum,,,museum,,,,,
Streeter Dr & Grand Ave,7584,41.8922419,-87.6119493,250,other_amenity,41.891903899999996,-87.6089882,,toilets,,,,,,,
Streeter Dr & Grand Ave,7584,41.8922419,-87.6119493,250,other_amenity,41.8931508,-87.6123197,Bobby's Kayak,boat_rental,,,,,,,
Streeter Dr & Grand Ave,7584,41.8922419,-87.6119493,250,transit,41.89284180000001,-87.6106736,Navy Pier Terminal,,,,,,platform,,
Streeter Dr & Grand Ave,7584,41.8922419,-87.6119493,250,transit,41.891056199999994,-87.6130042,Illinois & Lake Shore Drive,,,,,,platform,,
Streeter Dr & Grand Ave,7584,41.8922419,-87.6119493,250,tourism,41.89101289999999,-87.6128145,,,,artwork,,,,,
Streeter Dr & Grand Ave,7584,41.8922419,-87.6119493,250,transit,41.89112359999999,-87.6130104,Illinois & Lake Shore Drive,,,,,,stop_position,,
Streeter Dr & Grand Ave,7584,41.8922419,-87.6119493,250,other_amenity,41.89103999999999,-87.6104476,,vending_machine,,,,,,,
Streeter Dr & Grand Ave,7584,41.8922419,-87.6119493,250,other_amenity,41.890982100000016,-87.6104767,,toilets,,,,,,,
Streeter Dr & Grand Ave,7584,41.8922419,-87.6119493,250,transit,41.89063139999998,-87.6116569,Shoreline Sightseeing,ferry_terminal,,,,,station,,
Streeter Dr & Grand Ave,7584,41.8922419,-87.6119493,250,other_amenity,41.8912438,-87.6123264,,loading_dock,,,,,,,
Streeter Dr & Grand Ave,7584,41.8922419,-87.6119493,250,other_amenity,41.89195959999999,-87.60994130000002,,post_box,,,,,,,
Streeter Dr & Grand Ave,7584,41.8922419,-87.6119493,250,tourism,41.89099339999999,-87.6134232,,,,information,,,,,
Streeter Dr & Grand Ave,7584,41.8922419,-87.6119493,250,other_amenity,41.8910439,-87.6120582,,bicycle_parking,,,,,,,
Streeter Dr & Grand Ave,7584,41.8922419,-87.6119493,250,tourism,41.891075799999996,-87.61141290000002,,,,information,,,,,
Streeter Dr & Grand Ave,7584,41.8922419,-87.6119493,250,tourism,41.89190349999999,-87.6090681,Flyover,,,attraction,,,,,
Streeter Dr & Grand Ave,7584,41.8922419,-87.6119493,250,other_amenity,41.89106989999999,-87.6090548,,waste_basket,,,,,,,
Streeter Dr & Grand Ave,7584,41.8922419,-87.6119493,250,other_amenity,41.891142099999996,-87.6103392,,waste_basket,,,,,,,
Streeter Dr & Grand Ave,7584,41.8922419,-87.6119493,250,other_amenity,41.8901687,-87.610574,,waste_basket,,,,,,,
Streeter Dr & Grand Ave,7584,41.8922419,-87.6119493,250,other_amenity,41.8918538,-87.61041069999999,,waste_basket,,,,,,,
Streeter Dr & Grand Ave,7584,41.8922419,-87.6119493,250,other_amenity,41.89072760000001,-87.6103437,,bench,,,,,,,
Streeter Dr & Grand Ave,7584,41.8922419,-87.6119493,250,other_amenity,41.8908774,-87.6103356,,bench,,,,,,,
Streeter Dr & Grand Ave,7584,41.8922419,-87.6119493,250,other_amenity,41.8915189,-87.610906,,drinking_water,,,,,,,
Streeter Dr & Grand Ave,7584,41.8922419,-87.6119493,250,other_amenity,41.89121399999999,-87.60992560000001,,waste_basket,,,,,,,
Streeter Dr & Grand Ave,7584,41.8922419,-87.6119493,250,other_amenity,41.89125839999999,-87.6108029,,bench,,,,,,,
Streeter Dr & Grand Ave,7584,41.8922419,-87.6119493,250,other_amenity,41.891159200000004,-87.6107878,,waste_basket,,,,,,,
Streeter Dr & Grand Ave,7584,41.8922419,-87.6119493,250,other_amenity,41.891365,-87.6108066,,bench,,,,,,,
Streeter Dr & Grand Ave,7584,41.8922419,-87.6119493,250,tourism,41.890489200000005,-87.6097751,,,,artwork,,,,,
Streeter Dr & Grand Ave,7584,41.8922419,-87.6119493,250,tourism,41.8912135,-87.6110225,Illinois & Michigan National Heritage Corridor,,,information,,,,,
Streeter Dr & Grand Ave,7584,41.8922419,-87.6119493,250,retail,41.891048100000006,-87.6109188,Bike & Roll,bicycle_rental,rental,,,,,,
Streeter Dr & Grand Ave,7584,41.8922419,-87.6119493,250,other_amenity,41.8909839,-87.6103368,,bench,,,,,,,
Streeter Dr & Grand Ave,7584,41.8922419,-87.6119493,250,tourism,41.891220800000006,-87.609026,Route 66 New Start Point,,,information,,,,,
Streeter Dr & Grand Ave,7584,41.8922419,-87.6119493,250,tourism,41.891282199999985,-87.6089629,,,,artwork,,,,,
Streeter Dr & Grand Ave,7584,41.8922419,-87.6119493,250,other_amenity,41.891610699999994,-87.6133837,,post_box,,,,,,,
Streeter Dr & Grand Ave,7584,41.8922419,-87.6119493,250,food_drink,41.891428600000005,-87.6096534,Reunion by Chef Art Smith,restaurant,,,,,,,
Streeter Dr & Grand Ave,7584,41.8922419,-87.6119493,250,recreation,41.885869160519995,-87.60287636317013,Chicago Harbor,,,,,marina,,,
Streeter Dr & Grand Ave,7584,41.8922419,-87.6119493,250,recreation,41.94548625822985,-87.63798955531749,Lincoln (Abraham) Park,,,,,park,,,
Streeter Dr & Grand Ave,7584,41.8922419,-87.6119493,250,transit,41.89255193969587,-87.61007341670802,,,,,,,platform,,
Streeter Dr & Grand Ave,7584,41.8922419,-87.6119493,250,recreation,41.89295279670767,-87.61289140325155,Jane Addams Memorial Natural Area,,,,,nature_reserve,,,
Streeter Dr & Grand Ave,7584,41.8922419,-87.6119493,250,recreation,41.89222211166064,-87.60853995747615,,,,,,garden,,,
Streeter Dr & Grand Ave,7584,41.8922419,-87.6119493,250,transit,41.89255283952509,-87.61021975169639,,,,,,,platform,,
Streeter Dr & Grand Ave,7584,41.8922419,-87.6119493,250,tourism,41.89171565507005,-87.60441642619091,Navy Pier,,,attraction,,,,,
Streeter Dr & Grand Ave,7584,41.8922419,-87.6119493,250,recreation,41.89437728651785,-87.61041689322693,Milton Lee Olive Park,,,,,park,,,
Streeter Dr & Grand Ave,7584,41.8922419,-87.6119493,250,recreation,41.89100773141536,-87.61101429578348,Polk Bros Park,,,,,park,,,
Streeter Dr & Grand Ave,7584,41.8922419,-87.6119493,250,other_amenity,41.891667959316955,-87.61057977497104,,fountain,,,,,,,
Streeter Dr & Grand Ave,7584,41.8922419,-87.6119493,250,recreation,41.89150514959492,-87.61293846825762,,,,,,swimming_pool,,,
Streeter Dr & Grand Ave,7584,41.8922419,-87.6119493,250,recreation,41.89171634426834,-87.61190492954942,,,,,,playground,,,
Streeter Dr & Grand Ave,7584,41.8922419,-87.6119493,250,other_amenity,41.89410271736575,-87.60985007557959,Pool 2,fountain,,,,,,,
Streeter Dr & Grand Ave,7584,41.8922419,-87.6119493,250,other_amenity,41.893723849038736,-87.61087272718359,Pool 1,fountain,,,,,,,
Streeter Dr & Grand Ave,7584,41.8922419,-87.6119493,250,other_amenity,41.894327890212665,-87.61080951786762,Pool 3,fountain,,,,,,,
Streeter Dr & Grand Ave,7584,41.8922419,-87.6119493,250,recreation,41.89254250028939,-87.61277000038356,Jane Addams Memorial Park,,,,,park,,,
Streeter Dr & Grand Ave,7584,41.8922419,-87.6119493,250,other_amenity,41.892703049998154,-87.61007334999972,,shelter,,,,,,,
Streeter Dr & Grand Ave,7584,41.8922419,-87.6119493,250,other_amenity,41.89312307788737,-87.61001550603696,,toilets,,,,,,,
Streeter Dr & Grand Ave,7584,41.8922419,-87.6119493,250,other_amenity,41.89003110608353,-87.61005429914869,Polk Bros Park City Stage,theatre,,,,,,,
Streeter Dr & Grand Ave,7584,41.8922419,-87.6119493,250,transit,41.89272377762286,-87.61024931137196,Navy Pier Terminal,bus_station,,,,,station,,
Streeter Dr & Grand Ave,7584,41.8922419,-87.6119493,250,other_amenity,41.89094414966753,-87.6096920445481,,bicycle_parking,,,,,,,
Streeter Dr & Grand Ave,7584,41.8922419,-87.6119493,250,tourism,41.89092600350518,-87.61056912189142,Peoples Energy Welcome Pavillion,,,information,,,,,
Streeter Dr & Grand Ave,7584,41.8922419,-87.6119493,250,recreation,41.89013464829704,-87.61033212867119,,,,,,garden,,,
Streeter Dr & Grand Ave,7584,41.8922419,-87.6119493,250,recreation,41.89022212026023,-87.60996303138637,,,,,,garden,,,
Streeter Dr & Grand Ave,7584,41.8922419,-87.6119493,250,recreation,41.89002418110055,-87.61045404789331,,,,,,bleachers,,,
Streeter Dr & Grand Ave,7584,41.8922419,-87.6119493,250,recreation,41.890272679012966,-87.61091811451749,,,,,,garden,,,
Streeter Dr & Grand Ave,7584,41.8922419,-87.6119493,250,recreation,41.89026265598601,-87.61038921355338,,,,,,garden,,,
Streeter Dr & Grand Ave,7584,41.8922419,-87.6119493,250,recreation,41.89048025316564,-87.60990728607018,,,,,,garden,,,
Streeter Dr & Grand Ave,7584,41.8922419,-87.6119493,250,recreation,41.89038608254328,-87.61128928680772,,,,,,garden,,,
Streeter Dr & Grand Ave,7584,41.8922419,-87.6119493,250,recreation,41.89077130582349,-87.61129877262145,,,,,,garden,,,
Streeter Dr & Grand Ave,7584,41.8922419,-87.6119493,250,recreation,41.89038324028602,-87.61083937130434,,,,,,garden,,,
Streeter Dr & Grand Ave,7584,41.8922419,-87.6119493,250,recreation,41.890843366936046,-87.6098170748527,,,,,,garden,,,
Streeter Dr & Grand Ave,7584,41.8922419,-87.6119493,250,recreation,41.89053896394179,-87.60999308148843,,,,,,garden,,,
Streeter Dr & Grand Ave,7584,41.8922419,-87.6119493,250,recreation,41.89034965293409,-87.61037102387883,,,,,,garden,,,
Streeter Dr & Grand Ave,7584,41.8922419,-87.6119493,250,recreation,41.890824165500234,-87.61026668936736,,,,,,garden,,,
Streeter Dr & Grand Ave,7584,41.8922419,-87.6119493,250,recreation,41.890812109526,-87.61085443469783,,,,,,garden,,,
Streeter Dr & Grand Ave,7584,41.8922419,-87.6119493,250,recreation,41.89085355440429,-87.61056334821195,,,,,,garden,,,
Streeter Dr & Grand Ave,7584,41.8922419,-87.6119493,250,recreation,41.89126248114305,-87.60908644541561,,,,,,garden,,,
Streeter Dr & Grand Ave,7584,41.8922419,-87.6119493,250,recreation,41.89123276608271,-87.60941145253537,,,,,,garden,,,
Streeter Dr & Grand Ave,7584,41.8922419,-87.6119493,250,recreation,41.891374550166866,-87.60981994104435,,,,,,garden,,,
Streeter Dr & Grand Ave,7584,41.8922419,-87.6119493,250,recreation,41.89192546127421,-87.60984100120422,,,,,,garden,,,
Streeter Dr & Grand Ave,7584,41.8922419,-87.6119493,250,recreation,41.891860678190106,-87.60992445346383,,,,,,garden,,,
Streeter Dr & Grand Ave,7584,41.8922419,-87.6119493,250,recreation,41.891740378190114,-87.60991875346383,,,,,,garden,,,
Streeter Dr & Grand Ave,7584,41.8922419,-87.6119493,250,recreation,41.8916146143621,-87.60991672136302,,,,,,garden,,,
Streeter Dr & Grand Ave,7584,41.8922419,-87.6119493,250,recreation,41.89149382726593,-87.6099153936323,,,,,,garden,,,
Streeter Dr & Grand Ave,7584,41.8922419,-87.6119493,250,recreation,41.891371514362106,-87.60991002136299,,,,,,garden,,,
Streeter Dr & Grand Ave,7584,41.8922419,-87.6119493,250,recreation,41.89125421436211,-87.60990802136301,,,,,,garden,,,
Streeter Dr & Grand Ave,7584,41.8922419,-87.6119493,250,recreation,41.891806344994635,-87.61032608041475,,,,,,garden,,,
Streeter Dr & Grand Ave,7584,41.8922419,-87.6119493,250,recreation,41.891726628010844,-87.61032276530361,,,,,,garden,,,
Streeter Dr & Grand Ave,7584,41.8922419,-87.6119493,250,recreation,41.89161653635909,-87.61032044543046,,,,,,garden,,,
Streeter Dr & Grand Ave,7584,41.8922419,-87.6119493,250,recreation,41.89153912959971,-87.61031506464813,,,,,,garden,,,
Streeter Dr & Grand Ave,7584,41.8922419,-87.6119493,250,recreation,41.891542570010344,-87.61013790057999,,,,,,garden,,,
Streeter Dr & Grand Ave,7584,41.8922419,-87.6119493,250,recreation,41.891620553781316,-87.61014097495415,,,,,,garden,,,
Streeter Dr & Grand Ave,7584,41.8922419,-87.6119493,250,recreation,41.891731211361886,-87.61014405480333,,,,,,garden,,,
Streeter Dr & Grand Ave,7584,41.8922419,-87.6119493,250,recreation,41.89181147186364,-87.61014867570758,,,,,,garden,,,
Streeter Dr & Grand Ave,7584,41.8922419,-87.6119493,250,recreation,41.891315457760726,-87.61091792412402,,,,,,garden,,,
Streeter Dr & Grand Ave,7584,41.8922419,-87.6119493,250,recreation,41.8913233461072,-87.61022547046099,,,,,,garden,,,
Streeter Dr & Grand Ave,7584,41.8922419,-87.6119493,250,recreation,41.90233747228336,-87.62097451101263,Lakefront Trail,,,,,mixed-use_track,,,
Streeter Dr & Grand Ave,7584,41.8922419,-87.6119493,250,recreation,41.89089584351496,-87.61157699104615,,,,,,garden,,,
Streeter Dr & Grand Ave,7584,41.8922419,-87.6119493,250,recreation,41.89076923172727,-87.61221070031108,,,,,,garden,,,
Streeter Dr & Grand Ave,7584,41.8922419,-87.6119493,250,recreation,41.890693354494296,-87.61258149871198,,,,,,garden,,,
Streeter Dr & Grand Ave,7584,41.8922419,-87.6119493,250,tourism,41.890719200000234,-87.6096979,Captain on the Helm,,,artwork,,,,,
Streeter Dr & Grand Ave,7584,41.8922419,-87.6119493,250,transit,41.890914555678506,-87.60988494498514,,taxi,,,,,,,
Streeter Dr & Grand Ave,7584,41.8922419,-87.6119493,250,recreation,41.89000948930904,-87.61134662048948,,,,,,garden,,,
Streeter Dr & Grand Ave,7584,41.8922419,-87.6119493,250,other_amenity,41.890822899997815,-87.61012440000317,,shelter,,,,,,,
Streeter Dr & Grand Ave,7584,41.8922419,-87.6119493,250,other_amenity,41.892771249998155,-87.61007594999973,,shelter,,,,,,,
Streeter Dr & Grand Ave,7584,41.8922419,-87.6119493,250,other_amenity,41.89277014999816,-87.61021569999976,,shelter,,,,,,,
Streeter Dr & Grand Ave,7584,41.8922419,-87.6119493,250,other_amenity,41.89270123237886,-87.61021317446034,,shelter,,,,,,,
Streeter Dr & Grand Ave,7584,41.8922419,-87.6119493,250,other_amenity,41.892632067617456,-87.61021062553912,,shelter,,,,,,,
Streeter Dr & Grand Ave,7584,41.8922419,-87.6119493,250,other_amenity,41.89263464999816,-87.61007089999976,,shelter,,,,,,,
Streeter Dr & Grand Ave,7584,41.8922419,-87.6119493,250,other_amenity,41.89251624999816,-87.61006884999973,,shelter,,,,,,,
Streeter Dr & Grand Ave,7584,41.8922419,-87.6119493,250,other_amenity,41.89251474999816,-87.61020809999977,,shelter,,,,,,,
Streeter Dr & Grand Ave,7584,41.8922419,-87.6119493,250,other_amenity,41.892445149998146,-87.61020604999973,,shelter,,,,,,,
Streeter Dr & Grand Ave,7584,41.8922419,-87.6119493,250,other_amenity,41.892447049998154,-87.61006679999974,,shelter,,,,,,,
Streeter Dr & Grand Ave,7584,41.8922419,-87.6119493,250,other_amenity,41.89237894999815,-87.61006324999973,,shelter,,,,,,,
Streeter Dr & Grand Ave,7584,41.8922419,-87.6119493,250,other_amenity,41.89237786761746,-87.61020452553913,,shelter,,,,,,,
Streeter Dr & Grand Ave,7584,41.8922419,-87.6119493,250,other_amenity,41.89230784999815,-87.61020299999974,,shelter,,,,,,,
Streeter Dr & Grand Ave,7584,41.8922419,-87.6119493,250,other_amenity,41.89231124999816,-87.61006119999975,,shelter,,,,,,,
Streeter Dr & Grand Ave,7584,41.8922419,-87.6119493,250,recreation,41.89233502924064,-87.61356430183565,,,,,,garden,,,
Streeter Dr & Grand Ave,7584,41.8922419,-87.6119493,250,recreation,41.892558291933355,-87.61290466887125,,,,,,garden,,,
Streeter Dr & Grand Ave,7584,41.8922419,-87.6119493,250,recreation,41.89254323782996,-87.61284296391855,,,,,,garden,,,
Streeter Dr & Grand Ave,7584,41.8922419,-87.6119493,250,recreation,41.892494231916956,-87.61284892198702,,,,,,garden,,,
Streeter Dr & Grand Ave,7584,41.8922419,-87.6119493,250,recreation,41.89250790250107,-87.61291212786404,,,,,,garden,,,
Streeter Dr & Grand Ave,7584,41.8922419,-87.6119493,250,recreation,41.891348800038394,-87.61470195000119,,,,,,swimming_pool,,,
Streeter Dr & Grand Ave,7584,41.8922419,-87.6119493,250,recreation,41.89135137464534,-87.61455520647544,,,,,,hot_tub,,,
Streeter Dr & Grand Ave,7584,41.8922419,-87.6119493,250,other_amenity,41.89312701244051,-87.61245637329482,,toilets,,,,,,,
Streeter Dr & Grand Ave,7584,41.8922419,-87.6119493,250,recreation,41.890831430512556,-87.61302238058578,,,,,,garden,,,
Streeter Dr & Grand Ave,7584,41.8922419,-87.6119493,250,recreation,41.89076405948635,-87.61364278480217,,,,,,garden,,,
Streeter Dr & Grand Ave,7584,41.8922419,-87.6119493,250,recreation,41.890983105547456,-87.61258228960348,,,,,,garden,,,
Streeter Dr & Grand Ave,7584,41.8922419,-87.6119493,250,recreation,41.89295279670767,-87.61289140325155,,,,,,garden,,,
Streeter Dr & Grand Ave,7584,41.8922419,-87.6119493,250,recreation,41.893031351858504,-87.61368413198672,,,,,,garden,,,
Streeter Dr & Grand Ave,7584,41.8922419,-87.6119493,250,recreation,41.89293748899877,-87.61370655239133,,,,,,garden,,,
Streeter Dr & Grand Ave,7584,41.8922419,-87.6119493,250,other_amenity,41.89058682438905,-87.61013948154844,Taxi Parking,parking,,,,,,,
Streeter Dr & Grand Ave,7584,41.8922419,-87.6119493,250,other_amenity,41.89061293578687,-87.61102767129398,Bus Dropoff,parking,,,,,,,
Streeter Dr & Grand Ave,7584,41.8922419,-87.6119493,250,other_amenity,41.89142635911232,-87.60995833234993,,parking,,,,,,,
Streeter Dr & Grand Ave,7584,41.8922419,-87.6119493,250,other_amenity,41.89268803551362,-87.6113527782663,,parking,,,,,,,
Streeter Dr & Grand Ave,7584,41.8922419,-87.6119493,250,other_amenity,41.893035422343594,-87.61093613600342,,weighbridge,,,,,,,
Streeter Dr & Grand Ave,7584,41.8922419,-87.6119493,250,recreation,41.893917765466526,-87.60918045272834,,,,,,garden,,,
Streeter Dr & Grand Ave,7584,41.8922419,-87.6119493,250,recreation,41.893127759736046,-87.60990344520631,,,,,,garden,,,
Streeter Dr & Grand Ave,7584,41.8922419,-87.6119493,250,recreation,41.892622501839696,-87.61124158424695,,,,,,garden,,,
Streeter Dr & Grand Ave,7584,41.8922419,-87.6119493,250,recreation,41.89260416145229,-87.6114445700152,,,,,,garden,,,
Streeter Dr & Grand Ave,7584,41.8922419,-87.6119493,250,recreation,41.891387485058864,-87.60975549027286,,,,,,outdoor_seating,,,
Streeter Dr & Grand Ave,7584,41.8922419,-87.6119493,250,recreation,41.8912896405411,-87.60928401682729,,,,,,outdoor_seating,,,
Streeter Dr & Grand Ave,7584,41.8922419,-87.6119493,250,recreation,41.89369627226301,-87.61492482097069,,,,,,garden,,,
Streeter Dr & Grand Ave,7584,41.8922419,-87.6119493,250,tourism,41.892393421632526,-87.61063182211115,The Butterfly House,,,attraction,,,,,
Streeter Dr & Grand Ave,7584,41.8922419,-87.6119493,250,recreation,41.893152278596446,-87.6139142076809,Lakefront Trail,,,,,mixed-use_track,,,
Streeter Dr & Grand Ave,7584,41.8922419,-87.6119493,250,recreation,41.89349950180207,-87.61411086044869,Lakefront Trail,,,,,mixed-use_track,,,
Streeter Dr & Grand Ave,7584,41.8922419,-87.6119493,250,recreation,41.892752383431635,-87.60545321254467,Navy Pier Marina,,,,,marina,,,
Streeter Dr & Grand Ave,7584,41.8922419,-87.6119493,250,recreation,41.893518912255956,-87.61404622911203,Lakefront Trail,,,,,mixed-use_track,,,
Streeter Dr & Grand Ave,7584,41.8922419,-87.6119493,250,recreation,41.891208342679235,-87.61147259022364,,,,,,garden,,,
Streeter Dr & Grand Ave,7584,41.8922419,-87.6119493,250,recreation,41.89288144738634,-87.61032443377567,,,,,,garden,,,
Streeter Dr & Grand Ave,7584,41.8922419,-87.6119493,250,other_amenity,41.89095419999088,-87.61149739999878,,bicycle_parking,,,,,,,
Canal St & Madison St,7507,41.8816545,-87.6395712,250,other_amenity,41.8830166,-87.6374656,Opera School of Chicago,music_school,,,,,,,
Canal St & Madison St,7507,41.8816545,-87.6395712,250,transit,41.8829223,-87.6408104,Ogilvie Transportation Center,,,,,,stop_position,stop,
Canal St & Madison St,7507,41.8816545,-87.6395712,250,transit,41.8829206,-87.6409183,Ogilvie Transportation Center,,,,,,stop_position,stop,
Canal St & Madison St,7507,41.8816545,-87.6395712,250,transit,41.882921,-87.6409546,Ogilvie Transportation Center,,,,,,stop_position,stop,
Canal St & Madison St,7507,41.8816545,-87.6395712,250,transit,41.88292349999999,-87.640775,Ogilvie Transportation Center,,,,,,stop_position,stop,
Canal St & Madison St,7507,41.8816545,-87.6395712,250,transit,41.88291,-87.64106050000001,Ogilvie Transportation Center,,,,,,stop_position,stop,
Canal St & Madison St,7507,41.8816545,-87.6395712,250,transit,41.882943,-87.6400918,Ogilvie Transportation Center,,,,,,stop_position,stop,
Canal St & Madison St,7507,41.8816545,-87.6395712,250,transit,41.88294359999999,-87.640056,Ogilvie Transportation Center,,,,,,stop_position,stop,
Canal St & Madison St,7507,41.8816545,-87.6395712,250,transit,41.8829388,-87.6399473,Ogilvie Transportation Center,,,,,,stop_position,stop,
Canal St & Madison St,7507,41.8816545,-87.6395712,250,transit,41.8829334,-87.64038,Ogilvie Transportation Center,,,,,,stop_position,stop,
Canal St & Madison St,7507,41.8816545,-87.6395712,250,transit,41.8829314,-87.64048620000001,Ogilvie Transportation Center,,,,,,stop_position,stop,
Canal St & Madison St,7507,41.8816545,-87.6395712,250,transit,41.88293680000001,-87.64019980000002,Ogilvie Transportation Center,,,,,,stop_position,stop,
Canal St & Madison St,7507,41.8816545,-87.6395712,250,transit,41.88293609999999,-87.64023470000001,Ogilvie Transportation Center,,,,,,stop_position,stop,
Canal St & Madison St,7507,41.8816545,-87.6395712,250,transit,41.8829344,-87.6403436,Ogilvie Transportation Center,,,,,,stop_position,stop,
Canal St & Madison St,7507,41.8816545,-87.6395712,250,transit,41.882927699999996,-87.6406641,Ogilvie Transportation Center,,,,,,stop_position,stop,
Canal St & Madison St,7507,41.8816545,-87.6395712,250,transit,41.88292729999999,-87.6406309,Ogilvie Transportation Center,,,,,,stop_position,stop,
Canal St & Madison St,7507,41.8816545,-87.6395712,250,transit,41.88293080000001,-87.6405197,Ogilvie Transportation Center,,,,,,stop_position,stop,
Canal St & Madison St,7507,41.8816545,-87.6395712,250,retail,41.883441399999995,-87.6386671,The Boeing Store,,gift,,,,,,
Canal St & Madison St,7507,41.8816545,-87.6395712,250,food_drink,41.8795638,-87.6409175,Jimmy John's,fast_food,,,,,,,
Canal St & Madison St,7507,41.8816545,-87.6395712,250,other_amenity,41.879428399999995,-87.64148530000001,Chase,bank,,,,,,,
Canal St & Madison St,7507,41.8816545,-87.6395712,250,food_drink,41.88036509999999,-87.6408924,Chipotle,fast_food,,,,,,,
Canal St & Madison St,7507,41.8816545,-87.6395712,250,food_drink,41.879485,-87.6376432,Potbelly,fast_food,,,,,,,
Canal St & Madison St,7507,41.8816545,-87.6395712,250,other_amenity,41.88215709999999,-87.641082,Clinton St & Madison St,bicycle_rental,,,,,,,
Canal St & Madison St,7507,41.8816545,-87.6395712,250,food_drink,41.88049699999999,-87.6378185,South Branch,bar,,,,,,,
Canal St & Madison St,7507,41.8816545,-87.6395712,250,food_drink,41.88049039999999,-87.6375454,Monroe Reserve,restaurant,,,,,,,
Canal St & Madison St,7507,41.8816545,-87.6395712,250,food_drink,41.88171040000001,-87.6414064,Potbelly,fast_food,,,,,,,
Canal St & Madison St,7507,41.8816545,-87.6395712,250,food_drink,41.8825612,-87.6399905,Panda Express,fast_food,,,,,,,
Canal St & Madison St,7507,41.8816545,-87.6395712,250,other_amenity,41.8823835,-87.6401729,,toilets,,,,,,,
Canal St & Madison St,7507,41.8816545,-87.6395712,250,food_drink,41.8823865,-87.6406478,Chicago News Room,bar,,,,,,,
Canal St & Madison St,7507,41.8816545,-87.6395712,250,other_amenity,41.881978499999995,-87.6399291,,vending_machine,,,,,,,
Canal St & Madison St,7507,41.8816545,-87.6395712,250,food_drink,41.882183899999994,-87.6391068,Starbucks,cafe,,,,,,,
Canal St & Madison St,7507,41.8816545,-87.6395712,250,other_amenity,41.88212200000001,-87.6391015,Bank of America,atm,,,,,,,
Canal St & Madison St,7507,41.8816545,-87.6395712,250,food_drink,41.88212599999999,-87.6392678,Jimmy John's,fast_food,,,,,,,
Canal St & Madison St,7507,41.8816545,-87.6395712,250,other_amenity,41.8823875,-87.6407818,,toilets,,,,,,,
Canal St & Madison St,7507,41.8816545,-87.6395712,250,food_drink,41.8821339,-87.6409831,Yolk,restaurant,,,,,,,
Canal St & Madison St,7507,41.8816545,-87.6395712,250,retail,41.88228960000001,-87.6401675,Arts & Artisians,,jewelry,,,,,,
Canal St & Madison St,7507,41.8816545,-87.6395712,250,retail,41.882441500000006,-87.6403071,Mrs. Fields,,pastry,,,,,,
Canal St & Madison St,7507,41.8816545,-87.6395712,250,food_drink,41.88227770000001,-87.6406411,Jamba,fast_food,,,,,,,
Canal St & Madison St,7507,41.8816545,-87.6395712,250,retail,41.882520299999996,-87.6400818,Hudson News,,newsagent,,,,,,
Canal St & Madison St,7507,41.8816545,-87.6395712,250,other_amenity,41.8821649,-87.6401663,,atm,,,,,,,
Canal St & Madison St,7507,41.8816545,-87.6395712,250,office,41.880905299999995,-87.6374999,Project Management Academy Chicago,,,,yes,,,,
Canal St & Madison St,7507,41.8816545,-87.6395712,250,office,41.8822528,-87.6372936,Seventhwave,,,,research,,,,
Canal St & Madison St,7507,41.8816545,-87.6395712,250,transit,41.882000199999986,-87.641315,Clinton & Madison (Metra),,,,,,platform,,
Canal St & Madison St,7507,41.8816545,-87.6395712,250,transit,41.88219729999999,-87.639586,Canal & Madison (Metra),,,,,,platform,,
Canal St & Madison St,7507,41.8816545,-87.6395712,250,transit,41.88195670000001,-87.6410001,Madison & Clinton (Metra),,,,,,platform,,
Canal St & Madison St,7507,41.8816545,-87.6395712,250,transit,41.879476899999986,-87.63704989999998,Wacker & Adams,,,,,,platform,,
Canal St & Madison St,7507,41.8816545,-87.6395712,250,office,41.8834385,-87.6387678,BMW Technology Corporation,,,,company,,,,
Canal St & Madison St,7507,41.8816545,-87.6395712,250,other_amenity,41.881450400000006,-87.6371778,Chase,bank,,,,,,,
Canal St & Madison St,7507,41.8816545,-87.6395712,250,transit,41.8830598,-87.6399961,Washington & Canal (Metra),,,,,,platform,,
Canal St & Madison St,7507,41.8816545,-87.6395712,250,office,41.8799801,-87.6414576,"Lerman, Boudart & Associates, LLP",,,,accountant,,,,
Canal St & Madison St,7507,41.8816545,-87.6395712,250,transit,41.883334999999995,-87.6413486,Clinton & Washington,,,,,,platform,,
Canal St & Madison St,7507,41.8816545,-87.6395712,250,transit,41.8833851,-87.6398971,Canal & Randolph/Washington (Metra),,,,,,platform,,
Canal St & Madison St,7507,41.8816545,-87.6395712,250,food_drink,41.882350900000006,-87.6365945,One North Kitchen,restaurant,,,,,,,
Canal St & Madison St,7507,41.8816545,-87.6395712,250,food_drink,41.8816168,-87.6378209,Rittergut Wine Bar,bar,,,,,,,
Canal St & Madison St,7507,41.8816545,-87.6395712,250,food_drink,41.88388239999999,-87.6406455,Vanille Patisserie,cafe,,,,,,,
Canal St & Madison St,7507,41.8816545,-87.6395712,250,food_drink,41.8803617,-87.6413837,IDOF - I Dream of Falafel,restaurant,,,,,,,
Canal St & Madison St,7507,41.8816545,-87.6395712,250,food_drink,41.88108170000001,-87.6413762,Blaze Pizza,restaurant,,,,,,,
Canal St & Madison St,7507,41.8816545,-87.6395712,250,food_drink,41.88240239999999,-87.6414689,Slightly Toasted,restaurant,,,,,,,
Canal St & Madison St,7507,41.8816545,-87.6395712,250,office,41.88271060000001,-87.6416211,BMW Technology,,,,company,,,,
Canal St & Madison St,7507,41.8816545,-87.6395712,250,food_drink,41.881163400000005,-87.64137229999999,Five Guys,fast_food,,,,,,,
Canal St & Madison St,7507,41.8816545,-87.6395712,250,food_drink,41.8812924,-87.6413733,Naf Naf Grill,restaurant,,,,,,,
Canal St & Madison St,7507,41.8816545,-87.6395712,250,food_drink,41.883003200000005,-87.64153030000001,Starbucks,cafe,,,,,,,
Canal St & Madison St,7507,41.8816545,-87.6395712,250,transit,41.88157129999999,-87.6412867,Clinton & Madison (Metra),,,,,,platform,,
Canal St & Madison St,7507,41.8816545,-87.6395712,250,transit,41.881870799999994,-87.6409472,Madison & Clinton (Metra),,,,,,stop_position,,
Canal St & Madison St,7507,41.8816545,-87.6395712,250,transit,41.88317839999999,-87.6399961,Washington & Canal (Metra),,,,,,stop_position,,
Canal St & Madison St,7507,41.8816545,-87.6395712,250,food_drink,41.879585299999995,-87.6398545,Arturo Express,restaurant,,,,,,,
Canal St & Madison St,7507,41.8816545,-87.6395712,250,food_drink,41.882350599999995,-87.64040689999999,Boxcar Betty’s,restaurant,,,,,,,
Canal St & Madison St,7507,41.8816545,-87.6395712,250,food_drink,41.8823495,-87.6403415,Cinnabon,fast_food,,,,,,,
Canal St & Madison St,7507,41.8816545,-87.6395712,250,food_drink,41.8836857,-87.6395246,Doughnut Vault - Canal St.,cafe,,,,,,,
Canal St & Madison St,7507,41.8816545,-87.6395712,250,food_drink,41.8812637,-87.6378366,Rivers,restaurant,,,,,,,
Canal St & Madison St,7507,41.8816545,-87.6395712,250,retail,41.88388150000001,-87.63953390000002,Steffens Cafe & Bakery,,bakery,,,,,,
Canal St & Madison St,7507,41.8816545,-87.6395712,250,retail,41.8833576,-87.6366342,FedEx Office,,copyshop,,,,,,
Canal St & Madison St,7507,41.8816545,-87.6395712,250,food_drink,41.88230990000001,-87.6404179,Madison Tavern,bar,,,,,,,
Canal St & Madison St,7507,41.8816545,-87.6395712,250,other_amenity,41.88271329999999,-87.6407895,Ventra,vending_machine,,,,,,,
Canal St & Madison St,7507,41.8816545,-87.6395712,250,office,41.88287729999999,-87.63730600000001,Consulate General of the Bolivarian Republic of Venezuela,,,,diplomatic,,,,
Canal St & Madison St,7507,41.8816545,-87.6395712,250,transit,41.8820274,-87.6412295,Clinton & Madison (Metra),,,,,,stop_position,,
Canal St & Madison St,7507,41.8816545,-87.6395712,250,transit,41.88378729999999,-87.6405272,Ogilvie Transportation Center,,,,,,station,station,
Canal St & Madison St,7507,41.8816545,-87.6395712,250,other_amenity,41.882723199999994,-87.6402007,Metra,vending_machine,,,,,,,
Canal St & Madison St,7507,41.8816545,-87.6395712,250,other_amenity,41.88374469999999,-87.640528,Metra,vending_machine,,,,,,,
Canal St & Madison St,7507,41.8816545,-87.6395712,250,other_amenity,41.882723199999994,-87.6404984,Metra,vending_machine,,,,,,,
Canal St & Madison St,7507,41.8816545,-87.6395712,250,transit,41.88158310000001,-87.6411985,Clinton & Madison (Metra),,,,,,stop_position,,
Canal St & Madison St,7507,41.8816545,-87.6395712,250,transit,41.88220359999998,-87.6397144,Canal & Madison (Metra),,,,,,stop_position,,
Canal St & Madison St,7507,41.8816545,-87.6395712,250,food_drink,41.88250459999999,-87.6406759,Dunkin',fast_food,,,,,,,
Canal St & Madison St,7507,41.8816545,-87.6395712,250,other_amenity,41.88294810000001,-87.6371371,,bicycle_parking,,,,,,,
Canal St & Madison St,7507,41.8816545,-87.6395712,250,food_drink,41.8825008,-87.6408249,Taco Bell,fast_food,,,,,,,
Canal St & Madison St,7507,41.8816545,-87.6395712,250,food_drink,41.8826018,-87.6408302,Popeyes,fast_food,,,,,,,
Canal St & Madison St,7507,41.8816545,-87.6395712,250,food_drink,41.88260989999999,-87.6405661,Halsted Street Deli,fast_food,,,,,,,
Canal St & Madison St,7507,41.8816545,-87.6395712,250,retail,41.88071930000001,-87.6423239,Porsche,,car,,,,,,
Canal St & Madison St,7507,41.8816545,-87.6395712,250,other_amenity,41.8832993,-87.63897320000001,,parking_entrance,,,,,,,
Canal St & Madison St,7507,41.8816545,-87.6395712,250,food_drink,41.88261440000001,-87.6400178,Benj Yehuda,fast_food,,,,,,,
Canal St & Madison St,7507,41.8816545,-87.6395712,250,office,41.88211129999999,-87.6372914,TechNexus,,,,coworking,,,,
Canal St & Madison St,7507,41.8816545,-87.6395712,250,food_drink,41.88241060000001,-87.6404265,Starbucks,cafe,,,,,,,
Canal St & Madison St,7507,41.8816545,-87.6395712,250,office,41.88381259999999,-87.6416825,events.org,,,,company,,,,
Canal St & Madison St,7507,41.8816545,-87.6395712,250,other_amenity,41.8817861,-87.6378677,,bicycle_parking,,,,,,,
Canal St & Madison St,7507,41.8816545,-87.6395712,250,other_amenity,41.879728899999996,-87.6366594,,loading_dock,,,,,,,
Canal St & Madison St,7507,41.8816545,-87.6395712,250,other_amenity,41.880297799999994,-87.636673,,loading_dock,,,,,,,
Canal St & Madison St,7507,41.8816545,-87.6395712,250,other_amenity,41.8807456,-87.6366328,,parking_entrance,,,,,,,
Canal St & Madison St,7507,41.8816545,-87.6395712,250,other_amenity,41.88090559999999,-87.63663530000001,,parking_entrance,,,,,,,
Canal St & Madison St,7507,41.8816545,-87.6395712,250,other_amenity,41.881098200000004,-87.6367145,,loading_dock,,,,,,,
Canal St & Madison St,7507,41.8816545,-87.6395712,250,other_amenity,41.881551899999984,-87.6367203,,loading_dock,,,,,,,
Canal St & Madison St,7507,41.8816545,-87.6395712,250,other_amenity,41.882288200000005,-87.6367371,,loading_dock,,,,,,,
Canal St & Madison St,7507,41.8816545,-87.6395712,250,other_amenity,41.88301849999999,-87.6367537,,loading_dock,,,,,,,
Canal St & Madison St,7507,41.8816545,-87.6395712,250,other_amenity,41.88357349999999,-87.63677190000001,,loading_dock,,,,,,,
Canal St & Madison St,7507,41.8816545,-87.6395712,250,other_amenity,41.8835812,-87.6371318,,loading_dock,,,,,,,
Canal St & Madison St,7507,41.8816545,-87.6395712,250,other_amenity,41.8825495,-87.63710750000001,,loading_dock,,,,,,,
Canal St & Madison St,7507,41.8816545,-87.6395712,250,other_amenity,41.8816195,-87.63707549999998,,loading_dock,,,,,,,
Canal St & Madison St,7507,41.8816545,-87.6395712,250,other_amenity,41.8809153,-87.6370612,,loading_dock,,,,,,,
Canal St & Madison St,7507,41.8816545,-87.6395712,250,other_amenity,41.88031,-87.6370389,,loading_dock,,,,,,,
Canal St & Madison St,7507,41.8816545,-87.6395712,250,other_amenity,41.8796581,-87.637022,,loading_dock,,,,,,,
Canal St & Madison St,7507,41.8816545,-87.6395712,250,other_amenity,41.881170899999994,-87.6365901,U.S. Bank,bank,,,,,,,
Canal St & Madison St,7507,41.8816545,-87.6395712,250,other_amenity,41.8811816,-87.6372551,,parking_entrance,,,,,,,
Canal St & Madison St,7507,41.8816545,-87.6395712,250,other_amenity,41.8813455,-87.6372579,,parking_entrance,,,,,,,
Canal St & Madison St,7507,41.8816545,-87.6395712,250,other_amenity,41.8800491,-87.6372732,,bench,,,,,,,
Canal St & Madison St,7507,41.8816545,-87.6395712,250,other_amenity,41.880048599999995,-87.6372095,,bench,,,,,,,
Canal St & Madison St,7507,41.8816545,-87.6395712,250,other_amenity,41.87979539999999,-87.6377661,,bench,,,,,,,
Canal St & Madison St,7507,41.8816545,-87.6395712,250,other_amenity,41.87972510000001,-87.6377668,,bench,,,,,,,
Canal St & Madison St,7507,41.8816545,-87.6395712,250,other_amenity,41.8799014,-87.6375123,,bench,,,,,,,
Canal St & Madison St,7507,41.8816545,-87.6395712,250,other_amenity,41.879901,-87.6374382,,bench,,,,,,,
Canal St & Madison St,7507,41.8816545,-87.6395712,250,other_amenity,41.880038,-87.6375184,,bench,,,,,,,
Canal St & Madison St,7507,41.8816545,-87.6395712,250,other_amenity,41.880039999999994,-87.6374487,,bench,,,,,,,
Canal St & Madison St,7507,41.8816545,-87.6395712,250,other_amenity,41.8799042,-87.6373146,,bench,,,,,,,
Canal St & Madison St,7507,41.8816545,-87.6395712,250,other_amenity,41.87990619999999,-87.6372629,,bench,,,,,,,
Canal St & Madison St,7507,41.8816545,-87.6395712,250,office,41.879512299999995,-87.6372593,Charles Schwab,,,,financial_advisor,,,,
Canal St & Madison St,7507,41.8816545,-87.6395712,250,retail,41.8799502,-87.6365857,Boar's Head,,deli,,,,,,
Canal St & Madison St,7507,41.8816545,-87.6395712,250,transit,41.8818902,-87.6390769,,,,,,,stop_position,,
Canal St & Madison St,7507,41.8816545,-87.6395712,250,food_drink,41.88275159999999,-87.6372235,Espresso and Milk,cafe,,,,,,,
Canal St & Madison St,7507,41.8816545,-87.6395712,250,office,41.883845900000004,-87.6374992,Bank of America,,,,company,,,,
Canal St & Madison St,7507,41.8816545,-87.6395712,250,food_drink,41.88365819999999,-87.6366105,Market Creations,fast_food,,,,,,,
Canal St & Madison St,7507,41.8816545,-87.6395712,250,other_amenity,41.8833826,-87.6374938,Bank of America,bank,,,,,,,
Canal St & Madison St,7507,41.8816545,-87.6395712,250,health,41.883348899999994,-87.6422416,Presidential Dental Associates,dentist,,,,,,,dentist
Canal St & Madison St,7507,41.8816545,-87.6395712,250,food_drink,41.882683,-87.64147,Asadito,restaurant,,,,,,,
Canal St & Madison St,7507,41.8816545,-87.6395712,250,other_amenity,41.8830768,-87.6391633,,parking_entrance,,,,,,,
Canal St & Madison St,7507,41.8816545,-87.6395712,250,other_amenity,41.8830764,-87.6392231,,parking_entrance,,,,,,,
Canal St & Madison St,7507,41.8816545,-87.6395712,250,transit,41.882427799999995,-87.6386,Ogilvie / Union (West Loop),ferry_terminal,,,,,station,,
Canal St & Madison St,7507,41.8816545,-87.6395712,250,food_drink,41.8830549,-87.6388248,Potbelly,fast_food,,,,,,,
Canal St & Madison St,7507,41.8816545,-87.6395712,250,other_amenity,41.882749300000015,-87.6395388,,loading_dock,,,,,,,
Canal St & Madison St,7507,41.8816545,-87.6395712,250,other_amenity,41.8825476,-87.6395332,,loading_dock,,,,,,,
Canal St & Madison St,7507,41.8816545,-87.6395712,250,food_drink,41.88202499999999,-87.639492,The Outpost Mexican Eatery,restaurant,,,,,,,
Canal St & Madison St,7507,41.8816545,-87.6395712,250,other_amenity,41.880753399999996,-87.6394895,,bicycle_parking,,,,,,,
Canal St & Madison St,7507,41.8816545,-87.6395712,250,other_amenity,41.8812508,-87.63944630000002,,loading_dock,,,,,,,
Canal St & Madison St,7507,41.8816545,-87.6395712,250,other_amenity,41.8812125,-87.6394437,,loading_dock,,,,,,,
Canal St & Madison St,7507,41.8816545,-87.6395712,250,other_amenity,41.8799797,-87.6393962,,loading_dock,,,,,,,
Canal St & Madison St,7507,41.8816545,-87.6395712,250,other_amenity,41.879939,-87.639395,,loading_dock,,,,,,,
Canal St & Madison St,7507,41.8816545,-87.6395712,250,other_amenity,41.87968209999999,-87.63950869999998,,bicycle_parking,,,,,,,
Canal St & Madison St,7507,41.8816545,-87.6395712,250,other_amenity,41.8821027,-87.6413199,,bicycle_parking,,,,,,,
Canal St & Madison St,7507,41.8816545,-87.6395712,250,other_amenity,41.8820887,-87.6411045,,bicycle_parking,,,,,,,
Canal St & Madison St,7507,41.8816545,-87.6395712,250,other_amenity,41.8820231,-87.6411028,,waste_basket,,,,,,,
Canal St & Madison St,7507,41.8816545,-87.6395712,250,other_amenity,41.881518899999996,-87.6410787,,bicycle_parking,,,,,,,
Canal St & Madison St,7507,41.8816545,-87.6395712,250,retail,41.8838989,-87.6415232,Massage Evolved,,massage,,,,,,
Canal St & Madison St,7507,41.8816545,-87.6395712,250,transit,41.883390399999996,-87.6398402,Canal & Randolph/Washington (Metra),,,,,,stop_position,,
Canal St & Madison St,7507,41.8816545,-87.6395712,250,retail,41.8800163,-87.6423494,Metro Spice Mart,,supermarket,,,,,,
Canal St & Madison St,7507,41.8816545,-87.6395712,250,retail,41.879418699999995,-87.6409028,Circle K,,convenience,,,,,,
Canal St & Madison St,7507,41.8816545,-87.6395712,250,other_amenity,41.8804962,-87.6422663,,bicycle_parking,,,,,,,
Canal St & Madison St,7507,41.8816545,-87.6395712,250,other_amenity,41.88049960000001,-87.6420084,,bicycle_parking,,,,,,,
Canal St & Madison St,7507,41.8816545,-87.6395712,250,other_amenity,41.88050489999999,-87.6413609,,bicycle_parking,,,,,,,
Canal St & Madison St,7507,41.8816545,-87.6395712,250,other_amenity,41.880647800000006,-87.6405741,,bicycle_parking,,,,,,,
Canal St & Madison St,7507,41.8816545,-87.6395712,250,other_amenity,41.8807487,-87.6397865,,bicycle_parking,,,,,,,
Canal St & Madison St,7507,41.8816545,-87.6395712,250,other_amenity,41.88132019999999,-87.6398037,,bicycle_parking,,,,,,,
Canal St & Madison St,7507,41.8816545,-87.6395712,250,other_amenity,41.88153739999999,-87.6395532,,bicycle_parking,,,,,,,
Canal St & Madison St,7507,41.8816545,-87.6395712,250,other_amenity,41.88180959999999,-87.63942279999999,,bicycle_parking,,,,,,,
Canal St & Madison St,7507,41.8816545,-87.6395712,250,other_amenity,41.881973099999996,-87.6400861,,bicycle_parking,,,,,,,
Canal St & Madison St,7507,41.8816545,-87.6395712,250,other_amenity,41.881964599999996,-87.6406609,,bicycle_parking,,,,,,,
Canal St & Madison St,7507,41.8816545,-87.6395712,250,other_amenity,41.881763,-87.6423866,,bicycle_parking,,,,,,,
Canal St & Madison St,7507,41.8816545,-87.6395712,250,other_amenity,41.88325119999999,-87.6421546,,bicycle_parking,,,,,,,
Canal St & Madison St,7507,41.8816545,-87.6395712,250,transit,41.879483900000004,-87.6369604,Wacker & Adams,,,,,,stop_position,,
Canal St & Madison St,7507,41.8816545,-87.6395712,250,transit,41.8833551,-87.6412739,Clinton & Washington,,,,,,stop_position,,
Canal St & Madison St,7507,41.8816545,-87.6395712,250,other_amenity,41.879810400000004,-87.6425066,,bicycle_parking,,,,,,,
Canal St & Madison St,7507,41.8816545,-87.6395712,250,retail,41.87984409999999,-87.6423599,Paramount Cleaners,,dry_cleaning,,,,,,
Canal St & Madison St,7507,41.8816545,-87.6395712,250,food_drink,41.8826017,-87.6407102,Great Steak,fast_food,,,,,,,
Canal St & Madison St,7507,41.8816545,-87.6395712,250,food_drink,41.8829733,-87.6393754,Dunkin',fast_food,,,,,,,
Canal St & Madison St,7507,41.8816545,-87.6395712,250,recreation,41.8814572,-87.6415963,Fitness Formula Clubs (FFC),,,,,fitness_centre,,,
Canal St & Madison St,7507,41.8816545,-87.6395712,250,retail,41.8816888,-87.64167140000002,Great Clips,,hairdresser,,,,,,
Canal St & Madison St,7507,41.8816545,-87.6395712,250,other_amenity,41.881815599999996,-87.6389929,,bicycle_parking,,,,,,,
Canal St & Madison St,7507,41.8816545,-87.6395712,250,other_amenity,41.8830559,-87.6398679,,waste_basket,,,,,,,
Canal St & Madison St,7507,41.8816545,-87.6395712,250,other_amenity,41.8836342,-87.6411537,,bicycle_parking,,,,,,,
Canal St & Madison St,7507,41.8816545,-87.6395712,250,other_amenity,41.88334470000001,-87.641146,,waste_basket,,,,,,,
Canal St & Madison St,7507,41.8816545,-87.6395712,250,other_amenity,41.88330080000001,-87.6413514,,waste_basket,,,,,,,
Canal St & Madison St,7507,41.8816545,-87.6395712,250,other_amenity,41.88176349999999,-87.6395638,,waste_basket,,,,,,,
Canal St & Madison St,7507,41.8816545,-87.6395712,250,other_amenity,41.8821033,-87.6395891,,waste_basket,,,,,,,
Canal St & Madison St,7507,41.8816545,-87.6395712,250,other_amenity,41.8830121,-87.6396078,,waste_basket,,,,,,,
Canal St & Madison St,7507,41.8816545,-87.6395712,250,other_amenity,41.88305059999999,-87.6403674,,bicycle_parking,,,,,,,
Canal St & Madison St,7507,41.8816545,-87.6395712,250,other_amenity,41.88305430000001,-87.64022,,bicycle_parking,,,,,,,
Canal St & Madison St,7507,41.8816545,-87.6395712,250,other_amenity,41.88305489999999,-87.6402753,,bicycle_parking,,,,,,,
Canal St & Madison St,7507,41.8816545,-87.6395712,250,other_amenity,41.8830543,-87.6404822,,bicycle_parking,,,,,,,
Canal St & Madison St,7507,41.8816545,-87.6395712,250,other_amenity,41.88326609999999,-87.6417119,,bicycle_parking,,,,,,,
Canal St & Madison St,7507,41.8816545,-87.6395712,250,other_amenity,41.883089,-87.6414522,,bicycle_parking,,,,,,,
Canal St & Madison St,7507,41.8816545,-87.6395712,250,other_amenity,41.88223510000001,-87.6413755,,atm,,,,,,,
Canal St & Madison St,7507,41.8816545,-87.6395712,250,other_amenity,41.88203289999999,-87.6413088,,waste_basket,,,,,,,
Canal St & Madison St,7507,41.8816545,-87.6395712,250,other_amenity,41.880517,-87.639937,,bicycle_parking,,,,,,,
Canal St & Madison St,7507,41.8816545,-87.6395712,250,other_amenity,41.88045569999999,-87.6410537,,waste_basket,,,,,,,
Canal St & Madison St,7507,41.8816545,-87.6395712,250,other_amenity,41.880667900000006,-87.641277,,waste_basket,,,,,,,
Canal St & Madison St,7507,41.8816545,-87.6395712,250,other_amenity,41.880694199999986,-87.6410434,,waste_basket,,,,,,,
Canal St & Madison St,7507,41.8816545,-87.6395712,250,food_drink,41.8809671,-87.6413844,DosBros Fresh Mexican Grill,fast_food,,,,,,,
Canal St & Madison St,7507,41.8816545,-87.6395712,250,other_amenity,41.88173220000001,-87.6399369,,bicycle_parking,,,,,,,
Canal St & Madison St,7507,41.8816545,-87.6395712,250,other_amenity,41.8817628,-87.6398168,,waste_basket,,,,,,,
Canal St & Madison St,7507,41.8816545,-87.6395712,250,other_amenity,41.88200309999999,-87.6398367,,waste_basket,,,,,,,
Canal St & Madison St,7507,41.8816545,-87.6395712,250,office,41.883427100000006,-87.6365841,seoClarity & LocalClarity,,,,advertising_agency,,,,
Canal St & Madison St,7507,41.8816545,-87.6395712,250,other_amenity,41.8799139,-87.6371957,,bench,,,,,,,
Canal St & Madison St,7507,41.8816545,-87.6395712,250,other_amenity,41.8797658,-87.6377795,,bicycle_parking,,,,,,,
Canal St & Madison St,7507,41.8816545,-87.6395712,250,other_amenity,41.8797489,-87.6377776,,bicycle_parking,,,,,,,
Canal St & Madison St,7507,41.8816545,-87.6395712,250,other_amenity,41.87945379999999,-87.63663450000001,,waste_basket,,,,,,,
Canal St & Madison St,7507,41.8816545,-87.6395712,250,other_amenity,41.8794631,-87.6366348,,recycling,,,,,,,
Canal St & Madison St,7507,41.8816545,-87.6395712,250,other_amenity,41.879906,-87.6377946,,bench,,,,,,,
Canal St & Madison St,7507,41.8816545,-87.6395712,250,other_amenity,41.8799581,-87.6374753,,bench,,,,,,,
Canal St & Madison St,7507,41.8816545,-87.6395712,250,other_amenity,41.8798411,-87.6377861,,bench,,,,,,,
Canal St & Madison St,7507,41.8816545,-87.6395712,250,other_amenity,41.87996199999999,-87.6366567,,bicycle_parking,,,,,,,
Canal St & Madison St,7507,41.8816545,-87.6395712,250,other_amenity,41.879477300000005,-87.63663530000001,,bicycle_parking,,,,,,,
Canal St & Madison St,7507,41.8816545,-87.6395712,250,other_amenity,41.8799597,-87.6371958,,bench,,,,,,,
Canal St & Madison St,7507,41.8816545,-87.6395712,250,other_amenity,41.87997819999999,-87.6374789,,bench,,,,,,,
Canal St & Madison St,7507,41.8816545,-87.6395712,250,other_amenity,41.879425899999994,-87.63975210000001,,post_box,,,,,,,
Canal St & Madison St,7507,41.8816545,-87.6395712,250,other_amenity,41.879409499999994,-87.6412265,,post_box,,,,,,,
Canal St & Madison St,7507,41.8816545,-87.6395712,250,recreation,41.8816324,-87.6413381,,,,,,outdoor_seating,,,
Canal St & Madison St,7507,41.8816545,-87.6395712,250,recreation,41.881269799999984,-87.6412788,,,,,,outdoor_seating,,,
Canal St & Madison St,7507,41.8816545,-87.6395712,250,recreation,41.88105649999999,-87.6412818,,,,,,outdoor_seating,,,
Canal St & Madison St,7507,41.8816545,-87.6395712,250,other_amenity,41.88109639999999,-87.6410062,,parking_entrance,,,,,,,
Canal St & Madison St,7507,41.8816545,-87.6395712,250,other_amenity,41.8809139,-87.64100070000002,,parking_entrance,,,,,,,
Canal St & Madison St,7507,41.8816545,-87.6395712,250,other_amenity,41.880025499999995,-87.6412388,,bicycle_parking,,,,,,,
Canal St & Madison St,7507,41.8816545,-87.6395712,250,other_amenity,41.8794122,-87.6410149,,waste_basket,,,,,,,
Canal St & Madison St,7507,41.8816545,-87.6395712,250,office,41.8812366,-87.6374072,Chicago Mercantile Exchange,,,,financial,,,,
Canal St & Madison St,7507,41.8816545,-87.6395712,250,other_amenity,41.88212819999999,-87.636705,,bicycle_parking,,,,,,,
Canal St & Madison St,7507,41.8816545,-87.6395712,250,food_drink,41.88259500000001,-87.6409067,Polombia,restaurant,,,,,,,
Canal St & Madison St,7507,41.8816545,-87.6395712,250,food_drink,41.882433,-87.63723979999999,Eaves,restaurant,,,,,,,
Canal St & Madison St,7507,41.8816545,-87.6395712,250,other_amenity,41.88306779999999,-87.6417518,,parking_entrance,,,,,,,
Canal St & Madison St,7507,41.8816545,-87.6395712,250,other_amenity,41.88290129999999,-87.6419094,,loading_dock,,,,,,,
Canal St & Madison St,7507,41.8816545,-87.6395712,250,food_drink,41.883510199999996,-87.63752380000001,River Roux,cafe,,,,,,,
Canal St & Madison St,7507,41.8816545,-87.6395712,250,recreation,41.88332009999999,-87.64211220000001,LRO Fitness,,,,,fitness_centre,,,
Canal St & Madison St,7507,41.8816545,-87.6395712,250,food_drink,41.880826600000006,-87.6413802,Mammoth Poke & Ramen,restaurant,,,,,,,
Canal St & Madison St,7507,41.8816545,-87.6395712,250,other_amenity,41.883271,-87.6394131,,bicycle_parking,,,,,,,
Canal St & Madison St,7507,41.8816545,-87.6395712,250,other_amenity,41.883116399999984,-87.6388694,,bicycle_parking,,,,,,,
Canal St & Madison St,7507,41.8816545,-87.6395712,250,education,41.8807836,-87.6408671,Bright Horizons,kindergarten,,,,,,,
Canal St & Madison St,7507,41.8816545,-87.6395712,250,retail,41.88274560000001,-87.6366616,The UPS Store,post_office,copyshop,,,,,,
Canal St & Madison St,7507,41.8816545,-87.6395712,250,food_drink,41.8797234,-87.6388869,Just Salads,restaurant,,,,,,,
Canal St & Madison St,7507,41.8816545,-87.6395712,250,other_amenity,41.880945699999984,-87.6370892,,bicycle_parking,,,,,,,
Canal St & Madison St,7507,41.8816545,-87.6395712,250,other_amenity,41.88091270000001,-87.6378975,,bicycle_parking,,,,,,,
Canal St & Madison St,7507,41.8816545,-87.6395712,250,other_amenity,41.8815046,-87.6370998,,bicycle_parking,,,,,,,
Canal St & Madison St,7507,41.8816545,-87.6395712,250,other_amenity,41.8807627,-87.6370825,,bicycle_parking,,,,,,,
Canal St & Madison St,7507,41.8816545,-87.6395712,250,other_amenity,41.88166480000001,-87.6373034,,atm,,,,,,,
Canal St & Madison St,7507,41.8816545,-87.6395712,250,office,41.88371519999999,-87.6374026,HSD Immigration Lawyer,,,,lawyer,,,,
Canal St & Madison St,7507,41.8816545,-87.6395712,250,transit,41.88399450023714,-87.64103922166923,,,,,,,platform,platform,
Canal St & Madison St,7507,41.8816545,-87.6395712,250,transit,41.88413890871948,-87.64089974572244,,,,,,,platform,platform,
Canal St & Madison St,7507,41.8816545,-87.6395712,250,transit,41.884247155655665,-87.64076347985693,,,,,,,platform,platform,
Canal St & Madison St,7507,41.8816545,-87.6395712,250,transit,41.884099117229454,-87.64061148039818,,,,,,,platform,platform,
Canal St & Madison St,7507,41.8816545,-87.6395712,250,transit,41.88397666167115,-87.64046417459053,,,,,,,platform,platform,
Canal St & Madison St,7507,41.8816545,-87.6395712,250,transit,41.88375972557573,-87.64031147244259,,,,,,,platform,platform,
Canal St & Madison St,7507,41.8816545,-87.6395712,250,transit,41.88377133919967,-87.64016983756635,,,,,,,platform,platform,
Canal St & Madison St,7507,41.8816545,-87.6395712,250,transit,41.883748165032216,-87.64002505660527,,,,,,,platform,platform,
Canal St & Madison St,7507,41.8816545,-87.6395712,250,other_amenity,41.88254281817189,-87.63747831927715,Civic Opera House,theatre,,,,,,,
Canal St & Madison St,7507,41.8816545,-87.6395712,250,other_amenity,41.88241826733373,-87.64230253410132,,parking,,,,,,,
Canal St & Madison St,7507,41.8816545,-87.6395712,250,office,41.88149127147921,-87.64020125544778,AT&T,,,,telecommunication,,,,
Canal St & Madison St,7507,41.8816545,-87.6395712,250,office,41.88352247727794,-87.64168295150169,Zurich,,,,insurance,,,,
Canal St & Madison St,7507,41.8816545,-87.6395712,250,transit,41.88031378322341,-87.6393833230786,,,,,,,platform,platform,
Canal St & Madison St,7507,41.8816545,-87.6395712,250,transit,41.88016137966993,-87.63956834354447,,,,,,,platform,platform,
Canal St & Madison St,7507,41.8816545,-87.6395712,250,transit,41.88065496094194,-87.63890009085605,,,,,,,platform,platform,
Canal St & Madison St,7507,41.8816545,-87.6395712,250,transit,41.88031049664176,-87.6390596601712,,,,,,,platform,platform,
Canal St & Madison St,7507,41.8816545,-87.6395712,250,transit,41.88033059641015,-87.63922675295612,,,,,,,platform,platform,
Canal St & Madison St,7507,41.8816545,-87.6395712,250,office,41.881479946424584,-87.64076331486154,AT&T,,,,telecommunication,,,,
Canal St & Madison St,7507,41.8816545,-87.6395712,250,other_amenity,41.883440590396866,-87.6424759109808,,parking,,,,,,,
Canal St & Madison St,7507,41.8816545,-87.6395712,250,transit,41.88074794726124,-87.63898243582949,,,,,,,no,platform,
Canal St & Madison St,7507,41.8816545,-87.6395712,250,transit,41.880396642704845,-87.63914729558708,,,,,,,no,platform,
Canal St & Madison St,7507,41.8816545,-87.6395712,250,transit,41.88033117472137,-87.6393039287632,,,,,,,no,platform,
Canal St & Madison St,7507,41.8816545,-87.6395712,250,transit,41.8802515722555,-87.63947732899784,,,,,,,no,platform,
Canal St & Madison St,7507,41.8816545,-87.6395712,250,recreation,41.88122989998731,-87.64148824999837,,,,,,swimming_pool,,,
Canal St & Madison St,7507,41.8816545,-87.6395712,250,recreation,41.88293624062151,-87.64230281126996,,,,,,park,,,
Canal St & Madison St,7507,41.8816545,-87.6395712,250,other_amenity,41.88094200174485,-87.63590999680876,,parking,,,,,,,
Canal St & Madison St,7507,41.8816545,-87.6395712,250,other_amenity,41.881729411651776,-87.63650507512126,,parking,,,,,,,
Canal St & Madison St,7507,41.8816545,-87.6395712,250,other_amenity,41.881260763385264,-87.63758965030225,CME Parking,parking,,,,,,,
Canal St & Madison St,7507,41.8816545,-87.6395712,250,recreation,41.882547132869036,-87.63691774696508,,,,,,garden,,,
Canal St & Madison St,7507,41.8816545,-87.6395712,250,recreation,41.88078783745913,-87.63656177621651,,,,,,garden,,,
Canal St & Madison St,7507,41.8816545,-87.6395712,250,recreation,41.883922167664274,-87.63753085890619,,,,,,park,,,
Canal St & Madison St,7507,41.8816545,-87.6395712,250,recreation,41.88077349030376,-87.6379157966903,,,,,,garden,,,
Canal St & Madison St,7507,41.8816545,-87.6395712,250,recreation,41.880719201820575,-87.63788929698075,,,,,,garden,,,
Canal St & Madison St,7507,41.8816545,-87.6395712,250,recreation,41.88173594999836,-87.63710779999978,,,,,,garden,,,
Canal St & Madison St,7507,41.8816545,-87.6395712,250,recreation,41.88166473378218,-87.637105175897,,,,,,garden,,,
Canal St & Madison St,7507,41.8816545,-87.6395712,250,recreation,41.88130394999837,-87.63709699999978,,,,,,garden,,,
Canal St & Madison St,7507,41.8816545,-87.6395712,250,recreation,41.88123569999837,-87.63709464999977,,,,,,garden,,,
Canal St & Madison St,7507,41.8816545,-87.6395712,250,recreation,41.88108879999835,-87.63709174999978,,,,,,garden,,,
Canal St & Madison St,7507,41.8816545,-87.6395712,250,recreation,41.881017974038855,-87.6370900020145,,,,,,garden,,,
Canal St & Madison St,7507,41.8816545,-87.6395712,250,recreation,41.88087322595787,-87.63708589798507,,,,,,garden,,,
Canal St & Madison St,7507,41.8816545,-87.6395712,250,recreation,41.88080282594769,-87.63708414796213,,,,,,garden,,,
Canal St & Madison St,7507,41.8816545,-87.6395712,250,recreation,41.880807199998365,-87.63667434999978,,,,,,garden,,,
Canal St & Madison St,7507,41.8816545,-87.6395712,250,recreation,41.88087799999836,-87.63667669999978,,,,,,garden,,,
Canal St & Madison St,7507,41.8816545,-87.6395712,250,recreation,41.881023599998365,-87.63667904999977,,,,,,garden,,,
Canal St & Madison St,7507,41.8816545,-87.6395712,250,recreation,41.88109229999836,-87.63668019999977,,,,,,garden,,,
Canal St & Madison St,7507,41.8816545,-87.6395712,250,recreation,41.88145559208204,-87.63669012206273,,,,,,garden,,,
Canal St & Madison St,7507,41.8816545,-87.6395712,250,recreation,41.881526059731485,-87.63669187387951,,,,,,garden,,,
Canal St & Madison St,7507,41.8816545,-87.6395712,250,recreation,41.88167123378218,-87.63669537589702,,,,,,garden,,,
Canal St & Madison St,7507,41.8816545,-87.6395712,250,recreation,41.881742049998365,-87.63669769999979,,,,,,garden,,,
Canal St & Madison St,7507,41.8816545,-87.6395712,250,recreation,41.88209454026524,-87.63670572612007,,,,,,garden,,,
Canal St & Madison St,7507,41.8816545,-87.6395712,250,recreation,41.882162507914686,-87.63670707793686,,,,,,garden,,,
Canal St & Madison St,7507,41.8816545,-87.6395712,250,recreation,41.8822923079147,-87.63670907793687,,,,,,garden,,,
Canal St & Madison St,7507,41.8816545,-87.6395712,250,recreation,41.88236364999836,-87.63671039999979,,,,,,garden,,,
Canal St & Madison St,7507,41.8816545,-87.6395712,250,recreation,41.88274407403884,-87.6367198020145,,,,,,garden,,,
Canal St & Madison St,7507,41.8816545,-87.6395712,250,recreation,41.882816474049015,-87.63672315203745,,,,,,garden,,,
Canal St & Madison St,7507,41.8816545,-87.6395712,250,recreation,41.88295078377179,-87.63672517591944,,,,,,garden,,,
Canal St & Madison St,7507,41.8816545,-87.6395712,250,recreation,41.88302014999838,-87.6367271999998,,,,,,garden,,,
Canal St & Madison St,7507,41.8816545,-87.6395712,250,recreation,41.88340804999838,-87.63673589999979,,,,,,garden,,,
Canal St & Madison St,7507,41.8816545,-87.6395712,250,recreation,41.883476983771786,-87.63673657591944,,,,,,garden,,,
Canal St & Madison St,7507,41.8816545,-87.6395712,250,recreation,41.88347144999838,-87.63714894999978,,,,,,garden,,,
Canal St & Madison St,7507,41.8816545,-87.6395712,250,recreation,41.883403107914695,-87.63714627793685,,,,,,garden,,,
Canal St & Madison St,7507,41.8816545,-87.6395712,250,recreation,41.88360972595787,-87.63674059798508,,,,,,garden,,,
Canal St & Madison St,7507,41.8816545,-87.6395712,250,recreation,41.883679125957876,-87.63674259798508,,,,,,garden,,,
Canal St & Madison St,7507,41.8816545,-87.6395712,250,recreation,41.88380995973147,-87.63715767387951,,,,,,garden,,,
Canal St & Madison St,7507,41.8816545,-87.6395712,250,recreation,41.88387582595785,-87.63715969798507,,,,,,garden,,,
Canal St & Madison St,7507,41.8816545,-87.6395712,250,recreation,41.883554410279196,-87.63692761265095,,,,,,garden,,,
Canal St & Madison St,7507,41.8816545,-87.6395712,250,recreation,41.87991293333502,-87.63687104000874,,,,,,garden,,,
Canal St & Madison St,7507,41.8816545,-87.6395712,250,recreation,41.87953339999839,-87.63705499999979,,,,,,garden,,,
Canal St & Madison St,7507,41.8816545,-87.6395712,250,recreation,41.87960385973149,-87.63705557387951,,,,,,garden,,,
Canal St & Madison St,7507,41.8816545,-87.6395712,250,recreation,41.879749907914686,-87.63705907793687,,,,,,garden,,,
Canal St & Madison St,7507,41.8816545,-87.6395712,250,recreation,41.87982029999838,-87.63706024999979,,,,,,garden,,,
Canal St & Madison St,7507,41.8816545,-87.6395712,250,recreation,41.87995629999837,-87.63706374999978,,,,,,garden,,,
Canal St & Madison St,7507,41.8816545,-87.6395712,250,recreation,41.880026725957876,-87.63706549798509,,,,,,garden,,,
Canal St & Madison St,7507,41.8816545,-87.6395712,250,recreation,41.88016492595786,-87.63706959798508,,,,,,garden,,,
Canal St & Madison St,7507,41.8816545,-87.6395712,250,recreation,41.88023449999835,-87.63707074999978,,,,,,garden,,,
Canal St & Madison St,7507,41.8816545,-87.6395712,250,recreation,41.88037835973147,-87.63707367387953,,,,,,garden,,,
Canal St & Madison St,7507,41.8816545,-87.6395712,250,recreation,41.880447866214546,-87.63707542410258,,,,,,garden,,,
Canal St & Madison St,7507,41.8816545,-87.6395712,250,recreation,41.8805235300469,-87.63727295981262,,,,,,garden,,,
Canal St & Madison St,7507,41.8816545,-87.6395712,250,recreation,41.88051812360675,-87.63770161874818,,,,,,garden,,,
Canal St & Madison St,7507,41.8816545,-87.6395712,250,recreation,41.88049116740784,-87.63713007855159,,,,,,garden,,,
Canal St & Madison St,7507,41.8816545,-87.6395712,250,recreation,41.880310474688415,-87.63712537518887,,,,,,garden,,,
Canal St & Madison St,7507,41.8816545,-87.6395712,250,recreation,41.88013543396703,-87.63712125313522,,,,,,garden,,,
Canal St & Madison St,7507,41.8816545,-87.6395712,250,recreation,41.87944646543277,-87.63773114292873,,,,,,garden,,,
Canal St & Madison St,7507,41.8816545,-87.6395712,250,recreation,41.88006904821028,-87.63724172484704,,,,,,garden,,,
Canal St & Madison St,7507,41.8816545,-87.6395712,250,recreation,41.87983337524626,-87.63717399675558,,,,,,garden,,,
Canal St & Madison St,7507,41.8816545,-87.6395712,250,recreation,41.879936749992716,-87.6371739999995,,,,,,garden,,,
Canal St & Madison St,7507,41.8816545,-87.6395712,250,recreation,41.880020171443284,-87.637716415153,,,,,,outdoor_seating,,,
Canal St & Madison St,7507,41.8816545,-87.6395712,250,recreation,41.879458012461235,-87.63715776542647,,,,,,garden,,,
Canal St & Madison St,7507,41.8816545,-87.6395712,250,tourism,41.87988582482605,-87.63713969586368,150,,,artwork,,,,,
Canal St & Madison St,7507,41.8816545,-87.6395712,250,tourism,41.88005024999951,-87.63713970000003,100,,,artwork,,,,,
Canal St & Madison St,7507,41.8816545,-87.6395712,250,retail,41.87979812172008,-87.63703657121943,Food Trucks,,street_vendor,,,,,,
Canal St & Madison St,7507,41.8816545,-87.6395712,250,recreation,41.88045376621453,-87.63666522410257,,,,,,garden,,,
Canal St & Madison St,7507,41.8816545,-87.6395712,250,recreation,41.88038246621456,-87.63666342410258,,,,,,garden,,,
Canal St & Madison St,7507,41.8816545,-87.6395712,250,recreation,41.88023856621453,-87.63666052410258,,,,,,garden,,,
Canal St & Madison St,7507,41.8816545,-87.6395712,250,recreation,41.88016996621453,-87.63665812410258,,,,,,garden,,,
Canal St & Madison St,7507,41.8816545,-87.6395712,250,recreation,41.880031766214536,-87.63665522410258,,,,,,garden,,,
Canal St & Madison St,7507,41.8816545,-87.6395712,250,recreation,41.87982436621454,-87.63665002410258,,,,,,garden,,,
Canal St & Madison St,7507,41.8816545,-87.6395712,250,recreation,41.879757066214545,-87.63664762410258,,,,,,garden,,,
Canal St & Madison St,7507,41.8816545,-87.6395712,250,recreation,41.879612266214544,-87.63664532410256,,,,,,garden,,,
Canal St & Madison St,7507,41.8816545,-87.6395712,250,recreation,41.87954186621453,-87.63664362410258,,,,,,garden,,,
Canal St & Madison St,7507,41.8816545,-87.6395712,250,recreation,41.88000033947022,-87.63644919857045,,,,,,garden,,,
Canal St & Madison St,7507,41.8816545,-87.6395712,250,recreation,41.880053879365725,-87.6365549810016,,,,,,outdoor_seating,,,
Canal St & Madison St,7507,41.8816545,-87.6395712,250,recreation,41.880286251694585,-87.63635169172912,,,,,,garden,,,
Canal St & Madison St,7507,41.8816545,-87.6395712,250,recreation,41.88365722314465,-87.63735606100798,,,,,,garden,,,
Canal St & Madison St,7507,41.8816545,-87.6395712,250,recreation,41.883700785255186,-87.63759166655687,,,,,,garden,,,
Canal St & Madison St,7507,41.8816545,-87.6395712,250,recreation,41.88344793932706,-87.63761158309393,,,,,,garden,,,
Canal St & Madison St,7507,41.8816545,-87.6395712,250,recreation,41.881170968315544,-87.63605467929477,,,,,,garden,,,
Canal St & Madison St,7507,41.8816545,-87.6395712,250,transit,41.88220108365939,-87.64118687693563,,taxi,,,,,,,
Canal St & Madison St,7507,41.8816545,-87.6395712,250,other_amenity,41.88249398647771,-87.64119650608208,,parking,,,,,,,
Canal St & Madison St,7507,41.8816545,-87.6395712,250,transit,41.88183805018473,-87.63916385001525,,taxi,,,,,,,
Canal St & Madison St,7507,41.8816545,-87.6395712,250,transit,41.88385831314775,-87.64123988912583,,taxi,,,,,,,
Canal St & Madison St,7507,41.8816545,-87.6395712,250,recreation,41.883926447977046,-87.63845160259821,,,,,,garden,,,
Canal St & Madison St,7507,41.8816545,-87.6395712,250,other_amenity,41.88375234416566,-87.63972087081082,,parking,,,,,,,
Canal St & Madison St,7507,41.8816545,-87.6395712,250,recreation,41.88326325541958,-87.6387872241367,,,,,,garden,,,
Canal St & Madison St,7507,41.8816545,-87.6395712,250,recreation,41.883261400000144,-87.6387436,,,,,,garden,,,
Canal St & Madison St,7507,41.8816545,-87.6395712,250,recreation,41.88325990547165,-87.63870532414118,,,,,,garden,,,
Canal St & Madison St,7507,41.8816545,-87.6395712,250,recreation,41.88326497587355,-87.63882491265929,,,,,,garden,,,
Canal St & Madison St,7507,41.8816545,-87.6395712,250,recreation,41.883267500000144,-87.63887000000001,,,,,,garden,,,
Canal St & Madison St,7507,41.8816545,-87.6395712,250,recreation,41.88327185000013,-87.63903875,,,,,,garden,,,
Canal St & Madison St,7507,41.8816545,-87.6395712,250,recreation,41.88327387587579,-87.63906576258013,,,,,,garden,,,
Canal St & Madison St,7507,41.8816545,-87.6395712,250,recreation,41.88327464458071,-87.6390930758633,,,,,,garden,,,
Canal St & Madison St,7507,41.8816545,-87.6395712,250,recreation,41.88386789999843,-87.63850479999986,,,,,,garden,,,
Canal St & Madison St,7507,41.8816545,-87.6395712,250,recreation,41.88378389999865,-87.63851469999989,,,,,,garden,,,
Canal St & Madison St,7507,41.8816545,-87.6395712,250,recreation,41.88370279999859,-87.63852494999988,,,,,,garden,,,
Canal St & Madison St,7507,41.8816545,-87.6395712,250,recreation,41.883620126200206,-87.63853547488372,,,,,,garden,,,
Canal St & Madison St,7507,41.8816545,-87.6395712,250,recreation,41.883536874634395,-87.63854552477152,,,,,,garden,,,
Canal St & Madison St,7507,41.8816545,-87.6395712,250,recreation,41.88345554999825,-87.63855399999967,,,,,,garden,,,
Canal St & Madison St,7507,41.8816545,-87.6395712,250,recreation,41.882954593777775,-87.63944925483226,,,,,,garden,,,
Canal St & Madison St,7507,41.8816545,-87.6395712,250,recreation,41.88212165315603,-87.63944446973214,,,,,,garden,,,
Canal St & Madison St,7507,41.8816545,-87.6395712,250,recreation,41.88217123088445,-87.63932520009928,,,,,,garden,,,
Canal St & Madison St,7507,41.8816545,-87.6395712,250,recreation,41.882124040497274,-87.63934724871139,,,,,,outdoor_seating,,,
Canal St & Madison St,7507,41.8816545,-87.6395712,250,recreation,41.882956617348306,-87.63935783478783,,,,,,outdoor_seating,,,
Canal St & Madison St,7507,41.8816545,-87.6395712,250,recreation,41.88299191299755,-87.6392583574474,,,,,,outdoor_seating,,,
Canal St & Madison St,7507,41.8816545,-87.6395712,250,recreation,41.882762115120755,-87.63924949236035,,,,,,outdoor_seating,,,
Canal St & Madison St,7507,41.8816545,-87.6395712,250,recreation,41.88274300782168,-87.63909962983713,,,,,,outdoor_seating,,,
Canal St & Madison St,7507,41.8816545,-87.6395712,250,recreation,41.88254822861031,-87.63891499550914,,,,,,garden,,,
Canal St & Madison St,7507,41.8816545,-87.6395712,250,transit,41.88220737601028,-87.63865086745733,Ogilvie / Union (West Loop) - Chicago Water Taxi Terminal,,,,,,station,,
Canal St & Madison St,7507,41.8816545,-87.6395712,250,recreation,41.88279360000037,-87.6387184,,bench,,,,garden,,,
Canal St & Madison St,7507,41.8816545,-87.6395712,250,recreation,41.88279290000037,-87.6388848,,bench,,,,garden,,,
Canal St & Madison St,7507,41.8816545,-87.6395712,250,recreation,41.882704800000376,-87.6388848,,bench,,,,garden,,,
Canal St & Madison St,7507,41.8816545,-87.6395712,250,recreation,41.88270250000037,-87.6387185,,bench,,,,garden,,,
Canal St & Madison St,7507,41.8816545,-87.6395712,250,recreation,41.88256225000037,-87.6387088,,bench,,,,garden,,,
Canal St & Madison St,7507,41.8816545,-87.6395712,250,recreation,41.88246365000037,-87.63871080000001,,bench,,,,garden,,,
Canal St & Madison St,7507,41.8816545,-87.6395712,250,recreation,41.88241550000036,-87.63886469999998,,bench,,,,garden,,,
Canal St & Madison St,7507,41.8816545,-87.6395712,250,recreation,41.88230540610633,-87.63886537523744,,bench,,,,garden,,,
Canal St & Madison St,7507,41.8816545,-87.6395712,250,recreation,41.88234880610637,-87.63870377523745,,bench,,,,garden,,,
Canal St & Madison St,7507,41.8816545,-87.6395712,250,recreation,41.88285400952998,-87.63877859187707,,,,,,garden,,,
Canal St & Madison St,7507,41.8816545,-87.6395712,250,recreation,41.88300954999892,-87.63878619999979,,,,,,garden,,,
Canal St & Madison St,7507,41.8816545,-87.6395712,250,recreation,41.88224232499491,-87.63875989294392,,,,,,garden,,,
Canal St & Madison St,7507,41.8816545,-87.6395712,250,recreation,41.88303510475918,-87.63873901137117,,,,,,outdoor_seating,,,
Canal St & Madison St,7507,41.8816545,-87.6395712,250,other_amenity,41.8824086841304,-87.63962212969481,,parking,,,,,,,
Canal St & Madison St,7507,41.8816545,-87.6395712,250,other_amenity,41.882625548285795,-87.63962910075843,,parking,,,,,,,
Canal St & Madison St,7507,41.8816545,-87.6395712,250,other_amenity,41.88286742382776,-87.63963860220227,,parking,,,,,,,
Canal St & Madison St,7507,41.8816545,-87.6395712,250,transit,41.88230314194909,-87.639808651795,,taxi,,,,,,,
Canal St & Madison St,7507,41.8816545,-87.6395712,250,other_amenity,41.882210829197426,-87.63988999996636,Canal St & Madison St,bicycle_rental,,,,,,,
Canal St & Madison St,7507,41.8816545,-87.6395712,250,recreation,41.881516665036294,-87.63945809729034,,,,,,garden,,,
Canal St & Madison St,7507,41.8816545,-87.6395712,250,recreation,41.8817083990869,-87.63945133263086,,,,,,garden,,,
Canal St & Madison St,7507,41.8816545,-87.6395712,250,other_amenity,41.88111071820091,-87.63943943606623,,parking,,,,,,,
Canal St & Madison St,7507,41.8816545,-87.6395712,250,other_amenity,41.881351602011286,-87.63944496361677,,parking,,,,,,,
Canal St & Madison St,7507,41.8816545,-87.6395712,250,other_amenity,41.88165615918934,-87.63957121012089,Canal St & Madison St,bicycle_rental,,,,,,,
Canal St & Madison St,7507,41.8816545,-87.6395712,250,other_amenity,41.879822412979706,-87.63939106454667,,parking,,,,,,,
Canal St & Madison St,7507,41.8816545,-87.6395712,250,other_amenity,41.88009522528218,-87.63939989264682,,parking,,,,,,,
Canal St & Madison St,7507,41.8816545,-87.6395712,250,other_amenity,41.88035970435759,-87.64111872337494,,parking,,,,,,,
Canal St & Madison St,7507,41.8816545,-87.6395712,250,other_amenity,41.88008916969401,-87.64110917365086,,parking,,,,,,,
Canal St & Madison St,7507,41.8816545,-87.6395712,250,other_amenity,41.8796166773691,-87.64108614910296,,parking,,,,,,,
Canal St & Madison St,7507,41.8816545,-87.6395712,250,recreation,41.879710584066586,-87.63873219789967,,,,,,garden,,,
Canal St & Madison St,7507,41.8816545,-87.6395712,250,recreation,41.87954500345817,-87.638987009974,,,,,,garden,,,
Canal St & Madison St,7507,41.8816545,-87.6395712,250,recreation,41.879541216456076,-87.63914710944853,,,,,,garden,,,
Canal St & Madison St,7507,41.8816545,-87.6395712,250,recreation,41.879458478016176,-87.63912959121927,,,,,,garden,,,
Canal St & Madison St,7507,41.8816545,-87.6395712,250,recreation,41.8804327171171,-87.63868926987463,,,,,,garden,,,
Canal St & Madison St,7507,41.8816545,-87.6395712,250,recreation,41.87958969279802,-87.63859969547505,,,,,,garden,,,
Canal St & Madison St,7507,41.8816545,-87.6395712,250,recreation,41.88024743453774,-87.63869996044996,,,,,,garden,,,
Canal St & Madison St,7507,41.8816545,-87.6395712,250,other_amenity,41.8839378968485,-87.64056366687446,,shelter,,,,,,,
Canal St & Madison St,7507,41.8816545,-87.6395712,250,retail,41.88385774798462,-87.6405306926617,MetraMarket,,mall,,,,,,
Canal St & Madison St,7507,41.8816545,-87.6395712,250,food_drink,41.8840654413651,-87.640812884437,Chicago French Market,food_court,yes,,,,,,
Canal St & Madison St,7507,41.8816545,-87.6395712,250,food_drink,41.88394000348915,-87.64099205654179,Ovie Bar & Grill,pub,,,,,,,
Canal St & Madison St,7507,41.8816545,-87.6395712,250,retail,41.88389473399002,-87.6408218996764,Spackle Nail Solon,,beauty,,,,,,
Canal St & Madison St,7507,41.8816545,-87.6395712,250,retail,41.88393893000737,-87.64052501067943,,,vacant,,,,,,
Canal St & Madison St,7507,41.8816545,-87.6395712,250,retail,41.88364817297341,-87.64095523151157,,,vacant,,,,,,
Canal St & Madison St,7507,41.8816545,-87.6395712,250,retail,41.88365038806022,-87.64081071968556,Great Clips,,hairdresser,,,,,,
Canal St & Madison St,7507,41.8816545,-87.6395712,250,retail,41.883652257469485,-87.64066710664078,Metra,,ticket,,,,,,
Canal St & Madison St,7507,41.8816545,-87.6395712,250,retail,41.88398977979022,-87.64037455504163,,,vacant,,,,,,
Canal St & Madison St,7507,41.8816545,-87.6395712,250,retail,41.88395685715563,-87.64022867668974,The Booze Caboose,,alcohol,,,,,,
Canal St & Madison St,7507,41.8816545,-87.6395712,250,retail,41.884069134579875,-87.64010128935404,,,vacant,,,,,,
Canal St & Madison St,7507,41.8816545,-87.6395712,250,retail,41.88360734194615,-87.64025251747843,,,vacant,,,,,,
Canal St & Madison St,7507,41.8816545,-87.6395712,250,retail,41.8836126081795,-87.64006787900296,,,vacant,,,,,,
Canal St & Madison St,7507,41.8816545,-87.6395712,250,retail,41.883462409291226,-87.64008911703453,,,vacant,,,,,,
Canal St & Madison St,7507,41.8816545,-87.6395712,250,office,41.883399130245856,-87.64021038273883,AT&T,,,,telecommunication,,,,
Canal St & Madison St,7507,41.8816545,-87.6395712,250,other_amenity,41.88276112123207,-87.64120573801945,Clinton St / Madison St,bicycle_rental,,,,,,,
Canal St & Madison St,7507,41.8816545,-87.6395712,250,other_amenity,41.88346755142465,-87.64115691444202,Clinton St & Washington Blvd,bicycle_rental,,,,,,,
Canal St & Madison St,7507,41.8816545,-87.6395712,250,recreation,41.881937613274225,-87.64191747097587,,,,,,garden,,,
Canal St & Madison St,7507,41.8816545,-87.6395712,250,recreation,41.88193784896504,-87.64172497863666,,,,,,garden,,,
Canal St & Madison St,7507,41.8816545,-87.6395712,250,recreation,41.88194126905254,-87.64153396737191,,,,,,garden,,,
Canal St & Madison St,7507,41.8816545,-87.6395712,250,recreation,41.88204504389784,-87.64150602618109,,,,,,garden,,,
Canal St & Madison St,7507,41.8816545,-87.6395712,250,recreation,41.88203567791035,-87.64172821124005,,,,,,garden,,,
Canal St & Madison St,7507,41.8816545,-87.6395712,250,recreation,41.882033175541494,-87.64196981202215,,,,,,garden,,,
University Ave & 57th St,6980,41.7914785,-87.5998378,250,other_amenity,41.789498996506545,-87.60113499360173,,post_box,,,,,,,
University Ave & 57th St,6980,41.7914785,-87.5998378,250,other_amenity,41.78946709648973,-87.60113409341477,,post_box,,,,,,,
University Ave & 57th St,6980,41.7914785,-87.5998378,250,other_amenity,41.791892299999994,-87.5986739,,bicycle_repair_station,,,,,,,
University Ave & 57th St,6980,41.7914785,-87.5998378,250,other_amenity,41.79073160000001,-87.599544,,bench,,,,,,,
University Ave & 57th St,6980,41.7914785,-87.5998378,250,other_amenity,41.7918624,-87.5986706,,bicycle_parking,,,,,,,
University Ave & 57th St,6980,41.7914785,-87.5998378,250,transit,41.79109169999999,-87.6013875,Ellis & 57th Street,,,,,,platform,,
University Ave & 57th St,6980,41.7914785,-87.5998378,250,transit,41.79130870000001,-87.5979747,University & 57th Street,,,,,,platform,,
University Ave & 57th St,6980,41.7914785,-87.5998378,250,transit,41.78937799675927,-87.60130969319314,5800 S Ellis,,,,,,platform,,
University Ave & 57th St,6980,41.7914785,-87.5998378,250,tourism,41.7924887,-87.6010567,Nuclear Energy,,,artwork,,,,,
University Ave & 57th St,6980,41.7914785,-87.5998378,250,food_drink,41.7897080976209,-87.60170729577871,French Press Coffee,cafe,,,,,,,
University Ave & 57th St,6980,41.7914785,-87.5998378,250,retail,41.791849899999995,-87.5985293,Maroon Market,,convenience,,,,,,
University Ave & 57th St,6980,41.7914785,-87.5998378,250,retail,41.78978599728713,-87.6014982958798,University of Chicago Bookstore,,books,,,,,,
University Ave & 57th St,6980,41.7914785,-87.5998378,250,other_amenity,41.79147849999999,-87.5998378,University Ave & 57th St,bicycle_rental,,,,,,,
University Ave & 57th St,6980,41.7914785,-87.5998378,250,other_amenity,41.791292600000006,-87.5981462,,post_box,,,,,,,
University Ave & 57th St,6980,41.7914785,-87.5998378,250,other_amenity,41.791463900000004,-87.6011397,,post_box,,,,,,,
University Ave & 57th St,6980,41.7914785,-87.5998378,250,food_drink,41.791167,-87.5986203,Pret A Manger,fast_food,,,,,,,
University Ave & 57th St,6980,41.7914785,-87.5998378,250,food_drink,41.79254740000001,-87.5993748,Ex Libris,cafe,,,,,,,
University Ave & 57th St,6980,41.7914785,-87.5998378,250,other_amenity,41.791533199999996,-87.5981976,,post_box,,,,,,,
University Ave & 57th St,6980,41.7914785,-87.5998378,250,food_drink,41.79211029999999,-87.6016611,Quantum Cafe,cafe,,,,,,,
University Ave & 57th St,6980,41.7914785,-87.5998378,250,food_drink,41.7912253,-87.5987741,Hutchinson Commons Food Court,food_court,,,,,,,
University Ave & 57th St,6980,41.7914785,-87.5998378,250,food_drink,41.79125630000001,-87.5983113,Hallowed Grounds,cafe,,,,,,,
University Ave & 57th St,6980,41.7914785,-87.5998378,250,food_drink,41.79209019999999,-87.5984991,Bartlett Dining Commons,fast_food,,,,,,,
University Ave & 57th St,6980,41.7914785,-87.5998378,250,other_amenity,41.78936699756949,-87.60176859390373,Citibank,atm,,,,,,,
University Ave & 57th St,6980,41.7914785,-87.5998378,250,food_drink,41.78984309000235,-87.59737108929006,Starbucks,cafe,,,,,,,
University Ave & 57th St,6980,41.7914785,-87.5998378,250,other_amenity,41.7911369,-87.5983011,Citibank,atm,,,,,,,
University Ave & 57th St,6980,41.7914785,-87.5998378,250,education,41.7902433,-87.5986702,Eckhart Library,library,,,,,,,
University Ave & 57th St,6980,41.7914785,-87.5998378,250,education,41.79197550000001,-87.60006210000002,Special Collections Research Center,library,,,,,,,
University Ave & 57th St,6980,41.7914785,-87.5998378,250,other_amenity,41.7915858,-87.5996578,,bench,,,,,,,
University Ave & 57th St,6980,41.7914785,-87.5998378,250,other_amenity,41.791530200000004,-87.5994979,,bench,,,,,,,
University Ave & 57th St,6980,41.7914785,-87.5998378,250,other_amenity,41.79223459999999,-87.59881270000001,,bench,,,,,,,
University Ave & 57th St,6980,41.7914785,-87.5998378,250,other_amenity,41.7922696,-87.5988027,,bench,,,,,,,
University Ave & 57th St,6980,41.7914785,-87.5998378,250,other_amenity,41.7922956,-87.5988449,,bench,,,,,,,
University Ave & 57th St,6980,41.7914785,-87.5998378,250,other_amenity,41.7922701,-87.5988851,,bench,,,,,,,
University Ave & 57th St,6980,41.7914785,-87.5998378,250,other_amenity,41.7922346,-87.59887580000002,,bench,,,,,,,
University Ave & 57th St,6980,41.7914785,-87.5998378,250,other_amenity,41.791603499999994,-87.5988774,,bench,,,,,,,
University Ave & 57th St,6980,41.7914785,-87.5998378,250,other_amenity,41.7915995,-87.5989073,,bench,,,,,,,
University Ave & 57th St,6980,41.7914785,-87.5998378,250,other_amenity,41.7915947,-87.5989706,,bench,,,,,,,
University Ave & 57th St,6980,41.7914785,-87.5998378,250,other_amenity,41.7915947,-87.5990038,,bench,,,,,,,
University Ave & 57th St,6980,41.7914785,-87.5998378,250,other_amenity,41.79159719999999,-87.5990447,,bench,,,,,,,
University Ave & 57th St,6980,41.7914785,-87.5998378,250,other_amenity,41.7915982,-87.5990903,,bench,,,,,,,
University Ave & 57th St,6980,41.7914785,-87.5998378,250,other_amenity,41.7916042,-87.5991333,,bench,,,,,,,
University Ave & 57th St,6980,41.7914785,-87.5998378,250,other_amenity,41.7915857,-87.5997572,,bench,,,,,,,
University Ave & 57th St,6980,41.7914785,-87.5998378,250,other_amenity,41.79178919999998,-87.60007440000001,,bench,,,,,,,
University Ave & 57th St,6980,41.7914785,-87.5998378,250,other_amenity,41.791759400000004,-87.6001505,,bench,,,,,,,
University Ave & 57th St,6980,41.7914785,-87.5998378,250,other_amenity,41.7917239,-87.6002309,,bench,,,,,,,
University Ave & 57th St,6980,41.7914785,-87.5998378,250,other_amenity,41.79168969999999,-87.60032450000001,,bench,,,,,,,
University Ave & 57th St,6980,41.7914785,-87.5998378,250,other_amenity,41.79165919999999,-87.6004184,,bench,,,,,,,
University Ave & 57th St,6980,41.7914785,-87.5998378,250,other_amenity,41.7916357,-87.60051660000002,,bench,,,,,,,
University Ave & 57th St,6980,41.7914785,-87.5998378,250,other_amenity,41.7916187,-87.6006165,,bench,,,,,,,
University Ave & 57th St,6980,41.7914785,-87.5998378,250,other_amenity,41.791608499999995,-87.6007184,,bench,,,,,,,
University Ave & 57th St,6980,41.7914785,-87.5998378,250,other_amenity,41.79152149999999,-87.59990740000002,,waste_basket,,,,,,,
University Ave & 57th St,6980,41.7914785,-87.5998378,250,other_amenity,41.7915307,-87.59990740000002,,recycling,,,,,,,
University Ave & 57th St,6980,41.7914785,-87.5998378,250,other_amenity,41.791529999999995,-87.5994804,,clock,,,,,,,
University Ave & 57th St,6980,41.7914785,-87.5998378,250,other_amenity,41.79150179999999,-87.5969618,,bicycle_parking,,,,,,,
University Ave & 57th St,6980,41.7914785,-87.5998378,250,other_amenity,41.7906858,-87.5975843,,bicycle_parking,,,,,,,
University Ave & 57th St,6980,41.7914785,-87.5998378,250,other_amenity,41.792221899999994,-87.6015047,,bicycle_parking,,,,,,,
University Ave & 57th St,6980,41.7914785,-87.5998378,250,other_amenity,41.791700199999994,-87.6014842,,bicycle_parking,,,,,,,
University Ave & 57th St,6980,41.7914785,-87.5998378,250,other_amenity,41.7907938,-87.6018088,,bicycle_parking,,,,,,,
University Ave & 57th St,6980,41.7914785,-87.5998378,250,office,41.792103100000006,-87.6001776,UChicago Research Computing Center - Walk-in Lab,,,,company,,,,
University Ave & 57th St,6980,41.7914785,-87.5998378,250,transit,41.79111989999999,-87.6013017,Ellis & 57th Street,,,,,,stop_position,,
University Ave & 57th St,6980,41.7914785,-87.5998378,250,transit,41.7894427967103,-87.60126479349388,5800 S Ellis,,,,,,stop_position,,
University Ave & 57th St,6980,41.7914785,-87.5998378,250,transit,41.791290599999996,-87.5980731,University & 57th Street,,,,,,stop_position,,
University Ave & 57th St,6980,41.7914785,-87.5998378,250,other_amenity,41.7936385,-87.5982495,,bicycle_parking,,,,,,,
University Ave & 57th St,6980,41.7914785,-87.5998378,250,other_amenity,41.78954159037641,-87.59766988801496,,bicycle_parking,,,,,,,
University Ave & 57th St,6980,41.7914785,-87.5998378,250,other_amenity,41.78967619030705,-87.59759168867646,,bicycle_parking,,,,,,,
University Ave & 57th St,6980,41.7914785,-87.5998378,250,other_amenity,41.789670289231005,-87.59698668762479,,bicycle_parking,,,,,,,
University Ave & 57th St,6980,41.7914785,-87.5998378,250,other_amenity,41.789560289606925,-87.59723088738615,,bicycle_parking,,,,,,,
University Ave & 57th St,6980,41.7914785,-87.5998378,250,tourism,41.789236201551994,-87.5975186482433,Institute for the Study of Ancient Cultures Museum,,,museum,,,,,
University Ave & 57th St,6980,41.7914785,-87.5998378,250,education,41.78931933354693,-87.59969860151519,The University of Chicago,university,,,,,,,
University Ave & 57th St,6980,41.7914785,-87.5998378,250,recreation,41.790887149960234,-87.59777284999774,,,,,,pitch,,,
University Ave & 57th St,6980,41.7914785,-87.5998378,250,other_amenity,41.79184251858706,-87.59925207534144,,bicycle_parking,,,,,,,
University Ave & 57th St,6980,41.7914785,-87.5998378,250,other_amenity,41.79169718293827,-87.59697465252992,First Unitarian Church of Chicago,place_of_worship,,,,,,,
University Ave & 57th St,6980,41.7914785,-87.5998378,250,other_amenity,41.793007354173376,-87.5969938453178,Hyde Park Union Church,place_of_worship,,,,,,,
University Ave & 57th St,6980,41.7914785,-87.5998378,250,other_amenity,41.79173295748298,-87.59777851247291,University Church,place_of_worship,,,,,,,
University Ave & 57th St,6980,41.7914785,-87.5998378,250,recreation,41.79193219921917,-87.59703940397227,Pennington Center & Hyde Park School of Dance,,,,,dance,,,
University Ave & 57th St,6980,41.7914785,-87.5998378,250,recreation,41.793563104031215,-87.59893213905956,Henry Crown Field House,,,,,sports_centre,,,
University Ave & 57th St,6980,41.7914785,-87.5998378,250,education,41.79054333507904,-87.602816253828,John Crerar Library,library,,,,,,,
University Ave & 57th St,6980,41.7914785,-87.5998378,250,tourism,41.79351220571592,-87.60018649928239,David and Alfred Smart Museum of Art,,,museum,,,,,
University Ave & 57th St,6980,41.7914785,-87.5998378,250,recreation,41.794151762354126,-87.60204219686534,Ratner Athletic Center,,,,,sports_centre,,,
University Ave & 57th St,6980,41.7914785,-87.5998378,250,other_amenity,41.79064784042114,-87.59841426738603,Mandel Hall,arts_centre,,,,,,,
University Ave & 57th St,6980,41.7914785,-87.5998378,250,education,41.791965048806496,-87.60087596281572,Joe and Rika Mansueto Library,library,,,,,,,
University Ave & 57th St,6980,41.7914785,-87.5998378,250,education,41.792199822051295,-87.59993600519297,Joseph Regenstein Library,library,,,,,,,
University Ave & 57th St,6980,41.7914785,-87.5998378,250,other_amenity,41.79083530783488,-87.59880476008131,,fountain,,,,,,,
University Ave & 57th St,6980,41.7914785,-87.5998378,250,health,41.78953273709941,-87.60421931087421,University of Chicago Medicine Campus,hospital,,,,,,,hospital
University Ave & 57th St,6980,41.7914785,-87.5998378,250,other_amenity,41.793682150220356,-87.60085770169904,,parking,,,,,,,
University Ave & 57th St,6980,41.7914785,-87.5998378,250,other_amenity,41.79217818185232,-87.59931986972308,,bicycle_parking,,,,,,,
University Ave & 57th St,6980,41.7914785,-87.5998378,250,other_amenity,41.79186391112789,-87.59995649523898,,bicycle_parking,,,,,,,
University Ave & 57th St,6980,41.7914785,-87.5998378,250,recreation,41.79089027483094,-87.59742030510127,,,,,,pitch,,,
University Ave & 57th St,6980,41.7914785,-87.5998378,250,recreation,41.79088902508955,-87.59759634489805,,,,,,pitch,,,
University Ave & 57th St,6980,41.7914785,-87.5998378,250,other_amenity,41.79013611531688,-87.5988411020116,,bicycle_parking,,,,,,,
University Ave & 57th St,6980,41.7914785,-87.5998378,250,recreation,41.793639302345625,-87.60297625520307,,,,,,pitch,,,
Clark St & Elm St,6941,41.9029296,-87.6313227,250,transit,41.9039252,-87.6326818,Clark/Division,,,,,,stop_position,stop,
Clark St & Elm St,6941,41.9029296,-87.6313227,250,transit,41.903903699999994,-87.63218720000002,Clark/Division,,,,,,station,station,
Clark St & Elm St,6941,41.9029296,-87.6313227,250,transit,41.9037469,-87.6315475,,,,,,,,subway_entrance,
Clark St & Elm St,6941,41.9029296,-87.6313227,250,transit,41.903747599999996,-87.6313432,,,,,,,,subway_entrance,
Clark St & Elm St,6941,41.9029296,-87.6313227,250,transit,41.904068699999996,-87.63135309999998,,,,,,,,subway_entrance,
Clark St & Elm St,6941,41.9029296,-87.6313227,250,transit,41.9040616,-87.6315555,,,,,,,,subway_entrance,
Clark St & Elm St,6941,41.9029296,-87.6313227,250,transit,41.90387489999999,-87.6316488,Clark/Division,,,,,,stop_position,stop,
Clark St & Elm St,6941,41.9029296,-87.6313227,250,retail,41.90198479999999,-87.6293228,Gordon's Maple Ace Hardware,,doityourself,,,,,,
Clark St & Elm St,6941,41.9029296,-87.6313227,250,food_drink,41.9037941,-87.6301786,Starbucks,cafe,,,,,,,
Clark St & Elm St,6941,41.9029296,-87.6313227,250,retail,41.90400360000001,-87.6342888,Bentley's Pet Stuff,,pet,,,,,,
Clark St & Elm St,6941,41.9029296,-87.6313227,250,other_amenity,41.9029296,-87.6313227,Clark St & Elm St,bicycle_rental,,,,,,,
Clark St & Elm St,6941,41.9029296,-87.6313227,250,food_drink,41.90413479999999,-87.6312547,Dunkin',fast_food,,,,,,,
Clark St & Elm St,6941,41.9029296,-87.6313227,250,retail,41.90167459999999,-87.6316367,Napleton's Aston Martin,,car,,,,,,
Clark St & Elm St,6941,41.9029296,-87.6313227,250,transit,41.904150900000005,-87.6315703,Clark & Division (Red Line),,,,,,platform,,
Clark St & Elm St,6941,41.9029296,-87.6313227,250,transit,41.9007188,-87.63147630000002,Clark & Oak,,,,,,platform,,
Clark St & Elm St,6941,41.9029296,-87.6313227,250,transit,41.90201749999999,-87.6315104,Clark & Maple,,,,,,platform,,
Clark St & Elm St,6941,41.9029296,-87.6313227,250,transit,41.903303599999994,-87.6315497,Clark & Elm,,,,,,platform,,
Clark St & Elm St,6941,41.9029296,-87.6313227,250,transit,41.903843099999996,-87.6310887,Division & Clark (Red Line),,,,,,platform,,
Clark St & Elm St,6941,41.9029296,-87.6313227,250,transit,41.9008714,-87.6312592,Clark & Oak,,,,,,platform,,
Clark St & Elm St,6941,41.9029296,-87.6313227,250,transit,41.9016664,-87.6312977,Clark & Maple,,,,,,platform,,
Clark St & Elm St,6941,41.9029296,-87.6313227,250,transit,41.90364659999999,-87.631325,Clark & Division (Red Line),,,,,,platform,,
Clark St & Elm St,6941,41.9029296,-87.6313227,250,transit,41.90418279999999,-87.6327842,LaSalle & Divison (Red Line),,,,,,platform,,
Clark St & Elm St,6941,41.9029296,-87.6313227,250,transit,41.90198569999999,-87.6327179,LaSalle & Maple,,,,,,platform,,
Clark St & Elm St,6941,41.9029296,-87.6313227,250,transit,41.900715100000006,-87.6327046,LaSalle & Oak,,,,,,platform,,
Clark St & Elm St,6941,41.9029296,-87.6313227,250,transit,41.90368589999999,-87.6330879,LaSalle & Divison (Red Line),,,,,,platform,,
Clark St & Elm St,6941,41.9029296,-87.6313227,250,food_drink,41.9038102,-87.6288681,Brown Bag Seafood Co.,restaurant,,,,,,,
Clark St & Elm St,6941,41.9029296,-87.6313227,250,transit,41.9040606,-87.632774,,,,,,,,subway_entrance,
Clark St & Elm St,6941,41.9029296,-87.6313227,250,transit,41.9037038,-87.63277,,,,,,,,subway_entrance,
Clark St & Elm St,6941,41.9029296,-87.6313227,250,food_drink,41.9022222,-87.628503,Velvet Taco,fast_food,,,,,,,
Clark St & Elm St,6941,41.9029296,-87.6313227,250,food_drink,41.90277489999999,-87.6283042,Bistrot Zinc,restaurant,,,,,,,
Clark St & Elm St,6941,41.9029296,-87.6313227,250,transit,41.9019877,-87.6330312,LaSalle & Maple,,,,,,platform,,
Clark St & Elm St,6941,41.9029296,-87.6313227,250,transit,41.9019655,-87.6284485,State & Maple,,,,,,platform,,
Clark St & Elm St,6941,41.9029296,-87.6313227,250,transit,41.903028600000006,-87.6284754,State & Elm,,,,,,platform,,
Clark St & Elm St,6941,41.9029296,-87.6313227,250,transit,41.9019795,-87.6300379,Dearborn & Maple,,,,,,platform,,
Clark St & Elm St,6941,41.9029296,-87.6313227,250,transit,41.903863,-87.6288978,Division & State,,,,,,platform,,
Clark St & Elm St,6941,41.9029296,-87.6313227,250,transit,41.90399379999999,-87.62983390000001,Division & Dearborn,,,,,,platform,,
Clark St & Elm St,6941,41.9029296,-87.6313227,250,transit,41.9008676,-87.6284137,State & Oak,,,,,,platform,,
Clark St & Elm St,6941,41.9029296,-87.6313227,250,transit,41.9039891,-87.6312832,Division & Clark (Red Line),,,,,,platform,,
Clark St & Elm St,6941,41.9029296,-87.6313227,250,retail,41.90415600000001,-87.6317909,Jewel-Osco,,supermarket,,,,,,
Clark St & Elm St,6941,41.9029296,-87.6313227,250,food_drink,41.9037901,-87.6318764,Mr Gyros,fast_food,,,,,,,
Clark St & Elm St,6941,41.9029296,-87.6313227,250,food_drink,41.9033294,-87.6306073,Blue Door Kitchen & Garden,restaurant,,,,,,,
Clark St & Elm St,6941,41.9029296,-87.6313227,250,education,41.9025165,-87.6341212,Cornerstone Children's Learning Center,kindergarten,,,,,,,
Clark St & Elm St,6941,41.9029296,-87.6313227,250,food_drink,41.9023751,-87.6288081,Somerset,restaurant,,,,,,,
Clark St & Elm St,6941,41.9029296,-87.6313227,250,food_drink,41.90233799999999,-87.6288061,Devereaux,restaurant,,,,,,,
Clark St & Elm St,6941,41.9029296,-87.6313227,250,food_drink,41.9019662,-87.6287408,Maple & Ash,restaurant,,,,,,,
Clark St & Elm St,6941,41.9029296,-87.6313227,250,food_drink,41.904196500000005,-87.6296419,Butch McGuire’s,bar,,,,,,,
Clark St & Elm St,6941,41.9029296,-87.6313227,250,food_drink,41.90420679999999,-87.6342984,Happy Camper Old Town,restaurant,,,,,,,
Clark St & Elm St,6941,41.9029296,-87.6313227,250,retail,41.90199560000001,-87.6291884,Chicago Health Foods,,health_food,,,,,,
Clark St & Elm St,6941,41.9029296,-87.6313227,250,food_drink,41.90361519999998,-87.6304189,Chicago Q,restaurant,,,,,,,
Clark St & Elm St,6941,41.9029296,-87.6313227,250,food_drink,41.904103799999994,-87.6320799,Division on the Rocks,bar,,,,,,,
Clark St & Elm St,6941,41.9029296,-87.6313227,250,food_drink,41.9021359,-87.6287498,Eight Bar and Patio,bar,,,,,,,
Clark St & Elm St,6941,41.9029296,-87.6313227,250,food_drink,41.9033723,-87.6290617,Sparrow,bar,,,,,,,
Clark St & Elm St,6941,41.9029296,-87.6313227,250,food_drink,41.903327899999994,-87.6292502,The Hangge-Uppe,bar,,,,,,,
Clark St & Elm St,6941,41.9029296,-87.6313227,250,food_drink,41.903763099999985,-87.6295523,The Lodge Tavern,bar,,,,,,,
Clark St & Elm St,6941,41.9029296,-87.6313227,250,food_drink,41.904529999999994,-87.629156,Zebra Lounge,bar,,,,,,,
Clark St & Elm St,6941,41.9029296,-87.6313227,250,food_drink,41.903348,-87.6284873,La Colombe Coffee,cafe,,,,,,,
Clark St & Elm St,6941,41.9029296,-87.6313227,250,food_drink,41.902599499999994,-87.6288738,Lou Malnati's Pizzeria,restaurant,,,,,,,
Clark St & Elm St,6941,41.9029296,-87.6313227,250,food_drink,41.90345919999999,-87.6302929,La Storia,restaurant,,,,,,,
Clark St & Elm St,6941,41.9029296,-87.6313227,250,food_drink,41.9037963,-87.6305393,The Halal Guys,fast_food,,,,,,,
Clark St & Elm St,6941,41.9029296,-87.6313227,250,retail,41.90407559999999,-87.628486,CVS Pharmacy,pharmacy,chemist,,,,,,pharmacy
Clark St & Elm St,6941,41.9029296,-87.6313227,250,transit,41.9038111,-87.6331921,Division & LaSalle,,,,,,platform,,
Clark St & Elm St,6941,41.9029296,-87.6313227,250,transit,41.9006948,-87.6313619,Clark & Oak,,,,,,stop_position,,
Clark St & Elm St,6941,41.9029296,-87.6313227,250,other_amenity,41.903246800000005,-87.6343279,Wells St & Elm St,bicycle_rental,,,,,,,
Clark St & Elm St,6941,41.9029296,-87.6313227,250,transit,41.90197729999999,-87.631395,Clark & Maple,,,,,,stop_position,,
Clark St & Elm St,6941,41.9029296,-87.6313227,250,transit,41.9017397,-87.6313894,Clark & Maple,,,,,,stop_position,,
Clark St & Elm St,6941,41.9029296,-87.6313227,250,transit,41.9032719,-87.6314228,Clark & Elm,,,,,,stop_position,,
Clark St & Elm St,6941,41.9029296,-87.6313227,250,transit,41.90369449999999,-87.63143210000001,Clark & Division (Red Line),,,,,,stop_position,,
Clark St & Elm St,6941,41.9029296,-87.6313227,250,transit,41.9040738,-87.6314425,Clark & Division (Red Line),,,,,,stop_position,,
Clark St & Elm St,6941,41.9029296,-87.6313227,250,retail,41.901970999999996,-87.6289643,Bella Bianca,,clothes,,,,,,
Clark St & Elm St,6941,41.9029296,-87.6313227,250,transit,41.90091739999999,-87.6283457,State & Oak,,,,,,stop_position,,
Clark St & Elm St,6941,41.9029296,-87.6313227,250,transit,41.90169439999999,-87.6283659,State & Bellevue,,,,,,stop_position,,
Clark St & Elm St,6941,41.9029296,-87.6313227,250,transit,41.90198819999999,-87.6283764,State & Maple,,,,,,stop_position,,
Clark St & Elm St,6941,41.9029296,-87.6313227,250,transit,41.902962699999996,-87.6285592,State & Elm,,,,,,stop_position,,
Clark St & Elm St,6941,41.9029296,-87.6313227,250,transit,41.90394069999999,-87.6289556,Division & State,,,,,,stop_position,,
Clark St & Elm St,6941,41.9029296,-87.6313227,250,transit,41.90392859999999,-87.6297749,Division & Dearborn,,,,,,stop_position,,
Clark St & Elm St,6941,41.9029296,-87.6313227,250,transit,41.9039111,-87.6312124,Division & Clark (Red Line),,,,,,stop_position,,
Clark St & Elm St,6941,41.9029296,-87.6313227,250,transit,41.90391189999999,-87.631144,Division & Clark (Red Line),,,,,,stop_position,,
Clark St & Elm St,6941,41.9029296,-87.6313227,250,transit,41.903971999999996,-87.6319507,Division & Clark (Red Line),,,,,,platform,,
Clark St & Elm St,6941,41.9029296,-87.6313227,250,food_drink,41.90490499999999,-87.6331985,Taqueria Express - Mr. Gyros,fast_food,,,,,,,
Clark St & Elm St,6941,41.9029296,-87.6313227,250,food_drink,41.903982000000006,-87.63383909999999,Sarpino's Pizzeria,fast_food,,,,,,,
Clark St & Elm St,6941,41.9029296,-87.6313227,250,food_drink,41.903982000000006,-87.6340725,Quiznos,fast_food,,,,,,,
Clark St & Elm St,6941,41.9029296,-87.6313227,250,office,41.903988000000005,-87.6339384,H&R Block,,,,tax_advisor,,,,
Clark St & Elm St,6941,41.9029296,-87.6313227,250,food_drink,41.904382700000006,-87.63041820000001,Eduardo's Enoteca,restaurant,,,,,,,
Clark St & Elm St,6941,41.9029296,-87.6313227,250,food_drink,41.9034735,-87.6342875,Can't Believe It's Not Meat,restaurant,,,,,,,
Clark St & Elm St,6941,41.9029296,-87.6313227,250,other_amenity,41.9048776,-87.6316357,,parking_entrance,,,,,,,
Clark St & Elm St,6941,41.9029296,-87.6313227,250,other_amenity,41.90492379999999,-87.6316368,,parking_entrance,,,,,,,
Clark St & Elm St,6941,41.9029296,-87.6313227,250,health,41.9040839,-87.6297549,Dentologie,dentist,,,,,,,dentist
Clark St & Elm St,6941,41.9029296,-87.6313227,250,other_amenity,41.902144199999995,-87.6338192,,parking_entrance,,,,,,,
Clark St & Elm St,6941,41.9029296,-87.6313227,250,food_drink,41.90372169999999,-87.6342409,Hashbrowns,restaurant,,,,,,,
Clark St & Elm St,6941,41.9029296,-87.6313227,250,food_drink,41.90379829999999,-87.6306376,Jimmy John's,fast_food,,,,,,,
Clark St & Elm St,6941,41.9029296,-87.6313227,250,other_amenity,41.9029764,-87.6316302,Chase,bank,,,,,,,
Clark St & Elm St,6941,41.9029296,-87.6313227,250,retail,41.90305910000001,-87.6283118,Abercrombie & Fitch,,clothes,,,,,,
Clark St & Elm St,6941,41.9029296,-87.6313227,250,other_amenity,41.90380269999999,-87.6285048,Bank of America,bank,,,,,,,
Clark St & Elm St,6941,41.9029296,-87.6313227,250,food_drink,41.90359800000001,-87.6288444,Chicago tea house,cafe,,,,,,,
Clark St & Elm St,6941,41.9029296,-87.6313227,250,food_drink,41.90379920000001,-87.6304024,Wingstop,fast_food,,,,,,,
Clark St & Elm St,6941,41.9029296,-87.6313227,250,food_drink,41.903303399999984,-87.6288355,Dolci Amori,cafe,,,,,,,
Clark St & Elm St,6941,41.9029296,-87.6313227,250,other_amenity,41.9050145,-87.633226,,parking_entrance,,,,,,,
Clark St & Elm St,6941,41.9029296,-87.6313227,250,other_amenity,41.9050294,-87.6332262,,parking_entrance,,,,,,,
Clark St & Elm St,6941,41.9029296,-87.6313227,250,retail,41.90373349999999,-87.6311146,CVS Pharmacy,pharmacy,chemist,,,,,,pharmacy
Clark St & Elm St,6941,41.9029296,-87.6313227,250,other_amenity,41.904767199999995,-87.6343143,PNC Bank,bank,,,,,,,
Clark St & Elm St,6941,41.9029296,-87.6313227,250,transit,41.9020077,-87.6299315,Dearborn & Maple,,,,,,stop_position,,
Clark St & Elm St,6941,41.9029296,-87.6313227,250,other_amenity,41.90407609999999,-87.6342978,Near North Animal Hospital,veterinary,,,,,,,
Clark St & Elm St,6941,41.9029296,-87.6313227,250,retail,41.9028553,-87.6283229,Dr. Martens,,shoes,,,,,,
Clark St & Elm St,6941,41.9029296,-87.6313227,250,retail,41.903423,-87.6285264,bluemercury,,cosmetics,,,,,,
Clark St & Elm St,6941,41.9029296,-87.6313227,250,food_drink,41.90397449999999,-87.6337411,Nepal House,restaurant,,,,,,,
Clark St & Elm St,6941,41.9029296,-87.6313227,250,retail,41.903983099999984,-87.63401280000001,Sherry's Food Mart,,convenience,,,,,,
Clark St & Elm St,6941,41.9029296,-87.6313227,250,food_drink,41.90170870000001,-87.62931110000001,Foxtrot Market,cafe,,,,,,,
Clark St & Elm St,6941,41.9029296,-87.6313227,250,transit,41.9037652,-87.6327226,,,,,,,,subway_entrance,
Clark St & Elm St,6941,41.9029296,-87.6313227,250,other_amenity,41.90389749999999,-87.6315737,,ticket_validator,,,,,,,
Clark St & Elm St,6941,41.9029296,-87.6313227,250,other_amenity,41.9038815,-87.6327244,,ticket_validator,,,,,,,
Clark St & Elm St,6941,41.9029296,-87.6313227,250,retail,41.90195990000001,-87.631648,Bentley Gold Coast,,car,,,,,,
Clark St & Elm St,6941,41.9029296,-87.6313227,250,retail,41.9019731,-87.63203570000002,Alfa Romeo Chicago,,car,,,,,,
Clark St & Elm St,6941,41.9029296,-87.6313227,250,retail,41.90231459999999,-87.6316302,Lamborghini Gold Coast,,car,,,,,,
Clark St & Elm St,6941,41.9029296,-87.6313227,250,retail,41.9019891,-87.63077680000002,Honda of Downtown Chicago,,car,,,,,,
Clark St & Elm St,6941,41.9029296,-87.6313227,250,tourism,41.90521573256131,-87.63044234827548,"Claridge House Chicago, Tapestry Collection by Hilton",,,hotel,,,,,
Clark St & Elm St,6941,41.9029296,-87.6313227,250,recreation,41.901191046261566,-87.63033405648004,Ruth Page Foundation School of Dance,,,,,dance,,,
Clark St & Elm St,6941,41.9029296,-87.6313227,250,other_amenity,41.90116925687139,-87.63236921429917,Annunciation Greek Orthodox Cathedral,place_of_worship,,,,,,,
Clark St & Elm St,6941,41.9029296,-87.6313227,250,retail,41.90145489232658,-87.63095299811039,Perillo BMW,,car,,,,,,
Clark St & Elm St,6941,41.9029296,-87.6313227,250,food_drink,41.90173193076673,-87.62855309545803,Dublin's Bar and Grill,restaurant,,,,,,,
Clark St & Elm St,6941,41.9029296,-87.6313227,250,retail,41.90221515241968,-87.63097937754581,Fletcher Jones VW & Audi,,car,,,,,,
Clark St & Elm St,6941,41.9029296,-87.6313227,250,other_amenity,41.90289815877044,-87.63242118400434,Church of the Ascension,place_of_worship,,,,,,,
Clark St & Elm St,6941,41.9029296,-87.6313227,250,other_amenity,41.90295158120781,-87.63327595524821,LaSalle Street Church,place_of_worship,,,,,,,
Clark St & Elm St,6941,41.9029296,-87.6313227,250,retail,41.9041522215778,-87.6304038518348,Walgreens,,chemist,,,,,,
Clark St & Elm St,6941,41.9029296,-87.6313227,250,health,41.904055511395384,-87.63328741437878,Planned Parenthood,clinic,,,,,,,counselling
Clark St & Elm St,6941,41.9029296,-87.6313227,250,other_amenity,41.90442248193557,-87.62830042447646,,parking,,,,,,,
Clark St & Elm St,6941,41.9029296,-87.6313227,250,tourism,41.90484527877055,-87.63342413693525,Marshall Hotel,,,hotel,,,,,
Clark St & Elm St,6941,41.9029296,-87.6313227,250,other_amenity,41.90504311930064,-87.63040624521953,Chabad of the Gold Coast,place_of_worship,,,,,,,
Clark St & Elm St,6941,41.9029296,-87.6313227,250,food_drink,41.903737662072594,-87.62936263950866,Hopsmith,pub,,,,,,,
Clark St & Elm St,6941,41.9029296,-87.6313227,250,education,41.90158955404507,-87.63388122540601,Salazar Bilingual Center,school,,,,,,,
Clark St & Elm St,6941,41.9029296,-87.6313227,250,other_amenity,41.90334397576926,-87.63102457698304,,parking,,,,,,,
Clark St & Elm St,6941,41.9029296,-87.6313227,250,other_amenity,41.902183408426055,-87.63242992521306,,parking,,,,,,,
Clark St & Elm St,6941,41.9029296,-87.6313227,250,other_amenity,41.901371354239025,-87.63240567540129,,parking,,,,,,,
Clark St & Elm St,6941,41.9029296,-87.6313227,250,other_amenity,41.90348336882255,-87.6318439192656,,parking,,,,,,,
Clark St & Elm St,6941,41.9029296,-87.6313227,250,other_amenity,41.902747495722465,-87.63100098888432,,parking,,,,,,,
Clark St & Elm St,6941,41.9029296,-87.6313227,250,other_amenity,41.90078540010697,-87.63030965000237,,parking,,,,,,,
Clark St & Elm St,6941,41.9029296,-87.6313227,250,other_amenity,41.90290218777018,-87.62907317465672,,parking,,,,,,,
Clark St & Elm St,6941,41.9029296,-87.6313227,250,retail,41.902098718348164,-87.62866376272108,Urban Outfitters,,clothes,,,,,,
Clark St & Elm St,6941,41.9029296,-87.6313227,250,other_amenity,41.90137867556584,-87.63032517762704,,parking,,,,,,,
Clark St & Elm St,6941,41.9029296,-87.6313227,250,tourism,41.90239694879393,-87.62891187863463,Viceroy Chicago,,,hotel,,,,,
Clark St & Elm St,6941,41.9029296,-87.6313227,250,other_amenity,41.904395356372646,-87.63239747524914,,parking,,,,,,,
Clark St & Elm St,6941,41.9029296,-87.6313227,250,other_amenity,41.90093634979298,-87.63368194996272,,parking,,,,,,,
Clark St & Elm St,6941,41.9029296,-87.6313227,250,other_amenity,41.90479549661766,-87.62908640001169,,parking,,,,,,,
Clark St & Elm St,6941,41.9029296,-87.6313227,250,recreation,41.90520576165627,-87.63256365593801,,,,,,swimming_pool,,,
Clark St & Elm St,6941,41.9029296,-87.6313227,250,other_amenity,41.90215963797413,-87.63181882776037,,parking,,,,,,,
Clark St & Elm St,6941,41.9029296,-87.6313227,250,transit,41.9038890012977,-87.6321563000799,,,,,,,platform,platform,
Clark St & Elm St,6941,41.9029296,-87.6313227,250,other_amenity,41.903491628287725,-87.63370354506233,,parking,,,,,,,
Clark St & Elm St,6941,41.9029296,-87.6313227,250,recreation,41.90463832454552,-87.62846545545305,,,,,,swimming_pool,,,
Clark St & Elm St,6941,41.9029296,-87.6313227,250,recreation,41.902985653363736,-87.62953467520056,,,,,,swimming_pool,,,
Clark St & Elm St,6941,41.9029296,-87.6313227,250,recreation,41.902704850042184,-87.63048495000206,,,,,,swimming_pool,,,
Clark St & Elm St,6941,41.9029296,-87.6313227,250,recreation,41.90249434998806,-87.63184189999541,,,,,,swimming_pool,,,
Clark St & Elm St,6941,41.9029296,-87.6313227,250,recreation,41.90232656596776,-87.63327934842398,,,,,,swimming_pool,,,
Clark St & Elm St,6941,41.9029296,-87.6313227,250,recreation,41.902441534617154,-87.62880232426173,,,,,,swimming_pool,,,
Clark St & Elm St,6941,41.9029296,-87.6313227,250,recreation,41.90124886312097,-87.62907937537538,,,,,,swimming_pool,,,
Clark St & Elm St,6941,41.9029296,-87.6313227,250,recreation,41.904085612481836,-87.63183147818515,,,,,,swimming_pool,,,
Clark St & Elm St,6941,41.9029296,-87.6313227,250,recreation,41.90408443785754,-87.63197172470893,,,,,,hot_tub,,,
Clark St & Elm St,6941,41.9029296,-87.6313227,250,recreation,41.90504502983956,-87.63297105147063,,,,,,garden,,,
Clark St & Elm St,6941,41.9029296,-87.6313227,250,recreation,41.902699705079925,-87.63289308947896,,,,,,garden,,,
Clark St & Elm St,6941,41.9029296,-87.6313227,250,recreation,41.90142009674728,-87.63286683019426,,,,,,garden,,,
Ellis Ave & 60th St,6237,41.7851231,-87.6010967,250,other_amenity,41.78635099078383,-87.5988025712074,,drinking_water,,,,,,,
Ellis Ave & 60th St,6237,41.7851231,-87.6010967,250,transit,41.78590059070351,-87.59888296870753,1111 E 60th Street,,,,,,platform,,
Ellis Ave & 60th St,6237,41.7851231,-87.6010967,250,transit,41.78598449461956,-87.60101787296522,60th Street & Ellis,,,,,,platform,,
Ellis Ave & 60th St,6237,41.7851231,-87.6010967,250,transit,41.7860170895114,-87.5981936681753,60th Street & University,,,,,,platform,,
Ellis Ave & 60th St,6237,41.7851231,-87.6010967,250,transit,41.78587659415674,-87.6007913719376,60th Street & Ellis,,,,,,platform,,
Ellis Ave & 60th St,6237,41.7851231,-87.6010967,250,transit,41.785857599129116,-87.60353447667337,915 E 60th Street,,,,,,platform,,
Ellis Ave & 60th St,6237,41.7851231,-87.6010967,250,transit,41.78404029426365,-87.60132986222233,61st Street & Ellis,,,,,,platform,,
Ellis Ave & 60th St,6237,41.7851231,-87.6010967,250,transit,41.78417979357609,-87.60091906229133,61st Street & Ellis,,,,,,platform,,
Ellis Ave & 60th St,6237,41.7851231,-87.6010967,250,transit,41.7841588966642,-87.6026074652173,61st Street & Ingleside,,,,,,platform,,
Ellis Ave & 60th St,6237,41.7851231,-87.6010967,250,transit,41.784030297209206,-87.60293646506881,61st Street & Ingleside,,,,,,platform,,
Ellis Ave & 60th St,6237,41.7851231,-87.6010967,250,transit,41.78735619580048,-87.60130998144881,Ellis & Midway Plaisance,,,,,,platform,,
Ellis Ave & 60th St,6237,41.7851231,-87.6010967,250,education,41.78508799059154,-87.59904496423164,D'Angelo Law Library,library,,,,,,,
Ellis Ave & 60th St,6237,41.7851231,-87.6010967,250,retail,41.78475819382838,-87.60090556563223,Midway Market,,convenience,,,,,,
Ellis Ave & 60th St,6237,41.7851231,-87.6010967,250,other_amenity,41.78512309435141,-87.60109646809572,Ellis Ave & 60th St,bicycle_rental,,,,,,,
Ellis Ave & 60th St,6237,41.7851231,-87.6010967,250,other_amenity,41.785107293862424,-87.60083256753317,,bicycle_parking,,,,,,,
Ellis Ave & 60th St,6237,41.7851231,-87.6010967,250,food_drink,41.78507299302647,-87.60038346653215,Arley D. Cathey Dining Commons,fast_food,,,,,,,
Ellis Ave & 60th St,6237,41.7851231,-87.6010967,250,transit,41.78594409071789,-87.59887886895535,1111 E 60th Street,,,,,,stop_position,,
Ellis Ave & 60th St,6237,41.7851231,-87.6010967,250,transit,41.78592049418147,-87.60079337219668,60th Street & Ellis,,,,,,stop_position,,
Ellis Ave & 60th St,6237,41.7851231,-87.6010967,250,transit,41.7859176945902,-87.6010192725792,60th Street & Ellis,,,,,,stop_position,,
Ellis Ave & 60th St,6237,41.7851231,-87.6010967,250,transit,41.785952489485574,-87.59819756780237,60th Street & University,,,,,,stop_position,,
Ellis Ave & 60th St,6237,41.7851231,-87.6010967,250,retail,41.78396989437941,-87.6014110619603,Chloe’s Sweets & Treats,,bakery,,,,,,
Ellis Ave & 60th St,6237,41.7851231,-87.6010967,250,transit,41.78589299915774,-87.6035414768896,915 E 60th Street,,,,,,stop_position,,
Ellis Ave & 60th St,6237,41.7851231,-87.6010967,250,other_amenity,41.78587099137705,-87.5992620692036,,post_box,,,,,,,
Ellis Ave & 60th St,6237,41.7851231,-87.6010967,250,other_amenity,41.7858498953044,-87.60143037291127,,post_box,,,,,,,
Ellis Ave & 60th St,6237,41.7851231,-87.6010967,250,education,41.78559329619507,-87.60198677240767,The Social Work Library,library,,,,,,,
Ellis Ave & 60th St,6237,41.7851231,-87.6010967,250,office,41.783266497442504,-87.60325186123544,Illinois Medical Staffing,,,,employment_agency,,,,
Ellis Ave & 60th St,6237,41.7851231,-87.6010967,250,other_amenity,41.785765598557894,-87.60324287562776,,bicycle_parking,,,,,,,
Ellis Ave & 60th St,6237,41.7851231,-87.6010967,250,other_amenity,41.78576659996072,-87.60401467699866,,bicycle_parking,,,,,,,
Ellis Ave & 60th St,6237,41.7851231,-87.6010967,250,other_amenity,41.78569509658525,-87.60217527333118,,bicycle_parking,,,,,,,
Ellis Ave & 60th St,6237,41.7851231,-87.6010967,250,other_amenity,41.7856985950852,-87.60134917188901,,bicycle_parking,,,,,,,
Ellis Ave & 60th St,6237,41.7851231,-87.6010967,250,other_amenity,41.78491999144236,-87.59955676416214,,loading_dock,,,,,,,
Ellis Ave & 60th St,6237,41.7851231,-87.6010967,250,other_amenity,41.78682439049907,-87.59851307347901,,bicycle_parking,,,,,,,
Ellis Ave & 60th St,6237,41.7851231,-87.6010967,250,education,41.78931933354693,-87.59969860151519,The University of Chicago,university,,,,,,,
Ellis Ave & 60th St,6237,41.7851231,-87.6010967,250,recreation,41.786862063023314,-87.5964029303922,Midway Plaisance,,,,,park,,,
Ellis Ave & 60th St,6237,41.7851231,-87.6010967,250,other_amenity,41.784528292265925,-87.59862867964934,,parking,,,,,,,
Ellis Ave & 60th St,6237,41.7851231,-87.6010967,250,recreation,41.7868273221972,-87.59893331865376,Midway Plaisance Ice Rink,,,,,ice_rink,,,
Ellis Ave & 60th St,6237,41.7851231,-87.6010967,250,other_amenity,41.78545764104734,-87.59905446642675,,fountain,,,,,,,
Ellis Ave & 60th St,6237,41.7851231,-87.6010967,250,other_amenity,41.78531252852524,-87.60376364066188,Logan Center for the Arts,theatre,,,,,,,
Ellis Ave & 60th St,6237,41.7851231,-87.6010967,250,other_amenity,41.78486437769664,-87.6021882622739,,parking,,,,,,,
Ellis Ave & 60th St,6237,41.7851231,-87.6010967,250,recreation,41.78618676124706,-87.59877071176624,Midway Plaisance Park South Winter Garden,,,,,garden,,,
Ellis Ave & 60th St,6237,41.7851231,-87.6010967,250,recreation,41.78754062766227,-87.59836980662735,Midway Plaisance Park North Winter Garden,,,,,garden,,,
Ellis Ave & 60th St,6237,41.7851231,-87.6010967,250,recreation,41.786989072424866,-87.60112388501913,,,,,,garden,,,
Ellis Ave & 60th St,6237,41.7851231,-87.6010967,250,recreation,41.786880265584244,-87.60111471859248,,,,,,garden,,,
Ellis Ave & 60th St,6237,41.7851231,-87.6010967,250,recreation,41.786776030547266,-87.60111220463699,,,,,,garden,,,
Ellis Ave & 60th St,6237,41.7851231,-87.6010967,250,recreation,41.786668712385286,-87.60111528822927,,,,,,garden,,,
Ellis Ave & 60th St,6237,41.7851231,-87.6010967,250,recreation,41.7866670052477,-87.60129600206727,,,,,,garden,,,
Ellis Ave & 60th St,6237,41.7851231,-87.6010967,250,recreation,41.786774039558416,-87.60130521810959,,,,,,garden,,,
Ellis Ave & 60th St,6237,41.7851231,-87.6010967,250,recreation,41.786878269606206,-87.60130865876138,,,,,,garden,,,
Ellis Ave & 60th St,6237,41.7851231,-87.6010967,250,recreation,41.78698728054852,-87.60130574622049,,,,,,garden,,,
Ellis Ave & 60th St,6237,41.7851231,-87.6010967,250,other_amenity,41.78720285957445,-87.60350007161352,,parking,,,,,,,
Ellis Ave & 60th St,6237,41.7851231,-87.6010967,250,other_amenity,41.78721910760292,-87.60202141629297,,parking,,,,,,,
Ellis Ave & 60th St,6237,41.7851231,-87.6010967,250,other_amenity,41.78723626873904,-87.6003763653446,,parking,,,,,,,
Ellis Ave & 60th St,6237,41.7851231,-87.6010967,250,other_amenity,41.78725328816835,-87.59893604832385,,parking,,,,,,,
Ellis Ave & 60th St,6237,41.7851231,-87.6010967,250,other_amenity,41.78727034341336,-87.59734257307662,,parking,,,,,,,
Ellis Ave & 60th St,6237,41.7851231,-87.6010967,250,other_amenity,41.78718141299939,-87.59735772884851,,parking,,,,,,,
Ellis Ave & 60th St,6237,41.7851231,-87.6010967,250,other_amenity,41.787164539604284,-87.59893303819027,,parking,,,,,,,
Ellis Ave & 60th St,6237,41.7851231,-87.6010967,250,other_amenity,41.787148894367206,-87.60036094390976,,parking,,,,,,,
Ellis Ave & 60th St,6237,41.7851231,-87.6010967,250,other_amenity,41.787130672452186,-87.60203540319857,,parking,,,,,,,
Ellis Ave & 60th St,6237,41.7851231,-87.6010967,250,other_amenity,41.78711584654373,-87.60350142110124,,parking,,,,,,,
Ellis Ave & 60th St,6237,41.7851231,-87.6010967,250,other_amenity,41.786487732816994,-87.60349670369627,,parking,,,,,,,
Ellis Ave & 60th St,6237,41.7851231,-87.6010967,250,other_amenity,41.78650372560004,-87.6020254811382,,parking,,,,,,,
Ellis Ave & 60th St,6237,41.7851231,-87.6010967,250,other_amenity,41.78652282120337,-87.60034071942039,,parking,,,,,,,
Ellis Ave & 60th St,6237,41.7851231,-87.6010967,250,other_amenity,41.78653831715821,-87.5989357594704,,parking,,,,,,,
Ellis Ave & 60th St,6237,41.7851231,-87.6010967,250,other_amenity,41.78655465068402,-87.59734402023831,,parking,,,,,,,
Ellis Ave & 60th St,6237,41.7851231,-87.6010967,250,other_amenity,41.78646690098309,-87.59735572588035,,parking,,,,,,,
Ellis Ave & 60th St,6237,41.7851231,-87.6010967,250,other_amenity,41.786449667821856,-87.59892218848863,,parking,,,,,,,
Ellis Ave & 60th St,6237,41.7851231,-87.6010967,250,other_amenity,41.7864333679931,-87.60032766396196,,parking,,,,,,,
Ellis Ave & 60th St,6237,41.7851231,-87.6010967,250,other_amenity,41.78641684257393,-87.60200040992004,,parking,,,,,,,
Ellis Ave & 60th St,6237,41.7851231,-87.6010967,250,other_amenity,41.78640107197819,-87.60349327273542,,parking,,,,,,,
Clinton St & Jackson Blvd,5916,41.8784565,-87.6409984,250,transit,41.8791728,-87.6395962,Chicago Union Station,,,,,,stop_position,stop,
Clinton St & Jackson Blvd,5916,41.8784565,-87.6409984,250,transit,41.8790649,-87.6393973,Chicago Union Station,,,,,,stop_position,stop,
Clinton St & Jackson Blvd,5916,41.8784565,-87.6409984,250,transit,41.8790674,-87.6392328,Chicago Union Station,,,,,,stop_position,stop,
Clinton St & Jackson Blvd,5916,41.8784565,-87.6409984,250,transit,41.87906989999998,-87.6390715,Chicago Union Station,,,,,,stop_position,stop,
Clinton St & Jackson Blvd,5916,41.8784565,-87.6409984,250,transit,41.87907249999999,-87.638903,Chicago Union Station,,,,,,stop_position,stop,
Clinton St & Jackson Blvd,5916,41.8784565,-87.6409984,250,transit,41.87829150000002,-87.6389595,Chicago Union Station,,,,,,stop_position,stop,
Clinton St & Jackson Blvd,5916,41.8784565,-87.6409984,250,transit,41.878289699999996,-87.6391217,Chicago Union Station,,,,,,stop_position,stop,
Clinton St & Jackson Blvd,5916,41.8784565,-87.6409984,250,transit,41.87828789999999,-87.63927670000001,Chicago Union Station,,,,,,stop_position,stop,
Clinton St & Jackson Blvd,5916,41.8784565,-87.6409984,250,transit,41.877925700000006,-87.639437,Chicago Union Station,,,,,,stop_position,stop,
Clinton St & Jackson Blvd,5916,41.8784565,-87.6409984,250,education,41.8788616,-87.6420986,Chicago-Kent College of Law,university,,,,,,,
Clinton St & Jackson Blvd,5916,41.8784565,-87.6409984,250,food_drink,41.8795638,-87.6409175,Jimmy John's,fast_food,,,,,,,
Clinton St & Jackson Blvd,5916,41.8784565,-87.6409984,250,other_amenity,41.877928700000005,-87.6387484,Chase,bank,,,,,,,
Clinton St & Jackson Blvd,5916,41.8784565,-87.6409984,250,other_amenity,41.879428399999995,-87.64148530000001,Chase,bank,,,,,,,
Clinton St & Jackson Blvd,5916,41.8784565,-87.6409984,250,food_drink,41.88036509999999,-87.6408924,Chipotle,fast_food,,,,,,,
Clinton St & Jackson Blvd,5916,41.8784565,-87.6409984,250,other_amenity,41.878864600000014,-87.6386155,Fifth Third Bank,bank,,,,,,,
Clinton St & Jackson Blvd,5916,41.8784565,-87.6409984,250,education,41.879101299999995,-87.6421093,IIT Stuart School of Business,university,,,,,,,
Clinton St & Jackson Blvd,5916,41.8784565,-87.6409984,250,food_drink,41.878192899999995,-87.6384518,Corner Bakery,cafe,,,,,,,
Clinton St & Jackson Blvd,5916,41.8784565,-87.6409984,250,transit,41.8789377,-87.6412131,Clinton & Quincy (Union Station),,,,,,platform,,
Clinton St & Jackson Blvd,5916,41.8784565,-87.6409984,250,transit,41.8793931,-87.63936449999999,Adams & Canal (Union Station),,,,,,platform,,
Clinton St & Jackson Blvd,5916,41.8784565,-87.6409984,250,tourism,41.879453299999994,-87.6437937,Gráinne,,,artwork,,,,,
Clinton St & Jackson Blvd,5916,41.8784565,-87.6409984,250,food_drink,41.8779077,-87.6416474,Dunkin',fast_food,,,,,,,
Clinton St & Jackson Blvd,5916,41.8784565,-87.6409984,250,other_amenity,41.8792478,-87.6400073,Canal St & Adams St,bicycle_rental,,,,,,,
Clinton St & Jackson Blvd,5916,41.8784565,-87.6409984,250,other_amenity,41.88038509999999,-87.6427576,Jefferson St & Monroe St,bicycle_rental,,,,,,,
Clinton St & Jackson Blvd,5916,41.8784565,-87.6409984,250,transit,41.879068799999985,-87.6391417,Chicago Union Station,,,,,,stop_position,stop,
Clinton St & Jackson Blvd,5916,41.8784565,-87.6409984,250,transit,41.8791745,-87.6395049,Chicago Union Station,,,,,,stop_position,stop,
Clinton St & Jackson Blvd,5916,41.8784565,-87.6409984,250,transit,41.8790663,-87.6393042,Chicago Union Station,,,,,,stop_position,stop,
Clinton St & Jackson Blvd,5916,41.8784565,-87.6409984,250,transit,41.8790714,-87.6389719,Chicago Union Station,,,,,,stop_position,stop,
Clinton St & Jackson Blvd,5916,41.8784565,-87.6409984,250,transit,41.8782906,-87.6390387,Chicago Union Station,,,,,,stop_position,stop,
Clinton St & Jackson Blvd,5916,41.8784565,-87.6409984,250,transit,41.878288700000006,-87.6392021,Chicago Union Station,,,,,,stop_position,stop,
Clinton St & Jackson Blvd,5916,41.8784565,-87.6409984,250,transit,41.87829429999999,-87.6387173,Chicago Union Station,,,,,,stop_position,stop,
Clinton St & Jackson Blvd,5916,41.8784565,-87.6409984,250,transit,41.8782924,-87.6388782,Chicago Union Station,,,,,,stop_position,stop,
Clinton St & Jackson Blvd,5916,41.8784565,-87.6409984,250,transit,41.878293,-87.638797,Chicago Union Station,,,,,,stop_position,stop,
Clinton St & Jackson Blvd,5916,41.8784565,-87.6409984,250,transit,41.8782389,-87.6393618,Chicago Union Station,,,,,,stop_position,stop,
Clinton St & Jackson Blvd,5916,41.8784565,-87.6409984,250,transit,41.8782952,-87.6386358,Chicago Union Station,,,,,,stop_position,stop,
Clinton St & Jackson Blvd,5916,41.8784565,-87.6409984,250,transit,41.878278599999994,-87.6385544,Chicago Union Station,,,,,,stop_position,stop,
Clinton St & Jackson Blvd,5916,41.8784565,-87.6409984,250,transit,41.87792699999999,-87.63951100000001,Chicago Union Station,,,,,,stop_position,stop,
Clinton St & Jackson Blvd,5916,41.8784565,-87.6409984,250,transit,41.8791472,-87.6394661,Canal & Adams (Union Station),,,,,,platform,,
Clinton St & Jackson Blvd,5916,41.8784565,-87.6409984,250,transit,41.8780058,-87.6384778,Jackson & Chicago River,,,,,,platform,,
Clinton St & Jackson Blvd,5916,41.8784565,-87.6409984,250,transit,41.8779259,-87.6400859,Union Station Transit Center,,,,,,stop_position,,
Clinton St & Jackson Blvd,5916,41.8784565,-87.6409984,250,transit,41.877048499999994,-87.6394124,Canal & Van Buren,,,,,,platform,,
Clinton St & Jackson Blvd,5916,41.8784565,-87.6409984,250,transit,41.878171,-87.641185,Clinton & Jackson (Union Station),,,,,,platform,,
Clinton St & Jackson Blvd,5916,41.8784565,-87.6409984,250,office,41.8799801,-87.6414576,"Lerman, Boudart & Associates, LLP",,,,accountant,,,,
Clinton St & Jackson Blvd,5916,41.8784565,-87.6409984,250,transit,41.878641099999996,-87.6390928,Chicago Union Station,,,,,,station,station,
Clinton St & Jackson Blvd,5916,41.8784565,-87.6409984,250,transit,41.87684559999999,-87.6393204,Van Buren & Canal,,,,,,platform,,
Clinton St & Jackson Blvd,5916,41.8784565,-87.6409984,250,transit,41.87798889999999,-87.6399621,Jackson & Canal (Union Station),,,,,,platform,,
Clinton St & Jackson Blvd,5916,41.8784565,-87.6409984,250,food_drink,41.8803617,-87.6413837,IDOF - I Dream of Falafel,restaurant,,,,,,,
Clinton St & Jackson Blvd,5916,41.8784565,-87.6409984,250,food_drink,41.8776357,-87.64124300000002,Beggars Pizza,restaurant,,,,,,,
Clinton St & Jackson Blvd,5916,41.8784565,-87.6409984,250,transit,41.87806689999999,-87.63848,Jackson & Chicago River,,,,,,stop_position,,
Clinton St & Jackson Blvd,5916,41.8784565,-87.6409984,250,transit,41.878051899999996,-87.6399634,Jackson & Canal (Union Station),,,,,,stop_position,,
Clinton St & Jackson Blvd,5916,41.8784565,-87.6409984,250,transit,41.8793287,-87.6393761,Adams & Canal (Union Station),,,,,,stop_position,,
Clinton St & Jackson Blvd,5916,41.8784565,-87.6409984,250,transit,41.878194,-87.6411112,Clinton & Jackson (Union Station),,,,,,stop_position,,
Clinton St & Jackson Blvd,5916,41.8784565,-87.6409984,250,transit,41.8770589,-87.63958050000001,Canal & Van Buren,,,,,,stop_position,,
Clinton St & Jackson Blvd,5916,41.8784565,-87.6409984,250,transit,41.877941,-87.6412362,Jackson & Clinton (Union Station),,,,,,platform,,
Clinton St & Jackson Blvd,5916,41.8784565,-87.6409984,250,transit,41.87680269999999,-87.6423108,Van Buren & Jefferson,,,,,,platform,,
Clinton St & Jackson Blvd,5916,41.8784565,-87.6409984,250,transit,41.8779283,-87.6436719,Jackson & Desplaines,,,,,,platform,,
Clinton St & Jackson Blvd,5916,41.8784565,-87.6409984,250,food_drink,41.879585299999995,-87.6398545,Arturo Express,restaurant,,,,,,,
Clinton St & Jackson Blvd,5916,41.8784565,-87.6409984,250,food_drink,41.87863139999998,-87.6389955,Chicago Union Station Metropolitan Lounge,bar,,,,,,,
Clinton St & Jackson Blvd,5916,41.8784565,-87.6409984,250,food_drink,41.87725609999998,-87.64270890000002,Swadesi Cafe,cafe,,,,,,,
Clinton St & Jackson Blvd,5916,41.8784565,-87.6409984,250,other_amenity,41.8781032,-87.6399621,Canal St & Jackson Blvd,bicycle_rental,,,,,,,
Clinton St & Jackson Blvd,5916,41.8784565,-87.6409984,250,food_drink,41.878672099999996,-87.6386409,The Junction,bar,,,,,,,
Clinton St & Jackson Blvd,5916,41.8784565,-87.6409984,250,food_drink,41.878657699999984,-87.6389762,Pret A Manger,fast_food,,,,,,,
Clinton St & Jackson Blvd,5916,41.8784565,-87.6409984,250,food_drink,41.877572099999995,-87.6387853,Little Toasted,bar,,,,,,,
Clinton St & Jackson Blvd,5916,41.8784565,-87.6409984,250,food_drink,41.87789759999999,-87.6428565,Dark Matter Coffee - Meddle,cafe,,,,,,,
Clinton St & Jackson Blvd,5916,41.8784565,-87.6409984,250,office,41.876953799999995,-87.6412649,Huron,,,,consulting,,,,
Clinton St & Jackson Blvd,5916,41.8784565,-87.6409984,250,food_drink,41.87791399999999,-87.6413227,Potbelly,fast_food,,,,,,,
Clinton St & Jackson Blvd,5916,41.8784565,-87.6409984,250,other_amenity,41.87814470000001,-87.643894,Desplaines St & Jackson Blvd,bicycle_rental,,,,,,,
Clinton St & Jackson Blvd,5916,41.8784565,-87.6409984,250,transit,41.8778211,-87.640078,Union Station Transit Center,,,,,,stop_position,,
Clinton St & Jackson Blvd,5916,41.8784565,-87.6409984,250,transit,41.877723,-87.6400782,Union Station Transit Center,,,,,,stop_position,,
Clinton St & Jackson Blvd,5916,41.8784565,-87.6409984,250,transit,41.87812910000001,-87.6384763,Chicago Union Station,,,,,,stop_position,stop,
Clinton St & Jackson Blvd,5916,41.8784565,-87.6409984,250,transit,41.87814939999999,-87.6383944,Chicago Union Station,,,,,,stop_position,stop,
Clinton St & Jackson Blvd,5916,41.8784565,-87.6409984,250,transit,41.879377299999994,-87.6388149,Chicago Union Station,,,,,,stop_position,stop,
Clinton St & Jackson Blvd,5916,41.8784565,-87.6409984,250,transit,41.8778787,-87.640082,Union Station Transit Center,,,,,,platform,,
Clinton St & Jackson Blvd,5916,41.8784565,-87.6409984,250,transit,41.877679999999984,-87.6400783,Union Station Transit Center,,,,,,platform,,
Clinton St & Jackson Blvd,5916,41.8784565,-87.6409984,250,transit,41.87778060000001,-87.6400792,Union Station Transit Center,,,,,,platform,,
Clinton St & Jackson Blvd,5916,41.8784565,-87.6409984,250,other_amenity,41.878728200000005,-87.6390448,Ventra,vending_machine,,,,,,,
Clinton St & Jackson Blvd,5916,41.8784565,-87.6409984,250,transit,41.87893599999999,-87.6411232,Clinton & Quincy (Union Station),,,,,,stop_position,,
Clinton St & Jackson Blvd,5916,41.8784565,-87.6409984,250,transit,41.8791543,-87.6395313,Canal & Adams (Union Station),,,,,,stop_position,,
Clinton St & Jackson Blvd,5916,41.8784565,-87.6409984,250,other_amenity,41.87872719999999,-87.6390783,Metra,vending_machine,,,,,,,
Clinton St & Jackson Blvd,5916,41.8784565,-87.6409984,250,other_amenity,41.8778628,-87.6403466,Ventra,vending_machine,,,,,,,
Clinton St & Jackson Blvd,5916,41.8784565,-87.6409984,250,transit,41.876773699999994,-87.6393124,Van Buren & Canal,,,,,,stop_position,,
Clinton St & Jackson Blvd,5916,41.8784565,-87.6409984,250,food_drink,41.8785438,-87.6386992,Jersey Mike's Subs,fast_food,,,,,,,
Clinton St & Jackson Blvd,5916,41.8784565,-87.6409984,250,retail,41.8784055,-87.6389781,News Now,,newsagent,,,,,,
Clinton St & Jackson Blvd,5916,41.8784565,-87.6409984,250,retail,41.8790505,-87.6389634,News Now,,newsagent,,,,,,
Clinton St & Jackson Blvd,5916,41.8784565,-87.6409984,250,food_drink,41.8785403,-87.6389983,Starbucks,cafe,,,,,,,
Clinton St & Jackson Blvd,5916,41.8784565,-87.6409984,250,food_drink,41.878569299999995,-87.63902120000002,Robinson's,fast_food,,,,,,,
Clinton St & Jackson Blvd,5916,41.8784565,-87.6409984,250,retail,41.878773899999985,-87.6387012,Nuts on Clark,,confectionery,,,,,,
Clinton St & Jackson Blvd,5916,41.8784565,-87.6409984,250,food_drink,41.87888480000001,-87.638716,Jamba,fast_food,,,,,,,
Clinton St & Jackson Blvd,5916,41.8784565,-87.6409984,250,food_drink,41.87897560000001,-87.63884339999998,Dunkin',fast_food,,,,,,,
Clinton St & Jackson Blvd,5916,41.8784565,-87.6409984,250,food_drink,41.8788389,-87.6389909,Chick-fil-A,fast_food,,,,,,,
Clinton St & Jackson Blvd,5916,41.8784565,-87.6409984,250,other_amenity,41.8784699,-87.6390056,,atm,,,,,,,
Clinton St & Jackson Blvd,5916,41.8784565,-87.6409984,250,office,41.87815930000001,-87.6428206,OKW Architects,,,,architect,,,,
Clinton St & Jackson Blvd,5916,41.8784565,-87.6409984,250,other_amenity,41.8786731,-87.6403521,Amtrak,vending_machine,,,,,,,
Clinton St & Jackson Blvd,5916,41.8784565,-87.6409984,250,retail,41.8788568,-87.6394938,Metra Ticket Passenger Sevice,,ticket,,,,,,
Clinton St & Jackson Blvd,5916,41.8784565,-87.6409984,250,retail,41.878580199999995,-87.6400879,Amtrak Tickets Passenger Services,,ticket,,,,,,
Clinton St & Jackson Blvd,5916,41.8784565,-87.6409984,250,tourism,41.878657099999984,-87.6390526,,,,information,,,,,
Clinton St & Jackson Blvd,5916,41.8784565,-87.6409984,250,other_amenity,41.87851529999999,-87.639762,Car Rentals,car_rental,,,,,,,
Clinton St & Jackson Blvd,5916,41.8784565,-87.6409984,250,other_amenity,41.8788509,-87.6394329,Metra,vending_machine,,,,,,,
Clinton St & Jackson Blvd,5916,41.8784565,-87.6409984,250,retail,41.87887309999999,-87.6390427,,,vacant,,,,,,
Clinton St & Jackson Blvd,5916,41.8784565,-87.6409984,250,transit,41.8773377,-87.6395438,FlixBus Chicago Downtown,,,,,,stop_position,,
Clinton St & Jackson Blvd,5916,41.8784565,-87.6409984,250,transit,41.877331,-87.6394254,FlixBus Chicago Downtown,,,,,,platform,,
Clinton St & Jackson Blvd,5916,41.8784565,-87.6409984,250,food_drink,41.8785623,-87.6390685,Auntie Anne's,fast_food,,,,,,,
Clinton St & Jackson Blvd,5916,41.8784565,-87.6409984,250,other_amenity,41.87841190000001,-87.6397083,,bicycle_parking,,,,,,,
Clinton St & Jackson Blvd,5916,41.8784565,-87.6409984,250,other_amenity,41.87693589999999,-87.6399594,BMO,bank,,,,,,,
Clinton St & Jackson Blvd,5916,41.8784565,-87.6409984,250,office,41.8777585,-87.6414907,Metra,,,,company,,,,
Clinton St & Jackson Blvd,5916,41.8784565,-87.6409984,250,other_amenity,41.87977229999999,-87.64381410000001,,bench,,,,,,,
Clinton St & Jackson Blvd,5916,41.8784565,-87.6409984,250,other_amenity,41.87969099999999,-87.6437384,,bench,,,,,,,
Clinton St & Jackson Blvd,5916,41.8784565,-87.6409984,250,other_amenity,41.87963100000001,-87.64380040000002,,bench,,,,,,,
Clinton St & Jackson Blvd,5916,41.8784565,-87.6409984,250,other_amenity,41.87754619999999,-87.6409009,,loading_dock,,,,,,,
Clinton St & Jackson Blvd,5916,41.8784565,-87.6409984,250,other_amenity,41.87921370000001,-87.6432117,,bicycle_parking,,,,,,,
Clinton St & Jackson Blvd,5916,41.8784565,-87.6409984,250,other_amenity,41.8799797,-87.6393962,,loading_dock,,,,,,,
Clinton St & Jackson Blvd,5916,41.8784565,-87.6409984,250,other_amenity,41.879939,-87.639395,,loading_dock,,,,,,,
Clinton St & Jackson Blvd,5916,41.8784565,-87.6409984,250,other_amenity,41.87968209999999,-87.63950869999998,,bicycle_parking,,,,,,,
Clinton St & Jackson Blvd,5916,41.8784565,-87.6409984,250,other_amenity,41.878150700000006,-87.63916340000002,,loading_dock,,,,,,,
Clinton St & Jackson Blvd,5916,41.8784565,-87.6409984,250,other_amenity,41.879264199999994,-87.63921169999999,,bicycle_parking,,,,,,,
Clinton St & Jackson Blvd,5916,41.8784565,-87.6409984,250,other_amenity,41.8781249,-87.638782,,bicycle_parking,,,,,,,
Clinton St & Jackson Blvd,5916,41.8784565,-87.6409984,250,other_amenity,41.87689720000001,-87.63821599999999,,loading_dock,,,,,,,
Clinton St & Jackson Blvd,5916,41.8784565,-87.6409984,250,other_amenity,41.8768947,-87.6383763,,parking_entrance,,,,,,,
Clinton St & Jackson Blvd,5916,41.8784565,-87.6409984,250,other_amenity,41.8769913,-87.6387836,,bicycle_parking,,,,,,,
Clinton St & Jackson Blvd,5916,41.8784565,-87.6409984,250,other_amenity,41.8778769,-87.6439136,,bicycle_parking,,,,,,,
Clinton St & Jackson Blvd,5916,41.8784565,-87.6409984,250,other_amenity,41.877806899999996,-87.6439091,,bicycle_parking,,,,,,,
Clinton St & Jackson Blvd,5916,41.8784565,-87.6409984,250,retail,41.8778806,-87.6437959,7-Eleven,,convenience,,,,,,
Clinton St & Jackson Blvd,5916,41.8784565,-87.6409984,250,other_amenity,41.8779362,-87.6429528,,bicycle_parking,,,,,,,
Clinton St & Jackson Blvd,5916,41.8784565,-87.6409984,250,other_amenity,41.878070599999994,-87.64373770000002,,bicycle_parking,,,,,,,
Clinton St & Jackson Blvd,5916,41.8784565,-87.6409984,250,food_drink,41.87684709999999,-87.6428853,Panera Bread,fast_food,,,,,,,
Clinton St & Jackson Blvd,5916,41.8784565,-87.6409984,250,food_drink,41.8779064,-87.6417423,Burger King,fast_food,,,,,,,
Clinton St & Jackson Blvd,5916,41.8784565,-87.6409984,250,retail,41.8800163,-87.6423494,Metro Spice Mart,,supermarket,,,,,,
Clinton St & Jackson Blvd,5916,41.8784565,-87.6409984,250,retail,41.879418699999995,-87.6409028,Circle K,,convenience,,,,,,
Clinton St & Jackson Blvd,5916,41.8784565,-87.6409984,250,retail,41.87767829999999,-87.6438172,Capitol Cleaners,,dry_cleaning,,,,,,
Clinton St & Jackson Blvd,5916,41.8784565,-87.6409984,250,other_amenity,41.876803599999995,-87.642724,,bicycle_parking,,,,,,,
Clinton St & Jackson Blvd,5916,41.8784565,-87.6409984,250,other_amenity,41.8793295,-87.6435496,,bicycle_parking,,,,,,,
Clinton St & Jackson Blvd,5916,41.8784565,-87.6409984,250,health,41.87941469999999,-87.6428421,Physicians Immediate Care,clinic,,,,,,,clinic
Clinton St & Jackson Blvd,5916,41.8784565,-87.6409984,250,other_amenity,41.8785878,-87.6424435,,waste_basket,,,,,,,
Clinton St & Jackson Blvd,5916,41.8784565,-87.6409984,250,other_amenity,41.878110499999984,-87.6426489,,waste_basket,,,,,,,
Clinton St & Jackson Blvd,5916,41.8784565,-87.6409984,250,other_amenity,41.877910899999996,-87.6424308,,waste_basket,,,,,,,
Clinton St & Jackson Blvd,5916,41.8784565,-87.6409984,250,other_amenity,41.8804962,-87.6422663,,bicycle_parking,,,,,,,
Clinton St & Jackson Blvd,5916,41.8784565,-87.6409984,250,other_amenity,41.88049960000001,-87.6420084,,bicycle_parking,,,,,,,
Clinton St & Jackson Blvd,5916,41.8784565,-87.6409984,250,other_amenity,41.88050489999999,-87.6413609,,bicycle_parking,,,,,,,
Clinton St & Jackson Blvd,5916,41.8784565,-87.6409984,250,other_amenity,41.880647800000006,-87.6405741,,bicycle_parking,,,,,,,
Clinton St & Jackson Blvd,5916,41.8784565,-87.6409984,250,office,41.878280499999995,-87.6428563,Shindler & Shindler,,,,lawyer,,,,
Clinton St & Jackson Blvd,5916,41.8784565,-87.6409984,250,other_amenity,41.8780905,-87.6438937,,waste_basket,,,,,,,
Clinton St & Jackson Blvd,5916,41.8784565,-87.6409984,250,other_amenity,41.877848699999994,-87.6439038,,waste_basket,,,,,,,
Clinton St & Jackson Blvd,5916,41.8784565,-87.6409984,250,other_amenity,41.8767831,-87.6438021,,waste_basket,,,,,,,
Clinton St & Jackson Blvd,5916,41.8784565,-87.6409984,250,other_amenity,41.8770063,-87.6426178,,bicycle_parking,,,,,,,
Clinton St & Jackson Blvd,5916,41.8784565,-87.6409984,250,transit,41.8767396,-87.642306,Van Buren & Jefferson,,,,,,stop_position,,
Clinton St & Jackson Blvd,5916,41.8784565,-87.6409984,250,other_amenity,41.87808849999998,-87.6421969,,bicycle_parking,,,,,,,
Clinton St & Jackson Blvd,5916,41.8784565,-87.6409984,250,other_amenity,41.877954499999994,-87.6422251,,bicycle_parking,,,,,,,
Clinton St & Jackson Blvd,5916,41.8784565,-87.6409984,250,recreation,41.87783639999999,-87.6411827,,,,,,outdoor_seating,,,
Clinton St & Jackson Blvd,5916,41.8784565,-87.6409984,250,other_amenity,41.8776403,-87.6411659,,bicycle_parking,,,,,,,
Clinton St & Jackson Blvd,5916,41.8784565,-87.6409984,250,other_amenity,41.8780967,-87.6406033,,bicycle_parking,,,,,,,
Clinton St & Jackson Blvd,5916,41.8784565,-87.6409984,250,other_amenity,41.87681589999998,-87.6412656,,bicycle_parking,,,,,,,
Clinton St & Jackson Blvd,5916,41.8784565,-87.6409984,250,retail,41.8770201,-87.6426988,Refined Barbershop,,hairdresser,,,,,,
Clinton St & Jackson Blvd,5916,41.8784565,-87.6409984,250,other_amenity,41.8787946,-87.6426839,,bicycle_parking,,,,,,,
Clinton St & Jackson Blvd,5916,41.8784565,-87.6409984,250,other_amenity,41.87967129999999,-87.6427011,,bicycle_parking,,,,,,,
Clinton St & Jackson Blvd,5916,41.8784565,-87.6409984,250,other_amenity,41.879810400000004,-87.6425066,,bicycle_parking,,,,,,,
Clinton St & Jackson Blvd,5916,41.8784565,-87.6409984,250,retail,41.87984409999999,-87.6423599,Paramount Cleaners,,dry_cleaning,,,,,,
Clinton St & Jackson Blvd,5916,41.8784565,-87.6409984,250,other_amenity,41.876625999999995,-87.6424037,,waste_basket,,,,,,,
Clinton St & Jackson Blvd,5916,41.8784565,-87.6409984,250,other_amenity,41.8768431,-87.6426042,,waste_basket,,,,,,,
Clinton St & Jackson Blvd,5916,41.8784565,-87.6409984,250,other_amenity,41.8768005,-87.642683,,post_box,,,,,,,
Clinton St & Jackson Blvd,5916,41.8784565,-87.6409984,250,other_amenity,41.8788277,-87.6410012,,bicycle_parking,,,,,,,
Clinton St & Jackson Blvd,5916,41.8784565,-87.6409984,250,food_drink,41.8791086,-87.6433899,Market Creations,restaurant,,,,,,,
Clinton St & Jackson Blvd,5916,41.8784565,-87.6409984,250,other_amenity,41.879339699999996,-87.6424104,,post_box,,,,,,,
Clinton St & Jackson Blvd,5916,41.8784565,-87.6409984,250,other_amenity,41.87922159999999,-87.6423363,,bicycle_parking,,,,,,,
Clinton St & Jackson Blvd,5916,41.8784565,-87.6409984,250,other_amenity,41.878594500000005,-87.6426672,,bicycle_parking,,,,,,,
Clinton St & Jackson Blvd,5916,41.8784565,-87.6409984,250,food_drink,41.877425699999996,-87.6423515,Byrd's Hot Chicken,fast_food,,,,,,,
Clinton St & Jackson Blvd,5916,41.8784565,-87.6409984,250,other_amenity,41.878129,-87.6411873,,waste_basket,,,,,,,
Clinton St & Jackson Blvd,5916,41.8784565,-87.6409984,250,other_amenity,41.877937599999996,-87.6411797,,waste_basket,,,,,,,
Clinton St & Jackson Blvd,5916,41.8784565,-87.6409984,250,other_amenity,41.8778087,-87.6411792,,waste_basket,,,,,,,
Clinton St & Jackson Blvd,5916,41.8784565,-87.6409984,250,other_amenity,41.87690690000001,-87.6409304,,bicycle_parking,,,,,,,
Clinton St & Jackson Blvd,5916,41.8784565,-87.6409984,250,other_amenity,41.87666179999999,-87.6411366,,waste_basket,,,,,,,
Clinton St & Jackson Blvd,5916,41.8784565,-87.6409984,250,other_amenity,41.876551199999994,-87.6409227,,post_box,,,,,,,
Clinton St & Jackson Blvd,5916,41.8784565,-87.6409984,250,other_amenity,41.880517,-87.639937,,bicycle_parking,,,,,,,
Clinton St & Jackson Blvd,5916,41.8784565,-87.6409984,250,other_amenity,41.88045569999999,-87.6410537,,waste_basket,,,,,,,
Clinton St & Jackson Blvd,5916,41.8784565,-87.6409984,250,other_amenity,41.880667900000006,-87.641277,,waste_basket,,,,,,,
Clinton St & Jackson Blvd,5916,41.8784565,-87.6409984,250,other_amenity,41.880694199999986,-87.6410434,,waste_basket,,,,,,,
Clinton St & Jackson Blvd,5916,41.8784565,-87.6409984,250,other_amenity,41.877825300000005,-87.6426409,,bicycle_parking,,,,,,,
Clinton St & Jackson Blvd,5916,41.8784565,-87.6409984,250,food_drink,41.87773920000001,-87.6427085,Subway,fast_food,,,,,,,
Clinton St & Jackson Blvd,5916,41.8784565,-87.6409984,250,retail,41.8776066,-87.6427118,The UPS Store,post_office,copyshop,,,,,,
Clinton St & Jackson Blvd,5916,41.8784565,-87.6409984,250,office,41.877671799999995,-87.6427114,Edward Jones,,,,financial_advisor,,,,
Clinton St & Jackson Blvd,5916,41.8784565,-87.6409984,250,other_amenity,41.879425899999994,-87.63975210000001,,post_box,,,,,,,
Clinton St & Jackson Blvd,5916,41.8784565,-87.6409984,250,other_amenity,41.879409499999994,-87.6412265,,post_box,,,,,,,
Clinton St & Jackson Blvd,5916,41.8784565,-87.6409984,250,other_amenity,41.880641099999984,-87.64273910000001,,waste_basket,,,,,,,
Clinton St & Jackson Blvd,5916,41.8784565,-87.6409984,250,other_amenity,41.8784884,-87.6437462,,parking_entrance,,,,,,,
Clinton St & Jackson Blvd,5916,41.8784565,-87.6409984,250,other_amenity,41.880025499999995,-87.6412388,,bicycle_parking,,,,,,,
Clinton St & Jackson Blvd,5916,41.8784565,-87.6409984,250,other_amenity,41.877963699999995,-87.6415651,,bicycle_parking,,,,,,,
Clinton St & Jackson Blvd,5916,41.8784565,-87.6409984,250,other_amenity,41.8780924,-87.6412609,,waste_basket,,,,,,,
Clinton St & Jackson Blvd,5916,41.8784565,-87.6409984,250,other_amenity,41.8788295,-87.6412011,,waste_basket,,,,,,,
Clinton St & Jackson Blvd,5916,41.8784565,-87.6409984,250,other_amenity,41.87920749999999,-87.6412154,,waste_basket,,,,,,,
Clinton St & Jackson Blvd,5916,41.8784565,-87.6409984,250,other_amenity,41.8794122,-87.6410149,,waste_basket,,,,,,,
Clinton St & Jackson Blvd,5916,41.8784565,-87.6409984,250,other_amenity,41.8793509,-87.641608,,bicycle_parking,,,,,,,
Clinton St & Jackson Blvd,5916,41.8784565,-87.6409984,250,food_drink,41.8787128,-87.63864980000001,Peet's Coffee,cafe,,,,,,,
Clinton St & Jackson Blvd,5916,41.8784565,-87.6409984,250,health,41.8784695,-87.6422835,Ankle N Foot Centers,clinic,,,,,,,clinic
Clinton St & Jackson Blvd,5916,41.8784565,-87.6409984,250,other_amenity,41.8774282,-87.6408972,,parking_entrance,,,,,,,
Clinton St & Jackson Blvd,5916,41.8784565,-87.6409984,250,other_amenity,41.87738279999999,-87.6408958,,parking_entrance,,,,,,,
Clinton St & Jackson Blvd,5916,41.8784565,-87.6409984,250,food_drink,41.8775772,-87.6405063,AfterBar,bar,,,,,,,
Clinton St & Jackson Blvd,5916,41.8784565,-87.6409984,250,food_drink,41.87750259999999,-87.6401309,Canal Street Eatery & Market,restaurant,,,,,,,
Clinton St & Jackson Blvd,5916,41.8784565,-87.6409984,250,other_amenity,41.8772547,-87.6438328,,parking_entrance,,,,,,,
Clinton St & Jackson Blvd,5916,41.8784565,-87.6409984,250,other_amenity,41.8775277,-87.6438422,,parking_entrance,,,,,,,
Clinton St & Jackson Blvd,5916,41.8784565,-87.6409984,250,other_amenity,41.877962000000004,-87.6414404,,post_box,,,,,,,
Clinton St & Jackson Blvd,5916,41.8784565,-87.6409984,250,other_amenity,41.8771739,-87.6417471,,loading_dock,,,,,,,
Clinton St & Jackson Blvd,5916,41.8784565,-87.6409984,250,other_amenity,41.877641299999986,-87.6417642,,loading_dock,,,,,,,
Clinton St & Jackson Blvd,5916,41.8784565,-87.6409984,250,office,41.8779065,-87.6423128,Safer Foundation,,,,association,,,,
Clinton St & Jackson Blvd,5916,41.8784565,-87.6409984,250,other_amenity,41.8775337,-87.6426806,,parking_entrance,,,,,,,
Clinton St & Jackson Blvd,5916,41.8784565,-87.6409984,250,other_amenity,41.8778209,-87.6432339,,loading_dock,,,,,,,
Clinton St & Jackson Blvd,5916,41.8784565,-87.6409984,250,other_amenity,41.87735539999999,-87.64328750000001,,parking_entrance,,,,,,,
Clinton St & Jackson Blvd,5916,41.8784565,-87.6409984,250,other_amenity,41.877259699999996,-87.64328440000001,,parking_entrance,,,,,,,
Clinton St & Jackson Blvd,5916,41.8784565,-87.6409984,250,other_amenity,41.87731930000001,-87.6432043,,loading_dock,,,,,,,
Clinton St & Jackson Blvd,5916,41.8784565,-87.6409984,250,other_amenity,41.8762359,-87.6433401,,parking_entrance,,,,,,,
Clinton St & Jackson Blvd,5916,41.8784565,-87.6409984,250,other_amenity,41.8765158,-87.6435021,,loading_dock,,,,,,,
Clinton St & Jackson Blvd,5916,41.8784565,-87.6409984,250,other_amenity,41.8770976,-87.6424135,,vending_machine,,,,,,,
Clinton St & Jackson Blvd,5916,41.8784565,-87.6409984,250,other_amenity,41.8793722,-87.6424879,,waste_basket,,,,,,,
Clinton St & Jackson Blvd,5916,41.8784565,-87.6409984,250,food_drink,41.8797234,-87.6388869,Just Salads,restaurant,,,,,,,
Clinton St & Jackson Blvd,5916,41.8784565,-87.6409984,250,tourism,41.8804387,-87.6439291,,,,artwork,,,,,
Clinton St & Jackson Blvd,5916,41.8784565,-87.6409984,250,other_amenity,41.87922150000001,-87.6418117,,bicycle_parking,,,,,,,
Clinton St & Jackson Blvd,5916,41.8784565,-87.6409984,250,other_amenity,41.879232800000004,-87.6414465,,bicycle_parking,,,,,,,
Clinton St & Jackson Blvd,5916,41.8784565,-87.6409984,250,other_amenity,41.877790849642274,-87.6403411959391,,shelter,,,,,,,
Clinton St & Jackson Blvd,5916,41.8784565,-87.6409984,250,recreation,41.879633222867966,-87.64351879389136,Heritage Green Park,,,,,park,,,
Clinton St & Jackson Blvd,5916,41.8784565,-87.6409984,250,other_amenity,41.880183057393474,-87.6435522723279,,parking,,,,,,,
Clinton St & Jackson Blvd,5916,41.8784565,-87.6409984,250,food_drink,41.879101002344704,-87.64281649286123,Taco Lulú,restaurant,,,,,,,
Clinton St & Jackson Blvd,5916,41.8784565,-87.6409984,250,office,41.87634460359914,-87.64068924722626,Illinois Department of Human Services,,,,government,,,,
Clinton St & Jackson Blvd,5916,41.8784565,-87.6409984,250,food_drink,41.877823823280956,-87.64213563777452,Lou Mitchell's Restaurant,restaurant,,,,,,,
Clinton St & Jackson Blvd,5916,41.8784565,-87.6409984,250,other_amenity,41.87653673017011,-87.64178149012486,,parking,,,,,,,
Clinton St & Jackson Blvd,5916,41.8784565,-87.6409984,250,other_amenity,41.87824825206675,-87.64314187520402,,parking,,,,,,,
Clinton St & Jackson Blvd,5916,41.8784565,-87.6409984,250,transit,41.876740460411916,-87.63941837931597,,,,,,,platform,platform,
Clinton St & Jackson Blvd,5916,41.8784565,-87.6409984,250,transit,41.87702428366948,-87.63927558227059,,,,,,,platform,platform,
Clinton St & Jackson Blvd,5916,41.8784565,-87.6409984,250,transit,41.876286451134526,-87.6386064461131,,,,,,,platform,platform,
Clinton St & Jackson Blvd,5916,41.8784565,-87.6409984,250,transit,41.87637538132229,-87.63876807309357,,,,,,,platform,platform,
Clinton St & Jackson Blvd,5916,41.8784565,-87.6409984,250,transit,41.876256780743745,-87.63845143391895,,,,,,,platform,platform,
Clinton St & Jackson Blvd,5916,41.8784565,-87.6409984,250,transit,41.87698994182642,-87.63911920560356,,,,,,,platform,platform,
Clinton St & Jackson Blvd,5916,41.8784565,-87.6409984,250,transit,41.87684661930034,-87.63895190782858,,,,,,,platform,platform,
Clinton St & Jackson Blvd,5916,41.8784565,-87.6409984,250,transit,41.88031378322341,-87.6393833230786,,,,,,,platform,platform,
Clinton St & Jackson Blvd,5916,41.8784565,-87.6409984,250,transit,41.88016137966993,-87.63956834354447,,,,,,,platform,platform,
Clinton St & Jackson Blvd,5916,41.8784565,-87.6409984,250,transit,41.88065496094194,-87.63890009085605,,,,,,,platform,platform,
Clinton St & Jackson Blvd,5916,41.8784565,-87.6409984,250,transit,41.88031049664176,-87.6390596601712,,,,,,,platform,platform,
Clinton St & Jackson Blvd,5916,41.8784565,-87.6409984,250,transit,41.88033059641015,-87.63922675295612,,,,,,,platform,platform,
Clinton St & Jackson Blvd,5916,41.8784565,-87.6409984,250,transit,41.87658890910231,-87.63838820977863,,,,,,,platform,platform,
Clinton St & Jackson Blvd,5916,41.8784565,-87.6409984,250,transit,41.87867280633796,-87.64035008617498,,,,,,,service_center,,
Clinton St & Jackson Blvd,5916,41.8784565,-87.6409984,250,other_amenity,41.87874358768042,-87.63897355437858,Amtrak Police Department,police,,,,,,,
Clinton St & Jackson Blvd,5916,41.8784565,-87.6409984,250,transit,41.87857194350423,-87.6392574238709,,,,,,,service_center,,
Clinton St & Jackson Blvd,5916,41.8784565,-87.6409984,250,transit,41.878838280163706,-87.6394776749188,Metra Ticket Passenger Sevice,,,,,,service_center,,
Clinton St & Jackson Blvd,5916,41.8784565,-87.6409984,250,retail,41.87881931935454,-87.63917791320428,News Now,,newsagent,,,,,,
Clinton St & Jackson Blvd,5916,41.8784565,-87.6409984,250,other_amenity,41.87752494222841,-87.64356770564387,,parking,,,,,,,
Clinton St & Jackson Blvd,5916,41.8784565,-87.6409984,250,other_amenity,41.87733546211591,-87.64356113810274,,parking,,,,,,,
Clinton St & Jackson Blvd,5916,41.8784565,-87.6409984,250,other_amenity,41.877521764781584,-87.64210033735228,,parking,,,,,,,
Clinton St & Jackson Blvd,5916,41.8784565,-87.6409984,250,other_amenity,41.8775639896596,-87.64301124003944,,parking,,,,,,,
Clinton St & Jackson Blvd,5916,41.8784565,-87.6409984,250,other_amenity,41.87627902609199,-87.64372983966774,,parking,,,,,,,
Clinton St & Jackson Blvd,5916,41.8784565,-87.6409984,250,transit,41.8753637280735,-87.6380862417817,,,,,,,no,platform,
Clinton St & Jackson Blvd,5916,41.8784565,-87.6409984,250,transit,41.87707663292278,-87.6392056037829,,,,,,,no,platform,
Clinton St & Jackson Blvd,5916,41.8784565,-87.6409984,250,transit,41.87686969079539,-87.63903574317747,,,,,,,no,platform,
Clinton St & Jackson Blvd,5916,41.8784565,-87.6409984,250,transit,41.87669263787925,-87.63886714680595,,,,,,,no,platform,
Clinton St & Jackson Blvd,5916,41.8784565,-87.6409984,250,transit,41.87656798706229,-87.63870402469634,,,,,,,no,platform,
Clinton St & Jackson Blvd,5916,41.8784565,-87.6409984,250,transit,41.876501829561775,-87.63853698076717,,,,,,,no,platform,
Clinton St & Jackson Blvd,5916,41.8784565,-87.6409984,250,transit,41.88074794726124,-87.63898243582949,,,,,,,no,platform,
Clinton St & Jackson Blvd,5916,41.8784565,-87.6409984,250,transit,41.880396642704845,-87.63914729558708,,,,,,,no,platform,
Clinton St & Jackson Blvd,5916,41.8784565,-87.6409984,250,transit,41.88033117472137,-87.6393039287632,,,,,,,no,platform,
Clinton St & Jackson Blvd,5916,41.8784565,-87.6409984,250,transit,41.8802515722555,-87.63947732899784,,,,,,,no,platform,
Clinton St & Jackson Blvd,5916,41.8784565,-87.6409984,250,other_amenity,41.87853329999045,-87.64039939999861,,bench,,,,,,,
Clinton St & Jackson Blvd,5916,41.8784565,-87.6409984,250,other_amenity,41.87853478861066,-87.64028437463502,,bench,,,,,,,
Clinton St & Jackson Blvd,5916,41.8784565,-87.6409984,250,other_amenity,41.87880864999045,-87.64029914999851,,bench,,,,,,,
Clinton St & Jackson Blvd,5916,41.8784565,-87.6409984,250,other_amenity,41.87880691137024,-87.64041112536232,,bench,,,,,,,
Clinton St & Jackson Blvd,5916,41.8784565,-87.6409984,250,recreation,41.877264923983766,-87.64056056612924,The Green at 320,,,,,park,,,
Clinton St & Jackson Blvd,5916,41.8784565,-87.6409984,250,education,41.878970942506605,-87.64216692642839,,university,,,,,,,
Clinton St & Jackson Blvd,5916,41.8784565,-87.6409984,250,other_amenity,41.87927055911573,-87.64038479043957,,parking,,,,,,,
Clinton St & Jackson Blvd,5916,41.8784565,-87.6409984,250,other_amenity,41.87845657204278,-87.64099837718803,Clinton St & Jackson Blvd,bicycle_rental,,,,,,,
Clinton St & Jackson Blvd,5916,41.8784565,-87.6409984,250,recreation,41.87945882461183,-87.64379128188078,,,,,,garden,,,
Clinton St & Jackson Blvd,5916,41.8784565,-87.6409984,250,other_amenity,41.880181501927595,-87.64294407371216,,parking,,,,,,,
Clinton St & Jackson Blvd,5916,41.8784565,-87.6409984,250,other_amenity,41.8774499871062,-87.64056214174684,,parking,,,,,,,
Clinton St & Jackson Blvd,5916,41.8784565,-87.6409984,250,transit,41.877867959843535,-87.64033575140138,,,,,,,platform,,
Clinton St & Jackson Blvd,5916,41.8784565,-87.6409984,250,transit,41.87777047708219,-87.64033343563425,,,,,,,platform,,
Clinton St & Jackson Blvd,5916,41.8784565,-87.6409984,250,transit,41.877669404586676,-87.6403341244749,,,,,,,platform,,
Clinton St & Jackson Blvd,5916,41.8784565,-87.6409984,250,other_amenity,41.879822412979706,-87.63939106454667,,parking,,,,,,,
Clinton St & Jackson Blvd,5916,41.8784565,-87.6409984,250,other_amenity,41.88009522528218,-87.63939989264682,,parking,,,,,,,
Clinton St & Jackson Blvd,5916,41.8784565,-87.6409984,250,recreation,41.87908298275232,-87.63887121614353,,,,,,garden,,,
Clinton St & Jackson Blvd,5916,41.8784565,-87.6409984,250,recreation,41.879163770052024,-87.63887403056222,,,,,,garden,,,
Clinton St & Jackson Blvd,5916,41.8784565,-87.6409984,250,recreation,41.87908914337364,-87.63875290451846,,,,,,garden,,,
Clinton St & Jackson Blvd,5916,41.8784565,-87.6409984,250,recreation,41.87919842486875,-87.63870032653968,,,,,,garden,,,
Clinton St & Jackson Blvd,5916,41.8784565,-87.6409984,250,recreation,41.87845819858606,-87.63866032768397,,,,,,garden,,,
Clinton St & Jackson Blvd,5916,41.8784565,-87.6409984,250,recreation,41.87842738877787,-87.63831794712145,,,,,,garden,,,
Clinton St & Jackson Blvd,5916,41.8784565,-87.6409984,250,recreation,41.87836356195819,-87.63829854977988,,,,,,garden,,,
Clinton St & Jackson Blvd,5916,41.8784565,-87.6409984,250,recreation,41.87829966376871,-87.63827620835045,,,,,,garden,,,
Clinton St & Jackson Blvd,5916,41.8784565,-87.6409984,250,other_amenity,41.87840312162462,-87.63947994495682,,parking,,,,,,,
Clinton St & Jackson Blvd,5916,41.8784565,-87.6409984,250,recreation,41.87917069726566,-87.639051203187,,,,,,garden,,,
Clinton St & Jackson Blvd,5916,41.8784565,-87.6409984,250,recreation,41.879079119357385,-87.63904793053163,,,,,,garden,,,
Clinton St & Jackson Blvd,5916,41.8784565,-87.6409984,250,recreation,41.87910567924001,-87.63918038587154,,,,,,garden,,,
Clinton St & Jackson Blvd,5916,41.8784565,-87.6409984,250,recreation,41.87903372505256,-87.63924177856616,,,,,,garden,,,
Clinton St & Jackson Blvd,5916,41.8784565,-87.6409984,250,recreation,41.87919819540071,-87.63921154607412,,,,,,garden,,,
Clinton St & Jackson Blvd,5916,41.8784565,-87.6409984,250,recreation,41.87922434611289,-87.63921245558626,,,,,,garden,,,
Clinton St & Jackson Blvd,5916,41.8784565,-87.6409984,250,recreation,41.87889290305768,-87.63851305768067,,,,,,garden,,,
Clinton St & Jackson Blvd,5916,41.8784565,-87.6409984,250,recreation,41.87879511473994,-87.63857934158126,,,,,,garden,,,
Clinton St & Jackson Blvd,5916,41.8784565,-87.6409984,250,recreation,41.878736600234646,-87.63844367374557,,,,,,garden,,,
Clinton St & Jackson Blvd,5916,41.8784565,-87.6409984,250,recreation,41.87872222070533,-87.6385770761215,,,,,,garden,,,
Clinton St & Jackson Blvd,5916,41.8784565,-87.6409984,250,recreation,41.87863796944492,-87.6384278620147,,,,,,garden,,,
Clinton St & Jackson Blvd,5916,41.8784565,-87.6409984,250,recreation,41.87851072350615,-87.63841938305043,,,,,,garden,,,
Clinton St & Jackson Blvd,5916,41.8784565,-87.6409984,250,recreation,41.87900256578392,-87.63905883246521,,,,,,garden,,,
Clinton St & Jackson Blvd,5916,41.8784565,-87.6409984,250,recreation,41.879044351623136,-87.6393879498552,,,,,,garden,,,
Clinton St & Jackson Blvd,5916,41.8784565,-87.6409984,250,transit,41.87720069507575,-87.63937019793296,,,,,,,no,platform,
Clinton St & Jackson Blvd,5916,41.8784565,-87.6409984,250,recreation,41.8770214903114,-87.63870523221442,,,,,,garden,,,
Clinton St & Jackson Blvd,5916,41.8784565,-87.6409984,250,recreation,41.877036050361404,-87.63870569088988,,,,,,garden,,,
Clinton St & Jackson Blvd,5916,41.8784565,-87.6409984,250,recreation,41.87704996008262,-87.6387059790142,,,,,,garden,,,
Clinton St & Jackson Blvd,5916,41.8784565,-87.6409984,250,recreation,41.87706364659987,-87.6387059858726,,,,,,garden,,,
Clinton St & Jackson Blvd,5916,41.8784565,-87.6409984,250,recreation,41.876925467759925,-87.6387154956304,,,,,,garden,,,
Clinton St & Jackson Blvd,5916,41.8784565,-87.6409984,250,recreation,41.87717200383965,-87.63875343941595,,,,,,outdoor_seating,,,
Clinton St & Jackson Blvd,5916,41.8784565,-87.6409984,250,recreation,41.877710380555285,-87.63888470891514,,,,,,garden,,,
Clinton St & Jackson Blvd,5916,41.8784565,-87.6409984,250,recreation,41.87741547507838,-87.63883898132411,,,,,,outdoor_seating,,,
Clinton St & Jackson Blvd,5916,41.8784565,-87.6409984,250,recreation,41.87791786535021,-87.63886045042487,,,,,,garden,,,
Clinton St & Jackson Blvd,5916,41.8784565,-87.6409984,250,recreation,41.87787784800565,-87.63885954804738,,,,,,garden,,,
Clinton St & Jackson Blvd,5916,41.8784565,-87.6409984,250,recreation,41.87783634331527,-87.63885954552059,,,,,,garden,,,
Clinton St & Jackson Blvd,5916,41.8784565,-87.6409984,250,recreation,41.877587790434106,-87.63892518370061,,,,,,garden,,,
Clinton St & Jackson Blvd,5916,41.8784565,-87.6409984,250,recreation,41.8775459401236,-87.63892456249968,,,,,,garden,,,
Clinton St & Jackson Blvd,5916,41.8784565,-87.6409984,250,recreation,41.87750459520518,-87.6389236674897,,,,,,garden,,,
Clinton St & Jackson Blvd,5916,41.8784565,-87.6409984,250,recreation,41.877399393996456,-87.63889302800462,,,,,,garden,,,
Clinton St & Jackson Blvd,5916,41.8784565,-87.6409984,250,recreation,41.87785765000071,-87.63884655000005,,,,,,garden,,,
Clinton St & Jackson Blvd,5916,41.8784565,-87.6409984,250,recreation,41.87789767524723,-87.63884808062112,,,,,,garden,,,
Clinton St & Jackson Blvd,5916,41.8784565,-87.6409984,250,recreation,41.87909369997181,-87.64267684999668,,,,,,outdoor_seating,,,
Clinton St & Jackson Blvd,5916,41.8784565,-87.6409984,250,other_amenity,41.88035970435759,-87.64111872337494,,parking,,,,,,,
Clinton St & Jackson Blvd,5916,41.8784565,-87.6409984,250,other_amenity,41.88008916969401,-87.64110917365086,,parking,,,,,,,
Clinton St & Jackson Blvd,5916,41.8784565,-87.6409984,250,other_amenity,41.8796166773691,-87.64108614910296,,parking,,,,,,,
Clinton St & Jackson Blvd,5916,41.8784565,-87.6409984,250,other_amenity,41.87660534998761,-87.64110529999823,,parking,,,,,,,
Clinton St & Jackson Blvd,5916,41.8784565,-87.6409984,250,other_amenity,41.876219311786826,-87.64109267015164,,parking,,,,,,,
Clinton St & Jackson Blvd,5916,41.8784565,-87.6409984,250,other_amenity,41.87626108991427,-87.64098699286012,,parking,,,,,,,
Clinton St & Jackson Blvd,5916,41.8784565,-87.6409984,250,other_amenity,41.87646704997931,-87.64099264999656,,parking,,,,,,,
Clinton St & Jackson Blvd,5916,41.8784565,-87.6409984,250,other_amenity,41.87762251695543,-87.64210233176215,,parking,,,,,,,
Clinton St & Jackson Blvd,5916,41.8784565,-87.6409984,250,recreation,41.87771801264085,-87.64117353022962,,,,,,outdoor_seating,,,
Clinton St & Jackson Blvd,5916,41.8784565,-87.6409984,250,recreation,41.87788059362551,-87.64117615358414,,,,,,outdoor_seating,,,
Clinton St & Jackson Blvd,5916,41.8784565,-87.6409984,250,recreation,41.87795607547996,-87.64213418384733,,,,,,outdoor_seating,,,
Clinton St & Jackson Blvd,5916,41.8784565,-87.6409984,250,other_amenity,41.876962468086866,-87.64317400191166,,parking,,,,,,,
Clinton St & Jackson Blvd,5916,41.8784565,-87.6409984,250,recreation,41.87786285067818,-87.6426389727798,,,,,,garden,,,
Clinton St & Jackson Blvd,5916,41.8784565,-87.6409984,250,recreation,41.87780347484159,-87.64263795516494,,,,,,garden,,,
Clinton St & Jackson Blvd,5916,41.8784565,-87.6409984,250,recreation,41.87773514999828,-87.64263704999985,,,,,,garden,,,
Clinton St & Jackson Blvd,5916,41.8784565,-87.6409984,250,recreation,41.8776144999846,-87.64263334999869,,,,,,garden,,,
Clinton St & Jackson Blvd,5916,41.8784565,-87.6409984,250,other_amenity,41.87570258673344,-87.64400545854316,,parking,,,,,,,
Clinton St & Jackson Blvd,5916,41.8784565,-87.6409984,250,recreation,41.87670765141344,-87.64030017564443,,,,,,garden,,,
Clinton St & Jackson Blvd,5916,41.8784565,-87.6409984,250,recreation,41.87670953487971,-87.64017609798508,,,,,,garden,,,
Clinton St & Jackson Blvd,5916,41.8784565,-87.6409984,250,recreation,41.876594299996135,-87.6398876999994,,,,,,garden,,,
Clinton St & Jackson Blvd,5916,41.8784565,-87.6409984,250,recreation,41.87650969999612,-87.63988549999942,,,,,,garden,,,
Clinton St & Jackson Blvd,5916,41.8784565,-87.6409984,250,recreation,41.87634585620538,-87.63988087352298,,,,,,garden,,,
Clinton St & Jackson Blvd,5916,41.8784565,-87.6409984,250,recreation,41.876264893865084,-87.63987622647578,,,,,,garden,,,
Clinton St & Jackson Blvd,5916,41.8784565,-87.6409984,250,recreation,41.87618034999612,-87.63987484999943,,,,,,garden,,,
Clinton St & Jackson Blvd,5916,41.8784565,-87.6409984,250,recreation,41.87629940920227,-87.64377632220297,,,,,,garden,,,
Clinton St & Jackson Blvd,5916,41.8784565,-87.6409984,250,recreation,41.876600773577614,-87.64363723031578,,,,,,garden,,,
Clinton St & Jackson Blvd,5916,41.8784565,-87.6409984,250,other_amenity,41.877732076592466,-87.64403552560263,,parking,,,,,,,
Clinton St & Jackson Blvd,5916,41.8784565,-87.6409984,250,other_amenity,41.878063764218304,-87.64293744136978,,parking,,,,,,,
Clinton St & Jackson Blvd,5916,41.8784565,-87.6409984,250,other_amenity,41.878055081217774,-87.64356921175303,,parking,,,,,,,
Clinton St & Jackson Blvd,5916,41.8784565,-87.6409984,250,other_amenity,41.87794747589646,-87.6434337656409,,parking,,,,,,,
Clinton St & Jackson Blvd,5916,41.8784565,-87.6409984,250,other_amenity,41.87795540714185,-87.64299782995151,,parking,,,,,,,
Clinton St & Jackson Blvd,5916,41.8784565,-87.6409984,250,transit,41.87780437697028,-87.64036201859511,Union Station Transit Center,bus_station,,,,,station,,
Clinton St & Jackson Blvd,5916,41.8784565,-87.6409984,250,recreation,41.879710584066586,-87.63873219789967,,,,,,garden,,,
Clinton St & Jackson Blvd,5916,41.8784565,-87.6409984,250,recreation,41.87954500345817,-87.638987009974,,,,,,garden,,,
Clinton St & Jackson Blvd,5916,41.8784565,-87.6409984,250,recreation,41.879541216456076,-87.63914710944853,,,,,,garden,,,
Clinton St & Jackson Blvd,5916,41.8784565,-87.6409984,250,recreation,41.879458478016176,-87.63912959121927,,,,,,garden,,,
Clinton St & Jackson Blvd,5916,41.8784565,-87.6409984,250,recreation,41.8804327171171,-87.63868926987463,,,,,,garden,,,
Clinton St & Jackson Blvd,5916,41.8784565,-87.6409984,250,recreation,41.87958969279802,-87.63859969547505,,,,,,garden,,,
Clinton St & Jackson Blvd,5916,41.8784565,-87.6409984,250,recreation,41.88024743453774,-87.63869996044996,,,,,,garden,,,
Wells St & Elm St,5756,41.9032468,-87.6343279,250,transit,41.9039252,-87.6326818,Clark/Division,,,,,,stop_position,stop,
Wells St & Elm St,5756,41.9032468,-87.6343279,250,transit,41.903903699999994,-87.63218720000002,Clark/Division,,,,,,station,station,
Wells St & Elm St,5756,41.9032468,-87.6343279,250,transit,41.9037469,-87.6315475,,,,,,,,subway_entrance,
Wells St & Elm St,5756,41.9032468,-87.6343279,250,transit,41.903747599999996,-87.6313432,,,,,,,,subway_entrance,
Wells St & Elm St,5756,41.9032468,-87.6343279,250,transit,41.904068699999996,-87.63135309999998,,,,,,,,subway_entrance,
Wells St & Elm St,5756,41.9032468,-87.6343279,250,transit,41.9040616,-87.6315555,,,,,,,,subway_entrance,
Wells St & Elm St,5756,41.9032468,-87.6343279,250,transit,41.90387489999999,-87.6316488,Clark/Division,,,,,,stop_position,stop,
Wells St & Elm St,5756,41.9032468,-87.6343279,250,retail,41.905188100000004,-87.6347146,Arbre,,yes,,,,,,
Wells St & Elm St,5756,41.9032468,-87.6343279,250,food_drink,41.9039684,-87.6357062,Papa John's,fast_food,,,,,,,
Wells St & Elm St,5756,41.9032468,-87.6343279,250,retail,41.90400360000001,-87.6342888,Bentley's Pet Stuff,,pet,,,,,,
Wells St & Elm St,5756,41.9032468,-87.6343279,250,food_drink,41.90404439999998,-87.6346483,Glunz Tavern,restaurant,,,,,,,
Wells St & Elm St,5756,41.9032468,-87.6343279,250,other_amenity,41.9029296,-87.6313227,Clark St & Elm St,bicycle_rental,,,,,,,
Wells St & Elm St,5756,41.9032468,-87.6343279,250,retail,41.90167459999999,-87.6316367,Napleton's Aston Martin,,car,,,,,,
Wells St & Elm St,5756,41.9032468,-87.6343279,250,transit,41.904150900000005,-87.6315703,Clark & Division (Red Line),,,,,,platform,,
Wells St & Elm St,5756,41.9032468,-87.6343279,250,transit,41.90201749999999,-87.6315104,Clark & Maple,,,,,,platform,,
Wells St & Elm St,5756,41.9032468,-87.6343279,250,transit,41.903303599999994,-87.6315497,Clark & Elm,,,,,,platform,,
Wells St & Elm St,5756,41.9032468,-87.6343279,250,transit,41.90364659999999,-87.631325,Clark & Division (Red Line),,,,,,platform,,
Wells St & Elm St,5756,41.9032468,-87.6343279,250,transit,41.90418279999999,-87.6327842,LaSalle & Divison (Red Line),,,,,,platform,,
Wells St & Elm St,5756,41.9032468,-87.6343279,250,transit,41.90198569999999,-87.6327179,LaSalle & Maple,,,,,,platform,,
Wells St & Elm St,5756,41.9032468,-87.6343279,250,transit,41.90368589999999,-87.6330879,LaSalle & Divison (Red Line),,,,,,platform,,
Wells St & Elm St,5756,41.9032468,-87.6343279,250,transit,41.90193959999999,-87.6372856,Orleans & Hill,,,,,,platform,,
Wells St & Elm St,5756,41.9032468,-87.6343279,250,transit,41.90378449999999,-87.6346976,Division & Wells,,,,,,platform,,
Wells St & Elm St,5756,41.9032468,-87.6343279,250,transit,41.90391199999999,-87.6366166,300 W Division,,,,,,platform,,
Wells St & Elm St,5756,41.9032468,-87.6343279,250,transit,41.903922099999996,-87.6349417,Division & Wells,,,,,,platform,,
Wells St & Elm St,5756,41.9032468,-87.6343279,250,transit,41.9040606,-87.632774,,,,,,,,subway_entrance,
Wells St & Elm St,5756,41.9032468,-87.6343279,250,transit,41.9037038,-87.63277,,,,,,,,subway_entrance,
Wells St & Elm St,5756,41.9032468,-87.6343279,250,health,41.9054868,-87.6347041,Brighter Dental of Old Town,dentist,,,,,,,dentist
Wells St & Elm St,5756,41.9032468,-87.6343279,250,transit,41.9019877,-87.6330312,LaSalle & Maple,,,,,,platform,,
Wells St & Elm St,5756,41.9032468,-87.6343279,250,retail,41.90415600000001,-87.6317909,Jewel-Osco,,supermarket,,,,,,
Wells St & Elm St,5756,41.9032468,-87.6343279,250,food_drink,41.9037901,-87.6318764,Mr Gyros,fast_food,,,,,,,
Wells St & Elm St,5756,41.9032468,-87.6343279,250,education,41.9025165,-87.6341212,Cornerstone Children's Learning Center,kindergarten,,,,,,,
Wells St & Elm St,5756,41.9032468,-87.6343279,250,food_drink,41.9041723,-87.6347462,The Rabbit Hole,bar,,,,,,,
Wells St & Elm St,5756,41.9032468,-87.6343279,250,food_drink,41.90420679999999,-87.6342984,Happy Camper Old Town,restaurant,,,,,,,
Wells St & Elm St,5756,41.9032468,-87.6343279,250,food_drink,41.904103799999994,-87.6320799,Division on the Rocks,bar,,,,,,,
Wells St & Elm St,5756,41.9032468,-87.6343279,250,transit,41.9038111,-87.6331921,Division & LaSalle,,,,,,platform,,
Wells St & Elm St,5756,41.9032468,-87.6343279,250,transit,41.9037553,-87.6367269,311 W Division,,,,,,platform,,
Wells St & Elm St,5756,41.9032468,-87.6343279,250,other_amenity,41.903246800000005,-87.6343279,Wells St & Elm St,bicycle_rental,,,,,,,
Wells St & Elm St,5756,41.9032468,-87.6343279,250,transit,41.90197729999999,-87.631395,Clark & Maple,,,,,,stop_position,,
Wells St & Elm St,5756,41.9032468,-87.6343279,250,transit,41.9017397,-87.6313894,Clark & Maple,,,,,,stop_position,,
Wells St & Elm St,5756,41.9032468,-87.6343279,250,transit,41.9032719,-87.6314228,Clark & Elm,,,,,,stop_position,,
Wells St & Elm St,5756,41.9032468,-87.6343279,250,transit,41.90369449999999,-87.63143210000001,Clark & Division (Red Line),,,,,,stop_position,,
Wells St & Elm St,5756,41.9032468,-87.6343279,250,transit,41.9040738,-87.6314425,Clark & Division (Red Line),,,,,,stop_position,,
Wells St & Elm St,5756,41.9032468,-87.6343279,250,transit,41.903971999999996,-87.6319507,Division & Clark (Red Line),,,,,,platform,,
Wells St & Elm St,5756,41.9032468,-87.6343279,250,food_drink,41.90490499999999,-87.6331985,Taqueria Express - Mr. Gyros,fast_food,,,,,,,
Wells St & Elm St,5756,41.9032468,-87.6343279,250,retail,41.9036208,-87.6347865,Aldi,,supermarket,,,,,,
Wells St & Elm St,5756,41.9032468,-87.6343279,250,food_drink,41.903982000000006,-87.63383909999999,Sarpino's Pizzeria,fast_food,,,,,,,
Wells St & Elm St,5756,41.9032468,-87.6343279,250,food_drink,41.903982000000006,-87.6340725,Quiznos,fast_food,,,,,,,
Wells St & Elm St,5756,41.9032468,-87.6343279,250,office,41.903988000000005,-87.6339384,H&R Block,,,,tax_advisor,,,,
Wells St & Elm St,5756,41.9032468,-87.6343279,250,food_drink,41.9034735,-87.6342875,Can't Believe It's Not Meat,restaurant,,,,,,,
Wells St & Elm St,5756,41.9032468,-87.6343279,250,other_amenity,41.9048776,-87.6316357,,parking_entrance,,,,,,,
Wells St & Elm St,5756,41.9032468,-87.6343279,250,other_amenity,41.90492379999999,-87.6316368,,parking_entrance,,,,,,,
Wells St & Elm St,5756,41.9032468,-87.6343279,250,retail,41.9016442,-87.6371406,Architectural Artifacts,,furniture,,,,,,
Wells St & Elm St,5756,41.9032468,-87.6343279,250,food_drink,41.9018628,-87.6371084,The School House,cafe,,,,,,,
Wells St & Elm St,5756,41.9032468,-87.6343279,250,other_amenity,41.902144199999995,-87.6338192,,parking_entrance,,,,,,,
Wells St & Elm St,5756,41.9032468,-87.6343279,250,other_amenity,41.9054703,-87.6346329,,bicycle_parking,,,,,,,
Wells St & Elm St,5756,41.9032468,-87.6343279,250,other_amenity,41.905251400000004,-87.6344284,,bicycle_parking,,,,,,,
Wells St & Elm St,5756,41.9032468,-87.6343279,250,food_drink,41.90372169999999,-87.6342409,Hashbrowns,restaurant,,,,,,,
Wells St & Elm St,5756,41.9032468,-87.6343279,250,other_amenity,41.9029764,-87.6316302,Chase,bank,,,,,,,
Wells St & Elm St,5756,41.9032468,-87.6343279,250,other_amenity,41.9050145,-87.633226,,parking_entrance,,,,,,,
Wells St & Elm St,5756,41.9032468,-87.6343279,250,other_amenity,41.9050294,-87.6332262,,parking_entrance,,,,,,,
Wells St & Elm St,5756,41.9032468,-87.6343279,250,food_drink,41.9048051,-87.6347649,Starbucks,cafe,,,,,,,
Wells St & Elm St,5756,41.9032468,-87.6343279,250,retail,41.9046434,-87.63474340000002,Massage Envy,,massage,,,,,,
Wells St & Elm St,5756,41.9032468,-87.6343279,250,other_amenity,41.904767199999995,-87.6343143,PNC Bank,bank,,,,,,,
Wells St & Elm St,5756,41.9032468,-87.6343279,250,retail,41.9044358,-87.634722,MyEyeDr.,,optician,,,,,,
Wells St & Elm St,5756,41.9032468,-87.6343279,250,other_amenity,41.90407609999999,-87.6342978,Near North Animal Hospital,veterinary,,,,,,,
Wells St & Elm St,5756,41.9032468,-87.6343279,250,food_drink,41.90397449999999,-87.6337411,Nepal House,restaurant,,,,,,,
Wells St & Elm St,5756,41.9032468,-87.6343279,250,food_drink,41.9032509,-87.6352989,Dialtone Coffee & Wine Bar,cafe,,,,,,,
Wells St & Elm St,5756,41.9032468,-87.6343279,250,retail,41.903983099999984,-87.63401280000001,Sherry's Food Mart,,convenience,,,,,,
Wells St & Elm St,5756,41.9032468,-87.6343279,250,transit,41.9037652,-87.6327226,,,,,,,,subway_entrance,
Wells St & Elm St,5756,41.9032468,-87.6343279,250,other_amenity,41.90389749999999,-87.6315737,,ticket_validator,,,,,,,
Wells St & Elm St,5756,41.9032468,-87.6343279,250,other_amenity,41.9038815,-87.6327244,,ticket_validator,,,,,,,
Wells St & Elm St,5756,41.9032468,-87.6343279,250,food_drink,41.90539619999999,-87.6347182,Kayao,restaurant,,,,,,,
Wells St & Elm St,5756,41.9032468,-87.6343279,250,other_amenity,41.9039578,-87.6367456,,library_dropoff,,,,,,,
Wells St & Elm St,5756,41.9032468,-87.6343279,250,retail,41.90397709999999,-87.6347536,Cal's Corner,,coffee,,,,,,
Wells St & Elm St,5756,41.9032468,-87.6343279,250,retail,41.90195990000001,-87.631648,Bentley Gold Coast,,car,,,,,,
Wells St & Elm St,5756,41.9032468,-87.6343279,250,retail,41.9019731,-87.63203570000002,Alfa Romeo Chicago,,car,,,,,,
Wells St & Elm St,5756,41.9032468,-87.6343279,250,retail,41.90231459999999,-87.6316302,Lamborghini Gold Coast,,car,,,,,,
Wells St & Elm St,5756,41.9032468,-87.6343279,250,education,41.90129707986962,-87.63551109674175,Walter Payton College Prep,school,,,,,,,
Wells St & Elm St,5756,41.9032468,-87.6343279,250,other_amenity,41.90116925687139,-87.63236921429917,Annunciation Greek Orthodox Cathedral,place_of_worship,,,,,,,
Wells St & Elm St,5756,41.9032468,-87.6343279,250,other_amenity,41.9022730534198,-87.63693581522685,Saint Joseph Roman Catholic Church,place_of_worship,,,,,,,
Wells St & Elm St,5756,41.9032468,-87.6343279,250,other_amenity,41.90289815877044,-87.63242118400434,Church of the Ascension,place_of_worship,,,,,,,
Wells St & Elm St,5756,41.9032468,-87.6343279,250,other_amenity,41.90295158120781,-87.63327595524821,LaSalle Street Church,place_of_worship,,,,,,,
Wells St & Elm St,5756,41.9032468,-87.6343279,250,health,41.904055511395384,-87.63328741437878,Planned Parenthood,clinic,,,,,,,counselling
Wells St & Elm St,5756,41.9032468,-87.6343279,250,retail,41.904076803352794,-87.63474464571361,The House of Glunz,,alcohol,,,,,,
Wells St & Elm St,5756,41.9032468,-87.6343279,250,tourism,41.90484527877055,-87.63342413693525,Marshall Hotel,,,hotel,,,,,
Wells St & Elm St,5756,41.9032468,-87.6343279,250,food_drink,41.90506716094784,-87.63485361958053,Declan's,bar,,,,,,,
Wells St & Elm St,5756,41.9032468,-87.6343279,250,food_drink,41.90525336033137,-87.6347919423845,China Doll,restaurant,,,,,,,
Wells St & Elm St,5756,41.9032468,-87.6343279,250,other_amenity,41.903644820567806,-87.63564415973603,Banfield Pet Hospital,veterinary,,,,,,,
Wells St & Elm St,5756,41.9032468,-87.6343279,250,education,41.90413935508794,-87.63658016242269,Near North Branch Library,library,,,,,,,
Wells St & Elm St,5756,41.9032468,-87.6343279,250,education,41.90158955404507,-87.63388122540601,Salazar Bilingual Center,school,,,,,,,
Wells St & Elm St,5756,41.9032468,-87.6343279,250,other_amenity,41.902183408426055,-87.63242992521306,,parking,,,,,,,
Wells St & Elm St,5756,41.9032468,-87.6343279,250,other_amenity,41.901371354239025,-87.63240567540129,,parking,,,,,,,
Wells St & Elm St,5756,41.9032468,-87.6343279,250,other_amenity,41.90348336882255,-87.6318439192656,,parking,,,,,,,
Wells St & Elm St,5756,41.9032468,-87.6343279,250,other_amenity,41.90360214438206,-87.63642187163491,,parking,,,,,,,
Wells St & Elm St,5756,41.9032468,-87.6343279,250,recreation,41.90113651886811,-87.63609220013478,,,,,,pitch,,,
Wells St & Elm St,5756,41.9032468,-87.6343279,250,other_amenity,41.90312324499269,-87.6370310572898,,parking,,,,,,,
Wells St & Elm St,5756,41.9032468,-87.6343279,250,other_amenity,41.90410189790838,-87.63690690101093,,parking,,,,,,,
Wells St & Elm St,5756,41.9032468,-87.6343279,250,other_amenity,41.904395356372646,-87.63239747524914,,parking,,,,,,,
Wells St & Elm St,5756,41.9032468,-87.6343279,250,other_amenity,41.90093634979298,-87.63368194996272,,parking,,,,,,,
Wells St & Elm St,5756,41.9032468,-87.6343279,250,recreation,41.90520576165627,-87.63256365593801,,,,,,swimming_pool,,,
Wells St & Elm St,5756,41.9032468,-87.6343279,250,recreation,41.90089739802748,-87.63490422230271,,,,,,pitch,,,
Wells St & Elm St,5756,41.9032468,-87.6343279,250,other_amenity,41.90215963797413,-87.63181882776037,,parking,,,,,,,
Wells St & Elm St,5756,41.9032468,-87.6343279,250,transit,41.9038890012977,-87.6321563000799,,,,,,,platform,platform,
Wells St & Elm St,5756,41.9032468,-87.6343279,250,recreation,41.90299948660788,-87.63608783359211,,,,,,swimming_pool,,,
Wells St & Elm St,5756,41.9032468,-87.6343279,250,recreation,41.90294913261342,-87.63525473737118,,,,,,park,,,
Wells St & Elm St,5756,41.9032468,-87.6343279,250,other_amenity,41.900816261426606,-87.63700337972318,,parking,,,,,,,
Wells St & Elm St,5756,41.9032468,-87.6343279,250,other_amenity,41.903491628287725,-87.63370354506233,,parking,,,,,,,
Wells St & Elm St,5756,41.9032468,-87.6343279,250,recreation,41.90344969463911,-87.63716691467049,,,,,,park,,,
Wells St & Elm St,5756,41.9032468,-87.6343279,250,recreation,41.90249434998806,-87.63184189999541,,,,,,swimming_pool,,,
Wells St & Elm St,5756,41.9032468,-87.6343279,250,recreation,41.90232656596776,-87.63327934842398,,,,,,swimming_pool,,,
Wells St & Elm St,5756,41.9032468,-87.6343279,250,recreation,41.90326250543043,-87.63474808713774,,,,,,swimming_pool,,,
Wells St & Elm St,5756,41.9032468,-87.6343279,250,recreation,41.903450476060165,-87.63508600368964,,,,,,swimming_pool,,,
Wells St & Elm St,5756,41.9032468,-87.6343279,250,recreation,41.905305271959136,-87.63413402556033,,,,,,swimming_pool,,,
Wells St & Elm St,5756,41.9032468,-87.6343279,250,recreation,41.905227415249605,-87.63413116383083,,,,,,hot_tub,,,
Wells St & Elm St,5756,41.9032468,-87.6343279,250,other_amenity,41.90473775865048,-87.6371405387603,,parking,,,,,,,
Wells St & Elm St,5756,41.9032468,-87.6343279,250,recreation,41.9010341999323,-87.63657109999622,,,,,,bleachers,,,
Wells St & Elm St,5756,41.9032468,-87.6343279,250,other_amenity,41.90108828846325,-87.63533888869864,,parking,,,,,,,
Wells St & Elm St,5756,41.9032468,-87.6343279,250,other_amenity,41.90118066043075,-87.63669171260644,Spot Hero Oak St,parking,,,,,,,
Wells St & Elm St,5756,41.9032468,-87.6343279,250,recreation,41.904085612481836,-87.63183147818515,,,,,,swimming_pool,,,
Wells St & Elm St,5756,41.9032468,-87.6343279,250,recreation,41.90408443785754,-87.63197172470893,,,,,,hot_tub,,,
Wells St & Elm St,5756,41.9032468,-87.6343279,250,recreation,41.90504502983956,-87.63297105147063,,,,,,garden,,,
Wells St & Elm St,5756,41.9032468,-87.6343279,250,recreation,41.902699705079925,-87.63289308947896,,,,,,garden,,,
Wells St & Elm St,5756,41.9032468,-87.6343279,250,recreation,41.90142009674728,-87.63286683019426,,,,,,garden,,,
Wells St & Elm St,5756,41.9032468,-87.6343279,250,recreation,41.90224437469175,-87.6359206232152,,,,,,swimming_pool,,,
Wells St & Elm St,5756,41.9032468,-87.6343279,250,recreation,41.90246422536754,-87.63566693113643,,,,,,hot_tub,,,
Wells St & Elm St,5756,41.9032468,-87.6343279,250,recreation,41.90242814169055,-87.63566552713675,,,,,,swimming_pool,,,
Wells St & Elm St,5756,41.9032468,-87.6343279,250,recreation,41.902534550003715,-87.63539555000035,,,,,,hot_tub,,,
Wells St & Elm St,5756,41.9032468,-87.6343279,250,recreation,41.90237817410703,-87.63538622406452,,,,,,swimming_pool,,,
Wells St & Elm St,5756,41.9032468,-87.6343279,250,recreation,41.903304400000685,-87.63474915000003,,,,,,hot_tub,,,
Canal St & Adams St,5709,41.8792478,-87.6400073,250,transit,41.8790618,-87.6377402,Union Station/Willis Tower,ferry_terminal,,,,,station,,
Canal St & Adams St,5709,41.8792478,-87.6400073,250,transit,41.8791728,-87.6395962,Chicago Union Station,,,,,,stop_position,stop,
Canal St & Adams St,5709,41.8792478,-87.6400073,250,transit,41.8790649,-87.6393973,Chicago Union Station,,,,,,stop_position,stop,
Canal St & Adams St,5709,41.8792478,-87.6400073,250,transit,41.8790674,-87.6392328,Chicago Union Station,,,,,,stop_position,stop,
Canal St & Adams St,5709,41.8792478,-87.6400073,250,transit,41.87906989999998,-87.6390715,Chicago Union Station,,,,,,stop_position,stop,
Canal St & Adams St,5709,41.8792478,-87.6400073,250,transit,41.87907249999999,-87.638903,Chicago Union Station,,,,,,stop_position,stop,
Canal St & Adams St,5709,41.8792478,-87.6400073,250,transit,41.87829150000002,-87.6389595,Chicago Union Station,,,,,,stop_position,stop,
Canal St & Adams St,5709,41.8792478,-87.6400073,250,transit,41.878289699999996,-87.6391217,Chicago Union Station,,,,,,stop_position,stop,
Canal St & Adams St,5709,41.8792478,-87.6400073,250,transit,41.87828789999999,-87.63927670000001,Chicago Union Station,,,,,,stop_position,stop,
Canal St & Adams St,5709,41.8792478,-87.6400073,250,transit,41.877925700000006,-87.639437,Chicago Union Station,,,,,,stop_position,stop,
Canal St & Adams St,5709,41.8792478,-87.6400073,250,education,41.8788616,-87.6420986,Chicago-Kent College of Law,university,,,,,,,
Canal St & Adams St,5709,41.8792478,-87.6400073,250,food_drink,41.8795638,-87.6409175,Jimmy John's,fast_food,,,,,,,
Canal St & Adams St,5709,41.8792478,-87.6400073,250,other_amenity,41.877928700000005,-87.6387484,Chase,bank,,,,,,,
Canal St & Adams St,5709,41.8792478,-87.6400073,250,other_amenity,41.879428399999995,-87.64148530000001,Chase,bank,,,,,,,
Canal St & Adams St,5709,41.8792478,-87.6400073,250,food_drink,41.88036509999999,-87.6408924,Chipotle,fast_food,,,,,,,
Canal St & Adams St,5709,41.8792478,-87.6400073,250,other_amenity,41.878864600000014,-87.6386155,Fifth Third Bank,bank,,,,,,,
Canal St & Adams St,5709,41.8792478,-87.6400073,250,education,41.879101299999995,-87.6421093,IIT Stuart School of Business,university,,,,,,,
Canal St & Adams St,5709,41.8792478,-87.6400073,250,food_drink,41.878192899999995,-87.6384518,Corner Bakery,cafe,,,,,,,
Canal St & Adams St,5709,41.8792478,-87.6400073,250,transit,41.8789377,-87.6412131,Clinton & Quincy (Union Station),,,,,,platform,,
Canal St & Adams St,5709,41.8792478,-87.6400073,250,transit,41.8793931,-87.63936449999999,Adams & Canal (Union Station),,,,,,platform,,
Canal St & Adams St,5709,41.8792478,-87.6400073,250,food_drink,41.8779077,-87.6416474,Dunkin',fast_food,,,,,,,
Canal St & Adams St,5709,41.8792478,-87.6400073,250,food_drink,41.879485,-87.6376432,Potbelly,fast_food,,,,,,,
Canal St & Adams St,5709,41.8792478,-87.6400073,250,other_amenity,41.8792478,-87.6400073,Canal St & Adams St,bicycle_rental,,,,,,,
Canal St & Adams St,5709,41.8792478,-87.6400073,250,other_amenity,41.88038509999999,-87.6427576,Jefferson St & Monroe St,bicycle_rental,,,,,,,
Canal St & Adams St,5709,41.8792478,-87.6400073,250,transit,41.879068799999985,-87.6391417,Chicago Union Station,,,,,,stop_position,stop,
Canal St & Adams St,5709,41.8792478,-87.6400073,250,transit,41.8791745,-87.6395049,Chicago Union Station,,,,,,stop_position,stop,
Canal St & Adams St,5709,41.8792478,-87.6400073,250,transit,41.8790663,-87.6393042,Chicago Union Station,,,,,,stop_position,stop,
Canal St & Adams St,5709,41.8792478,-87.6400073,250,transit,41.8790714,-87.6389719,Chicago Union Station,,,,,,stop_position,stop,
Canal St & Adams St,5709,41.8792478,-87.6400073,250,transit,41.8782906,-87.6390387,Chicago Union Station,,,,,,stop_position,stop,
Canal St & Adams St,5709,41.8792478,-87.6400073,250,transit,41.878288700000006,-87.6392021,Chicago Union Station,,,,,,stop_position,stop,
Canal St & Adams St,5709,41.8792478,-87.6400073,250,transit,41.87829429999999,-87.6387173,Chicago Union Station,,,,,,stop_position,stop,
Canal St & Adams St,5709,41.8792478,-87.6400073,250,transit,41.8782924,-87.6388782,Chicago Union Station,,,,,,stop_position,stop,
Canal St & Adams St,5709,41.8792478,-87.6400073,250,transit,41.878293,-87.638797,Chicago Union Station,,,,,,stop_position,stop,
Canal St & Adams St,5709,41.8792478,-87.6400073,250,transit,41.8782389,-87.6393618,Chicago Union Station,,,,,,stop_position,stop,
Canal St & Adams St,5709,41.8792478,-87.6400073,250,transit,41.8782952,-87.6386358,Chicago Union Station,,,,,,stop_position,stop,
Canal St & Adams St,5709,41.8792478,-87.6400073,250,transit,41.878278599999994,-87.6385544,Chicago Union Station,,,,,,stop_position,stop,
Canal St & Adams St,5709,41.8792478,-87.6400073,250,transit,41.87792699999999,-87.63951100000001,Chicago Union Station,,,,,,stop_position,stop,
Canal St & Adams St,5709,41.8792478,-87.6400073,250,food_drink,41.88049699999999,-87.6378185,South Branch,bar,,,,,,,
Canal St & Adams St,5709,41.8792478,-87.6400073,250,food_drink,41.88049039999999,-87.6375454,Monroe Reserve,restaurant,,,,,,,
Canal St & Adams St,5709,41.8792478,-87.6400073,250,office,41.880905299999995,-87.6374999,Project Management Academy Chicago,,,,yes,,,,
Canal St & Adams St,5709,41.8792478,-87.6400073,250,transit,41.8791472,-87.6394661,Canal & Adams (Union Station),,,,,,platform,,
Canal St & Adams St,5709,41.8792478,-87.6400073,250,transit,41.8780058,-87.6384778,Jackson & Chicago River,,,,,,platform,,
Canal St & Adams St,5709,41.8792478,-87.6400073,250,other_amenity,41.877923700000004,-87.63709979999999,Bank of America,bank,,,,,,,
Canal St & Adams St,5709,41.8792478,-87.6400073,250,transit,41.879476899999986,-87.63704989999998,Wacker & Adams,,,,,,platform,,
Canal St & Adams St,5709,41.8792478,-87.6400073,250,transit,41.8779259,-87.6400859,Union Station Transit Center,,,,,,stop_position,,
Canal St & Adams St,5709,41.8792478,-87.6400073,250,other_amenity,41.881450400000006,-87.6371778,Chase,bank,,,,,,,
Canal St & Adams St,5709,41.8792478,-87.6400073,250,transit,41.877048499999994,-87.6394124,Canal & Van Buren,,,,,,platform,,
Canal St & Adams St,5709,41.8792478,-87.6400073,250,transit,41.878171,-87.641185,Clinton & Jackson (Union Station),,,,,,platform,,
Canal St & Adams St,5709,41.8792478,-87.6400073,250,office,41.8799801,-87.6414576,"Lerman, Boudart & Associates, LLP",,,,accountant,,,,
Canal St & Adams St,5709,41.8792478,-87.6400073,250,transit,41.878641099999996,-87.6390928,Chicago Union Station,,,,,,station,station,
Canal St & Adams St,5709,41.8792478,-87.6400073,250,transit,41.87798889999999,-87.6399621,Jackson & Canal (Union Station),,,,,,platform,,
Canal St & Adams St,5709,41.8792478,-87.6400073,250,food_drink,41.8803617,-87.6413837,IDOF - I Dream of Falafel,restaurant,,,,,,,
Canal St & Adams St,5709,41.8792478,-87.6400073,250,food_drink,41.88108170000001,-87.6413762,Blaze Pizza,restaurant,,,,,,,
Canal St & Adams St,5709,41.8792478,-87.6400073,250,food_drink,41.8776357,-87.64124300000002,Beggars Pizza,restaurant,,,,,,,
Canal St & Adams St,5709,41.8792478,-87.6400073,250,food_drink,41.881163400000005,-87.64137229999999,Five Guys,fast_food,,,,,,,
Canal St & Adams St,5709,41.8792478,-87.6400073,250,food_drink,41.8812924,-87.6413733,Naf Naf Grill,restaurant,,,,,,,
Canal St & Adams St,5709,41.8792478,-87.6400073,250,transit,41.87806689999999,-87.63848,Jackson & Chicago River,,,,,,stop_position,,
Canal St & Adams St,5709,41.8792478,-87.6400073,250,transit,41.878051899999996,-87.6399634,Jackson & Canal (Union Station),,,,,,stop_position,,
Canal St & Adams St,5709,41.8792478,-87.6400073,250,transit,41.8793287,-87.6393761,Adams & Canal (Union Station),,,,,,stop_position,,
Canal St & Adams St,5709,41.8792478,-87.6400073,250,transit,41.878194,-87.6411112,Clinton & Jackson (Union Station),,,,,,stop_position,,
Canal St & Adams St,5709,41.8792478,-87.6400073,250,transit,41.8770589,-87.63958050000001,Canal & Van Buren,,,,,,stop_position,,
Canal St & Adams St,5709,41.8792478,-87.6400073,250,transit,41.877941,-87.6412362,Jackson & Clinton (Union Station),,,,,,platform,,
Canal St & Adams St,5709,41.8792478,-87.6400073,250,food_drink,41.879585299999995,-87.6398545,Arturo Express,restaurant,,,,,,,
Canal St & Adams St,5709,41.8792478,-87.6400073,250,food_drink,41.87863139999998,-87.6389955,Chicago Union Station Metropolitan Lounge,bar,,,,,,,
Canal St & Adams St,5709,41.8792478,-87.6400073,250,food_drink,41.8812637,-87.6378366,Rivers,restaurant,,,,,,,
Canal St & Adams St,5709,41.8792478,-87.6400073,250,food_drink,41.87725609999998,-87.64270890000002,Swadesi Cafe,cafe,,,,,,,
Canal St & Adams St,5709,41.8792478,-87.6400073,250,other_amenity,41.8781032,-87.6399621,Canal St & Jackson Blvd,bicycle_rental,,,,,,,
Canal St & Adams St,5709,41.8792478,-87.6400073,250,food_drink,41.878672099999996,-87.6386409,The Junction,bar,,,,,,,
Canal St & Adams St,5709,41.8792478,-87.6400073,250,food_drink,41.878657699999984,-87.6389762,Pret A Manger,fast_food,,,,,,,
Canal St & Adams St,5709,41.8792478,-87.6400073,250,food_drink,41.877572099999995,-87.6387853,Little Toasted,bar,,,,,,,
Canal St & Adams St,5709,41.8792478,-87.6400073,250,food_drink,41.87789759999999,-87.6428565,Dark Matter Coffee - Meddle,cafe,,,,,,,
Canal St & Adams St,5709,41.8792478,-87.6400073,250,food_drink,41.8789556,-87.6372277,Mojo Coffee,cafe,,,,,,,
Canal St & Adams St,5709,41.8792478,-87.6400073,250,food_drink,41.87791399999999,-87.6413227,Potbelly,fast_food,,,,,,,
Canal St & Adams St,5709,41.8792478,-87.6400073,250,transit,41.8778211,-87.640078,Union Station Transit Center,,,,,,stop_position,,
Canal St & Adams St,5709,41.8792478,-87.6400073,250,transit,41.877723,-87.6400782,Union Station Transit Center,,,,,,stop_position,,
Canal St & Adams St,5709,41.8792478,-87.6400073,250,transit,41.87812910000001,-87.6384763,Chicago Union Station,,,,,,stop_position,stop,
Canal St & Adams St,5709,41.8792478,-87.6400073,250,transit,41.87814939999999,-87.6383944,Chicago Union Station,,,,,,stop_position,stop,
Canal St & Adams St,5709,41.8792478,-87.6400073,250,transit,41.879377299999994,-87.6388149,Chicago Union Station,,,,,,stop_position,stop,
Canal St & Adams St,5709,41.8792478,-87.6400073,250,transit,41.8778787,-87.640082,Union Station Transit Center,,,,,,platform,,
Canal St & Adams St,5709,41.8792478,-87.6400073,250,transit,41.877679999999984,-87.6400783,Union Station Transit Center,,,,,,platform,,
Canal St & Adams St,5709,41.8792478,-87.6400073,250,transit,41.87778060000001,-87.6400792,Union Station Transit Center,,,,,,platform,,
Canal St & Adams St,5709,41.8792478,-87.6400073,250,other_amenity,41.878728200000005,-87.6390448,Ventra,vending_machine,,,,,,,
Canal St & Adams St,5709,41.8792478,-87.6400073,250,transit,41.87893599999999,-87.6411232,Clinton & Quincy (Union Station),,,,,,stop_position,,
Canal St & Adams St,5709,41.8792478,-87.6400073,250,transit,41.8791543,-87.6395313,Canal & Adams (Union Station),,,,,,stop_position,,
Canal St & Adams St,5709,41.8792478,-87.6400073,250,other_amenity,41.87872719999999,-87.6390783,Metra,vending_machine,,,,,,,
Canal St & Adams St,5709,41.8792478,-87.6400073,250,other_amenity,41.8778628,-87.6403466,Ventra,vending_machine,,,,,,,
Canal St & Adams St,5709,41.8792478,-87.6400073,250,other_amenity,41.8814957,-87.6427999,,parking_entrance,,,,,,,
Canal St & Adams St,5709,41.8792478,-87.6400073,250,food_drink,41.8785438,-87.6386992,Jersey Mike's Subs,fast_food,,,,,,,
Canal St & Adams St,5709,41.8792478,-87.6400073,250,retail,41.8784055,-87.6389781,News Now,,newsagent,,,,,,
Canal St & Adams St,5709,41.8792478,-87.6400073,250,retail,41.8790505,-87.6389634,News Now,,newsagent,,,,,,
Canal St & Adams St,5709,41.8792478,-87.6400073,250,food_drink,41.8785403,-87.6389983,Starbucks,cafe,,,,,,,
Canal St & Adams St,5709,41.8792478,-87.6400073,250,food_drink,41.878569299999995,-87.63902120000002,Robinson's,fast_food,,,,,,,
Canal St & Adams St,5709,41.8792478,-87.6400073,250,retail,41.878773899999985,-87.6387012,Nuts on Clark,,confectionery,,,,,,
Canal St & Adams St,5709,41.8792478,-87.6400073,250,food_drink,41.87888480000001,-87.638716,Jamba,fast_food,,,,,,,
Canal St & Adams St,5709,41.8792478,-87.6400073,250,food_drink,41.87897560000001,-87.63884339999998,Dunkin',fast_food,,,,,,,
Canal St & Adams St,5709,41.8792478,-87.6400073,250,food_drink,41.8788389,-87.6389909,Chick-fil-A,fast_food,,,,,,,
Canal St & Adams St,5709,41.8792478,-87.6400073,250,other_amenity,41.8784699,-87.6390056,,atm,,,,,,,
Canal St & Adams St,5709,41.8792478,-87.6400073,250,office,41.87815930000001,-87.6428206,OKW Architects,,,,architect,,,,
Canal St & Adams St,5709,41.8792478,-87.6400073,250,other_amenity,41.8786731,-87.6403521,Amtrak,vending_machine,,,,,,,
Canal St & Adams St,5709,41.8792478,-87.6400073,250,retail,41.8788568,-87.6394938,Metra Ticket Passenger Sevice,,ticket,,,,,,
Canal St & Adams St,5709,41.8792478,-87.6400073,250,retail,41.878580199999995,-87.6400879,Amtrak Tickets Passenger Services,,ticket,,,,,,
Canal St & Adams St,5709,41.8792478,-87.6400073,250,tourism,41.878657099999984,-87.6390526,,,,information,,,,,
Canal St & Adams St,5709,41.8792478,-87.6400073,250,other_amenity,41.87851529999999,-87.639762,Car Rentals,car_rental,,,,,,,
Canal St & Adams St,5709,41.8792478,-87.6400073,250,other_amenity,41.8788509,-87.6394329,Metra,vending_machine,,,,,,,
Canal St & Adams St,5709,41.8792478,-87.6400073,250,retail,41.87887309999999,-87.6390427,,,vacant,,,,,,
Canal St & Adams St,5709,41.8792478,-87.6400073,250,transit,41.8773377,-87.6395438,FlixBus Chicago Downtown,,,,,,stop_position,,
Canal St & Adams St,5709,41.8792478,-87.6400073,250,transit,41.877331,-87.6394254,FlixBus Chicago Downtown,,,,,,platform,,
Canal St & Adams St,5709,41.8792478,-87.6400073,250,food_drink,41.8785623,-87.6390685,Auntie Anne's,fast_food,,,,,,,
Canal St & Adams St,5709,41.8792478,-87.6400073,250,retail,41.88071930000001,-87.6423239,Porsche,,car,,,,,,
Canal St & Adams St,5709,41.8792478,-87.6400073,250,other_amenity,41.87841190000001,-87.6397083,,bicycle_parking,,,,,,,
Canal St & Adams St,5709,41.8792478,-87.6400073,250,office,41.8777585,-87.6414907,Metra,,,,company,,,,
Canal St & Adams St,5709,41.8792478,-87.6400073,250,other_amenity,41.8780061,-87.6370726,,bicycle_parking,,,,,,,
Canal St & Adams St,5709,41.8792478,-87.6400073,250,other_amenity,41.8809153,-87.6370612,,loading_dock,,,,,,,
Canal St & Adams St,5709,41.8792478,-87.6400073,250,other_amenity,41.88031,-87.6370389,,loading_dock,,,,,,,
Canal St & Adams St,5709,41.8792478,-87.6400073,250,other_amenity,41.8796581,-87.637022,,loading_dock,,,,,,,
Canal St & Adams St,5709,41.8792478,-87.6400073,250,other_amenity,41.8788362,-87.6370807,,loading_dock,,,,,,,
Canal St & Adams St,5709,41.8792478,-87.6400073,250,other_amenity,41.87863010000002,-87.6371476,,loading_dock,,,,,,,
Canal St & Adams St,5709,41.8792478,-87.6400073,250,other_amenity,41.8811816,-87.6372551,,parking_entrance,,,,,,,
Canal St & Adams St,5709,41.8792478,-87.6400073,250,other_amenity,41.8813455,-87.6372579,,parking_entrance,,,,,,,
Canal St & Adams St,5709,41.8792478,-87.6400073,250,other_amenity,41.8800491,-87.6372732,,bench,,,,,,,
Canal St & Adams St,5709,41.8792478,-87.6400073,250,other_amenity,41.880048599999995,-87.6372095,,bench,,,,,,,
Canal St & Adams St,5709,41.8792478,-87.6400073,250,other_amenity,41.87979539999999,-87.6377661,,bench,,,,,,,
Canal St & Adams St,5709,41.8792478,-87.6400073,250,other_amenity,41.87972510000001,-87.6377668,,bench,,,,,,,
Canal St & Adams St,5709,41.8792478,-87.6400073,250,other_amenity,41.8799014,-87.6375123,,bench,,,,,,,
Canal St & Adams St,5709,41.8792478,-87.6400073,250,other_amenity,41.879901,-87.6374382,,bench,,,,,,,
Canal St & Adams St,5709,41.8792478,-87.6400073,250,other_amenity,41.880038,-87.6375184,,bench,,,,,,,
Canal St & Adams St,5709,41.8792478,-87.6400073,250,other_amenity,41.880039999999994,-87.6374487,,bench,,,,,,,
Canal St & Adams St,5709,41.8792478,-87.6400073,250,other_amenity,41.8799042,-87.6373146,,bench,,,,,,,
Canal St & Adams St,5709,41.8792478,-87.6400073,250,other_amenity,41.87990619999999,-87.6372629,,bench,,,,,,,
Canal St & Adams St,5709,41.8792478,-87.6400073,250,office,41.879512299999995,-87.6372593,Charles Schwab,,,,financial_advisor,,,,
Canal St & Adams St,5709,41.8792478,-87.6400073,250,food_drink,41.877645900000005,-87.6371076,Dollop,cafe,,,,,,,
Canal St & Adams St,5709,41.8792478,-87.6400073,250,other_amenity,41.87754619999999,-87.6409009,,loading_dock,,,,,,,
Canal St & Adams St,5709,41.8792478,-87.6400073,250,other_amenity,41.880753399999996,-87.6394895,,bicycle_parking,,,,,,,
Canal St & Adams St,5709,41.8792478,-87.6400073,250,other_amenity,41.8812508,-87.63944630000002,,loading_dock,,,,,,,
Canal St & Adams St,5709,41.8792478,-87.6400073,250,other_amenity,41.8812125,-87.6394437,,loading_dock,,,,,,,
Canal St & Adams St,5709,41.8792478,-87.6400073,250,other_amenity,41.8799797,-87.6393962,,loading_dock,,,,,,,
Canal St & Adams St,5709,41.8792478,-87.6400073,250,other_amenity,41.879939,-87.639395,,loading_dock,,,,,,,
Canal St & Adams St,5709,41.8792478,-87.6400073,250,other_amenity,41.87968209999999,-87.63950869999998,,bicycle_parking,,,,,,,
Canal St & Adams St,5709,41.8792478,-87.6400073,250,other_amenity,41.878150700000006,-87.63916340000002,,loading_dock,,,,,,,
Canal St & Adams St,5709,41.8792478,-87.6400073,250,other_amenity,41.879264199999994,-87.63921169999999,,bicycle_parking,,,,,,,
Canal St & Adams St,5709,41.8792478,-87.6400073,250,other_amenity,41.8781249,-87.638782,,bicycle_parking,,,,,,,
Canal St & Adams St,5709,41.8792478,-87.6400073,250,other_amenity,41.8779362,-87.6429528,,bicycle_parking,,,,,,,
Canal St & Adams St,5709,41.8792478,-87.6400073,250,food_drink,41.8779064,-87.6417423,Burger King,fast_food,,,,,,,
Canal St & Adams St,5709,41.8792478,-87.6400073,250,retail,41.8800163,-87.6423494,Metro Spice Mart,,supermarket,,,,,,
Canal St & Adams St,5709,41.8792478,-87.6400073,250,retail,41.879418699999995,-87.6409028,Circle K,,convenience,,,,,,
Canal St & Adams St,5709,41.8792478,-87.6400073,250,health,41.87941469999999,-87.6428421,Physicians Immediate Care,clinic,,,,,,,clinic
Canal St & Adams St,5709,41.8792478,-87.6400073,250,other_amenity,41.8785878,-87.6424435,,waste_basket,,,,,,,
Canal St & Adams St,5709,41.8792478,-87.6400073,250,other_amenity,41.878110499999984,-87.6426489,,waste_basket,,,,,,,
Canal St & Adams St,5709,41.8792478,-87.6400073,250,other_amenity,41.877910899999996,-87.6424308,,waste_basket,,,,,,,
Canal St & Adams St,5709,41.8792478,-87.6400073,250,other_amenity,41.8804962,-87.6422663,,bicycle_parking,,,,,,,
Canal St & Adams St,5709,41.8792478,-87.6400073,250,other_amenity,41.88049960000001,-87.6420084,,bicycle_parking,,,,,,,
Canal St & Adams St,5709,41.8792478,-87.6400073,250,other_amenity,41.88050489999999,-87.6413609,,bicycle_parking,,,,,,,
Canal St & Adams St,5709,41.8792478,-87.6400073,250,other_amenity,41.880647800000006,-87.6405741,,bicycle_parking,,,,,,,
Canal St & Adams St,5709,41.8792478,-87.6400073,250,other_amenity,41.8807487,-87.6397865,,bicycle_parking,,,,,,,
Canal St & Adams St,5709,41.8792478,-87.6400073,250,other_amenity,41.88132019999999,-87.6398037,,bicycle_parking,,,,,,,
Canal St & Adams St,5709,41.8792478,-87.6400073,250,office,41.878280499999995,-87.6428563,Shindler & Shindler,,,,lawyer,,,,
Canal St & Adams St,5709,41.8792478,-87.6400073,250,other_amenity,41.8770063,-87.6426178,,bicycle_parking,,,,,,,
Canal St & Adams St,5709,41.8792478,-87.6400073,250,other_amenity,41.87808849999998,-87.6421969,,bicycle_parking,,,,,,,
Canal St & Adams St,5709,41.8792478,-87.6400073,250,other_amenity,41.877954499999994,-87.6422251,,bicycle_parking,,,,,,,
Canal St & Adams St,5709,41.8792478,-87.6400073,250,recreation,41.87783639999999,-87.6411827,,,,,,outdoor_seating,,,
Canal St & Adams St,5709,41.8792478,-87.6400073,250,other_amenity,41.8776403,-87.6411659,,bicycle_parking,,,,,,,
Canal St & Adams St,5709,41.8792478,-87.6400073,250,other_amenity,41.8780967,-87.6406033,,bicycle_parking,,,,,,,
Canal St & Adams St,5709,41.8792478,-87.6400073,250,retail,41.8770201,-87.6426988,Refined Barbershop,,hairdresser,,,,,,
Canal St & Adams St,5709,41.8792478,-87.6400073,250,other_amenity,41.8787946,-87.6426839,,bicycle_parking,,,,,,,
Canal St & Adams St,5709,41.8792478,-87.6400073,250,other_amenity,41.87967129999999,-87.6427011,,bicycle_parking,,,,,,,
Canal St & Adams St,5709,41.8792478,-87.6400073,250,other_amenity,41.879810400000004,-87.6425066,,bicycle_parking,,,,,,,
Canal St & Adams St,5709,41.8792478,-87.6400073,250,retail,41.87984409999999,-87.6423599,Paramount Cleaners,,dry_cleaning,,,,,,
Canal St & Adams St,5709,41.8792478,-87.6400073,250,other_amenity,41.8788277,-87.6410012,,bicycle_parking,,,,,,,
Canal St & Adams St,5709,41.8792478,-87.6400073,250,other_amenity,41.879339699999996,-87.6424104,,post_box,,,,,,,
Canal St & Adams St,5709,41.8792478,-87.6400073,250,other_amenity,41.87922159999999,-87.6423363,,bicycle_parking,,,,,,,
Canal St & Adams St,5709,41.8792478,-87.6400073,250,other_amenity,41.878594500000005,-87.6426672,,bicycle_parking,,,,,,,
Canal St & Adams St,5709,41.8792478,-87.6400073,250,food_drink,41.877425699999996,-87.6423515,Byrd's Hot Chicken,fast_food,,,,,,,
Canal St & Adams St,5709,41.8792478,-87.6400073,250,other_amenity,41.878129,-87.6411873,,waste_basket,,,,,,,
Canal St & Adams St,5709,41.8792478,-87.6400073,250,other_amenity,41.877937599999996,-87.6411797,,waste_basket,,,,,,,
Canal St & Adams St,5709,41.8792478,-87.6400073,250,other_amenity,41.8778087,-87.6411792,,waste_basket,,,,,,,
Canal St & Adams St,5709,41.8792478,-87.6400073,250,recreation,41.8814572,-87.6415963,Fitness Formula Clubs (FFC),,,,,fitness_centre,,,
Canal St & Adams St,5709,41.8792478,-87.6400073,250,other_amenity,41.880517,-87.639937,,bicycle_parking,,,,,,,
Canal St & Adams St,5709,41.8792478,-87.6400073,250,other_amenity,41.88045569999999,-87.6410537,,waste_basket,,,,,,,
Canal St & Adams St,5709,41.8792478,-87.6400073,250,other_amenity,41.880667900000006,-87.641277,,waste_basket,,,,,,,
Canal St & Adams St,5709,41.8792478,-87.6400073,250,other_amenity,41.880694199999986,-87.6410434,,waste_basket,,,,,,,
Canal St & Adams St,5709,41.8792478,-87.6400073,250,food_drink,41.8809671,-87.6413844,DosBros Fresh Mexican Grill,fast_food,,,,,,,
Canal St & Adams St,5709,41.8792478,-87.6400073,250,other_amenity,41.8799139,-87.6371957,,bench,,,,,,,
Canal St & Adams St,5709,41.8792478,-87.6400073,250,other_amenity,41.8797658,-87.6377795,,bicycle_parking,,,,,,,
Canal St & Adams St,5709,41.8792478,-87.6400073,250,other_amenity,41.8797489,-87.6377776,,bicycle_parking,,,,,,,
Canal St & Adams St,5709,41.8792478,-87.6400073,250,other_amenity,41.879906,-87.6377946,,bench,,,,,,,
Canal St & Adams St,5709,41.8792478,-87.6400073,250,other_amenity,41.8799581,-87.6374753,,bench,,,,,,,
Canal St & Adams St,5709,41.8792478,-87.6400073,250,other_amenity,41.8798411,-87.6377861,,bench,,,,,,,
Canal St & Adams St,5709,41.8792478,-87.6400073,250,other_amenity,41.8799597,-87.6371958,,bench,,,,,,,
Canal St & Adams St,5709,41.8792478,-87.6400073,250,other_amenity,41.87997819999999,-87.6374789,,bench,,,,,,,
Canal St & Adams St,5709,41.8792478,-87.6400073,250,other_amenity,41.877825300000005,-87.6426409,,bicycle_parking,,,,,,,
Canal St & Adams St,5709,41.8792478,-87.6400073,250,food_drink,41.87773920000001,-87.6427085,Subway,fast_food,,,,,,,
Canal St & Adams St,5709,41.8792478,-87.6400073,250,retail,41.8776066,-87.6427118,The UPS Store,post_office,copyshop,,,,,,
Canal St & Adams St,5709,41.8792478,-87.6400073,250,office,41.877671799999995,-87.6427114,Edward Jones,,,,financial_advisor,,,,
Canal St & Adams St,5709,41.8792478,-87.6400073,250,other_amenity,41.879425899999994,-87.63975210000001,,post_box,,,,,,,
Canal St & Adams St,5709,41.8792478,-87.6400073,250,other_amenity,41.879409499999994,-87.6412265,,post_box,,,,,,,
Canal St & Adams St,5709,41.8792478,-87.6400073,250,other_amenity,41.880641099999984,-87.64273910000001,,waste_basket,,,,,,,
Canal St & Adams St,5709,41.8792478,-87.6400073,250,recreation,41.881269799999984,-87.6412788,,,,,,outdoor_seating,,,
Canal St & Adams St,5709,41.8792478,-87.6400073,250,recreation,41.88105649999999,-87.6412818,,,,,,outdoor_seating,,,
Canal St & Adams St,5709,41.8792478,-87.6400073,250,other_amenity,41.88109639999999,-87.6410062,,parking_entrance,,,,,,,
Canal St & Adams St,5709,41.8792478,-87.6400073,250,other_amenity,41.8809139,-87.64100070000002,,parking_entrance,,,,,,,
Canal St & Adams St,5709,41.8792478,-87.6400073,250,other_amenity,41.880025499999995,-87.6412388,,bicycle_parking,,,,,,,
Canal St & Adams St,5709,41.8792478,-87.6400073,250,other_amenity,41.877963699999995,-87.6415651,,bicycle_parking,,,,,,,
Canal St & Adams St,5709,41.8792478,-87.6400073,250,other_amenity,41.8780924,-87.6412609,,waste_basket,,,,,,,
Canal St & Adams St,5709,41.8792478,-87.6400073,250,other_amenity,41.8788295,-87.6412011,,waste_basket,,,,,,,
Canal St & Adams St,5709,41.8792478,-87.6400073,250,other_amenity,41.87920749999999,-87.6412154,,waste_basket,,,,,,,
Canal St & Adams St,5709,41.8792478,-87.6400073,250,other_amenity,41.8794122,-87.6410149,,waste_basket,,,,,,,
Canal St & Adams St,5709,41.8792478,-87.6400073,250,other_amenity,41.8793509,-87.641608,,bicycle_parking,,,,,,,
Canal St & Adams St,5709,41.8792478,-87.6400073,250,food_drink,41.8787128,-87.63864980000001,Peet's Coffee,cafe,,,,,,,
Canal St & Adams St,5709,41.8792478,-87.6400073,250,office,41.8812366,-87.6374072,Chicago Mercantile Exchange,,,,financial,,,,
Canal St & Adams St,5709,41.8792478,-87.6400073,250,health,41.8784695,-87.6422835,Ankle N Foot Centers,clinic,,,,,,,clinic
Canal St & Adams St,5709,41.8792478,-87.6400073,250,other_amenity,41.8774282,-87.6408972,,parking_entrance,,,,,,,
Canal St & Adams St,5709,41.8792478,-87.6400073,250,other_amenity,41.87738279999999,-87.6408958,,parking_entrance,,,,,,,
Canal St & Adams St,5709,41.8792478,-87.6400073,250,food_drink,41.880826600000006,-87.6413802,Mammoth Poke & Ramen,restaurant,,,,,,,
Canal St & Adams St,5709,41.8792478,-87.6400073,250,food_drink,41.8775772,-87.6405063,AfterBar,bar,,,,,,,
Canal St & Adams St,5709,41.8792478,-87.6400073,250,food_drink,41.87750259999999,-87.6401309,Canal Street Eatery & Market,restaurant,,,,,,,
Canal St & Adams St,5709,41.8792478,-87.6400073,250,education,41.8807836,-87.6408671,Bright Horizons,kindergarten,,,,,,,
Canal St & Adams St,5709,41.8792478,-87.6400073,250,other_amenity,41.877962000000004,-87.6414404,,post_box,,,,,,,
Canal St & Adams St,5709,41.8792478,-87.6400073,250,other_amenity,41.8771739,-87.6417471,,loading_dock,,,,,,,
Canal St & Adams St,5709,41.8792478,-87.6400073,250,other_amenity,41.877641299999986,-87.6417642,,loading_dock,,,,,,,
Canal St & Adams St,5709,41.8792478,-87.6400073,250,office,41.8779065,-87.6423128,Safer Foundation,,,,association,,,,
Canal St & Adams St,5709,41.8792478,-87.6400073,250,other_amenity,41.8775337,-87.6426806,,parking_entrance,,,,,,,
Canal St & Adams St,5709,41.8792478,-87.6400073,250,other_amenity,41.8770976,-87.6424135,,vending_machine,,,,,,,
Canal St & Adams St,5709,41.8792478,-87.6400073,250,other_amenity,41.8793722,-87.6424879,,waste_basket,,,,,,,
Canal St & Adams St,5709,41.8792478,-87.6400073,250,food_drink,41.8797234,-87.6388869,Just Salads,restaurant,,,,,,,
Canal St & Adams St,5709,41.8792478,-87.6400073,250,other_amenity,41.87922150000001,-87.6418117,,bicycle_parking,,,,,,,
Canal St & Adams St,5709,41.8792478,-87.6400073,250,other_amenity,41.880945699999984,-87.6370892,,bicycle_parking,,,,,,,
Canal St & Adams St,5709,41.8792478,-87.6400073,250,other_amenity,41.88091270000001,-87.6378975,,bicycle_parking,,,,,,,
Canal St & Adams St,5709,41.8792478,-87.6400073,250,other_amenity,41.8807627,-87.6370825,,bicycle_parking,,,,,,,
Canal St & Adams St,5709,41.8792478,-87.6400073,250,other_amenity,41.879232800000004,-87.6414465,,bicycle_parking,,,,,,,
Canal St & Adams St,5709,41.8792478,-87.6400073,250,other_amenity,41.877790849642274,-87.6403411959391,,shelter,,,,,,,
Canal St & Adams St,5709,41.8792478,-87.6400073,250,food_drink,41.879101002344704,-87.64281649286123,Taco Lulú,restaurant,,,,,,,
Canal St & Adams St,5709,41.8792478,-87.6400073,250,office,41.88149127147921,-87.64020125544778,AT&T,,,,telecommunication,,,,
Canal St & Adams St,5709,41.8792478,-87.6400073,250,food_drink,41.877823823280956,-87.64213563777452,Lou Mitchell's Restaurant,restaurant,,,,,,,
Canal St & Adams St,5709,41.8792478,-87.6400073,250,transit,41.876740460411916,-87.63941837931597,,,,,,,platform,platform,
Canal St & Adams St,5709,41.8792478,-87.6400073,250,transit,41.87702428366948,-87.63927558227059,,,,,,,platform,platform,
Canal St & Adams St,5709,41.8792478,-87.6400073,250,transit,41.876286451134526,-87.6386064461131,,,,,,,platform,platform,
Canal St & Adams St,5709,41.8792478,-87.6400073,250,transit,41.87637538132229,-87.63876807309357,,,,,,,platform,platform,
Canal St & Adams St,5709,41.8792478,-87.6400073,250,transit,41.876256780743745,-87.63845143391895,,,,,,,platform,platform,
Canal St & Adams St,5709,41.8792478,-87.6400073,250,transit,41.87698994182642,-87.63911920560356,,,,,,,platform,platform,
Canal St & Adams St,5709,41.8792478,-87.6400073,250,transit,41.87684661930034,-87.63895190782858,,,,,,,platform,platform,
Canal St & Adams St,5709,41.8792478,-87.6400073,250,transit,41.88031378322341,-87.6393833230786,,,,,,,platform,platform,
Canal St & Adams St,5709,41.8792478,-87.6400073,250,transit,41.88016137966993,-87.63956834354447,,,,,,,platform,platform,
Canal St & Adams St,5709,41.8792478,-87.6400073,250,transit,41.88065496094194,-87.63890009085605,,,,,,,platform,platform,
Canal St & Adams St,5709,41.8792478,-87.6400073,250,transit,41.88031049664176,-87.6390596601712,,,,,,,platform,platform,
Canal St & Adams St,5709,41.8792478,-87.6400073,250,transit,41.88033059641015,-87.63922675295612,,,,,,,platform,platform,
Canal St & Adams St,5709,41.8792478,-87.6400073,250,other_amenity,41.88138874390729,-87.64339513111315,Presidential Towers Garage,parking,,,,,,,
Canal St & Adams St,5709,41.8792478,-87.6400073,250,transit,41.87658890910231,-87.63838820977863,,,,,,,platform,platform,
Canal St & Adams St,5709,41.8792478,-87.6400073,250,office,41.881479946424584,-87.64076331486154,AT&T,,,,telecommunication,,,,
Canal St & Adams St,5709,41.8792478,-87.6400073,250,transit,41.87867280633796,-87.64035008617498,,,,,,,service_center,,
Canal St & Adams St,5709,41.8792478,-87.6400073,250,other_amenity,41.87874358768042,-87.63897355437858,Amtrak Police Department,police,,,,,,,
Canal St & Adams St,5709,41.8792478,-87.6400073,250,transit,41.87857194350423,-87.6392574238709,,,,,,,service_center,,
Canal St & Adams St,5709,41.8792478,-87.6400073,250,transit,41.878838280163706,-87.6394776749188,Metra Ticket Passenger Sevice,,,,,,service_center,,
Canal St & Adams St,5709,41.8792478,-87.6400073,250,retail,41.87881931935454,-87.63917791320428,News Now,,newsagent,,,,,,
Canal St & Adams St,5709,41.8792478,-87.6400073,250,other_amenity,41.877521764781584,-87.64210033735228,,parking,,,,,,,
Canal St & Adams St,5709,41.8792478,-87.6400073,250,other_amenity,41.8775639896596,-87.64301124003944,,parking,,,,,,,
Canal St & Adams St,5709,41.8792478,-87.6400073,250,transit,41.8753637280735,-87.6380862417817,,,,,,,no,platform,
Canal St & Adams St,5709,41.8792478,-87.6400073,250,transit,41.87707663292278,-87.6392056037829,,,,,,,no,platform,
Canal St & Adams St,5709,41.8792478,-87.6400073,250,transit,41.87686969079539,-87.63903574317747,,,,,,,no,platform,
Canal St & Adams St,5709,41.8792478,-87.6400073,250,transit,41.87669263787925,-87.63886714680595,,,,,,,no,platform,
Canal St & Adams St,5709,41.8792478,-87.6400073,250,transit,41.87656798706229,-87.63870402469634,,,,,,,no,platform,
Canal St & Adams St,5709,41.8792478,-87.6400073,250,transit,41.876501829561775,-87.63853698076717,,,,,,,no,platform,
Canal St & Adams St,5709,41.8792478,-87.6400073,250,transit,41.88074794726124,-87.63898243582949,,,,,,,no,platform,
Canal St & Adams St,5709,41.8792478,-87.6400073,250,transit,41.880396642704845,-87.63914729558708,,,,,,,no,platform,
Canal St & Adams St,5709,41.8792478,-87.6400073,250,transit,41.88033117472137,-87.6393039287632,,,,,,,no,platform,
Canal St & Adams St,5709,41.8792478,-87.6400073,250,transit,41.8802515722555,-87.63947732899784,,,,,,,no,platform,
Canal St & Adams St,5709,41.8792478,-87.6400073,250,other_amenity,41.87853329999045,-87.64039939999861,,bench,,,,,,,
Canal St & Adams St,5709,41.8792478,-87.6400073,250,other_amenity,41.87853478861066,-87.64028437463502,,bench,,,,,,,
Canal St & Adams St,5709,41.8792478,-87.6400073,250,other_amenity,41.87880864999045,-87.64029914999851,,bench,,,,,,,
Canal St & Adams St,5709,41.8792478,-87.6400073,250,other_amenity,41.87880691137024,-87.64041112536232,,bench,,,,,,,
Canal St & Adams St,5709,41.8792478,-87.6400073,250,recreation,41.877264923983766,-87.64056056612924,The Green at 320,,,,,park,,,
Canal St & Adams St,5709,41.8792478,-87.6400073,250,education,41.878970942506605,-87.64216692642839,,university,,,,,,,
Canal St & Adams St,5709,41.8792478,-87.6400073,250,recreation,41.88122989998731,-87.64148824999837,,,,,,swimming_pool,,,
Canal St & Adams St,5709,41.8792478,-87.6400073,250,other_amenity,41.881260763385264,-87.63758965030225,CME Parking,parking,,,,,,,
Canal St & Adams St,5709,41.8792478,-87.6400073,250,recreation,41.87869954969206,-87.63745927298396,,,,,,park,,,
Canal St & Adams St,5709,41.8792478,-87.6400073,250,recreation,41.88077349030376,-87.6379157966903,,,,,,garden,,,
Canal St & Adams St,5709,41.8792478,-87.6400073,250,recreation,41.880719201820575,-87.63788929698075,,,,,,garden,,,
Canal St & Adams St,5709,41.8792478,-87.6400073,250,recreation,41.88130394999837,-87.63709699999978,,,,,,garden,,,
Canal St & Adams St,5709,41.8792478,-87.6400073,250,recreation,41.88123569999837,-87.63709464999977,,,,,,garden,,,
Canal St & Adams St,5709,41.8792478,-87.6400073,250,recreation,41.88108879999835,-87.63709174999978,,,,,,garden,,,
Canal St & Adams St,5709,41.8792478,-87.6400073,250,recreation,41.881017974038855,-87.6370900020145,,,,,,garden,,,
Canal St & Adams St,5709,41.8792478,-87.6400073,250,recreation,41.88087322595787,-87.63708589798507,,,,,,garden,,,
Canal St & Adams St,5709,41.8792478,-87.6400073,250,recreation,41.88080282594769,-87.63708414796213,,,,,,garden,,,
Canal St & Adams St,5709,41.8792478,-87.6400073,250,recreation,41.87953339999839,-87.63705499999979,,,,,,garden,,,
Canal St & Adams St,5709,41.8792478,-87.6400073,250,recreation,41.87960385973149,-87.63705557387951,,,,,,garden,,,
Canal St & Adams St,5709,41.8792478,-87.6400073,250,recreation,41.879749907914686,-87.63705907793687,,,,,,garden,,,
Canal St & Adams St,5709,41.8792478,-87.6400073,250,recreation,41.87982029999838,-87.63706024999979,,,,,,garden,,,
Canal St & Adams St,5709,41.8792478,-87.6400073,250,recreation,41.87995629999837,-87.63706374999978,,,,,,garden,,,
Canal St & Adams St,5709,41.8792478,-87.6400073,250,recreation,41.880026725957876,-87.63706549798509,,,,,,garden,,,
Canal St & Adams St,5709,41.8792478,-87.6400073,250,recreation,41.88016492595786,-87.63706959798508,,,,,,garden,,,
Canal St & Adams St,5709,41.8792478,-87.6400073,250,recreation,41.88023449999835,-87.63707074999978,,,,,,garden,,,
Canal St & Adams St,5709,41.8792478,-87.6400073,250,recreation,41.88037835973147,-87.63707367387953,,,,,,garden,,,
Canal St & Adams St,5709,41.8792478,-87.6400073,250,recreation,41.880447866214546,-87.63707542410258,,,,,,garden,,,
Canal St & Adams St,5709,41.8792478,-87.6400073,250,recreation,41.8805235300469,-87.63727295981262,,,,,,garden,,,
Canal St & Adams St,5709,41.8792478,-87.6400073,250,recreation,41.88051812360675,-87.63770161874818,,,,,,garden,,,
Canal St & Adams St,5709,41.8792478,-87.6400073,250,recreation,41.88049116740784,-87.63713007855159,,,,,,garden,,,
Canal St & Adams St,5709,41.8792478,-87.6400073,250,recreation,41.880310474688415,-87.63712537518887,,,,,,garden,,,
Canal St & Adams St,5709,41.8792478,-87.6400073,250,recreation,41.88013543396703,-87.63712125313522,,,,,,garden,,,
Canal St & Adams St,5709,41.8792478,-87.6400073,250,recreation,41.87944646543277,-87.63773114292873,,,,,,garden,,,
Canal St & Adams St,5709,41.8792478,-87.6400073,250,recreation,41.88006904821028,-87.63724172484704,,,,,,garden,,,
Canal St & Adams St,5709,41.8792478,-87.6400073,250,recreation,41.87983337524626,-87.63717399675558,,,,,,garden,,,
Canal St & Adams St,5709,41.8792478,-87.6400073,250,recreation,41.879936749992716,-87.6371739999995,,,,,,garden,,,
Canal St & Adams St,5709,41.8792478,-87.6400073,250,recreation,41.880020171443284,-87.637716415153,,,,,,outdoor_seating,,,
Canal St & Adams St,5709,41.8792478,-87.6400073,250,recreation,41.879458012461235,-87.63715776542647,,,,,,garden,,,
Canal St & Adams St,5709,41.8792478,-87.6400073,250,tourism,41.87988582482605,-87.63713969586368,150,,,artwork,,,,,
Canal St & Adams St,5709,41.8792478,-87.6400073,250,tourism,41.88005024999951,-87.63713970000003,100,,,artwork,,,,,
Canal St & Adams St,5709,41.8792478,-87.6400073,250,retail,41.87979812172008,-87.63703657121943,Food Trucks,,street_vendor,,,,,,
Canal St & Adams St,5709,41.8792478,-87.6400073,250,recreation,41.87924480008051,-87.63744533336016,,,,,,garden,,,
Canal St & Adams St,5709,41.8792478,-87.6400073,250,recreation,41.87917119999838,-87.6370436499998,,,,,,garden,,,
Canal St & Adams St,5709,41.8792478,-87.6400073,250,recreation,41.879101199998374,-87.63704249999978,,,,,,garden,,,
Canal St & Adams St,5709,41.8792478,-87.6400073,250,recreation,41.87893994999837,-87.63703779999979,,,,,,garden,,,
Canal St & Adams St,5709,41.8792478,-87.6400073,250,recreation,41.87887082595787,-87.63703609798509,,,,,,garden,,,
Canal St & Adams St,5709,41.8792478,-87.6400073,250,recreation,41.87872389999836,-87.6370331499998,,,,,,garden,,,
Canal St & Adams St,5709,41.8792478,-87.6400073,250,recreation,41.87865439999836,-87.63703139999978,,,,,,garden,,,
Canal St & Adams St,5709,41.8792478,-87.6400073,250,recreation,41.878508349998356,-87.63703024999981,,,,,,garden,,,
Canal St & Adams St,5709,41.8792478,-87.6400073,250,recreation,41.87843749999836,-87.63702729999979,,,,,,garden,,,
Canal St & Adams St,5709,41.8792478,-87.6400073,250,recreation,41.87831274999837,-87.6370255499998,,,,,,garden,,,
Canal St & Adams St,5709,41.8792478,-87.6400073,250,recreation,41.87824364999836,-87.6370237999998,,,,,,garden,,,
Canal St & Adams St,5709,41.8792478,-87.6400073,250,recreation,41.87774329999848,-87.63698059999882,,,,,,garden,,,
Canal St & Adams St,5709,41.8792478,-87.6400073,250,recreation,41.8778528308397,-87.6369951989348,,,,,,garden,,,
Canal St & Adams St,5709,41.8792478,-87.6400073,250,recreation,41.87792673090213,-87.63700744896828,,,,,,garden,,,
Canal St & Adams St,5709,41.8792478,-87.6400073,250,other_amenity,41.87927055911573,-87.64038479043957,,parking,,,,,,,
Canal St & Adams St,5709,41.8792478,-87.6400073,250,other_amenity,41.87845657204278,-87.64099837718803,Clinton St & Jackson Blvd,bicycle_rental,,,,,,,
Canal St & Adams St,5709,41.8792478,-87.6400073,250,other_amenity,41.880181501927595,-87.64294407371216,,parking,,,,,,,
Canal St & Adams St,5709,41.8792478,-87.6400073,250,other_amenity,41.8774499871062,-87.64056214174684,,parking,,,,,,,
Canal St & Adams St,5709,41.8792478,-87.6400073,250,transit,41.877867959843535,-87.64033575140138,,,,,,,platform,,
Canal St & Adams St,5709,41.8792478,-87.6400073,250,transit,41.87777047708219,-87.64033343563425,,,,,,,platform,,
Canal St & Adams St,5709,41.8792478,-87.6400073,250,transit,41.877669404586676,-87.6403341244749,,,,,,,platform,,
Canal St & Adams St,5709,41.8792478,-87.6400073,250,recreation,41.881516665036294,-87.63945809729034,,,,,,garden,,,
Canal St & Adams St,5709,41.8792478,-87.6400073,250,other_amenity,41.88111071820091,-87.63943943606623,,parking,,,,,,,
Canal St & Adams St,5709,41.8792478,-87.6400073,250,other_amenity,41.881351602011286,-87.63944496361677,,parking,,,,,,,
Canal St & Adams St,5709,41.8792478,-87.6400073,250,other_amenity,41.879822412979706,-87.63939106454667,,parking,,,,,,,
Canal St & Adams St,5709,41.8792478,-87.6400073,250,other_amenity,41.88009522528218,-87.63939989264682,,parking,,,,,,,
Canal St & Adams St,5709,41.8792478,-87.6400073,250,recreation,41.87908298275232,-87.63887121614353,,,,,,garden,,,
Canal St & Adams St,5709,41.8792478,-87.6400073,250,recreation,41.879163770052024,-87.63887403056222,,,,,,garden,,,
Canal St & Adams St,5709,41.8792478,-87.6400073,250,recreation,41.87908914337364,-87.63875290451846,,,,,,garden,,,
Canal St & Adams St,5709,41.8792478,-87.6400073,250,recreation,41.87919842486875,-87.63870032653968,,,,,,garden,,,
Canal St & Adams St,5709,41.8792478,-87.6400073,250,recreation,41.87845819858606,-87.63866032768397,,,,,,garden,,,
Canal St & Adams St,5709,41.8792478,-87.6400073,250,recreation,41.87842738877787,-87.63831794712145,,,,,,garden,,,
Canal St & Adams St,5709,41.8792478,-87.6400073,250,recreation,41.87836356195819,-87.63829854977988,,,,,,garden,,,
Canal St & Adams St,5709,41.8792478,-87.6400073,250,recreation,41.87829966376871,-87.63827620835045,,,,,,garden,,,
Canal St & Adams St,5709,41.8792478,-87.6400073,250,other_amenity,41.87840312162462,-87.63947994495682,,parking,,,,,,,
Canal St & Adams St,5709,41.8792478,-87.6400073,250,recreation,41.87917069726566,-87.639051203187,,,,,,garden,,,
Canal St & Adams St,5709,41.8792478,-87.6400073,250,recreation,41.879079119357385,-87.63904793053163,,,,,,garden,,,
Canal St & Adams St,5709,41.8792478,-87.6400073,250,recreation,41.87910567924001,-87.63918038587154,,,,,,garden,,,
Canal St & Adams St,5709,41.8792478,-87.6400073,250,recreation,41.87903372505256,-87.63924177856616,,,,,,garden,,,
Canal St & Adams St,5709,41.8792478,-87.6400073,250,recreation,41.87919819540071,-87.63921154607412,,,,,,garden,,,
Canal St & Adams St,5709,41.8792478,-87.6400073,250,recreation,41.87922434611289,-87.63921245558626,,,,,,garden,,,
Canal St & Adams St,5709,41.8792478,-87.6400073,250,recreation,41.87889290305768,-87.63851305768067,,,,,,garden,,,
Canal St & Adams St,5709,41.8792478,-87.6400073,250,recreation,41.87879511473994,-87.63857934158126,,,,,,garden,,,
Canal St & Adams St,5709,41.8792478,-87.6400073,250,recreation,41.878736600234646,-87.63844367374557,,,,,,garden,,,
Canal St & Adams St,5709,41.8792478,-87.6400073,250,recreation,41.87872222070533,-87.6385770761215,,,,,,garden,,,
Canal St & Adams St,5709,41.8792478,-87.6400073,250,recreation,41.87863796944492,-87.6384278620147,,,,,,garden,,,
Canal St & Adams St,5709,41.8792478,-87.6400073,250,recreation,41.87851072350615,-87.63841938305043,,,,,,garden,,,
Canal St & Adams St,5709,41.8792478,-87.6400073,250,recreation,41.87900256578392,-87.63905883246521,,,,,,garden,,,
Canal St & Adams St,5709,41.8792478,-87.6400073,250,recreation,41.879044351623136,-87.6393879498552,,,,,,garden,,,
Canal St & Adams St,5709,41.8792478,-87.6400073,250,transit,41.87720069507575,-87.63937019793296,,,,,,,no,platform,
Canal St & Adams St,5709,41.8792478,-87.6400073,250,recreation,41.8770214903114,-87.63870523221442,,,,,,garden,,,
Canal St & Adams St,5709,41.8792478,-87.6400073,250,recreation,41.877036050361404,-87.63870569088988,,,,,,garden,,,
Canal St & Adams St,5709,41.8792478,-87.6400073,250,recreation,41.87704996008262,-87.6387059790142,,,,,,garden,,,
Canal St & Adams St,5709,41.8792478,-87.6400073,250,recreation,41.87706364659987,-87.6387059858726,,,,,,garden,,,
Canal St & Adams St,5709,41.8792478,-87.6400073,250,recreation,41.87717200383965,-87.63875343941595,,,,,,outdoor_seating,,,
Canal St & Adams St,5709,41.8792478,-87.6400073,250,recreation,41.877710380555285,-87.63888470891514,,,,,,garden,,,
Canal St & Adams St,5709,41.8792478,-87.6400073,250,recreation,41.87741547507838,-87.63883898132411,,,,,,outdoor_seating,,,
Canal St & Adams St,5709,41.8792478,-87.6400073,250,recreation,41.87791786535021,-87.63886045042487,,,,,,garden,,,
Canal St & Adams St,5709,41.8792478,-87.6400073,250,recreation,41.87787784800565,-87.63885954804738,,,,,,garden,,,
Canal St & Adams St,5709,41.8792478,-87.6400073,250,recreation,41.87783634331527,-87.63885954552059,,,,,,garden,,,
Canal St & Adams St,5709,41.8792478,-87.6400073,250,recreation,41.877587790434106,-87.63892518370061,,,,,,garden,,,
Canal St & Adams St,5709,41.8792478,-87.6400073,250,recreation,41.8775459401236,-87.63892456249968,,,,,,garden,,,
Canal St & Adams St,5709,41.8792478,-87.6400073,250,recreation,41.87750459520518,-87.6389236674897,,,,,,garden,,,
Canal St & Adams St,5709,41.8792478,-87.6400073,250,recreation,41.877399393996456,-87.63889302800462,,,,,,garden,,,
Canal St & Adams St,5709,41.8792478,-87.6400073,250,recreation,41.87785765000071,-87.63884655000005,,,,,,garden,,,
Canal St & Adams St,5709,41.8792478,-87.6400073,250,recreation,41.87789767524723,-87.63884808062112,,,,,,garden,,,
Canal St & Adams St,5709,41.8792478,-87.6400073,250,recreation,41.87909369997181,-87.64267684999668,,,,,,outdoor_seating,,,
Canal St & Adams St,5709,41.8792478,-87.6400073,250,other_amenity,41.88035970435759,-87.64111872337494,,parking,,,,,,,
Canal St & Adams St,5709,41.8792478,-87.6400073,250,other_amenity,41.88008916969401,-87.64110917365086,,parking,,,,,,,
Canal St & Adams St,5709,41.8792478,-87.6400073,250,other_amenity,41.8796166773691,-87.64108614910296,,parking,,,,,,,
Canal St & Adams St,5709,41.8792478,-87.6400073,250,other_amenity,41.87762251695543,-87.64210233176215,,parking,,,,,,,
Canal St & Adams St,5709,41.8792478,-87.6400073,250,recreation,41.87771801264085,-87.64117353022962,,,,,,outdoor_seating,,,
Canal St & Adams St,5709,41.8792478,-87.6400073,250,recreation,41.87788059362551,-87.64117615358414,,,,,,outdoor_seating,,,
Canal St & Adams St,5709,41.8792478,-87.6400073,250,recreation,41.87795607547996,-87.64213418384733,,,,,,outdoor_seating,,,
Canal St & Adams St,5709,41.8792478,-87.6400073,250,recreation,41.87786285067818,-87.6426389727798,,,,,,garden,,,
Canal St & Adams St,5709,41.8792478,-87.6400073,250,recreation,41.87780347484159,-87.64263795516494,,,,,,garden,,,
Canal St & Adams St,5709,41.8792478,-87.6400073,250,recreation,41.87773514999828,-87.64263704999985,,,,,,garden,,,
Canal St & Adams St,5709,41.8792478,-87.6400073,250,recreation,41.8776144999846,-87.64263334999869,,,,,,garden,,,
Canal St & Adams St,5709,41.8792478,-87.6400073,250,other_amenity,41.878063764218304,-87.64293744136978,,parking,,,,,,,
Canal St & Adams St,5709,41.8792478,-87.6400073,250,other_amenity,41.87795540714185,-87.64299782995151,,parking,,,,,,,
Canal St & Adams St,5709,41.8792478,-87.6400073,250,transit,41.87780437697028,-87.64036201859511,Union Station Transit Center,bus_station,,,,,station,,
Canal St & Adams St,5709,41.8792478,-87.6400073,250,recreation,41.879710584066586,-87.63873219789967,,,,,,garden,,,
Canal St & Adams St,5709,41.8792478,-87.6400073,250,recreation,41.87954500345817,-87.638987009974,,,,,,garden,,,
Canal St & Adams St,5709,41.8792478,-87.6400073,250,recreation,41.879541216456076,-87.63914710944853,,,,,,garden,,,
Canal St & Adams St,5709,41.8792478,-87.6400073,250,recreation,41.879458478016176,-87.63912959121927,,,,,,garden,,,
Canal St & Adams St,5709,41.8792478,-87.6400073,250,recreation,41.8804327171171,-87.63868926987463,,,,,,garden,,,
Canal St & Adams St,5709,41.8792478,-87.6400073,250,recreation,41.87958969279802,-87.63859969547505,,,,,,garden,,,
Canal St & Adams St,5709,41.8792478,-87.6400073,250,recreation,41.88024743453774,-87.63869996044996,,,,,,garden,,,
State St & Chicago Ave,5452,41.8965841,-87.6286602,250,education,41.8971495,-87.6271627,Loyola Law School,college,,,,,,,
State St & Chicago Ave,5452,41.8965841,-87.6286602,250,retail,41.89435319999998,-87.6265266,R.H. Love Galleries,,art,,,,,,
State St & Chicago Ave,5452,41.8965841,-87.6286602,250,food_drink,41.895539799999995,-87.6263496,Jake Melnick's Corner Tap,restaurant,,,,,,,
State St & Chicago Ave,5452,41.8965841,-87.6286602,250,transit,41.8965961,-87.6277745,,,,,,,,subway_entrance,
State St & Chicago Ave,5452,41.8965841,-87.6286602,250,transit,41.89677880000001,-87.627854,,,,,,,,subway_entrance,
State St & Chicago Ave,5452,41.8965841,-87.6286602,250,transit,41.8966356,-87.6281877,Chicago,,,,,,station,station,
State St & Chicago Ave,5452,41.8965841,-87.6286602,250,food_drink,41.89725709999999,-87.6283787,Subway,fast_food,,,,,,,
State St & Chicago Ave,5452,41.8965841,-87.6286602,250,other_amenity,41.89673969999999,-87.6307486,Clark St & Chicago Ave,bicycle_rental,,,,,,,
State St & Chicago Ave,5452,41.8965841,-87.6286602,250,other_amenity,41.89741899999999,-87.6287891,State St & Pearson St,bicycle_rental,,,,,,,
State St & Chicago Ave,5452,41.8965841,-87.6286602,250,retail,41.8947163,-87.6278941,Medinah Barber Shop,,hairdresser,,,,,,
State St & Chicago Ave,5452,41.8965841,-87.6286602,250,transit,41.8968094,-87.631358,Clark & Chicago,,,,,,platform,,
State St & Chicago Ave,5452,41.8965841,-87.6286602,250,transit,41.89811689999999,-87.6313941,Clark & Chestnut,,,,,,platform,,
State St & Chicago Ave,5452,41.8965841,-87.6286602,250,food_drink,41.898467499999995,-87.6280907,Tempo Cafe,cafe,,,,,,,
State St & Chicago Ave,5452,41.8965841,-87.6286602,250,retail,41.8964677,-87.62856050000002,Whole Foods Market,,supermarket,,,,,,
State St & Chicago Ave,5452,41.8965841,-87.6286602,250,food_drink,41.89504300000001,-87.6266247,Cafe L'Appetito,cafe,,,,,,,
State St & Chicago Ave,5452,41.8965841,-87.6286602,250,food_drink,41.896934699999996,-87.6258739,Devil Dawgs,fast_food,,,,,,,
State St & Chicago Ave,5452,41.8965841,-87.6286602,250,food_drink,41.8965214,-87.6266598,Pippin's Tavern,pub,,,,,,,
State St & Chicago Ave,5452,41.8965841,-87.6286602,250,retail,41.8947226,-87.6269771,Jonathan Adler,,houseware,,,,,,
State St & Chicago Ave,5452,41.8965841,-87.6286602,250,tourism,41.897687999999995,-87.6271039,Baumhart Lodging at Loyola University Chicago,,,hotel,,,,,
State St & Chicago Ave,5452,41.8965841,-87.6286602,250,food_drink,41.89589879999999,-87.6256814,Giordano's Pizzeria,restaurant,,,,,,,
State St & Chicago Ave,5452,41.8965841,-87.6286602,250,transit,41.8944588,-87.6313107,Clark & Huron,,,,,,platform,,
State St & Chicago Ave,5452,41.8965841,-87.6286602,250,transit,41.89467869999999,-87.62963019999998,Dearborn & Huron,,,,,,platform,,
State St & Chicago Ave,5452,41.8965841,-87.6286602,250,food_drink,41.8945947,-87.6313754,Big Shoulders Coffee,cafe,,,,,,,
State St & Chicago Ave,5452,41.8965841,-87.6286602,250,retail,41.89503809999999,-87.630215,Van Cleef Salon,,hairdresser,,,,,,
State St & Chicago Ave,5452,41.8965841,-87.6286602,250,transit,41.894995,-87.6282702,State & Huron,,,,,,platform,,
State St & Chicago Ave,5452,41.8965841,-87.6286602,250,transit,41.8964055,-87.6283051,State & Chicago (Red Line),,,,,,platform,,
State St & Chicago Ave,5452,41.8965841,-87.6286602,250,transit,41.894751299999996,-87.6280551,State & Huron,,,,,,platform,,
State St & Chicago Ave,5452,41.8965841,-87.6286602,250,transit,41.8964884,-87.6280851,State & Chicago (Red Line),,,,,,platform,,
State St & Chicago Ave,5452,41.8965841,-87.6286602,250,transit,41.89622160000001,-87.628226,Chicago,,,,,,stop_position,stop,
State St & Chicago Ave,5452,41.8965841,-87.6286602,250,transit,41.89704309999999,-87.6281873,Chicago,,,,,,stop_position,stop,
State St & Chicago Ave,5452,41.8965841,-87.6286602,250,transit,41.8967738,-87.6284646,,,,,,,,subway_entrance,
State St & Chicago Ave,5452,41.8965841,-87.6286602,250,food_drink,41.89559499999999,-87.6258346,Rosebud on Rush,restaurant,,,,,,,
State St & Chicago Ave,5452,41.8965841,-87.6286602,250,food_drink,41.89541459999999,-87.6256607,Silver Spoon Thai Restaurant,restaurant,,,,,,,
State St & Chicago Ave,5452,41.8965841,-87.6286602,250,food_drink,41.89536650000001,-87.6258507,Friends Sushi,restaurant,,,,,,,
State St & Chicago Ave,5452,41.8965841,-87.6286602,250,food_drink,41.895934299999986,-87.6265696,Sunny Side Up & Coffee Shoppe,cafe,,,,,,,
State St & Chicago Ave,5452,41.8965841,-87.6286602,250,food_drink,41.89608239999999,-87.6314977,Clark Street Ale House - River North,bar,,,,,,,
State St & Chicago Ave,5452,41.8965841,-87.6286602,250,food_drink,41.89580960000001,-87.6309448,Chicago Winery,restaurant,,,,,,,
State St & Chicago Ave,5452,41.8965841,-87.6286602,250,food_drink,41.8969107,-87.6262665,Streeter's Tavern,bar,,,,,,,
State St & Chicago Ave,5452,41.8965841,-87.6286602,250,food_drink,41.89601489999998,-87.6314385,Seoul Taco,restaurant,,,,,,,
State St & Chicago Ave,5452,41.8965841,-87.6286602,250,food_drink,41.89552489999999,-87.6286917,Roy's Restaurant,restaurant,,,,,,,
State St & Chicago Ave,5452,41.8965841,-87.6286602,250,food_drink,41.894668,-87.6316181,Taketei Sushi River North,restaurant,,,,,,,
State St & Chicago Ave,5452,41.8965841,-87.6286602,250,food_drink,41.89467150000001,-87.631559,Troquet River North,restaurant,,,,,,,
State St & Chicago Ave,5452,41.8965841,-87.6286602,250,food_drink,41.89632809999999,-87.6309694,Celtic Crossing,bar,,,,,,,
State St & Chicago Ave,5452,41.8965841,-87.6286602,250,food_drink,41.897410900000004,-87.6257647,Starbucks,cafe,,,,,,,
State St & Chicago Ave,5452,41.8965841,-87.6286602,250,food_drink,41.89862959999999,-87.6256676,,restaurant,,,,,,,
State St & Chicago Ave,5452,41.8965841,-87.6286602,250,food_drink,41.89704549999998,-87.6283595,Friends Ramen,restaurant,,,,,,,
State St & Chicago Ave,5452,41.8965841,-87.6286602,250,retail,41.896499399999996,-87.6258597,Leonidas,,chocolate,,,,,,
State St & Chicago Ave,5452,41.8965841,-87.6286602,250,food_drink,41.8965007,-87.6257187,Stan's Donuts & Coffee,cafe,,,,,,,
State St & Chicago Ave,5452,41.8965841,-87.6286602,250,food_drink,41.89505829999999,-87.6277833,Joe & The Juice,cafe,,,,,,,
State St & Chicago Ave,5452,41.8965841,-87.6286602,250,food_drink,41.89787609999998,-87.62806680000001,Alpana,restaurant,,,,,,,
State St & Chicago Ave,5452,41.8965841,-87.6286602,250,food_drink,41.894343500000005,-87.628412,Leviathan,bar,,,,,,,
State St & Chicago Ave,5452,41.8965841,-87.6286602,250,food_drink,41.8978759,-87.627138,Bistronomic,restaurant,,,,,,,
State St & Chicago Ave,5452,41.8965841,-87.6286602,250,transit,41.896776,-87.6278101,Chicago & State (Red Line),,,,,,platform,,
State St & Chicago Ave,5452,41.8965841,-87.6286602,250,transit,41.8965653,-87.6308398,Chicago & Clark,,,,,,platform,,
State St & Chicago Ave,5452,41.8965841,-87.6286602,250,transit,41.8966099,-87.6277238,Chicago & State (Red Line),,,,,,platform,,
State St & Chicago Ave,5452,41.8965841,-87.6286602,250,retail,41.8977298,-87.62631,Bentley Gold Coast,,car,,,,,,
State St & Chicago Ave,5452,41.8965841,-87.6286602,250,transit,41.897024599999995,-87.629716,Dearborn & Chicago,,,,,,platform,,
State St & Chicago Ave,5452,41.8965841,-87.6286602,250,transit,41.894752699999984,-87.6297178,Dearborn & Huron,,,,,,stop_position,,
State St & Chicago Ave,5452,41.8965841,-87.6286602,250,transit,41.896977299999996,-87.6297879,Dearborn & Chicago,,,,,,stop_position,,
State St & Chicago Ave,5452,41.8965841,-87.6286602,250,transit,41.898098899999994,-87.6312887,Clark & Chestnut,,,,,,stop_position,,
State St & Chicago Ave,5452,41.8965841,-87.6286602,250,transit,41.8968132,-87.6312484,Clark & Chicago,,,,,,stop_position,,
State St & Chicago Ave,5452,41.8965841,-87.6286602,250,transit,41.894520199999995,-87.6311933,Clark & Huron,,,,,,stop_position,,
State St & Chicago Ave,5452,41.8965841,-87.6286602,250,other_amenity,41.89577030000001,-87.626197,Rush St & Superior St,bicycle_rental,,,,,,,
State St & Chicago Ave,5452,41.8965841,-87.6286602,250,food_drink,41.89551170000001,-87.6284956,Tzuco,restaurant,,,,,,,
State St & Chicago Ave,5452,41.8965841,-87.6286602,250,food_drink,41.89507069999999,-87.63097150000002,Moti Cafe,restaurant,,,,,,,
State St & Chicago Ave,5452,41.8965841,-87.6286602,250,transit,41.894743599999984,-87.6281568,State & Huron,,,,,,stop_position,,
State St & Chicago Ave,5452,41.8965841,-87.6286602,250,transit,41.895040099999996,-87.6281634,State & Huron,,,,,,stop_position,,
State St & Chicago Ave,5452,41.8965841,-87.6286602,250,transit,41.89647449999999,-87.6282022,State & Chicago (Red Line),,,,,,stop_position,,
State St & Chicago Ave,5452,41.8965841,-87.6286602,250,transit,41.89643389999999,-87.6282006,State & Chicago (Red Line),,,,,,stop_position,,
State St & Chicago Ave,5452,41.8965841,-87.6286602,250,retail,41.896519999999995,-87.6264481,7-Eleven,,convenience,,,,,,
State St & Chicago Ave,5452,41.8965841,-87.6286602,250,other_amenity,41.896900900000006,-87.6313508,,post_box,,,,,,,
State St & Chicago Ave,5452,41.8965841,-87.6286602,250,retail,41.898706799999985,-87.6280658,Potash Markets - State Street,,supermarket,,,,,,
State St & Chicago Ave,5452,41.8965841,-87.6286602,250,retail,41.8957937,-87.6292766,Brite Tailoring Dry Cleaners,,dry_cleaning,,,,,,
State St & Chicago Ave,5452,41.8965841,-87.6286602,250,food_drink,41.89499060000001,-87.631462,Ambar,restaurant,,,,,,,
State St & Chicago Ave,5452,41.8965841,-87.6286602,250,office,41.8950819,-87.6262135,R2 Companies,,,,estate_agent,,,,
State St & Chicago Ave,5452,41.8965841,-87.6286602,250,food_drink,41.8968848,-87.627397,Pollo Campero,fast_food,,,,,,,
State St & Chicago Ave,5452,41.8965841,-87.6286602,250,food_drink,41.8968848,-87.6273245,Taco Bell,fast_food,,,,,,,
State St & Chicago Ave,5452,41.8965841,-87.6286602,250,food_drink,41.89688879999999,-87.6270939,Chick-fil-A,fast_food,,,,,,,
State St & Chicago Ave,5452,41.8965841,-87.6286602,250,health,41.896888800000006,-87.6272521,Athletico Physical Therapy,,,,,,,,physiotherapist
State St & Chicago Ave,5452,41.8965841,-87.6286602,250,food_drink,41.8984478,-87.62842100000002,Big Shoulders Cafe,cafe,,,,,,,
State St & Chicago Ave,5452,41.8965841,-87.6286602,250,office,41.89806999999999,-87.6265635,Railroad Retirement Board,,,,government,,,,
State St & Chicago Ave,5452,41.8965841,-87.6286602,250,retail,41.897800499999995,-87.6263248,Maserati of Chicago,,car,,,,,,
State St & Chicago Ave,5452,41.8965841,-87.6286602,250,retail,41.8978724,-87.62633820000002,Lamborghini Gold Coast,,car,,,,,,
State St & Chicago Ave,5452,41.8965841,-87.6286602,250,retail,41.8979462,-87.6263543,Rolls-Royce Motor Cars Gold Coast,,car,,,,,,
State St & Chicago Ave,5452,41.8965841,-87.6286602,250,food_drink,41.89650580000001,-87.6260421,Potbelly,fast_food,,,,,,,
State St & Chicago Ave,5452,41.8965841,-87.6286602,250,food_drink,41.897332799999994,-87.6283638,Vin Tea,fast_food,,,,,,,
State St & Chicago Ave,5452,41.8965841,-87.6286602,250,food_drink,41.896955299999995,-87.6283611,Friends Sushi,restaurant,,,,,,,
State St & Chicago Ave,5452,41.8965841,-87.6286602,250,food_drink,41.8973969,-87.6283662,Mister J's Dawg And Burger,fast_food,,,,,,,
State St & Chicago Ave,5452,41.8965841,-87.6286602,250,other_amenity,41.895868799999995,-87.6289822,,parking_entrance,,,,,,,
State St & Chicago Ave,5452,41.8965841,-87.6286602,250,retail,41.8964684,-87.6309272,Agriculture - A Crop of Style,,clothes,,,,,,
State St & Chicago Ave,5452,41.8965841,-87.6286602,250,other_amenity,41.8964808,-87.62954,Wells Fargo,bank,,,,,,,
State St & Chicago Ave,5452,41.8965841,-87.6286602,250,food_drink,41.89647649999999,-87.6293462,Philz Coffee,cafe,,,,,,,
State St & Chicago Ave,5452,41.8965841,-87.6286602,250,food_drink,41.89597349999999,-87.6309951,Liva at Chicago Winery,restaurant,,,,,,,
State St & Chicago Ave,5452,41.8965841,-87.6286602,250,recreation,41.89546169999999,-87.6314429,BodyRok,,,,,fitness_centre,,,
State St & Chicago Ave,5452,41.8965841,-87.6286602,250,other_amenity,41.896264999999985,-87.631027,Companion Animal Hospital River North,veterinary,,,,,,,
State St & Chicago Ave,5452,41.8965841,-87.6286602,250,retail,41.89637760000001,-87.6314507,Superior Wine & Liquor,,alcohol,,,,,,
State St & Chicago Ave,5452,41.8965841,-87.6286602,250,retail,41.89647909999999,-87.631059,Gold Coast Market,,convenience,,,,,,
State St & Chicago Ave,5452,41.8965841,-87.6286602,250,retail,41.896326999999985,-87.6310373,Top Shop Chicago,,hairdresser,,,,,,
State St & Chicago Ave,5452,41.8965841,-87.6286602,250,food_drink,41.896215100000006,-87.6285913,Gemini Grill,restaurant,,,,,,,
State St & Chicago Ave,5452,41.8965841,-87.6286602,250,food_drink,41.896474600000005,-87.631476,Gold Coast Cafe,cafe,,,,,,,
State St & Chicago Ave,5452,41.8965841,-87.6286602,250,retail,41.898135399999994,-87.6284971,Circle K,,convenience,,,,,,
State St & Chicago Ave,5452,41.8965841,-87.6286602,250,food_drink,41.89515469999999,-87.6279891,Jimmy John's,fast_food,,,,,,,
State St & Chicago Ave,5452,41.8965841,-87.6286602,250,other_amenity,41.898505899999996,-87.6277149,,parking,,,,,,,
State St & Chicago Ave,5452,41.8965841,-87.6286602,250,education,41.89772039999999,-87.6279945,Quinlan School of Business,college,,,,,,,
State St & Chicago Ave,5452,41.8965841,-87.6286602,250,other_amenity,41.8963185,-87.6261531,,loading_dock,,,,,,,
State St & Chicago Ave,5452,41.8965841,-87.6286602,250,other_amenity,41.89687479999999,-87.6283608,North Community Bank,bank,,,,,,,
State St & Chicago Ave,5452,41.8965841,-87.6286602,250,food_drink,41.896839899999996,-87.6286301,Dunkin',fast_food,,,,,,,
State St & Chicago Ave,5452,41.8965841,-87.6286602,250,other_amenity,41.897842100000005,-87.631089,Vetique,veterinary,,,,,,,
State St & Chicago Ave,5452,41.8965841,-87.6286602,250,tourism,41.898224500000005,-87.6261682,Archbishop Quigley,,,artwork,,,,,
State St & Chicago Ave,5452,41.8965841,-87.6286602,250,other_amenity,41.8968856,-87.6258516,"New Chicago Rush Currency Exchange, Inc.",bureau_de_change,,,,,,,
State St & Chicago Ave,5452,41.8965841,-87.6286602,250,retail,41.898652600000005,-87.6263286,Rivian,,car,,,,,,
State St & Chicago Ave,5452,41.8965841,-87.6286602,250,recreation,41.89678829999998,-87.631465,ONYX,,,,,fitness_centre,,,
State St & Chicago Ave,5452,41.8965841,-87.6286602,250,food_drink,41.8969535,-87.6314356,Deep Purpl,fast_food,,,,,,,
State St & Chicago Ave,5452,41.8965841,-87.6286602,250,food_drink,41.897727499999995,-87.6265873,Epic Burger,fast_food,,,,,,,
State St & Chicago Ave,5452,41.8965841,-87.6286602,250,food_drink,41.89594650000001,-87.63145020000002,Charlie Martin's,restaurant,,,,,,,
State St & Chicago Ave,5452,41.8965841,-87.6286602,250,retail,41.896909199999996,-87.6266636,GNC,,nutrition_supplements,,,,,,
State St & Chicago Ave,5452,41.8965841,-87.6286602,250,other_amenity,41.89687380000001,-87.6258739,Western Union,money_transfer,,,,,,,
State St & Chicago Ave,5452,41.8965841,-87.6286602,250,other_amenity,41.8966456,-87.6281965,,ticket_validator,,,,,,,
State St & Chicago Ave,5452,41.8965841,-87.6286602,250,food_drink,41.89691139999999,-87.6262274,Sweet Vegan Bakes,restaurant,,,,,,,
State St & Chicago Ave,5452,41.8965841,-87.6286602,250,other_amenity,41.8952961,-87.6296039,,parking_entrance,,,,,,,
State St & Chicago Ave,5452,41.8965841,-87.6286602,250,recreation,41.89646859999999,-87.6289085,Life Time,,,,,fitness_centre,,,
State St & Chicago Ave,5452,41.8965841,-87.6286602,250,transit,41.8965824,-87.6284496,,,,,,,,subway_entrance,
State St & Chicago Ave,5452,41.8965841,-87.6286602,250,retail,41.8964745,-87.6307984,Gold Coast Beauty Spa,,beauty,,,,,,
State St & Chicago Ave,5452,41.8965841,-87.6286602,250,food_drink,41.896478399999985,-87.6287705,Life Cafe,restaurant,,,,,,,
State St & Chicago Ave,5452,41.8965841,-87.6286602,250,food_drink,41.89689719999999,-87.6263139,Flaco's Tacos,restaurant,,,,,,,
State St & Chicago Ave,5452,41.8965841,-87.6286602,250,other_amenity,41.89609509999999,-87.6296252,,parking_entrance,,,,,,,
State St & Chicago Ave,5452,41.8965841,-87.6286602,250,other_amenity,41.8958222,-87.62676,,post_box,,,,,,,
State St & Chicago Ave,5452,41.8965841,-87.6286602,250,other_amenity,41.896800400000004,-87.6258324,,post_box,,,,,,,
State St & Chicago Ave,5452,41.8965841,-87.6286602,250,other_amenity,41.8955833,-87.6295577,,post_box,,,,,,,
State St & Chicago Ave,5452,41.8965841,-87.6286602,250,other_amenity,41.8974421,-87.6279785,,post_box,,,,,,,
State St & Chicago Ave,5452,41.8965841,-87.6286602,250,other_amenity,41.89823119999999,-87.6268095,,post_box,,,,,,,
State St & Chicago Ave,5452,41.8965841,-87.6286602,250,education,41.89740290241286,-87.62698934104367,Loyola University Water Tower Campus,university,,,,,,,
State St & Chicago Ave,5452,41.8965841,-87.6286602,250,other_amenity,41.89774884707062,-87.62571241729849,Chapel of St. James,place_of_worship,,,,,,,
State St & Chicago Ave,5452,41.8965841,-87.6286602,250,recreation,41.89866507872984,-87.62672846558146,Connors Park,,,,,park,,,
State St & Chicago Ave,5452,41.8965841,-87.6286602,250,other_amenity,41.8959843490063,-87.62753338395409,Holy Name Cathedral,place_of_worship,,,,,,,
State St & Chicago Ave,5452,41.8965841,-87.6286602,250,recreation,41.899264944582896,-87.63058472473878,Washington Square,,,,,park,,,
State St & Chicago Ave,5452,41.8965841,-87.6286602,250,tourism,41.89856987835098,-87.62562147671781,Selina Hotel Chicago,,,hotel,,,,,
State St & Chicago Ave,5452,41.8965841,-87.6286602,250,tourism,41.898696654943514,-87.62732539825407,Sofitel Chicago Magnificent Mile,,,hotel,,,,,
State St & Chicago Ave,5452,41.8965841,-87.6286602,250,office,41.89514794778192,-87.6257590890469,Royal Thai Consulate General,,,,diplomatic,,,,
State St & Chicago Ave,5452,41.8965841,-87.6286602,250,food_drink,41.89695230145357,-87.62771707638736,McDonald's,fast_food,,,,,,,
State St & Chicago Ave,5452,41.8965841,-87.6286602,250,office,41.894269310804624,-87.63156011963416,Consulate General of The People's Republic of China in Chicago,,,,diplomatic,,,,
State St & Chicago Ave,5452,41.8965841,-87.6286602,250,tourism,41.89431653351645,-87.62842152280295,Eurostars Magnificent Mile,,,hotel,,,,,
State St & Chicago Ave,5452,41.8965841,-87.6286602,250,retail,41.89464393430874,-87.62751256420512,Ikram,,clothes,,,,,,
State St & Chicago Ave,5452,41.8965841,-87.6286602,250,other_amenity,41.89888232040158,-87.62877838067126,Chicago Sinai Congregation,place_of_worship,,,,,,,
State St & Chicago Ave,5452,41.8965841,-87.6286602,250,other_amenity,41.89632828863741,-87.63029369131436,,parking,,,,,,,
State St & Chicago Ave,5452,41.8965841,-87.6286602,250,other_amenity,41.89691715834313,-87.63037932821734,Alliance Française de Chicago,language_school,,,,,,,
State St & Chicago Ave,5452,41.8965841,-87.6286602,250,other_amenity,41.89437178854054,-87.63085247501408,,parking,,,,,,,
State St & Chicago Ave,5452,41.8965841,-87.6286602,250,food_drink,41.89681420574424,-87.63009008366538,Pizano's Pizza & Pasta,restaurant,,,,,,,
State St & Chicago Ave,5452,41.8965841,-87.6286602,250,other_amenity,41.896940844575816,-87.63082887027123,U.S. Bank,bank,,,,,,,
State St & Chicago Ave,5452,41.8965841,-87.6286602,250,tourism,41.8946316927691,-87.63154590330036,Hotel Felix,,,hotel,,,,,
State St & Chicago Ave,5452,41.8965841,-87.6286602,250,office,41.89543031194529,-87.63032851280133,Poetry Foundation,,,,association,,,,
State St & Chicago Ave,5452,41.8965841,-87.6286602,250,other_amenity,41.89721740938303,-87.62907619106656,,parking,,,,,,,
State St & Chicago Ave,5452,41.8965841,-87.6286602,250,recreation,41.89693179060703,-87.6279600784024,Chicago + State Park,,,,,park,,,
State St & Chicago Ave,5452,41.8965841,-87.6286602,250,food_drink,41.89861354998377,-87.62672384994339,Jeni's Splendid Ice Creams,ice_cream,,,,,,,
State St & Chicago Ave,5452,41.8965841,-87.6286602,250,other_amenity,41.89741203411902,-87.63169794510392,The Church of Jesus Christ of Latter-day Saints,place_of_worship,,,,,,,
State St & Chicago Ave,5452,41.8965841,-87.6286602,250,other_amenity,41.895823025574366,-87.63158044336888,,parking,,,,,,,
State St & Chicago Ave,5452,41.8965841,-87.6286602,250,tourism,41.89505310541479,-87.63155031166146,Home2 Suites by Hilton Chicago River North,,,hotel,,,,,
State St & Chicago Ave,5452,41.8965841,-87.6286602,250,other_amenity,41.89463234493808,-87.62844390498056,,parking,,,,,,,
State St & Chicago Ave,5452,41.8965841,-87.6286602,250,recreation,41.895828968029306,-87.63031868394258,,,,,,swimming_pool,,,
State St & Chicago Ave,5452,41.8965841,-87.6286602,250,transit,41.896630467453605,-87.62813495673697,,,,,,,platform,platform,
State St & Chicago Ave,5452,41.8965841,-87.6286602,250,transit,41.89663341983445,-87.62827242228616,,,,,,,platform,platform,
State St & Chicago Ave,5452,41.8965841,-87.6286602,250,office,41.89509354398847,-87.62766043284368,Consulate General of Ukraine,,,,diplomatic,,,,
State St & Chicago Ave,5452,41.8965841,-87.6286602,250,recreation,41.89501737298497,-87.62792612447844,,,,,,swimming_pool,,,
State St & Chicago Ave,5452,41.8965841,-87.6286602,250,other_amenity,41.89515732778382,-87.62899937265476,,parking,,,,,,,
State St & Chicago Ave,5452,41.8965841,-87.6286602,250,recreation,41.89522007470446,-87.6287512056785,,,,,,swimming_pool,,,
State St & Chicago Ave,5452,41.8965841,-87.6286602,250,recreation,41.89814413972822,-87.62727188021394,,,,,,swimming_pool,,,
State St & Chicago Ave,5452,41.8965841,-87.6286602,250,recreation,41.89814539241429,-87.62748622449433,,,,,,swimming_pool,,,
State St & Chicago Ave,5452,41.8965841,-87.6286602,250,recreation,41.8962721500145,-87.62585970000066,,,,,,swimming_pool,,,
State St & Chicago Ave,5452,41.8965841,-87.6286602,250,other_amenity,41.898774445032416,-87.62566870323822,,parking,,,,,,,
State St & Chicago Ave,5452,41.8965841,-87.6286602,250,other_amenity,41.89875995660544,-87.62687438697093,,parking,,,,,,,
State St & Chicago Ave,5452,41.8965841,-87.6286602,250,other_amenity,41.8987636073663,-87.62662722911844,,parking,,,,,,,
State St & Chicago Ave,5452,41.8965841,-87.6286602,250,recreation,41.896263831275355,-87.6265258274021,,,,,,swimming_pool,,,
State St & Chicago Ave,5452,41.8965841,-87.6286602,250,recreation,41.89552078505391,-87.62622454262538,,,,,,swimming_pool,,,
State St & Chicago Ave,5452,41.8965841,-87.6286602,250,recreation,41.89614869091751,-87.6293644653995,,,,,,swimming_pool,,,
State St & Chicago Ave,5452,41.8965841,-87.6286602,250,recreation,41.89595320539686,-87.62927573079597,,,,,,hot_tub,,,
State St & Chicago Ave,5452,41.8965841,-87.6286602,250,recreation,41.895951042032245,-87.6294434548075,,,,,,hot_tub,,,
State St & Chicago Ave,5452,41.8965841,-87.6286602,250,other_amenity,41.89463475448673,-87.62630617119123,St. James Episcopal Cathedral,place_of_worship,,,,,,,
State St & Chicago Ave,5452,41.8965841,-87.6286602,250,education,41.89640798225202,-87.62753802923592,Frances Xavier Ward School,school,,,,,,,
State St & Chicago Ave,5452,41.8965841,-87.6286602,250,other_amenity,41.8978817607506,-87.62816238275565,,parking,,,,,,,
State St & Chicago Ave,5452,41.8965841,-87.6286602,250,other_amenity,41.896584149430666,-87.62866017297452,State St & Chicago Ave,bicycle_rental,,,,,,,
Larrabee St & Kingsbury St,5328,41.897744,-87.642884,250,other_amenity,41.89580459999999,-87.641764,,parking_entrance,,,,,,,
Larrabee St & Kingsbury St,5328,41.897744,-87.642884,250,other_amenity,41.897744,-87.642884,Larrabee St & Kingsbury St,bicycle_rental,,,,,,,
Larrabee St & Kingsbury St,5328,41.897744,-87.642884,250,food_drink,41.8970504,-87.6433416,Motel Bar,restaurant,,,,,,,
Larrabee St & Kingsbury St,5328,41.897744,-87.642884,250,other_amenity,41.89774010000001,-87.6431141,,bicycle_parking,,,,,,,
Larrabee St & Kingsbury St,5328,41.897744,-87.642884,250,other_amenity,41.89766,-87.6430959,Bicycle Repair Tool Stand,bicycle_repair_station,,,,,,,
Larrabee St & Kingsbury St,5328,41.897744,-87.642884,250,food_drink,41.898553699999994,-87.6427142,Texican,restaurant,,,,,,,
Larrabee St & Kingsbury St,5328,41.897744,-87.642884,250,transit,41.89637669999998,-87.6425434,Chicago & Larrabee,,,,,,platform,,
Larrabee St & Kingsbury St,5328,41.897744,-87.642884,250,transit,41.8965345,-87.6456207,700 W Chicago,,,,,,platform,,
Larrabee St & Kingsbury St,5328,41.897744,-87.642884,250,transit,41.8963298,-87.6456998,700 W Chicago,,,,,,platform,,
Larrabee St & Kingsbury St,5328,41.897744,-87.642884,250,transit,41.8964057,-87.6402487,Chicago & Hudson,,,,,,platform,,
Larrabee St & Kingsbury St,5328,41.897744,-87.642884,250,transit,41.89659209999999,-87.6425897,Chicago & Larrabee,,,,,,platform,,
Larrabee St & Kingsbury St,5328,41.897744,-87.642884,250,office,41.897476499999996,-87.6433795,Farmer's Fridge,,,,company,,,,
Larrabee St & Kingsbury St,5328,41.897744,-87.642884,250,other_amenity,41.898804399999996,-87.6437037,,parking_entrance,,,,,,,
Larrabee St & Kingsbury St,5328,41.897744,-87.642884,250,other_amenity,41.897169999999996,-87.6428092,,parking_entrance,,,,,,,
Larrabee St & Kingsbury St,5328,41.897744,-87.642884,250,transit,41.8970013,-87.6439143,Chicago Avenue,ferry_terminal,,,,,station,,
Larrabee St & Kingsbury St,5328,41.897744,-87.642884,250,other_amenity,41.8961201,-87.6416266,,parking_entrance,,,,,,,
Larrabee St & Kingsbury St,5328,41.897744,-87.642884,250,food_drink,41.89626169999999,-87.6411831,Starbucks,cafe,,,,,,,
Larrabee St & Kingsbury St,5328,41.897744,-87.642884,250,other_amenity,41.8963801,-87.6428192,,post_box,,,,,,,
Larrabee St & Kingsbury St,5328,41.897744,-87.642884,250,retail,41.8993046,-87.6427569,Unicorn World by Lola + The Boys,,clothes,,,,,,
Larrabee St & Kingsbury St,5328,41.897744,-87.642884,250,health,41.89880799999999,-87.6428348,River Village Dental,dentist,,,,,,,dentist
Larrabee St & Kingsbury St,5328,41.897744,-87.642884,250,retail,41.898574999999994,-87.6428317,H20 Nail Spa,,beauty,,,,,,
Larrabee St & Kingsbury St,5328,41.897744,-87.642884,250,retail,41.898248200000005,-87.6428144,Smoke Outlet,,e-cigarette,,,,,,
Larrabee St & Kingsbury St,5328,41.897744,-87.642884,250,food_drink,41.89732459999999,-87.6433845,,restaurant,,,,,,,
Larrabee St & Kingsbury St,5328,41.897744,-87.642884,250,recreation,41.8963009,-87.64096079999999,Solidcore,,,,,fitness_centre,,,
Larrabee St & Kingsbury St,5328,41.897744,-87.642884,250,food_drink,41.8962992,-87.6407997,Jimmy John's,fast_food,,,,,,,
Larrabee St & Kingsbury St,5328,41.897744,-87.642884,250,retail,41.896300899999986,-87.6406059,Kriser's Natural Pet,,pet,,,,,,
Larrabee St & Kingsbury St,5328,41.897744,-87.642884,250,retail,41.8963235,-87.6403467,Goodman's Barber Lounge,,hairdresser,,,,,,
Larrabee St & Kingsbury St,5328,41.897744,-87.642884,250,retail,41.8966695,-87.6414205,Image Studios,,hairdresser,,,,,,
Larrabee St & Kingsbury St,5328,41.897744,-87.642884,250,retail,41.89666989999999,-87.64135270000001,Coil and Bloom at Image Studios,,hairdresser,,,,,,
Larrabee St & Kingsbury St,5328,41.897744,-87.642884,250,other_amenity,41.8971593240254,-87.64246361637296,,parking,,,,,,,
Larrabee St & Kingsbury St,5328,41.897744,-87.642884,250,other_amenity,41.89628935236531,-87.64276240934583,Chase,bank,,,,,,,
Larrabee St & Kingsbury St,5328,41.897744,-87.642884,250,recreation,41.896837381825186,-87.640434807158,Chicago Lights Urban Farm,,,,,garden,,,
Larrabee St & Kingsbury St,5328,41.897744,-87.642884,250,recreation,41.89630755020295,-87.64183495648543,,,,,,dog_park,,,
Larrabee St & Kingsbury St,5328,41.897744,-87.642884,250,recreation,41.89623894845127,-87.64096332457997,,,,,,swimming_pool,,,
Larrabee St & Kingsbury St,5328,41.897744,-87.642884,250,other_amenity,41.89937319907726,-87.64513273125944,,parking,,,,,,,
Larrabee St & Kingsbury St,5328,41.897744,-87.642884,250,recreation,41.896242074689766,-87.64079570748312,,,,,,hot_tub,,,
Larrabee St & Kingsbury St,5328,41.897744,-87.642884,250,recreation,41.89670335001887,-87.6414418500013,,,,,,swimming_pool,,,
Larrabee St & Kingsbury St,5328,41.897744,-87.642884,250,other_amenity,41.89612661431805,-87.64270942528884,,parking,,,,,,,
Wells St & Concord Ln,5216,41.912198,-87.6346694,250,transit,41.913303099999986,-87.6329401,Clark & LaSalle,,,,,,stop_position,,
Wells St & Concord Ln,5216,41.912198,-87.6346694,250,food_drink,41.91130089999999,-87.6348879,Starbucks,cafe,,,,,,,
Wells St & Concord Ln,5216,41.912198,-87.6346694,250,other_amenity,41.913052000000015,-87.6349459,Chase,atm,,,,,,,
Wells St & Concord Ln,5216,41.912198,-87.6346694,250,other_amenity,41.91161269999999,-87.6348918,The Second City,theatre,,,,,,,
Wells St & Concord Ln,5216,41.912198,-87.6346694,250,food_drink,41.911335399999984,-87.6356269,UP Comedy Club,bar,,,,,,,
Wells St & Concord Ln,5216,41.912198,-87.6346694,250,retail,41.91275310000001,-87.6349564,Hair Cuttery,,hairdresser,,,,,,
Wells St & Concord Ln,5216,41.912198,-87.6346694,250,retail,41.912560599999985,-87.6345806,Wells Cleaners,,tailor,,,,,,
Wells St & Concord Ln,5216,41.912198,-87.6346694,250,food_drink,41.9110184,-87.6345458,McDonald's,fast_food,,,,,,,
Wells St & Concord Ln,5216,41.912198,-87.6346694,250,other_amenity,41.9119667,-87.6319483,Clark St & North Ave,bicycle_rental,,,,,,,
Wells St & Concord Ln,5216,41.912198,-87.6346694,250,other_amenity,41.91219799999998,-87.6346694,Wells St & Concord Ln,bicycle_rental,,,,,,,
Wells St & Concord Ln,5216,41.912198,-87.6346694,250,food_drink,41.911036,-87.6327641,Peking Chinese Restaurant,restaurant,,,,,,,
Wells St & Concord Ln,5216,41.912198,-87.6346694,250,health,41.9110585,-87.6326001,Physicians Immediate Care,doctors,,,,,,,doctor
Wells St & Concord Ln,5216,41.912198,-87.6346694,250,retail,41.910983199999976,-87.6358185,Finishing Touches Interiors,,interior_decoration,,,,,,
Wells St & Concord Ln,5216,41.912198,-87.6346694,250,transit,41.9127111,-87.633326,LaSalle & Eugenie,,,,,,platform,,
Wells St & Concord Ln,5216,41.912198,-87.6346694,250,transit,41.91325100000001,-87.6330462,Clark & LaSalle,,,,,,platform,,
Wells St & Concord Ln,5216,41.912198,-87.6346694,250,transit,41.9136565,-87.6330099,Clark & LaSalle,,,,,,platform,,
Wells St & Concord Ln,5216,41.912198,-87.6346694,250,transit,41.913962300000016,-87.6316951,Stockton & LaSalle,,,,,,platform,,
Wells St & Concord Ln,5216,41.912198,-87.6346694,250,transit,41.914077400000004,-87.6318974,Stockton & LaSalle,,,,,,platform,,
Wells St & Concord Ln,5216,41.912198,-87.6346694,250,transit,41.911332099999996,-87.6318876,Clark & North Ave,,,,,,platform,,
Wells St & Concord Ln,5216,41.912198,-87.6346694,250,transit,41.91147009999999,-87.631682,Clark & North Ave,,,,,,platform,,
Wells St & Concord Ln,5216,41.912198,-87.6346694,250,transit,41.912752999999995,-87.6329907,LaSalle & Eugenie,,,,,,platform,,
Wells St & Concord Ln,5216,41.912198,-87.6346694,250,transit,41.910980300000006,-87.632986,LaSalle & North Ave,,,,,,platform,,
Wells St & Concord Ln,5216,41.912198,-87.6346694,250,transit,41.910916099999994,-87.6333091,LaSalle & North Ave,,,,,,platform,,
Wells St & Concord Ln,5216,41.912198,-87.6346694,250,transit,41.91100839999999,-87.6348999,North Ave & Wells,,,,,,platform,,
Wells St & Concord Ln,5216,41.912198,-87.6346694,250,transit,41.91108580000001,-87.6326924,North Ave & LaSalle,,,,,,platform,,
Wells St & Concord Ln,5216,41.912198,-87.6346694,250,transit,41.9112416,-87.6322664,North Ave & Clark,,,,,,platform,,
Wells St & Concord Ln,5216,41.912198,-87.6346694,250,transit,41.9112815,-87.6344555,North Ave & Wells,,,,,,platform,,
Wells St & Concord Ln,5216,41.912198,-87.6346694,250,transit,41.91102120000001,-87.63682,North Ave & North Park,,,,,,platform,,
Wells St & Concord Ln,5216,41.912198,-87.6346694,250,other_amenity,41.9109273,-87.6345181,Byline Bank,bank,,,,,,,
Wells St & Concord Ln,5216,41.912198,-87.6346694,250,food_drink,41.91086969999999,-87.6349122,Potbelly,fast_food,,,,,,,
Wells St & Concord Ln,5216,41.912198,-87.6346694,250,food_drink,41.9109839,-87.635275,Adobo Grill,restaurant,,,,,,,
Wells St & Concord Ln,5216,41.912198,-87.6346694,250,retail,41.9105181,-87.6344671,La Fournette,,bakery,,,,,,
Wells St & Concord Ln,5216,41.912198,-87.6346694,250,retail,41.910462999999986,-87.6344409,State St. Barbers,,hairdresser,,,,,,
Wells St & Concord Ln,5216,41.912198,-87.6346694,250,transit,41.911426299999995,-87.63180390000001,Clark & North Ave,,,,,,stop_position,,
Wells St & Concord Ln,5216,41.912198,-87.6346694,250,transit,41.913564199999996,-87.63310020000002,Clark & LaSalle,,,,,,stop_position,,
Wells St & Concord Ln,5216,41.912198,-87.6346694,250,retail,41.910911899999995,-87.6354472,Elite Nails SK Spa,,beauty,,,,,,
Wells St & Concord Ln,5216,41.912198,-87.6346694,250,retail,41.91097620000001,-87.6337833,Magnifique Nail Salon,,beauty,,,,,,
Wells St & Concord Ln,5216,41.912198,-87.6346694,250,other_amenity,41.91032710000001,-87.6323903,,fountain,,,,,,,
Wells St & Concord Ln,5216,41.912198,-87.6346694,250,transit,41.91117509999999,-87.63269320000002,North Ave & LaSalle,,,,,,stop_position,,
Wells St & Concord Ln,5216,41.912198,-87.6346694,250,transit,41.9111788,-87.6322658,North Ave & Clark,,,,,,stop_position,,
Wells St & Concord Ln,5216,41.912198,-87.6346694,250,transit,41.911087499999994,-87.6348848,North Ave & Wells,,,,,,stop_position,,
Wells St & Concord Ln,5216,41.912198,-87.6346694,250,transit,41.91121679999999,-87.6344554,North Ave & Wells,,,,,,stop_position,,
Wells St & Concord Ln,5216,41.912198,-87.6346694,250,transit,41.9110607,-87.6368167,North Ave & North Park,,,,,,stop_position,,
Wells St & Concord Ln,5216,41.912198,-87.6346694,250,food_drink,41.91093659999999,-87.6358742,Two Lights Seafood & Oyster,restaurant,,,,,,,
Wells St & Concord Ln,5216,41.912198,-87.6346694,250,food_drink,41.9113447,-87.63535260000002,1959 Kitchen & Bar,restaurant,,,,,,,
Wells St & Concord Ln,5216,41.912198,-87.6346694,250,food_drink,41.9109894,-87.63552700000001,Old Town Ale House,bar,,,,,,,
Wells St & Concord Ln,5216,41.912198,-87.6346694,250,food_drink,41.9126714,-87.6345196,Cocoa + Co.,cafe,,,,,,,
Wells St & Concord Ln,5216,41.912198,-87.6346694,250,retail,41.91012549999999,-87.6349907,The Fudge Pot,,bakery,,,,,,
Wells St & Concord Ln,5216,41.912198,-87.6346694,250,food_drink,41.91007150000001,-87.6344749,Kamehachi,restaurant,,,,,,,
Wells St & Concord Ln,5216,41.912198,-87.6346694,250,food_drink,41.914237000000014,-87.6349778,Nookies,restaurant,,,,,,,
Wells St & Concord Ln,5216,41.912198,-87.6346694,250,retail,41.9104041,-87.6344377,Old Town Oil,,spices,,,,,,
Wells St & Concord Ln,5216,41.912198,-87.6346694,250,food_drink,41.910212900000005,-87.6344,Woodie’s Flat,restaurant,,,,,,,
Wells St & Concord Ln,5216,41.912198,-87.6346694,250,food_drink,41.91137539999999,-87.6349829,Utopian Tailgate,bar,,,,,,,
Wells St & Concord Ln,5216,41.912198,-87.6346694,250,transit,41.91135220000001,-87.6317583,Clark & North Ave,,,,,,stop_position,,
Wells St & Concord Ln,5216,41.912198,-87.6346694,250,health,41.91434949999999,-87.6345488,Elevate Dental Wellness,dentist,,,,,,,dentist
Wells St & Concord Ln,5216,41.912198,-87.6346694,250,other_amenity,41.9141329,-87.63491019999998,,bicycle_parking,,,,,,,
Wells St & Concord Ln,5216,41.912198,-87.6346694,250,retail,41.9143078,-87.6349799,Old Town Valet Shoppe Laundry & Dry Cleaners,,dry_cleaning,,,,,,
Wells St & Concord Ln,5216,41.912198,-87.6346694,250,other_amenity,41.91442640000001,-87.6345932,,parking,,,,,,,
Wells St & Concord Ln,5216,41.912198,-87.6346694,250,food_drink,41.9108012,-87.6344795,Philz Coffee,cafe,coffee,,,,,,
Wells St & Concord Ln,5216,41.912198,-87.6346694,250,retail,41.910437699999996,-87.6344821,Mercy Beaucoup! Resale Boutique,,second_hand,,,,,,
Wells St & Concord Ln,5216,41.912198,-87.6346694,250,food_drink,41.910729399999994,-87.6344746,Gallucci Pizzeria Napoletana,restaurant,,,,,,,
Wells St & Concord Ln,5216,41.912198,-87.6346694,250,retail,41.91328959999999,-87.63499859999999,Scottfree,,hairdresser,,,,,,
Wells St & Concord Ln,5216,41.912198,-87.6346694,250,retail,41.9131684,-87.6349879,Fleet Feet,,shoes,,,,,,
Wells St & Concord Ln,5216,41.912198,-87.6346694,250,office,41.910401799999995,-87.6344712,Old Town Merchants Association,,,,association,,,,
Wells St & Concord Ln,5216,41.912198,-87.6346694,250,retail,41.912741999999994,-87.634581,Royale Cleaners,,tailor,,,,,,
Wells St & Concord Ln,5216,41.912198,-87.6346694,250,retail,41.91277,-87.6345806,Viva La Med Spa,,beauty,,,,,,
Wells St & Concord Ln,5216,41.912198,-87.6346694,250,food_drink,41.90999190000001,-87.6345107,Fish Bar,restaurant,,,,,,,
Wells St & Concord Ln,5216,41.912198,-87.6346694,250,food_drink,41.9106006,-87.6344953,Kanela Breakfast Club,cafe,,,,,,,
Wells St & Concord Ln,5216,41.912198,-87.6346694,250,food_drink,41.91153999999999,-87.6349438,Professor Pizza,restaurant,,,,,,,
Wells St & Concord Ln,5216,41.912198,-87.6346694,250,retail,41.91026810000001,-87.6349227,Old Town Aquarium,,pet,,,,,,
Wells St & Concord Ln,5216,41.912198,-87.6346694,250,other_amenity,41.9141823,-87.6326859,,parking_entrance,,,,,,,
Wells St & Concord Ln,5216,41.912198,-87.6346694,250,transit,41.9141025,-87.63183670000001,,,,,,,stop_position,,
Wells St & Concord Ln,5216,41.912198,-87.6346694,250,transit,41.9139498,-87.6317726,,,,,,,stop_position,,
Wells St & Concord Ln,5216,41.912198,-87.6346694,250,food_drink,41.910066400000005,-87.6343009,BATSU!,pub,,,,,,,
Wells St & Concord Ln,5216,41.912198,-87.6346694,250,food_drink,41.91052390000001,-87.6318982,PiniPico empeñadas,cafe,,,,,,,
Wells St & Concord Ln,5216,41.912198,-87.6346694,250,retail,41.9109319,-87.6374618,,,bicycle,,,,,,
Wells St & Concord Ln,5216,41.912198,-87.6346694,250,health,41.9109772,-87.6334538,Sharpe Vision,,,,,,,,optometrist
Wells St & Concord Ln,5216,41.912198,-87.6346694,250,health,41.911018799999994,-87.633944,Fyzical,,,,,,,,physiotherapist
Wells St & Concord Ln,5216,41.912198,-87.6346694,250,recreation,41.90997118187171,-87.63267167322265,Dave M. Goldman Memorial Spa,,,,,sports_centre,,,
Wells St & Concord Ln,5216,41.912198,-87.6346694,250,recreation,41.94548625822985,-87.63798955531749,Lincoln (Abraham) Park,,,,,park,,,
Wells St & Concord Ln,5216,41.912198,-87.6346694,250,recreation,41.91365025295927,-87.63239511646906,,,,,,garden,,,
Wells St & Concord Ln,5216,41.912198,-87.6346694,250,recreation,41.91412566958203,-87.63222461013375,,,,,,garden,,,
Wells St & Concord Ln,5216,41.912198,-87.6346694,250,recreation,41.91405124008457,-87.63300448265203,,,,,,garden,,,
Wells St & Concord Ln,5216,41.912198,-87.6346694,250,recreation,41.913245807212384,-87.63310024892557,Eugenie Triangle,,,,,park,,,
Wells St & Concord Ln,5216,41.912198,-87.6346694,250,other_amenity,41.914156587843976,-87.63266596749754,Chicago History Museum,parking,,,,,,,
Wells St & Concord Ln,5216,41.912198,-87.6346694,250,tourism,41.91200547094079,-87.6315215449444,Chicago History Museum,,,museum,,,,,
Wells St & Concord Ln,5216,41.912198,-87.6346694,250,retail,41.911440426860175,-87.63416532052959,Walgreens,pharmacy,chemist,,,,,,pharmacy
Wells St & Concord Ln,5216,41.912198,-87.6346694,250,education,41.913498164798305,-87.63804377996115,LaSalle Language Academy,school,,,,,,,
Wells St & Concord Ln,5216,41.912198,-87.6346694,250,food_drink,41.91160115009544,-87.63443700000632,Corcoran's Grill & Pub,bar,,,,,,,
Wells St & Concord Ln,5216,41.912198,-87.6346694,250,other_amenity,41.91192600513148,-87.63264516999459,Moody Church,place_of_worship,,,,,,,
Wells St & Concord Ln,5216,41.912198,-87.6346694,250,other_amenity,41.91152880810699,-87.63355347526746,Moody Church Parking Lot,parking,,,,,,,
Wells St & Concord Ln,5216,41.912198,-87.6346694,250,retail,41.911461600045314,-87.63270755000308,Shell,,convenience,,,,,,
Wells St & Concord Ln,5216,41.912198,-87.6346694,250,other_amenity,41.912996895820534,-87.63499442462874,Chase,bank,,,,,,,
Wells St & Concord Ln,5216,41.912198,-87.6346694,250,retail,41.91350620281007,-87.63503317538454,,,florist,,,,,,
Wells St & Concord Ln,5216,41.912198,-87.6346694,250,other_amenity,41.910533473281006,-87.63501857066055,Zanies,theatre,,,,,,,
Wells St & Concord Ln,5216,41.912198,-87.6346694,250,retail,41.91060890004078,-87.63494820000246,Up Down Cigar,,tobacco,,,,,,
Wells St & Concord Ln,5216,41.912198,-87.6346694,250,retail,41.910867924251264,-87.63439924447728,Galleria Liquors,,alcohol,,,,,,
Wells St & Concord Ln,5216,41.912198,-87.6346694,250,other_amenity,41.9113377074452,-87.63223185914943,Wintrust Bank,bank,,,,,,,
Wells St & Concord Ln,5216,41.912198,-87.6346694,250,other_amenity,41.914437350104606,-87.63408715000611,Hermon Baptist Church,place_of_worship,,,,,,,
Wells St & Concord Ln,5216,41.912198,-87.6346694,250,other_amenity,41.91074721570272,-87.63524747775303,,parking,,,,,,,
Wells St & Concord Ln,5216,41.912198,-87.6346694,250,other_amenity,41.91149165011136,-87.63772889999566,,parking,,,,,,,
Wells St & Concord Ln,5216,41.912198,-87.6346694,250,other_amenity,41.91224721067247,-87.63581821977641,,parking,,,,,,,
Wells St & Concord Ln,5216,41.912198,-87.6346694,250,other_amenity,41.909915824633146,-87.63540335858312,,parking,,,,,,,
Wells St & Concord Ln,5216,41.912198,-87.6346694,250,recreation,41.91229754998953,-87.6335470999982,,,,,,swimming_pool,,,
Wells St & Concord Ln,5216,41.912198,-87.6346694,250,other_amenity,41.91154087007416,-87.63617225773336,,parking,,,,,,,
Wells St & Concord Ln,5216,41.912198,-87.6346694,250,recreation,41.91423489999134,-87.63410839999858,,,,,,swimming_pool,,,
Wells St & Concord Ln,5216,41.912198,-87.6346694,250,recreation,41.91366941091141,-87.63383304241853,,,,,,swimming_pool,,,
Wells St & Concord Ln,5216,41.912198,-87.6346694,250,recreation,41.913281921634905,-87.63368060996739,,,,,,swimming_pool,,,
Wells St & Concord Ln,5216,41.912198,-87.6346694,250,recreation,41.913129292411135,-87.63805401683254,,,,,,pitch,,,
Wells St & Concord Ln,5216,41.912198,-87.6346694,250,recreation,41.90981643325424,-87.6331167201593,,,,,,garden,,,
Wells St & Concord Ln,5216,41.912198,-87.6346694,250,other_amenity,41.911390395741705,-87.6327899881677,Shell,fuel,,,,,,,
Wells St & Concord Ln,5216,41.912198,-87.6346694,250,other_amenity,41.91262435695819,-87.63284043853054,BP,fuel,,,,,,,
Wells St & Concord Ln,5216,41.912198,-87.6346694,250,tourism,41.91337321582329,-87.63274876613593,Robert Cavalier de LaSalle,,,artwork,,,,,
Wells St & Concord Ln,5216,41.912198,-87.6346694,250,other_amenity,41.91415673017018,-87.63266596758919,Chicago History Museum,parking,,,,,,,
Wells St & Concord Ln,5216,41.912198,-87.6346694,250,recreation,41.91303645995731,-87.63204560565063,,,,,,garden,,,
Wells St & Concord Ln,5216,41.912198,-87.6346694,250,recreation,41.912991136493396,-87.63250310908501,,,,,,garden,,,
Wells St & Concord Ln,5216,41.912198,-87.6346694,250,recreation,41.9128443763217,-87.63234670565295,,,,,,garden,,,
Wells St & Concord Ln,5216,41.912198,-87.6346694,250,recreation,41.91308590573024,-87.63227896480896,,,,,,garden,,,
Wells St & Concord Ln,5216,41.912198,-87.6346694,250,recreation,41.912455908322876,-87.63162468676354,,,,,,garden,,,
Wells St & Concord Ln,5216,41.912198,-87.6346694,250,recreation,41.91160618224519,-87.63125437558472,,,,,,garden,,,
Wells St & Concord Ln,5216,41.912198,-87.6346694,250,recreation,41.91318608053893,-87.63127705972514,,,,,,garden,,,
Wells St & Concord Ln,5216,41.912198,-87.6346694,250,recreation,41.91083460002071,-87.63709735000104,,,,,,swimming_pool,,,
Wells St & Concord Ln,5216,41.912198,-87.6346694,250,transit,41.91362799063704,-87.63295079593567,,,,,,,platform,,
Wells St & Concord Ln,5216,41.912198,-87.6346694,250,recreation,41.9132454240093,-87.63311644797595,,,,,,garden,,,
Wells St & Concord Ln,5216,41.912198,-87.6346694,250,transit,41.91330545106232,-87.63308788652945,,,,,,,platform,,
Wells St & Concord Ln,5216,41.912198,-87.6346694,250,recreation,41.91280867141176,-87.63289310910389,,,,,,garden,,,
Wells St & Concord Ln,5216,41.912198,-87.6346694,250,recreation,41.91197456063994,-87.63316127585028,,,,,,garden,,,
Wells St & Concord Ln,5216,41.912198,-87.6346694,250,other_amenity,41.914260191289735,-87.63340379643857,,parking,,,,,,,
Wells St & Concord Ln,5216,41.912198,-87.6346694,250,retail,41.91243899713993,-87.63280164503452,BP Shop,,convenience,,,,,,
Wells St & Concord Ln,5216,41.912198,-87.6346694,250,transit,41.91392429389676,-87.63166494193736,,,,,,,platform,,
Wells St & Concord Ln,5216,41.912198,-87.6346694,250,other_amenity,41.91394376709145,-87.63166165047153,,shelter,,,,,,,
Wells St & Concord Ln,5216,41.912198,-87.6346694,250,other_amenity,41.91409779999963,-87.63196334999735,,shelter,,,,,,,
Wells St & Concord Ln,5216,41.912198,-87.6346694,250,recreation,41.912202867964574,-87.63542272582016,,,,,,swimming_pool,,,
DuSable Lake Shore Dr & Monroe St,5063,41.880939,-87.617233,250,other_amenity,41.87880499999999,-87.616748,,drinking_water,,,,,,,
DuSable Lake Shore Dr & Monroe St,5063,41.880939,-87.617233,250,other_amenity,41.882917,-87.6175497,,bench,,,,,,,
DuSable Lake Shore Dr & Monroe St,5063,41.880939,-87.617233,250,tourism,41.88060610000001,-87.6190914,Reading Cones,,,artwork,,,,,
DuSable Lake Shore Dr & Monroe St,5063,41.880939,-87.617233,250,other_amenity,41.8799412,-87.6165677,,waste_basket,,,,,,,
DuSable Lake Shore Dr & Monroe St,5063,41.880939,-87.617233,250,other_amenity,41.87897060000002,-87.6165502,,bench,,,,,,,
DuSable Lake Shore Dr & Monroe St,5063,41.880939,-87.617233,250,other_amenity,41.8817631,-87.619691,,parking_entrance,,,,,,,
DuSable Lake Shore Dr & Monroe St,5063,41.880939,-87.617233,250,other_amenity,41.8816957,-87.6196896,,parking_entrance,,,,,,,
DuSable Lake Shore Dr & Monroe St,5063,41.880939,-87.617233,250,other_amenity,41.881779900000005,-87.6184292,,parking_entrance,,,,,,,
DuSable Lake Shore Dr & Monroe St,5063,41.880939,-87.617233,250,other_amenity,41.88171179999999,-87.6184279,,parking_entrance,,,,,,,
DuSable Lake Shore Dr & Monroe St,5063,41.880939,-87.617233,250,other_amenity,41.8804399,-87.6200125,,bicycle_parking,,,,,,,
DuSable Lake Shore Dr & Monroe St,5063,41.880939,-87.617233,250,other_amenity,41.880306199999985,-87.6201797,,bicycle_parking,,,,,,,
DuSable Lake Shore Dr & Monroe St,5063,41.880939,-87.617233,250,other_amenity,41.88270510000001,-87.6193364,,waste_basket,,,,,,,
DuSable Lake Shore Dr & Monroe St,5063,41.880939,-87.617233,250,other_amenity,41.8829993,-87.619433,,waste_basket,,,,,,,
DuSable Lake Shore Dr & Monroe St,5063,41.880939,-87.617233,250,other_amenity,41.883105699999994,-87.6191864,,waste_basket,,,,,,,
DuSable Lake Shore Dr & Monroe St,5063,41.880939,-87.617233,250,other_amenity,41.88242109999999,-87.6197202,,parking_entrance,,,,,,,
DuSable Lake Shore Dr & Monroe St,5063,41.880939,-87.617233,250,other_amenity,41.8823537,-87.6197193,,parking_entrance,,,,,,,
DuSable Lake Shore Dr & Monroe St,5063,41.880939,-87.617233,250,other_amenity,41.88307919999998,-87.61973410000002,,parking_entrance,,,,,,,
DuSable Lake Shore Dr & Monroe St,5063,41.880939,-87.617233,250,other_amenity,41.883011800000006,-87.6197332,,parking_entrance,,,,,,,
DuSable Lake Shore Dr & Monroe St,5063,41.880939,-87.617233,250,other_amenity,41.88302729999999,-87.61845900000002,,parking_entrance,,,,,,,
DuSable Lake Shore Dr & Monroe St,5063,41.880939,-87.617233,250,other_amenity,41.883094699999994,-87.6184602,,parking_entrance,,,,,,,
DuSable Lake Shore Dr & Monroe St,5063,41.880939,-87.617233,250,other_amenity,41.88236849999999,-87.6184432,,parking_entrance,,,,,,,
DuSable Lake Shore Dr & Monroe St,5063,41.880939,-87.617233,250,other_amenity,41.882435900000004,-87.6184444,,parking_entrance,,,,,,,
DuSable Lake Shore Dr & Monroe St,5063,41.880939,-87.617233,250,other_amenity,41.88140909999999,-87.6178517,,parking_entrance,,,,,,,
DuSable Lake Shore Dr & Monroe St,5063,41.880939,-87.617233,250,other_amenity,41.88189320000001,-87.6192183,,bench,,,,,,,
DuSable Lake Shore Dr & Monroe St,5063,41.880939,-87.617233,250,other_amenity,41.881685999999995,-87.6189423,,bench,,,,,,,
DuSable Lake Shore Dr & Monroe St,5063,41.880939,-87.617233,250,other_amenity,41.8817202,-87.6185822,,bench,,,,,,,
DuSable Lake Shore Dr & Monroe St,5063,41.880939,-87.617233,250,other_amenity,41.8818701,-87.618563,,bench,,,,,,,
DuSable Lake Shore Dr & Monroe St,5063,41.880939,-87.617233,250,other_amenity,41.88199570000001,-87.61872220000001,,bench,,,,,,,
DuSable Lake Shore Dr & Monroe St,5063,41.880939,-87.617233,250,recreation,41.882135999999996,-87.6185034,,,,,,picnic_table,,,
DuSable Lake Shore Dr & Monroe St,5063,41.880939,-87.617233,250,recreation,41.88215120000001,-87.6183137,,,,,,picnic_table,,,
DuSable Lake Shore Dr & Monroe St,5063,41.880939,-87.617233,250,recreation,41.88211429999999,-87.6182262,,,,,,picnic_table,,,
DuSable Lake Shore Dr & Monroe St,5063,41.880939,-87.617233,250,recreation,41.88210169999999,-87.6182005,,,,,,picnic_table,,,
DuSable Lake Shore Dr & Monroe St,5063,41.880939,-87.617233,250,recreation,41.8821477,-87.6184748,,,,,,picnic_table,,,
DuSable Lake Shore Dr & Monroe St,5063,41.880939,-87.617233,250,recreation,41.882205899999995,-87.6184829,,,,,,picnic_table,,,
DuSable Lake Shore Dr & Monroe St,5063,41.880939,-87.617233,250,recreation,41.882221599999994,-87.6182921,,,,,,picnic_table,,,
DuSable Lake Shore Dr & Monroe St,5063,41.880939,-87.617233,250,recreation,41.88225069999999,-87.6183423,,,,,,picnic_table,,,
DuSable Lake Shore Dr & Monroe St,5063,41.880939,-87.617233,250,other_amenity,41.882993199999994,-87.6189975,,waste_basket,,,,,,,
DuSable Lake Shore Dr & Monroe St,5063,41.880939,-87.617233,250,other_amenity,41.8830004,-87.6182844,,waste_basket,,,,,,,
DuSable Lake Shore Dr & Monroe St,5063,41.880939,-87.617233,250,other_amenity,41.8831405,-87.617862,,waste_basket,,,,,,,
DuSable Lake Shore Dr & Monroe St,5063,41.880939,-87.617233,250,other_amenity,41.882889899999995,-87.6176879,,waste_basket,,,,,,,
DuSable Lake Shore Dr & Monroe St,5063,41.880939,-87.617233,250,other_amenity,41.88265369999999,-87.6178443,,waste_basket,,,,,,,
DuSable Lake Shore Dr & Monroe St,5063,41.880939,-87.617233,250,other_amenity,41.8820938,-87.61795039999998,,waste_basket,,,,,,,
DuSable Lake Shore Dr & Monroe St,5063,41.880939,-87.617233,250,other_amenity,41.88203519999999,-87.6186061,,waste_basket,,,,,,,
DuSable Lake Shore Dr & Monroe St,5063,41.880939,-87.617233,250,other_amenity,41.881600999999996,-87.6182623,,waste_basket,,,,,,,
DuSable Lake Shore Dr & Monroe St,5063,41.880939,-87.617233,250,other_amenity,41.882039199999994,-87.6189242,,waste_basket,,,,,,,
DuSable Lake Shore Dr & Monroe St,5063,41.880939,-87.617233,250,other_amenity,41.8818135,-87.619799,,waste_basket,,,,,,,
DuSable Lake Shore Dr & Monroe St,5063,41.880939,-87.617233,250,other_amenity,41.88280189999999,-87.6178656,,waste_basket,,,,,,,
DuSable Lake Shore Dr & Monroe St,5063,41.880939,-87.617233,250,other_amenity,41.882057500000016,-87.6187208,,bench,,,,,,,
DuSable Lake Shore Dr & Monroe St,5063,41.880939,-87.617233,250,other_amenity,41.88222849999999,-87.6188782,,bench,,,,,,,
DuSable Lake Shore Dr & Monroe St,5063,41.880939,-87.617233,250,other_amenity,41.882231999999995,-87.6187155,,bench,,,,,,,
DuSable Lake Shore Dr & Monroe St,5063,41.880939,-87.617233,250,other_amenity,41.8824077,-87.61874640000002,,bench,,,,,,,
DuSable Lake Shore Dr & Monroe St,5063,41.880939,-87.617233,250,other_amenity,41.882320899999996,-87.6185779,,bench,,,,,,,
DuSable Lake Shore Dr & Monroe St,5063,41.880939,-87.617233,250,other_amenity,41.8822463,-87.6184829,,bench,,,,,,,
DuSable Lake Shore Dr & Monroe St,5063,41.880939,-87.617233,250,other_amenity,41.882266699999995,-87.6183984,,bench,,,,,,,
DuSable Lake Shore Dr & Monroe St,5063,41.880939,-87.617233,250,other_amenity,41.88224710000001,-87.6186118,,bench,,,,,,,
DuSable Lake Shore Dr & Monroe St,5063,41.880939,-87.617233,250,other_amenity,41.8821595,-87.6186409,,bench,,,,,,,
DuSable Lake Shore Dr & Monroe St,5063,41.880939,-87.617233,250,other_amenity,41.882128599999994,-87.618659,,bench,,,,,,,
DuSable Lake Shore Dr & Monroe St,5063,41.880939,-87.617233,250,other_amenity,41.88223279999998,-87.6187418,,bench,,,,,,,
DuSable Lake Shore Dr & Monroe St,5063,41.880939,-87.617233,250,other_amenity,41.88189379999999,-87.61884440000001,,bench,,,,,,,
DuSable Lake Shore Dr & Monroe St,5063,41.880939,-87.617233,250,other_amenity,41.8818109,-87.6189476,,bench,,,,,,,
DuSable Lake Shore Dr & Monroe St,5063,41.880939,-87.617233,250,other_amenity,41.88178879999999,-87.6191674,,bench,,,,,,,
DuSable Lake Shore Dr & Monroe St,5063,41.880939,-87.617233,250,other_amenity,41.881897699999996,-87.6180083,,bench,,,,,,,
DuSable Lake Shore Dr & Monroe St,5063,41.880939,-87.617233,250,other_amenity,41.88209479999999,-87.6183243,,bench,,,,,,,
DuSable Lake Shore Dr & Monroe St,5063,41.880939,-87.617233,250,other_amenity,41.8821836,-87.6182523,,waste_basket,,,,,,,
DuSable Lake Shore Dr & Monroe St,5063,41.880939,-87.617233,250,other_amenity,41.882203200000006,-87.6181912,,fountain,,,,,,,
DuSable Lake Shore Dr & Monroe St,5063,41.880939,-87.617233,250,other_amenity,41.8822125,-87.61815800000001,,fountain,,,,,,,
DuSable Lake Shore Dr & Monroe St,5063,41.880939,-87.617233,250,other_amenity,41.88222719999999,-87.6181747,,fountain,,,,,,,
DuSable Lake Shore Dr & Monroe St,5063,41.880939,-87.617233,250,other_amenity,41.8803803,-87.616788,,bicycle_parking,,,,,,,
DuSable Lake Shore Dr & Monroe St,5063,41.880939,-87.617233,250,other_amenity,41.8805737,-87.6166032,,waste_disposal,,,,,,,
DuSable Lake Shore Dr & Monroe St,5063,41.880939,-87.617233,250,transit,41.880562399999995,-87.6163599,Monroe Harbor Tender Service,ferry_terminal,,,,,station,,
DuSable Lake Shore Dr & Monroe St,5063,41.880939,-87.617233,250,transit,41.88056389999999,-87.6162389,Monroe Harbor Tender Service,ferry_terminal,,,,,station,,
DuSable Lake Shore Dr & Monroe St,5063,41.880939,-87.617233,250,transit,41.880565399999995,-87.61612949999999,Monroe Harbor Tender Service,ferry_terminal,,,,,station,,
DuSable Lake Shore Dr & Monroe St,5063,41.880939,-87.617233,250,recreation,41.881511599999996,-87.6163226,,,,,,slipway,,,
DuSable Lake Shore Dr & Monroe St,5063,41.880939,-87.617233,250,other_amenity,41.88140889999999,-87.6178808,,parking_entrance,,,,,,,
DuSable Lake Shore Dr & Monroe St,5063,41.880939,-87.617233,250,recreation,41.88349755391787,-87.61930088229074,,,,,,ice_rink,,,
DuSable Lake Shore Dr & Monroe St,5063,41.880939,-87.617233,250,recreation,41.881779742642934,-87.61897146392381,,,,,,garden,,,
DuSable Lake Shore Dr & Monroe St,5063,41.880939,-87.617233,250,recreation,41.88314889727777,-87.61782623196979,,,,,,garden,,,
DuSable Lake Shore Dr & Monroe St,5063,41.880939,-87.617233,250,recreation,41.88267089209471,-87.6177441596031,,,,,,garden,,,
DuSable Lake Shore Dr & Monroe St,5063,41.880939,-87.617233,250,recreation,41.88364504510568,-87.61746522791235,Cancer Survivors' Garden,,,,,garden,,,
DuSable Lake Shore Dr & Monroe St,5063,41.880939,-87.617233,250,recreation,41.876995811524864,-87.61341381716818,Monroe Harbor,,,,,marina,,,
DuSable Lake Shore Dr & Monroe St,5063,41.880939,-87.617233,250,recreation,41.875349941546695,-87.61922611540552,Grant Park,,,,,park,,,
DuSable Lake Shore Dr & Monroe St,5063,41.880939,-87.617233,250,tourism,41.88259843218452,-87.62047839066902,,,,attraction,,,,,
DuSable Lake Shore Dr & Monroe St,5063,41.880939,-87.617233,250,recreation,41.879629023475,-87.61910736068558,Butler Field,,,,,park,,,
DuSable Lake Shore Dr & Monroe St,5063,41.880939,-87.617233,250,other_amenity,41.87884750791259,-87.62008282151797,James C. Petrillo Music Shell,theatre,,,,,,,
DuSable Lake Shore Dr & Monroe St,5063,41.880939,-87.617233,250,recreation,41.88287525083667,-87.61842019866594,Maggie Daley Park,,,,,park,,,
DuSable Lake Shore Dr & Monroe St,5063,41.880939,-87.617233,250,other_amenity,41.88281528633963,-87.61909268713615,Millennium Lakeside Garage,parking,,,,,,,
DuSable Lake Shore Dr & Monroe St,5063,41.880939,-87.617233,250,other_amenity,41.88081619148691,-87.6162031433637,,parking,,,,,,,
DuSable Lake Shore Dr & Monroe St,5063,41.880939,-87.617233,250,recreation,41.8817350799244,-87.61808299207003,Slide Crater,,,,,playground,,,
DuSable Lake Shore Dr & Monroe St,5063,41.880939,-87.617233,250,tourism,41.88219281759582,-87.62006689459693,City Mini Golf,,,attraction,,miniature_golf,,,
DuSable Lake Shore Dr & Monroe St,5063,41.880939,-87.617233,250,tourism,41.88302666830134,-87.61782261246499,Picnic Grove B,,,picnic_site,,,,,
DuSable Lake Shore Dr & Monroe St,5063,41.880939,-87.617233,250,tourism,41.88263937160808,-87.61773821704584,Picnic Grove C,,,picnic_site,,,,,
DuSable Lake Shore Dr & Monroe St,5063,41.880939,-87.617233,250,recreation,41.881851595705136,-87.61913262750075,Cradle Nest,,,,,playground,,,
DuSable Lake Shore Dr & Monroe St,5063,41.880939,-87.617233,250,recreation,41.88183752113583,-87.61886951344472,Harbor,,,,,playground,,,
DuSable Lake Shore Dr & Monroe St,5063,41.880939,-87.617233,250,recreation,41.882229992781646,-87.61869766743447,The Sea,,,,,playground,,,
DuSable Lake Shore Dr & Monroe St,5063,41.880939,-87.617233,250,recreation,41.88221311073936,-87.61864340145428,Lagoon,,,,,playground,,,
DuSable Lake Shore Dr & Monroe St,5063,41.880939,-87.617233,250,recreation,41.88230033913416,-87.61810100140995,Enchanted Forest,,,,,playground,,,
DuSable Lake Shore Dr & Monroe St,5063,41.880939,-87.617233,250,recreation,41.881932334404446,-87.61860637873926,Swings,,,,,playground,,,
DuSable Lake Shore Dr & Monroe St,5063,41.880939,-87.617233,250,tourism,41.883146029183926,-87.61939603896013,,,,picnic_site,,,,,
DuSable Lake Shore Dr & Monroe St,5063,41.880939,-87.617233,250,recreation,41.883764081848305,-87.61625638931709,Peanut Park,,,,,park,,,
DuSable Lake Shore Dr & Monroe St,5063,41.880939,-87.617233,250,recreation,41.880920866146646,-87.61698104075073,,,,,,garden,,,
DuSable Lake Shore Dr & Monroe St,5063,41.880939,-87.617233,250,recreation,41.87859526648458,-87.62013751865305,,,,,,garden,,,
DuSable Lake Shore Dr & Monroe St,5063,41.880939,-87.617233,250,recreation,41.878618286519234,-87.61804315514846,,,,,,garden,,,
DuSable Lake Shore Dr & Monroe St,5063,41.880939,-87.617233,250,recreation,41.87883028920174,-87.61776957514813,,,,,,garden,,,
DuSable Lake Shore Dr & Monroe St,5063,41.880939,-87.617233,250,recreation,41.880640811530796,-87.62018394089891,,,,,,garden,,,
DuSable Lake Shore Dr & Monroe St,5063,41.880939,-87.617233,250,recreation,41.88066464923259,-87.6180923381252,,,,,,garden,,,
DuSable Lake Shore Dr & Monroe St,5063,41.880939,-87.617233,250,recreation,41.880463650251684,-87.61780778493102,,,,,,garden,,,
DuSable Lake Shore Dr & Monroe St,5063,41.880939,-87.617233,250,recreation,41.88314746074043,-87.61953655858409,,,,,,garden,,,
DuSable Lake Shore Dr & Monroe St,5063,41.880939,-87.617233,250,recreation,41.88301907527688,-87.61942035495052,,,,,,garden,,,
DuSable Lake Shore Dr & Monroe St,5063,41.880939,-87.617233,250,recreation,41.88300176930148,-87.61925404231354,,,,,,garden,,,
DuSable Lake Shore Dr & Monroe St,5063,41.880939,-87.617233,250,recreation,41.882024550217515,-87.6201297715941,,,,,,garden,,,
DuSable Lake Shore Dr & Monroe St,5063,41.880939,-87.617233,250,recreation,41.88109278431135,-87.617796519575,,,,,,garden,,,
DuSable Lake Shore Dr & Monroe St,5063,41.880939,-87.617233,250,recreation,41.88186122168441,-87.61916645292679,,,,,,garden,,,
DuSable Lake Shore Dr & Monroe St,5063,41.880939,-87.617233,250,recreation,41.881923014284666,-87.61861466453256,,,,,,garden,,,
DuSable Lake Shore Dr & Monroe St,5063,41.880939,-87.617233,250,recreation,41.88175612262927,-87.61808918220125,,,,,,garden,,,
DuSable Lake Shore Dr & Monroe St,5063,41.880939,-87.617233,250,recreation,41.88172933073045,-87.61794897922914,,,,,,garden,,,
DuSable Lake Shore Dr & Monroe St,5063,41.880939,-87.617233,250,recreation,41.88168157346179,-87.61792720252521,,,,,,garden,,,
DuSable Lake Shore Dr & Monroe St,5063,41.880939,-87.617233,250,recreation,41.88177922517955,-87.61822375022928,,,,,,garden,,,
DuSable Lake Shore Dr & Monroe St,5063,41.880939,-87.617233,250,recreation,41.881815505555146,-87.61823307478386,,,,,,garden,,,
DuSable Lake Shore Dr & Monroe St,5063,41.880939,-87.617233,250,recreation,41.88174107908675,-87.61824983694879,,,,,,garden,,,
DuSable Lake Shore Dr & Monroe St,5063,41.880939,-87.617233,250,recreation,41.88185609879093,-87.61830139170391,,,,,,garden,,,
DuSable Lake Shore Dr & Monroe St,5063,41.880939,-87.617233,250,recreation,41.88207950249725,-87.61826962373894,,,,,,garden,,,
DuSable Lake Shore Dr & Monroe St,5063,41.880939,-87.617233,250,recreation,41.88193271779912,-87.61790938782383,,,,,,garden,,,
DuSable Lake Shore Dr & Monroe St,5063,41.880939,-87.617233,250,recreation,41.88207862086962,-87.61786693796073,,,,,,garden,,,
DuSable Lake Shore Dr & Monroe St,5063,41.880939,-87.617233,250,recreation,41.88164234554048,-87.61821772868166,,,,,,garden,,,
DuSable Lake Shore Dr & Monroe St,5063,41.880939,-87.617233,250,recreation,41.88161438425611,-87.6181444089048,,,,,,garden,,,
DuSable Lake Shore Dr & Monroe St,5063,41.880939,-87.617233,250,recreation,41.88162989368753,-87.61806913842486,,,,,,garden,,,
DuSable Lake Shore Dr & Monroe St,5063,41.880939,-87.617233,250,recreation,41.881811566494946,-87.61790857146315,,,,,,garden,,,
DuSable Lake Shore Dr & Monroe St,5063,41.880939,-87.617233,250,recreation,41.883241121089,-87.61973923863816,,,,,,garden,,,
DuSable Lake Shore Dr & Monroe St,5063,41.880939,-87.617233,250,recreation,41.88233128587279,-87.6186682084485,The Watering Hole,,,,,playground,,,
DuSable Lake Shore Dr & Monroe St,5063,41.880939,-87.617233,250,recreation,41.88222217083147,-87.61822314401962,,,,,,garden,,,
DuSable Lake Shore Dr & Monroe St,5063,41.880939,-87.617233,250,recreation,41.88225147325929,-87.61814562866701,,,,,,garden,,,
DuSable Lake Shore Dr & Monroe St,5063,41.880939,-87.617233,250,recreation,41.88224273902706,-87.61803336815659,,,,,,garden,,,
DuSable Lake Shore Dr & Monroe St,5063,41.880939,-87.617233,250,recreation,41.88221453814174,-87.61808417900633,,,,,,garden,,,
DuSable Lake Shore Dr & Monroe St,5063,41.880939,-87.617233,250,recreation,41.88218478642765,-87.61811334372682,,,,,,garden,,,
DuSable Lake Shore Dr & Monroe St,5063,41.880939,-87.617233,250,recreation,41.882139292512846,-87.61805186552358,,,,,,garden,,,
DuSable Lake Shore Dr & Monroe St,5063,41.880939,-87.617233,250,recreation,41.88238297396686,-87.61845436237184,,,,,,garden,,,
DuSable Lake Shore Dr & Monroe St,5063,41.880939,-87.617233,250,recreation,41.882345191377794,-87.61818844814175,,,,,,garden,,,
DuSable Lake Shore Dr & Monroe St,5063,41.880939,-87.617233,250,recreation,41.882391328189165,-87.61812427422656,,,,,,garden,,,
DuSable Lake Shore Dr & Monroe St,5063,41.880939,-87.617233,250,recreation,41.88233353154985,-87.61804842545965,,,,,,garden,,,
DuSable Lake Shore Dr & Monroe St,5063,41.880939,-87.617233,250,recreation,41.882317377193736,-87.61796474262194,,,,,,garden,,,
DuSable Lake Shore Dr & Monroe St,5063,41.880939,-87.617233,250,recreation,41.882285146649274,-87.61801301846506,,,,,,garden,,,
DuSable Lake Shore Dr & Monroe St,5063,41.880939,-87.617233,250,recreation,41.88226187038841,-87.61880192258508,,,,,,garden,,,
DuSable Lake Shore Dr & Monroe St,5063,41.880939,-87.617233,250,recreation,41.882051943312035,-87.61871766097644,,,,,,garden,,,
DuSable Lake Shore Dr & Monroe St,5063,41.880939,-87.617233,250,recreation,41.8822406324755,-87.6186296314959,,,,,,garden,,,
DuSable Lake Shore Dr & Monroe St,5063,41.880939,-87.617233,250,recreation,41.882369004342316,-87.61867351298287,,,,,,garden,,,
DuSable Lake Shore Dr & Monroe St,5063,41.880939,-87.617233,250,retail,41.8822480388093,-87.61957814682923,City Mini Golf,,ticket,,,,,,
DuSable Lake Shore Dr & Monroe St,5063,41.880939,-87.617233,250,recreation,41.88306769430272,-87.61751544733808,,,,,,garden,,,
DuSable Lake Shore Dr & Monroe St,5063,41.880939,-87.617233,250,recreation,41.88306953892023,-87.61738319872637,,,,,,garden,,,
DuSable Lake Shore Dr & Monroe St,5063,41.880939,-87.617233,250,recreation,41.88307037103361,-87.61760841029734,,,,,,garden,,,
DuSable Lake Shore Dr & Monroe St,5063,41.880939,-87.617233,250,recreation,41.88307625446738,-87.61729434443404,,,,,,garden,,,
DuSable Lake Shore Dr & Monroe St,5063,41.880939,-87.617233,250,recreation,41.882892105365606,-87.61745029387167,,,,,,garden,,,
DuSable Lake Shore Dr & Monroe St,5063,41.880939,-87.617233,250,recreation,41.87987466324147,-87.61674349387337,Lakefront Trail,,,,,mixed-use_track,,,
DuSable Lake Shore Dr & Monroe St,5063,41.880939,-87.617233,250,recreation,41.88259378006529,-87.61480415353043,Lakefront Trail,,,,,mixed-use_track,,,
DuSable Lake Shore Dr & Monroe St,5063,41.880939,-87.617233,250,recreation,41.881597792554466,-87.61685037680388,Lakefront Trail,,,,,mixed-use_track,,,
DuSable Lake Shore Dr & Monroe St,5063,41.880939,-87.617233,250,recreation,41.87855385101878,-87.61646784862407,Lakefront Trail,,,,,mixed-use_track,,,
DuSable Lake Shore Dr & Monroe St,5063,41.880939,-87.617233,250,other_amenity,41.88106883672301,-87.61678674897072,Lake Shore Dr & Monroe St,bicycle_rental,,,,,,,
DuSable Lake Shore Dr & Monroe St,5063,41.880939,-87.617233,250,recreation,41.881019271758724,-87.61585521107304,,,,,,outdoor_seating,,,
DuSable Lake Shore Dr & Monroe St,5063,41.880939,-87.617233,250,recreation,41.88131324177647,-87.61659040963522,Lakefront Trail,,,,,mixed-use_track,,,
DuSable Lake Shore Dr & Monroe St,5063,41.880939,-87.617233,250,recreation,41.88127550242231,-87.61633301542423,,,,,,garden,,,
DuSable Lake Shore Dr & Monroe St,5063,41.880939,-87.617233,250,recreation,41.88111352416162,-87.61635850699227,,,,,,garden,,,
DuSable Lake Shore Dr & Monroe St,5063,41.880939,-87.617233,250,recreation,41.88099164002884,-87.61609393806697,,,,,,garden,,,
DuSable Lake Shore Dr & Monroe St,5063,41.880939,-87.617233,250,recreation,41.8808146398575,-87.61594173871721,,,,,,garden,,,
DuSable Lake Shore Dr & Monroe St,5063,41.880939,-87.617233,250,recreation,41.881297012327465,-87.61586590867073,,,,,,garden,,,
DuSable Lake Shore Dr & Monroe St,5063,41.880939,-87.617233,250,other_amenity,41.880631376151975,-87.61647561026454,,toilets,,,,,,,
DuSable Lake Shore Dr & Monroe St,5063,41.880939,-87.617233,250,other_amenity,41.88059392225843,-87.61647486395346,,toilets,,,,,,,
Dearborn Pkwy & Delaware Pl,5056,41.8989441,-87.6299106,250,education,41.8971495,-87.6271627,Loyola Law School,college,,,,,,,
Dearborn Pkwy & Delaware Pl,5056,41.8989441,-87.6299106,250,transit,41.89677880000001,-87.627854,,,,,,,,subway_entrance,
Dearborn Pkwy & Delaware Pl,5056,41.8989441,-87.6299106,250,food_drink,41.89725709999999,-87.6283787,Subway,fast_food,,,,,,,
Dearborn Pkwy & Delaware Pl,5056,41.8989441,-87.6299106,250,other_amenity,41.89673969999999,-87.6307486,Clark St & Chicago Ave,bicycle_rental,,,,,,,
Dearborn Pkwy & Delaware Pl,5056,41.8989441,-87.6299106,250,other_amenity,41.8989441,-87.6299106,Dearborn Pkwy & Delaware Pl,bicycle_rental,,,,,,,
Dearborn Pkwy & Delaware Pl,5056,41.8989441,-87.6299106,250,other_amenity,41.89741899999999,-87.6287891,State St & Pearson St,bicycle_rental,,,,,,,
Dearborn Pkwy & Delaware Pl,5056,41.8989441,-87.6299106,250,transit,41.8968094,-87.631358,Clark & Chicago,,,,,,platform,,
Dearborn Pkwy & Delaware Pl,5056,41.8989441,-87.6299106,250,transit,41.89811689999999,-87.6313941,Clark & Chestnut,,,,,,platform,,
Dearborn Pkwy & Delaware Pl,5056,41.8989441,-87.6299106,250,transit,41.89939079999999,-87.6314335,Clark & Delaware,,,,,,platform,,
Dearborn Pkwy & Delaware Pl,5056,41.8989441,-87.6299106,250,transit,41.9007188,-87.63147630000002,Clark & Oak,,,,,,platform,,
Dearborn Pkwy & Delaware Pl,5056,41.8989441,-87.6299106,250,transit,41.898938599999994,-87.6297553,Dearborn & Delaware,,,,,,platform,,
Dearborn Pkwy & Delaware Pl,5056,41.8989441,-87.6299106,250,transit,41.9008714,-87.6312592,Clark & Oak,,,,,,platform,,
Dearborn Pkwy & Delaware Pl,5056,41.8989441,-87.6299106,250,transit,41.89696709999999,-87.6325731,LaSalle & Chicago,,,,,,platform,,
Dearborn Pkwy & Delaware Pl,5056,41.8989441,-87.6299106,250,transit,41.8994359,-87.6326483,LaSalle & Delaware,,,,,,platform,,
Dearborn Pkwy & Delaware Pl,5056,41.8989441,-87.6299106,250,transit,41.900715100000006,-87.6327046,LaSalle & Oak,,,,,,platform,,
Dearborn Pkwy & Delaware Pl,5056,41.8989441,-87.6299106,250,food_drink,41.8992835,-87.628104,La Borra Cafe,cafe,,,,,,,
Dearborn Pkwy & Delaware Pl,5056,41.8989441,-87.6299106,250,food_drink,41.898467499999995,-87.6280907,Tempo Cafe,cafe,,,,,,,
Dearborn Pkwy & Delaware Pl,5056,41.8989441,-87.6299106,250,retail,41.89973539999998,-87.6272322,Saint Laurent,,clothes,,,,,,
Dearborn Pkwy & Delaware Pl,5056,41.8989441,-87.6299106,250,retail,41.900915899999994,-87.6270283,Marc Jacobs,,clothes,,,,,,
Dearborn Pkwy & Delaware Pl,5056,41.8989441,-87.6299106,250,retail,41.9004223,-87.6271858,Suitsupply,,clothes,,,,,,
Dearborn Pkwy & Delaware Pl,5056,41.8989441,-87.6299106,250,other_amenity,41.9005787,-87.6281138,Citibank,bank,,,,,,,
Dearborn Pkwy & Delaware Pl,5056,41.8989441,-87.6299106,250,retail,41.90008110000001,-87.6270454,Dior,,clothes,,,,,,
Dearborn Pkwy & Delaware Pl,5056,41.8989441,-87.6299106,250,retail,41.90012670000001,-87.6270642,Versace,,clothes,,,,,,
Dearborn Pkwy & Delaware Pl,5056,41.8989441,-87.6299106,250,retail,41.9003883,-87.6271744,Oliver Peoples,,optician,,,,,,
Dearborn Pkwy & Delaware Pl,5056,41.8989441,-87.6299106,250,food_drink,41.8989901,-87.6280701,Starbucks,cafe,,,,,,,
Dearborn Pkwy & Delaware Pl,5056,41.8989441,-87.6299106,250,retail,41.900186999999995,-87.62742280000002,Madewell,,clothes,,,,,,
Dearborn Pkwy & Delaware Pl,5056,41.8989441,-87.6299106,250,retail,41.9000843,-87.6281038,Walgreens,,chemist,,,,,,
Dearborn Pkwy & Delaware Pl,5056,41.8989441,-87.6299106,250,food_drink,41.89975530000001,-87.627613,Bernard's Bar,bar,,,,,,,
Dearborn Pkwy & Delaware Pl,5056,41.8989441,-87.6299106,250,tourism,41.897687999999995,-87.6271039,Baumhart Lodging at Loyola University Chicago,,,hotel,,,,,
Dearborn Pkwy & Delaware Pl,5056,41.8989441,-87.6299106,250,transit,41.89795749999999,-87.6329179,LaSalle & Chestnut,,,,,,platform,,
Dearborn Pkwy & Delaware Pl,5056,41.8989441,-87.6299106,250,transit,41.8989989,-87.628179,State & Delaware,,,,,,platform,,
Dearborn Pkwy & Delaware Pl,5056,41.8989441,-87.6299106,250,transit,41.9008676,-87.6284137,State & Oak,,,,,,platform,,
Dearborn Pkwy & Delaware Pl,5056,41.8989441,-87.6299106,250,transit,41.9004483,-87.6282058,State & Oak,,,,,,platform,,
Dearborn Pkwy & Delaware Pl,5056,41.8989441,-87.6299106,250,transit,41.89926640000001,-87.6283815,State & Delaware,,,,,,platform,,
Dearborn Pkwy & Delaware Pl,5056,41.8989441,-87.6299106,250,transit,41.89704309999999,-87.6281873,Chicago,,,,,,stop_position,stop,
Dearborn Pkwy & Delaware Pl,5056,41.8989441,-87.6299106,250,transit,41.8967738,-87.6284646,,,,,,,,subway_entrance,
Dearborn Pkwy & Delaware Pl,5056,41.8989441,-87.6299106,250,retail,41.901137999999996,-87.6275397,Shinola,,watches,,,,,,
Dearborn Pkwy & Delaware Pl,5056,41.8989441,-87.6299106,250,food_drink,41.89704549999998,-87.6283595,Friends Ramen,restaurant,,,,,,,
Dearborn Pkwy & Delaware Pl,5056,41.8989441,-87.6299106,250,food_drink,41.9011631,-87.6279773,Hugo’s Frog Bar & Fish House,restaurant,,,,,,,
Dearborn Pkwy & Delaware Pl,5056,41.8989441,-87.6299106,250,food_drink,41.89927850000001,-87.6278706,Joe & The Juice,cafe,,,,,,,
Dearborn Pkwy & Delaware Pl,5056,41.8989441,-87.6299106,250,food_drink,41.89976759999999,-87.6274933,Petit Margeaux,cafe,,,,,,,
Dearborn Pkwy & Delaware Pl,5056,41.8989441,-87.6299106,250,food_drink,41.89787609999998,-87.62806680000001,Alpana,restaurant,,,,,,,
Dearborn Pkwy & Delaware Pl,5056,41.8989441,-87.6299106,250,food_drink,41.8997256,-87.6276208,Margeaux Brasserie,restaurant,,,,,,,
Dearborn Pkwy & Delaware Pl,5056,41.8989441,-87.6299106,250,food_drink,41.9002449,-87.6271271,Le Colonial,restaurant,,,,,,,
Dearborn Pkwy & Delaware Pl,5056,41.8989441,-87.6299106,250,food_drink,41.8978759,-87.627138,Bistronomic,restaurant,,,,,,,
Dearborn Pkwy & Delaware Pl,5056,41.8989441,-87.6299106,250,transit,41.8998344,-87.63108590000002,Walton & Clark,,,,,,platform,,
Dearborn Pkwy & Delaware Pl,5056,41.8989441,-87.6299106,250,transit,41.896776,-87.6278101,Chicago & State (Red Line),,,,,,platform,,
Dearborn Pkwy & Delaware Pl,5056,41.8989441,-87.6299106,250,transit,41.89674129999998,-87.6317093,Chicago & Clark,,,,,,platform,,
Dearborn Pkwy & Delaware Pl,5056,41.8989441,-87.6299106,250,transit,41.897024599999995,-87.629716,Dearborn & Chicago,,,,,,platform,,
Dearborn Pkwy & Delaware Pl,5056,41.8989441,-87.6299106,250,transit,41.896977299999996,-87.6297879,Dearborn & Chicago,,,,,,stop_position,,
Dearborn Pkwy & Delaware Pl,5056,41.8989441,-87.6299106,250,transit,41.89900329999999,-87.62983599999998,Dearborn & Delaware,,,,,,stop_position,,
Dearborn Pkwy & Delaware Pl,5056,41.8989441,-87.6299106,250,transit,41.8997984,-87.6311049,Walton & Clark,,,,,,stop_position,,
Dearborn Pkwy & Delaware Pl,5056,41.8989441,-87.6299106,250,transit,41.89938269999999,-87.6313259,Clark & Delaware,,,,,,stop_position,,
Dearborn Pkwy & Delaware Pl,5056,41.8989441,-87.6299106,250,transit,41.898098899999994,-87.6312887,Clark & Chestnut,,,,,,stop_position,,
Dearborn Pkwy & Delaware Pl,5056,41.8989441,-87.6299106,250,transit,41.8968132,-87.6312484,Clark & Chicago,,,,,,stop_position,,
Dearborn Pkwy & Delaware Pl,5056,41.8989441,-87.6299106,250,transit,41.900447099999994,-87.6313554,Clark & Oak,,,,,,stop_position,,
Dearborn Pkwy & Delaware Pl,5056,41.8989441,-87.6299106,250,transit,41.9006948,-87.6313619,Clark & Oak,,,,,,stop_position,,
Dearborn Pkwy & Delaware Pl,5056,41.8989441,-87.6299106,250,transit,41.8990055,-87.6282821,State & Delaware,,,,,,stop_position,,
Dearborn Pkwy & Delaware Pl,5056,41.8989441,-87.6299106,250,transit,41.8992899,-87.6282915,State & Delaware,,,,,,stop_position,,
Dearborn Pkwy & Delaware Pl,5056,41.8989441,-87.6299106,250,transit,41.9004233,-87.6283294,State & Oak,,,,,,stop_position,,
Dearborn Pkwy & Delaware Pl,5056,41.8989441,-87.6299106,250,transit,41.90091739999999,-87.6283457,State & Oak,,,,,,stop_position,,
Dearborn Pkwy & Delaware Pl,5056,41.8989441,-87.6299106,250,other_amenity,41.896900900000006,-87.6313508,,post_box,,,,,,,
Dearborn Pkwy & Delaware Pl,5056,41.8989441,-87.6299106,250,retail,41.898706799999985,-87.6280658,Potash Markets - State Street,,supermarket,,,,,,
Dearborn Pkwy & Delaware Pl,5056,41.8989441,-87.6299106,250,food_drink,41.8968848,-87.627397,Pollo Campero,fast_food,,,,,,,
Dearborn Pkwy & Delaware Pl,5056,41.8989441,-87.6299106,250,food_drink,41.8968848,-87.6273245,Taco Bell,fast_food,,,,,,,
Dearborn Pkwy & Delaware Pl,5056,41.8989441,-87.6299106,250,food_drink,41.89688879999999,-87.6270939,Chick-fil-A,fast_food,,,,,,,
Dearborn Pkwy & Delaware Pl,5056,41.8989441,-87.6299106,250,health,41.896888800000006,-87.6272521,Athletico Physical Therapy,,,,,,,,physiotherapist
Dearborn Pkwy & Delaware Pl,5056,41.8989441,-87.6299106,250,food_drink,41.8984478,-87.62842100000002,Big Shoulders Cafe,cafe,,,,,,,
Dearborn Pkwy & Delaware Pl,5056,41.8989441,-87.6299106,250,retail,41.9006185,-87.6272932,Hermès,,clothes,,,,,,
Dearborn Pkwy & Delaware Pl,5056,41.8989441,-87.6299106,250,retail,41.900620299999986,-87.6269994,Giorgio Armani,,clothes,,,,,,
Dearborn Pkwy & Delaware Pl,5056,41.8989441,-87.6299106,250,food_drink,41.897332799999994,-87.6283638,Vin Tea,fast_food,,,,,,,
Dearborn Pkwy & Delaware Pl,5056,41.8989441,-87.6299106,250,food_drink,41.896955299999995,-87.6283611,Friends Sushi,restaurant,,,,,,,
Dearborn Pkwy & Delaware Pl,5056,41.8989441,-87.6299106,250,food_drink,41.8973969,-87.6283662,Mister J's Dawg And Burger,fast_food,,,,,,,
Dearborn Pkwy & Delaware Pl,5056,41.8989441,-87.6299106,250,retail,41.899783,-87.6285135,Indochino,,clothes,,,,,,
Dearborn Pkwy & Delaware Pl,5056,41.8989441,-87.6299106,250,other_amenity,41.899310199999995,-87.6284687,Chase,bank,,,,,,,
Dearborn Pkwy & Delaware Pl,5056,41.8989441,-87.6299106,250,retail,41.899498799999996,-87.628481,Lens Crafters,,optician,,,,,,
Dearborn Pkwy & Delaware Pl,5056,41.8989441,-87.6299106,250,food_drink,41.8996331,-87.6284545,Adalina,restaurant,,,,,,,
Dearborn Pkwy & Delaware Pl,5056,41.8989441,-87.6299106,250,retail,41.898135399999994,-87.6284971,Circle K,,convenience,,,,,,
Dearborn Pkwy & Delaware Pl,5056,41.8989441,-87.6299106,250,other_amenity,41.898505899999996,-87.6277149,,parking,,,,,,,
Dearborn Pkwy & Delaware Pl,5056,41.8989441,-87.6299106,250,education,41.89772039999999,-87.6279945,Quinlan School of Business,college,,,,,,,
Dearborn Pkwy & Delaware Pl,5056,41.8989441,-87.6299106,250,other_amenity,41.89687479999999,-87.6283608,North Community Bank,bank,,,,,,,
Dearborn Pkwy & Delaware Pl,5056,41.8989441,-87.6299106,250,food_drink,41.896839899999996,-87.6286301,Dunkin',fast_food,,,,,,,
Dearborn Pkwy & Delaware Pl,5056,41.8989441,-87.6299106,250,other_amenity,41.897842100000005,-87.631089,Vetique,veterinary,,,,,,,
Dearborn Pkwy & Delaware Pl,5056,41.8989441,-87.6299106,250,retail,41.900573200000004,-87.6277218,Cartier,,jewelry,,,,,,
Dearborn Pkwy & Delaware Pl,5056,41.8989441,-87.6299106,250,retail,41.90009059999999,-87.6278987,Brandy Melville,,clothes,,,,,,
Dearborn Pkwy & Delaware Pl,5056,41.8989441,-87.6299106,250,recreation,41.89678829999998,-87.631465,ONYX,,,,,fitness_centre,,,
Dearborn Pkwy & Delaware Pl,5056,41.8989441,-87.6299106,250,food_drink,41.8969535,-87.6314356,Deep Purpl,fast_food,,,,,,,
Dearborn Pkwy & Delaware Pl,5056,41.8989441,-87.6299106,250,retail,41.896789299999995,-87.6321279,The Lash Lounge,,beauty,,,,,,
Dearborn Pkwy & Delaware Pl,5056,41.8989441,-87.6299106,250,retail,41.901056100000005,-87.6275054,Arc'teryx,,clothes,,,,,,
Dearborn Pkwy & Delaware Pl,5056,41.8989441,-87.6299106,250,retail,41.89677379999999,-87.6324285,Enrich Market,,alcohol,,,,,,
Dearborn Pkwy & Delaware Pl,5056,41.8989441,-87.6299106,250,retail,41.9009963,-87.62747420000001,Vuori,,clothes,,,,,,
Dearborn Pkwy & Delaware Pl,5056,41.8989441,-87.6299106,250,retail,41.9003259,-87.6271156,Celine,,clothes,,,,,,
Dearborn Pkwy & Delaware Pl,5056,41.8989441,-87.6299106,250,retail,41.9002272,-87.6271127,Brunello Cucinelli,,clothes,,,,,,
Dearborn Pkwy & Delaware Pl,5056,41.8989441,-87.6299106,250,retail,41.896789399999996,-87.6317633,ingrained,,snack,,,,,,
Dearborn Pkwy & Delaware Pl,5056,41.8989441,-87.6299106,250,other_amenity,41.896738600000006,-87.6319384,,bicycle_parking,,,,,,,
Dearborn Pkwy & Delaware Pl,5056,41.8989441,-87.6299106,250,food_drink,41.8968107,-87.6318637,Nimble,cafe,,,,,,,
Dearborn Pkwy & Delaware Pl,5056,41.8989441,-87.6299106,250,retail,41.8996999,-87.6280985,Piaget,,jewelry,,,,,,
Dearborn Pkwy & Delaware Pl,5056,41.8989441,-87.6299106,250,retail,41.8997958,-87.6280985,Jaeger-LeCoultre,,watches,,,,,,
Dearborn Pkwy & Delaware Pl,5056,41.8989441,-87.6299106,250,retail,41.8996301,-87.6280932,Roger Dubuis,,watches,,,,,,
Dearborn Pkwy & Delaware Pl,5056,41.8989441,-87.6299106,250,other_amenity,41.8974421,-87.6279785,,post_box,,,,,,,
Dearborn Pkwy & Delaware Pl,5056,41.8989441,-87.6299106,250,other_amenity,41.900819899999995,-87.6277457,,post_box,,,,,,,
Dearborn Pkwy & Delaware Pl,5056,41.8989441,-87.6299106,250,other_amenity,41.9006199,-87.6282215,,post_box,,,,,,,
Dearborn Pkwy & Delaware Pl,5056,41.8989441,-87.6299106,250,education,41.89740290241286,-87.62698934104367,Loyola University Water Tower Campus,university,,,,,,,
Dearborn Pkwy & Delaware Pl,5056,41.8989441,-87.6299106,250,recreation,41.89866507872984,-87.62672846558146,Connors Park,,,,,park,,,
Dearborn Pkwy & Delaware Pl,5056,41.8989441,-87.6299106,250,recreation,41.89927939335727,-87.63058833767843,,,,,,garden,,,
Dearborn Pkwy & Delaware Pl,5056,41.8989441,-87.6299106,250,education,41.898891199499005,-87.63403207563191,Moody Bible Institute,college,,,,,,,
Dearborn Pkwy & Delaware Pl,5056,41.8989441,-87.6299106,250,retail,41.899614781294105,-87.62559009420991,900 North Michigan,,mall,,,,,,
Dearborn Pkwy & Delaware Pl,5056,41.8989441,-87.6299106,250,recreation,41.899264944582896,-87.63058472473878,Washington Square,,,,,park,,,
Dearborn Pkwy & Delaware Pl,5056,41.8989441,-87.6299106,250,education,41.900098344922256,-87.63064972289033,The Newberry Library,library,,,,,,,
Dearborn Pkwy & Delaware Pl,5056,41.8989441,-87.6299106,250,tourism,41.898696654943514,-87.62732539825407,Sofitel Chicago Magnificent Mile,,,hotel,,,,,
Dearborn Pkwy & Delaware Pl,5056,41.8989441,-87.6299106,250,tourism,41.89938330877252,-87.62748553203636,The Talbott Hotel,,,hotel,,,,,
Dearborn Pkwy & Delaware Pl,5056,41.8989441,-87.6299106,250,tourism,41.899689089499894,-87.6276203164449,Waldorf Astoria Chicago,,,hotel,,,,,
Dearborn Pkwy & Delaware Pl,5056,41.8989441,-87.6299106,250,food_drink,41.89695230145357,-87.62771707638736,McDonald's,fast_food,,,,,,,
Dearborn Pkwy & Delaware Pl,5056,41.8989441,-87.6299106,250,recreation,41.901191046261566,-87.63033405648004,Ruth Page Foundation School of Dance,,,,,dance,,,
Dearborn Pkwy & Delaware Pl,5056,41.8989441,-87.6299106,250,other_amenity,41.90116925687139,-87.63236921429917,Annunciation Greek Orthodox Cathedral,place_of_worship,,,,,,,
Dearborn Pkwy & Delaware Pl,5056,41.8989441,-87.6299106,250,retail,41.90145489232658,-87.63095299811039,Perillo BMW,,car,,,,,,
Dearborn Pkwy & Delaware Pl,5056,41.8989441,-87.6299106,250,retail,41.90008674929365,-87.62752895099266,Lululemon,,clothes,,,,,,
Dearborn Pkwy & Delaware Pl,5056,41.8989441,-87.6299106,250,other_amenity,41.89888232040158,-87.62877838067126,Chicago Sinai Congregation,place_of_worship,,,,,,,
Dearborn Pkwy & Delaware Pl,5056,41.8989441,-87.6299106,250,other_amenity,41.89691715834313,-87.63037932821734,Alliance Française de Chicago,language_school,,,,,,,
Dearborn Pkwy & Delaware Pl,5056,41.8989441,-87.6299106,250,food_drink,41.89681420574424,-87.63009008366538,Pizano's Pizza & Pasta,restaurant,,,,,,,
Dearborn Pkwy & Delaware Pl,5056,41.8989441,-87.6299106,250,other_amenity,41.896940844575816,-87.63082887027123,U.S. Bank,bank,,,,,,,
Dearborn Pkwy & Delaware Pl,5056,41.8989441,-87.6299106,250,other_amenity,41.89982095116448,-87.63233800046943,Christ the Savior Orthodox Church,place_of_worship,,,,,,,
Dearborn Pkwy & Delaware Pl,5056,41.8989441,-87.6299106,250,retail,41.90091232436396,-87.62729441076635,Prada,,clothes,,,,,,
Dearborn Pkwy & Delaware Pl,5056,41.8989441,-87.6299106,250,education,41.90025730053489,-87.62907539499334,Ogden International School,school,,,,,,,
Dearborn Pkwy & Delaware Pl,5056,41.8989441,-87.6299106,250,other_amenity,41.8996897514918,-87.62939539623537,Harvest Chicago Cathedral,place_of_worship,,,,,,,
Dearborn Pkwy & Delaware Pl,5056,41.8989441,-87.6299106,250,other_amenity,41.89721740938303,-87.62907619106656,,parking,,,,,,,
Dearborn Pkwy & Delaware Pl,5056,41.8989441,-87.6299106,250,other_amenity,41.90033334473948,-87.63036500843747,,parking,,,,,,,
Dearborn Pkwy & Delaware Pl,5056,41.8989441,-87.6299106,250,recreation,41.89693179060703,-87.6279600784024,Chicago + State Park,,,,,park,,,
Dearborn Pkwy & Delaware Pl,5056,41.8989441,-87.6299106,250,other_amenity,41.90078540010697,-87.63030965000237,,parking,,,,,,,
Dearborn Pkwy & Delaware Pl,5056,41.8989441,-87.6299106,250,other_amenity,41.89741203411902,-87.63169794510392,The Church of Jesus Christ of Latter-day Saints,place_of_worship,,,,,,,
Dearborn Pkwy & Delaware Pl,5056,41.8989441,-87.6299106,250,other_amenity,41.89927347936762,-87.63058580525444,McCormick Fountain,fountain,,,,,,,
Dearborn Pkwy & Delaware Pl,5056,41.8989441,-87.6299106,250,other_amenity,41.901158453426234,-87.62802799814149,,parking,,,,,,,
Dearborn Pkwy & Delaware Pl,5056,41.8989441,-87.6299106,250,transit,41.896630467453605,-87.62813495673697,,,,,,,platform,platform,
Dearborn Pkwy & Delaware Pl,5056,41.8989441,-87.6299106,250,transit,41.89663341983445,-87.62827242228616,,,,,,,platform,platform,
Dearborn Pkwy & Delaware Pl,5056,41.8989441,-87.6299106,250,recreation,41.900941850018455,-87.62786370000053,,,,,,swimming_pool,,,
Dearborn Pkwy & Delaware Pl,5056,41.8989441,-87.6299106,250,recreation,41.89814413972822,-87.62727188021394,,,,,,swimming_pool,,,
Dearborn Pkwy & Delaware Pl,5056,41.8989441,-87.6299106,250,recreation,41.89814539241429,-87.62748622449433,,,,,,swimming_pool,,,
Dearborn Pkwy & Delaware Pl,5056,41.8989441,-87.6299106,250,other_amenity,41.89875995660544,-87.62687438697093,,parking,,,,,,,
Dearborn Pkwy & Delaware Pl,5056,41.8989441,-87.6299106,250,other_amenity,41.899581125065694,-87.62649244164128,,parking,,,,,,,
Dearborn Pkwy & Delaware Pl,5056,41.8989441,-87.6299106,250,recreation,41.90124886312097,-87.62907937537538,,,,,,swimming_pool,,,
Dearborn Pkwy & Delaware Pl,5056,41.8989441,-87.6299106,250,recreation,41.89936544999264,-87.62807444999862,,,,,,swimming_pool,,,
Dearborn Pkwy & Delaware Pl,5056,41.8989441,-87.6299106,250,recreation,41.90142009674728,-87.63286683019426,,,,,,garden,,,
Dearborn Pkwy & Delaware Pl,5056,41.8989441,-87.6299106,250,recreation,41.899675265130654,-87.63281757965076,,,,,,garden,,,
Dearborn Pkwy & Delaware Pl,5056,41.8989441,-87.6299106,250,recreation,41.89859216978062,-87.63278304723289,,,,,,garden,,,
Dearborn Pkwy & Delaware Pl,5056,41.8989441,-87.6299106,250,recreation,41.89753566932937,-87.6327535501981,,,,,,garden,,,
Dearborn Pkwy & Delaware Pl,5056,41.8989441,-87.6299106,250,other_amenity,41.8978817607506,-87.62816238275565,,parking,,,,,,,
Dearborn Pkwy & Delaware Pl,5056,41.8989441,-87.6299106,250,recreation,41.89681685000581,-87.63244550000022,,,,,,swimming_pool,,,
Wells St & Huron St,5026,41.8947285,-87.634423,250,transit,41.89630699999999,-87.6356819,Chicago,,,,,,stop_position,stop,
Wells St & Huron St,5026,41.8947285,-87.634423,250,food_drink,41.895752800000004,-87.6339655,Brehon Pub,pub,,,,,,,
Wells St & Huron St,5026,41.8947285,-87.634423,250,transit,41.895632499999984,-87.6360215,,,,,,,,subway_entrance,
Wells St & Huron St,5026,41.8947285,-87.634423,250,transit,41.895306999999995,-87.6356985,Chicago,,,,,,stop_position,stop,
Wells St & Huron St,5026,41.8947285,-87.634423,250,food_drink,41.8952165,-87.6344593,Prosecco,restaurant,,,,,,,
Wells St & Huron St,5026,41.8947285,-87.634423,250,other_amenity,41.896802,-87.6356384,Franklin St & Chicago Ave,bicycle_rental,,,,,,,
Wells St & Huron St,5026,41.8947285,-87.634423,250,other_amenity,41.89472849999999,-87.634423,Wells St & Huron St,bicycle_rental,,,,,,,
Wells St & Huron St,5026,41.8947285,-87.634423,250,retail,41.895471400000005,-87.6362767,Maxalto,,furniture,,,,,,
Wells St & Huron St,5026,41.8947285,-87.634423,250,other_amenity,41.893623899999994,-87.6358462,Spybar,nightclub,,,,,,,
Wells St & Huron St,5026,41.8947285,-87.634423,250,office,41.896284400000006,-87.6358489,Apartment People,,,,estate_agent,,,,
Wells St & Huron St,5026,41.8947285,-87.634423,250,transit,41.89696709999999,-87.6325731,LaSalle & Chicago,,,,,,platform,,
Wells St & Huron St,5026,41.8947285,-87.634423,250,transit,41.8938748,-87.6324985,LaSalle & Erie,,,,,,platform,,
Wells St & Huron St,5026,41.8947285,-87.634423,250,transit,41.89509029999999,-87.6325319,LaSalle & Huron,,,,,,platform,,
Wells St & Huron St,5026,41.8947285,-87.634423,250,food_drink,41.8945543,-87.6333876,Heritage Outpost,cafe,,,,,,,
Wells St & Huron St,5026,41.8947285,-87.634423,250,retail,41.89683660000001,-87.6355392,Paper Source,,stationery,,,,,,
Wells St & Huron St,5026,41.8947285,-87.634423,250,transit,41.892991599999995,-87.6327925,LaSalle & Ontario,,,,,,platform,,
Wells St & Huron St,5026,41.8947285,-87.634423,250,transit,41.8945968,-87.6328274,LaSalle & Huron,,,,,,platform,,
Wells St & Huron St,5026,41.8947285,-87.634423,250,transit,41.896313899999996,-87.6328757,LaSalle & Chicago,,,,,,platform,,
Wells St & Huron St,5026,41.8947285,-87.634423,250,food_drink,41.89418969999999,-87.6353895,Union Sushi + Barbeque Bar,restaurant,,,,,,,
Wells St & Huron St,5026,41.8947285,-87.634423,250,food_drink,41.894422199999994,-87.6343649,Cocoro Restaurant,restaurant,,,,,,,
Wells St & Huron St,5026,41.8947285,-87.634423,250,transit,41.896689200000004,-87.6354989,Chicago & Franklin (Brown Line),,,,,,platform,,
Wells St & Huron St,5026,41.8947285,-87.634423,250,transit,41.8949322,-87.6342704,Wells & Huron,,,,,,platform,,
Wells St & Huron St,5026,41.8947285,-87.634423,250,transit,41.8963476,-87.6370409,Orleans & Chicago,,,,,,platform,,
Wells St & Huron St,5026,41.8947285,-87.634423,250,transit,41.896469799999984,-87.6361852,Chicago & Franklin (Brown Line),,,,,,platform,,
Wells St & Huron St,5026,41.8947285,-87.634423,250,transit,41.8938124,-87.6369513,Orleans & Erie,,,,,,platform,,
Wells St & Huron St,5026,41.8947285,-87.634423,250,transit,41.893365,-87.6342275,Wells & Ontario,,,,,,platform,,
Wells St & Huron St,5026,41.8947285,-87.634423,250,transit,41.8946167,-87.6370009,Orleans & Huron,,,,,,platform,,
Wells St & Huron St,5026,41.8947285,-87.634423,250,transit,41.895841299999994,-87.6356943,Chicago,,,,,,station,station,
Wells St & Huron St,5026,41.8947285,-87.634423,250,food_drink,41.8945518,-87.635457,The Franklin Room,restaurant,,,,,,,
Wells St & Huron St,5026,41.8947285,-87.634423,250,food_drink,41.89339379999999,-87.6333459,Taco Joint,restaurant,,,,,,,
Wells St & Huron St,5026,41.8947285,-87.634423,250,other_amenity,41.893406,-87.6354147,Sound Bar,nightclub,,,,,,,
Wells St & Huron St,5026,41.8947285,-87.634423,250,food_drink,41.8967372,-87.6354638,Penelope’s Vegan Taqueria,restaurant,,,,,,,
Wells St & Huron St,5026,41.8947285,-87.634423,250,food_drink,41.89442309999999,-87.6373733,Mr. Beef on Orleans,fast_food,,,,,,,
Wells St & Huron St,5026,41.8947285,-87.634423,250,food_drink,41.89411439999999,-87.6373493,SIFR,restaurant,,,,,,,
Wells St & Huron St,5026,41.8947285,-87.634423,250,retail,41.89252969999999,-87.6348773,MOCA Modern Cannabis,,cannabis,,,,,,
Wells St & Huron St,5026,41.8947285,-87.634423,250,food_drink,41.8959707,-87.6323718,Café Iberico,restaurant,,,,,,,
Wells St & Huron St,5026,41.8947285,-87.634423,250,food_drink,41.895831,-87.6323718,Centennial Crafted Beer & Eatery,pub,,,,,,,
Wells St & Huron St,5026,41.8947285,-87.634423,250,food_drink,41.89608239999999,-87.6314977,Clark Street Ale House - River North,bar,,,,,,,
Wells St & Huron St,5026,41.8947285,-87.634423,250,food_drink,41.892668399999984,-87.6339185,Bar Cargo,restaurant,,,,,,,
Wells St & Huron St,5026,41.8947285,-87.634423,250,food_drink,41.896402800000004,-87.6330293,Big Wig Tacos & Burritos,restaurant,,,,,,,
Wells St & Huron St,5026,41.8947285,-87.634423,250,food_drink,41.895297499999984,-87.6344707,Fabcakes,restaurant,,,,,,,
Wells St & Huron St,5026,41.8947285,-87.634423,250,food_drink,41.8954309,-87.6338964,Left Coast Food,cafe,,,,,,,
Wells St & Huron St,5026,41.8947285,-87.634423,250,food_drink,41.89601489999998,-87.6314385,Seoul Taco,restaurant,,,,,,,
Wells St & Huron St,5026,41.8947285,-87.634423,250,food_drink,41.894668,-87.6316181,Taketei Sushi River North,restaurant,,,,,,,
Wells St & Huron St,5026,41.8947285,-87.634423,250,food_drink,41.89455099999999,-87.6373962,The Drifter Chicago,bar,,,,,,,
Wells St & Huron St,5026,41.8947285,-87.634423,250,food_drink,41.89467150000001,-87.631559,Troquet River North,restaurant,,,,,,,
Wells St & Huron St,5026,41.8947285,-87.634423,250,other_amenity,41.8948713,-87.6323159,LaSalle Dr & Huron St,bicycle_rental,,,,,,,
Wells St & Huron St,5026,41.8947285,-87.634423,250,food_drink,41.89377209999999,-87.6329701,avec,restaurant,,,,,,,
Wells St & Huron St,5026,41.8947285,-87.634423,250,other_amenity,41.8957226,-87.6373844,RockItCoin Bitcoin ATM,atm,,,,,,,
Wells St & Huron St,5026,41.8947285,-87.634423,250,food_drink,41.8967718,-87.6369735,Griddle 24,restaurant,,,,,,,
Wells St & Huron St,5026,41.8947285,-87.634423,250,food_drink,41.8968482,-87.6368163,Bounce Chicago,bar,,,,,,,
Wells St & Huron St,5026,41.8947285,-87.634423,250,other_amenity,41.893443000000005,-87.6350756,Ela Nightclub,nightclub,,,,,,,
Wells St & Huron St,5026,41.8947285,-87.634423,250,food_drink,41.89381209999999,-87.6335041,Wildfire,restaurant,,,,,,,
Wells St & Huron St,5026,41.8947285,-87.634423,250,transit,41.89674129999998,-87.6317093,Chicago & Clark,,,,,,platform,,
Wells St & Huron St,5026,41.8947285,-87.634423,250,transit,41.8967252,-87.6332435,Chicago & LaSalle,,,,,,platform,,
Wells St & Huron St,5026,41.8947285,-87.634423,250,transit,41.8965085,-87.6330229,Chicago & LaSalle,,,,,,platform,,
Wells St & Huron St,5026,41.8947285,-87.634423,250,transit,41.896565,-87.6362436,Chicago & Franklin (Brown Line),,,,,,stop_position,,
Wells St & Huron St,5026,41.8947285,-87.634423,250,transit,41.89657369999999,-87.6354394,Chicago & Franklin (Brown Line),,,,,,stop_position,,
Wells St & Huron St,5026,41.8947285,-87.634423,250,transit,41.89632960000001,-87.6371702,Orleans & Chicago,,,,,,stop_position,,
Wells St & Huron St,5026,41.8947285,-87.634423,250,transit,41.89460139999999,-87.6371117,Orleans & Huron,,,,,,stop_position,,
Wells St & Huron St,5026,41.8947285,-87.634423,250,transit,41.8937951,-87.6370845,Orleans & Erie,,,,,,stop_position,,
Wells St & Huron St,5026,41.8947285,-87.634423,250,transit,41.89341799999999,-87.6341175,Wells & Ontario,,,,,,stop_position,,
Wells St & Huron St,5026,41.8947285,-87.634423,250,transit,41.89497659999999,-87.634163,Wells & Huron,,,,,,stop_position,,
Wells St & Huron St,5026,41.8947285,-87.634423,250,food_drink,41.8963896,-87.6358755,Starbucks,cafe,,,,,,,
Wells St & Huron St,5026,41.8947285,-87.634423,250,retail,41.893406,-87.6329534,Target,,department_store,,,,,,
Wells St & Huron St,5026,41.8947285,-87.634423,250,office,41.89536939999999,-87.6365581,Telnyx LLC,,,,telecommunication,,,,
Wells St & Huron St,5026,41.8947285,-87.634423,250,other_amenity,41.8934169,-87.6339968,,bicycle_parking,,,,,,,
Wells St & Huron St,5026,41.8947285,-87.634423,250,food_drink,41.89499060000001,-87.631462,Ambar,restaurant,,,,,,,
Wells St & Huron St,5026,41.8947285,-87.634423,250,food_drink,41.89338049999999,-87.6339403,,fast_food,,,,,,,
Wells St & Huron St,5026,41.8947285,-87.634423,250,other_amenity,41.8955081,-87.6352101,,bicycle_parking,,,,,,,
Wells St & Huron St,5026,41.8947285,-87.634423,250,other_amenity,41.89550729999999,-87.6351583,,bicycle_parking,,,,,,,
Wells St & Huron St,5026,41.8947285,-87.634423,250,recreation,41.89546169999999,-87.6314429,BodyRok,,,,,fitness_centre,,,
Wells St & Huron St,5026,41.8947285,-87.634423,250,retail,41.89637760000001,-87.6314507,Superior Wine & Liquor,,alcohol,,,,,,
Wells St & Huron St,5026,41.8947285,-87.634423,250,food_drink,41.894911,-87.6343486,Avli,restaurant,,,,,,,
Wells St & Huron St,5026,41.8947285,-87.634423,250,retail,41.89434909999999,-87.6343467,LaserAway,,beauty,,,,,,
Wells St & Huron St,5026,41.8947285,-87.634423,250,recreation,41.8942702,-87.6343537,Vibez,,,,,fitness_centre,,,
Wells St & Huron St,5026,41.8947285,-87.634423,250,tourism,41.8962426,-87.6341085,,,,information,,,,,
Wells St & Huron St,5026,41.8947285,-87.634423,250,food_drink,41.896474600000005,-87.631476,Gold Coast Cafe,cafe,,,,,,,
Wells St & Huron St,5026,41.8947285,-87.634423,250,health,41.8959269,-87.6358841,Passport Health River North Travel Clinic,clinic,,,,,,,clinic
Wells St & Huron St,5026,41.8947285,-87.634423,250,other_amenity,41.895645599999995,-87.63617120000002,,bicycle_parking,,,,,,,
Wells St & Huron St,5026,41.8947285,-87.634423,250,other_amenity,41.89540629999999,-87.6357592,,bicycle_parking,,,,,,,
Wells St & Huron St,5026,41.8947285,-87.634423,250,retail,41.89381449999999,-87.6348711,Kozy's Cyclery,,bicycle,,,,,,
Wells St & Huron St,5026,41.8947285,-87.634423,250,other_amenity,41.89564359999999,-87.6364093,,bicycle_parking,,,,,,,
Wells St & Huron St,5026,41.8947285,-87.634423,250,other_amenity,41.895635399999996,-87.636685,,bicycle_parking,,,,,,,
Wells St & Huron St,5026,41.8947285,-87.634423,250,transit,41.89552550000001,-87.6353706,,,,,,,,subway_entrance,
Wells St & Huron St,5026,41.8947285,-87.634423,250,transit,41.8964784,-87.6353504,,,,,,,,subway_entrance,
Wells St & Huron St,5026,41.8947285,-87.634423,250,transit,41.8964682,-87.6361104,,,,,,,,subway_entrance,
Wells St & Huron St,5026,41.8947285,-87.634423,250,other_amenity,41.896504699999994,-87.6354042,,bicycle_parking,,,,,,,
Wells St & Huron St,5026,41.8947285,-87.634423,250,other_amenity,41.8964986,-87.6359371,,bicycle_parking,,,,,,,
Wells St & Huron St,5026,41.8947285,-87.634423,250,other_amenity,41.8946317,-87.6355839,,post_box,,,,,,,
Wells St & Huron St,5026,41.8947285,-87.634423,250,other_amenity,41.89416619999999,-87.6357305,,bicycle_parking,,,,,,,
Wells St & Huron St,5026,41.8947285,-87.634423,250,other_amenity,41.8937845,-87.6355476,,post_box,,,,,,,
Wells St & Huron St,5026,41.8947285,-87.634423,250,other_amenity,41.8939124,-87.6354272,,bicycle_parking,,,,,,,
Wells St & Huron St,5026,41.8947285,-87.634423,250,other_amenity,41.8939131,-87.6349875,,bicycle_parking,,,,,,,
Wells St & Huron St,5026,41.8947285,-87.634423,250,recreation,41.89678829999998,-87.631465,ONYX,,,,,fitness_centre,,,
Wells St & Huron St,5026,41.8947285,-87.634423,250,food_drink,41.8969535,-87.6314356,Deep Purpl,fast_food,,,,,,,
Wells St & Huron St,5026,41.8947285,-87.634423,250,retail,41.896789299999995,-87.6321279,The Lash Lounge,,beauty,,,,,,
Wells St & Huron St,5026,41.8947285,-87.634423,250,food_drink,41.896739999999994,-87.6353129,Can't Believe It's Not Meat,restaurant,,,,,,,
Wells St & Huron St,5026,41.8947285,-87.634423,250,food_drink,41.89449189999999,-87.6329392,Happy Monday Coffee Roasters,cafe,,,,,,,
Wells St & Huron St,5026,41.8947285,-87.634423,250,food_drink,41.89594650000001,-87.63145020000002,Charlie Martin's,restaurant,,,,,,,
Wells St & Huron St,5026,41.8947285,-87.634423,250,other_amenity,41.8963295,-87.6372811,,bicycle_parking,,,,,,,
Wells St & Huron St,5026,41.8947285,-87.634423,250,other_amenity,41.89406989999999,-87.6343255,,bicycle_parking,,,,,,,
Wells St & Huron St,5026,41.8947285,-87.634423,250,other_amenity,41.89470679999999,-87.63480850000002,,bicycle_parking,,,,,,,
Wells St & Huron St,5026,41.8947285,-87.634423,250,other_amenity,41.894713700000004,-87.6351942,,bicycle_parking,,,,,,,
Wells St & Huron St,5026,41.8947285,-87.634423,250,other_amenity,41.8948465,-87.634856,,bicycle_parking,,,,,,,
Wells St & Huron St,5026,41.8947285,-87.634423,250,food_drink,41.8945593,-87.6351044,Indienne,restaurant,,,,,,,
Wells St & Huron St,5026,41.8947285,-87.634423,250,other_amenity,41.89648119999999,-87.6356305,,ticket_validator,,,,,,,
Wells St & Huron St,5026,41.8947285,-87.634423,250,other_amenity,41.89647669999999,-87.63580550000002,,ticket_validator,,,,,,,
Wells St & Huron St,5026,41.8947285,-87.634423,250,other_amenity,41.895635899999995,-87.6357643,,ticket_validator,,,,,,,
Wells St & Huron St,5026,41.8947285,-87.634423,250,other_amenity,41.895650399999994,-87.6356104,,ticket_validator,,,,,,,
Wells St & Huron St,5026,41.8947285,-87.634423,250,retail,41.895361099999995,-87.6336428,Goddess and the Baker,,bakery,,,,,,
Wells St & Huron St,5026,41.8947285,-87.634423,250,retail,41.89677379999999,-87.6324285,Enrich Market,,alcohol,,,,,,
Wells St & Huron St,5026,41.8947285,-87.634423,250,other_amenity,41.89381079999999,-87.6372146,,post_box,,,,,,,
Wells St & Huron St,5026,41.8947285,-87.634423,250,retail,41.896463700000005,-87.6330686,LaSalle Cleaners,,dry_cleaning,,,,,,
Wells St & Huron St,5026,41.8947285,-87.634423,250,tourism,41.8946075,-87.6365944,Zolla/Libermann Gallery,,,gallery,,,,,
Wells St & Huron St,5026,41.8947285,-87.634423,250,retail,41.89686239999999,-87.6344449,Manifesto,,furniture,,,,,,
Wells St & Huron St,5026,41.8947285,-87.634423,250,retail,41.896789399999996,-87.6317633,ingrained,,snack,,,,,,
Wells St & Huron St,5026,41.8947285,-87.634423,250,other_amenity,41.896738600000006,-87.6319384,,bicycle_parking,,,,,,,
Wells St & Huron St,5026,41.8947285,-87.634423,250,office,41.8925955,-87.63650310000001,Beyond Technologies LLC,,,,yes,,,,
Wells St & Huron St,5026,41.8947285,-87.634423,250,food_drink,41.8968107,-87.6318637,Nimble,cafe,,,,,,,
Wells St & Huron St,5026,41.8947285,-87.634423,250,food_drink,41.89340339999998,-87.635244,Y Bar,bar,,,,,,,
Wells St & Huron St,5026,41.8947285,-87.634423,250,food_drink,41.895105399999984,-87.6338214,Gingie,restaurant,,,,,,,
Wells St & Huron St,5026,41.8947285,-87.634423,250,food_drink,41.8964134,-87.6361494,Dunkin',fast_food,,,,,,,
Wells St & Huron St,5026,41.8947285,-87.634423,250,food_drink,41.896794899999996,-87.6353178,Soul Vibez,restaurant,,,,,,,
Wells St & Huron St,5026,41.8947285,-87.634423,250,health,41.8964204,-87.6350706,Midwest Express Clinic,clinic,,,,,,,clinic
Wells St & Huron St,5026,41.8947285,-87.634423,250,food_drink,41.896812700000005,-87.6344376,Egg Harbor Cafe,restaurant,,,,,,,
Wells St & Huron St,5026,41.8947285,-87.634423,250,retail,41.89640740000001,-87.6348936,Lightology,,lighting,,,,,,
Wells St & Huron St,5026,41.8947285,-87.634423,250,retail,41.89643550000001,-87.6331523,Levant Barber Shop,,hairdresser,,,,,,
Wells St & Huron St,5026,41.8947285,-87.634423,250,other_amenity,41.8933261,-87.6350716,ELA Lounge,Lounge,,,,,,,
Wells St & Huron St,5026,41.8947285,-87.634423,250,other_amenity,41.8964972,-87.6355884,Ventra,vending_machine,,,,,,,
Wells St & Huron St,5026,41.8947285,-87.634423,250,other_amenity,41.8964951,-87.6358464,Ventra,vending_machine,,,,,,,
Wells St & Huron St,5026,41.8947285,-87.634423,250,other_amenity,41.89282441757416,-87.63212856768936,,parking,,,,,,,
Wells St & Huron St,5026,41.8947285,-87.634423,250,education,41.898891199499005,-87.63403207563191,Moody Bible Institute,college,,,,,,,
Wells St & Huron St,5026,41.8947285,-87.634423,250,transit,41.89587713190025,-87.63575445329009,,,,,,,platform,platform,
Wells St & Huron St,5026,41.8947285,-87.634423,250,transit,41.89588207779826,-87.63563538370595,,,,,,,platform,platform,
Wells St & Huron St,5026,41.8947285,-87.634423,250,office,41.89629301746408,-87.63196831437902,Access Living,social_facility,,,association,,,,
Wells St & Huron St,5026,41.8947285,-87.634423,250,other_amenity,41.89344810026628,-87.63212180001666,BP,fuel,,,,,,,
Wells St & Huron St,5026,41.8947285,-87.634423,250,retail,41.893570574591344,-87.63212597001157,BP Shop,,convenience,,,,,,
Wells St & Huron St,5026,41.8947285,-87.634423,250,food_drink,41.895400674138266,-87.63550337522925,Brett's Kitchen,restaurant,,,,,,,
Wells St & Huron St,5026,41.8947285,-87.634423,250,office,41.894269310804624,-87.63156011963416,Consulate General of The People's Republic of China in Chicago,,,,diplomatic,,,,
Wells St & Huron St,5026,41.8947285,-87.634423,250,retail,41.89626016959054,-87.63462411504992,BP Shop,,convenience,,,,,,
Wells St & Huron St,5026,41.8947285,-87.634423,250,other_amenity,41.896407676276084,-87.63459442526155,BP,fuel,,,,,,,
Wells St & Huron St,5026,41.8947285,-87.634423,250,retail,41.892783127442776,-87.63445406749807,Green Rose,,cannabis,,,,,,
Wells St & Huron St,5026,41.8947285,-87.634423,250,food_drink,41.89425630997573,-87.63212260961325,Fogo de Chão,restaurant,,,,,,,
Wells St & Huron St,5026,41.8947285,-87.634423,250,tourism,41.89585058748692,-87.63514329757464,Gruen Gallery,,,gallery,,,,,
Wells St & Huron St,5026,41.8947285,-87.634423,250,food_drink,41.89415224280358,-87.63447226246291,Hooters,restaurant,,,,,,,
Wells St & Huron St,5026,41.8947285,-87.634423,250,other_amenity,41.89682275007551,-87.63752740000376,Shell,fuel,,,,,,,
Wells St & Huron St,5026,41.8947285,-87.634423,250,food_drink,41.89461833560466,-87.63739781706731,The Green Door Tavern,restaurant,,,,,,,
Wells St & Huron St,5026,41.8947285,-87.634423,250,tourism,41.8959855870682,-87.63445493958342,Carl Hammer Gallery,,,gallery,,,,,
Wells St & Huron St,5026,41.8947285,-87.634423,250,other_amenity,41.89295909800878,-87.63343534925909,Mystique Night Club,nightclub,,,,,,,
Wells St & Huron St,5026,41.8947285,-87.634423,250,tourism,41.89586236602158,-87.63491122299104,Perimeter Gallery,,,gallery,,,,,
Wells St & Huron St,5026,41.8947285,-87.634423,250,food_drink,41.89347650672487,-87.63151226206736,Portillo's,fast_food,,,,,,,
Wells St & Huron St,5026,41.8947285,-87.634423,250,office,41.892971519105046,-87.63301139451615,Spaces,,,,coworking,,,,
Wells St & Huron St,5026,41.8947285,-87.634423,250,office,41.89527824702646,-87.63219422269556,Catholic Charities of the Archdiocese of Chicago,social_facility,,,association,,,,
Wells St & Huron St,5026,41.8947285,-87.634423,250,tourism,41.894577700384474,-87.63214165002177,The Godfrey Hotel Chicago,,,hotel,,,,,
Wells St & Huron St,5026,41.8947285,-87.634423,250,tourism,41.8946316927691,-87.63154590330036,Hotel Felix,,,hotel,,,,,
Wells St & Huron St,5026,41.8947285,-87.634423,250,food_drink,41.896442850032216,-87.63241915000107,Taco Bell,fast_food,,,,,,,
Wells St & Huron St,5026,41.8947285,-87.634423,250,food_drink,41.89285651190531,-87.6315646301201,McDonald's,fast_food,,,,,,,
Wells St & Huron St,5026,41.8947285,-87.634423,250,other_amenity,41.894197650125896,-87.6367416500031,,parking,,,,,,,
Wells St & Huron St,5026,41.8947285,-87.634423,250,other_amenity,41.893728499965945,-87.63684834999572,,parking,,,,,,,
Wells St & Huron St,5026,41.8947285,-87.634423,250,other_amenity,41.89331535012437,-87.63742680000547,,parking,,,,,,,
Wells St & Huron St,5026,41.8947285,-87.634423,250,food_drink,41.89532151701767,-87.63693908069689,Club Lago,restaurant,,,,,,,
Wells St & Huron St,5026,41.8947285,-87.634423,250,other_amenity,41.89377320037665,-87.63211245002296,,parking,,,,,,,
Wells St & Huron St,5026,41.8947285,-87.634423,250,other_amenity,41.892827316109965,-87.63601026985054,Public Parking,parking,,,,,,,
Wells St & Huron St,5026,41.8947285,-87.634423,250,other_amenity,41.892620656703514,-87.63526351608944,Ohio Public Parking,parking,,,,,,,
Wells St & Huron St,5026,41.8947285,-87.634423,250,tourism,41.892724710714454,-87.63317202931326,Ohio House Motel,,,motel,,,,,
Wells St & Huron St,5026,41.8947285,-87.634423,250,other_amenity,41.89298992811632,-87.63446796308696,,parking,,,,,,,
Wells St & Huron St,5026,41.8947285,-87.634423,250,retail,41.89420701087238,-87.63591210163514,Fairgrounds Craft Coffee and Tea,,coffee,,,,,,
Wells St & Huron St,5026,41.8947285,-87.634423,250,other_amenity,41.8962599127247,-87.63340057869469,,parking,,,,,,,
Wells St & Huron St,5026,41.8947285,-87.634423,250,other_amenity,41.89690703854305,-87.63592823056122,,parking,,,,,,,
Wells St & Huron St,5026,41.8947285,-87.634423,250,other_amenity,41.895823025574366,-87.63158044336888,,parking,,,,,,,
Wells St & Huron St,5026,41.8947285,-87.634423,250,tourism,41.89505310541479,-87.63155031166146,Home2 Suites by Hilton Chicago River North,,,hotel,,,,,
Wells St & Huron St,5026,41.8947285,-87.634423,250,other_amenity,41.895076139097796,-87.63197779586673,,parking,,,,,,,
Wells St & Huron St,5026,41.8947285,-87.634423,250,other_amenity,41.89686859998812,-87.63513414999547,,parking,,,,,,,
Wells St & Huron St,5026,41.8947285,-87.634423,250,other_amenity,41.89289586886023,-87.63680431416039,,parking,,,,,,,
Wells St & Huron St,5026,41.8947285,-87.634423,250,recreation,41.89536723506614,-87.63387883948506,,,,,,park,,,
Wells St & Huron St,5026,41.8947285,-87.634423,250,recreation,41.89583798476159,-87.63692737452502,,,,,,park,,,
Wells St & Huron St,5026,41.8947285,-87.634423,250,other_amenity,41.894279625516035,-87.63739638791073,,parking,,,,,,,
Wells St & Huron St,5026,41.8947285,-87.634423,250,other_amenity,41.89259304838816,-87.63319268474733,,parking,,,,,,,
Wells St & Huron St,5026,41.8947285,-87.634423,250,recreation,41.895280300905185,-87.63387669746918,,,,,,dog_park,,,
Wells St & Huron St,5026,41.8947285,-87.634423,250,food_drink,41.892538550038154,-87.632923850003,Schneider Deli,restaurant,,,,,,,
Wells St & Huron St,5026,41.8947285,-87.634423,250,other_amenity,41.89452384731546,-87.63605940234449,,parking,,,,,,,
Wells St & Huron St,5026,41.8947285,-87.634423,250,other_amenity,41.89599106763292,-87.63575640330815,,shelter,,,,,,,
Wells St & Huron St,5026,41.8947285,-87.634423,250,other_amenity,41.895999473819316,-87.63563770015344,,shelter,,,,,,,
Wells St & Huron St,5026,41.8947285,-87.634423,250,recreation,41.89537375467397,-87.63328535648506,,,,,,swimming_pool,,,
Wells St & Huron St,5026,41.8947285,-87.634423,250,recreation,41.894264790506895,-87.63388507586201,,,,,,swimming_pool,,,
Wells St & Huron St,5026,41.8947285,-87.634423,250,recreation,41.89347107585831,-87.63323731899222,,,,,,swimming_pool,,,
Wells St & Huron St,5026,41.8947285,-87.634423,250,recreation,41.893469517017735,-87.63342633372379,,,,,,hot_tub,,,
Wells St & Huron St,5026,41.8947285,-87.634423,250,recreation,41.89338849999995,-87.63450559999988,,,,,,hot_tub,,,
Wells St & Huron St,5026,41.8947285,-87.634423,250,recreation,41.89341524599591,-87.63438646682458,,,,,,swimming_pool,,,
Wells St & Huron St,5026,41.8947285,-87.634423,250,recreation,41.89425629999403,-87.63492594999904,,,,,,swimming_pool,,,
Wells St & Huron St,5026,41.8947285,-87.634423,250,recreation,41.893423970076235,-87.63265214829718,,,,,,garden,,,
Wells St & Huron St,5026,41.8947285,-87.634423,250,recreation,41.89681685000581,-87.63244550000022,,,,,,swimming_pool,,,
Daley Center Plaza,4892,41.8841812,-87.6296407,250,transit,41.88575279999999,-87.6313736,Clark/Lake,,,,,,station,station,
Daley Center Plaza,4892,41.8841812,-87.6296407,250,transit,41.8832522,-87.6294604,Washington,,,,,,station,station,
Daley Center Plaza,4892,41.8841812,-87.6296407,250,food_drink,41.88222669999999,-87.6272156,Jimmy John's,fast_food,,,,,,,
Daley Center Plaza,4892,41.8841812,-87.6296407,250,food_drink,41.885876800000005,-87.6317078,Midtown Kitchen & Bar,pub,,,,,,,
Daley Center Plaza,4892,41.8841812,-87.6296407,250,other_amenity,41.8839576,-87.6304433,Cook County Courthouse,courthouse,,,,,,,
Daley Center Plaza,4892,41.8841812,-87.6296407,250,food_drink,41.8822271,-87.6274208,Garrett Popcorn Shops,fast_food,,,,,,,
Daley Center Plaza,4892,41.8841812,-87.6296407,250,transit,41.8859425,-87.62804020000002,State & Lake (CTA),,,,,,stop_position,,
Daley Center Plaza,4892,41.8841812,-87.6296407,250,other_amenity,41.88207729999999,-87.6322113,,clock,,,,,,,
Daley Center Plaza,4892,41.8841812,-87.6296407,250,other_amenity,41.883332199999984,-87.6276758,,clock,,,,,,,
Daley Center Plaza,4892,41.8841812,-87.6296407,250,other_amenity,41.884385599999995,-87.6277012,,clock,,,,,,,
Daley Center Plaza,4892,41.8841812,-87.6296407,250,retail,41.88286139999999,-87.6282788,Nordstrom Rack,,clothes,,,,,,
Daley Center Plaza,4892,41.8841812,-87.6296407,250,retail,41.88239840000001,-87.6267731,Burlington,,department_store,,,,,,
Daley Center Plaza,4892,41.8841812,-87.6296407,250,transit,41.8836968,-87.6280392,,,,,,,,subway_entrance,
Daley Center Plaza,4892,41.8841812,-87.6296407,250,transit,41.88407410000001,-87.6277654,,,,,,,,subway_entrance,
Daley Center Plaza,4892,41.8841812,-87.6296407,250,transit,41.88368619999999,-87.6277533,,,,,,,,subway_entrance,
Daley Center Plaza,4892,41.8841812,-87.6296407,250,transit,41.88413030000001,-87.6280536,,,,,,,,subway_entrance,
Daley Center Plaza,4892,41.8841812,-87.6296407,250,other_amenity,41.8849548,-87.6281697,Gene Siskel Film Center,cinema,,,,,,,
Daley Center Plaza,4892,41.8841812,-87.6296407,250,food_drink,41.885585,-87.6289403,Dunkin',fast_food,,,,,,,
Daley Center Plaza,4892,41.8841812,-87.6296407,250,retail,41.88588629999999,-87.6284996,FedEx Office,,copyshop,,,,,,
Daley Center Plaza,4892,41.8841812,-87.6296407,250,food_drink,41.88548009999999,-87.6293303,Jason's Deli,restaurant,,,,,,,
Daley Center Plaza,4892,41.8841812,-87.6296407,250,food_drink,41.88562949999999,-87.6284458,Potbelly,fast_food,,,,,,,
Daley Center Plaza,4892,41.8841812,-87.6296407,250,food_drink,41.88558830000001,-87.62907160000002,Subway,fast_food,,,,,,,
Daley Center Plaza,4892,41.8841812,-87.6296407,250,retail,41.884848399999996,-87.6276109,Walgreens,,chemist,,,,,,
Daley Center Plaza,4892,41.8841812,-87.6296407,250,transit,41.8843551,-87.6277774,State & Randolph,,,,,,platform,,
Daley Center Plaza,4892,41.8841812,-87.6296407,250,transit,41.8845265,-87.6278971,Lake,,,,,,station,station,
Daley Center Plaza,4892,41.8841812,-87.6296407,250,transit,41.8857303,-87.6306151,Clark/Lake,,,,,,stop_position,stop,
Daley Center Plaza,4892,41.8841812,-87.6296407,250,transit,41.88576230000001,-87.6321329,Clark/Lake,,,,,,stop_position,stop,
Daley Center Plaza,4892,41.8841812,-87.6296407,250,transit,41.88273600000001,-87.6293288,,,,,,,,subway_entrance,
Daley Center Plaza,4892,41.8841812,-87.6296407,250,transit,41.88243399999998,-87.6293224,,,,,,,,subway_entrance,
Daley Center Plaza,4892,41.8841812,-87.6296407,250,transit,41.8824305,-87.6295272,,,,,,,,subway_entrance,
Daley Center Plaza,4892,41.8841812,-87.6296407,250,transit,41.8827347,-87.6295333,,,,,,,,subway_entrance,
Daley Center Plaza,4892,41.8841812,-87.6296407,250,other_amenity,41.8833507,-87.6288344,Morningstar Inc.,bank,,,,,,,
Daley Center Plaza,4892,41.8841812,-87.6296407,250,other_amenity,41.8845623,-87.631914,Clark St & Randolph St,bicycle_rental,,,,,,,
Daley Center Plaza,4892,41.8841812,-87.6296407,250,other_amenity,41.88418119999999,-87.6296407,Daley Center Plaza,bicycle_rental,,,,,,,
Daley Center Plaza,4892,41.8841812,-87.6296407,250,other_amenity,41.88469109999999,-87.6277793,State St & Randolph St,bicycle_rental,,,,,,,
Daley Center Plaza,4892,41.8841812,-87.6296407,250,other_amenity,41.8856964,-87.6278181,Fifth Third Bank,atm,,,,,,,
Daley Center Plaza,4892,41.8841812,-87.6296407,250,transit,41.883253599999996,-87.6294868,Washington,,,,,,stop_position,stop,
Daley Center Plaza,4892,41.8841812,-87.6296407,250,transit,41.883696199999996,-87.6296089,,,,,,,,subway_entrance,
Daley Center Plaza,4892,41.8841812,-87.6296407,250,transit,41.88370129999999,-87.629364,,,,,,,,subway_entrance,
Daley Center Plaza,4892,41.8841812,-87.6296407,250,transit,41.8840038,-87.6293654,,,,,,,,subway_entrance,
Daley Center Plaza,4892,41.8841812,-87.6296407,250,other_amenity,41.8830561,-87.6296643,Citibank,bank,,,,,,,
Daley Center Plaza,4892,41.8841812,-87.6296407,250,transit,41.885956699999994,-87.6315507,,ticket_validator,,,,,,subway_entrance,
Daley Center Plaza,4892,41.8841812,-87.6296407,250,transit,41.8855249,-87.6316292,,ticket_validator,,,,,,subway_entrance,
Daley Center Plaza,4892,41.8841812,-87.6296407,250,transit,41.8855887,-87.6317426,,,,,,,,subway_entrance,
Daley Center Plaza,4892,41.8841812,-87.6296407,250,other_amenity,41.8826795,-87.6324727,LaSalle St & Washington St,bicycle_rental,,,,,,,
Daley Center Plaza,4892,41.8841812,-87.6296407,250,retail,41.8827331,-87.6282665,Uniqlo,,clothes,,,,,,
Daley Center Plaza,4892,41.8841812,-87.6296407,250,food_drink,41.88460090000001,-87.62965910000001,Petterino's,restaurant,,,,,,,
Daley Center Plaza,4892,41.8841812,-87.6296407,250,retail,41.88274820000001,-87.6307159,"Harlan J. Berk, Ltd.",,collector,,,,,,
Daley Center Plaza,4892,41.8841812,-87.6296407,250,food_drink,41.8856269,-87.6268078,Dunkin',fast_food,,,,,,,
Daley Center Plaza,4892,41.8841812,-87.6296407,250,retail,41.88239509999999,-87.6271142,TJ Maxx,,department_store,,,,,,
Daley Center Plaza,4892,41.8841812,-87.6296407,250,food_drink,41.8819527,-87.62698,Panda Express,fast_food,,,,,,,
Daley Center Plaza,4892,41.8841812,-87.6296407,250,food_drink,41.882230699999994,-87.6270628,Chipotle,fast_food,,,,,,,
Daley Center Plaza,4892,41.8841812,-87.6296407,250,food_drink,41.88305489999999,-87.6281296,Atwood,restaurant,,,,,,,
Daley Center Plaza,4892,41.8841812,-87.6296407,250,retail,41.883733199999995,-87.6281925,Anthropologie,,clothes,,,,,,
Daley Center Plaza,4892,41.8841812,-87.6296407,250,retail,41.8840028,-87.6282113,Sephora,,cosmetics,,,,,,
Daley Center Plaza,4892,41.8841812,-87.6296407,250,retail,41.8841675,-87.6281965,Magnolia Bakery,,bakery,,,,,,
Daley Center Plaza,4892,41.8841812,-87.6296407,250,food_drink,41.8856203,-87.6276976,Chick-fil-A,fast_food,,,,,,,
Daley Center Plaza,4892,41.8841812,-87.6296407,250,retail,41.885042699999985,-87.6281711,AT&T,,mobile_phone,,,,,,
Daley Center Plaza,4892,41.8841812,-87.6296407,250,food_drink,41.88596439999999,-87.62823130000001,Wow Bao,restaurant,,,,,,,
Daley Center Plaza,4892,41.8841812,-87.6296407,250,food_drink,41.88621450000001,-87.6277289,State and Lake Chicago Tavern,restaurant,,,,,,,
Daley Center Plaza,4892,41.8841812,-87.6296407,250,food_drink,41.88589459999999,-87.6277082,Caffè Café,cafe,,,,,,,
Daley Center Plaza,4892,41.8841812,-87.6296407,250,food_drink,41.88588369999999,-87.6286906,Protein Bar,restaurant,,,,,,,
Daley Center Plaza,4892,41.8841812,-87.6296407,250,other_amenity,41.883090599999996,-87.6306257,BMO,bank,,,,,,,
Daley Center Plaza,4892,41.8841812,-87.6296407,250,other_amenity,41.882506500000005,-87.63258420000001,Chase,bank,,,,,,,
Daley Center Plaza,4892,41.8841812,-87.6296407,250,food_drink,41.8824604,-87.632178,Potbelly,fast_food,,,,,,,
Daley Center Plaza,4892,41.8841812,-87.6296407,250,food_drink,41.8833481,-87.6326498,Qdoba,fast_food,,,,,,,
Daley Center Plaza,4892,41.8841812,-87.6296407,250,other_amenity,41.884639799999995,-87.6307379,Fifth Third Bank,bank,,,,,,,
Daley Center Plaza,4892,41.8841812,-87.6296407,250,retail,41.883888899999995,-87.6326545,7-Eleven,,convenience,,,,,,
Daley Center Plaza,4892,41.8841812,-87.6296407,250,transit,41.884197699999994,-87.6310516,Clark & Randolph,,,,,,platform,,
Daley Center Plaza,4892,41.8841812,-87.6296407,250,transit,41.88528180000001,-87.6310753,Clark & Lake (CTA),,,,,,platform,,
Daley Center Plaza,4892,41.8841812,-87.6296407,250,transit,41.88230479999999,-87.62931110000001,Dearborn & Madison,,,,,,platform,,
Daley Center Plaza,4892,41.8841812,-87.6296407,250,transit,41.8847265,-87.6293642,Dearborn & Randolph,,,,,,platform,,
Daley Center Plaza,4892,41.8841812,-87.6296407,250,transit,41.88631779999999,-87.6294159,Dearborn & Wacker/Lake,,,,,,platform,,
Daley Center Plaza,4892,41.8841812,-87.6296407,250,transit,41.8842364,-87.6322951,LaSalle & Randolph,,,,,,platform,,
Daley Center Plaza,4892,41.8841812,-87.6296407,250,transit,41.886393000000005,-87.6323003,LaSalle & Wacker/Lake,,,,,,platform,,
Daley Center Plaza,4892,41.8841812,-87.6296407,250,transit,41.88336189999999,-87.6280303,State & Washington,,,,,,platform,,
Daley Center Plaza,4892,41.8841812,-87.6296407,250,transit,41.8855872,-87.6278095,State & Lake (CTA),,,,,,platform,,
Daley Center Plaza,4892,41.8841812,-87.6296407,250,tourism,41.88415659999998,-87.62682120000001,Chicago Visitors Information Center,,,information,,,,,
Daley Center Plaza,4892,41.8841812,-87.6296407,250,retail,41.8843465,-87.6282187,Zara,,clothes,,,,,,
Daley Center Plaza,4892,41.8841812,-87.6296407,250,other_amenity,41.88302560000001,-87.6291418,Bank of America,bank,,,,,,,
Daley Center Plaza,4892,41.8841812,-87.6296407,250,food_drink,41.8822802,-87.6317017,Cousins Subs,fast_food,,,,,,,
Daley Center Plaza,4892,41.8841812,-87.6296407,250,food_drink,41.88420270000001,-87.6292577,The Dearborn,restaurant,,,,,,,
Daley Center Plaza,4892,41.8841812,-87.6296407,250,transit,41.88591669999999,-87.6281121,State & Lake (CTA),,,,,,platform,,
Daley Center Plaza,4892,41.8841812,-87.6296407,250,retail,41.882190200000004,-87.6281805,Walgreens,,chemist,,,,,,
Daley Center Plaza,4892,41.8841812,-87.6296407,250,retail,41.88462269999999,-87.6266967,Ross,,department_store,,,,,,
Daley Center Plaza,4892,41.8841812,-87.6296407,250,office,41.884797999999996,-87.6305074,"Leon J. Teichner & Associates, P.C.",,,,lawyer,,,,
Daley Center Plaza,4892,41.8841812,-87.6296407,250,transit,41.88371759999999,-87.6325875,LaSalle & Randolph/Washington,,,,,,platform,,
Daley Center Plaza,4892,41.8841812,-87.6296407,250,office,41.8822495,-87.6320803,Budin Law Offices,,,,lawyer,,,,
Daley Center Plaza,4892,41.8841812,-87.6296407,250,transit,41.88324089999999,-87.6287525,Washington & State,,,,,,stop_position,,
Daley Center Plaza,4892,41.8841812,-87.6296407,250,retail,41.88588849999999,-87.6297309,7-Eleven,,convenience,,,,,,
Daley Center Plaza,4892,41.8841812,-87.6296407,250,other_amenity,41.88368419999999,-87.6282717,AMC Dine-In Block 37,cinema,,,,,,,
Daley Center Plaza,4892,41.8841812,-87.6296407,250,transit,41.883955399999984,-87.6279272,Lake,,,,,,stop_position,stop,
Daley Center Plaza,4892,41.8841812,-87.6296407,250,transit,41.885060100000004,-87.6278686,Lake,,,,,,stop_position,stop,
Daley Center Plaza,4892,41.8841812,-87.6296407,250,transit,41.885709299999995,-87.6319276,Clark/Lake,,,,,,stop_position,stop,
Daley Center Plaza,4892,41.8841812,-87.6296407,250,transit,41.8832533,-87.6294091,Washington,,,,,,stop_position,stop,
Daley Center Plaza,4892,41.8841812,-87.6296407,250,other_amenity,41.883484700000004,-87.6301003,Christkindlmarket,marketplace,,,,,,,
Daley Center Plaza,4892,41.8841812,-87.6296407,250,transit,41.88546800000001,-87.6280954,,,,,,,,subway_entrance,
Daley Center Plaza,4892,41.8841812,-87.6296407,250,transit,41.8854736,-87.6278064,,,,,,,,subway_entrance,
Daley Center Plaza,4892,41.8841812,-87.6296407,250,transit,41.8849626,-87.6277945,,,,,,,,subway_entrance,
Daley Center Plaza,4892,41.8841812,-87.6296407,250,transit,41.884966299999995,-87.6280817,,,,,,,,subway_entrance,
Daley Center Plaza,4892,41.8841812,-87.6296407,250,office,41.88231110000001,-87.6310739,Anderson & Boback,,,,lawyer,,,,
Daley Center Plaza,4892,41.8841812,-87.6296407,250,office,41.8829378,-87.6307199,Michael J. Brennan,,,,lawyer,,,,
Daley Center Plaza,4892,41.8841812,-87.6296407,250,office,41.882337799999995,-87.628585,ChitownCabbie Taxi Service,,,,company,,,,
Daley Center Plaza,4892,41.8841812,-87.6296407,250,office,41.88248799999999,-87.62905350000001,Cheap Car Insurance Chicago IL,,,,insurance,,,,
Daley Center Plaza,4892,41.8841812,-87.6296407,250,transit,41.883376,-87.6278714,State & Washington,,,,,,stop_position,,
Daley Center Plaza,4892,41.8841812,-87.6296407,250,transit,41.8855996,-87.6279318,State & Lake (CTA),,,,,,stop_position,,
Daley Center Plaza,4892,41.8841812,-87.6296407,250,transit,41.8843646,-87.6278985,State & Randolph,,,,,,stop_position,,
Daley Center Plaza,4892,41.8841812,-87.6296407,250,transit,41.883251300000005,-87.6271439,Washington & State,,,,,,stop_position,,
Daley Center Plaza,4892,41.8841812,-87.6296407,250,transit,41.88324349999999,-87.6302161,Washington & Clark/Dearborn,,,,,,stop_position,,
Daley Center Plaza,4892,41.8841812,-87.6296407,250,transit,41.8819911,-87.6290888,Madison & Dearborn/State,,,,,,stop_position,,
Daley Center Plaza,4892,41.8841812,-87.6296407,250,office,41.88285709999999,-87.6291478,Consulate of North Macedonia,,,,diplomatic,,,,
Daley Center Plaza,4892,41.8841812,-87.6296407,250,food_drink,41.884608799999995,-87.6300195,Corner Bakery,cafe,,,,,,,
Daley Center Plaza,4892,41.8841812,-87.6296407,250,food_drink,41.884609499999996,-87.6299061,Do-Rite Donuts & Coffee,cafe,,,,,,,
Daley Center Plaza,4892,41.8841812,-87.6296407,250,retail,41.88395879999999,-87.6284134,Gayle V’s Best Ever Grilled Cheese,,bakery,,,,,,
Daley Center Plaza,4892,41.8841812,-87.6296407,250,food_drink,41.88390040000001,-87.6274021,Infield’s,bar,,,,,,,
Daley Center Plaza,4892,41.8841812,-87.6296407,250,food_drink,41.88633289999999,-87.6283507,"Raised, an Urban Rooftop Bar",restaurant,,,,,,,
Daley Center Plaza,4892,41.8841812,-87.6296407,250,food_drink,41.88608399999999,-87.6276358,ROOF on theWit,bar,,,,,,,
Daley Center Plaza,4892,41.8841812,-87.6296407,250,food_drink,41.8829726,-87.6290966,Roti Modern Mediterranean,fast_food,,,,,,,
Daley Center Plaza,4892,41.8841812,-87.6296407,250,food_drink,41.8822332,-87.63032660000002,Stock and Ledger Kitchen & Spirits,bar,,,,,,,
Daley Center Plaza,4892,41.8841812,-87.6296407,250,food_drink,41.88391089999999,-87.6283762,MacGuffins Bar & Lounge,bar,,,,,,,
Daley Center Plaza,4892,41.8841812,-87.6296407,250,food_drink,41.8829799,-87.6291674,Lavazza,cafe,,,,,,,
Daley Center Plaza,4892,41.8841812,-87.6296407,250,food_drink,41.8863812,-87.62831560000001,Staytion Market & Bar,restaurant,,,,,,,
Daley Center Plaza,4892,41.8841812,-87.6296407,250,transit,41.882040399999994,-87.6291208,Madison & Dearborn/State,,,,,,platform,,
Daley Center Plaza,4892,41.8841812,-87.6296407,250,transit,41.88319190000001,-87.63018670000001,Washington & Clark/Dearborn,,,,,,platform,,
Daley Center Plaza,4892,41.8841812,-87.6296407,250,transit,41.8831954,-87.6271142,Washington & State,,,,,,platform,,
Daley Center Plaza,4892,41.8841812,-87.6296407,250,food_drink,41.88390640000001,-87.6274973,Frontera Fresco,restaurant,,,,,,,
Daley Center Plaza,4892,41.8841812,-87.6296407,250,food_drink,41.88379659999999,-87.6283625,Farmer's Fridge,fast_food,,,,,,,
Daley Center Plaza,4892,41.8841812,-87.6296407,250,transit,41.88314590000001,-87.6287377,Washington & State,,,,,,platform,,
Daley Center Plaza,4892,41.8841812,-87.6296407,250,transit,41.882306699999994,-87.6294088,Dearborn & Madison,,,,,,stop_position,,
Daley Center Plaza,4892,41.8841812,-87.6296407,250,transit,41.884675,-87.6294753,Dearborn & Randolph,,,,,,stop_position,,
Daley Center Plaza,4892,41.8841812,-87.6296407,250,transit,41.886316599999994,-87.629515,Dearborn & Wacker/Lake,,,,,,stop_position,,
Daley Center Plaza,4892,41.8841812,-87.6296407,250,transit,41.885272,-87.6309747,Clark & Lake (CTA),,,,,,stop_position,,
Daley Center Plaza,4892,41.8841812,-87.6296407,250,transit,41.8842022,-87.6309439,Clark & Randolph,,,,,,stop_position,,
Daley Center Plaza,4892,41.8841812,-87.6296407,250,office,41.8860538,-87.6319636,Honorary Consulate General of the Republic of Austria,,,,diplomatic,,,,
Daley Center Plaza,4892,41.8841812,-87.6296407,250,office,41.8821707,-87.6286808,Chicago Public Schools Headquarters,,,,educational_institution,,,,
Daley Center Plaza,4892,41.8841812,-87.6296407,250,food_drink,41.88587069999999,-87.6318911,McDonald's,fast_food,,,,,,,
Daley Center Plaza,4892,41.8841812,-87.6296407,250,other_amenity,41.8856388,-87.6301749,,parking_entrance,,,,,,,
Daley Center Plaza,4892,41.8841812,-87.6296407,250,other_amenity,41.8853799,-87.6308317,,parking_entrance,,,,,,,
Daley Center Plaza,4892,41.8841812,-87.6296407,250,transit,41.8830545,-87.6277494,State & Washington,,,,,,platform,,
Daley Center Plaza,4892,41.8841812,-87.6296407,250,transit,41.88306899999999,-87.6278587,State & Washington,,,,,,stop_position,,
Daley Center Plaza,4892,41.8841812,-87.6296407,250,recreation,41.88404359999999,-87.6287724,First Ascent Block 37,,,,,sports_centre,,,
Daley Center Plaza,4892,41.8841812,-87.6296407,250,tourism,41.88306049999999,-87.626843,Museum of Illusions,,,museum,,,,,
Daley Center Plaza,4892,41.8841812,-87.6296407,250,office,41.8829237,-87.6297681,Cook County State's Attorney,,,,government,,,,
Daley Center Plaza,4892,41.8841812,-87.6296407,250,other_amenity,41.885641299999996,-87.6288817,,parking_entrance,,,,,,,
Daley Center Plaza,4892,41.8841812,-87.6296407,250,other_amenity,41.88403069999999,-87.6293143,,parking_entrance,,,,,,,
Daley Center Plaza,4892,41.8841812,-87.6296407,250,other_amenity,41.8853119,-87.6293504,,parking_entrance,,,,,,,
Daley Center Plaza,4892,41.8841812,-87.6296407,250,other_amenity,41.8859115,-87.631179,Amazon Hub Locker,parcel_locker,,,,,,,
Daley Center Plaza,4892,41.8841812,-87.6296407,250,transit,41.8863986,-87.6324184,LaSalle & Wacker/Lake,,,,,,stop_position,,
Daley Center Plaza,4892,41.8841812,-87.6296407,250,other_amenity,41.8842047,-87.6308158,,parking_entrance,,,,,,,
Daley Center Plaza,4892,41.8841812,-87.6296407,250,other_amenity,41.884224599999996,-87.6296056,,parking_entrance,,,,,,,
Daley Center Plaza,4892,41.8841812,-87.6296407,250,other_amenity,41.8846192,-87.6304345,DHL,post_office,,,,,,,
Daley Center Plaza,4892,41.8841812,-87.6296407,250,transit,41.88394960000001,-87.62804850000002,,,,,,,,subway_entrance,
Daley Center Plaza,4892,41.8841812,-87.6296407,250,office,41.8821962,-87.6311558,"Drake & Collopy, P.C",,,,lawyer,,,,
Daley Center Plaza,4892,41.8841812,-87.6296407,250,retail,41.8839544,-87.6281664,State Street Souvenirs,,gift,,,,,,
Daley Center Plaza,4892,41.8841812,-87.6296407,250,retail,41.88463550000001,-87.6284928,Blick Art Materials,,craft,,,,,,
Daley Center Plaza,4892,41.8841812,-87.6296407,250,other_amenity,41.8858331,-87.6276051,,bicycle_parking,,,,,,,
Daley Center Plaza,4892,41.8841812,-87.6296407,250,other_amenity,41.885695099999985,-87.6284042,,bicycle_parking,,,,,,,
Daley Center Plaza,4892,41.8841812,-87.6296407,250,other_amenity,41.8856839,-87.6275794,,bicycle_parking,,,,,,,
Daley Center Plaza,4892,41.8841812,-87.6296407,250,other_amenity,41.8855732,-87.6280905,,bicycle_parking,,,,,,,
Daley Center Plaza,4892,41.8841812,-87.6296407,250,other_amenity,41.885378700000004,-87.6277951,,bicycle_parking,,,,,,,
Daley Center Plaza,4892,41.8841812,-87.6296407,250,other_amenity,41.88605369999999,-87.6281108,,bicycle_parking,,,,,,,
Daley Center Plaza,4892,41.8841812,-87.6296407,250,other_amenity,41.884851700000006,-87.628069,,bicycle_parking,,,,,,,
Daley Center Plaza,4892,41.8841812,-87.6296407,250,other_amenity,41.88457410000001,-87.6274539,,bicycle_parking,,,,,,,
Daley Center Plaza,4892,41.8841812,-87.6296407,250,office,41.8848082,-87.6306519,"Fretzin, Inc.",,,,consulting,,,,
Daley Center Plaza,4892,41.8841812,-87.6296407,250,other_amenity,41.884045099999994,-87.6323196,,bicycle_parking,,,,,,,
Daley Center Plaza,4892,41.8841812,-87.6296407,250,other_amenity,41.88440189999999,-87.6321567,,bicycle_parking,,,,,,,
Daley Center Plaza,4892,41.8841812,-87.6296407,250,other_amenity,41.88439919999999,-87.6322152,,bicycle_parking,,,,,,,
Daley Center Plaza,4892,41.8841812,-87.6296407,250,other_amenity,41.885339300000005,-87.6323094,,bicycle_parking,,,,,,,
Daley Center Plaza,4892,41.8841812,-87.6296407,250,other_amenity,41.8852553,-87.6326262,,bicycle_parking,,,,,,,
Daley Center Plaza,4892,41.8841812,-87.6296407,250,other_amenity,41.885384499999994,-87.63231,,bicycle_parking,,,,,,,
Daley Center Plaza,4892,41.8841812,-87.6296407,250,other_amenity,41.8853065,-87.6323068,,bicycle_parking,,,,,,,
Daley Center Plaza,4892,41.8841812,-87.6296407,250,other_amenity,41.883587299999995,-87.6322995,,bicycle_parking,,,,,,,
Daley Center Plaza,4892,41.8841812,-87.6296407,250,other_amenity,41.8836438,-87.6323022,,bicycle_parking,,,,,,,
Daley Center Plaza,4892,41.8841812,-87.6296407,250,other_amenity,41.883547700000015,-87.63229610000002,,bicycle_parking,,,,,,,
Daley Center Plaza,4892,41.8841812,-87.6296407,250,other_amenity,41.88509040000001,-87.6280745,,bicycle_parking,,,,,,,
Daley Center Plaza,4892,41.8841812,-87.6296407,250,other_amenity,41.8845712,-87.6282973,,bicycle_parking,,,,,,,
Daley Center Plaza,4892,41.8841812,-87.6296407,250,other_amenity,41.8845744,-87.6282121,,bicycle_parking,,,,,,,
Daley Center Plaza,4892,41.8841812,-87.6296407,250,other_amenity,41.8844158,-87.6282306,,bicycle_parking,,,,,,,
Daley Center Plaza,4892,41.8841812,-87.6296407,250,food_drink,41.882931899999996,-87.6285875,Washington Hall,food_court,,,,,,,
Daley Center Plaza,4892,41.8841812,-87.6296407,250,other_amenity,41.883359500000005,-87.6298667,,bench,,,,,,,
Daley Center Plaza,4892,41.8841812,-87.6296407,250,other_amenity,41.8833601,-87.6298298,,bench,,,,,,,
Daley Center Plaza,4892,41.8841812,-87.6296407,250,other_amenity,41.88335809999999,-87.6299539,,bench,,,,,,,
Daley Center Plaza,4892,41.8841812,-87.6296407,250,other_amenity,41.8833575,-87.6299921,,bench,,,,,,,
Daley Center Plaza,4892,41.8841812,-87.6296407,250,other_amenity,41.8833561,-87.6300758,,bench,,,,,,,
Daley Center Plaza,4892,41.8841812,-87.6296407,250,other_amenity,41.883355499999986,-87.6301154,,bench,,,,,,,
Daley Center Plaza,4892,41.8841812,-87.6296407,250,other_amenity,41.88335370000001,-87.6302301,,bench,,,,,,,
Daley Center Plaza,4892,41.8841812,-87.6296407,250,other_amenity,41.883353,-87.6302683,,bench,,,,,,,
Daley Center Plaza,4892,41.8841812,-87.6296407,250,other_amenity,41.8833517,-87.63035350000001,,bench,,,,,,,
Daley Center Plaza,4892,41.8841812,-87.6296407,250,other_amenity,41.88335109999999,-87.630389,,bench,,,,,,,
Daley Center Plaza,4892,41.8841812,-87.6296407,250,other_amenity,41.883349599999995,-87.6304822,,bench,,,,,,,
Daley Center Plaza,4892,41.8841812,-87.6296407,250,other_amenity,41.883348999999995,-87.6305177,,bench,,,,,,,
Daley Center Plaza,4892,41.8841812,-87.6296407,250,other_amenity,41.8839188,-87.6296213,,bench,,,,,,,
Daley Center Plaza,4892,41.8841812,-87.6296407,250,other_amenity,41.883974300000006,-87.6296367,,bench,,,,,,,
Daley Center Plaza,4892,41.8841812,-87.6296407,250,other_amenity,41.88360989999999,-87.6307407,,bench,,,,,,,
Daley Center Plaza,4892,41.8841812,-87.6296407,250,other_amenity,41.88361059999999,-87.6306823,,bench,,,,,,,
Daley Center Plaza,4892,41.8841812,-87.6296407,250,other_amenity,41.88342079999999,-87.6307345,,bench,,,,,,,
Daley Center Plaza,4892,41.8841812,-87.6296407,250,other_amenity,41.88342149999999,-87.6306823,,bench,,,,,,,
Daley Center Plaza,4892,41.8841812,-87.6296407,250,other_amenity,41.8843903,-87.6270653,,loading_dock,,,,,,,
Daley Center Plaza,4892,41.8841812,-87.6296407,250,other_amenity,41.88613949999999,-87.6301729,,loading_dock,,,,,,,
Daley Center Plaza,4892,41.8841812,-87.6296407,250,office,41.8819359,-87.6268564,H&R Block,,,,tax_advisor,,,,
Daley Center Plaza,4892,41.8841812,-87.6296407,250,other_amenity,41.8846302,-87.6311854,,bicycle_parking,,,,,,,
Daley Center Plaza,4892,41.8841812,-87.6296407,250,other_amenity,41.885858,-87.63141749999998,,parking_entrance,,,,,,,
Daley Center Plaza,4892,41.8841812,-87.6296407,250,other_amenity,41.88562459999999,-87.6320539,,loading_dock,,,,,,,
Daley Center Plaza,4892,41.8841812,-87.6296407,250,food_drink,41.8851837,-87.630754,Starbucks,cafe,,,,,,,
Daley Center Plaza,4892,41.8841812,-87.6296407,250,other_amenity,41.8856381,-87.6303682,,parking_entrance,,,,,,,
Daley Center Plaza,4892,41.8841812,-87.6296407,250,other_amenity,41.885227099999994,-87.629348,,parking_entrance,,,,,,,
Daley Center Plaza,4892,41.8841812,-87.6296407,250,other_amenity,41.8851024,-87.6285191,,loading_dock,,,,,,,
Daley Center Plaza,4892,41.8841812,-87.6296407,250,other_amenity,41.88564869999998,-87.6287265,,parking_entrance,,,,,,,
Daley Center Plaza,4892,41.8841812,-87.6296407,250,other_amenity,41.8856491,-87.6286403,,parking_entrance,,,,,,,
Daley Center Plaza,4892,41.8841812,-87.6296407,250,other_amenity,41.88517689999999,-87.6278979,,ticket_validator,,,,,,,
Daley Center Plaza,4892,41.8841812,-87.6296407,250,other_amenity,41.88518169999999,-87.62684170000001,,loading_dock,,,,,,,
Daley Center Plaza,4892,41.8841812,-87.6296407,250,other_amenity,41.8850683,-87.6270857,,loading_dock,,,,,,,
Daley Center Plaza,4892,41.8841812,-87.6296407,250,other_amenity,41.88501109999999,-87.6273065,,loading_dock,,,,,,,
Daley Center Plaza,4892,41.8841812,-87.6296407,250,other_amenity,41.884608099999994,-87.6270648,,parking_entrance,,,,,,,
Daley Center Plaza,4892,41.8841812,-87.6296407,250,other_amenity,41.88386789999999,-87.6278649,,ticket_validator,,,,,,,
Daley Center Plaza,4892,41.8841812,-87.6296407,250,other_amenity,41.886214800000005,-87.63114960000001,,parking_entrance,,,,,,,
Daley Center Plaza,4892,41.8841812,-87.6296407,250,other_amenity,41.8862663,-87.6316096,,loading_dock,,,,,,,
Daley Center Plaza,4892,41.8841812,-87.6296407,250,other_amenity,41.886312100000005,-87.6318635,,parking_entrance,,,,,,,
Daley Center Plaza,4892,41.8841812,-87.6296407,250,other_amenity,41.886355299999984,-87.6311616,,parking_entrance,,,,,,,
Daley Center Plaza,4892,41.8841812,-87.6296407,250,other_amenity,41.88620900000001,-87.6322551,,parking_entrance,,,,,,,
Daley Center Plaza,4892,41.8841812,-87.6296407,250,other_amenity,41.8862449,-87.6322525,,parking_entrance,,,,,,,
Daley Center Plaza,4892,41.8841812,-87.6296407,250,other_amenity,41.886252299999995,-87.6311491,,parking_entrance,,,,,,,
Daley Center Plaza,4892,41.8841812,-87.6296407,250,other_amenity,41.88612940000001,-87.6314512,,parking_entrance,,,,,,,
Daley Center Plaza,4892,41.8841812,-87.6296407,250,other_amenity,41.88622959999999,-87.6317016,,parking_entrance,,,,,,,
Daley Center Plaza,4892,41.8841812,-87.6296407,250,other_amenity,41.88623809999999,-87.6297761,,parking_entrance,,,,,,,
Daley Center Plaza,4892,41.8841812,-87.6296407,250,other_amenity,41.88603710000001,-87.6279635,,bench,,,,,,,
Daley Center Plaza,4892,41.8841812,-87.6296407,250,other_amenity,41.886146999999994,-87.6279654,,bench,,,,,,,
Daley Center Plaza,4892,41.8841812,-87.6296407,250,other_amenity,41.886252199999994,-87.6270252,,loading_dock,,,,,,,
Daley Center Plaza,4892,41.8841812,-87.6296407,250,other_amenity,41.8863379,-87.6271328,,parking_entrance,,,,,,,
Daley Center Plaza,4892,41.8841812,-87.6296407,250,other_amenity,41.88624970000001,-87.627591,,loading_dock,,,,,,,
Daley Center Plaza,4892,41.8841812,-87.6296407,250,other_amenity,41.885275500000006,-87.628186,State Street Studio,studio,,,,,,,
Daley Center Plaza,4892,41.8841812,-87.6296407,250,other_amenity,41.8854279,-87.6281846,ESPN 1000 WMVP,studio,,,,,,,
Daley Center Plaza,4892,41.8841812,-87.6296407,250,other_amenity,41.8853605,-87.6297576,,toilets,,,,,,,
Daley Center Plaza,4892,41.8841812,-87.6296407,250,retail,41.8852149,-87.629754,Box Office,,ticket,,,,,,
Daley Center Plaza,4892,41.8841812,-87.6296407,250,other_amenity,41.8844198,-87.62878150000002,,vending_machine,,,,,,,
Daley Center Plaza,4892,41.8841812,-87.6296407,250,office,41.8834408,-87.628579,"Sterling Hughes, LLC",,,,lawyer,,,,
Daley Center Plaza,4892,41.8841812,-87.6296407,250,food_drink,41.88220919999999,-87.630453,Copper Club,restaurant,,,,,,,
Daley Center Plaza,4892,41.8841812,-87.6296407,250,food_drink,41.8829875,-87.6287825,Stan's Donuts & Coffee,cafe,,,,,,,
Daley Center Plaza,4892,41.8841812,-87.6296407,250,retail,41.884940199999996,-87.6276035,Walgreens,pharmacy,chemist,,,,,,pharmacy
Daley Center Plaza,4892,41.8841812,-87.6296407,250,retail,41.8838973,-87.6281514,Banana Republic,,clothes,,,,,,
Daley Center Plaza,4892,41.8841812,-87.6296407,250,food_drink,41.88592309999999,-87.6288877,Starbucks,cafe,,,,,,,
Daley Center Plaza,4892,41.8841812,-87.6296407,250,other_amenity,41.8820026,-87.6269729,,bicycle_parking,,,,,,,
Daley Center Plaza,4892,41.8841812,-87.6296407,250,other_amenity,41.882000899999994,-87.6267962,,bicycle_parking,,,,,,,
Daley Center Plaza,4892,41.8841812,-87.6296407,250,health,41.8829696,-87.6314271,The Dental Loft,dentist,,,,,,,dentist
Daley Center Plaza,4892,41.8841812,-87.6296407,250,retail,41.88461669999999,-87.6289358,Garrett's Popcorn,,confectionery,,,,,,
Daley Center Plaza,4892,41.8841812,-87.6296407,250,food_drink,41.883893699999994,-87.6287588,Starbucks,cafe,,,,,,,
Daley Center Plaza,4892,41.8841812,-87.6296407,250,office,41.88290779999999,-87.631302,Burnham Nationwide,,,,consulting,,,,
Daley Center Plaza,4892,41.8841812,-87.6296407,250,office,41.884883599999995,-87.6304078,HDI Global Insurance Company,,,,insurance,,,,
Daley Center Plaza,4892,41.8841812,-87.6296407,250,office,41.8850299,-87.6306045,"Salvi, Schostok & Pritchard P.C.",,,,lawyer,,,,
Daley Center Plaza,4892,41.8841812,-87.6296407,250,food_drink,41.88384450000001,-87.6278424,Dunkin',fast_food,,,,,,,
Daley Center Plaza,4892,41.8841812,-87.6296407,250,health,41.8829842,-87.6266479,Strobel Dentistry,dentist,,,,,,,dentist
Daley Center Plaza,4892,41.8841812,-87.6296407,250,health,41.88289000000001,-87.6313583,Passport Health Downtown Chicago Travel Clinic,clinic,,,,,,,clinic
Daley Center Plaza,4892,41.8841812,-87.6296407,250,office,41.88412799999998,-87.6299062,Cook County States Attorney,,,,government,,,,
Daley Center Plaza,4892,41.8841812,-87.6296407,250,office,41.882642099999984,-87.6275355,Illinois Secretary of State Index Department,,,,government,,,,
Daley Center Plaza,4892,41.8841812,-87.6296407,250,health,41.8829316,-87.62681600000002,Kraff Eye Institute,doctors,,,,,,,doctor
Daley Center Plaza,4892,41.8841812,-87.6296407,250,other_amenity,41.88596960000001,-87.6323047,,bicycle_parking,,,,,,,
Daley Center Plaza,4892,41.8841812,-87.6296407,250,other_amenity,41.8855338,-87.6326231,,bicycle_parking,,,,,,,
Daley Center Plaza,4892,41.8841812,-87.6296407,250,other_amenity,41.8858238,-87.6321336,,bicycle_parking,,,,,,,
Daley Center Plaza,4892,41.8841812,-87.6296407,250,other_amenity,41.8820461,-87.6321426,,bicycle_parking,,,,,,,
Daley Center Plaza,4892,41.8841812,-87.6296407,250,other_amenity,41.8821426,-87.6322588,,bicycle_parking,,,,,,,
Daley Center Plaza,4892,41.8841812,-87.6296407,250,other_amenity,41.88245270000001,-87.6322659,,bicycle_parking,,,,,,,
Daley Center Plaza,4892,41.8841812,-87.6296407,250,other_amenity,41.8827315,-87.6322774,,bicycle_parking,,,,,,,
Daley Center Plaza,4892,41.8841812,-87.6296407,250,other_amenity,41.8831341,-87.632043,,bicycle_parking,,,,,,,
Daley Center Plaza,4892,41.8841812,-87.6296407,250,other_amenity,41.8836648,-87.632586,,bicycle_parking,,,,,,,
Daley Center Plaza,4892,41.8841812,-87.6296407,250,other_amenity,41.8833634,-87.63256460000001,,bicycle_parking,,,,,,,
Daley Center Plaza,4892,41.8841812,-87.6296407,250,tourism,41.88464080000001,-87.629045,Cambria Hotel Chicago Loop - Theatre District,,,hotel,,,,,
Daley Center Plaza,4892,41.8841812,-87.6296407,250,transit,41.88423889999999,-87.6323951,LaSalle & Randolph,,,,,,stop_position,,
Daley Center Plaza,4892,41.8841812,-87.6296407,250,transit,41.886397900000006,-87.6325678,LaSalle & Wacker/Lake,,,,,,stop_position,,
Daley Center Plaza,4892,41.8841812,-87.6296407,250,retail,41.8822362,-87.62688310000001,GNC,,nutrition_supplements,,,,,,
Daley Center Plaza,4892,41.8841812,-87.6296407,250,office,41.88230360000001,-87.6291552,Chicago Board of Education,,,,educational_institution,,,,
Daley Center Plaza,4892,41.8841812,-87.6296407,250,other_amenity,41.884563899999996,-87.6306959,,bicycle_parking,,,,,,,
Daley Center Plaza,4892,41.8841812,-87.6296407,250,other_amenity,41.883360899999985,-87.63102260000001,,bicycle_parking,,,,,,,
Daley Center Plaza,4892,41.8841812,-87.6296407,250,other_amenity,41.88339210000001,-87.6310249,,bicycle_parking,,,,,,,
Daley Center Plaza,4892,41.8841812,-87.6296407,250,retail,41.8821219,-87.62959080000002,,,vacant,,,,,,
Daley Center Plaza,4892,41.8841812,-87.6296407,250,office,41.8822485,-87.6301555,"Law Offices of David L. Freidberg, P.C.",,,,lawyer,,,,
Daley Center Plaza,4892,41.8841812,-87.6296407,250,other_amenity,41.8858341,-87.6270691,,bicycle_parking,,,,,,,
Daley Center Plaza,4892,41.8841812,-87.6296407,250,other_amenity,41.8858341,-87.6266806,,bicycle_parking,,,,,,,
Daley Center Plaza,4892,41.8841812,-87.6296407,250,other_amenity,41.8840811,-87.6325921,,bicycle_parking,,,,,,,
Daley Center Plaza,4892,41.8841812,-87.6296407,250,other_amenity,41.882090799999986,-87.628201,,bicycle_parking,,,,,,,
Daley Center Plaza,4892,41.8841812,-87.6296407,250,other_amenity,41.8832945,-87.6282242,,bicycle_parking,,,,,,,
Daley Center Plaza,4892,41.8841812,-87.6296407,250,other_amenity,41.8827689,-87.628015,,bicycle_parking,,,,,,,
Daley Center Plaza,4892,41.8841812,-87.6296407,250,other_amenity,41.881951999999984,-87.6283667,,bicycle_parking,,,,,,,
Daley Center Plaza,4892,41.8841812,-87.6296407,250,other_amenity,41.8819557,-87.6281935,,bicycle_parking,,,,,,,
Daley Center Plaza,4892,41.8841812,-87.6296407,250,other_amenity,41.88264420000001,-87.6307978,,bicycle_parking,,,,,,,
Daley Center Plaza,4892,41.8841812,-87.6296407,250,other_amenity,41.8824372,-87.630796,,bicycle_parking,,,,,,,
Daley Center Plaza,4892,41.8841812,-87.6296407,250,other_amenity,41.882440499999994,-87.63099810000001,,bicycle_parking,,,,,,,
Daley Center Plaza,4892,41.8841812,-87.6296407,250,other_amenity,41.8820611,-87.6311116,,bicycle_parking,,,,,,,
Daley Center Plaza,4892,41.8841812,-87.6296407,250,other_amenity,41.8855095,-87.6316702,Ventra,vending_machine,,,,,,,
Daley Center Plaza,4892,41.8841812,-87.6296407,250,other_amenity,41.885923899999995,-87.6315438,Ventra,vending_machine,,,,,,,
Daley Center Plaza,4892,41.8841812,-87.6296407,250,other_amenity,41.882583100000005,-87.6294256,,ticket_validator,,,,,,,
Daley Center Plaza,4892,41.8841812,-87.6296407,250,other_amenity,41.8838341,-87.6294689,,ticket_validator,,,,,,,
Daley Center Plaza,4892,41.8841812,-87.6296407,250,other_amenity,41.8859281,-87.6322504,,atm,,,,,,,
Daley Center Plaza,4892,41.8841812,-87.6296407,250,other_amenity,41.88411690000001,-87.6307613,,bicycle_parking,,,,,,,
Daley Center Plaza,4892,41.8841812,-87.6296407,250,other_amenity,41.884303599999996,-87.63106320000001,,bicycle_parking,,,,,,,
Daley Center Plaza,4892,41.8841812,-87.6296407,250,tourism,41.88337740000001,-87.629829,Chicago Picasso Braille Model,,,artwork,,,,,
Daley Center Plaza,4892,41.8841812,-87.6296407,250,health,41.8826356,-87.6266338,Planned Parenthood - Loop Health Center,clinic,,,,,,,counselling
Daley Center Plaza,4892,41.8841812,-87.6296407,250,other_amenity,41.8831908,-87.6321678,Riley O'Neil Memorial Station at City Hall,bicycle_rental,,,,,,,
Daley Center Plaza,4892,41.8841812,-87.6296407,250,other_amenity,41.88469109999999,-87.6274025,Joffrey Ballet,dancing_school,,,,,,,
Daley Center Plaza,4892,41.8841812,-87.6296407,250,food_drink,41.88343989999999,-87.6300968,Chiya Chai,fast_food,,,,,,,
Daley Center Plaza,4892,41.8841812,-87.6296407,250,education,41.882406,-87.6291683,Adler University,university,,,,,,,
Daley Center Plaza,4892,41.8841812,-87.6296407,250,food_drink,41.886398,-87.630705,The Good Eating Company,cafe,,,,,,,
Daley Center Plaza,4892,41.8841812,-87.6296407,250,retail,41.8838784,-87.6287116,Iridium 77,,clothes,,,,,,
Daley Center Plaza,4892,41.8841812,-87.6296407,250,other_amenity,41.88563599999999,-87.6308864,,recycling,,,,,,,
Daley Center Plaza,4892,41.8841812,-87.6296407,250,other_amenity,41.8856409,-87.6308869,,waste_basket,,,,,,,
Daley Center Plaza,4892,41.8841812,-87.6296407,250,other_amenity,41.882054,-87.631671,,post_box,,,,,,,
Daley Center Plaza,4892,41.8841812,-87.6296407,250,recreation,41.88385082869324,-87.63204120499495,Chicago City Hall Roof Garden,,,,,garden,,,
Daley Center Plaza,4892,41.8841812,-87.6296407,250,education,41.88039993835389,-87.62473811065173,School of The Art Institute of Chicago,college,,,,,,,
Daley Center Plaza,4892,41.8841812,-87.6296407,250,office,41.8840945519821,-87.6302045782273,Richard J. Daley Center,,,,government,,,,
Daley Center Plaza,4892,41.8841812,-87.6296407,250,other_amenity,41.88385268943025,-87.63198048127788,Chicago City Hall,townhall,,,,,,,
Daley Center Plaza,4892,41.8841812,-87.6296407,250,office,41.88383913958993,-87.63136588036997,Cook County Building,,,,government,,,,
Daley Center Plaza,4892,41.8841812,-87.6296407,250,other_amenity,41.884839911771195,-87.62683427028125,Wabash-Randolph Parking Garage,parking,,,,,,,
Daley Center Plaza,4892,41.8841812,-87.6296407,250,retail,41.88386332508371,-87.62705730370992,Macy's,,department_store,,,,,,
Daley Center Plaza,4892,41.8841812,-87.6296407,250,office,41.88287780123329,-87.6299517159392,George W. Dunne Cook County Administration Building,,,,government,,,,
Daley Center Plaza,4892,41.8841812,-87.6296407,250,tourism,41.8830438873445,-87.62823330508516,"Staypineapple, An Iconic Hotel, The Loop",,,hotel,,,,,
Daley Center Plaza,4892,41.8841812,-87.6296407,250,tourism,41.883622824862464,-87.6299791183572,Chicago Picasso,,,artwork,,,,,
Daley Center Plaza,4892,41.8841812,-87.6296407,250,retail,41.8838677837705,-87.62868649594989,Block 37 Shops,,mall,,,,,,
Daley Center Plaza,4892,41.8841812,-87.6296407,250,other_amenity,41.8853957731141,-87.6272384266158,Chicago Theatre,theatre,,,,,,,
Daley Center Plaza,4892,41.8841812,-87.6296407,250,other_amenity,41.88539562313774,-87.62906433758562,Theater District Self Park,parking,,,,,,,
Daley Center Plaza,4892,41.8841812,-87.6296407,250,other_amenity,41.883533175222446,-87.63049053887731,Daley Center Fountain,fountain,,,,,,,
Daley Center Plaza,4892,41.8841812,-87.6296407,250,other_amenity,41.88285917178575,-87.63061458156574,First United Methodist Church of Chicago,place_of_worship,,,,,,,
Daley Center Plaza,4892,41.8841812,-87.6296407,250,other_amenity,41.885424376612185,-87.63045271068435,Government Center Self Park,parking,,,,,,,
Daley Center Plaza,4892,41.8841812,-87.6296407,250,tourism,41.88624866732674,-87.62847771176449,Renaissance Chicago Downtown Hotel,,,hotel,,,,,
Daley Center Plaza,4892,41.8841812,-87.6296407,250,tourism,41.88606235344364,-87.62762013530005,The Wit Hotel,,,hotel,,,,,
Daley Center Plaza,4892,41.8841812,-87.6296407,250,other_amenity,41.882326041936885,-87.63147958465176,St. Peter's Church,place_of_worship,,,,,,,
Daley Center Plaza,4892,41.8841812,-87.6296407,250,other_amenity,41.885523156916705,-87.62984310836303,Owen Bruner Goodman Theatre,theatre,,,,,,,
Daley Center Plaza,4892,41.8841812,-87.6296407,250,other_amenity,41.885454113724684,-87.62839517672904,ABC Building,studio,,,,,,,
Daley Center Plaza,4892,41.8841812,-87.6296407,250,office,41.88506488943215,-87.62990266511267,Goodman Theatre Center,arts_centre,,,educational_institution,,,,
Daley Center Plaza,4892,41.8841812,-87.6296407,250,tourism,41.883068550001106,-87.63037749999998,Miro's Chicago,,,artwork,,,,,
Daley Center Plaza,4892,41.8841812,-87.6296407,250,tourism,41.88474490160298,-87.63121382112115,Monument With Standing Beast,,,artwork,,,,,
Daley Center Plaza,4892,41.8841812,-87.6296407,250,office,41.88481615414088,-87.63292075071016,Michael A. Bilandic Building,,,,government,,,,
Daley Center Plaza,4892,41.8841812,-87.6296407,250,retail,41.88297635137727,-87.62736907595695,Primark,,clothes,,,,,,
Daley Center Plaza,4892,41.8841812,-87.6296407,250,recreation,41.88346445000389,-87.62965595000004,,,,,,garden,,,
Daley Center Plaza,4892,41.8841812,-87.6296407,250,transit,41.88205785420868,-87.62883129975894,,,,,,,platform,,
Daley Center Plaza,4892,41.8841812,-87.6296407,250,transit,41.88200802678875,-87.63283229580576,,,,,,,platform,,
Daley Center Plaza,4892,41.8841812,-87.6296407,250,transit,41.88319043389384,-87.62737046326772,,,,,,,platform,,
Daley Center Plaza,4892,41.8841812,-87.6296407,250,transit,41.88318608379257,-87.63042668413125,,,,,,,platform,,
Daley Center Plaza,4892,41.8841812,-87.6296407,250,transit,41.88318133841561,-87.63298904282837,,,,,,,platform,,
Daley Center Plaza,4892,41.8841812,-87.6296407,250,other_amenity,41.883497829906545,-87.62887554310784,CBS 2 Broadcast Center,studio,,,,,,,
Daley Center Plaza,4892,41.8841812,-87.6296407,250,tourism,41.88428253493237,-87.628785138863,The Marquee at Block 37,,,hotel,,,,,
Daley Center Plaza,4892,41.8841812,-87.6296407,250,transit,41.88569576838951,-87.63143617044011,,,,,,,platform,platform,
Daley Center Plaza,4892,41.8841812,-87.6296407,250,transit,41.88579742994658,-87.63139654004937,,,,,,,platform,platform,
Daley Center Plaza,4892,41.8841812,-87.6296407,250,transit,41.880752604407775,-87.62774638388885,,,,,,,platform,platform,
Daley Center Plaza,4892,41.8841812,-87.6296407,250,transit,41.88473467755487,-87.6278912968916,,,,,,,platform,platform,
Daley Center Plaza,4892,41.8841812,-87.6296407,250,transit,41.885730678038364,-87.63272689378611,,,,,,,platform,platform,
Daley Center Plaza,4892,41.8841812,-87.6296407,250,transit,41.88073240665465,-87.62937838114605,,,,,,,platform,platform,
Daley Center Plaza,4892,41.8841812,-87.6296407,250,transit,41.88323278955703,-87.62944793493513,,,,,,,platform,platform,
Daley Center Plaza,4892,41.8841812,-87.6296407,250,recreation,41.88409229832583,-87.62919537409029,,,,,,swimming_pool,,,
Daley Center Plaza,4892,41.8841812,-87.6296407,250,education,41.88606022604011,-87.62681530954399,Harold Washington College,college,,,,,,,
Daley Center Plaza,4892,41.8841812,-87.6296407,250,other_amenity,41.88318657553059,-87.63037592473746,,shelter,,,,,,,
Daley Center Plaza,4892,41.8841812,-87.6296407,250,recreation,41.883705188328896,-87.63057638224154,,,,,,garden,,,
Daley Center Plaza,4892,41.8841812,-87.6296407,250,recreation,41.88439977332631,-87.63063899032785,,,,,,garden,,,
Daley Center Plaza,4892,41.8841812,-87.6296407,250,recreation,41.88440090109248,-87.63035347569104,,,,,,garden,,,
Daley Center Plaza,4892,41.8841812,-87.6296407,250,recreation,41.88440320109248,-87.63006537569105,,,,,,garden,,,
Daley Center Plaza,4892,41.8841812,-87.6296407,250,recreation,41.88440549899843,-87.62978652431393,,,,,,garden,,,
Daley Center Plaza,4892,41.8841812,-87.6296407,250,recreation,41.883518412022035,-87.63071608009606,,,,,,garden,,,
Daley Center Plaza,4892,41.8841812,-87.6296407,250,other_amenity,41.88319071385853,-87.6273055668568,,shelter,,,,,,,
Daley Center Plaza,4892,41.8841812,-87.6296407,250,other_amenity,41.88650042313052,-87.6320174390807,221 La Salle Public Parking,parking,,,,,,,
Daley Center Plaza,4892,41.8841812,-87.6296407,250,other_amenity,41.886107759036726,-87.63001081347636,,parking,,,,,,,
Daley Center Plaza,4892,41.8841812,-87.6296407,250,other_amenity,41.88643517862579,-87.63041322065055,,parking,,,,,,,
Daley Center Plaza,4892,41.8841812,-87.6296407,250,other_amenity,41.882056081029724,-87.6289313019976,,shelter,,,,,,,
Daley Center Plaza,4892,41.8841812,-87.6296407,250,recreation,41.88543890499774,-87.63246992640349,,,,,,garden,,,
Daley Center Plaza,4892,41.8841812,-87.6296407,250,recreation,41.88497804947651,-87.63246480890776,,,,,,garden,,,
Daley Center Plaza,4892,41.8841812,-87.6296407,250,recreation,41.884941475144785,-87.63115413596027,,,,,,garden,,,
Daley Center Plaza,4892,41.8841812,-87.6296407,250,recreation,41.884646998870146,-87.6316749651564,,,,,,garden,,,
Daley Center Plaza,4892,41.8841812,-87.6296407,250,other_amenity,41.88574648097566,-87.63145236512194,,shelter,,,,,,,
Daley Center Plaza,4892,41.8841812,-87.6296407,250,other_amenity,41.884974287004866,-87.62993161998762,Albert Ivar Goodman Theatre,theatre,,,,,,,
Daley Center Plaza,4892,41.8841812,-87.6296407,250,recreation,41.884592040873954,-87.63009514083602,,,,,,outdoor_seating,,,
Daley Center Plaza,4892,41.8841812,-87.6296407,250,recreation,41.884979264821105,-87.63079247754688,,,,,,outdoor_seating,,,
Daley Center Plaza,4892,41.8841812,-87.6296407,250,recreation,41.885189849594305,-87.63079929733644,,,,,,outdoor_seating,,,
Daley Center Plaza,4892,41.8841812,-87.6296407,250,office,41.884709837080955,-87.6299274153821,Alice Rapoport Center,,,,educational_institution,,,,
Daley Center Plaza,4892,41.8841812,-87.6296407,250,food_drink,41.885525895466934,-87.62968726720396,Goodman Lounge,bar,,,,,,,
Daley Center Plaza,4892,41.8841812,-87.6296407,250,recreation,41.88459315000567,-87.62996750000008,,,,,,outdoor_seating,,,
Daley Center Plaza,4892,41.8841812,-87.6296407,250,recreation,41.88459473521491,-87.62984137819365,,,,,,outdoor_seating,,,
Daley Center Plaza,4892,41.8841812,-87.6296407,250,recreation,41.884622574245455,-87.62965298172247,,,,,,outdoor_seating,,,
Daley Center Plaza,4892,41.8841812,-87.6296407,250,recreation,41.88477447137341,-87.62962349476433,,,,,,outdoor_seating,,,
Daley Center Plaza,4892,41.8841812,-87.6296407,250,recreation,41.885564877250545,-87.6281573247889,,,,,,outdoor_seating,,,
Daley Center Plaza,4892,41.8841812,-87.6296407,250,tourism,41.88466672471465,-87.62886453537281,Cambria Chicago Loop - Theatre District,,,hotel,,,,,
Daley Center Plaza,4892,41.8841812,-87.6296407,250,other_amenity,41.88488828273327,-87.62884681718621,James M. Nederlander Theatre,theatre,,,,,,,
Daley Center Plaza,4892,41.8841812,-87.6296407,250,recreation,41.88553188711005,-87.62773717532096,,,,,,outdoor_seating,,,
Daley Center Plaza,4892,41.8841812,-87.6296407,250,recreation,41.88611771188228,-87.63248168569496,,,,,,garden,,,
Daley Center Plaza,4892,41.8841812,-87.6296407,250,other_amenity,41.88640672563592,-87.63142006660458,OneEleven,parking,,,,,,,
Daley Center Plaza,4892,41.8841812,-87.6296407,250,other_amenity,41.886247796465526,-87.63170197799046,Alamo,car_rental,,,,,,,
Daley Center Plaza,4892,41.8841812,-87.6296407,250,other_amenity,41.886179478701614,-87.63169802978824,200 N Clark Self Park,parking,,,,,,,
Daley Center Plaza,4892,41.8841812,-87.6296407,250,other_amenity,41.88599379120776,-87.63131200336532,110 W Lake,parking,,,,,,,
Daley Center Plaza,4892,41.8841812,-87.6296407,250,recreation,41.88626779444925,-87.63055563250794,,,,,,garden,,,
Daley Center Plaza,4892,41.8841812,-87.6296407,250,recreation,41.88633078041619,-87.63084526835772,,,,,,garden,,,
Daley Center Plaza,4892,41.8841812,-87.6296407,250,other_amenity,41.88605464995913,-87.63088714999589,Clark St & Lake St,bicycle_rental,,,,,,,
Daley Center Plaza,4892,41.8841812,-87.6296407,250,recreation,41.886065446078156,-87.63022667942833,,,,,,park,,,
Daley Center Plaza,4892,41.8841812,-87.6296407,250,recreation,41.886202749994666,-87.63005349999932,,,,,,swimming_pool,,,
Daley Center Plaza,4892,41.8841812,-87.6296407,250,recreation,41.88614524999477,-87.62941719999937,,,,,,garden,,,
Daley Center Plaza,4892,41.8841812,-87.6296407,250,recreation,41.88602053049857,-87.62941142579862,,,,,,garden,,,
Daley Center Plaza,4892,41.8841812,-87.6296407,250,recreation,41.88617519999184,-87.62811934999931,,,,,,garden,,,
Daley Center Plaza,4892,41.8841812,-87.6296407,250,recreation,41.885871998312105,-87.62889547481912,,,,,,outdoor_seating,,,
Daley Center Plaza,4892,41.8841812,-87.6296407,250,recreation,41.88630524999185,-87.6281213499993,,,,,,garden,,,
Daley Center Plaza,4892,41.8841812,-87.6296407,250,recreation,41.88642494999169,-87.62812264999923,,,,,,garden,,,
Daley Center Plaza,4892,41.8841812,-87.6296407,250,recreation,41.886294823446455,-87.62796791818812,,,,,,outdoor_seating,,,
Daley Center Plaza,4892,41.8841812,-87.6296407,250,tourism,41.885942804361974,-87.62796228648017,Loop Da Loop,,,artwork,,,,,
Daley Center Plaza,4892,41.8841812,-87.6296407,250,recreation,41.88600849997412,-87.62817814999782,,,,,,outdoor_seating,,,
Daley Center Plaza,4892,41.8841812,-87.6296407,250,other_amenity,41.886129024756464,-87.62862481911102,,parking,,,,,,,
Daley Center Plaza,4892,41.8841812,-87.6296407,250,other_amenity,41.88648307094604,-87.62722040058676,One East Wacker,parking,,,,,,,
Daley Center Plaza,4892,41.8841812,-87.6296407,250,other_amenity,41.88531595776961,-87.62860048418212,ABC TV Studios,studio,,,,,,,
Daley Center Plaza,4892,41.8841812,-87.6296407,250,recreation,41.882517096103456,-87.62712179336454,,,,,,garden,,,
Daley Center Plaza,4892,41.8841812,-87.6296407,250,recreation,41.88242169225793,-87.626820177937,,,,,,garden,,,
Daley Center Plaza,4892,41.8841812,-87.6296407,250,recreation,41.8824899442347,-87.62682242422859,,,,,,garden,,,
Daley Center Plaza,4892,41.8841812,-87.6296407,250,recreation,41.882420202183795,-87.626897356532,,,,,,garden,,,
Daley Center Plaza,4892,41.8841812,-87.6296407,250,recreation,41.882553719826284,-87.62655138608943,,,,,,garden,,,
Daley Center Plaza,4892,41.8841812,-87.6296407,250,recreation,41.882460011298704,-87.62657271687245,,,,,,garden,,,
Daley Center Plaza,4892,41.8841812,-87.6296407,250,recreation,41.88228326109305,-87.62654992010906,,,,,,garden,,,
Daley Center Plaza,4892,41.8841812,-87.6296407,250,recreation,41.88221077023957,-87.62872100067888,,,,,,outdoor_seating,,,
Daley Center Plaza,4892,41.8841812,-87.6296407,250,recreation,41.88227303630101,-87.62859640554257,,,,,,garden,,,
Daley Center Plaza,4892,41.8841812,-87.6296407,250,other_amenity,41.88510253331319,-87.62953221197843,,parking,,,,,,,
Daley Center Plaza,4892,41.8841812,-87.6296407,250,other_amenity,41.884518000185096,-87.62995645000677,,parking,,,,,,,
Daley Center Plaza,4892,41.8841812,-87.6296407,250,other_amenity,41.88451607104113,-87.63047821020118,,parking,,,,,,,
Daley Center Plaza,4892,41.8841812,-87.6296407,250,other_amenity,41.8828500277657,-87.62947279188127,,parking,,,,,,,
Daley Center Plaza,4892,41.8841812,-87.6296407,250,other_amenity,41.882403335697774,-87.62946501887214,,parking,,,,,,,
Daley Center Plaza,4892,41.8841812,-87.6296407,250,other_amenity,41.88453085573189,-87.62661602381964,,parking,,,,,,,
Daley Center Plaza,4892,41.8841812,-87.6296407,250,other_amenity,41.88453084082835,-87.62680717359281,,parking,,,,,,,
Daley Center Plaza,4892,41.8841812,-87.6296407,250,other_amenity,41.88452409753748,-87.62866278861263,,parking,,,,,,,
Daley Center Plaza,4892,41.8841812,-87.6296407,250,other_amenity,41.88443850568153,-87.62871887027268,,parking,,,,,,,
Daley Center Plaza,4892,41.8841812,-87.6296407,250,other_amenity,41.88452302454986,-87.62882570739735,,parking,,,,,,,
Daley Center Plaza,4892,41.8841812,-87.6296407,250,other_amenity,41.884512843705,-87.63136029007062,,parking,,,,,,,
Daley Center Plaza,4892,41.8841812,-87.6296407,250,other_amenity,41.88442843461887,-87.63137193531327,,parking,,,,,,,
Daley Center Plaza,4892,41.8841812,-87.6296407,250,other_amenity,41.88442693672585,-87.631940458324,,parking,,,,,,,
Daley Center Plaza,4892,41.8841812,-87.6296407,250,other_amenity,41.88288300787574,-87.63084894722488,,parking,,,,,,,
Daley Center Plaza,4892,41.8841812,-87.6296407,250,recreation,41.88267237379974,-87.62801181881476,,,,,,garden,,,
Daley Center Plaza,4892,41.8841812,-87.6296407,250,recreation,41.88268301232014,-87.62772869991107,,,,,,garden,,,
Daley Center Plaza,4892,41.8841812,-87.6296407,250,transit,41.882944082146096,-87.62783409251267,,,,,,,platform,platform,
Daley Center Plaza,4892,41.8841812,-87.6296407,250,recreation,41.883770410975046,-87.62775515951886,,,,,,garden,,,
Daley Center Plaza,4892,41.8841812,-87.6296407,250,recreation,41.884039023128906,-87.62805190349437,,,,,,garden,,,
Daley Center Plaza,4892,41.8841812,-87.6296407,250,recreation,41.88375867173227,-87.62804101904659,,,,,,garden,,,
Daley Center Plaza,4892,41.8841812,-87.6296407,250,recreation,41.884012738051396,-87.62776400626923,,,,,,garden,,,
Michigan Ave & Washington St,4840,41.883885,-87.6246938,250,other_amenity,41.8848116,-87.6255101,Storefront Theater,theatre,,,,,,,
Michigan Ave & Washington St,4840,41.883885,-87.6246938,250,health,41.881750499999995,-87.6275016,CVS Pharmacy,pharmacy,,,,,,,pharmacy
Michigan Ave & Washington St,4840,41.883885,-87.6246938,250,retail,41.88341069999999,-87.6259067,Staples,,stationery,,,,,,
Michigan Ave & Washington St,4840,41.883885,-87.6246938,250,food_drink,41.88390929999999,-87.6259628,McDonald's,fast_food,,,,,,,
Michigan Ave & Washington St,4840,41.883885,-87.6246938,250,food_drink,41.88197509999999,-87.6256688,Pizano's Pizza & Pasta,restaurant,,,,,,,
Michigan Ave & Washington St,4840,41.883885,-87.6246938,250,food_drink,41.88222669999999,-87.6272156,Jimmy John's,fast_food,,,,,,,
Michigan Ave & Washington St,4840,41.883885,-87.6246938,250,transit,41.881863399999986,-87.627645,State & Madison,,,,,,platform,,
Michigan Ave & Washington St,4840,41.883885,-87.6246938,250,health,41.8830959,-87.6247316,Walgreens,pharmacy,,,,,,,pharmacy
Michigan Ave & Washington St,4840,41.883885,-87.6246938,250,other_amenity,41.882364400000014,-87.62438640000002,,parking_entrance,,,,,,,
Michigan Ave & Washington St,4840,41.883885,-87.6246938,250,other_amenity,41.882374299999995,-87.6242974,,parking_entrance,,,,,,,
Michigan Ave & Washington St,4840,41.883885,-87.6246938,250,food_drink,41.8822271,-87.6274208,Garrett Popcorn Shops,fast_food,,,,,,,
Michigan Ave & Washington St,4840,41.883885,-87.6246938,250,other_amenity,41.8825838,-87.6243446,,parking_entrance,,,,,,,
Michigan Ave & Washington St,4840,41.883885,-87.6246938,250,other_amenity,41.88265259999999,-87.624436,,parking_entrance,,,,,,,
Michigan Ave & Washington St,4840,41.883885,-87.6246938,250,other_amenity,41.883332199999984,-87.6276758,,clock,,,,,,,
Michigan Ave & Washington St,4840,41.883885,-87.6246938,250,other_amenity,41.884385599999995,-87.6277012,,clock,,,,,,,
Michigan Ave & Washington St,4840,41.883885,-87.6246938,250,food_drink,41.8843548,-87.625863,Intelligentsia Coffee,cafe,,,,,,,
Michigan Ave & Washington St,4840,41.883885,-87.6246938,250,retail,41.88239840000001,-87.6267731,Burlington,,department_store,,,,,,
Michigan Ave & Washington St,4840,41.883885,-87.6246938,250,other_amenity,41.8823926,-87.6224699,,drinking_water,,,,,,,
Michigan Ave & Washington St,4840,41.883885,-87.6246938,250,retail,41.884848399999996,-87.6276109,Walgreens,,chemist,,,,,,
Michigan Ave & Washington St,4840,41.883885,-87.6246938,250,tourism,41.88371909999999,-87.62343,Interconnected,,,artwork,,,,,
Michigan Ave & Washington St,4840,41.883885,-87.6246938,250,tourism,41.8856833,-87.622108,,,,artwork,,,,,
Michigan Ave & Washington St,4840,41.883885,-87.6246938,250,tourism,41.885791899999994,-87.6219843,,,,artwork,,,,,
Michigan Ave & Washington St,4840,41.883885,-87.6246938,250,food_drink,41.8846515,-87.62376710000001,Market Creations,restaurant,,,,,,,
Michigan Ave & Washington St,4840,41.883885,-87.6246938,250,food_drink,41.88467839999999,-87.6228175,Wildberry Pancakes and Cafe,restaurant,,,,,,,
Michigan Ave & Washington St,4840,41.883885,-87.6246938,250,other_amenity,41.8848581,-87.6220802,,bench,,,,,,,
Michigan Ave & Washington St,4840,41.883885,-87.6246938,250,food_drink,41.882415599999995,-87.6247097,Starbucks,cafe,,,,,,,
Michigan Ave & Washington St,4840,41.883885,-87.6246938,250,retail,41.8818982,-87.6275053,Target,,department_store,,,,,,
Michigan Ave & Washington St,4840,41.883885,-87.6246938,250,retail,41.88198569999999,-87.6249638,Graham Crackers Comics,,books,,,,,,
Michigan Ave & Washington St,4840,41.883885,-87.6246938,250,other_amenity,41.886049099999994,-87.6243496,Michigan Ave & Lake St,bicycle_rental,,,,,,,
Michigan Ave & Washington St,4840,41.883885,-87.6246938,250,other_amenity,41.883885,-87.62469380000002,Michigan Ave & Washington St,bicycle_rental,,,,,,,
Michigan Ave & Washington St,4840,41.883885,-87.6246938,250,transit,41.8841534,-87.6230737,Millennium Station,,,,,,stop_position,stop,
Michigan Ave & Washington St,4840,41.883885,-87.6246938,250,transit,41.8841502,-87.6229957,Millennium Station,,,,,,stop_position,stop,
Michigan Ave & Washington St,4840,41.883885,-87.6246938,250,transit,41.8841458,-87.62285770000001,Millennium Station,,,,,,stop_position,stop,
Michigan Ave & Washington St,4840,41.883885,-87.6246938,250,transit,41.88414649999999,-87.622717,Millennium Station,,,,,,stop_position,stop,
Michigan Ave & Washington St,4840,41.883885,-87.6246938,250,transit,41.88414999999999,-87.622934,Millennium Station,,,,,,stop_position,stop,
Michigan Ave & Washington St,4840,41.883885,-87.6246938,250,transit,41.884380199999995,-87.6248021,Millennium Station,,,,,,,subway_entrance,
Michigan Ave & Washington St,4840,41.883885,-87.6246938,250,transit,41.8843465,-87.6246498,,,,,,,,subway_entrance,
Michigan Ave & Washington St,4840,41.883885,-87.6246938,250,food_drink,41.885639799999986,-87.6258796,Mammoth Poke & Ramen,restaurant,,,,,,,
Michigan Ave & Washington St,4840,41.883885,-87.6246938,250,retail,41.8858839,-87.6258283,7-Eleven,,convenience,,,,,,
Michigan Ave & Washington St,4840,41.883885,-87.6246938,250,transit,41.8841453,-87.6227929,Millennium Station,,,,,,stop_position,stop,
Michigan Ave & Washington St,4840,41.883885,-87.6246938,250,other_amenity,41.88447119999999,-87.6239911,Chase,atm,,,,,,,
Michigan Ave & Washington St,4840,41.883885,-87.6246938,250,other_amenity,41.88434459999999,-87.6239584,,toilets,,,,,,,
Michigan Ave & Washington St,4840,41.883885,-87.6246938,250,other_amenity,41.88466769999999,-87.6217089,,fountain,,,,,,,
Michigan Ave & Washington St,4840,41.883885,-87.6246938,250,other_amenity,41.885276499999996,-87.6221491,,fountain,,,,,,,
Michigan Ave & Washington St,4840,41.883885,-87.6246938,250,other_amenity,41.88456479999999,-87.6218494,,bench,,,,,,,
Michigan Ave & Washington St,4840,41.883885,-87.6246938,250,other_amenity,41.88480140000001,-87.6217844,,bench,,,,,,,
Michigan Ave & Washington St,4840,41.883885,-87.6246938,250,other_amenity,41.88215360000001,-87.6251198,Michigan Ave & Madison St,bicycle_rental,,,,,,,
Michigan Ave & Washington St,4840,41.883885,-87.6246938,250,other_amenity,41.88192990000001,-87.6247089,Bert Green Fine Art,arts_centre,,,,,,,
Michigan Ave & Washington St,4840,41.883885,-87.6246938,250,food_drink,41.882248,-87.6247084,Raising Cane's,fast_food,,,,,,,
Michigan Ave & Washington St,4840,41.883885,-87.6246938,250,food_drink,41.885583400000016,-87.62608540000001,Elephant & Castle,pub,,,,,,,
Michigan Ave & Washington St,4840,41.883885,-87.6246938,250,retail,41.88596609999999,-87.6238488,CVS Pharmacy,,chemist,,,,,,
Michigan Ave & Washington St,4840,41.883885,-87.6246938,250,retail,41.8858936,-87.62547100000002,Level Optical,,optician,,,,,,
Michigan Ave & Washington St,4840,41.883885,-87.6246938,250,food_drink,41.88588509999999,-87.6257578,Billy Goat Tavern,fast_food,,,,,,,
Michigan Ave & Washington St,4840,41.883885,-87.6246938,250,food_drink,41.8856269,-87.6268078,Dunkin',fast_food,,,,,,,
Michigan Ave & Washington St,4840,41.883885,-87.6246938,250,food_drink,41.88505299999999,-87.6264867,Subway,fast_food,,,,,,,
Michigan Ave & Washington St,4840,41.883885,-87.6246938,250,retail,41.884275599999995,-87.6259919,Loft,,clothes,,,,,,
Michigan Ave & Washington St,4840,41.883885,-87.6246938,250,other_amenity,41.88463479999999,-87.6249873,Chase,bank,,,,,,,
Michigan Ave & Washington St,4840,41.883885,-87.6246938,250,retail,41.8858904,-87.6256132,Beck's Book Store,,books,,,,,,
Michigan Ave & Washington St,4840,41.883885,-87.6246938,250,office,41.8856397,-87.6257011,MDA Chicago City Apartments,,,,estate_agent,,,,
Michigan Ave & Washington St,4840,41.883885,-87.6246938,250,retail,41.88375739999999,-87.6259612,Sugar Bliss Cake Boutique,,bakery,,,,,,
Michigan Ave & Washington St,4840,41.883885,-87.6246938,250,food_drink,41.8833909,-87.6255337,Subway,fast_food,,,,,,,
Michigan Ave & Washington St,4840,41.883885,-87.6246938,250,food_drink,41.883096800000004,-87.6255717,Pittsfield Cafe,cafe,,,,,,,
Michigan Ave & Washington St,4840,41.883885,-87.6246938,250,food_drink,41.88268719999999,-87.6259327,Oasis Cafe,restaurant,,,,,,,
Michigan Ave & Washington St,4840,41.883885,-87.6246938,250,other_amenity,41.88301119999998,-87.6264632,U.S. Bank,bank,,,,,,,
Michigan Ave & Washington St,4840,41.883885,-87.6246938,250,education,41.882676,-87.6265215,Cortiva Institute,college,,,,,,,
Michigan Ave & Washington St,4840,41.883885,-87.6246938,250,retail,41.88252649999999,-87.6264729,Ann Taylor,,clothes,,,,,,
Michigan Ave & Washington St,4840,41.883885,-87.6246938,250,retail,41.88239509999999,-87.6271142,TJ Maxx,,department_store,,,,,,
Michigan Ave & Washington St,4840,41.883885,-87.6246938,250,retail,41.88253250000001,-87.6260001,New York Jewelers,,jewelry,,,,,,
Michigan Ave & Washington St,4840,41.883885,-87.6246938,250,retail,41.8824156,-87.6259908,Prudential Jewelers,,jewelry,,,,,,
Michigan Ave & Washington St,4840,41.883885,-87.6246938,250,retail,41.882259,-87.6259865,Chicago Landmark Diamond Center,,jewelry,,,,,,
Michigan Ave & Washington St,4840,41.883885,-87.6246938,250,retail,41.8819596,-87.6259565,Windy City Diamonds,,jewelry,,,,,,
Michigan Ave & Washington St,4840,41.883885,-87.6246938,250,other_amenity,41.8819343,-87.6263964,Huntington Bank,bank,,,,,,,
Michigan Ave & Washington St,4840,41.883885,-87.6246938,250,food_drink,41.882336499999994,-87.6264727,Dunkin',fast_food,,,,,,,
Michigan Ave & Washington St,4840,41.883885,-87.6246938,250,retail,41.8829424,-87.626001,Fiancee Jewelry,,jewelry,,,,,,
Michigan Ave & Washington St,4840,41.883885,-87.6246938,250,transit,41.884576599999995,-87.6221253,Randolph & Stetson,,,,,,platform,,
Michigan Ave & Washington St,4840,41.883885,-87.6246938,250,food_drink,41.8826276,-87.625993,The Row Tavern,pub,,,,,,,
Michigan Ave & Washington St,4840,41.883885,-87.6246938,250,retail,41.88282269999999,-87.6260034,Mon Ami Jewelers,,jewelry,,,,,,
Michigan Ave & Washington St,4840,41.883885,-87.6246938,250,retail,41.88273889999999,-87.6260097,Luo M. Jewelers,,jewelry,,,,,,
Michigan Ave & Washington St,4840,41.883885,-87.6246938,250,food_drink,41.8819527,-87.62698,Panda Express,fast_food,,,,,,,
Michigan Ave & Washington St,4840,41.883885,-87.6246938,250,food_drink,41.882230699999994,-87.6270628,Chipotle,fast_food,,,,,,,
Michigan Ave & Washington St,4840,41.883885,-87.6246938,250,food_drink,41.8856203,-87.6276976,Chick-fil-A,fast_food,,,,,,,
Michigan Ave & Washington St,4840,41.883885,-87.6246938,250,food_drink,41.88589459999999,-87.6277082,Caffè Café,cafe,,,,,,,
Michigan Ave & Washington St,4840,41.883885,-87.6246938,250,transit,41.8850937,-87.6243129,Michigan & Randolph,,,,,,platform,,
Michigan Ave & Washington St,4840,41.883885,-87.6246938,250,transit,41.88510709999999,-87.6246782,Michigan & Lake/Randolph,,,,,,platform,,
Michigan Ave & Washington St,4840,41.883885,-87.6246938,250,transit,41.882449099999995,-87.6241443,Michigan & Madison,,,,,,platform,,
Michigan Ave & Washington St,4840,41.883885,-87.6246938,250,tourism,41.88415659999998,-87.62682120000001,Chicago Visitors Information Center,,,information,,,,,
Michigan Ave & Washington St,4840,41.883885,-87.6246938,250,office,41.885561399999986,-87.6251477,"Law Offices of Jonhathan M Aven, LTD",,,,lawyer,,,,
Michigan Ave & Washington St,4840,41.883885,-87.6246938,250,tourism,41.8833571,-87.6248187,Cow,,,artwork,,,,,
Michigan Ave & Washington St,4840,41.883885,-87.6246938,250,office,41.885508099999996,-87.62250820000001,Consulate General of Canada,,,,diplomatic,,,,
Michigan Ave & Washington St,4840,41.883885,-87.6246938,250,office,41.88548569999998,-87.6250766,Consulate General of Spain,,,,diplomatic,,,,
Michigan Ave & Washington St,4840,41.883885,-87.6246938,250,food_drink,41.88268479999999,-87.62359790000001,The Park Grill,restaurant,,,,,,,
Michigan Ave & Washington St,4840,41.883885,-87.6246938,250,other_amenity,41.8816956,-87.6237529,,fountain,,,,,,,
Michigan Ave & Washington St,4840,41.883885,-87.6246938,250,other_amenity,41.8856259,-87.6247809,Citibank,bank,,,,,,,
Michigan Ave & Washington St,4840,41.883885,-87.6246938,250,retail,41.88462269999999,-87.6266967,Ross,,department_store,,,,,,
Michigan Ave & Washington St,4840,41.883885,-87.6246938,250,retail,41.881905,-87.6259608,Reuven Gitter Jewelers,,jewelry,,,,,,
Michigan Ave & Washington St,4840,41.883885,-87.6246938,250,office,41.886053,-87.6237653,Consulate General of the Czech Republic,,,,diplomatic,,,,
Michigan Ave & Washington St,4840,41.883885,-87.6246938,250,recreation,41.88436,-87.6258983,LA Fitness,,,,,fitness_centre,,,
Michigan Ave & Washington St,4840,41.883885,-87.6246938,250,office,41.88591319999999,-87.6238104,CannonDesign,,,,architect,,,,
Michigan Ave & Washington St,4840,41.883885,-87.6246938,250,transit,41.8834586,-87.6246378,Michigan & Washington,,,,,,platform,,
Michigan Ave & Washington St,4840,41.883885,-87.6246938,250,food_drink,41.882698899999994,-87.624719,Remington’s,restaurant,,,,,,,
Michigan Ave & Washington St,4840,41.883885,-87.6246938,250,food_drink,41.8822253,-87.62549,Ryo Sushi,restaurant,,,,,,,
Michigan Ave & Washington St,4840,41.883885,-87.6246938,250,office,41.881881299999996,-87.6248874,Scanlan Law Group,,,,lawyer,,,,
Michigan Ave & Washington St,4840,41.883885,-87.6246938,250,transit,41.884305499999996,-87.6238524,Randolph & Michigan,,,,,,platform,,
Michigan Ave & Washington St,4840,41.883885,-87.6246938,250,transit,41.8825121,-87.6262113,Washington/Wabash,,,,,,station,station,
Michigan Ave & Washington St,4840,41.883885,-87.6246938,250,transit,41.881914599999995,-87.6262123,Washington/Wabash,,,,,,stop_position,stop,
Michigan Ave & Washington St,4840,41.883885,-87.6246938,250,transit,41.88303989999999,-87.6262013,Washington/Wabash,,,,,,stop_position,stop,
Michigan Ave & Washington St,4840,41.883885,-87.6246938,250,tourism,41.8855608,-87.6249909,American Writers Museum,,,museum,,,,,
Michigan Ave & Washington St,4840,41.883885,-87.6246938,250,health,41.88555729999999,-87.624911,Michigan Avenue Immediate/Primary Care (MAICOH),clinic,,,,,,,clinic
Michigan Ave & Washington St,4840,41.883885,-87.6246938,250,transit,41.88320079999999,-87.6256895,Washington & Wabash (CTA),,,,,,platform,,
Michigan Ave & Washington St,4840,41.883885,-87.6246938,250,retail,41.883073700000004,-87.6247787,Sonik Hearing Care Services,,hearing_aids,,,,,,
Michigan Ave & Washington St,4840,41.883885,-87.6246938,250,transit,41.884408999999984,-87.6236902,Millennium Station,,ticket,,,,station,station,
Michigan Ave & Washington St,4840,41.883885,-87.6246938,250,retail,41.88186949999999,-87.62661830000002,Midwest Diamond Buyers Chicago IL,,financial,,,,,,
Michigan Ave & Washington St,4840,41.883885,-87.6246938,250,food_drink,41.885567200000004,-87.624242,Nutella Cafe,cafe,,,,,,,
Michigan Ave & Washington St,4840,41.883885,-87.6246938,250,food_drink,41.88524739999998,-87.62422040000001,Garrett Popcorn,cafe,,,,,,,
Michigan Ave & Washington St,4840,41.883885,-87.6246938,250,retail,41.8817987,-87.625956,LaRon Jewelers,,jewelry,,,,,,
Michigan Ave & Washington St,4840,41.883885,-87.6246938,250,transit,41.88511259999999,-87.6245902,Michigan & Lake/Randolph,,,,,,stop_position,,
Michigan Ave & Washington St,4840,41.883885,-87.6246938,250,transit,41.8850973,-87.624412,Michigan & Randolph,,,,,,stop_position,,
Michigan Ave & Washington St,4840,41.883885,-87.6246938,250,transit,41.8834595,-87.6245396,Michigan & Washington,,,,,,stop_position,,
Michigan Ave & Washington St,4840,41.883885,-87.6246938,250,retail,41.88233129999999,-87.6259801,Jewels of Chicago,,watches,,,,,,
Michigan Ave & Washington St,4840,41.883885,-87.6246938,250,transit,41.882449699999995,-87.624209,Michigan & Madison,,,,,,stop_position,,
Michigan Ave & Washington St,4840,41.883885,-87.6246938,250,transit,41.8843672,-87.6238561,Randolph & Michigan,,,,,,stop_position,,
Michigan Ave & Washington St,4840,41.883885,-87.6246938,250,transit,41.883251300000005,-87.6271439,Washington & State,,,,,,stop_position,,
Michigan Ave & Washington St,4840,41.883885,-87.6246938,250,transit,41.883252999999996,-87.6257014,Washington & Wabash (CTA),,,,,,stop_position,,
Michigan Ave & Washington St,4840,41.883885,-87.6246938,250,transit,41.8845125,-87.62211430000002,Randolph & Stetson,,,,,,stop_position,,
Michigan Ave & Washington St,4840,41.883885,-87.6246938,250,food_drink,41.881987099999996,-87.6248866,Chiya Chai,restaurant,,,,,,,
Michigan Ave & Washington St,4840,41.883885,-87.6246938,250,transit,41.8820839,-87.6259318,Madison & Wabash,,,,,,stop_position,,
Michigan Ave & Washington St,4840,41.883885,-87.6246938,250,tourism,41.88463029999999,-87.6253558,Expo 72,,,gallery,,,,,
Michigan Ave & Washington St,4840,41.883885,-87.6246938,250,food_drink,41.88512169999999,-87.6247625,About Last Knife,restaurant,,,,,,,
Michigan Ave & Washington St,4840,41.883885,-87.6246938,250,retail,41.8854338,-87.6225944,Caffè RōM,,coffee,,,,,,
Michigan Ave & Washington St,4840,41.883885,-87.6246938,250,food_drink,41.885964799999996,-87.6259889,Commons Club,bar,,,,,,,
Michigan Ave & Washington St,4840,41.883885,-87.6246938,250,food_drink,41.881757,-87.62476,Drawing Room,bar,,,,,,,
Michigan Ave & Washington St,4840,41.883885,-87.6246938,250,food_drink,41.88175929999999,-87.6246714,Fairgrounds Coffee and Tea,cafe,,,,,,,
Michigan Ave & Washington St,4840,41.883885,-87.6246938,250,food_drink,41.885081299999996,-87.6236318,Giordano's Pizzeria,restaurant,,,,,,,
Michigan Ave & Washington St,4840,41.883885,-87.6246938,250,food_drink,41.88390040000001,-87.6274021,Infield’s,bar,,,,,,,
Michigan Ave & Washington St,4840,41.883885,-87.6246938,250,food_drink,41.8854872,-87.6242301,Stan's Donuts & Coffee,cafe,,,,,,,
Michigan Ave & Washington St,4840,41.883885,-87.6246938,250,food_drink,41.88608399999999,-87.6276358,ROOF on theWit,bar,,,,,,,
Michigan Ave & Washington St,4840,41.883885,-87.6246938,250,food_drink,41.8850448,-87.6231506,Tavern at the Park,bar,,,,,,,
Michigan Ave & Washington St,4840,41.883885,-87.6246938,250,food_drink,41.88588579999999,-87.6260967,Two Zero Three,bar,,,,,,,
Michigan Ave & Washington St,4840,41.883885,-87.6246938,250,food_drink,41.88600089999999,-87.6261007,Miss Ricky’s,restaurant,,,,,,,
Michigan Ave & Washington St,4840,41.883885,-87.6246938,250,transit,41.8821285,-87.6259533,Madison & Wabash,,,,,,platform,,
Michigan Ave & Washington St,4840,41.883885,-87.6246938,250,transit,41.8831954,-87.6271142,Washington & State,,,,,,platform,,
Michigan Ave & Washington St,4840,41.883885,-87.6246938,250,food_drink,41.88390640000001,-87.6274973,Frontera Fresco,restaurant,,,,,,,
Michigan Ave & Washington St,4840,41.883885,-87.6246938,250,transit,41.8843627,-87.6254188,Paratransit,,,,,,platform,,
Michigan Ave & Washington St,4840,41.883885,-87.6246938,250,transit,41.886075399999996,-87.626412,Paratransit,,,,,,platform,,
Michigan Ave & Washington St,4840,41.883885,-87.6246938,250,transit,41.8842329,-87.62246130000001,Paratransit,,,,,,platform,,
Michigan Ave & Washington St,4840,41.883885,-87.6246938,250,office,41.8855613,-87.6250717,Consulate General of the Arab Republic of Egypt in Chicago,,,,diplomatic,,,,
Michigan Ave & Washington St,4840,41.883885,-87.6246938,250,other_amenity,41.88263899999999,-87.6224008,,toilets,,,,,,,
Michigan Ave & Washington St,4840,41.883885,-87.6246938,250,other_amenity,41.88168580000001,-87.62209439999998,,bench,,,,,,,
Michigan Ave & Washington St,4840,41.883885,-87.6246938,250,other_amenity,41.8816984,-87.6217598,,bench,,,,,,,
Michigan Ave & Washington St,4840,41.883885,-87.6246938,250,other_amenity,41.88177710000001,-87.62253260000001,,bench,,,,,,,
Michigan Ave & Washington St,4840,41.883885,-87.6246938,250,other_amenity,41.881757099999994,-87.6224823,,bench,,,,,,,
Michigan Ave & Washington St,4840,41.883885,-87.6246938,250,other_amenity,41.88171390000001,-87.6224788,,bench,,,,,,,
Michigan Ave & Washington St,4840,41.883885,-87.6246938,250,other_amenity,41.881722999999994,-87.6225316,,bench,,,,,,,
Michigan Ave & Washington St,4840,41.883885,-87.6246938,250,other_amenity,41.88424559999999,-87.6231087,South Shore Line,vending_machine,,,,,,,
Michigan Ave & Washington St,4840,41.883885,-87.6246938,250,other_amenity,41.88443139999999,-87.6237296,Metra,vending_machine,,,,,,,
Michigan Ave & Washington St,4840,41.883885,-87.6246938,250,other_amenity,41.8844194,-87.6237792,Ventra,vending_machine,,,,,,,
Michigan Ave & Washington St,4840,41.883885,-87.6246938,250,retail,41.8854881,-87.6249096,Supply Clinic - Medical & Dental Supplies Online,,medical_supply,,,,,,
Michigan Ave & Washington St,4840,41.883885,-87.6246938,250,food_drink,41.884793499999994,-87.62649810000002,Popeyes,fast_food,,,,,,,
Michigan Ave & Washington St,4840,41.883885,-87.6246938,250,other_amenity,41.88594799999999,-87.623383,WFLD,studio,,,,,,,
Michigan Ave & Washington St,4840,41.883885,-87.6246938,250,food_drink,41.8819267,-87.6267755,Hanabusa,cafe,,,,,,,
Michigan Ave & Washington St,4840,41.883885,-87.6246938,250,retail,41.88538859999999,-87.6242279,Lids,,clothes,,,,,,
Michigan Ave & Washington St,4840,41.883885,-87.6246938,250,food_drink,41.8816449,-87.6247973,Cindy’s,restaurant,,,,,,,
Michigan Ave & Washington St,4840,41.883885,-87.6246938,250,health,41.88187009999999,-87.6247583,APS Ketamine,,,,,,,,alternative
Michigan Ave & Washington St,4840,41.883885,-87.6246938,250,retail,41.8834498,-87.6248105,Buddy,,art,,,,,,
Michigan Ave & Washington St,4840,41.883885,-87.6246938,250,tourism,41.88306049999999,-87.626843,Museum of Illusions,,,museum,,,,,
Michigan Ave & Washington St,4840,41.883885,-87.6246938,250,food_drink,41.88561450000001,-87.6265173,Panda Express,fast_food,,,,,,,
Michigan Ave & Washington St,4840,41.883885,-87.6246938,250,food_drink,41.88539289999999,-87.6264925,Taco Bell Cantina,fast_food,,,,,,,
Michigan Ave & Washington St,4840,41.883885,-87.6246938,250,food_drink,41.88521879999999,-87.6264882,The Halal Guys,fast_food,,,,,,,
Michigan Ave & Washington St,4840,41.883885,-87.6246938,250,food_drink,41.8846443,-87.6265217,Fons,restaurant,,,,,,,
Michigan Ave & Washington St,4840,41.883885,-87.6246938,250,office,41.88548409999999,-87.624985,Consulate General of Peru,,,,diplomatic,,,,
Michigan Ave & Washington St,4840,41.883885,-87.6246938,250,other_amenity,41.881683800000005,-87.6273937,,toilets,,,,,,,
Michigan Ave & Washington St,4840,41.883885,-87.6246938,250,tourism,41.8844231,-87.6254658,We Will Chicago,,,artwork,,,,,
Michigan Ave & Washington St,4840,41.883885,-87.6246938,250,other_amenity,41.8858331,-87.6276051,,bicycle_parking,,,,,,,
Michigan Ave & Washington St,4840,41.883885,-87.6246938,250,other_amenity,41.8856839,-87.6275794,,bicycle_parking,,,,,,,
Michigan Ave & Washington St,4840,41.883885,-87.6246938,250,other_amenity,41.88457410000001,-87.6274539,,bicycle_parking,,,,,,,
Michigan Ave & Washington St,4840,41.883885,-87.6246938,250,other_amenity,41.885214,-87.6246748,,bicycle_parking,,,,,,,
Michigan Ave & Washington St,4840,41.883885,-87.6246938,250,other_amenity,41.8859148,-87.6253716,,bicycle_parking,,,,,,,
Michigan Ave & Washington St,4840,41.883885,-87.6246938,250,other_amenity,41.88568300000001,-87.6248025,,bicycle_parking,,,,,,,
Michigan Ave & Washington St,4840,41.883885,-87.6246938,250,other_amenity,41.88583769999999,-87.6255852,,bicycle_parking,,,,,,,
Michigan Ave & Washington St,4840,41.883885,-87.6246938,250,other_amenity,41.885333599999996,-87.6246799,,bicycle_parking,,,,,,,
Michigan Ave & Washington St,4840,41.883885,-87.6246938,250,other_amenity,41.8818143,-87.6245655,,bicycle_parking,,,,,,,
Michigan Ave & Washington St,4840,41.883885,-87.6246938,250,other_amenity,41.88292409999999,-87.6245973,,bicycle_parking,,,,,,,
Michigan Ave & Washington St,4840,41.883885,-87.6246938,250,other_amenity,41.88271579999999,-87.6245997,,bicycle_parking,,,,,,,
Michigan Ave & Washington St,4840,41.883885,-87.6246938,250,other_amenity,41.882483,-87.6245957,,bicycle_parking,,,,,,,
Michigan Ave & Washington St,4840,41.883885,-87.6246938,250,other_amenity,41.88577649999999,-87.621917,,parking_entrance,,,,,,,
Michigan Ave & Washington St,4840,41.883885,-87.6246938,250,transit,41.88245329999999,-87.6262918,,,,,,,,subway_entrance,
Michigan Ave & Washington St,4840,41.883885,-87.6246938,250,transit,41.88245589999999,-87.6260966,,,,,,,,subway_entrance,
Michigan Ave & Washington St,4840,41.883885,-87.6246938,250,transit,41.8826525,-87.6263146,,,,,,,,subway_entrance,
Michigan Ave & Washington St,4840,41.883885,-87.6246938,250,transit,41.8829548,-87.6261192,,,,,,,,subway_entrance,
Michigan Ave & Washington St,4840,41.883885,-87.6246938,250,transit,41.88309809999999,-87.6263132,,,,,,,,subway_entrance,
Michigan Ave & Washington St,4840,41.883885,-87.6246938,250,transit,41.8831017,-87.6261409,,,,,,,,subway_entrance,
Michigan Ave & Washington St,4840,41.883885,-87.6246938,250,other_amenity,41.8843903,-87.6270653,,loading_dock,,,,,,,
Michigan Ave & Washington St,4840,41.883885,-87.6246938,250,other_amenity,41.883659499999986,-87.6254571,,loading_dock,,,,,,,
Michigan Ave & Washington St,4840,41.883885,-87.6246938,250,other_amenity,41.882502,-87.6252865,,loading_dock,,,,,,,
Michigan Ave & Washington St,4840,41.883885,-87.6246938,250,other_amenity,41.8837828,-87.6252383,,loading_dock,,,,,,,
Michigan Ave & Washington St,4840,41.883885,-87.6246938,250,office,41.8819359,-87.6268564,H&R Block,,,,tax_advisor,,,,
Michigan Ave & Washington St,4840,41.883885,-87.6246938,250,other_amenity,41.88198059999999,-87.6246876,Bank of America,bank,,,,,,,
Michigan Ave & Washington St,4840,41.883885,-87.6246938,250,retail,41.8816758,-87.6259577,Diamonds on Wabash,,jewelry,,,,,,
Michigan Ave & Washington St,4840,41.883885,-87.6246938,250,transit,41.88311759999999,-87.6261658,,,,,,,,subway_entrance,
Michigan Ave & Washington St,4840,41.883885,-87.6246938,250,other_amenity,41.8829379,-87.6262089,,ticket_validator,,,,,,,
Michigan Ave & Washington St,4840,41.883885,-87.6246938,250,other_amenity,41.88518169999999,-87.62684170000001,,loading_dock,,,,,,,
Michigan Ave & Washington St,4840,41.883885,-87.6246938,250,other_amenity,41.8850683,-87.6270857,,loading_dock,,,,,,,
Michigan Ave & Washington St,4840,41.883885,-87.6246938,250,other_amenity,41.88501109999999,-87.6273065,,loading_dock,,,,,,,
Michigan Ave & Washington St,4840,41.883885,-87.6246938,250,other_amenity,41.884608099999994,-87.6270648,,parking_entrance,,,,,,,
Michigan Ave & Washington St,4840,41.883885,-87.6246938,250,retail,41.884622900000004,-87.6265672,CBD Kratom,,cannabis,,,,,,
Michigan Ave & Washington St,4840,41.883885,-87.6246938,250,other_amenity,41.884986500000004,-87.6264661,,parking_entrance,,,,,,,
Michigan Ave & Washington St,4840,41.883885,-87.6246938,250,other_amenity,41.88519099999999,-87.6253503,,loading_dock,,,,,,,
Michigan Ave & Washington St,4840,41.883885,-87.6246938,250,other_amenity,41.884981,-87.6251849,,loading_dock,,,,,,,
Michigan Ave & Washington St,4840,41.883885,-87.6246938,250,other_amenity,41.8850706,-87.6253331,,loading_dock,,,,,,,
Michigan Ave & Washington St,4840,41.883885,-87.6246938,250,tourism,41.8846884,-87.6247494,150,,,artwork,,,,,
Michigan Ave & Washington St,4840,41.883885,-87.6246938,250,other_amenity,41.88587309999999,-87.6259075,,parking_entrance,,,,,,,
Michigan Ave & Washington St,4840,41.883885,-87.6246938,250,food_drink,41.885954,-87.6247928,Starbucks,cafe,,,,,,,
Michigan Ave & Washington St,4840,41.883885,-87.6246938,250,other_amenity,41.88457650000001,-87.6254756,,vending_machine,,,,,,,
Michigan Ave & Washington St,4840,41.883885,-87.6246938,250,other_amenity,41.882289099999994,-87.624084,,parking_entrance,,,,,,,
Michigan Ave & Washington St,4840,41.883885,-87.6246938,250,other_amenity,41.88271760000001,-87.62409449999998,,parking_entrance,,,,,,,
Michigan Ave & Washington St,4840,41.883885,-87.6246938,250,other_amenity,41.881838699999996,-87.6245807,,post_box,,,,,,,
Michigan Ave & Washington St,4840,41.883885,-87.6246938,250,food_drink,41.8846556,-87.6260325,Starbucks,cafe,,,,,,,
Michigan Ave & Washington St,4840,41.883885,-87.6246938,250,retail,41.884940199999996,-87.6276035,Walgreens,pharmacy,chemist,,,,,,pharmacy
Michigan Ave & Washington St,4840,41.883885,-87.6246938,250,food_drink,41.8854312,-87.6248283,Five Guys,fast_food,,,,,,,
Michigan Ave & Washington St,4840,41.883885,-87.6246938,250,food_drink,41.884346600000015,-87.6265091,Starbucks,cafe,,,,,,,
Michigan Ave & Washington St,4840,41.883885,-87.6246938,250,food_drink,41.885575,-87.6241559,Nando's,restaurant,,,,,,,
Michigan Ave & Washington St,4840,41.883885,-87.6246938,250,other_amenity,41.8820026,-87.6269729,,bicycle_parking,,,,,,,
Michigan Ave & Washington St,4840,41.883885,-87.6246938,250,other_amenity,41.882000899999994,-87.6267962,,bicycle_parking,,,,,,,
Michigan Ave & Washington St,4840,41.883885,-87.6246938,250,retail,41.8822575,-87.6264584,Circle K,,convenience,,,,,,
Michigan Ave & Washington St,4840,41.883885,-87.6246938,250,other_amenity,41.883964,-87.6225732,,waste_basket,,,,,,,
Michigan Ave & Washington St,4840,41.883885,-87.6246938,250,other_amenity,41.8840572,-87.62246270000001,,bench,,,,,,,
Michigan Ave & Washington St,4840,41.883885,-87.6246938,250,other_amenity,41.8840781,-87.62246410000002,,bench,,,,,,,
Michigan Ave & Washington St,4840,41.883885,-87.6246938,250,other_amenity,41.884041599999996,-87.6224613,,bench,,,,,,,
Michigan Ave & Washington St,4840,41.883885,-87.6246938,250,food_drink,41.8843435,-87.6242002,Chicago Kernel,fast_food,,,,,,,
Michigan Ave & Washington St,4840,41.883885,-87.6246938,250,retail,41.8844733,-87.6238606,,,vacant,,,,,,
Michigan Ave & Washington St,4840,41.883885,-87.6246938,250,retail,41.88432,-87.6235821,Millennium News & Views,,kiosk,,,,,,
Michigan Ave & Washington St,4840,41.883885,-87.6246938,250,retail,41.8843612,-87.6237078,City Scents,,florist,,,,,,
Michigan Ave & Washington St,4840,41.883885,-87.6246938,250,food_drink,41.88441319999999,-87.623844,Millennium Dogs,fast_food,,,,,,,
Michigan Ave & Washington St,4840,41.883885,-87.6246938,250,food_drink,41.88441910000001,-87.62391340000002,Taco Fresco,fast_food,,,,,,,
Michigan Ave & Washington St,4840,41.883885,-87.6246938,250,food_drink,41.8843964,-87.6240504,Subway,fast_food,,,,,,,
Michigan Ave & Washington St,4840,41.883885,-87.6246938,250,food_drink,41.88444989999999,-87.6240714,Burger King,fast_food,,,,,,,
Michigan Ave & Washington St,4840,41.883885,-87.6246938,250,food_drink,41.884417600000006,-87.6241386,Sbarro,fast_food,,,,,,,
Michigan Ave & Washington St,4840,41.883885,-87.6246938,250,health,41.8829842,-87.6266479,Strobel Dentistry,dentist,,,,,,,dentist
Michigan Ave & Washington St,4840,41.883885,-87.6246938,250,retail,41.8819495,-87.6257819,Ethan Lord Jewelers,,jewelry,,,,,,
Michigan Ave & Washington St,4840,41.883885,-87.6246938,250,other_amenity,41.88175179999999,-87.6260536,,bicycle_parking,,,,,,,
Michigan Ave & Washington St,4840,41.883885,-87.6246938,250,other_amenity,41.88314939999999,-87.6236587,,bench,,,,,,,
Michigan Ave & Washington St,4840,41.883885,-87.6246938,250,other_amenity,41.8831464,-87.6239565,,bench,,,,,,,
Michigan Ave & Washington St,4840,41.883885,-87.6246938,250,other_amenity,41.883511899999995,-87.6235724,,parking_entrance,,,,,,,
Michigan Ave & Washington St,4840,41.883885,-87.6246938,250,other_amenity,41.8838399,-87.6235888,,parking_entrance,,,,,,,
Michigan Ave & Washington St,4840,41.883885,-87.6246938,250,other_amenity,41.88221939999999,-87.6236391,,bench,,,,,,,
Michigan Ave & Washington St,4840,41.883885,-87.6246938,250,other_amenity,41.8822138,-87.6239121,,bench,,,,,,,
Michigan Ave & Washington St,4840,41.883885,-87.6246938,250,office,41.882642099999984,-87.6275355,Illinois Secretary of State Index Department,,,,government,,,,
Michigan Ave & Washington St,4840,41.883885,-87.6246938,250,food_drink,41.8859238,-87.6251855,Roti,restaurant,,,,,,,
Michigan Ave & Washington St,4840,41.883885,-87.6246938,250,health,41.8829316,-87.62681600000002,Kraff Eye Institute,doctors,,,,,,,doctor
Michigan Ave & Washington St,4840,41.883885,-87.6246938,250,other_amenity,41.88276969999999,-87.6234272,,drinking_water,,,,,,,
Michigan Ave & Washington St,4840,41.883885,-87.6246938,250,other_amenity,41.88330829999999,-87.6248166,,bicycle_parking,,,,,,,
Michigan Ave & Washington St,4840,41.883885,-87.6246938,250,food_drink,41.8849883,-87.6247669,Sweetgreen,fast_food,,,,,,,
Michigan Ave & Washington St,4840,41.883885,-87.6246938,250,food_drink,41.8849122,-87.6248302,Dollop Coffee Co.,cafe,,,,,,,
Michigan Ave & Washington St,4840,41.883885,-87.6246938,250,retail,41.8822362,-87.62688310000001,GNC,,nutrition_supplements,,,,,,
Michigan Ave & Washington St,4840,41.883885,-87.6246938,250,retail,41.881838599999995,-87.6257462,America's Watches,,repair,,,,,,
Michigan Ave & Washington St,4840,41.883885,-87.6246938,250,other_amenity,41.8858341,-87.6270691,,bicycle_parking,,,,,,,
Michigan Ave & Washington St,4840,41.883885,-87.6246938,250,other_amenity,41.8858341,-87.6266806,,bicycle_parking,,,,,,,
Michigan Ave & Washington St,4840,41.883885,-87.6246938,250,other_amenity,41.88528499999999,-87.6230985,,waste_basket,,,,,,,
Michigan Ave & Washington St,4840,41.883885,-87.6246938,250,other_amenity,41.885285,-87.6230982,,recycling,,,,,,,
Michigan Ave & Washington St,4840,41.883885,-87.6246938,250,food_drink,41.882622000000005,-87.6247217,SeoulSpice,restaurant,,,,,,,
Michigan Ave & Washington St,4840,41.883885,-87.6246938,250,other_amenity,41.8830802,-87.626125,,bicycle_parking,,,,,,,
Michigan Ave & Washington St,4840,41.883885,-87.6246938,250,transit,41.8826934,-87.6263306,,,,,,,,subway_entrance,
Michigan Ave & Washington St,4840,41.883885,-87.6246938,250,other_amenity,41.884421999999994,-87.6259174,,bicycle_parking,,,,,,,
Michigan Ave & Washington St,4840,41.883885,-87.6246938,250,recreation,41.8844215,-87.6258594,,,,,,outdoor_seating,,,
Michigan Ave & Washington St,4840,41.883885,-87.6246938,250,other_amenity,41.8855104,-87.62617180000001,,bicycle_parking,,,,,,,
Michigan Ave & Washington St,4840,41.883885,-87.6246938,250,other_amenity,41.8859224,-87.6264101,,bicycle_parking,,,,,,,
Michigan Ave & Washington St,4840,41.883885,-87.6246938,250,retail,41.882264899999996,-87.6258504,Pia's Gems,,jewelry,,,,,,
Michigan Ave & Washington St,4840,41.883885,-87.6246938,250,retail,41.88222759999999,-87.6258481,I & M Watch Repair & Jewelry,,watches,,,,,,
Michigan Ave & Washington St,4840,41.883885,-87.6246938,250,health,41.8826356,-87.6266338,Planned Parenthood - Loop Health Center,clinic,,,,,,,counselling
Michigan Ave & Washington St,4840,41.883885,-87.6246938,250,other_amenity,41.88469109999999,-87.6274025,Joffrey Ballet,dancing_school,,,,,,,
Michigan Ave & Washington St,4840,41.883885,-87.6246938,250,retail,41.882678899999995,-87.62557870000002,Teranz Boutique,,clothes,,,,,,
Michigan Ave & Washington St,4840,41.883885,-87.6246938,250,other_amenity,41.8846193,-87.6247041,,recycling,,,,,,,
Michigan Ave & Washington St,4840,41.883885,-87.6246938,250,other_amenity,41.88463,-87.6247048,,waste_basket,,,,,,,
Michigan Ave & Washington St,4840,41.883885,-87.6246938,250,other_amenity,41.884422799999996,-87.6256087,,bicycle_parking,,,,,,,
Michigan Ave & Washington St,4840,41.883885,-87.6246938,250,other_amenity,41.88442019999999,-87.6255055,,bicycle_parking,,,,,,,
Michigan Ave & Washington St,4840,41.883885,-87.6246938,250,other_amenity,41.881966,-87.6263154,,bicycle_parking,,,,,,,
Michigan Ave & Washington St,4840,41.883885,-87.6246938,250,other_amenity,41.8833049,-87.626445,,bicycle_parking,,,,,,,
Michigan Ave & Washington St,4840,41.883885,-87.6246938,250,other_amenity,41.88401439999999,-87.6241018,,bicycle_parking,,,,,,,
Michigan Ave & Washington St,4840,41.883885,-87.6246938,250,other_amenity,41.8831569,-87.6247074,,post_box,,,,,,,
Michigan Ave & Washington St,4840,41.883885,-87.6246938,250,other_amenity,41.88562120000001,-87.624307,,post_box,,,,,,,
Michigan Ave & Washington St,4840,41.883885,-87.6246938,250,office,41.88543839999999,-87.6227115,Surgical Directions,,,,consulting,,,,
Michigan Ave & Washington St,4840,41.883885,-87.6246938,250,other_amenity,41.8829364,-87.626226,Ventra,vending_machine,,,,,,,
Michigan Ave & Washington St,4840,41.883885,-87.6246938,250,recreation,41.88486751408525,-87.62154504126936,,,,,,garden,,,
Michigan Ave & Washington St,4840,41.883885,-87.6246938,250,other_amenity,41.88387449791229,-87.62498272384619,Chicago Cultural Center,arts_centre,,,,,,,
Michigan Ave & Washington St,4840,41.883885,-87.6246938,250,education,41.88039993835389,-87.62473811065173,School of The Art Institute of Chicago,college,,,,,,,
Michigan Ave & Washington St,4840,41.883885,-87.6246938,250,recreation,41.883821250675865,-87.6222839625996,,,,,,garden,,,
Michigan Ave & Washington St,4840,41.883885,-87.6246938,250,recreation,41.883799412124446,-87.6215315973954,,,,,,garden,,,
Michigan Ave & Washington St,4840,41.883885,-87.6246938,250,recreation,41.875349941546695,-87.61922611540552,Grant Park,,,,,park,,,
Michigan Ave & Washington St,4840,41.883885,-87.6246938,250,recreation,41.8826229444144,-87.62255545206517,Millennium Park,,,,,park,,,
Michigan Ave & Washington St,4840,41.883885,-87.6246938,250,other_amenity,41.884839911771195,-87.62683427028125,Wabash-Randolph Parking Garage,parking,,,,,,,
Michigan Ave & Washington St,4840,41.883885,-87.6246938,250,retail,41.88386332508371,-87.62705730370992,Macy's,,department_store,,,,,,
Michigan Ave & Washington St,4840,41.883885,-87.6246938,250,other_amenity,41.8853957731141,-87.6272384266158,Chicago Theatre,theatre,,,,,,,
Michigan Ave & Washington St,4840,41.883885,-87.6246938,250,recreation,41.881428225272344,-87.62170588757596,Lurie Garden,,,,,garden,,,
Michigan Ave & Washington St,4840,41.883885,-87.6246938,250,recreation,41.88324965270676,-87.62271383154743,,,,,,garden,,,
Michigan Ave & Washington St,4840,41.883885,-87.6246938,250,recreation,41.88324476343026,-87.62316055945223,,,,,,garden,,,
Michigan Ave & Washington St,4840,41.883885,-87.6246938,250,recreation,41.88323567874238,-87.62380006702111,,,,,,garden,,,
Michigan Ave & Washington St,4840,41.883885,-87.6246938,250,other_amenity,41.88351232355894,-87.62189233419859,Jay Pritzker Pavilion,theatre,,,,,,,
Michigan Ave & Washington St,4840,41.883885,-87.6246938,250,tourism,41.88268649323055,-87.62333940043841,Cloud Gate,,,artwork,,,,,
Michigan Ave & Washington St,4840,41.883885,-87.6246938,250,recreation,41.886148517148314,-87.6219441983133,Lakeshore Athletic Club,,,,,fitness_centre,,,
Michigan Ave & Washington St,4840,41.883885,-87.6246938,250,tourism,41.88606235344364,-87.62762013530005,The Wit Hotel,,,hotel,,,,,
Michigan Ave & Washington St,4840,41.883885,-87.6246938,250,other_amenity,41.88606617861768,-87.62581069520961,60 East Lake Self Park,parking,,,,,,,
Michigan Ave & Washington St,4840,41.883885,-87.6246938,250,tourism,41.88606441042465,-87.6260289040081,Virgin Hotels Chicago,,,hotel,,,,,
Michigan Ave & Washington St,4840,41.883885,-87.6246938,250,tourism,41.881662248514466,-87.6249749507855,Chicago Athletic Association Hotel,,,hotel,,,,,
Michigan Ave & Washington St,4840,41.883885,-87.6246938,250,retail,41.881624817351124,-87.62569455769463,Jewelers Building,,jewelry,,,,,,
Michigan Ave & Washington St,4840,41.883885,-87.6246938,250,retail,41.88297635137727,-87.62736907595695,Primark,,clothes,,,,,,
Michigan Ave & Washington St,4840,41.883885,-87.6246938,250,tourism,41.88165767335475,-87.62665600100912,Silversmith Hotel Chicago Downtown,,,hotel,,,,,
Michigan Ave & Washington St,4840,41.883885,-87.6246938,250,recreation,41.88541101224183,-87.62331376583278,,,,,,garden,,,
Michigan Ave & Washington St,4840,41.883885,-87.6246938,250,tourism,41.88513066094697,-87.62497786828187,Arlo Chicago,,,hotel,,,,,
Michigan Ave & Washington St,4840,41.883885,-87.6246938,250,tourism,41.88472836426348,-87.62413329465676,Manilow Suites at Millennium Park Plaza,,,hotel,,,,,
Michigan Ave & Washington St,4840,41.883885,-87.6246938,250,other_amenity,41.88247193366234,-87.62368176915626,Grant Park North Garage,parking,,,,,,,
Michigan Ave & Washington St,4840,41.883885,-87.6246938,250,transit,41.88526662771962,-87.62325070488028,,,,,,,platform,platform,
Michigan Ave & Washington St,4840,41.883885,-87.6246938,250,transit,41.885473327940495,-87.6236895539348,,,,,,,platform,platform,
Michigan Ave & Washington St,4840,41.883885,-87.6246938,250,retail,41.88448395655632,-87.6237166966551,Millennium Station/Pedway,,mall,,,,,,
Michigan Ave & Washington St,4840,41.883885,-87.6246938,250,other_amenity,41.88390333826426,-87.6218984139963,Joan W. and Irving B. Harris Theater for Music and Dance,theatre,,,,,,,
Michigan Ave & Washington St,4840,41.883885,-87.6246938,250,tourism,41.884094921997836,-87.62238545870105,Northwest Exelon Pavilion / Millennium Park Information Center,,,information,,,,,
Michigan Ave & Washington St,4840,41.883885,-87.6246938,250,other_amenity,41.88541422296247,-87.62312265894951,,fountain,,,,,,,
Michigan Ave & Washington St,4840,41.883885,-87.6246938,250,other_amenity,41.885412405651735,-87.6235014278614,,fountain,,,,,,,
Michigan Ave & Washington St,4840,41.883885,-87.6246938,250,recreation,41.88549816019956,-87.62377229491341,,,,,,garden,,,
Michigan Ave & Washington St,4840,41.883885,-87.6246938,250,recreation,41.885394075682896,-87.62374069784141,,,,,,garden,,,
Michigan Ave & Washington St,4840,41.883885,-87.6246938,250,recreation,41.885243459119124,-87.62330357208859,,,,,,garden,,,
Michigan Ave & Washington St,4840,41.883885,-87.6246938,250,recreation,41.88530184127312,-87.62381710361505,,,,,,garden,,,
Michigan Ave & Washington St,4840,41.883885,-87.6246938,250,other_amenity,41.882658682839526,-87.62140328205606,Millennium Garage,parking,,,,,,,
Michigan Ave & Washington St,4840,41.883885,-87.6246938,250,recreation,41.88492829731337,-87.62162651890495,,,,,,garden,,,
Michigan Ave & Washington St,4840,41.883885,-87.6246938,250,recreation,41.88477775387466,-87.6215207143623,,,,,,garden,,,
Michigan Ave & Washington St,4840,41.883885,-87.6246938,250,other_amenity,41.88515782629256,-87.62270217593054,Prudential Plaza,parking,,,,,,,
Michigan Ave & Washington St,4840,41.883885,-87.6246938,250,recreation,41.88561455618715,-87.62340986437623,,,,,,garden,,,
Michigan Ave & Washington St,4840,41.883885,-87.6246938,250,transit,41.88348193614997,-87.62275273074906,,,,,,,platform,platform,
Michigan Ave & Washington St,4840,41.883885,-87.6246938,250,transit,41.88328305881571,-87.62289330528607,,,,,,,platform,platform,
Michigan Ave & Washington St,4840,41.883885,-87.6246938,250,transit,41.883469833011496,-87.62303194467094,,,,,,,platform,platform,
Michigan Ave & Washington St,4840,41.883885,-87.6246938,250,transit,41.88537207581122,-87.6234682522844,,,,,,,platform,platform,
Michigan Ave & Washington St,4840,41.883885,-87.6246938,250,transit,41.8852329726725,-87.62329541871313,,,,,,,platform,platform,
Michigan Ave & Washington St,4840,41.883885,-87.6246938,250,transit,41.88252310841787,-87.62627144524518,Wabash/Washington,,,,,,platform,platform,
Michigan Ave & Washington St,4840,41.883885,-87.6246938,250,other_amenity,41.88396340030787,-87.62381478621818,,fountain,,,,,,,
Michigan Ave & Washington St,4840,41.883885,-87.6246938,250,transit,41.88214502747702,-87.62571295055254,,,,,,,platform,,
Michigan Ave & Washington St,4840,41.883885,-87.6246938,250,transit,41.88319043389384,-87.62737046326772,,,,,,,platform,,
Michigan Ave & Washington St,4840,41.883885,-87.6246938,250,transit,41.883196244664504,-87.62580858054231,,,,,,,platform,,
Michigan Ave & Washington St,4840,41.883885,-87.6246938,250,transit,41.88537907522637,-87.62351416719994,,,,,,,platform,platform,
Michigan Ave & Washington St,4840,41.883885,-87.6246938,250,recreation,41.88268015712532,-87.62378274528783,McCormick Tribune Ice Rink,,,,,ice_rink,,,
Michigan Ave & Washington St,4840,41.883885,-87.6246938,250,recreation,41.88340965821299,-87.62342040767223,,,,,,garden,,,
Michigan Ave & Washington St,4840,41.883885,-87.6246938,250,recreation,41.88324009232505,-87.62345689528343,,,,,,garden,,,
Michigan Ave & Washington St,4840,41.883885,-87.6246938,250,recreation,41.88212690701104,-87.62377301748634,,,,,,garden,,,
Michigan Ave & Washington St,4840,41.883885,-87.6246938,250,recreation,41.88213139232506,-87.62342919528342,,,,,,garden,,,
Michigan Ave & Washington St,4840,41.883885,-87.6246938,250,recreation,41.882136063430245,-87.62313285945223,,,,,,garden,,,
Michigan Ave & Washington St,4840,41.883885,-87.6246938,250,recreation,41.88214229116829,-87.62265805602865,,,,,,garden,,,
Michigan Ave & Washington St,4840,41.883885,-87.6246938,250,recreation,41.88169808382616,-87.62344467616154,,,,,,garden,,,
Michigan Ave & Washington St,4840,41.883885,-87.6246938,250,recreation,41.88162628382616,-87.62344467616153,,,,,,garden,,,
Michigan Ave & Washington St,4840,41.883885,-87.6246938,250,recreation,41.88143666041804,-87.62326286972866,,,,,,garden,,,
Michigan Ave & Washington St,4840,41.883885,-87.6246938,250,recreation,41.88413293359918,-87.62446281939724,,,,,,garden,,,
Michigan Ave & Washington St,4840,41.883885,-87.6246938,250,recreation,41.88405497929752,-87.6244510108723,,,,,,garden,,,
Michigan Ave & Washington St,4840,41.883885,-87.6246938,250,recreation,41.883727448075135,-87.6244017459277,,,,,,garden,,,
Michigan Ave & Washington St,4840,41.883885,-87.6246938,250,recreation,41.88365555751251,-87.62446931490021,,,,,,garden,,,
Michigan Ave & Washington St,4840,41.883885,-87.6246938,250,recreation,41.88357725435497,-87.62446348322464,,,,,,garden,,,
Michigan Ave & Washington St,4840,41.883885,-87.6246938,250,recreation,41.88349599898359,-87.62445729157966,,,,,,garden,,,
Michigan Ave & Washington St,4840,41.883885,-87.6246938,250,recreation,41.88233587620775,-87.62438518979137,,,,,,garden,,,
Michigan Ave & Washington St,4840,41.883885,-87.6246938,250,recreation,41.88234200493357,-87.62429719608184,,,,,,garden,,,
Michigan Ave & Washington St,4840,41.883885,-87.6246938,250,recreation,41.882647602970074,-87.62434834947001,,,,,,garden,,,
Michigan Ave & Washington St,4840,41.883885,-87.6246938,250,recreation,41.88281205078914,-87.624441456312,,,,,,garden,,,
Michigan Ave & Washington St,4840,41.883885,-87.6246938,250,recreation,41.88289401295174,-87.62435512285288,,,,,,garden,,,
Michigan Ave & Washington St,4840,41.883885,-87.6246938,250,recreation,41.88148874529132,-87.62194778641586,Light Plate,,,,,garden,,,
Michigan Ave & Washington St,4840,41.883885,-87.6246938,250,transit,41.88251513902723,-87.62614360297137,Wabash/Washington,,,,,,platform,platform,
Michigan Ave & Washington St,4840,41.883885,-87.6246938,250,education,41.88606022604011,-87.62681530954399,Harold Washington College,college,,,,,,,
Michigan Ave & Washington St,4840,41.883885,-87.6246938,250,other_amenity,41.88319071385853,-87.6273055668568,,shelter,,,,,,,
Michigan Ave & Washington St,4840,41.883885,-87.6246938,250,other_amenity,41.883192050004105,-87.6256472000001,,shelter,,,,,,,
Michigan Ave & Washington St,4840,41.883885,-87.6246938,250,other_amenity,41.88319156824722,-87.6257566559998,,shelter,,,,,,,
Michigan Ave & Washington St,4840,41.883885,-87.6246938,250,other_amenity,41.88247852359505,-87.62626981645354,,shelter,,,,,,,
Michigan Ave & Washington St,4840,41.883885,-87.6246938,250,other_amenity,41.8824746737979,-87.62614173344771,,shelter,,,,,,,
Michigan Ave & Washington St,4840,41.883885,-87.6246938,250,recreation,41.88175418056672,-87.62464391445346,,,,,,outdoor_seating,,,
Michigan Ave & Washington St,4840,41.883885,-87.6246938,250,recreation,41.88200265620925,-87.62569557267392,,,,,,outdoor_seating,,,
Michigan Ave & Washington St,4840,41.883885,-87.6246938,250,other_amenity,41.882144550115726,-87.62575630000758,,shelter,,,,,,,
Michigan Ave & Washington St,4840,41.883885,-87.6246938,250,recreation,41.882413383876305,-87.62466889343095,,,,,,outdoor_seating,,,
Michigan Ave & Washington St,4840,41.883885,-87.6246938,250,recreation,41.88278065420877,-87.62467179265978,,,,,,outdoor_seating,,,
Michigan Ave & Washington St,4840,41.883885,-87.6246938,250,recreation,41.88483732509511,-87.62645186817848,,,,,,outdoor_seating,,,
Michigan Ave & Washington St,4840,41.883885,-87.6246938,250,recreation,41.884663126038475,-87.62644770342047,,,,,,outdoor_seating,,,
Michigan Ave & Washington St,4840,41.883885,-87.6246938,250,recreation,41.88521473576407,-87.62639882254285,,,,,,outdoor_seating,,,
Michigan Ave & Washington St,4840,41.883885,-87.6246938,250,recreation,41.88568370766056,-87.62503880804718,,,,,,outdoor_seating,,,
Michigan Ave & Washington St,4840,41.883885,-87.6246938,250,recreation,41.885631938414775,-87.62612577650314,,,,,,outdoor_seating,,,
Michigan Ave & Washington St,4840,41.883885,-87.6246938,250,recreation,41.885490193048675,-87.62612372678437,,,,,,outdoor_seating,,,
Michigan Ave & Washington St,4840,41.883885,-87.6246938,250,recreation,41.885663646707236,-87.62601076242355,,,,,,outdoor_seating,,,
Michigan Ave & Washington St,4840,41.883885,-87.6246938,250,recreation,41.88590044999593,-87.62612459999954,,,,,,outdoor_seating,,,
Michigan Ave & Washington St,4840,41.883885,-87.6246938,250,recreation,41.88610978058946,-87.62613576658,,,,,,outdoor_seating,,,
Michigan Ave & Washington St,4840,41.883885,-87.6246938,250,recreation,41.88598399999701,-87.62470499999979,,,,,,garden,,,
Michigan Ave & Washington St,4840,41.883885,-87.6246938,250,recreation,41.88606539999704,-87.6247058999998,,,,,,garden,,,
Michigan Ave & Washington St,4840,41.883885,-87.6246938,250,recreation,41.88614025068024,-87.62470784393238,,,,,,garden,,,
Michigan Ave & Washington St,4840,41.883885,-87.6246938,250,recreation,41.885842074665135,-87.62489330251383,,,,,,garden,,,
Michigan Ave & Washington St,4840,41.883885,-87.6246938,250,recreation,41.885841550011,-87.62510555000054,,,,,,garden,,,
Michigan Ave & Washington St,4840,41.883885,-87.6246938,250,recreation,41.88584139993938,-87.62499967514393,,,,,,outdoor_seating,,,
Michigan Ave & Washington St,4840,41.883885,-87.6246938,250,recreation,41.88584201070355,-87.62479806404305,,,,,,outdoor_seating,,,
Michigan Ave & Washington St,4840,41.883885,-87.6246938,250,recreation,41.88167098908816,-87.62476363172189,,,,,,garden,,,
Michigan Ave & Washington St,4840,41.883885,-87.6246938,250,recreation,41.88175636139437,-87.62485662963216,,,,,,garden,,,
Michigan Ave & Washington St,4840,41.883885,-87.6246938,250,recreation,41.88170474773194,-87.62502981248625,,,,,,garden,,,
Michigan Ave & Washington St,4840,41.883885,-87.6246938,250,recreation,41.88175116399808,-87.6251520129402,,,,,,garden,,,
Michigan Ave & Washington St,4840,41.883885,-87.6246938,250,recreation,41.88174345327013,-87.62525257361825,,,,,,garden,,,
Michigan Ave & Washington St,4840,41.883885,-87.6246938,250,recreation,41.881639472196504,-87.62496219049724,,,,,,garden,,,
Michigan Ave & Washington St,4840,41.883885,-87.6246938,250,recreation,41.882517096103456,-87.62712179336454,,,,,,garden,,,
Michigan Ave & Washington St,4840,41.883885,-87.6246938,250,recreation,41.88242169225793,-87.626820177937,,,,,,garden,,,
Michigan Ave & Washington St,4840,41.883885,-87.6246938,250,recreation,41.8824899442347,-87.62682242422859,,,,,,garden,,,
Michigan Ave & Washington St,4840,41.883885,-87.6246938,250,recreation,41.882420202183795,-87.626897356532,,,,,,garden,,,
Michigan Ave & Washington St,4840,41.883885,-87.6246938,250,recreation,41.882553719826284,-87.62655138608943,,,,,,garden,,,
Michigan Ave & Washington St,4840,41.883885,-87.6246938,250,recreation,41.882460011298704,-87.62657271687245,,,,,,garden,,,
Michigan Ave & Washington St,4840,41.883885,-87.6246938,250,recreation,41.88228326109305,-87.62654992010906,,,,,,garden,,,
Michigan Ave & Washington St,4840,41.883885,-87.6246938,250,recreation,41.88482643663176,-87.6260162967812,,,,,,garden,,,
Michigan Ave & Washington St,4840,41.883885,-87.6246938,250,recreation,41.88512751885432,-87.62480949828338,,,,,,garden,,,
Michigan Ave & Washington St,4840,41.883885,-87.6246938,250,recreation,41.885129470746826,-87.62500096212287,,,,,,garden,,,
Michigan Ave & Washington St,4840,41.883885,-87.6246938,250,recreation,41.885298388119466,-87.62537409410797,,,,,,garden,,,
Michigan Ave & Washington St,4840,41.883885,-87.6246938,250,recreation,41.885420268311634,-87.62544252294727,,,,,,garden,,,
Michigan Ave & Washington St,4840,41.883885,-87.6246938,250,recreation,41.885560117451625,-87.62540486210264,,,,,,garden,,,
Michigan Ave & Washington St,4840,41.883885,-87.6246938,250,other_amenity,41.88453675009149,-87.62494420000216,,parking,,,,,,,
Michigan Ave & Washington St,4840,41.883885,-87.6246938,250,other_amenity,41.884535172030944,-87.62547692807507,,parking,,,,,,,
Michigan Ave & Washington St,4840,41.883885,-87.6246938,250,other_amenity,41.88453298396835,-87.62593650000034,,parking,,,,,,,
Michigan Ave & Washington St,4840,41.883885,-87.6246938,250,other_amenity,41.88453354113295,-87.62579763739625,,parking,,,,,,,
Michigan Ave & Washington St,4840,41.883885,-87.6246938,250,other_amenity,41.88453085573189,-87.62661602381964,,parking,,,,,,,
Michigan Ave & Washington St,4840,41.883885,-87.6246938,250,other_amenity,41.88453084082835,-87.62680717359281,,parking,,,,,,,
Michigan Ave & Washington St,4840,41.883885,-87.6246938,250,recreation,41.88168944999987,-87.62458404999998,,,,,,garden,,,
Michigan Ave & Washington St,4840,41.883885,-87.6246938,250,recreation,41.881757249999886,-87.62458344999997,,,,,,garden,,,
Michigan Ave & Washington St,4840,41.883885,-87.6246938,250,recreation,41.882366549999865,-87.62460039999996,,,,,,garden,,,
Michigan Ave & Washington St,4840,41.883885,-87.6246938,250,recreation,41.882461299999875,-87.62460389999995,,,,,,garden,,,
Michigan Ave & Washington St,4840,41.883885,-87.6246938,250,recreation,41.88254779999987,-87.62460449999995,,,,,,garden,,,
Michigan Ave & Washington St,4840,41.883885,-87.6246938,250,other_amenity,41.8834830253275,-87.62465489606471,,shelter,,,,,,,
Michigan Ave & Washington St,4840,41.883885,-87.6246938,250,recreation,41.88358029999987,-87.62465619999995,,,,,,garden,,,
Michigan Ave & Washington St,4840,41.883885,-87.6246938,250,recreation,41.88366114999987,-87.62465419999995,,,,,,garden,,,
Michigan Ave & Washington St,4840,41.883885,-87.6246938,250,recreation,41.883761999999884,-87.62465819999994,,,,,,garden,,,
Michigan Ave & Washington St,4840,41.883885,-87.6246938,250,other_amenity,41.8824203252785,-87.62413824606311,,shelter,,,,,,,
Michigan Ave & Washington St,4840,41.883885,-87.6246938,250,other_amenity,41.88430902518429,-87.62385321824924,,shelter,,,,,,,
Michigan Ave & Washington St,4840,41.883885,-87.6246938,250,recreation,41.88298987994846,-87.6233694285078,,,,,,garden,,,
Michigan Ave & Washington St,4840,41.883885,-87.6246938,250,recreation,41.883740698200214,-87.62356171277537,,,,,,garden,,,
Michigan Ave & Washington St,4840,41.883885,-87.6246938,250,recreation,41.88379613863454,-87.62347722528175,,,,,,garden,,,
Michigan Ave & Washington St,4840,41.883885,-87.6246938,250,recreation,41.88387078735403,-87.62332552562202,,,,,,garden,,,
Michigan Ave & Washington St,4840,41.883885,-87.6246938,250,recreation,41.88409144378868,-87.62382079884816,,,,,,garden,,,
Michigan Ave & Washington St,4840,41.883885,-87.6246938,250,recreation,41.88412427413161,-87.62224198386956,,,,,,garden,,,
Michigan Ave & Washington St,4840,41.883885,-87.6246938,250,recreation,41.882907704289934,-87.62255436434013,,,,,,garden,,,
Michigan Ave & Washington St,4840,41.883885,-87.6246938,250,recreation,41.88238400051325,-87.62335991990199,,,,,,garden,,,
Michigan Ave & Washington St,4840,41.883885,-87.6246938,250,other_amenity,41.88269825000164,-87.62296059999821,,bench,,,,,,,
Michigan Ave & Washington St,4840,41.883885,-87.6246938,250,recreation,41.88227599452257,-87.6235472885008,,,,,,garden,,,
Michigan Ave & Washington St,4840,41.883885,-87.6246938,250,recreation,41.88196559931328,-87.62338306426341,,,,,,garden,,,
Michigan Ave & Washington St,4840,41.883885,-87.6246938,250,other_amenity,41.88166245000152,-87.6236168999953,,bench,,,,,,,
Michigan Ave & Washington St,4840,41.883885,-87.6246938,250,other_amenity,41.88148595000838,-87.62389604995663,,bench,,,,,,,
Michigan Ave & Washington St,4840,41.883885,-87.6246938,250,recreation,41.881697495682666,-87.6235537691593,,,,,,garden,,,
Michigan Ave & Washington St,4840,41.883885,-87.6246938,250,recreation,41.885793449978564,-87.62191884999913,,,,,,pitch,,,
Michigan Ave & Washington St,4840,41.883885,-87.6246938,250,recreation,41.88528554997855,-87.62197894999913,,,,,,pitch,,,
Wells St & Hubbard St,4800,41.8898997,-87.6342914,250,food_drink,41.8889423,-87.6357074,Nick's Fishmarket Grill,restaurant,,,,,,,
Wells St & Hubbard St,4800,41.8898997,-87.6342914,250,food_drink,41.89095349999999,-87.6338839,Pepper Canister,bar,,,,,,,
Wells St & Hubbard St,4800,41.8898997,-87.6342914,250,food_drink,41.8892942,-87.6341972,Kinzie Chophouse,restaurant,,,,,,,
Wells St & Hubbard St,4800,41.8898997,-87.6342914,250,education,41.8888273,-87.6328104,IIT Institute of Design,university,,,,,,,
Wells St & Hubbard St,4800,41.8898997,-87.6342914,250,food_drink,41.888178599999996,-87.6333711,Chicago Cut Steakhouse,restaurant,,,,,,,
Wells St & Hubbard St,4800,41.8898997,-87.6342914,250,transit,41.88829640000001,-87.6340398,Merchandise Mart,,,,,,stop_position,stop,
Wells St & Hubbard St,4800,41.8898997,-87.6342914,250,transit,41.8893197,-87.634004,Merchandise Mart,,,,,,stop_position,stop,
Wells St & Hubbard St,4800,41.8898997,-87.6342914,250,transit,41.88943330000001,-87.6341359,,,,,,,,subway_entrance,
Wells St & Hubbard St,4800,41.8898997,-87.6342914,250,transit,41.88943329999999,-87.6339154,,,,,,,,subway_entrance,
Wells St & Hubbard St,4800,41.8898997,-87.6342914,250,food_drink,41.89202689999999,-87.6339103,O'Leary's Public House,pub,,,,,,,
Wells St & Hubbard St,4800,41.8898997,-87.6342914,250,food_drink,41.8884976,-87.6344561,Starbucks,cafe,,,,,,,
Wells St & Hubbard St,4800,41.8898997,-87.6342914,250,food_drink,41.8885815,-87.6344597,Dunkin',fast_food,,,,,,,
Wells St & Hubbard St,4800,41.8898997,-87.6342914,250,food_drink,41.89093849999999,-87.632327,Jimmy John's,fast_food,,,,,,,
Wells St & Hubbard St,4800,41.8898997,-87.6342914,250,food_drink,41.8900973,-87.6363899,Subway,fast_food,,,,,,,
Wells St & Hubbard St,4800,41.8898997,-87.6342914,250,transit,41.8886822,-87.6341562,,,,,,,,subway_entrance,
Wells St & Hubbard St,4800,41.8898997,-87.6342914,250,retail,41.8902382,-87.637207,Gordon's Ace Hardware - Orleans,,doityourself,,,,,,
Wells St & Hubbard St,4800,41.8898997,-87.6342914,250,retail,41.890353700000006,-87.63724,Petco,,pet,,,,,,
Wells St & Hubbard St,4800,41.8898997,-87.6342914,250,food_drink,41.889786599999994,-87.6371788,Starbucks,cafe,,,,,,,
Wells St & Hubbard St,4800,41.8898997,-87.6342914,250,food_drink,41.88926159999999,-87.63716940000002,Subway,fast_food,,,,,,,
Wells St & Hubbard St,4800,41.8898997,-87.6342914,250,other_amenity,41.89074899999999,-87.63206,LaSalle St & Illinois St,bicycle_rental,,,,,,,
Wells St & Hubbard St,4800,41.8898997,-87.6342914,250,other_amenity,41.888314099999995,-87.6364539,Orleans St & Merchandise Mart Plaza,bicycle_rental,,,,,,,
Wells St & Hubbard St,4800,41.8898997,-87.6342914,250,food_drink,41.889461499999996,-87.6353902,Doughnut Vault,cafe,,,,,,,
Wells St & Hubbard St,4800,41.8898997,-87.6342914,250,health,41.89008539999999,-87.637203,CVS Pharmacy,pharmacy,,,,,,,pharmacy
Wells St & Hubbard St,4800,41.8898997,-87.6342914,250,food_drink,41.890161600000006,-87.6312859,Starbucks,cafe,,,,,,,
Wells St & Hubbard St,4800,41.8898997,-87.6342914,250,tourism,41.887856799999994,-87.635529,Aaron Montgomery Ward,,,artwork,,,,,
Wells St & Hubbard St,4800,41.8898997,-87.6342914,250,tourism,41.8878577,-87.6354568,Edward Albert Filene,,,artwork,,,,,
Wells St & Hubbard St,4800,41.8898997,-87.6342914,250,tourism,41.887858099999995,-87.6353839,George Huntington Hartford,,,artwork,,,,,
Wells St & Hubbard St,4800,41.8898997,-87.6342914,250,tourism,41.887859899999995,-87.63530960000001,John Wanamaker,,,artwork,,,,,
Wells St & Hubbard St,4800,41.8898997,-87.6342914,250,tourism,41.887861,-87.6351648,Marshall Field,,,artwork,,,,,
Wells St & Hubbard St,4800,41.8898997,-87.6342914,250,tourism,41.88786300000001,-87.6350915,Julius Rosenwald,,,artwork,,,,,
Wells St & Hubbard St,4800,41.8898997,-87.6342914,250,tourism,41.88786329999999,-87.6350185,Frank W. Woolworth,,,artwork,,,,,
Wells St & Hubbard St,4800,41.8898997,-87.6342914,250,tourism,41.88786369999999,-87.634946,Robert E. Wood,,,artwork,,,,,
Wells St & Hubbard St,4800,41.8898997,-87.6342914,250,transit,41.891816999999996,-87.6324253,LaSalle & Grand,,,,,,platform,,
Wells St & Hubbard St,4800,41.8898997,-87.6342914,250,transit,41.890656699999994,-87.632396,LaSalle & Illinois,,,,,,platform,,
Wells St & Hubbard St,4800,41.8898997,-87.6342914,250,transit,41.88947400000001,-87.6323573,LaSalle & Kinzie,,,,,,platform,,
Wells St & Hubbard St,4800,41.8898997,-87.6342914,250,transit,41.8885216,-87.6323391,321 N LaSalle,,,,,,platform,,
Wells St & Hubbard St,4800,41.8898997,-87.6342914,250,office,41.8883259,-87.63295430000001,Law Office of Andrew J. Harger,,,,lawyer,,,,
Wells St & Hubbard St,4800,41.8898997,-87.6342914,250,retail,41.89138609999999,-87.6357742,The UPS Store,post_office,copyshop,,,,,,
Wells St & Hubbard St,4800,41.8898997,-87.6342914,250,retail,41.889558300000004,-87.6341948,,,vacant,,,,,,
Wells St & Hubbard St,4800,41.8898997,-87.6342914,250,food_drink,41.8900946,-87.6357331,Coco Pazzo,restaurant,,,,,,,
Wells St & Hubbard St,4800,41.8898997,-87.6342914,250,retail,41.8917006,-87.6363047,Nicholas Joseph,,tailor,,,,,,
Wells St & Hubbard St,4800,41.8898997,-87.6342914,250,office,41.88872669999999,-87.6360777,Braintree,,,,company,,,,
Wells St & Hubbard St,4800,41.8898997,-87.6342914,250,retail,41.88821309999999,-87.6315183,The Golden Triangle,,antiques,,,,,,
Wells St & Hubbard St,4800,41.8898997,-87.6342914,250,transit,41.889751000000004,-87.6327282,LaSalle & Hubbard,,,,,,platform,,
Wells St & Hubbard St,4800,41.8898997,-87.6342914,250,transit,41.8885358,-87.6327123,321 N LaSalle,,,,,,platform,,
Wells St & Hubbard St,4800,41.8898997,-87.6342914,250,transit,41.8913324,-87.632755,LaSalle & Grand,,,,,,platform,,
Wells St & Hubbard St,4800,41.8898997,-87.6342914,250,transit,41.888597199999985,-87.63675990000002,Orleans & Merchandise Mart,,,,,,platform,,
Wells St & Hubbard St,4800,41.8898997,-87.6342914,250,food_drink,41.8890598,-87.63314720000001,Old Crow Smokehouse - River North,restaurant,,,,,,,
Wells St & Hubbard St,4800,41.8898997,-87.6342914,250,food_drink,41.887951900000004,-87.63228000000001,River Roast,restaurant,,,,,,,
Wells St & Hubbard St,4800,41.8898997,-87.6342914,250,food_drink,41.891739199999996,-87.6337796,Zarella Pizzeria & Taverna,restaurant,,,,,,,
Wells St & Hubbard St,4800,41.8898997,-87.6342914,250,food_drink,41.8909642,-87.6316624,Sunda,restaurant,,,,,,,
Wells St & Hubbard St,4800,41.8898997,-87.6342914,250,food_drink,41.889284999999994,-87.6348919,Bavette's Bar & Boeuf,restaurant,,,,,,,
Wells St & Hubbard St,4800,41.8898997,-87.6342914,250,transit,41.8917855,-87.6341898,Wells & Grand,,,,,,platform,,
Wells St & Hubbard St,4800,41.8898997,-87.6342914,250,transit,41.8901463,-87.63414830000002,Wells & Hubbard,,,,,,platform,,
Wells St & Hubbard St,4800,41.8898997,-87.6342914,250,transit,41.8918735,-87.6369151,Orleans & Grand,,,,,,platform,,
Wells St & Hubbard St,4800,41.8898997,-87.6342914,250,transit,41.889821299999994,-87.6368887,Orleans & Hubbard,,,,,,platform,,
Wells St & Hubbard St,4800,41.8898997,-87.6342914,250,transit,41.888560899999995,-87.6340624,Wells & Merchandise Mart (Brown Line),,,,,,platform,,
Wells St & Hubbard St,4800,41.8898997,-87.6342914,250,transit,41.88884170000001,-87.6340039,Merchandise Mart,,,,,,station,station,
Wells St & Hubbard St,4800,41.8898997,-87.6342914,250,food_drink,41.8906817,-87.6313803,Roka Akor,restaurant,,,,,,,
Wells St & Hubbard St,4800,41.8898997,-87.6342914,250,food_drink,41.8902545,-87.6319006,Slurping Turtle,restaurant,,,,,,,
Wells St & Hubbard St,4800,41.8898997,-87.6342914,250,food_drink,41.8902584,-87.6316003,Hubbard Inn,restaurant,,,,,,,
Wells St & Hubbard St,4800,41.8898997,-87.6342914,250,food_drink,41.8902824,-87.6317505,Joy District Chicago,restaurant,,,,,,,
Wells St & Hubbard St,4800,41.8898997,-87.6342914,250,food_drink,41.89025759999999,-87.6314021,The Baton Show Lounge,bar,,,,,,,
Wells St & Hubbard St,4800,41.8898997,-87.6342914,250,food_drink,41.889076200000005,-87.631681,Untitled Supper Club,restaurant,,,,,,,
Wells St & Hubbard St,4800,41.8898997,-87.6342914,250,food_drink,41.8894067,-87.6319768,Mercadito,restaurant,,,,,,,
Wells St & Hubbard St,4800,41.8898997,-87.6342914,250,other_amenity,41.8898493,-87.631628,Celeste,nightclub,,,,,,,
Wells St & Hubbard St,4800,41.8898997,-87.6342914,250,food_drink,41.889057199999996,-87.6332026,Moe's Cantina,restaurant,,,,,,,
Wells St & Hubbard St,4800,41.8898997,-87.6342914,250,food_drink,41.889273700000004,-87.6353372,Gilt Bar,bar,,,,,,,
Wells St & Hubbard St,4800,41.8898997,-87.6342914,250,food_drink,41.889036600000004,-87.6337487,Highline Bar + Lounge,restaurant,,,,,,,
Wells St & Hubbard St,4800,41.8898997,-87.6342914,250,food_drink,41.89114949999998,-87.63426320000002,Le Select,restaurant,,,,,,,
Wells St & Hubbard St,4800,41.8898997,-87.6342914,250,food_drink,41.89180449999999,-87.6320262,Tanta,restaurant,,,,,,,
Wells St & Hubbard St,4800,41.8898997,-87.6342914,250,food_drink,41.8917434,-87.6342963,Meli Cafe,restaurant,,,,,,,
Wells St & Hubbard St,4800,41.8898997,-87.6342914,250,food_drink,41.8896816,-87.6372631,Reverie,bar,,,,,,,
Wells St & Hubbard St,4800,41.8898997,-87.6342914,250,food_drink,41.88990020000001,-87.6313597,The Boss Bar,bar,,,,,,,
Wells St & Hubbard St,4800,41.8898997,-87.6342914,250,food_drink,41.8890557,-87.633264,CAVA,restaurant,,,,,,,
Wells St & Hubbard St,4800,41.8898997,-87.6342914,250,food_drink,41.88975039999998,-87.6313436,Da Lobsta,restaurant,,,,,,,
Wells St & Hubbard St,4800,41.8898997,-87.6342914,250,food_drink,41.8905124,-87.631288,Enolo Wine Cafe,bar,,,,,,,
Wells St & Hubbard St,4800,41.8898997,-87.6342914,250,food_drink,41.888640299999985,-87.63286670000001,Freshii,restaurant,,,,,,,
Wells St & Hubbard St,4800,41.8898997,-87.6342914,250,food_drink,41.8894187,-87.6315977,La Mez Agave Lounge,bar,,,,,,,
Wells St & Hubbard St,4800,41.8898997,-87.6342914,250,food_drink,41.89099809999999,-87.6314417,NAHA,restaurant,,,,,,,
Wells St & Hubbard St,4800,41.8898997,-87.6342914,250,food_drink,41.88928219999999,-87.6351136,The Library,bar,,,,,,,
Wells St & Hubbard St,4800,41.8898997,-87.6342914,250,other_amenity,41.889899699999994,-87.6342914,Wells St & Hubbard St,bicycle_rental,,,,,,,
Wells St & Hubbard St,4800,41.8898997,-87.6342914,250,office,41.888296099999984,-87.6330881,Boston Consulting Group,,,,consulting,,,,
Wells St & Hubbard St,4800,41.8898997,-87.6342914,250,retail,41.8881508,-87.6331336,Cafe 300,,coffee,,,,,,
Wells St & Hubbard St,4800,41.8898997,-87.6342914,250,food_drink,41.8888053,-87.6344719,Billy Goat Tavern - at the MART,restaurant,,,,,,,
Wells St & Hubbard St,4800,41.8898997,-87.6342914,250,food_drink,41.8892889,-87.6345753,Shamrock Club,bar,,,,,,,
Wells St & Hubbard St,4800,41.8898997,-87.6342914,250,food_drink,41.88861829999999,-87.6372735,Infuse Coffee and Tea Bar,cafe,,,,,,,
Wells St & Hubbard St,4800,41.8898997,-87.6342914,250,food_drink,41.89025769999999,-87.63180460000001,Parlay,bar,,,,,,,
Wells St & Hubbard St,4800,41.8898997,-87.6342914,250,food_drink,41.891163999999996,-87.63140810000002,Mendocino Farms,restaurant,,,,,,,
Wells St & Hubbard St,4800,41.8898997,-87.6342914,250,food_drink,41.88927859999998,-87.6352285,Ciccio Mio,restaurant,,,,,,,
Wells St & Hubbard St,4800,41.8898997,-87.6342914,250,other_amenity,41.89001639999999,-87.6366442,Orleans St & Hubbard St,bicycle_rental,,,,,,,
Wells St & Hubbard St,4800,41.8898997,-87.6342914,250,food_drink,41.8918633,-87.63310580000001,Zombie Taco,restaurant,,,,,,,
Wells St & Hubbard St,4800,41.8898997,-87.6342914,250,food_drink,41.8897503,-87.6348376,Joe & The Juice,cafe,,,,,,,
Wells St & Hubbard St,4800,41.8898997,-87.6342914,250,food_drink,41.891884000000005,-87.6338104,Marchesa,bar,,,,,,,
Wells St & Hubbard St,4800,41.8898997,-87.6342914,250,retail,41.89195699999999,-87.6314408,Molly’s Cupcakes,,bakery,,,,,,
Wells St & Hubbard St,4800,41.8898997,-87.6342914,250,food_drink,41.8918453,-87.6331098,Moxy Chicago Downtown,bar,,,,,,,
Wells St & Hubbard St,4800,41.8898997,-87.6342914,250,retail,41.8887204,-87.6371768,Three Fox Five,,bakery,,,,,,
Wells St & Hubbard St,4800,41.8898997,-87.6342914,250,transit,41.891647500000005,-87.6353762,Grand & Franklin,,,,,,platform,,
Wells St & Hubbard St,4800,41.8898997,-87.6342914,250,transit,41.890733399999995,-87.6328404,Illinois & LaSalle,,,,,,platform,,
Wells St & Hubbard St,4800,41.8898997,-87.6342914,250,transit,41.891494699999996,-87.6358057,Grand & Franklin,,,,,,platform,,
Wells St & Hubbard St,4800,41.8898997,-87.6342914,250,transit,41.89075679999999,-87.6313182,Illinois & Clark,,,,,,platform,,
Wells St & Hubbard St,4800,41.8898997,-87.6342914,250,other_amenity,41.88941379999999,-87.6328272,,fountain,,,,,,,
Wells St & Hubbard St,4800,41.8898997,-87.6342914,250,food_drink,41.889431300000005,-87.6313319,The Smith,restaurant,,,,,,,
Wells St & Hubbard St,4800,41.8898997,-87.6342914,250,other_amenity,41.891052,-87.6354827,Franklin St & Illinois St,bicycle_rental,,,,,,,
Wells St & Hubbard St,4800,41.8898997,-87.6342914,250,office,41.8893465,-87.6317342,John David Mooney Foundation,,,,educational_institution,,,,
Wells St & Hubbard St,4800,41.8898997,-87.6342914,250,transit,41.891866,-87.6370276,Orleans & Grand,,,,,,stop_position,,
Wells St & Hubbard St,4800,41.8898997,-87.6342914,250,transit,41.88981940000001,-87.6369802,Orleans & Hubbard,,,,,,stop_position,,
Wells St & Hubbard St,4800,41.8898997,-87.6342914,250,transit,41.888567099999996,-87.6368619,Orleans & Merchandise Mart,,,,,,stop_position,,
Wells St & Hubbard St,4800,41.8898997,-87.6342914,250,transit,41.8886048,-87.6340069,Wells & Merchandise Mart (Brown Line),,,,,,stop_position,,
Wells St & Hubbard St,4800,41.8898997,-87.6342914,250,transit,41.890194099999995,-87.6340182,Wells & Hubbard,,,,,,stop_position,,
Wells St & Hubbard St,4800,41.8898997,-87.6342914,250,transit,41.8918369,-87.6340618,Wells & Grand,,,,,,stop_position,,
Wells St & Hubbard St,4800,41.8898997,-87.6342914,250,retail,41.888733099999996,-87.632297,7-Eleven,,convenience,,,,,,
Wells St & Hubbard St,4800,41.8898997,-87.6342914,250,retail,41.890270999999984,-87.6312776,Sunnyside,,cannabis,,,,,,
Wells St & Hubbard St,4800,41.8898997,-87.6342914,250,retail,41.89013169999999,-87.6358006,Eggersmann Kitchens Home Living - Chicago,,cabinet_maker,,,,,,
Wells St & Hubbard St,4800,41.8898997,-87.6342914,250,food_drink,41.88785759999999,-87.6370318,Blue Bottle Coffee,cafe,,,,,,,
Wells St & Hubbard St,4800,41.8898997,-87.6342914,250,food_drink,41.8897447,-87.634408,Brown Bag Seafood Co.,restaurant,,,,,,,
Wells St & Hubbard St,4800,41.8898997,-87.6342914,250,retail,41.88945170000001,-87.6342011,Gianni,,furniture,,,,,,
Wells St & Hubbard St,4800,41.8898997,-87.6342914,250,retail,41.8903312,-87.6342427,FedEx Office,,copyshop,,,,,,
Wells St & Hubbard St,4800,41.8898997,-87.6342914,250,other_amenity,41.8909111,-87.6318705,,bicycle_parking,,,,,,,
Wells St & Hubbard St,4800,41.8898997,-87.6342914,250,other_amenity,41.89091069999999,-87.63189100000001,,bicycle_parking,,,,,,,
Wells St & Hubbard St,4800,41.8898997,-87.6342914,250,retail,41.8890447,-87.6318785,CVS Pharmacy,,chemist,,,,,,
Wells St & Hubbard St,4800,41.8898997,-87.6342914,250,retail,41.8885046,-87.6343661,FedEx Office,post_office,copyshop,,,,,,
Wells St & Hubbard St,4800,41.8898997,-87.6342914,250,other_amenity,41.889377,-87.6322709,PNC Bank,bank,,,,,,,
Wells St & Hubbard St,4800,41.8898997,-87.6342914,250,office,41.88971379999999,-87.6318592,"Morgan Birge and Associates, Inc.",,,,telecommunication,,,,
Wells St & Hubbard St,4800,41.8898997,-87.6342914,250,retail,41.888184900000006,-87.63228290000002,World of Whirlpool,,appliance,,,,,,
Wells St & Hubbard St,4800,41.8898997,-87.6342914,250,other_amenity,41.887892099999995,-87.6332136,,bench,,,,,,,
Wells St & Hubbard St,4800,41.8898997,-87.6342914,250,transit,41.88781920000001,-87.6316693,Chicago Riverwalk,ferry_terminal,,,,,station,,
Wells St & Hubbard St,4800,41.8898997,-87.6342914,250,food_drink,41.88790930000001,-87.6322786,Reid Bar,bar,,,,,,,
Wells St & Hubbard St,4800,41.8898997,-87.6342914,250,other_amenity,41.88860129999999,-87.6319926,,loading_dock,,,,,,,
Wells St & Hubbard St,4800,41.8898997,-87.6342914,250,other_amenity,41.88853309999999,-87.6315183,,waste_disposal,,,,,,,
Wells St & Hubbard St,4800,41.8898997,-87.6342914,250,other_amenity,41.8885921,-87.6318904,,loading_dock,,,,,,,
Wells St & Hubbard St,4800,41.8898997,-87.6342914,250,other_amenity,41.88837809999999,-87.6327515,,loading_dock,,,,,,,
Wells St & Hubbard St,4800,41.8898997,-87.6342914,250,food_drink,41.8888031,-87.6322972,Subway,fast_food,,,,,,,
Wells St & Hubbard St,4800,41.8898997,-87.6342914,250,other_amenity,41.8890645,-87.6315457,,parking_entrance,,,,,,,
Wells St & Hubbard St,4800,41.8898997,-87.6342914,250,other_amenity,41.88909699999999,-87.6316159,,parking_entrance,,,,,,,
Wells St & Hubbard St,4800,41.8898997,-87.6342914,250,other_amenity,41.8878927,-87.63316170000002,,bench,,,,,,,
Wells St & Hubbard St,4800,41.8898997,-87.6342914,250,other_amenity,41.887892099999995,-87.6331104,,bench,,,,,,,
Wells St & Hubbard St,4800,41.8898997,-87.6342914,250,other_amenity,41.887892699999995,-87.6330059,,bench,,,,,,,
Wells St & Hubbard St,4800,41.8898997,-87.6342914,250,other_amenity,41.88789270000001,-87.6329506,,bench,,,,,,,
Wells St & Hubbard St,4800,41.8898997,-87.6342914,250,other_amenity,41.887893000000005,-87.6329002,,bench,,,,,,,
Wells St & Hubbard St,4800,41.8898997,-87.6342914,250,other_amenity,41.8879938,-87.632929,,bench,,,,,,,
Wells St & Hubbard St,4800,41.8898997,-87.6342914,250,other_amenity,41.8879938,-87.63296880000001,,bench,,,,,,,
Wells St & Hubbard St,4800,41.8898997,-87.6342914,250,other_amenity,41.888005699999994,-87.6328613,,bench,,,,,,,
Wells St & Hubbard St,4800,41.8898997,-87.6342914,250,other_amenity,41.88800439999999,-87.633044,,bench,,,,,,,
Wells St & Hubbard St,4800,41.8898997,-87.6342914,250,other_amenity,41.888004,-87.6330812,,bench,,,,,,,
Wells St & Hubbard St,4800,41.8898997,-87.6342914,250,other_amenity,41.88799180000001,-87.63314,,bench,,,,,,,
Wells St & Hubbard St,4800,41.8898997,-87.6342914,250,other_amenity,41.887991499999984,-87.6331825,,bench,,,,,,,
Wells St & Hubbard St,4800,41.8898997,-87.6342914,250,other_amenity,41.8880034,-87.6332471,,bench,,,,,,,
Wells St & Hubbard St,4800,41.8898997,-87.6342914,250,other_amenity,41.888007599999995,-87.6327694,,bench,,,,,,,
Wells St & Hubbard St,4800,41.8898997,-87.6342914,250,other_amenity,41.88798439999999,-87.6327686,,bench,,,,,,,
Wells St & Hubbard St,4800,41.8898997,-87.6342914,250,transit,41.888541599999996,-87.632639,,,,,,,stop_position,,
Wells St & Hubbard St,4800,41.8898997,-87.6342914,250,transit,41.8885393,-87.6324262,,,,,,,stop_position,,
Wells St & Hubbard St,4800,41.8898997,-87.6342914,250,other_amenity,41.88861649999999,-87.6329131,,loading_dock,,,,,,,
Wells St & Hubbard St,4800,41.8898997,-87.6342914,250,other_amenity,41.888616999999996,-87.6328024,,loading_dock,,,,,,,
Wells St & Hubbard St,4800,41.8898997,-87.6342914,250,other_amenity,41.8885996,-87.633346,,loading_dock,,,,,,,
Wells St & Hubbard St,4800,41.8898997,-87.6342914,250,other_amenity,41.88905959999999,-87.6334852,,parking_entrance,,,,,,,
Wells St & Hubbard St,4800,41.8898997,-87.6342914,250,other_amenity,41.889077099999994,-87.6329214,,parking_entrance,,,,,,,
Wells St & Hubbard St,4800,41.8898997,-87.6342914,250,other_amenity,41.8892522,-87.6362459,,loading_dock,,,,,,,
Wells St & Hubbard St,4800,41.8898997,-87.6342914,250,other_amenity,41.88895399999999,-87.6367435,,parking_entrance,,,,,,,
Wells St & Hubbard St,4800,41.8898997,-87.6342914,250,other_amenity,41.88891859999998,-87.6368089,,parking_entrance,,,,,,,
Wells St & Hubbard St,4800,41.8898997,-87.6342914,250,other_amenity,41.888945599999985,-87.636773,,bicycle_parking,,,,,,,
Wells St & Hubbard St,4800,41.8898997,-87.6342914,250,other_amenity,41.8890721,-87.6356201,,bicycle_parking,,,,,,,
Wells St & Hubbard St,4800,41.8898997,-87.6342914,250,other_amenity,41.8879316,-87.6348592,,bench,,,,,,,
Wells St & Hubbard St,4800,41.8898997,-87.6342914,250,retail,41.8890548,-87.6333159,Antique Warehouse,,antiques,,,,,,
Wells St & Hubbard St,4800,41.8898997,-87.6342914,250,other_amenity,41.887664799999996,-87.636661,,bench,,,,,,,
Wells St & Hubbard St,4800,41.8898997,-87.6342914,250,retail,41.8909006,-87.6360864,Pups Pet Club,,pet,,,,,,
Wells St & Hubbard St,4800,41.8898997,-87.6342914,250,food_drink,41.89116149999998,-87.63386829999999,No Vacancy,restaurant,,,,,,,
Wells St & Hubbard St,4800,41.8898997,-87.6342914,250,other_amenity,41.890456799999995,-87.6366617,Saint Peregrine Shrine,place_of_worship,,,,,,,
Wells St & Hubbard St,4800,41.8898997,-87.6342914,250,other_amenity,41.889364199999996,-87.6339181,,bicycle_parking,,,,,,,
Wells St & Hubbard St,4800,41.8898997,-87.6342914,250,other_amenity,41.8888657,-87.63410640000001,,bicycle_parking,,,,,,,
Wells St & Hubbard St,4800,41.8898997,-87.6342914,250,other_amenity,41.88831879999999,-87.6340881,,bicycle_parking,,,,,,,
Wells St & Hubbard St,4800,41.8898997,-87.6342914,250,food_drink,41.8906824,-87.6318994,Tary,cafe,,,,,,,
Wells St & Hubbard St,4800,41.8898997,-87.6342914,250,other_amenity,41.89059159999999,-87.6327367,,bicycle_parking,,,,,,,
Wells St & Hubbard St,4800,41.8898997,-87.6342914,250,other_amenity,41.89067229999999,-87.6323985,,bicycle_parking,,,,,,,
Wells St & Hubbard St,4800,41.8898997,-87.6342914,250,other_amenity,41.8901842,-87.6323858,,bicycle_parking,,,,,,,
Wells St & Hubbard St,4800,41.8898997,-87.6342914,250,other_amenity,41.88982790000001,-87.6327252,,bicycle_parking,,,,,,,
Wells St & Hubbard St,4800,41.8898997,-87.6342914,250,other_amenity,41.8898102,-87.63238330000001,,bicycle_parking,,,,,,,
Wells St & Hubbard St,4800,41.8898997,-87.6342914,250,other_amenity,41.88931289999999,-87.6327217,,waste_basket,,,,,,,
Wells St & Hubbard St,4800,41.8898997,-87.6342914,250,other_amenity,41.8894111,-87.632367,,waste_basket,,,,,,,
Wells St & Hubbard St,4800,41.8898997,-87.6342914,250,other_amenity,41.8892706,-87.6322971,,post_box,,,,,,,
Wells St & Hubbard St,4800,41.8898997,-87.6342914,250,other_amenity,41.889270599999996,-87.6322337,,bicycle_parking,,,,,,,
Wells St & Hubbard St,4800,41.8898997,-87.6342914,250,other_amenity,41.889123899999994,-87.6319226,,bicycle_parking,,,,,,,
Wells St & Hubbard St,4800,41.8898997,-87.6342914,250,other_amenity,41.888759,-87.6323469,,bicycle_parking,,,,,,,
Wells St & Hubbard St,4800,41.8898997,-87.6342914,250,other_amenity,41.8884646,-87.6327175,,bicycle_parking,,,,,,,
Wells St & Hubbard St,4800,41.8898997,-87.6342914,250,other_amenity,41.88844890000001,-87.6323395,,bicycle_parking,,,,,,,
Wells St & Hubbard St,4800,41.8898997,-87.6342914,250,other_amenity,41.8879739,-87.6323751,,waste_basket,,,,,,,
Wells St & Hubbard St,4800,41.8898997,-87.6342914,250,other_amenity,41.8892327,-87.635231,,bicycle_parking,,,,,,,
Wells St & Hubbard St,4800,41.8898997,-87.6342914,250,other_amenity,41.889241399999996,-87.6346456,,bicycle_parking,,,,,,,
Wells St & Hubbard St,4800,41.8898997,-87.6342914,250,other_amenity,41.8900826,-87.6320217,,bicycle_parking,,,,,,,
Wells St & Hubbard St,4800,41.8898997,-87.6342914,250,other_amenity,41.890043899999995,-87.6349237,,bicycle_parking,,,,,,,
Wells St & Hubbard St,4800,41.8898997,-87.6342914,250,retail,41.89020029999998,-87.6350146,Roche Bobois,,furniture,,,,,,
Wells St & Hubbard St,4800,41.8898997,-87.6342914,250,retail,41.890143599999995,-87.6343378,Ligne Roset,,furniture,,,,,,
Wells St & Hubbard St,4800,41.8898997,-87.6342914,250,retail,41.8897814,-87.6352923,Studio41,,kitchen,,,,,,
Wells St & Hubbard St,4800,41.8898997,-87.6342914,250,other_amenity,41.8901873,-87.635632,,bicycle_parking,,,,,,,
Wells St & Hubbard St,4800,41.8898997,-87.6342914,250,retail,41.8900873,-87.6366117,daltile,,tiles,,,,,,
Wells St & Hubbard St,4800,41.8898997,-87.6342914,250,other_amenity,41.88923400000001,-87.6341341,,ticket_validator,,,,,,,
Wells St & Hubbard St,4800,41.8898997,-87.6342914,250,other_amenity,41.88923739999999,-87.6339095,,ticket_validator,,,,,,,
Wells St & Hubbard St,4800,41.8898997,-87.6342914,250,other_amenity,41.88868169999999,-87.634203,,ticket_validator,,,,,,,
Wells St & Hubbard St,4800,41.8898997,-87.6342914,250,other_amenity,41.88983679999998,-87.634135,,bicycle_parking,,,,,,,
Wells St & Hubbard St,4800,41.8898997,-87.6342914,250,retail,41.88957139999999,-87.63136740000002,Levain Bakery,,pastry,,,,,,
Wells St & Hubbard St,4800,41.8898997,-87.6342914,250,other_amenity,41.8898526,-87.63413660000002,,vending_machine,,,,,,,
Wells St & Hubbard St,4800,41.8898997,-87.6342914,250,food_drink,41.88822840000001,-87.6354974,Marshall’s Landing,cafe,,,,,,,
Wells St & Hubbard St,4800,41.8898997,-87.6342914,250,retail,41.8909537,-87.6342421,Thread Away,,beauty,,,,,,
Wells St & Hubbard St,4800,41.8898997,-87.6342914,250,other_amenity,41.8911142,-87.63346710000002,,loading_dock,,,,,,,
Wells St & Hubbard St,4800,41.8898997,-87.6342914,250,other_amenity,41.8886306,-87.6342012,Ventra,vending_machine,,,,,,,
Wells St & Hubbard St,4800,41.8898997,-87.6342914,250,recreation,41.88796579864482,-87.63300367033689,300 North LaSalle Garden,,,,,garden,,,
Wells St & Hubbard St,4800,41.8898997,-87.6342914,250,transit,41.888844035822544,-87.63408688155994,,,,,,,platform,platform,
Wells St & Hubbard St,4800,41.8898997,-87.6342914,250,retail,41.88854909485879,-87.63537285447282,Merchandise Mart,,mall,,,,,,
Wells St & Hubbard St,4800,41.8898997,-87.6342914,250,other_amenity,41.890513284497835,-87.63635522702471,Assumption Roman Catholic Church,place_of_worship,,,,,,,
Wells St & Hubbard St,4800,41.8898997,-87.6342914,250,food_drink,41.891389735939434,-87.63146042883987,Maggiano's Little Italy,restaurant,,,,,,,
Wells St & Hubbard St,4800,41.8898997,-87.6342914,250,other_amenity,41.891382520591534,-87.6317672304112,Maggiano's Banquets,events_venue,,,,,,,
Wells St & Hubbard St,4800,41.8898997,-87.6342914,250,other_amenity,41.890194475231354,-87.63641327630027,Orleans-Hubbard Self Park,parking,,,,,,,
Wells St & Hubbard St,4800,41.8898997,-87.6342914,250,other_amenity,41.89142844845864,-87.63217710824645,Bank of America,bank,,,,,,,
Wells St & Hubbard St,4800,41.8898997,-87.6342914,250,other_amenity,41.88959241774359,-87.63355899721124,,parking,,,,,,,
Wells St & Hubbard St,4800,41.8898997,-87.6342914,250,food_drink,41.889777517467465,-87.63180758972803,Point & Feather,bar,,,,,,,
Wells St & Hubbard St,4800,41.8898997,-87.6342914,250,food_drink,41.89034828577626,-87.63370390128424,Lou Malnati's Pizzeria,restaurant,,,,,,,
Wells St & Hubbard St,4800,41.8898997,-87.6342914,250,other_amenity,41.89134810802967,-87.63370470517575,Anti-Cruelty Society Parking,parking,,,,,,,
Wells St & Hubbard St,4800,41.8898997,-87.6342914,250,tourism,41.89216457934307,-87.63201450426084,Best Western River North,,,hotel,,,,,
Wells St & Hubbard St,4800,41.8898997,-87.6342914,250,retail,41.89134145264267,-87.63522105904906,Binny's Beverage Depot,,alcohol,,,,,,
Wells St & Hubbard St,4800,41.8898997,-87.6342914,250,other_amenity,41.89195470117054,-87.63380122201004,Gilda's Club,social_facility,,,,,,,
Wells St & Hubbard St,4800,41.8898997,-87.6342914,250,food_drink,41.89195913570746,-87.63141036987972,Blue Chicago,bar,,,,music_venue,,,
Wells St & Hubbard St,4800,41.8898997,-87.6342914,250,food_drink,41.89181771273876,-87.63183436160783,Arbella,restaurant,,,,,,,
Wells St & Hubbard St,4800,41.8898997,-87.6342914,250,other_amenity,41.891368840166834,-87.63304743012263,Anti-Cruelty Society,veterinary,,,,,,,
Wells St & Hubbard St,4800,41.8898997,-87.6342914,250,food_drink,41.89089990788093,-87.63579688000867,Gene & Georgetti,restaurant,,,,,,,
Wells St & Hubbard St,4800,41.8898997,-87.6342914,250,food_drink,41.89178828840756,-87.63142433688537,Fado Irish Pub,bar,,,,,,,
Wells St & Hubbard St,4800,41.8898997,-87.6342914,250,retail,41.89182746862576,-87.63339470188211,Midas,,car_repair,,,,,,
Wells St & Hubbard St,4800,41.8898997,-87.6342914,250,health,41.891805655508634,-87.63190827641561,River North Dental Center,dentist,,,,,,,dentist
Wells St & Hubbard St,4800,41.8898997,-87.6342914,250,food_drink,41.8921880388645,-87.63435350915381,,restaurant,,,,,,,
Wells St & Hubbard St,4800,41.8898997,-87.6342914,250,other_amenity,41.89186688906056,-87.63750410179772,,parking,,,,,,,
Wells St & Hubbard St,4800,41.8898997,-87.6342914,250,other_amenity,41.89176024164839,-87.63535869314572,Chase,bank,,,,,,,
Wells St & Hubbard St,4800,41.8898997,-87.6342914,250,transit,41.888799299954414,-87.63394137824682,,,,,,,platform,platform,
Wells St & Hubbard St,4800,41.8898997,-87.6342914,250,other_amenity,41.888187336509276,-87.63131576470884,The Rug Company,parking,,,,,,,
Wells St & Hubbard St,4800,41.8898997,-87.6342914,250,retail,41.88800790213307,-87.63134461446687,The Rug Company,,carpet,,,,,,
Wells St & Hubbard St,4800,41.8898997,-87.6342914,250,recreation,41.887425093177946,-87.63737940372606,Wolf Point Riverwalk,,,,,park,,,
Wells St & Hubbard St,4800,41.8898997,-87.6342914,250,other_amenity,41.89219395836792,-87.63143132509786,,parking,,,,,,,
Wells St & Hubbard St,4800,41.8898997,-87.6342914,250,other_amenity,41.890211549994454,-87.63527949999403,,parking,,,,,,,
Wells St & Hubbard St,4800,41.8898997,-87.6342914,250,recreation,41.89058673021736,-87.63667320749477,,,,,,garden,,,
Wells St & Hubbard St,4800,41.8898997,-87.6342914,250,other_amenity,41.89183972456703,-87.63322165466703,,parking,,,,,,,
Wells St & Hubbard St,4800,41.8898997,-87.6342914,250,other_amenity,41.89132893205145,-87.63482577257973,,parking,,,,,,,
Wells St & Hubbard St,4800,41.8898997,-87.6342914,250,other_amenity,41.89178187555211,-87.63498232225045,,parking,,,,,,,
Wells St & Hubbard St,4800,41.8898997,-87.6342914,250,tourism,41.89184702540235,-87.6329821406276,Moxy Chicago Downtown,,,hotel,,,,,
Wells St & Hubbard St,4800,41.8898997,-87.6342914,250,recreation,41.88943812119921,-87.63299945907082,,,,,,park,,,
Wells St & Hubbard St,4800,41.8898997,-87.6342914,250,other_amenity,41.89023827462812,-87.63297866154771,,parking,,,,,,,
Wells St & Hubbard St,4800,41.8898997,-87.6342914,250,recreation,41.888676738067744,-87.63168558032106,,,,,,swimming_pool,,,
Wells St & Hubbard St,4800,41.8898997,-87.6342914,250,recreation,41.88888397542631,-87.63161039478028,,,,,,pitch,,,
Wells St & Hubbard St,4800,41.8898997,-87.6342914,250,other_amenity,41.88908924027823,-87.63761401622713,,parking,,,,,,,
Wells St & Hubbard St,4800,41.8898997,-87.6342914,250,other_amenity,41.88916325004659,-87.63639655000321,,parking,,,,,,,
Wells St & Hubbard St,4800,41.8898997,-87.6342914,250,other_amenity,41.8891698630101,-87.63596634565363,,parking,,,,,,,
Wells St & Hubbard St,4800,41.8898997,-87.6342914,250,other_amenity,41.889187720990485,-87.63475208794972,,parking,,,,,,,
Wells St & Hubbard St,4800,41.8898997,-87.6342914,250,recreation,41.88801395905397,-87.63236127238109,,,,,,garden,,,
Wells St & Hubbard St,4800,41.8898997,-87.6342914,250,recreation,41.88809842796423,-87.63140218905505,,,,,,garden,,,
Wells St & Hubbard St,4800,41.8898997,-87.6342914,250,recreation,41.88834023792913,-87.6313395991726,,,,,,garden,,,
Wells St & Hubbard St,4800,41.8898997,-87.6342914,250,other_amenity,41.8888417853985,-87.6317293911569,The Sterling Self Park,parking,,,,,,,
Wells St & Hubbard St,4800,41.8898997,-87.6342914,250,recreation,41.8884521790637,-87.63285735039523,,,,,,garden,,,
Wells St & Hubbard St,4800,41.8898997,-87.6342914,250,recreation,41.888446260566205,-87.63343376205185,,,,,,garden,,,
Wells St & Hubbard St,4800,41.8898997,-87.6342914,250,recreation,41.88865441262561,-87.63225158288652,,,,,,garden,,,
Wells St & Hubbard St,4800,41.8898997,-87.6342914,250,recreation,41.888933149994244,-87.63234844999923,,,,,,garden,,,
Wells St & Hubbard St,4800,41.8898997,-87.6342914,250,recreation,41.889042078964756,-87.63235067551796,,,,,,garden,,,
Wells St & Hubbard St,4800,41.8898997,-87.6342914,250,recreation,41.88892487049757,-87.63229282415342,,,,,,garden,,,
Wells St & Hubbard St,4800,41.8898997,-87.6342914,250,recreation,41.88903410451901,-87.63226888446472,,,,,,garden,,,
Wells St & Hubbard St,4800,41.8898997,-87.6342914,250,recreation,41.88898439808434,-87.63195268359887,,,,,,garden,,,
Wells St & Hubbard St,4800,41.8898997,-87.6342914,250,recreation,41.888964494323986,-87.63203305965796,,,,,,garden,,,
Wells St & Hubbard St,4800,41.8898997,-87.6342914,250,recreation,41.889079784606686,-87.63207179389465,,,,,,garden,,,
Wells St & Hubbard St,4800,41.8898997,-87.6342914,250,tourism,41.88857485000015,-87.63253135000001,Crossing,,,artwork,,,,,
Wells St & Hubbard St,4800,41.8898997,-87.6342914,250,other_amenity,41.889021731604984,-87.63407959369994,,shelter,,,,,,,
Wells St & Hubbard St,4800,41.8898997,-87.6342914,250,other_amenity,41.88902581778951,-87.63395503407504,,shelter,,,,,,,
Wells St & Hubbard St,4800,41.8898997,-87.6342914,250,other_amenity,41.88843966325204,-87.63393950341334,,shelter,,,,,,,
Wells St & Hubbard St,4800,41.8898997,-87.6342914,250,other_amenity,41.888437849293375,-87.63407094577113,,shelter,,,,,,,
Wells St & Hubbard St,4800,41.8898997,-87.6342914,250,recreation,41.887883728316595,-87.63383861978421,,,,,,garden,,,
Wells St & Hubbard St,4800,41.8898997,-87.6342914,250,recreation,41.887883603516244,-87.63377483816174,,,,,,garden,,,
Wells St & Hubbard St,4800,41.8898997,-87.6342914,250,recreation,41.887883100000536,-87.63370775000001,,,,,,garden,,,
Wells St & Hubbard St,4800,41.8898997,-87.6342914,250,recreation,41.887882100000546,-87.63363970000002,,,,,,garden,,,
Wells St & Hubbard St,4800,41.8898997,-87.6342914,250,recreation,41.88788135000042,-87.63357265000005,,,,,,garden,,,
Wells St & Hubbard St,4800,41.8898997,-87.6342914,250,recreation,41.889096382111234,-87.63320667927347,,,,,,outdoor_seating,,,
Wells St & Hubbard St,4800,41.8898997,-87.6342914,250,recreation,41.88909864070709,-87.63305814140466,,,,,,outdoor_seating,,,
Wells St & Hubbard St,4800,41.8898997,-87.6342914,250,recreation,41.888765498494145,-87.63348325253332,,,,,,garden,,,
Wells St & Hubbard St,4800,41.8898997,-87.6342914,250,recreation,41.88901488207541,-87.63348761954846,,,,,,garden,,,
Wells St & Hubbard St,4800,41.8898997,-87.6342914,250,recreation,41.888252310201075,-87.63313088740854,,,,,,garden,,,
Wells St & Hubbard St,4800,41.8898997,-87.6342914,250,other_amenity,41.88899058204442,-87.63622068665619,,parking,,,,,,,
Wells St & Hubbard St,4800,41.8898997,-87.6342914,250,other_amenity,41.88901219226658,-87.63486394969655,,parking,,,,,,,
Wells St & Hubbard St,4800,41.8898997,-87.6342914,250,other_amenity,41.88905807393831,-87.6361823254811,,parking,,,,,,,
Wells St & Hubbard St,4800,41.8898997,-87.6342914,250,other_amenity,41.88907464809893,-87.63502177748298,,parking,,,,,,,
Wells St & Hubbard St,4800,41.8898997,-87.6342914,250,recreation,41.88789325852442,-87.63598942296882,,,,,,bleachers,,,
Wells St & Hubbard St,4800,41.8898997,-87.6342914,250,recreation,41.887914996478216,-87.63596620262575,,,,,,garden,,,
Wells St & Hubbard St,4800,41.8898997,-87.6342914,250,recreation,41.88792594644199,-87.63551563772347,,,,,,garden,,,
Wells St & Hubbard St,4800,41.8898997,-87.6342914,250,recreation,41.88789472193007,-87.6348947537419,,,,,,garden,,,
Wells St & Hubbard St,4800,41.8898997,-87.6342914,250,recreation,41.887896575085556,-87.63478360642056,,,,,,garden,,,
Wells St & Hubbard St,4800,41.8898997,-87.6342914,250,recreation,41.88807114417543,-87.63538927430238,,,,,,garden,,,
Wells St & Hubbard St,4800,41.8898997,-87.6342914,250,recreation,41.888058548360114,-87.635495524216,,,,,,garden,,,
Wells St & Hubbard St,4800,41.8898997,-87.6342914,250,recreation,41.88802307353895,-87.63556918575618,,,,,,garden,,,
Wells St & Hubbard St,4800,41.8898997,-87.6342914,250,recreation,41.8880576016377,-87.6355482759048,,,,,,garden,,,
Wells St & Hubbard St,4800,41.8898997,-87.6342914,250,recreation,41.8880570483601,-87.63560192421602,,,,,,garden,,,
Wells St & Hubbard St,4800,41.8898997,-87.6342914,250,recreation,41.88805650163773,-87.63565597590483,,,,,,garden,,,
Wells St & Hubbard St,4800,41.8898997,-87.6342914,250,recreation,41.88801655582481,-87.6357529256976,,,,,,garden,,,
Wells St & Hubbard St,4800,41.8898997,-87.6342914,250,recreation,41.88804905000013,-87.63582875,,,,,,garden,,,
Wells St & Hubbard St,4800,41.8898997,-87.6342914,250,recreation,41.88804794417543,-87.63589757430239,,,,,,garden,,,
Wells St & Hubbard St,4800,41.8898997,-87.6342914,250,recreation,41.88804601980641,-87.63596676255086,,,,,,garden,,,
Wells St & Hubbard St,4800,41.8898997,-87.6342914,250,recreation,41.888045180193835,-87.63603193744913,,,,,,garden,,,
Wells St & Hubbard St,4800,41.8898997,-87.6342914,250,recreation,41.88804434417543,-87.63609627430239,,,,,,garden,,,
Wells St & Hubbard St,4800,41.8898997,-87.6342914,250,recreation,41.888073850000126,-87.63509645,,,,,,garden,,,
Wells St & Hubbard St,4800,41.8898997,-87.6342914,250,recreation,41.88803224417543,-87.6347319743024,,,,,,garden,,,
Wells St & Hubbard St,4800,41.8898997,-87.6342914,250,recreation,41.88806584417543,-87.6346616743024,,,,,,garden,,,
Wells St & Hubbard St,4800,41.8898997,-87.6342914,250,recreation,41.88806665582481,-87.6345884256976,,,,,,garden,,,
Wells St & Hubbard St,4800,41.8898997,-87.6342914,250,recreation,41.888068350000125,-87.63451625,,,,,,garden,,,
Wells St & Hubbard St,4800,41.8898997,-87.6342914,250,recreation,41.88806970587619,-87.63444262569445,,,,,,garden,,,
Wells St & Hubbard St,4800,41.8898997,-87.6342914,250,recreation,41.888070794124054,-87.63437157430555,,,,,,garden,,,
Wells St & Hubbard St,4800,41.8898997,-87.6342914,250,recreation,41.88806559836479,-87.6350017240954,,,,,,garden,,,
Wells St & Hubbard St,4800,41.8898997,-87.6342914,250,recreation,41.8880663983648,-87.6349462240954,,,,,,garden,,,
Wells St & Hubbard St,4800,41.8898997,-87.6342914,250,recreation,41.88806780000126,-87.63488850000012,,,,,,garden,,,
Wells St & Hubbard St,4800,41.8898997,-87.6342914,250,recreation,41.888068901637695,-87.63483117590481,,,,,,garden,,,
Wells St & Hubbard St,4800,41.8898997,-87.6342914,250,recreation,41.888032773538896,-87.63491413571442,,,,,,garden,,,
Wells St & Hubbard St,4800,41.8898997,-87.6342914,250,recreation,41.88790850612436,-87.63501800660832,,,,,,bleachers,,,
Wells St & Hubbard St,4800,41.8898997,-87.6342914,250,recreation,41.887931003471685,-87.63499141575168,,,,,,garden,,,
Wells St & Hubbard St,4800,41.8898997,-87.6342914,250,recreation,41.88794218889327,-87.63463728131362,,,,,,garden,,,
Wells St & Hubbard St,4800,41.8898997,-87.6342914,250,recreation,41.88789397898847,-87.63444759605996,,,,,,garden,,,
Wells St & Hubbard St,4800,41.8898997,-87.6342914,250,recreation,41.88789295918064,-87.63435104615375,,,,,,garden,,,
Wells St & Hubbard St,4800,41.8898997,-87.6342914,250,recreation,41.88789407101036,-87.63428023661562,,,,,,garden,,,
Wells St & Hubbard St,4800,41.8898997,-87.6342914,250,recreation,41.887889892118494,-87.63420148968393,,,,,,garden,,,
Wells St & Hubbard St,4800,41.8898997,-87.6342914,250,recreation,41.88790636779732,-87.63520527097043,theMart River Park,,,,,park,,,
Wells St & Hubbard St,4800,41.8898997,-87.6342914,250,transit,41.888040080633324,-87.63455536480843,,taxi,,,,,,,
Wells St & Hubbard St,4800,41.8898997,-87.6342914,250,recreation,41.88808381803466,-87.63491796901135,,,,,,outdoor_seating,,,
Wells St & Hubbard St,4800,41.8898997,-87.6342914,250,recreation,41.88807343812984,-87.63557593505217,,,,,,outdoor_seating,,,
Wells St & Hubbard St,4800,41.8898997,-87.6342914,250,recreation,41.88788426163094,-87.63448007735352,,,,,,outdoor_seating,,,
Wells St & Hubbard St,4800,41.8898997,-87.6342914,250,recreation,41.88788587122407,-87.63439949601711,,,,,,outdoor_seating,,,
Wells St & Hubbard St,4800,41.8898997,-87.6342914,250,recreation,41.887886731791674,-87.63432601117016,,,,,,outdoor_seating,,,
Wells St & Hubbard St,4800,41.8898997,-87.6342914,250,recreation,41.88788791432715,-87.63425350217406,,,,,,outdoor_seating,,,
Wells St & Hubbard St,4800,41.8898997,-87.6342914,250,recreation,41.88765262452766,-87.6368993060335,,,,,,outdoor_seating,,,
Wells St & Hubbard St,4800,41.8898997,-87.6342914,250,recreation,41.887686676679785,-87.6365873152047,,,,,,outdoor_seating,,,
Wells St & Hubbard St,4800,41.8898997,-87.6342914,250,recreation,41.887682034086005,-87.63641678163519,,,,,,garden,,,
Wells St & Hubbard St,4800,41.8898997,-87.6342914,250,recreation,41.88762746574234,-87.63646724164293,,,,,,garden,,,
Wells St & Hubbard St,4800,41.8898997,-87.6342914,250,recreation,41.88759075337875,-87.63710419096493,,,,,,garden,,,
Wells St & Hubbard St,4800,41.8898997,-87.6342914,250,recreation,41.88782254329806,-87.6374781649482,,,,,,garden,,,
Wells St & Hubbard St,4800,41.8898997,-87.6342914,250,recreation,41.888224701240354,-87.63733324264899,,,,,,garden,,,
Wells St & Hubbard St,4800,41.8898997,-87.6342914,250,recreation,41.88823675238666,-87.63699204744498,,,,,,garden,,,
Wells St & Hubbard St,4800,41.8898997,-87.6342914,250,recreation,41.88853214643812,-87.63726736638613,,,,,,garden,,,
Wells St & Hubbard St,4800,41.8898997,-87.6342914,250,recreation,41.891210849375135,-87.63590931130068,,,,,,swimming_pool,,,
Wells St & Hubbard St,4800,41.8898997,-87.6342914,250,recreation,41.88923102748234,-87.63532937771001,,,,,,outdoor_seating,,,
Wells St & Hubbard St,4800,41.8898997,-87.6342914,250,recreation,41.889234127339506,-87.63510764776103,,,,,,outdoor_seating,,,
Wells St & Hubbard St,4800,41.8898997,-87.6342914,250,recreation,41.88924045000625,-87.63457145000044,,,,,,outdoor_seating,,,
Wells St & Hubbard St,4800,41.8898997,-87.6342914,250,recreation,41.8892679438789,-87.63433857300382,,,,,,outdoor_seating,,,
Wells St & Hubbard St,4800,41.8898997,-87.6342914,250,recreation,41.889731875522685,-87.63354832814866,,,,,,swimming_pool,,,
Wells St & Hubbard St,4800,41.8898997,-87.6342914,250,recreation,41.889663139375806,-87.63482397803845,,,,,,swimming_pool,,,
Wells St & Hubbard St,4800,41.8898997,-87.6342914,250,recreation,41.88966199356297,-87.63494822428697,,,,,,hot_tub,,,
Wells St & Hubbard St,4800,41.8898997,-87.6342914,250,recreation,41.889476989005914,-87.632557513611,,,,,,garden,,,
Wells St & Hubbard St,4800,41.8898997,-87.6342914,250,recreation,41.89197216208134,-87.63261629109192,,,,,,garden,,,
Wells St & Hubbard St,4800,41.8898997,-87.6342914,250,recreation,41.89045075002478,-87.63612095000114,,,,,,swimming_pool,,,
