end_station_name,return_count_weekday,return_count_weekend,return_share_weekday,return_share_weekend,end_lat,end_lng,total_return_count,weekend_minus_weekday_share,weekday_minus_weekend_share,weekend_weekday_share_ratio,orientation
2112 W Peterson Ave,561.0,234.0,0.0001808332836391006,0.00019383633586369825,41.99117799999999,-87.683593,795.0,1.300305222459765e-05,-1.300305222459765e-05,1.0719059017069377,weekend_oriented
21st St & Pulaski Rd,60.0,16.0,1.9340458143219316e-05,1.3253766554782788e-05,41.85357638068863,-87.72469529380317,76.0,-6.086691588436529e-06,6.086691588436529e-06,0.6853033756107791,weekday_oriented
63rd St Beach,585.0,639.0,0.00018856946689638834,0.0005293223017816376,41.78091096424803,-87.57632374763489,1224.0,0.00034075283488524925,-0.00034075283488524925,2.807031824726185,weekend_oriented
900 W Harrison St,6693.0,1270.0,0.0021574281058761146,0.0010520177202858838,41.874754,-87.649807,7963.0,-0.0011054103855902308,0.0011054103855902308,0.4876260904335336,weekday_oriented
Aberdeen St & Carroll Ave,3994.0,1109.0,0.0012874298304002992,0.0009186516943283819,41.88819,-87.65459,5103.0,-0.00036877813607191724,0.00036877813607191724,0.713554990789483,weekday_oriented
Aberdeen St & Jackson Blvd,9771.0,3168.0,0.0031495936086232655,0.002624245777846992,41.87772613,-87.65478743,12939.0,-0.0005253478307762735,0.0005253478307762735,0.8332014446119748,weekday_oriented
Aberdeen St & Monroe St,5865.0,1661.0,0.001890529783499688,0.001375906640468388,41.880381631942605,-87.65540930667021,7526.0,-0.0005146231430313,0.0005146231430313,0.7277890698618265,weekday_oriented
Aberdeen St & Randolph St,8447.0,2549.0,0.002722814165596226,0.002111490684258833,41.88411416441933,-87.65426402007539,10996.0,-0.0006113234813373931,0.0006113234813373931,0.7754810943241058,weekday_oriented
Ada St & Washington Blvd,5184.0,1360.0,0.001671015583574149,0.0011265701571565368,41.88283,-87.661206,6544.0,-0.0005444454264176121,0.0005444454264176121,0.6741831099885951,weekday_oriented
Addison Red Line,390.0,207.0,0.00012571297793092555,0.0001714706048025023,41.9472,-87.654,597.0,4.575762687157676e-05,-4.575762687157676e-05,1.3639820139707823,weekend_oriented
Addison/Racine,176.0,109.0,5.6732010553443324e-05,9.029128465445774e-05,41.94729999999999,-87.6592,285.0,3.3559274101014416e-05,-3.3559274101014416e-05,1.5915299359867583,weekend_oriented
Addison/Racine Corral,697.0,315.0,0.00022467165543039772,0.0002609335290472861,41.9470683,-87.6593535,1012.0,3.626187361688838e-05,-3.626187361688838e-05,1.161398696015867,weekend_oriented
Addison/Sheffield SE Corral,250.0,126.0,8.058524226341381e-05,0.00010437341161891445,41.9470281,-87.654252,376.0,2.3788169355500635e-05,-2.3788169355500635e-05,1.2951889638648715,weekend_oriented
Addison/Sheffield SW Corral,343.0,180.0,0.00011056295238540375,0.00014910487374130636,41.9469539,-87.65441230000002,523.0,3.8541921355902606e-05,-3.8541921355902606e-05,1.3485939180389752,weekend_oriented
Addison/Wilton Corral,385.0,191.0,0.00012410127308565727,0.00015821683824771953,41.9473827,-87.6531716,576.0,3.411556516206226e-05,-3.411556516206226e-05,1.2748987936628298,weekend_oriented
Adler Planetarium,7762.0,4876.0,0.002502010601794472,0.004039085357570055,41.866094999999994,-87.607267,12638.0,0.0015370747557755826,-0.0015370747557755826,1.6143355828858568,weekend_oriented
Albany Ave & 16th St,59.0,72.0,1.901811717416566e-05,5.9641949496522545e-05,41.85936,-87.70302,131.0,4.0623832322356884e-05,-4.0623832322356884e-05,3.135947318182448,weekend_oriented
Albany Ave & 26th St,153.0,56.0,4.931816826520926e-05,4.638818294173976e-05,41.844507,-87.701655,209.0,-2.929985323469502e-06,2.929985323469502e-06,0.9405913476132894,weekday_oriented
Albany Ave & Belmont Ave,451.0,210.0,0.00014537577704319853,0.0001739556860315241,41.939638,-87.705263,661.0,2.8579908988325567e-05,-2.8579908988325567e-05,1.1965919837377677,weekend_oriented
Albany Ave & Bloomingdale Ave,2891.0,1108.0,0.0009318877415341174,0.000917823333918708,41.91402671273,-87.70512646200001,3999.0,-1.4064407615409355e-05,1.4064407615409355e-05,0.9849076322220012,weekday_oriented
Albany Ave & Douglas Blvd,104.0,71.0,3.3523460781580146e-05,5.881358908684862e-05,41.86310853149135,-87.70312034955664,175.0,2.5290128305268472e-05,-2.5290128305268472e-05,1.7543783767333256,weekend_oriented
Albany Ave & Montrose Ave,1549.0,585.0,0.0004993061610641121,0.00048459083965924564,41.96104100000001,-87.705866,2134.0,-1.4715321404866423e-05,1.4715321404866423e-05,0.9705285192114901,weekday_oriented
Archer & Wentworth,540.0,366.0,0.00017406412328897384,0.00030317990994065624,41.8546868,-87.6308531,906.0,0.0001291157866516824,-0.0001291157866516824,1.741767128371438,weekend_oriented
Archer (Damen) Ave & 37th St,283.0,93.0,9.122249424218444e-05,7.703751809967495e-05,41.826712,-87.683144,376.0,-1.4184976142509487e-05,1.4184976142509487e-05,0.8445030388240715,weekday_oriented
Archer Ave & 43rd St,37.0,14.0,1.1926615854985245e-05,1.159704573543494e-05,41.8154913,-87.7024412,51.0,-3.2957011955030536e-07,3.2957011955030536e-07,0.9723691537724567,weekday_oriented
Archer Ave & 49th St,61.0,11.0,1.9662799112272972e-05,9.111964506413166e-06,41.80420000000001,-87.72082,72.0,-1.0550834605859806e-05,1.0550834605859806e-05,0.4634386495906275,weekday_oriented
Archer Ave & Homan Ave,60.0,19.0,1.9340458143219316e-05,1.573884778380456e-05,41.81153,-87.70885,79.0,-3.601610359414755e-06,3.601610359414755e-06,0.8137880643359147,weekday_oriented
Archer Ave & Wentworth Ave,802.0,565.0,0.0002585174571810315,0.0004680236314657672,41.8546868,-87.6308531,1367.0,0.00020950617428473566,-0.00020950617428473566,1.810410895103036,weekend_oriented
Artesian Ave & 55th St,65.0,26.0,2.0952162988487594e-05,2.1537370651522028e-05,41.79402,-87.68577,91.0,5.852076630344347e-07,-5.852076630344347e-07,1.0279293232890885,weekend_oriented
Artesian Ave & 71st St,44.0,11.0,1.4183002638360831e-05,9.111964506413166e-06,41.764345,-87.684417,55.0,-5.071038131947665e-06,5.071038131947665e-06,0.6424818676899444,weekday_oriented
Artesian Ave & Hubbard St,4030.0,524.0,0.0012990341052862308,0.0004340608546691363,41.8895,-87.688257,4554.0,-0.0008649732506170946,0.0008649732506170946,0.3341417432852938,weekday_oriented
Ashland Ave & 13th St,2189.0,965.0,0.0007056043812584513,0.0007993677953353368,41.86523400000001,-87.66650700000001,3154.0,9.376341407688548e-05,-9.376341407688548e-05,1.1328836437013248,weekend_oriented
Ashland Ave & 50th St,111.0,66.0,3.577984756495574e-05,5.4671787038479e-05,41.803023,-87.664699,177.0,1.889193947352326e-05,-1.889193947352326e-05,1.5279902729868895,weekend_oriented
Ashland Ave & 63rd St,44.0,13.0,1.4183002638360831e-05,1.0768685325761014e-05,41.779374,-87.66484299999999,57.0,-3.414317312599817e-06,3.414317312599817e-06,0.7592839341861268,weekday_oriented
Ashland Ave & 66th St,48.0,14.0,1.5472366514575454e-05,1.159704573543494e-05,41.774074,-87.663815,62.0,-3.875320779140515e-06,3.875320779140515e-06,0.7495489572039752,weekday_oriented
Ashland Ave & 74th St,44.0,13.0,1.4183002638360831e-05,1.0768685325761014e-05,41.75923602425868,-87.66347408294678,57.0,-3.414317312599817e-06,3.414317312599817e-06,0.7592839341861268,weekday_oriented
Ashland Ave & 78th St,43.0,14.0,1.3860661669307177e-05,1.159704573543494e-05,41.75220484941116,-87.66369938850403,57.0,-2.263615933872238e-06,2.263615933872238e-06,0.8366995250732175,weekday_oriented
Ashland Ave & Archer Ave,788.0,268.0,0.00025400468361428037,0.0002220005897926117,41.83920868403,-87.6656098589,1056.0,-3.200409382166867e-05,3.200409382166867e-05,0.8740024499992354,weekday_oriented
Ashland Ave & Augusta Blvd,4453.0,1396.0,0.0014353843351959268,0.0011563911319047982,41.89962082184989,-87.66838462985125,5849.0,-0.00027899320329112867,0.00027899320329112867,0.8056318422306811,weekday_oriented
Ashland Ave & Belle Plaine Ave,1712.0,841.0,0.0005518477390198578,0.0006966511045357703,41.9557944253819,-87.66915741480612,2553.0,0.00014480336551591245,-0.00014480336551591245,1.2623968404333017,weekend_oriented
Ashland Ave & Blackhawk St,5310.0,2229.0,0.0017116305456749096,0.001846415353163177,41.907066,-87.667252,7539.0,0.00013478480748826743,-0.00013478480748826743,1.0787463913181856,weekend_oriented
Ashland Ave & Chicago Ave,5174.0,1659.0,0.0016677921738836123,0.0013742499196490402,41.89595435734305,-87.6677280664444,6833.0,-0.00029354225423457213,0.00029354225423457213,0.8239936109397596,weekday_oriented
Ashland Ave & Division St,10207.0,3543.0,0.0032901342711306593,0.0029348809314747133,41.90318794361149,-87.66894633544676,13750.0,-0.000355253339655946,0.000355253339655946,0.8920247009984296,weekday_oriented
Ashland Ave & Grace St,3618.0,1509.0,0.0011662296260361248,0.0012499958581979516,41.950771514725965,-87.66872750341331,5127.0,8.376623216182675e-05,-8.376623216182675e-05,1.0718264726476425,weekend_oriented
Ashland Ave & Grand Ave,3584.0,1247.0,0.0011552700330883005,0.0010329654308633834,41.891072,-87.666611,4831.0,-0.00012230460222491702,0.00012230460222491702,0.894133412227978,weekday_oriented
Ashland Ave & Lake St,3577.0,1230.0,0.001153013646304925,0.0010188833038989268,41.88592,-87.66717,4807.0,-0.00013413034240599819,0.00013413034240599819,0.88366987111929,weekday_oriented
Ashland Ave & McDowell Ave,190.0,76.0,6.12447841201945e-05,6.295539113521824e-05,41.809719,-87.663477,266.0,1.7106070150237448e-06,-1.7106070150237448e-06,1.0279302002512807,weekend_oriented
Ashland Ave & Pershing Rd,328.0,87.0,0.00010572783784959893,7.20673556416314e-05,41.823465,-87.665577,415.0,-3.3660482207967525e-05,3.3660482207967525e-05,0.6816338579655048,weekday_oriented
Ashland Ave & Wellington Ave,4329.0,1854.0,0.0013954140550332737,0.0015357801995354555,41.936083,-87.669807,6183.0,0.00014036614450218176,-0.00014036614450218176,1.1005909632376976,weekend_oriented
Ashland Ave & Wrightwood Ave,3928.0,1506.0,0.001266155326442758,0.0012475107769689298,41.92882999871071,-87.6685067415486,5434.0,-1.8644549473828152e-05,1.8644549473828152e-05,0.9852746860048398,weekday_oriented
Augusta Blvd & Laramie Ave,70.0,10.0,2.2563867833755867e-05,8.283604096739242e-06,41.8986607,-87.7554551,80.0,-1.4280263737016625e-05,1.4280263737016625e-05,0.36714613875760915,weekday_oriented
Austin Ave & Milwaukee Ave,115.0,45.0,3.706921144117036e-05,3.727621843532659e-05,41.98736,-87.77804999999998,160.0,2.0700699415623062e-07,-2.0700699415623062e-07,1.005584187036126,weekend_oriented
Austin Blvd & Chicago Ave,72.0,38.0,2.3208549771863178e-05,3.147769556760912e-05,41.894887,-87.774704,110.0,8.269145795745944e-06,-8.269145795745944e-06,1.3562820423931958,weekend_oriented
Austin Blvd & Lake St,233.0,105.0,7.510544578950167e-05,8.697784301576205e-05,41.88794379427211,-87.77427345514297,338.0,1.1872397226260373e-05,-1.1872397226260373e-05,1.1580742784651898,weekend_oriented
Austin Blvd & Madison St,187.0,69.0,6.027776121303354e-05,5.715686826750077e-05,41.880281,-87.774453,256.0,-3.120892945532766e-06,3.120892945532766e-06,0.9482256621946311,weekday_oriented
Ave L & 114th,91.0,11.0,2.9333028183882628e-05,9.111964506413166e-06,41.68803,-87.53641,102.0,-2.022106367746946e-05,2.022106367746946e-05,0.3106618855510686,weekday_oriented
Avers Ave & 16th St,73.0,17.0,2.3530890740916834e-05,1.4082126964456711e-05,41.85909,-87.72121,90.0,-9.448763776460123e-06,9.448763776460123e-06,0.5984698433079676,weekday_oriented
Avers Ave & Belmont Ave,1915.0,743.0,0.0006172829557377498,0.0006154717843877257,41.939408,-87.723574,2658.0,-1.811171350024122e-06,1.811171350024122e-06,0.9970659024372998,weekday_oriented
Avers Ave & Foster Ave,149.0,86.0,4.802880438899464e-05,7.123899523195749e-05,41.97541,-87.72451999999998,235.0,2.321019084296285e-05,-2.321019084296285e-05,1.4832455834086458,weekend_oriented
Avondale Ave & Irving Park Rd,2106.0,578.0,0.000678850080826998,0.0004787923167915282,41.953393,-87.732002,2684.0,-0.00020005776403546983,0.00020005776403546983,0.7052994836632608,weekday_oriented
Baltimore Ave & 133rd St,45.0,17.0,1.4505343607414486e-05,1.4082126964456711e-05,41.65349,-87.54703,62.0,-4.2321664295777535e-07,4.2321664295777535e-07,0.9708254089099709,weekday_oriented
Baltimore Ave & 87th St,54.0,21.0,1.7406412328897384e-05,1.7395568603152408e-05,41.73733560041666,-87.54851460456847,75.0,-1.0843725744975717e-08,1.0843725744975717e-08,0.9993770627397057,weekday_oriented
Benson Ave & Church St,4714.0,1434.0,0.0015195153281189308,0.0011878688274724073,42.048214,-87.683485,6148.0,-0.0003316465006465235,0.0003316465006465235,0.7817420619250063,weekday_oriented
Bernard St & Elston Ave,758.0,278.0,0.00024433445454267067,0.00023028419388935092,41.949923,-87.713949,1036.0,-1.4050260653319745e-05,1.4050260653319745e-05,0.9424960217925883,weekday_oriented
Bernard St & Peterson Ave,175.0,65.0,5.640966958438967e-05,5.384342662880507e-05,41.9904393,-87.715236,240.0,-2.566242955584601e-06,2.566242955584601e-06,0.9545078444469528,weekday_oriented
Big Marsh Park,127.0,121.0,4.093730306981422e-05,0.00010023160957054483,41.68587705562333,-87.57382392883301,248.0,5.929430650073062e-05,-5.929430650073062e-05,2.448382127603407,weekend_oriented
Bissell St & Armitage Ave*,7701.0,3998.0,0.002482347802682199,0.003311784917876349,41.9182955629354,-87.65218332409859,11699.0,0.0008294371151941499,-0.0008294371151941499,1.3341339920876294,weekend_oriented
Blackstone Ave & 59th St,6498.0,2014.0,0.002094571616910652,0.0016683178650832833,41.787877,-87.590461,8512.0,-0.0004262537518273685,0.0004262537518273685,0.7964960735254608,weekday_oriented
Blackstone Ave & Hyde Park Blvd,3120.0,1155.0,0.0010057038234474044,0.0009567562731733825,41.802562,-87.590368,4275.0,-4.894755027402191e-05,4.894755027402191e-05,0.9513301028961589,weekday_oriented
Blue Island Ave & 18th St,3378.0,1531.0,0.0010888677934632475,0.001268219787210778,41.857556,-87.661535,4909.0,0.00017935199374753056,-0.00017935199374753056,1.1647140544611303,weekend_oriented
Bosworth Ave & Howard St,525.0,202.0,0.00016922900875316902,0.00016732880275413268,42.019537,-87.669563,727.0,-1.900205999036343e-06,1.900205999036343e-06,0.988771459547651,weekday_oriented
Bradley Park,46.0,14.0,1.4827684576468142e-05,1.159704573543494e-05,41.717878301935,-87.56459176540375,60.0,-3.2306388410332026e-06,3.2306388410332026e-06,0.7821358445940679,weekday_oriented
Broadway & Argyle St,4270.0,2046.0,0.001376395937859108,0.001694825398192849,41.97423,-87.65977350000001,6316.0,0.000318429460333741,-0.000318429460333741,1.2313500208951615,weekend_oriented
Broadway & Barry Ave,11913.0,6288.0,0.003840047964336195,0.005208730256029636,41.93758231600629,-87.6440978050232,18201.0,0.0013686822916934406,-0.0013686822916934406,1.3564231353310456,weekend_oriented
Broadway & Belmont Ave,9289.0,4188.0,0.002994225261539404,0.0034691733957143947,41.94010600392988,-87.6454510048789,13477.0,0.00047494813417499077,-0.00047494813417499077,1.1586213240714844,weekend_oriented
Broadway & Berwyn Ave,5000.0,2182.0,0.0016117048452682764,0.0018074824139085025,41.97836100000001,-87.659789,7182.0,0.0001957775686402261,-0.0001957775686402261,1.1214722706472768,weekend_oriented
Broadway & Cornelia Ave,13156.0,6306.0,0.0042407177888698884,0.005223640743403766,41.945529,-87.646439,19462.0,0.000982922954533878,-0.000982922954533878,1.2317821585137028,weekend_oriented
Broadway & Cuyler Ave,333.0,201.0,0.0001073395426948672,0.00016650044234445876,41.955417,-87.6515,534.0,5.9160899649591555e-05,-5.9160899649591555e-05,1.5511514863285714,weekend_oriented
Broadway & Granville Ave,4304.0,2335.0,0.0013873555308069323,0.001934221556588613,41.9947796884,-87.6602845349,6639.0,0.0005468660257816806,-0.0005468660257816806,1.3941784347701922,weekend_oriented
Broadway & Oakdale Ave,2627.0,1441.0,0.0008467897257039524,0.0011936673503401248,41.93558083163717,-87.64404965678466,4068.0,0.0003468776246361724,-0.0003468776246361724,1.4096379590692927,weekend_oriented
Broadway & Ridge Ave,3227.0,1664.0,0.0010401943071361454,0.0013783917216974098,41.9840446107,-87.6602738295,4891.0,0.0003381974145612644,-0.0003381974145612644,1.325128764032195,weekend_oriented
Broadway & Roscoe Ave,639.0,292.0,0.0002059758792252857,0.00024188123962478586,41.94360000000001,-87.64532000000001,931.0,3.590536039950015e-05,-3.590536039950015e-05,1.1743174308424633,weekend_oriented
Broadway & Sheridan Rd,9007.0,4286.0,0.002903325108266273,0.0035503527158624393,41.952833,-87.649993,13293.0,0.0006470276075961662,-0.0006470276075961662,1.222857365472644,weekend_oriented
Broadway & Sunnyside Ave,1742.0,796.0,0.0005615179680914674,0.0006593748861004437,41.963419,-87.656069,2538.0,9.785691800897624e-05,-9.785691800897624e-05,1.1742717941329384,weekend_oriented
Broadway & Thorndale Ave,4128.0,2264.0,0.001330623520253489,0.0018754079675017644,41.98974251144,-87.6601406209,6392.0,0.0005447844472482755,-0.0005447844472482755,1.409420117363005,weekend_oriented
Broadway & Waveland Ave,12636.0,5882.0,0.004073100484961988,0.0048724159297020226,41.949074,-87.648636,18518.0,0.0007993154447400348,-0.0007993154447400348,1.1962424574224657,weekend_oriented
Broadway & Wilson Ave,6703.0,2908.0,0.0021606515155666514,0.0024088720713317715,41.965221,-87.658139,9611.0,0.0002482205557651201,-0.0002482205557651201,1.1148822191337056,weekend_oriented
Buckingham Fountain,6292.0,3598.0,0.002028169377285599,0.0029804407540067793,41.87130745884732,-87.62309887518705,9890.0,0.0009522713767211805,-0.0009522713767211805,1.4695223771070223,weekend_oriented
Budlong Woods Library,451.0,252.0,0.00014537577704319853,0.0002087468232378289,41.98366470886,-87.6964225611,703.0,6.337104619463037e-05,-6.337104619463037e-05,1.4359090047497733,weekend_oriented
Burley Ave & 85th St,43.0,25.0,1.3860661669307177e-05,2.0709010241848105e-05,41.74117,-87.54518,68.0,6.848348572540928e-06,-6.848348572540928e-06,1.4940496122268445,weekend_oriented
Burling St & Armitage Ave,596.0,354.0,0.00019211521755597855,0.0002932395850245692,41.918079999999996,-87.64728,950.0,0.00010112436746859065,-0.00010112436746859065,1.5263708017732818,weekend_oriented
Burling St & Diversey Pkwy,7404.0,3481.0,0.0023866125348732635,0.0028835225860749302,41.93314,-87.64776,10885.0,0.0004969100512016668,-0.0004969100512016668,1.208207170512026,weekend_oriented
Burnham Greenway & 105th St,62.0,41.0,1.9985140081326627e-05,3.396277679663089e-05,41.7045750872071,-87.52823173999786,103.0,1.3977636715304262e-05,-1.3977636715304262e-05,1.6993664939016313,weekend_oriented
Burnham Greenway & 112th St,119.0,94.0,3.8358575317384974e-05,7.786587850934887e-05,41.69177385116831,-87.53043115139008,213.0,3.95073031919639e-05,-3.95073031919639e-05,2.0299202445564815,weekend_oriented
Burnham Harbor,5049.0,3554.0,0.0016274995527519054,0.002943992895981127,41.85741178707404,-87.61379152536392,8603.0,0.0013164933432292215,-0.0013164933432292215,1.80890500528752,weekend_oriented
California & 16th St,162.0,97.0,5.2219236986692155e-05,8.035095973837065e-05,41.859228,-87.695562,259.0,2.813172275167849e-05,-2.813172275167849e-05,1.5387130425862985,weekend_oriented
California Ave & 21st St,696.0,237.0,0.00022434931446134405,0.00019632141709272004,41.8537957934734,-87.69582286477088,933.0,-2.802789736862401e-05,2.802789736862401e-05,0.8750708353767284,weekday_oriented
California Ave & 23rd Pl,364.0,118.0,0.00011733211273553051,9.774652834152306e-05,41.84910969176,-87.69513980680001,482.0,-1.9585584394007452e-05,1.9585584394007452e-05,0.8330770919019811,weekday_oriented
California Ave & 26th St,161.0,20.0,5.1896896017638496e-05,1.6567208193478485e-05,41.8436799145765,-87.69496858119965,181.0,-3.5329687824160014e-05,3.5329687824160014e-05,0.3192462404997586,weekday_oriented
California Ave & 36th St,58.0,19.0,1.8695776205112005e-05,1.573884778380456e-05,41.828098,-87.694684,77.0,-2.9569284213074443e-06,2.9569284213074443e-06,0.8418482208446731,weekday_oriented
California Ave & 41st St,220.0,88.0,7.091501319180416e-05,7.289571605130533e-05,41.81867,-87.69441,308.0,1.980702859501169e-06,-1.980702859501169e-06,1.0279302624379634,weekend_oriented
California Ave & 71st St,109.0,34.0,3.5135165626848426e-05,2.8164253928913422e-05,41.764748,-87.693121,143.0,-6.970911697935004e-06,6.970911697935004e-06,0.8016029474596864,weekday_oriented
California Ave & Altgeld St,2161.0,929.0,0.000696578834124949,0.0007695468205870756,41.92669,-87.697668,3090.0,7.296798646212656e-05,-7.296798646212656e-05,1.104751792813224,weekend_oriented
California Ave & Byron St,1724.0,784.0,0.0005557158306485017,0.0006494345611843565,41.95216219326,-87.698051113,2508.0,9.37187305358548e-05,-9.37187305358548e-05,1.1686447582062405,weekend_oriented
California Ave & Cortez St,3742.0,1642.0,0.001206199906198778,0.0013601677926845836,41.900363,-87.696704,5384.0,0.00015396788648580563,-0.00015396788648580563,1.1276469663507551,weekend_oriented
California Ave & Division St,2337.0,1253.0,0.0007533108446783923,0.001037935593321427,41.903029000000004,-87.697474,3590.0,0.00028462474864303464,-0.00028462474864303464,1.3778312403471473,weekend_oriented
California Ave & Fletcher St,2152.0,921.0,0.0006936777654034662,0.0007629199373096842,41.93842879148,-87.698007756,3073.0,6.924217190621806e-05,-6.924217190621806e-05,1.0998187855237929,weekend_oriented
California Ave & Francis Pl,2655.0,1364.0,0.0008558152728374548,0.0011298835987952327,41.91849116331977,-87.69742283132375,4019.0,0.00027406832595777795,-0.00027406832595777795,1.3202420129838215,weekend_oriented
California Ave & Granville Ave,846.0,307.0,0.0002727004598193924,0.00025430664576989474,41.9941803,-87.6995596,1153.0,-1.8393814049497636e-05,1.8393814049497636e-05,0.9325496311545979,weekday_oriented
California Ave & Lake St,586.0,115.0,0.00018889180786544197,9.526144711250129e-05,41.88445395657,-87.6962981368,701.0,-9.363036075294069e-05,9.363036075294069e-05,0.5043201389666546,weekday_oriented
California Ave & Madison St,134.0,50.0,4.319368985318981e-05,4.141802048369621e-05,41.88098,-87.69598,184.0,-1.775669369493599e-06,1.775669369493599e-06,0.9588914893120255,weekday_oriented
California Ave & Marquette Rd,73.0,33.0,2.3530890740916834e-05,2.73358935192395e-05,41.771611,-87.693331,106.0,3.805002778322665e-06,-3.805002778322665e-06,1.1616955823998705,weekend_oriented
California Ave & Milwaukee Ave,7295.0,3104.0,0.002351477369246415,0.0025712307116278607,41.922695,-87.697153,10399.0,0.00021975334238144573,-0.00021975334238144573,1.09345326976232,weekend_oriented
California Ave & Montrose Ave,2240.0,1122.0,0.0007220437706801878,0.000929420379654143,41.961068,-87.69543899999998,3362.0,0.00020737660897395525,-0.00020737660897395525,1.2872074106687321,weekend_oriented
California Ave & North Ave,2470.0,1151.0,0.0007961821935625285,0.0009534428315346868,41.910044,-87.697167,3621.0,0.00015726063797215828,-0.00015726063797215828,1.1975181581873064,weekend_oriented
California Ave & Touhy Ave,221.0,74.0,7.123735416085781e-05,6.129867031587039e-05,42.0120368,-87.7004371,295.0,-9.938683844987417e-06,9.938683844987417e-06,0.8604868969523686,weekday_oriented
California Ave & Winona St,339.0,85.0,0.00010927358850918913,7.041063482228355e-05,41.97471199999999,-87.697852,424.0,-3.886295368690558e-05,3.886295368690558e-05,0.6443550672017629,weekday_oriented
Calumet Ave & 18th St,5310.0,2817.0,0.0017116305456749096,0.0023334912740514443,41.85761755293753,-87.61941075325012,8127.0,0.0006218607283765348,-0.0006218607283765348,1.3633145988386948,weekend_oriented
Calumet Ave & 21st St,3458.0,1499.0,0.0011146550709875398,0.0012417122541012124,41.85418424947,-87.6191537415,4957.0,0.00012705718311367253,-0.00012705718311367253,1.1139877908717664,weekend_oriented
Calumet Ave & 33rd St,2864.0,936.0,0.0009231845353696687,0.000775345343454793,41.834805689473676,-87.61795095789473,3800.0,-0.00014783919191487568,0.00014783919191487568,0.8398597180623321,weekday_oriented
Calumet Ave & 35th St,927.0,440.0,0.00029881007831273845,0.00036447858025652664,41.831379,-87.618034,1367.0,6.566850194378819e-05,-6.566850194378819e-05,1.219765954845419,weekend_oriented
Calumet Ave & 51st St,465.0,175.0,0.0001498885506099497,0.00014496307169293673,41.80229465088,-87.6180535802,640.0,-4.925478917012978e-06,4.925478917012978e-06,0.9671392775749237,weekday_oriented
Calumet Park,87.0,65.0,2.8043664307668007e-05,5.384342662880507e-05,41.71370983035615,-87.53084421157837,152.0,2.5799762321137064e-05,-2.5799762321137064e-05,1.9199526169433543,weekend_oriented
Campbell Ave & 51st St,77.0,36.0,2.4820254617131455e-05,2.9820974748261272e-05,41.80094,-87.68676,113.0,5.000720131129817e-06,-5.000720131129817e-06,1.2014692733411774,weekend_oriented
Campbell Ave & Augusta Blvd,1943.0,687.0,0.0006263085028712521,0.000569083601445986,41.899578,-87.689497,2630.0,-5.722490142526617e-05,5.722490142526617e-05,0.9086315932251955,weekday_oriented
Campbell Ave & Fullerton Ave,1604.0,870.0,0.000517034914362063,0.0007206735564163141,41.92463247165,-87.6893070063,2474.0,0.00020363864205425104,-0.00020363864205425104,1.3938578276627214,weekend_oriented
Campbell Ave & Irving Park Rd,494.0,202.0,0.00015923643871250571,0.00016732880275413268,41.953634,-87.690782,696.0,8.092364041626965e-06,-8.092364041626965e-06,1.050819481317062,weekend_oriented
Campbell Ave & Montrose Ave,2420.0,964.0,0.0007800651451098457,0.0007985394349256629,41.96152399999999,-87.69117699999998,3384.0,1.8474289815817164e-05,-1.8474289815817164e-05,1.0236829785930726,weekend_oriented
Campbell Ave & North Ave,3921.0,1585.0,0.0012638989396593823,0.00131295124933317,41.910535,-87.689556,5506.0,4.905230967378765e-05,-4.905230967378765e-05,1.0388102793066096,weekend_oriented
Canal St & Adams St,19724.0,1747.0,0.006357853273614296,0.0014471456357003456,41.879255,-87.639904,21471.0,-0.004910707637913951,0.004910707637913951,0.22761557176705707,weekday_oriented
Canal St & Harrison St,2462.0,407.0,0.0007936034658100993,0.00033714268673728717,41.874255,-87.639573,2869.0,-0.0004564607790728121,0.0004564607790728121,0.4248258436816331,weekday_oriented
Canal St & Jackson Blvd,10978.0,848.0,0.0035386591582710273,0.0007024496274034877,41.878128645697444,-87.63996997065593,11826.0,-0.0028362095308675397,0.0028362095308675397,0.1985075130093029,weekday_oriented
Canal St & Madison St,26693.0,2608.0,0.00860424748694922,0.002160363948429594,41.882409,-87.639767,29301.0,-0.006443883538519626,0.006443883538519626,0.25108118991523776,weekday_oriented
Canal St & Monroe St,8577.0,674.0,0.002764718491573201,0.0005583149161202249,41.8829056,-87.6397409,9251.0,-0.002206403575452976,0.002206403575452976,0.20194306070542,weekday_oriented
Canal St & Taylor St,3757.0,1330.0,0.0012110350207345827,0.0011017193448663192,41.870257,-87.639474,5087.0,-0.0001093156758682635,0.0001093156758682635,0.9097337535823621,weekday_oriented
Cannon Dr & Fullerton Ave,2744.0,2091.0,0.00088450361908323,0.0017321016166281756,41.9267559875,-87.6344287848,4835.0,0.0008475979975449456,-0.0008475979975449456,1.9582742466890253,weekend_oriented
Carpenter St & Fulton St,955.0,187.0,0.00030783562544624076,0.00015490339660902383,41.88668,-87.65315,1142.0,-0.00015293222883721694,0.00015293222883721694,0.5032032701907189,weekday_oriented
Carpenter St & Huron St,6010.0,1982.0,0.0019372692240124682,0.0016418103319737179,41.894556,-87.65344900000001,7992.0,-0.00029545889203875034,0.00029545889203875034,0.8474870008445199,weekday_oriented
Central & Elston,105.0,40.0,3.3845801750633804e-05,3.313441638695697e-05,41.9855,-87.7682,145.0,-7.113853636768353e-07,7.113853636768353e-07,0.9789821984092333,weekday_oriented
Central Ave & Altgeld St,171.0,60.0,5.512030570817505e-05,4.970162458043545e-05,41.9258119,-87.7663685,231.0,-5.4186811277396e-06,5.4186811277396e-06,0.9016953416084272,weekday_oriented
Central Ave & Chicago Ave,101.0,75.0,3.255643787441918e-05,6.212703072554431e-05,41.894958,-87.764902,176.0,2.957059285112513e-05,-2.957059285112513e-05,1.9082592114645218,weekend_oriented
Central Ave & Lake St,112.0,68.0,3.610218853400939e-05,5.6328507857826844e-05,41.887664,-87.765469,180.0,2.0226319323817455e-05,-2.0226319323817455e-05,1.5602363709444709,weekend_oriented
Central Ave & Madison St,54.0,26.0,1.7406412328897384e-05,2.1537370651522028e-05,41.880121,-87.763238,80.0,4.130958322624645e-06,-4.130958322624645e-06,1.2373103046319525,weekend_oriented
Central Ave & Parker Ave,129.0,29.0,4.158198500792153e-05,2.4022451880543802e-05,41.9301785,-87.7661217,158.0,-1.7559533127377726e-05,1.7559533127377726e-05,0.5777231210305693,weekday_oriented
Central Ave & Roscoe St,91.0,19.0,2.9333028183882628e-05,1.573884778380456e-05,41.942275,-87.76695,110.0,-1.3594180400078067e-05,1.3594180400078067e-05,0.5365730095143465,weekday_oriented
Central Ave & Wellington Ave,82.0,26.0,2.6431959462399733e-05,2.1537370651522028e-05,41.934905002777775,-87.76676849259259,108.0,-4.894588810877704e-06,4.894588810877704e-06,0.8148300867392415,weekday_oriented
Central Park & Augusta Blvd,237.0,103.0,7.63948096657163e-05,8.532112219641419e-05,41.8989108,-87.7164901,340.0,8.926312530697897e-06,-8.926312530697897e-06,1.116842959970666,weekend_oriented
Central Park Ave & 24th St,172.0,88.0,5.544264667722871e-05,7.289571605130533e-05,41.8481,-87.715068,260.0,1.7453069374076617e-05,-1.7453069374076617e-05,1.314789347744054,weekend_oriented
Central Park Ave & Ardmore Ave,359.0,143.0,0.00011572040789026224,0.00011845553858337116,41.9866081,-87.7187674,502.0,2.7351306931089163e-06,-2.7351306931089163e-06,1.0236354771599618,weekend_oriented
Central Park Ave & Bloomingdale Ave,1577.0,667.0,0.0005083317081976144,0.0005525163932525075,41.914166,-87.716755,2244.0,4.4184685054893084e-05,-4.4184685054893084e-05,1.0869207988043066,weekend_oriented
Central Park Ave & Douglas Blvd,60.0,28.0,1.9340458143219316e-05,2.319409147086988e-05,41.86235,-87.71587,88.0,3.853633327650562e-06,-3.853633327650562e-06,1.1992421305113214,weekend_oriented
Central Park Ave & Elbridge Ave,2050.0,1062.0,0.0006607989865599933,0.0008797187550737075,41.93533728263,-87.71688929350002,3112.0,0.00021891976851371418,-0.00021891976851371418,1.3312950559417704,weekend_oriented
Central Park Ave & North Ave,852.0,355.0,0.00027463450563371426,0.0002940679454342431,41.90965687563,-87.7166319516,1207.0,1.9433439800528856e-05,-1.9433439800528856e-05,1.0707608426510138,weekend_oriented
Central Park Ave & Ogden Ave,335.0,183.0,0.00010798422463297451,0.00015158995497032812,41.854063503874464,-87.71511733531952,518.0,4.360573033735361e-05,-4.360573033735361e-05,1.4038120074812355,weekend_oriented
Central Park Ave & Ohio St,86.0,56.0,2.7721323338614354e-05,4.638818294173976e-05,41.8918718,-87.7163879,142.0,1.8666859603125402e-05,-1.8666859603125402e-05,1.6733511969801025,weekend_oriented
Central Park Ave & Washington Blvd,65.0,54.0,2.0952162988487594e-05,4.473146212239191e-05,41.8827476,-87.7153994,119.0,2.3779299133904317e-05,-2.3779299133904317e-05,2.1348787363019848,weekend_oriented
Central Park Blvd & 5th Ave,155.0,109.0,4.996285020331656e-05,9.029128465445774e-05,41.875679,-87.71547,264.0,4.032843445114118e-05,-4.032843445114118e-05,1.8071522568223577,weekend_oriented
Central St & Girard Ave,606.0,317.0,0.0001953386272465151,0.000262590249866634,42.064313,-87.686152,923.0,6.72516226201189e-05,-6.72516226201189e-05,1.3442804901805643,weekend_oriented
Central St Metra,835.0,432.0,0.00026915470915980213,0.0003578516969791353,42.063598,-87.69873,1267.0,8.869698781933315e-05,-8.869698781933315e-05,1.3295378281077899,weekend_oriented
Cherry Ave & Blackhawk St,1675.0,153.0,0.0005399211231648726,0.0001267391426801104,41.907221,-87.655618,1828.0,-0.00041318198048476216,0.00041318198048476216,0.23473782096053983,weekday_oriented
Chicago Ave & Sheridan Rd,3545.0,1484.0,0.001142698735295208,0.0012292868479561036,42.050491,-87.677821,5029.0,8.658811266089566e-05,-8.658811266089566e-05,1.0757750351963862,weekend_oriented
Chicago Ave & Washington St,1971.0,836.0,0.0006353340500047546,0.0006925093024874006,42.032562,-87.679101,2807.0,5.717525248264603e-05,-5.717525248264603e-05,1.089992284358022,weekend_oriented
Chicago State University,176.0,29.0,5.6732010553443324e-05,2.4022451880543802e-05,41.71896342165455,-87.60829567909241,205.0,-3.270955867289952e-05,3.270955867289952e-05,0.4234475069485931,weekday_oriented
Christiana Ave & Lawrence Ave,1399.0,507.0,0.00045095501570606374,0.00041997872770467955,41.96835449363001,-87.7118306675,1906.0,-3.0976288001384185e-05,3.0976288001384185e-05,0.9313097354896476,weekday_oriented
Cicero Ave & Flournoy St,41.0,10.0,1.3215979731199866e-05,8.283604096739242e-06,41.87213100000001,-87.746619,51.0,-4.932375634460624e-06,4.932375634460624e-06,0.6268152229349865,weekday_oriented
Cicero Ave & Lake St,42.0,17.0,1.3538320700253522e-05,1.4082126964456711e-05,41.886841,-87.745261,59.0,5.438062642031893e-07,-5.438062642031893e-07,1.0401649592503563,weekend_oriented
Cicero Ave & Roscoe Ave,149.0,63.0,4.802880438899464e-05,5.2186705809457224e-05,41.942427,-87.747315,212.0,4.157901420462587e-06,-4.157901420462587e-06,1.0865691933031338,weekend_oriented
Cicero Ave & Wellington Ave,61.0,19.0,1.9662799112272972e-05,1.573884778380456e-05,41.93515,-87.74636,80.0,-3.923951328468411e-06,3.923951328468411e-06,0.8004479548400536,weekday_oriented
Cicero Ave & Wrightwood Ave,230.0,116.0,7.413842288234072e-05,9.608980752217521e-05,41.9279057,-87.7467295,346.0,2.195138463983449e-05,-2.195138463983449e-05,1.2960824860300213,weekend_oriented
Cityfront Plaza Dr & Pioneer Ct,8073.0,3038.0,0.002602258643170159,0.002516558924589382,41.890573,-87.622072,11111.0,-8.569971858077719e-05,8.569971858077719e-05,0.9670671914673453,weekday_oriented
Claremont Ave & Hirsch St,1577.0,598.0,0.0005083317081976144,0.0004953595249850067,41.907781,-87.685854,2175.0,-1.297218321260772e-05,1.297218321260772e-05,0.9744809196744334,weekday_oriented
Clarendon Ave & Gordon Ter,9174.0,4034.0,0.0029571560500982336,0.00334160589262461,41.95786652415175,-87.64950513839722,13208.0,0.0003844498425263766,-0.0003844498425263766,1.1300065691518162,weekend_oriented
Clarendon Ave & Junior Ter,7400.0,3877.0,0.002385323170997049,0.0032115533083058043,41.961004,-87.649603,11277.0,0.0008262301373087554,-0.0008262301373087554,1.346380650208813,weekend_oriented
Clarendon Ave & Leland Ave,4555.0,2237.0,0.0014682631140393997,0.0018530422364405684,41.967968,-87.65000100000002,6792.0,0.00038477912240116865,-0.00038477912240116865,1.2620639697735223,weekend_oriented
Clark St & 9th St (AMLI),2845.0,1187.0,0.0009170600569576492,0.000983263806282948,41.870816,-87.631246,4032.0,6.620374932529878e-05,-6.620374932529878e-05,1.0721912121586863,weekend_oriented
Clark St & Arlington Pl,2656.0,1493.0,0.0008561376138065084,0.0012367420916431688,41.926939727841415,-87.64147979309305,4149.0,0.0003806044778366604,-0.0003806044778366604,1.4445594109398256,weekend_oriented
Clark St & Armitage Ave,15407.0,8627.0,0.004966307310209667,0.007146265254256944,41.918305755767996,-87.63628183370878,24034.0,0.0021799579440472776,-0.0021799579440472776,1.4389493780653428,weekend_oriented
Clark St & Berwyn Ave,7342.0,3725.0,0.002366627394791937,0.0030856425260353676,41.978028844843585,-87.66836255860282,11067.0,0.0007190151312434306,-0.0007190151312434306,1.3038141234279592,weekend_oriented
Clark St & Bryn Mawr Ave,5008.0,2410.0,0.0016142835730207055,0.001996348587314157,41.983593,-87.669154,7418.0,0.00038206501429345163,-0.00038206501429345163,1.236677609808609,weekend_oriented
Clark St & Chicago Ave,7907.0,3149.0,0.002548750042307252,0.0026085069300631875,41.89675,-87.63089,11056.0,5.975688775593539e-05,-5.975688775593539e-05,1.023445556966537,weekend_oriented
Clark St & Columbia Ave,1612.0,693.0,0.0005196136421144923,0.0005740537639040295,42.00445062934,-87.6724024047,2305.0,5.444012178953722e-05,-5.444012178953722e-05,1.1047701842426947,weekend_oriented
Clark St & Drummond Pl,10279.0,4764.0,0.0033133428209025225,0.003946308991686575,41.931248,-87.644336,15043.0,0.0006329661707840523,-0.0006329661707840523,1.1910354629637074,weekend_oriented
Clark St & Eddy St,1503.0,765.0,0.0004844784764876439,0.000633695713400552,41.94628,-87.65627,2268.0,0.00014921723691290817,-0.00014921723691290817,1.3079949598581475,weekend_oriented
Clark St & Elm St,20810.0,8555.0,0.006707915566006566,0.007086623304760422,41.903017321641414,-87.63152289470456,29365.0,0.00037870773875385566,-0.00037870773875385566,1.056456834998965,weekend_oriented
Clark St & Elmdale Ave,1825.0,850.0,0.0005882722685229208,0.0007041063482228356,41.99086044812557,-87.66972362995148,2675.0,0.00011583407969991473,-0.00011583407969991473,1.196905223979936,weekend_oriented
Clark St & Fletcher St,512.0,270.0,0.0001650385761554715,0.00022365731061195954,41.93894,-87.65030999999999,782.0,5.861873445648803e-05,-5.861873445648803e-05,1.3551798654721925,weekend_oriented
Clark St & Grace St,6706.0,3565.0,0.002161618538473812,0.00295310486048754,41.95078,-87.659172,10271.0,0.0007914863220137278,-0.0007914863220137278,1.3661543152836915,weekend_oriented
Clark St & Ida B Wells Dr,6248.0,1228.0,0.0020139863746472383,0.001017226583079579,41.8759326655,-87.6305845355,7476.0,-0.0009967597915676593,0.0009967597915676593,0.5050814100846845,weekday_oriented
Clark St & Jarvis Ave,885.0,407.0,0.00028527175761248493,0.00033714268673728717,42.015963000000006,-87.675005,1292.0,5.1870929124802245e-05,-5.1870929124802245e-05,1.18182924145622,weekend_oriented
Clark St & Lake St,14389.0,3551.0,0.004638164203713046,0.0029415078147521046,41.88602073203813,-87.63087535800302,17940.0,-0.001696656388960941,0.001696656388960941,0.634196645776503,weekday_oriented
Clark St & Leland Ave,5469.0,2616.0,0.0017628827597544407,0.0021669908317069855,41.967087841502305,-87.66729089029786,8085.0,0.00040410807195254486,-0.00040410807195254486,1.2292312636704048,weekend_oriented
Clark St & Lincoln Ave,14534.0,8838.0,0.004684903644225825,0.007321049300698142,41.915689,-87.6346,23372.0,0.002636145656472317,-0.002636145656472317,1.5626892875442797,weekend_oriented
Clark St & Lunt Ave,2897.0,783.0,0.0009338217873484393,0.0006486062007746826,42.00901118058077,-87.67411172389984,3680.0,-0.0002852155865737567,0.0002852155865737567,0.694572042535375,weekday_oriented
Clark St & Montrose Ave,4838.0,2124.0,0.0015594856082815842,0.001759437510147415,41.961588,-87.666036,6962.0,0.0001999519018658308,-0.0001999519018658308,1.128216491763376,weekend_oriented
Clark St & Newport St,11196.0,5940.0,0.0036089294895247244,0.00492046083346311,41.94454,-87.654678,17136.0,0.0013115313439383855,-0.0013115313439383855,1.363412747279349,weekend_oriented
Clark St & North Ave,6653.0,3847.0,0.0021445344671139686,0.0031867024960155863,41.911974,-87.631942,10500.0,0.0010421680289016176,-0.0010421680289016176,1.4859644640450393,weekend_oriented
Clark St & Schiller St,9835.0,4738.0,0.0031702234306426997,0.003924771621035053,41.907993,-87.631501,14573.0,0.0007545481903923532,-0.0007545481903923532,1.2380109695386405,weekend_oriented
Clark St & Schreiber Ave,2119.0,1021.0,0.0006830405134246955,0.0008457559782770767,41.999245,-87.671249,3140.0,0.0001627154648523811,-0.0001627154648523811,1.2382219259800822,weekend_oriented
Clark St & Touhy Ave,565.0,276.0,0.0001821226475153152,0.00022862747307000308,42.01256011541,-87.6743671152,841.0,4.650482555468787e-05,-4.650482555468787e-05,1.2553475410203234,weekend_oriented
Clark St & Washington St,130.0,26.0,4.190432597697519e-05,2.1537370651522028e-05,41.88301,-87.63100000000001,156.0,-2.036695532545316e-05,2.036695532545316e-05,0.513976926545238,weekday_oriented
Clark St & Wellington Ave,9011.0,3823.0,0.0029046144721424877,0.003166821846183412,41.9364968219,-87.6475386582,12834.0,0.0002622073740409245,-0.0002622073740409245,1.0902726631306954,weekend_oriented
Clark St & Winnemac Ave,8861.0,4396.0,0.0028562633267844393,0.003641472360926571,41.97334764047304,-87.6678554713726,13257.0,0.0007852090341421317,-0.0007852090341421317,1.2749076921133955,weekend_oriented
Clark St & Wrightwood Ave,11618.0,5702.0,0.003744957378465367,0.004723311055960716,41.929546,-87.643118,17320.0,0.0009783536774953493,-0.0009783536774953493,1.2612455409708094,weekend_oriented
Clark/Eddy,543.0,292.0,0.0001750311461961348,0.00024188123962478586,41.94659999999999,-87.65610000000001,835.0,6.685009342865104e-05,-6.685009342865104e-05,1.3819303761135466,weekend_oriented
Clark/Newport,356.0,189.0,0.00011475338498310127,0.00015656011742837167,41.9449,-87.65460000000002,545.0,4.1806732445270396e-05,-4.1806732445270396e-05,1.3643149013558553,weekend_oriented
Clark/Newport Corral,576.0,413.0,0.00018566839817490543,0.0003421128491953307,41.9449411,-87.654611,989.0,0.00015644445102042527,-0.00015644445102042527,1.842596855261256,weekend_oriented
Clark/Racine,135.0,63.0,4.351603082224346e-05,5.2186705809457224e-05,41.95049999999999,-87.65930000000002,198.0,8.670674987213763e-06,-8.670674987213763e-06,1.1992478536192273,weekend_oriented
Clark/Racine Corral,417.0,125.0,0.00013441618409537425,0.00010354505120924053,41.950436,-87.6593212,542.0,-3.087113288613372e-05,3.087113288613372e-05,0.7703334354614256,weekday_oriented
Clifton Ave & Armitage Ave,7266.0,2807.0,0.002342129481143859,0.002325207669954705,41.918216,-87.656936,10073.0,-1.692181118915408e-05,1.692181118915408e-05,0.9927750348132228,weekday_oriented
Clinton St & 18th St,2386.0,814.0,0.0007691055521620215,0.0006742853734745743,41.85795,-87.640826,3200.0,-9.482017868744713e-05,9.482017868744713e-05,0.8767138591903816,weekday_oriented
Clinton St & Jackson Blvd,21413.0,2302.0,0.0069022871703459205,0.0019068856630693736,41.87831662050808,-87.64098109175531,23715.0,-0.004995401507276547,0.004995401507276547,0.27626877000903405,weekday_oriented
Clinton St & Lake St,15088.0,2973.0,0.004863480541081551,0.0024627154979605767,41.885637,-87.641823,18061.0,-0.0024007650431209743,0.0024007650431209743,0.506369043895438,weekday_oriented
Clinton St & Madison St,25104.0,4057.0,0.008092047687122962,0.0033606581820471103,41.88275006331282,-87.64119022354309,29161.0,-0.004731389505075852,0.004731389505075852,0.41530387569157784,weekday_oriented
Clinton St & Polk St,865.0,284.0,0.00027882493823141183,0.00023525435634739447,41.87146651779,-87.6409491327,1149.0,-4.357058188401736e-05,4.357058188401736e-05,0.8437355499980208,weekday_oriented
Clinton St & Roosevelt Rd,3984.0,1605.0,0.0012842064207097626,0.0013295184575266483,41.8671177825,-87.6410879593,5589.0,4.531203681688574e-05,-4.531203681688574e-05,1.0352840484225223,weekend_oriented
Clinton St & Tilden St,4997.0,975.0,0.0016107378223611153,0.0008076513994320761,41.875885,-87.640795,5972.0,-0.0008030864229290392,0.0008030864229290392,0.5014173547069363,weekday_oriented
Clinton St & Washington Blvd,29100.0,1489.0,0.009380122199461369,0.0012334286500044732,41.883378993326986,-87.64117008864396,30589.0,-0.008146693549456895,0.008146693549456895,0.13149397121727568,weekday_oriented
Clybourn Ave & Division St,3729.0,1313.0,0.0012020094736010804,0.0010876372179018626,41.904613,-87.640552,5042.0,-0.00011437225569921783,0.00011437225569921783,0.9048492020568072,weekday_oriented
Clyde Ave & 87th St,73.0,26.0,2.3530890740916834e-05,2.1537370651522028e-05,41.73715146431056,-87.57274031639099,99.0,-1.9935200893948054e-06,1.9935200893948054e-06,0.9152843215471629,weekday_oriented
Columbus Ave & 79th St,77.0,10.0,2.4820254617131455e-05,8.283604096739242e-06,41.749119,-87.704263,87.0,-1.653665052039221e-05,1.653665052039221e-05,0.3337705617435336,weekday_oriented
Columbus Dr & Randolph St,14610.0,4676.0,0.0047094015578739035,0.0038734132756352694,41.884728,-87.619521,19286.0,-0.0008359882822386341,0.0008359882822386341,0.8224852787662205,weekday_oriented
Commercial Ave & 130th St,69.0,25.0,2.2241526864702212e-05,2.0709010241848105e-05,41.659150427597744,-87.55076229572296,94.0,-1.532516622854107e-06,1.532516622854107e-06,0.931099706783489,weekday_oriented
Commercial Ave & 83rd St,95.0,52.0,3.062239206009725e-05,4.3074741303044057e-05,41.744615,-87.551208,147.0,1.2452349242946807e-05,-1.2452349242946807e-05,1.4066286719155585,weekend_oriented
Commercial Ave & 97th St,40.0,16.0,1.2893638762146211e-05,1.3253766554782788e-05,41.71893,-87.55112,56.0,3.601277926365768e-07,-3.601277926365768e-07,1.0279284902260135,weekend_oriented
Conservatory Dr & Lake St,278.0,179.0,8.961078939691617e-05,0.00014827651333163244,41.885502,-87.716866,457.0,5.866572393471627e-05,-5.866572393471627e-05,1.654665243597235,weekend_oriented
Constance Ave & 95th St,30.0,20.0,9.670229071609658e-06,1.6567208193478485e-05,41.72229074095262,-87.57896840572357,50.0,6.8969791218688264e-06,-6.8969791218688264e-06,1.713144014147615,weekend_oriented
Cornell Ave & Hyde Park Blvd,4428.0,1856.0,0.0014273258109695854,0.0015374369203548033,41.802406,-87.586924,6284.0,0.00011011110938521787,-0.00011011110938521787,1.077144987776429,weekend_oriented
Cottage Grove Ave & 111th Pl,26.0,28.0,8.380865195395036e-06,2.319409147086988e-05,41.69170975847015,-87.61000156402588,54.0,1.4813226275474842e-05,-1.4813226275474842e-05,2.7672947405087314,weekend_oriented
Cottage Grove Ave & 43rd St,383.0,225.0,0.00012345659114754997,0.00018638109217663295,41.816499,-87.606582,608.0,6.292450102908298e-05,-6.292450102908298e-05,1.5096851513478742,weekend_oriented
Cottage Grove Ave & 47th St,428.0,162.0,0.00013796193475496446,0.00013419438636717572,41.809855,-87.606755,590.0,-3.7675483877887446e-06,3.7675483877887446e-06,0.9726915899949484,weekday_oriented
Cottage Grove Ave & 49th St,110.0,37.0,3.545750659590208e-05,3.0649335157935196e-05,41.806273,-87.606643,147.0,-4.808171437966883e-06,4.808171437966883e-06,0.864400057995602,weekday_oriented
Cottage Grove Ave & 51st St,507.0,230.0,0.00016342687131020323,0.00019052289422500257,41.803038,-87.606615,737.0,2.7096022914799343e-05,-2.7096022914799343e-05,1.1657980532792247,weekend_oriented
Cottage Grove Ave & 63rd St,687.0,220.0,0.00022144824573986117,0.00018223929012826332,41.78053094070882,-87.6059702038765,907.0,-3.920895561159785e-05,3.920895561159785e-05,0.8229438285933155,weekday_oriented
Cottage Grove Ave & 67th St,363.0,137.0,0.00011700977176647686,0.00011348537612532762,41.77372095205,-87.60563486,500.0,-3.524395641149239e-06,3.524395641149239e-06,0.969879733395973,weekday_oriented
Cottage Grove Ave & 71st St,40.0,15.0,1.2893638762146211e-05,1.2425406145108863e-05,41.76571903697,-87.604959713,55.0,-4.682326170373483e-07,4.682326170373483e-07,0.9636878065625303,weekday_oriented
Cottage Grove Ave & 83rd St,139.0,56.0,4.480539469845808e-05,4.638818294173976e-05,41.743441,-87.604836,195.0,1.5827882432816742e-06,-1.5827882432816742e-06,1.0353250524603388,weekend_oriented
Cottage Grove Ave & Oakwood Blvd,704.0,373.0,0.0002269280422137733,0.00030897843280837373,41.822985,-87.6071,1077.0,8.205039059460043e-05,-8.205039059460043e-05,1.3615684876389986,weekend_oriented
Cumberland Ave & Catherine Ave,171.0,79.0,5.512030570817505e-05,6.544047236424002e-05,41.97732,-87.83674,250.0,1.0320166656064968e-05,-1.0320166656064968e-05,1.187226454879395,weekend_oriented
Daley Center Plaza,18249.0,3266.0,0.0058824003442601545,0.0027054250979950366,41.88424087537072,-87.62963348535213,21515.0,-0.003176975246265118,0.003176975246265118,0.45991865220738437,weekday_oriented
Daley Center Plaza Corral,52.0,12.0,1.6761730390790073e-05,9.94032491608709e-06,41.8841951,-87.629701,64.0,-6.821405474702982e-06,6.821405474702982e-06,0.5930611949440613,weekday_oriented
Damen Ave & 51st St,57.0,15.0,1.837343523605835e-05,1.2425406145108863e-05,41.800908,-87.674684,72.0,-5.9480290909494874e-06,5.9480290909494874e-06,0.6762877871055891,weekday_oriented
Damen Ave & 59th St,58.0,30.0,1.8695776205112005e-05,2.4850812290217725e-05,41.785861065132,-87.67414391040802,88.0,6.15503608510572e-06,-6.15503608510572e-06,1.329203067822079,weekend_oriented
Damen Ave & 77th St,40.0,17.0,1.2893638762146211e-05,1.4082126964456711e-05,41.75403254224914,-87.67335649122808,57.0,1.1884882023105002e-06,-1.1884882023105002e-06,1.0921691738894967,weekend_oriented
Damen Ave & 81st St,91.0,33.0,2.9333028183882628e-05,2.73358935192395e-05,41.746534000000004,-87.67305500000002,124.0,-1.9971346646431295e-06,1.9971346646431295e-06,0.9319174764500826,weekday_oriented
Damen Ave & 87th St,43.0,33.0,1.3860661669307177e-05,2.73358935192395e-05,41.736044,-87.672861,76.0,1.3475231849932322e-05,-1.3475231849932322e-05,1.972122402884028,weekend_oriented
Damen Ave & Charleston St,3639.0,1669.0,0.0011729987863862514,0.0013825335237457794,41.920082,-87.677855,5308.0,0.00020953473735952797,-0.00020953473735952797,1.1786315221804577,weekend_oriented
Damen Ave & Chicago Ave,6959.0,3309.0,0.002243170803644387,0.002741044595611015,41.89569719911461,-87.67713042376089,10268.0,0.0004978737919666279,-0.0004978737919666279,1.221950806959036,weekend_oriented
Damen Ave & Clybourn Ave,2782.0,1329.0,0.0008967525759072689,0.0011008909844566453,41.931931,-87.677856,4111.0,0.00020413840854937638,-0.00020413840854937638,1.2276415885410261,weekend_oriented
Damen Ave & Cortland St,6910.0,3551.0,0.002227376096160758,0.0029415078147521046,41.915983,-87.67733500000001,10461.0,0.0007141317185913468,-0.0007141317185913468,1.3206155436465012,weekend_oriented
Damen Ave & Cullerton St,1811.0,704.0,0.0005837594949561697,0.0005831657284104426,41.854966518753926,-87.67569959163664,2515.0,-5.937665457270798e-07,5.937665457270798e-07,0.9989828593218325,weekday_oriented
Damen Ave & Division St,5618.0,2572.0,0.0018109115641434352,0.002130542973681333,41.903266,-87.678435,8190.0,0.00031963140953789786,-0.00031963140953789786,1.1765029498754866,weekend_oriented
Damen Ave & Evergreen Ave,190.0,89.0,6.12447841201945e-05,7.372407646097926e-05,41.90605,-87.67758,279.0,1.2479292340784759e-05,-1.2479292340784759e-05,1.2037575731954744,weekend_oriented
Damen Ave & Foster Ave,3455.0,1536.0,0.001113688048080379,0.0012723615892591476,41.9758109755749,-87.67950989857908,4991.0,0.0001586735411787687,-0.0001586735411787687,1.1424756232022466,weekend_oriented
Damen Ave & Grand Ave,3293.0,1192.0,0.0010614688110936869,0.0009874056083313176,41.89239445296271,-87.67688512802124,4485.0,-7.406320276236926e-05,7.406320276236926e-05,0.9302258038916263,weekday_oriented
Damen Ave & Lake St,3116.0,881.0,0.0010044144595711898,0.0007297855209227272,41.8849659,-87.6768354,3997.0,-0.0002746289386484626,0.0002746289386484626,0.7265783436211659,weekday_oriented
Damen Ave & Leland Ave,4418.0,1860.0,0.001424102401279049,0.001540750361993499,41.967081,-87.679076,6278.0,0.00011664796071444994,-0.00011664796071444994,1.0819097550147576,weekend_oriented
Damen Ave & Madison St,1770.0,618.0,0.0005705435152249699,0.0005119267331784852,41.88137,-87.67493,2388.0,-5.8616782046484696e-05,5.8616782046484696e-05,0.8972616851406034,weekday_oriented
Damen Ave & Melrose Ave,2726.0,1263.0,0.0008787014816402643,0.0010462191974181664,41.9406,-87.6785,3989.0,0.00016751771577790207,-0.00016751771577790207,1.1906421334615995,weekend_oriented
Damen Ave & Ohio St,281.0,95.0,9.057781230407714e-05,7.86942389190228e-05,41.89239445296271,-87.67688512802124,376.0,-1.1883573385054329e-05,1.1883573385054329e-05,0.8688040493933544,weekday_oriented
Damen Ave & Pershing Rd,214.0,71.0,6.898096737748223e-05,5.881358908684862e-05,41.823192,-87.676597,285.0,-1.0167378290633613e-05,1.0167378290633613e-05,0.8526081717125316,weekday_oriented
Damen Ave & Pierce Ave,9083.0,4397.0,0.002927823021914351,0.003642300721336245,41.90913973176558,-87.6775313230267,13480.0,0.0007144776994218939,-0.0007144776994218939,1.2440302743860727,weekend_oriented
Damen Ave & St Paul Ave,576.0,270.0,0.00018566839817490543,0.00022365731061195954,41.91301,-87.67778000000001,846.0,3.798891243705411e-05,-3.798891243705411e-05,1.204605135851561,weekend_oriented
Damen Ave & Sunnyside Ave,2767.0,1156.0,0.0008919174613714641,0.0009575846335830564,41.96325,-87.679258,3923.0,6.566717221159226e-05,-6.566717221159226e-05,1.0736246361697892,weekend_oriented
Damen Ave & Thomas St (Augusta Blvd),5269.0,2120.0,0.0016984145659437095,0.0017561240685087193,41.901315,-87.677409,7389.0,5.770950256500976e-05,-5.770950256500976e-05,1.0339784347966359,weekend_oriented
Damen Ave & Wabansia Ave,2001.0,822.0,0.0006450042790763641,0.0006809122567519657,41.91227003510449,-87.67728471402764,2823.0,3.590797767560156e-05,-3.590797767560156e-05,1.0556708275737234,weekend_oriented
Damen Ave & Wellington Ave,3252.0,1424.0,0.0010482528313624868,0.0011795852233756681,41.93588,-87.67842000000002,4676.0,0.0001313323920131813,-0.0001313323920131813,1.1252868227941315,weekend_oriented
Damen Ave & Wicker Park Ave,3523.0,1958.0,0.0011356072339760274,0.0016219296821415436,41.90881520000001,-87.6771937,5481.0,0.00048632244816551617,-0.00048632244816551617,1.4282484342886355,weekend_oriented
Damen Ave/Coulter St,426.0,166.0,0.00013731725281685713,0.00013750782800587142,41.8492,-87.67564,592.0,1.905751890142937e-07,-1.905751890142937e-07,1.0013878358128288,weekend_oriented
Dan Ryan Woods & 83rd St,143.0,92.0,4.6094758574672704e-05,7.620915769000103e-05,41.742805,-87.680177,235.0,3.0114399115328328e-05,-3.0114399115328328e-05,1.6533008685938986,weekend_oriented
Dauphin Ave & 103rd St,65.0,17.0,2.0952162988487594e-05,1.4082126964456711e-05,41.7072503677818,-87.60766267776489,82.0,-6.8700360240308825e-06,6.8700360240308825e-06,0.6721241548206578,weekday_oriented
Dauphin Ave & 87th St,63.0,19.0,2.0307481050380283e-05,1.573884778380456e-05,41.73648,-87.601252,82.0,-4.5686332665757215e-06,4.5686332665757215e-06,0.7750381599075735,weekday_oriented
Dayton St & North Ave,8092.0,3123.0,0.0026083831215821785,0.002586969559411665,41.9105780349,-87.6494219288,11215.0,-2.141356217051334e-05,2.141356217051334e-05,0.9917904874541544,weekday_oriented
Dearborn Pkwy & Delaware Pl,15557.0,5924.0,0.005014658455567715,0.004907207066908327,41.898969,-87.629912,21481.0,-0.00010745138865938739,0.00010745138865938739,0.9785725452323417,weekday_oriented
Dearborn St & Adams St,8964.0,1538.0,0.002889464446596966,0.0012740183100784955,41.87936394102892,-87.62977936980188,10502.0,-0.0016154461365184706,0.0016154461365184706,0.440918686734585,weekday_oriented
Dearborn St & Adams St Corral,523.0,47.0,0.0001685843268150617,3.8932939254674436e-05,41.87939,-87.62988,570.0,-0.00012965138756038726,0.00012965138756038726,0.2309450056551186,weekday_oriented
Dearborn St & Division St,1874.0,952.0,0.00060406697600655,0.0007885991100095758,41.9043,-87.62991,2826.0,0.00018453213400302585,-0.00018453213400302585,1.305482398227687,weekend_oriented
Dearborn St & Erie St,16058.0,6012.0,0.005176151281063596,0.004980102782959632,41.893992,-87.629318,22070.0,-0.0001960484981039642,0.0001960484981039642,0.9621246656862885,weekday_oriented
Dearborn St & Madison St,476.0,35.0,0.0001534343012695399,2.899261433858735e-05,41.88206,-87.62963999999998,511.0,-0.00012444168693095253,0.00012444168693095253,0.18896312712062427,weekday_oriented
Dearborn St & Maple St,2145.0,795.0,0.0006914213786200906,0.0006585465256907698,41.90191999999999,-87.63026,2940.0,-3.2874852929320824e-05,3.2874852929320824e-05,0.9524532992482382,weekday_oriented
Dearborn St & Monroe St,13388.0,2359.0,0.004315500893690337,0.0019541022064207872,41.881319815,-87.6295209193,15747.0,-0.0023613986872695497,0.0023613986872695497,0.45281018397370343,weekday_oriented
Dearborn St & Van Buren St,4291.0,1664.0,0.0013831650982092348,0.0013783917216974098,41.876268,-87.629155,5955.0,-4.77337651182499e-06,4.77337651182499e-06,0.9965489491695864,weekday_oriented
Dearborn St & Washington St,139.0,23.0,4.480539469845808e-05,1.9052289422500258e-05,41.88299,-87.6293,162.0,-2.5753105275957825e-05,2.5753105275957825e-05,0.42523594122505765,weekday_oriented
Delano Ct & Roosevelt Rd,3837.0,1926.0,0.0012368222982588753,0.001595422149031978,41.867491,-87.63219,5763.0,0.0003585998507731026,-0.0003585998507731026,1.2899362029142867,weekend_oriented
Desplaines St & Jackson Blvd,9179.0,2657.0,0.0029587677549435015,0.0022009536085036167,41.87811890091227,-87.64394760131836,11836.0,-0.0007578141464398848,0.0007578141464398848,0.7438751693001586,weekday_oriented
Desplaines St & Kinzie St,14298.0,5357.0,0.004608831175529163,0.004437526714623212,41.888716036,-87.6444478533,19655.0,-0.00017130446090595115,0.00017130446090595115,0.9628312651921888,weekday_oriented
Desplaines St & Randolph St,5050.0,1642.0,0.001627821893720959,0.0013601677926845836,41.883703000000004,-87.644238,6692.0,-0.00026765410103637543,0.00026765410103637543,0.8355754166692186,weekday_oriented
Dodge Ave & Church St,524.0,172.0,0.00016890666778411536,0.00014247799046391497,42.048308,-87.698224,696.0,-2.6428677320200386e-05,2.6428677320200386e-05,0.8435318084316962,weekday_oriented
Dodge Ave & Main St,521.0,163.0,0.0001679396448769544,0.00013502274677684964,42.03463185161588,-87.69918769598006,684.0,-3.291689810010475e-05,3.291689810010475e-05,0.8039968339753484,weekday_oriented
Dodge Ave & Mulford St,303.0,175.0,9.766931362325755e-05,0.00014496307169293673,42.023463,-87.699595,478.0,4.729375806967918e-05,-4.729375806967918e-05,1.4842183496216135,weekend_oriented
Dorchester Ave & 49th St,773.0,332.0,0.0002491695690784755,0.00027501565601174285,41.805772,-87.592464,1105.0,2.584608693326733e-05,-2.584608693326733e-05,1.1037284902019355,weekend_oriented
Dorchester Ave & 53rd St,244.0,92.0,7.865119644909189e-05,7.620915769000103e-05,41.79943,-87.59227,336.0,-2.4420387590908546e-06,2.4420387590908546e-06,0.9689514232362032,weekday_oriented
Dorchester Ave & 63rd St,632.0,263.0,0.00020371949244191013,0.00021785878774424207,41.78040564570001,-87.5914159893,895.0,1.4139295302331939e-05,-1.4139295302331939e-05,1.0694053658169105,weekend_oriented
Drake Ave & Addison St,1494.0,298.0,0.00048157740776616097,0.0002468514020828294,41.947326,-87.717582,1792.0,-0.00023472600568333156,0.00023472600568333156,0.5125902617351005,weekday_oriented
Drake Ave & Montrose Ave,976.0,373.0,0.00031460478579636755,0.00030897843280837373,41.96115407569,-87.7165690733,1349.0,-5.6263529879938185e-06,5.6263529879938185e-06,0.982116180814184,weekday_oriented
Drexel Ave & 60th St,3409.0,1138.0,0.001098860363503911,0.0009426741462089257,41.785861,-87.604553,4547.0,-0.00015618621729498517,0.00015618621729498517,0.8578654027866098,weekday_oriented
DuSable Lake Shore Dr & Belmont Ave,10711.0,6146.0,0.0034525941195337017,0.005091103077855938,41.940775,-87.639192,16857.0,0.0016385089583222366,-0.0016385089583222366,1.4745731548573613,weekend_oriented
DuSable Lake Shore Dr & Diversey Pkwy,12317.0,7044.0,0.003970273715833872,0.005834970725743122,41.932588,-87.636427,19361.0,0.0018646970099092499,-0.0018646970099092499,1.4696644800100715,weekend_oriented
DuSable Lake Shore Dr & Monroe St,20698.0,17218.0,0.006671813377472557,0.014262709533765627,41.880958,-87.616743,37916.0,0.00759089615629307,-0.00759089615629307,2.137755897694606,weekend_oriented
DuSable Lake Shore Dr & North Blvd,19730.0,14940.0,0.0063597873194286185,0.012375704520528427,41.911722,-87.626804,34670.0,0.006015917201099809,-0.006015917201099809,1.9459304144953513,weekend_oriented
DuSable Lake Shore Dr & Wellington Ave,9542.0,5887.0,0.0030757775267099786,0.004876557731750392,41.936688449499705,-87.63682901859283,15429.0,0.0018007802050404136,-0.0018007802050404136,1.58547134957946,weekend_oriented
DuSable Museum,417.0,170.0,0.00013441618409537425,0.0001408212696445671,41.79156801058,-87.6078521774,587.0,6.405085549192856e-06,-6.405085549192856e-06,1.0476507939985427,weekend_oriented
Dusable Harbor,11732.0,8761.0,0.003781704248937484,0.00725726554915325,41.88697599432289,-87.61281299950515,20493.0,0.0034755613002157666,-0.0034755613002157666,1.9190460576461554,weekend_oriented
East End Ave & 87th St,32.0,23.0,1.0314911009716969e-05,1.9052289422500258e-05,41.73681521440671,-87.58280128240585,55.0,8.737378412783289e-06,-8.737378412783289e-06,1.846980785754472,weekend_oriented
Eastlake Ter & Howard St,1008.0,465.0,0.0003249196968060845,0.00038518759049837475,42.01920250193227,-87.66430288553238,1473.0,6.0267893692290226e-05,-6.0267893692290226e-05,1.1854849330458583,weekend_oriented
Eberhart Ave & 61st St,210.0,75.0,6.769160350126761e-05,6.212703072554431e-05,41.784071072761,-87.61448353528975,285.0,-5.564572775723298e-06,5.564572775723298e-06,0.9177964432167379,weekday_oriented
Eberhart Ave & 91st St,31.0,22.0,9.992570040663314e-06,1.822392901282633e-05,41.729285157254864,-87.6110315322876,53.0,8.231358972163018e-06,-8.231358972163018e-06,1.823665510790443,weekend_oriented
Eckhart Park,4912.0,1770.0,0.0015833388399915547,0.0014661979251228458,41.89637337,-87.66098386,6682.0,-0.00011714091486870895,0.00011714091486870895,0.9260165683260179,weekday_oriented
Eddy/Seminary Corral,804.0,342.0,0.00025916213911913885,0.0002832992601084821,41.9461279,-87.6566721,1146.0,2.413712098934325e-05,-2.413712098934325e-05,1.0931348534802523,weekend_oriented
Edgebrook Metra,302.0,91.0,9.73469726542039e-05,7.53807972803271e-05,41.99751,-87.76539,393.0,-2.1966175373876797e-05,2.1966175373876797e-05,0.7743540540705014,weekday_oriented
Eggleston Ave & 69th St,53.0,18.0,1.7084071359843728e-05,1.4910487374130636e-05,41.768898,-87.635876,71.0,-2.173583985713092e-06,2.173583985713092e-06,0.8727787587225523,weekday_oriented
Eggleston Ave & 92nd St,41.0,23.0,1.3215979731199866e-05,1.9052289422500258e-05,41.727575659299575,-87.63482809066771,64.0,5.836309691300392e-06,-5.836309691300392e-06,1.441576654424555,weekend_oriented
Elizabeth St & 47th St,73.0,18.0,2.3530890740916834e-05,1.4910487374130636e-05,41.80839,-87.656526,91.0,-8.620403366786198e-06,8.620403366786198e-06,0.6336714520012117,weekday_oriented
Elizabeth St & Fulton St,5744.0,980.0,0.0018515265262441958,0.0008117932014804457,41.88678352528257,-87.65919419155264,6724.0,-0.0010397333247637501,0.0010397333247637501,0.4384456563425561,weekday_oriented
Elizabeth St & Randolph St,7487.0,2239.0,0.002413366835304717,0.0018546989572599164,41.884336,-87.658902,9726.0,-0.0005586678780448006,0.0005586678780448006,0.768511094797838,weekday_oriented
Ellis Ave & 53rd St,4401.0,1470.0,0.0014186226048051368,0.0012176898022206687,41.79933626261,-87.6009581145,5871.0,-0.0002009328025844681,0.0002009328025844681,0.8583607364886133,weekday_oriented
Ellis Ave & 55th St,13088.0,4088.0,0.00421879860297424,0.0033863373547470023,41.79430062054,-87.6014497734,17176.0,-0.0008324612482272379,0.0008324612482272379,0.8026781723312111,weekday_oriented
Ellis Ave & 58th St,7008.0,935.0,0.002258965511128016,0.0007745169830451191,41.788746136093295,-87.60133399414377,7943.0,-0.001484448528082897,0.001484448528082897,0.3428638624033267,weekday_oriented
Ellis Ave & 60th St,13248.0,4417.0,0.004270373158022825,0.0036588679295297233,41.78509714636001,-87.6010727606,17665.0,-0.0006115052284931016,0.0006115052284931016,0.85680289223738,weekday_oriented
Ellis Ave & 83rd St,57.0,17.0,1.837343523605835e-05,1.4082126964456711e-05,41.744123,-87.599034,74.0,-4.291308271601639e-06,4.291308271601639e-06,0.7664522355941428,weekday_oriented
Elmwood Ave & Austin St,777.0,301.0,0.0002504589329546901,0.00024933648331185117,42.02578400000001,-87.684107,1078.0,-1.1224496428389606e-06,1.1224496428389606e-06,0.99551844628561,weekday_oriented
Elston Ave & Carmen Ave,187.0,95.0,6.027776121303354e-05,7.86942389190228e-05,41.97354,-87.74955,282.0,1.841647770598927e-05,-1.841647770598927e-05,1.305521834480023,weekend_oriented
Elston Ave & Cortland St,8979.0,2125.0,0.002894299561132771,0.0017602658705570889,41.916433431898604,-87.66674637967343,11104.0,-0.001134033690575682,0.001134033690575682,0.608183854225615,weekday_oriented
Elston Ave & George St,1104.0,440.0,0.0003558644298352354,0.00036447858025652664,41.934003,-87.690823,1544.0,8.61415042129125e-06,-8.61415042129125e-06,1.0242062018366875,weekend_oriented
Elston Ave & Henderson St,705.0,196.0,0.00022725038318282696,0.00016235864029608913,41.941499,-87.701051,901.0,-6.489174288673783e-05,6.489174288673783e-05,0.7144495141112892,weekday_oriented
Elston Ave & Wabansia Ave,2045.0,704.0,0.000659187281714725,0.0005831657284104426,41.912919,-87.664169,2749.0,-7.602155330428239e-05,7.602155330428239e-05,0.8846739916150663,weekday_oriented
Emerald Ave & 28th St,1107.0,508.0,0.00035683145274239636,0.00042080708811435347,41.84358000000001,-87.64536800000002,1615.0,6.397563537195711e-05,-6.397563537195711e-05,1.1792876036926558,weekend_oriented
Emerald Ave & 31st St,2532.0,1068.0,0.0008161673336438552,0.0008846889175317511,41.83819799627639,-87.64514298911445,3600.0,6.852158388789592e-05,-6.852158388789592e-05,1.0839552100508179,weekend_oriented
Evanston Civic Center,1044.0,452.0,0.0003365239716920161,0.00037441890517261374,42.057044,-87.686554,1496.0,3.789493348059763e-05,-3.789493348059763e-05,1.1126066017926262,weekend_oriented
Ewing Ave & 106th St,85.0,44.0,2.73989823695607e-05,3.644785802565266e-05,41.70266,-87.53564,129.0,9.048875656091964e-06,-9.048875656091964e-06,1.33025114885273,weekend_oriented
Ewing Ave & 98th St,38.0,25.0,1.22489568240389e-05,2.0709010241848105e-05,41.71781,-87.53504,63.0,8.460053417809205e-06,-8.460053417809205e-06,1.6906190396693872,weekend_oriented
Ewing Ave & Burnham Greenway,66.0,26.0,2.127450395754125e-05,2.1537370651522028e-05,41.70999,-87.5355,92.0,2.628666939807793e-07,-2.628666939807793e-07,1.0123553686204272,weekend_oriented
Exchange Ave & 79th St,121.0,56.0,3.9003257255492285e-05,4.638818294173976e-05,41.75211500633265,-87.55200700025293,177.0,7.384925686247472e-06,-7.384925686247472e-06,1.189336400841413,weekend_oriented
Fairbanks Ct & Grand Ave,11156.0,4623.0,0.003596035850762578,0.0038295101739225517,41.89184737210993,-87.62058019638062,15779.0,0.00023347432315997362,-0.00023347432315997362,1.0649254534503625,weekend_oriented
Fairbanks St & Superior St,5154.0,1393.0,0.0016613453545025391,0.0011539060506757764,41.895748,-87.620104,6547.0,-0.0005074393038267627,0.0005074393038267627,0.6945614004861097,weekday_oriented
Fairfield Ave & 44th St,252.0,86.0,8.122992420152113e-05,7.123899523195749e-05,41.813617,-87.6932272,338.0,-9.990928969563645e-06,9.990928969563645e-06,0.8770058439224732,weekday_oriented
Fairfield Ave & Pratt Blvd,300.0,104.0,9.670229071609658e-05,8.614948260608811e-05,42.0044482,-87.69859730000002,404.0,-1.0552808110008465e-05,1.0552808110008465e-05,0.8908743639242888,weekday_oriented
Fairfield Ave & Roosevelt Rd,185.0,112.0,5.9633079274926226e-05,9.277636588347951e-05,41.866624,-87.694521,297.0,3.314328660855329e-05,-3.314328660855329e-05,1.5557776192997874,weekend_oriented
Farragut Ave & Central Ave,189.0,84.0,6.092244315114085e-05,6.958227441260963e-05,41.976659999999995,-87.76823,273.0,8.659831261468784e-06,-8.659831261468784e-06,1.1421428404823606,weekend_oriented
Federal St & Polk St,11632.0,4363.0,0.003749470152032118,0.003614136467407331,41.872077632849994,-87.6295437729,15995.0,-0.00013533368462478705,0.00013533368462478705,0.9639059272261797,weekday_oriented
Field Blvd & South Water St,8408.0,4106.0,0.0027102428678031335,0.003401247842121133,41.88634906269,-87.6175165471,12514.0,0.0006910049743179994,-0.0006910049743179994,1.2549604419465445,weekend_oriented
Field Museum,5521.0,4607.0,0.0017796444901452308,0.003816256407367769,41.8653120005395,-87.61786701481803,10128.0,0.002036611917222538,-0.002036611917222538,2.1443919187839695,weekend_oriented
Financial Pl & Ida B Wells Dr,6890.0,1614.0,0.0022209292767796846,0.0013369737012137136,41.8750236280333,-87.6330940425396,8504.0,-0.000883955575565971,0.000883955575565971,0.6019885969370937,weekday_oriented
Fort Dearborn Dr & 31st St,786.0,661.0,0.00025336000167617304,0.0005475462307944639,41.83855595291223,-87.60821812148446,1447.0,0.0002941862291182909,-0.0002941862291182909,2.1611346149250608,weekend_oriented
Fort Dearborn Dr & 31st St*,2263.0,1934.0,0.0007294576129684219,0.0016020490323093695,41.83867628233386,-87.60883195345701,4197.0,0.0008725914193409476,-0.0008725914193409476,2.1962178577754647,weekend_oriented
Francisco Ave & 47th St,80.0,45.0,2.5787277524292422e-05,3.727621843532659e-05,41.80849,-87.69673000000002,125.0,1.1488940911034168e-05,-1.1488940911034168e-05,1.4455102090557095,weekend_oriented
Francisco Ave & 85th St,81.0,26.0,2.6109618493346077e-05,2.1537370651522028e-05,41.738902,-87.695518,107.0,-4.572247841824049e-06,4.572247841824049e-06,0.824889332170005,weekday_oriented
Francisco Ave & Bloomingdale Ave,680.0,262.0,0.0002191918589564856,0.00021703042733456815,41.9139595955414,-87.69938705732484,942.0,-2.161431621917442e-06,2.161431621917442e-06,0.9901391330346828,weekday_oriented
Francisco Ave & Chicago Ave,1397.0,571.0,0.0004503103337679564,0.0004729937939238107,41.895745,-87.698653,1968.0,2.2683460155854297e-05,-2.2683460155854297e-05,1.0503728386448807,weekend_oriented
Francisco Ave & Foster Ave,1692.0,586.0,0.0005454009196387848,0.0004854192000689196,41.97563272521,-87.7014194389,2278.0,-5.998171956986514e-05,5.998171956986514e-05,0.8900229034588097,weekday_oriented
Francisco Ave & Hollywood Ave,53.0,17.0,1.7084071359843728e-05,1.4082126964456711e-05,41.984746,-87.701593,70.0,-3.001944395387017e-06,3.001944395387017e-06,0.8242943016063309,weekday_oriented
Francisco Ave & Montrose Ave,860.0,282.0,0.00027721323338614353,0.00023359763552804663,41.9610471,-87.700901,1142.0,-4.36155978580969e-05,4.36155978580969e-05,0.8426646520803176,weekday_oriented
Franklin St & Adams St,7117.0,999.0,0.0022941006767548647,0.0008275320492642503,41.879434091400135,-87.63550400733948,8116.0,-0.0014665686274906143,0.0014665686274906143,0.3607220454303674,weekday_oriented
Franklin St & Adams St (Temp),1501.0,131.0,0.00048383379454953654,0.00010851521366728408,41.87943409140013,-87.63550400733948,1632.0,-0.0003753185808822525,0.0003753185808822525,0.22428360855757726,weekday_oriented
Franklin St & Adams St Corral,1829.0,41.0,0.0005895616323991355,3.396277679663089e-05,41.87942,-87.63558,1870.0,-0.0005555988556025046,0.0005555988556025046,0.057608428570889006,weekday_oriented
Franklin St & Chicago Ave,9079.0,2562.0,0.002926533658038136,0.002122259369584594,41.896792266987376,-87.63564033012628,11641.0,-0.0008042742884535421,0.0008042742884535421,0.725178621669663,weekday_oriented
Franklin St & Chicago Ave*,117.0,35.0,3.771389337927766e-05,2.899261433858735e-05,41.89679,-87.63564,152.0,-8.721279040690314e-06,8.721279040690314e-06,0.7687576906824242,weekday_oriented
Franklin St & Illinois St,9513.0,3384.0,0.0030664296386074224,0.0028031716263365596,41.89102335487364,-87.63548087376064,12897.0,-0.00026325801227086287,0.00026325801227086287,0.914148388371694,weekday_oriented
Franklin St & Jackson Blvd,12118.0,2768.0,0.0039061278629921943,0.0022929016139774223,41.87770795589999,-87.6353211408,14886.0,-0.001613226249014772,0.001613226249014772,0.5870012727181254,weekday_oriented
Franklin St & Lake St,11187.0,1915.0,0.0036060284208032415,0.0015863101845255648,41.885836999999995,-87.63549999999998,13102.0,-0.0020197182362776765,0.0020197182362776765,0.4399052252247611,weekday_oriented
Franklin St & Madison St,406.0,64.0,0.00013087043343578403,5.301506621913115e-05,41.88139,-87.63542000000001,470.0,-7.785536721665288e-05,7.785536721665288e-05,0.4051003708547677,weekday_oriented
Franklin St & Monroe St,18703.0,774.0,0.006028743144210515,0.0006411509570876173,41.88031616332084,-87.63518440237203,19477.0,-0.005387592187122897,0.005387592187122897,0.10634917351789167,weekday_oriented
Franklin St & Monroe St Corral,197.0,4.0,6.350117090357009e-05,3.313441638695697e-06,41.88056,-87.63524,201.0,-6.01877292648744e-05,6.01877292648744e-05,0.05219414693284697,weekday_oriented
Franklin St & Washington St,3725.0,403.0,0.0012007201097248659,0.00033382924509859144,41.88318,-87.63511,4128.0,-0.0008668908646262744,0.0008668908646262744,0.2780247989269428,weekday_oriented
Fulton Market,3015.0,883.0,0.0009718580216967706,0.000731442241742075,41.886871,-87.648089,3898.0,-0.00024041577995469556,0.00024041577995469556,0.7526227831533084,weekday_oriented
Glenwood Ave & Morse Ave,2984.0,1446.0,0.0009618654516561073,0.0011978091523884944,42.00797192287,-87.6655023944,4430.0,0.00023594370073238711,-0.00023594370073238711,1.2452977753056544,weekend_oriented
Glenwood Ave & Touhy Ave,1083.0,477.0,0.00034909526948510866,0.00039512791541446184,42.012701,-87.666058,1560.0,4.6032645929353186e-05,-4.6032645929353186e-05,1.131862325533435,weekend_oriented
Grace St & Central Ave,120.0,48.0,3.868091628643863e-05,3.976129966434836e-05,41.9495327,-87.7672648,168.0,1.0803833779097303e-06,-1.0803833779097303e-06,1.0279299342335968,weekend_oriented
Grace St & Cicero Ave,227.0,89.0,7.317139997517975e-05,7.372407646097926e-05,41.94973,-87.74695,316.0,5.52676485799511e-07,-5.52676485799511e-07,1.0075530730984221,weekend_oriented
Grace/Sheffield,89.0,75.0,2.8688346245775317e-05,6.212703072554431e-05,41.95120000000001,-87.6546,164.0,3.3438684479768994e-05,-3.3438684479768994e-05,2.165543620036063,weekend_oriented
Grace/Sheffield Corral,380.0,139.0,0.000122489568240389,0.00011514209694467546,41.9511586,-87.6546115,519.0,-7.347471295713538e-06,7.347471295713538e-06,0.9400160240803681,weekday_oriented
Granville Ave & Clark St,114.0,55.0,3.67468704721167e-05,4.555982253206583e-05,41.9944,-87.66983,169.0,8.81295205994913e-06,-8.81295205994913e-06,1.2398221161314955,weekend_oriented
Granville Ave & Pulaski Rd,90.0,19.0,2.9010687214828973e-05,1.573884778380456e-05,41.9924402,-87.72890720000001,109.0,-1.3271839431024412e-05,1.3271839431024412e-05,0.5425347263415734,weekday_oriented
Green St & Chicago Ave,1231.0,372.0,0.00039680173290504965,0.0003081500723986998,41.89466827448534,-87.64995936930755,1603.0,-8.865166050634984e-05,8.865166050634984e-05,0.7765850556085682,weekday_oriented
Green St & Lake St,2923.0,1024.0,0.0009422026525438343,0.0008482410595060984,41.88558,-87.64841,3947.0,-9.396159303773593e-05,9.396159303773593e-05,0.900274645737096,weekday_oriented
Green St & Madison St,13280.0,4796.0,0.004280688069032542,0.00397281652479614,41.88185932803824,-87.64926373958588,18076.0,-0.00030787154423640196,0.00030787154423640196,0.9280789753071268,weekday_oriented
Green St & Randolph St*,6289.0,2359.0,0.002027202354378438,0.0019541022064207872,41.8836016120626,-87.64862672558314,8648.0,-7.31001479576509e-05,7.31001479576509e-05,0.9639403970993999,weekday_oriented
Green St & Washington Blvd,4948.0,1958.0,0.0015949431148774864,0.0016219296821415436,41.883181305753524,-87.64872461685994,6906.0,2.6986567264057236e-05,-2.6986567264057236e-05,1.0169200707487673,weekend_oriented
Greenview Ave & Diversey Pkwy,3947.0,1665.0,0.0012722798048547773,0.0013792200821070837,41.93258963429789,-87.66593635082245,5612.0,0.00010694027725230643,-0.00010694027725230643,1.084053989374235,weekend_oriented
Greenview Ave & Fullerton Ave,5695.0,2303.0,0.0018357318187605667,0.0019077140234790475,41.92533,-87.6658,7998.0,7.198220471848083e-05,-7.198220471848083e-05,1.039211700081214,weekend_oriented
Greenview Ave & Jarvis Ave,2024.0,889.0,0.0006524181213645983,0.0007364124042001187,42.015962,-87.66857,2913.0,8.399428283552041e-05,-8.399428283552041e-05,1.128742828168246,weekend_oriented
Greenwood Ave & 47th St,1125.0,445.0,0.0003626335901853622,0.0003686203823048963,41.809835,-87.59938299999999,1570.0,5.986792119534116e-06,-5.986792119534116e-06,1.016509159031062,weekend_oriented
Griffin Museum of Science and Industry,3266.0,2234.0,0.0010527656049292382,0.0018505571552115466,41.79172820953,-87.583945009,5500.0,0.0007977915502823084,-0.0007977915502823084,1.757804765602279,weekend_oriented
Hale Ave & 107th St,107.0,18.0,3.4490483688741115e-05,1.4910487374130636e-05,41.69920616812768,-87.66891896724701,125.0,-1.957999631461048e-05,1.957999631461048e-05,0.43232374428120407,weekday_oriented
Halsted St & 104th St,59.0,24.0,1.901811717416566e-05,1.988064983217418e-05,41.70513978893236,-87.6424241065979,83.0,8.625326580085206e-07,-8.625326580085206e-07,1.0453508251781596,weekend_oriented
Halsted St & 18th St,2919.0,1151.0,0.0009409132886676197,0.0009534428315346868,41.85750568031716,-87.64599144458771,4070.0,1.252954286706711e-05,-1.252954286706711e-05,1.0133163488087842,weekend_oriented
Halsted St & 21st St,1686.0,600.0,0.0005434668738244628,0.0004970162458043545,41.85377981072743,-87.6466029882431,2286.0,-4.645062802010832e-05,4.645062802010832e-05,0.9145292109113489,weekday_oriented
Halsted St & 35th St,1625.0,672.0,0.0005238040747121898,0.0005566581953008771,41.830661,-87.647172,2297.0,3.285412058868728e-05,-3.285412058868728e-05,1.0627220356861555,weekend_oriented
Halsted St & 37th St,474.0,144.0,0.0001527896193314326,0.00011928389899304509,41.827059,-87.64572,618.0,-3.35057203383875e-05,3.35057203383875e-05,0.7807082628174504,weekday_oriented
Halsted St & 47th Pl,179.0,75.0,5.7699033460604294e-05,6.212703072554431e-05,41.80813391481,-87.6456165545,254.0,4.427997264940018e-06,-4.427997264940018e-06,1.0767416758599162,weekend_oriented
Halsted St & 51st St,222.0,78.0,7.155969512991147e-05,6.461211195456608e-05,41.80183164049,-87.645213904,300.0,-6.947583175345389e-06,6.947583175345389e-06,0.9029134196819535,weekday_oriented
Halsted St & 59th St,51.0,22.0,1.6439389421736417e-05,1.822392901282633e-05,41.787539,-87.644874,73.0,1.784539591089914e-06,-1.784539591089914e-06,1.1085460657477195,weekend_oriented
Halsted St & 63rd St,90.0,16.0,2.9010687214828973e-05,1.3253766554782788e-05,41.77938114228001,-87.6446208145,106.0,-1.5756920660046185e-05,1.5756920660046185e-05,0.4568767909509163,weekday_oriented
Halsted St & 69th St,117.0,26.0,3.771389337927766e-05,2.1537370651522028e-05,41.76906172032,-87.6446135779,143.0,-1.6176522727755635e-05,1.6176522727755635e-05,0.571083959721764,weekday_oriented
Halsted St & 78th St,47.0,29.0,1.5150025545521797e-05,2.4022451880543802e-05,41.75248701249013,-87.6439021574879,76.0,8.872426335022005e-06,-8.872426335022005e-06,1.585599061156915,weekend_oriented
Halsted St & 96th St,141.0,68.0,4.5450076636565394e-05,5.6328507857826844e-05,41.71971218361882,-87.6430195569992,209.0,1.087843122126145e-05,-1.087843122126145e-05,1.2393437521457908,weekend_oriented
Halsted St & Archer Ave,1624.0,747.0,0.0005234817337431361,0.0006187852260264214,41.847203,-87.646795,2371.0,9.530349228328524e-05,-9.530349228328524e-05,1.1820566107344603,weekend_oriented
Halsted St & Armitage Ave,1123.0,634.0,0.00036198890824725485,0.000525180499733268,41.91823000000001,-87.64878999999999,1757.0,0.00016319159148601314,-0.00016319159148601314,1.4508180691450276,weekend_oriented
Halsted St & Belden St,1377.0,640.0,0.0004438635143868833,0.0005301506621913115,41.92365,-87.64894,2017.0,8.62871478044282e-05,-8.62871478044282e-05,1.1943997436326217,weekend_oriented
Halsted St & Clybourn Ave,12290.0,4629.0,0.003961570509669423,0.003834480336380595,41.909668,-87.648128,16919.0,-0.000127090173288828,0.000127090173288828,0.9679192530089067,weekday_oriented
Halsted St & Court Pl,59.0,19.0,1.901811717416566e-05,1.573884778380456e-05,41.883700000000005,-87.64721999999999,78.0,-3.2792693903610997e-06,3.2792693903610997e-06,0.8275803571568796,weekday_oriented
Halsted St & Dickens Ave,7648.0,3879.0,0.0024652637313223556,0.003213210029125152,41.919936,-87.64883,11527.0,0.0007479462978027965,-0.0007479462978027965,1.3033939066664058,weekend_oriented
Halsted St & Dickens Ave*,66.0,28.0,2.127450395754125e-05,2.319409147086988e-05,41.919936,-87.64883000000002,94.0,1.9195875133286294e-06,-1.9195875133286294e-06,1.0902252429441615,weekend_oriented
Halsted St & Fulton St,10542.0,3300.0,0.003398118495763634,0.00273358935192395,41.88685835666811,-87.64802209919087,13842.0,-0.0006645291438396842,0.0006645291438396842,0.8044420907892912,weekday_oriented
Halsted St & Lake St,911.0,337.0,0.00029365262280787996,0.00027915745806011245,41.885760000000005,-87.64711,1248.0,-1.4495164747767514e-05,1.4495164747767514e-05,0.9506385631848621,weekday_oriented
Halsted St & Maxwell St,6559.0,1695.0,0.002114234416022925,0.0014040708943973015,41.864883,-87.64707099999998,8254.0,-0.0007101635216256233,0.0007101635216256233,0.6641038570049557,weekday_oriented
Halsted St & Melrose St,278.0,112.0,8.961078939691617e-05,9.277636588347951e-05,41.94112,-87.64907000000001,390.0,3.1655764865633483e-06,-3.1655764865633483e-06,1.0353254466612882,weekend_oriented
Halsted St & North Branch St,870.0,217.0,0.0002804366430766801,0.00017975420889924156,41.89939028549696,-87.64854490756989,1087.0,-0.00010068243417743852,0.00010068243417743852,0.640981028535071,weekday_oriented
Halsted St & Polk St,7849.0,1880.0,0.0025300542661021402,0.0015573175701869776,41.87184,-87.64664,9729.0,-0.0009727366959151626,0.0009727366959151626,0.6155274910599947,weekday_oriented
Halsted St & Roosevelt Rd,4419.0,853.0,0.0014244247422481027,0.0007065914294518573,41.867324,-87.648625,5272.0,-0.0007178333127962454,0.0007178333127962454,0.4960542403120829,weekday_oriented
Halsted St & Roscoe St,9475.0,4982.0,0.0030541806817833837,0.00412689156099549,41.943667741716816,-87.64895781893892,14457.0,0.0010727108792121065,-0.0010727108792121065,1.3512269376803199,weekend_oriented
Halsted St & Willow St,5938.0,2513.0,0.001914060674240605,0.0020816697095105714,41.913865,-87.648755,8451.0,0.0001676090352699664,-0.0001676090352699664,1.0875672072251614,weekend_oriented
Halsted St & Wrightwood Ave,9224.0,4503.0,0.0029732730985509164,0.003730106924761681,41.929143,-87.64907700000002,13727.0,0.0007568338262107645,-0.0007568338262107645,1.2545455955707623,weekend_oriented
Hamilton Park,38.0,20.0,1.22489568240389e-05,1.6567208193478485e-05,41.76252,-87.63734000000001,58.0,4.318251369439585e-06,-4.318251369439585e-06,1.3525115583236662,weekend_oriented
Hamlin Ave & Grand Ave,83.0,37.0,2.6754300431453388e-05,3.0649335157935196e-05,41.904034463325004,-87.72156312600833,120.0,3.8950347264818075e-06,-3.8950347264818075e-06,1.145579928599973,weekend_oriented
Hampden Ct & Diversey Ave,1797.0,730.0,0.0005792467213894185,0.0006047030990619646,41.9325593,-87.6423847,2527.0,2.5456377672546104e-05,-2.5456377672546104e-05,1.04394730739982,weekend_oriented
Hampden Ct & Diversey Pkwy,2881.0,1451.0,0.0009286643318435808,0.001201950954436864,41.93247,-87.64242,4332.0,0.0002732866225932832,-0.0002732866225932832,1.2942789110591177,weekend_oriented
Harding Ave & 26th St,89.0,31.0,2.8688346245775317e-05,2.5679172699891652e-05,41.844218,-87.723347,120.0,-3.0091735458836654e-06,3.0091735458836654e-06,0.8951118118863798,weekday_oriented
Harding Ave & 31st St,42.0,10.0,1.3538320700253522e-05,8.283604096739242e-06,41.83672,-87.72303000000001,52.0,-5.2547166035142795e-06,5.2547166035142795e-06,0.6118921532440039,weekday_oriented
Harding Ave & Chicago Ave,107.0,17.0,3.4490483688741115e-05,1.4082126964456711e-05,41.895313,-87.724738,124.0,-2.0408356724284404e-05,2.0408356724284404e-05,0.4083073691913635,weekday_oriented
Harding Ave & Division St,98.0,38.0,3.158941496725821e-05,3.147769556760912e-05,41.9023453,-87.7250744,136.0,-1.1171939964909055e-07,1.1171939964909055e-07,0.9964635032567669,weekday_oriented
Harlem Ave & Bloomingdale Ave,103.0,35.0,3.3201119812526494e-05,2.899261433858735e-05,41.91203,-87.80577,138.0,-4.208505473939145e-06,4.208505473939145e-06,0.873245880151563,weekday_oriented
Harlem Ave & Grace St,32.0,25.0,1.0314911009716969e-05,2.0709010241848105e-05,41.94894,-87.80683,57.0,1.0394099232131136e-05,-1.0394099232131136e-05,2.0075793812432576,weekend_oriented
Harlem Ave & Irving Park Rd,119.0,72.0,3.8358575317384974e-05,5.9641949496522545e-05,41.95326,-87.80714,191.0,2.128337417913757e-05,-2.128337417913757e-05,1.5548386290265241,weekend_oriented
Harper Ave & 55th St,331.0,131.0,0.00010669486075675989,0.00010851521366728408,41.7953,-87.58833,462.0,1.820352910524188e-06,-1.820352910524188e-06,1.0170611389946433,weekend_oriented
Harper Ave & 59th St,1704.0,515.0,0.0005492690112674285,0.00042660561098207097,41.78794281287001,-87.58831517019999,2219.0,-0.00012266340028535755,0.00012266340028535755,0.7766792328561422,weekday_oriented
Hastings LWS,227.0,167.0,7.317139997517975e-05,0.00013833618841554534,41.863516399999995,-87.6797485,394.0,6.51647884403656e-05,-6.51647884403656e-05,1.8905651374352848,weekend_oriented
Hermitage Ave & Polk St,4822.0,606.0,0.0015543281527767257,0.0005019864082623981,41.871514,-87.669886,5428.0,-0.0010523417445143276,0.0010523417445143276,0.322960813908447,weekday_oriented
Higgins Ave & Austin Ave,156.0,78.0,5.028519117237022e-05,6.461211195456608e-05,41.97342,-87.77865,234.0,1.4326920782195863e-05,-1.4326920782195863e-05,1.2849076545305702,weekend_oriented
Homan Ave & 26th St,66.0,35.0,2.127450395754125e-05,2.899261433858735e-05,41.84425,-87.70983,101.0,7.7181103810461e-06,-7.7181103810461e-06,1.3627698030772315,weekend_oriented
Homan Ave & Arthington Ave,60.0,20.0,1.9340458143219316e-05,1.6567208193478485e-05,41.86963,-87.71055,80.0,-2.7732499497408318e-06,2.7732499497408318e-06,0.8566162939109598,weekday_oriented
Homan Ave & Fillmore St,61.0,10.0,1.9662799112272972e-05,8.283604096739242e-06,41.868114,-87.71092569999999,71.0,-1.137919501553373e-05,1.137919501553373e-05,0.42131248643444935,weekday_oriented
Homewood Ave & 115th St,30.0,24.0,9.670229071609658e-06,1.988064983217418e-05,41.68459507202618,-87.67070800065994,54.0,1.0210420760564523e-05,-1.0210420760564523e-05,2.055752137082316,weekend_oriented
Honore St & Division St,7017.0,2983.0,0.002261866579849499,0.002470999102057316,41.903119,-87.673935,10000.0,0.00020913252220781681,-0.00020913252220781681,1.0924601086601773,weekend_oriented
Houston Ave & 92nd St,68.0,36.0,2.1919185895648557e-05,2.9820974748261272e-05,41.72820421535798,-87.54970014095306,104.0,7.901788852612716e-06,-7.901788852612716e-06,1.3604800109921205,weekend_oriented
Hoyne Ave & 34th St,180.0,96.0,5.8021374429657946e-05,7.952259932869673e-05,41.8320245,-87.6778387,276.0,2.150122489903878e-05,-2.150122489903878e-05,1.370567821644481,weekend_oriented
Hoyne Ave & 47th St,394.0,147.0,0.00012700234180714018,0.00012176898022206686,41.808227,-87.67718,541.0,-5.2333615850733205e-06,5.2333615850733205e-06,0.958793512748504,weekday_oriented
Hoyne Ave & Balmoral Ave,1412.0,784.0,0.00045514544830376125,0.0006494345611843565,41.979851,-87.681932,2196.0,0.00019428911288059528,-0.00019428911288059528,1.4268716445106218,weekend_oriented
Hudson Ave & Armitage Ave,1347.0,706.0,0.00043419328531527367,0.0005848224492297904,41.91818,-87.63999999999999,2053.0,0.00015062916391451678,-0.00015062916391451678,1.3469165049124106,weekend_oriented
Humboldt Blvd & Armitage Ave,2995.0,1496.0,0.0009654112023156975,0.0012392271728721906,41.91751339399,-87.70180895549998,4491.0,0.0002738159705564931,-0.0002738159705564931,1.2836259681612694,weekend_oriented
Hyacinth Ave & Milwaukee Ave,214.0,83.0,6.898096737748223e-05,6.875391400293571e-05,41.99282,-87.78377,297.0,-2.2705337454651876e-07,2.2705337454651876e-07,0.9967085111779425,weekday_oriented
Indiana Ave & 103rd St,56.0,30.0,1.8051094267004695e-05,2.4850812290217725e-05,41.70717027117756,-87.6184719800949,86.0,6.799718023213031e-06,-6.799718023213031e-06,1.376671976261582,weekend_oriented
Indiana Ave & 26th St,1816.0,650.0,0.000585371199801438,0.0005384342662880507,41.845687,-87.622481,2466.0,-4.693693351338728e-05,4.693693351338728e-05,0.9198169412054269,weekday_oriented
Indiana Ave & 31st St,1480.0,577.0,0.0004770646341994098,0.0004779639563818543,41.838842,-87.621857,2057.0,8.993221824444664e-07,-8.993221824444664e-07,1.0018851120641998,weekend_oriented
Indiana Ave & 40th St,215.0,98.0,6.930330834653588e-05,8.117932014804457e-05,41.821679964801916,-87.62159931493291,313.0,1.1876011801508683e-05,-1.1876011801508683e-05,1.1713603682779166,weekend_oriented
Indiana Ave & Roosevelt Rd,13985.0,6983.0,0.004507938452215369,0.005784440740753013,41.86788801019692,-87.6230410031074,20968.0,0.001276502288537644,-0.001276502288537644,1.2831675762438033,weekend_oriented
Jefferson St & Monroe St,4618.0,1453.0,0.00148857059508978,0.0012036076752562118,41.880329633634624,-87.64274597167967,6071.0,-0.0002849629198335682,0.0002849629198335682,0.808566198109953,weekday_oriented
Jeffery Blvd & 67th St,319.0,148.0,0.00010282676912811604,0.00012259734063174078,41.77351755125,-87.5771428255,467.0,1.9770571503624748e-05,-1.9770571503624748e-05,1.19226879734201,weekend_oriented
Jeffery Blvd & 71st St,281.0,140.0,9.057781230407714e-05,0.0001159704573543494,41.76663823695,-87.57645011409998,421.0,2.539264505027226e-05,-2.539264505027226e-05,1.2803375801067916,weekend_oriented
Jeffery Blvd & 76th St,49.0,23.0,1.5794707483629106e-05,1.9052289422500258e-05,41.75712006802,-87.5758393587,72.0,3.2575819388711516e-06,-3.2575819388711516e-06,1.20623210085698,weekend_oriented
Karlov Ave & Armitage Ave,754.0,159.0,0.00024304509066645606,0.00013170930513815396,41.91748,-87.72895199999999,913.0,-0.0001113357855283021,0.0001113357855283021,0.5419149297032158,weekday_oriented
Karlov Ave & Lawrence Ave,356.0,131.0,0.00011475338498310127,0.00010851521366728408,41.967947,-87.730409,487.0,-6.238171315817195e-06,6.238171315817195e-06,0.9456389285974925,weekday_oriented
Karlov Ave & Madison St,34.0,19.0,1.0959592947824278e-05,1.573884778380456e-05,41.88085,-87.727907,53.0,4.779254835980283e-06,-4.779254835980283e-06,1.436039807219461,weekend_oriented
Kedvale Ave & Peterson Ave,106.0,53.0,3.4168142719687457e-05,4.390310171271798e-05,41.9900762,-87.7317073,159.0,9.734958993030527e-06,-9.734958993030527e-06,1.2849049820445588,weekend_oriented
Kedzie Ave & 21st St,408.0,181.0,0.00013151511537389134,0.00014993323415098028,41.85353363213,-87.7050730318,589.0,1.841811877708894e-05,-1.841811877708894e-05,1.1400445772347174,weekend_oriented
Kedzie Ave & 24th St,79.0,42.0,2.5464936555238766e-05,3.4791137206304816e-05,41.848192999999995,-87.70541199999998,121.0,9.32620065106605e-06,-9.32620065106605e-06,1.366222566793739,weekend_oriented
Kedzie Ave & 38th Pl,55.0,13.0,1.772875329795104e-05,1.0768685325761014e-05,41.8235109,-87.7041017,68.0,-6.960067972190025e-06,6.960067972190025e-06,0.607435712430676,weekday_oriented
Kedzie Ave & 48th Pl,533.0,186.0,0.00017180773650559827,0.0001540750361993499,41.8047581237684,-87.70421936879356,719.0,-1.773270030624836e-05,1.773270030624836e-05,0.8967881339045262,weekday_oriented
Kedzie Ave & 52nd St,65.0,20.0,2.0952162988487594e-05,1.6567208193478485e-05,41.79906,-87.70342,85.0,-4.384954795009109e-06,4.384954795009109e-06,0.790725877643468,weekday_oriented
Kedzie Ave & 54th Pl,126.0,54.0,4.0614962100760565e-05,4.473146212239191e-05,41.793637538888895,-87.70345380555557,180.0,4.116500021631345e-06,-4.116500021631345e-06,1.1013517791704424,weekend_oriented
Kedzie Ave & 57th St,407.0,149.0,0.0001311927744048377,0.0001234257010414147,41.78983,-87.7031,556.0,-7.767073363422998e-06,7.767073363422998e-06,0.9407969364502361,weekday_oriented
Kedzie Ave & 60th St,119.0,54.0,3.8358575317384974e-05,4.473146212239191e-05,41.78458,-87.70319,173.0,6.372886805006936e-06,-6.372886805006936e-06,1.166135489047468,weekend_oriented
Kedzie Ave & 66th Pl,65.0,16.0,2.0952162988487594e-05,1.3253766554782788e-05,41.772584,-87.703007,81.0,-7.698396433704806e-06,7.698396433704806e-06,0.6325902472130545,weekday_oriented
Kedzie Ave & 83rd St,35.0,17.0,1.1281933916877934e-05,1.4082126964456711e-05,41.742523,-87.702279,52.0,2.8001930475787774e-06,-2.8001930475787774e-06,1.2481795132549718,weekend_oriented
Kedzie Ave & Archer Ave,127.0,53.0,4.093730306981422e-05,4.390310171271798e-05,41.81447,-87.70411,180.0,2.965798642903766e-06,-2.965798642903766e-06,1.0724455685875898,weekend_oriented
Kedzie Ave & Armitage Ave,564.0,232.0,0.00018180030654626157,0.00019217961504435041,41.91759,-87.70685,796.0,1.037930849808884e-05,-1.037930849808884e-05,1.0570914956293105,weekend_oriented
Kedzie Ave & Bryn Mawr Ave,634.0,259.0,0.00020436417438001744,0.00021454534610554636,41.982229759115164,-87.70888656377792,893.0,1.0181171725528928e-05,-1.0181171725528928e-05,1.0498185258638881,weekend_oriented
Kedzie Ave & Chicago Ave,508.0,223.0,0.00016374921227925687,0.0001847243713572851,41.89546530305,-87.7061278837,731.0,2.0975159078028238e-05,-2.0975159078028238e-05,1.1280924084681951,weekend_oriented
Kedzie Ave & Foster Ave,775.0,280.0,0.00024981425101658285,0.0002319409147086988,41.975672,-87.709261,1055.0,-1.7873336307884058e-05,1.7873336307884058e-05,0.9284537824045913,weekday_oriented
Kedzie Ave & George St,1020.0,452.0,0.00032878778843472835,0.00037441890517261374,41.933886,-87.707262,1472.0,4.563111673788539e-05,-4.563111673788539e-05,1.1387855010358547,weekend_oriented
Kedzie Ave & Harrison St,93.0,27.0,2.997771012198994e-05,2.2365731061195955e-05,41.87359967462,-87.7048707493,120.0,-7.611979060793984e-06,7.611979060793984e-06,0.7460871722025673,weekday_oriented
Kedzie Ave & Jackson Blvd,93.0,49.0,2.997771012198994e-05,4.058966007402228e-05,41.877161,-87.706134,142.0,1.0611949952032344e-05,-1.0611949952032344e-05,1.3539828734742088,weekend_oriented
Kedzie Ave & Lake St,336.0,128.0,0.00010830656560202817,0.0001060301324382623,41.88460328501,-87.70630374359999,464.0,-2.276433163765873e-06,2.276433163765873e-06,0.978981771484639,weekday_oriented
Kedzie Ave & Leland Ave,1400.0,564.0,0.0004512773566751174,0.00046719527105609326,41.96668636205,-87.7080519806,1964.0,1.5917914380975888e-05,-1.5917914380975888e-05,1.035272939961611,weekend_oriented
Kedzie Ave & Milwaukee Ave,6896.0,3600.0,0.002222863322594007,0.002982097474826127,41.929083085060974,-87.70802510914633,10496.0,0.0007592341522321203,-0.0007592341522321203,1.3415566773531729,weekend_oriented
Kedzie Ave & Palmer Ct,2911.0,1303.0,0.0009383345609151905,0.0010793536138051232,41.921525,-87.707322,4214.0,0.0001410190528899327,-0.0001410190528899327,1.1502863780973962,weekend_oriented
Kedzie Ave & Redfield Dr,71.0,17.0,2.2886208802809523e-05,1.4082126964456711e-05,41.76523,-87.70316,88.0,-8.804081838352812e-06,8.804081838352812e-06,0.6153274121712883,weekday_oriented
Kedzie Ave & Roosevelt Rd,91.0,29.0,2.9333028183882628e-05,2.4022451880543802e-05,41.86649278172,-87.7064961757,120.0,-5.3105763033388265e-06,5.3105763033388265e-06,0.8189619144684437,weekday_oriented
Keeler Ave & Carmen Ave,223.0,155.0,7.188203609896513e-05,0.00012839586349945825,41.974323,-87.7331,378.0,5.6513827400493123e-05,-5.6513827400493123e-05,1.7861914363590259,weekend_oriented
Keeler Ave & Roosevelt Rd,52.0,8.0,1.6761730390790073e-05,6.626883277391394e-06,41.866402,-87.7300171,60.0,-1.0134847113398679e-05,1.0134847113398679e-05,0.395394015346864,weekday_oriented
Kenmore Ave & School St,133.0,86.0,4.287134888413615e-05,7.123899523195749e-05,41.94166,-87.6556,219.0,2.8367646347821335e-05,-2.8367646347821335e-05,1.6616769802952895,weekend_oriented
Kenneth Ave & Lawrence Ave,432.0,181.0,0.00013925129863117907,0.00014993323415098028,41.967943,-87.739983,613.0,1.0681935519801208e-05,-1.0681935519801208e-05,1.0767092222160954,weekend_oriented
Kenosha Ave & Wellington Ave,230.0,84.0,7.413842288234072e-05,6.958227441260963e-05,41.934457,-87.733795,314.0,-4.556148469731086e-06,4.556148469731086e-06,0.9385462107391678,weekday_oriented
Kenton Ave & Madison St,47.0,11.0,1.5150025545521797e-05,9.111964506413166e-06,41.88042,-87.74107999999998,58.0,-6.038061039108632e-06,6.038061039108632e-06,0.6014750934867702,weekday_oriented
Kenwood Ave & 57th St,182.0,58.0,5.8666056367765257e-05,4.8044903761087604e-05,41.79153999999999,-87.59295,240.0,-1.0621152606677653e-05,1.0621152606677653e-05,0.818958828612484,weekday_oriented
Keystone Ave & Fullerton Ave,942.0,234.0,0.00030364519284854324,0.00019383633586369825,41.92459,-87.72785,1176.0,-0.00010980885698484499,0.00010980885698484499,0.6383657705215591,weekday_oriented
Keystone Ave & Montrose Ave,777.0,234.0,0.0002504589329546901,0.00019383633586369825,41.96110801623001,-87.7289701012,1011.0,-5.662259709099187e-05,5.662259709099187e-05,0.773925528035515,weekday_oriented
Kilbourn Ave & 49th St,65.0,7.0,2.0952162988487594e-05,5.79852286771747e-06,41.80385,-87.73566,72.0,-1.5153640120770123e-05,1.5153640120770123e-05,0.2767850787446235,weekday_oriented
Kilbourn Ave & Belden Ave,466.0,166.0,0.00015021089157900335,0.00013750782800587142,41.922369,-87.739024,632.0,-1.2703063573131924e-05,1.2703063573131924e-05,0.9154323706359107,weekday_oriented
Kilbourn Ave & Diversey Ave,301.0,133.0,9.702463168515023e-05,0.00011017193448663192,41.93179,-87.73934,434.0,1.3147302801481685e-05,-1.3147302801481685e-05,1.1355033981550864,weekend_oriented
Kilbourn Ave & Irving Park Rd,469.0,103.0,0.00015117791448616432,8.532112219641419e-05,41.953733,-87.740569,572.0,-6.585679228975012e-05,6.585679228975012e-05,0.5643784550670442,weekday_oriented
Kilbourn Ave & Milwaukee Ave,331.0,71.0,0.00010669486075675989,5.881358908684862e-05,41.94761930237381,-87.74001627636491,402.0,-4.788127166991127e-05,4.788127166991127e-05,0.5512359024023556,weekday_oriented
Kilbourn Ave & Roscoe St,269.0,104.0,8.670972067543327e-05,8.614948260608811e-05,41.942722,-87.739557,373.0,-5.602380693451567e-07,5.602380693451567e-07,0.9935389988114367,weekday_oriented
Kildare Ave & 26th St,62.0,13.0,1.9985140081326627e-05,1.0768685325761014e-05,41.84431738489837,-87.73233669396876,75.0,-9.216454755565613e-06,9.216454755565613e-06,0.5388576924777639,weekday_oriented
Kildare Ave & 47th St,59.0,9.0,1.901811717416566e-05,7.455243687065318e-06,41.80762,-87.73084,68.0,-1.1562873487100344e-05,1.1562873487100344e-05,0.3920394211143195,weekday_oriented
Kildare Ave & 55th St,39.0,19.0,1.2571297793092555e-05,1.573884778380456e-05,41.79332,-87.73059,58.0,3.1675499907120058e-06,-3.1675499907120058e-06,1.2519467835428073,weekend_oriented
Kildare Ave & Archer Ave,42.0,11.0,1.3538320700253522e-05,9.111964506413166e-06,41.80034,-87.73079,53.0,-4.426356193840356e-06,4.426356193840356e-06,0.6730739826734828,weekday_oriented
Kildare Ave & Chicago Ave,79.0,15.0,2.5464936555238766e-05,1.2425406145108863e-05,41.8954357,-87.73348179999999,94.0,-1.3039530410129904e-05,1.3039530410129904e-05,0.48796187480301195,weekday_oriented
Kildare Ave & Division St,119.0,29.0,3.8358575317384974e-05,2.4022451880543802e-05,41.902393,-87.733598,148.0,-1.4336123436841172e-05,1.4336123436841172e-05,0.6262700168543345,weekday_oriented
Kildare Ave & Montrose Ave,410.0,165.0,0.00013215979731199867,0.0001366794675961975,41.96108,-87.73569,575.0,4.519670284198834e-06,-4.519670284198834e-06,1.0341982673843062,weekend_oriented
Kildare Ave & North Ave,233.0,86.0,7.510544578950167e-05,7.123899523195749e-05,41.9095392,-87.7338518,319.0,-3.8664505575441885e-06,3.8664505575441885e-06,0.9485203897361811,weekday_oriented
Kilpatrick Ave & Grand Ave,251.0,58.0,8.090758323246747e-05,4.8044903761087604e-05,41.912732,-87.743636,309.0,-3.286267947137986e-05,3.286267947137986e-05,0.5938295028976291,weekday_oriented
Kilpatrick Ave & Parker Ave,134.0,50.0,4.319368985318981e-05,4.141802048369621e-05,41.930736,-87.744082,184.0,-1.775669369493599e-06,1.775669369493599e-06,0.9588914893120255,weekday_oriented
Kimball Ave & Belmont Ave,2818.0,1037.0,0.0009083568507932006,0.0008590097448318594,41.93939395344302,-87.71206766366959,3855.0,-4.9347105961341196e-05,4.9347105961341196e-05,0.9456743772091031,weekday_oriented
Kimbark Ave & 53rd St,9671.0,3557.0,0.0031173595117179,0.0029464779772101486,41.7994549,-87.59477789999998,13228.0,-0.00017088153450775133,0.00017088153450775133,0.9451839035410176,weekday_oriented
Kingsbury St & Erie St,14745.0,4339.0,0.004752917588696147,0.003594255817575157,41.8939139,-87.6417358,19084.0,-0.00115866177112099,0.00115866177112099,0.7562209935855766,weekday_oriented
Kingsbury St & Kinzie St,31094.0,8919.0,0.010022870091754357,0.00738814649388173,41.889172621529056,-87.63849963502554,40013.0,-0.0026347235978726275,0.0026347235978726275,0.7371288552199211,weekday_oriented
Kingsbury St & Kinzie St 1,513.0,106.0,0.00016536091712452514,8.780620342543597e-05,41.889070000000004,-87.63835,619.0,-7.755471369908918e-05,7.755471369908918e-05,0.531000153797885,weekday_oriented
Kingsbury St & Kinzie St 2,282.0,74.0,9.090015327313079e-05,6.129867031587039e-05,41.889188,-87.638387,356.0,-2.9601482957260396e-05,2.9601482957260396e-05,0.6743552541262399,weekday_oriented
Knox Ave & Marquette Ave,46.0,31.0,1.4827684576468142e-05,2.5679172699891652e-05,41.77114,-87.73774,77.0,1.085148812342351e-05,-1.085148812342351e-05,1.7317903396936432,weekend_oriented
Knox Ave & Montrose Ave,676.0,220.0,0.00021790249508027096,0.00018223929012826332,41.960631,-87.745359,896.0,-3.5663204952007636e-05,3.5663204952007636e-05,0.8363348649416106,weekday_oriented
Komensky Ave & 31st St,159.0,13.0,5.1252214079531185e-05,1.0768685325761014e-05,41.836708,-87.725641,172.0,-4.048352875377017e-05,4.048352875377017e-05,0.21012702362527672,weekday_oriented
Komensky Ave & 47th St,119.0,24.0,3.8358575317384974e-05,1.988064983217418e-05,41.80769,-87.72472,143.0,-1.8477925485210792e-05,1.8477925485210792e-05,0.5182969224157078,weekday_oriented
Kosciuszko Park,1578.0,684.0,0.000508654049166668,0.0005665985202169642,41.93058537138,-87.7237773635,2262.0,5.7944471050296194e-05,-5.7944471050296194e-05,1.1139170271586352,weekend_oriented
Kostner Ave & 63rd St,133.0,31.0,4.287134888413615e-05,2.5679172699891652e-05,41.77875,-87.73246,164.0,-1.7192176184244498e-05,1.7192176184244498e-05,0.5989915031082881,weekday_oriented
Kostner Ave & Adams St,55.0,16.0,1.772875329795104e-05,1.3253766554782788e-05,41.877917,-87.735737,71.0,-4.4749867431682515e-06,4.4749867431682515e-06,0.7476001685998976,weekday_oriented
Kostner Ave & Belmont Ave,219.0,108.0,7.05926722227505e-05,8.946292424478382e-05,41.939191,-87.737112,327.0,1.8870252022033316e-05,-1.8870252022033316e-05,1.267307981407885,weekend_oriented
Kostner Ave & Bryn Mawr Ave,195.0,158.0,6.285648896546277e-05,0.00013088094472848004,41.982765,-87.738094,353.0,6.802445576301726e-05,-6.802445576301726e-05,2.0822012918841457,weekend_oriented
Kostner Ave & Devon Ave,148.0,82.0,4.770646341994098e-05,6.792555359326178e-05,41.997032,-87.73837,230.0,2.02190901733208e-05,-2.02190901733208e-05,1.4238139847290547,weekend_oriented
Kostner Ave & Lake St,48.0,13.0,1.5472366514575454e-05,1.0768685325761014e-05,41.885928,-87.73541,61.0,-4.70368118881444e-06,4.70368118881444e-06,0.6960143622020645,weekday_oriented
Kostner Ave & Wrightwood Ave,471.0,151.0,0.00015182259642427162,0.00012508242186076254,41.927957,-87.735952,622.0,-2.674017456350908e-05,2.674017456350908e-05,0.8238733952212306,weekday_oriented
La Villita Park,63.0,34.0,2.0307481050380283e-05,2.8164253928913422e-05,41.83925,-87.70202,97.0,7.85677287853314e-06,-7.85677287853314e-06,1.3868715173253205,weekend_oriented
LaSalle Dr & Huron St,6957.0,2841.0,0.0022425261217062795,0.002353371923883619,41.894877,-87.632326,9798.0,0.00011084580217733935,-0.00011084580217733935,1.0494289683743043,weekend_oriented
LaSalle St & Adams St,4385.0,847.0,0.0014134651493002783,0.0007016212669938138,41.87934437346,-87.6319852213,5232.0,-0.0007118438823064645,0.0007118438823064645,0.49638420229670493,weekday_oriented
LaSalle St & Adams St Corral,608.0,25.0,0.0001959833091846224,2.0709010241848105e-05,41.87937994371794,-87.63207985027061,633.0,-0.0001752742989427743,0.0001752742989427743,0.1056717771336415,weekday_oriented
LaSalle St & Calhoun Pl,1898.0,202.0,0.0006118031592638376,0.00016732880275413268,41.882664,-87.63253000000002,2100.0,-0.00044447435650970494,0.00044447435650970494,0.2735022314256162,weekday_oriented
LaSalle St & Calhoun Pl Corral,641.0,32.0,0.000206620561163393,2.6507533109565575e-05,41.88288,-87.63251,673.0,-0.00018011302805382744,0.00018011302805382744,0.1282950964086611,weekday_oriented
LaSalle St & Illinois St,14260.0,5252.0,0.004596582218705124,0.00435054887160745,41.890762,-87.631697,19512.0,-0.00024603334709767406,0.00024603334709767406,0.9464747323410838,weekday_oriented
LaSalle St & Jackson Blvd,13930.0,876.0,0.004490209698917418,0.0007256437188743576,41.878166,-87.631929,14806.0,-0.0037645659800430607,0.0037645659800430607,0.16160593957190234,weekday_oriented
LaSalle St & Jackson Blvd Corral,1164.0,67.0,0.00037520488797845473,5.5500147448152924e-05,41.87816,-87.63204,1231.0,-0.0003197047405303018,0.0003197047405303018,0.14792184564902122,weekday_oriented
LaSalle St & Washington St,5916.0,922.0,0.0019069691729214245,0.0007637482977193581,41.88282761288388,-87.63241016237205,6838.0,-0.0011432208752020663,0.0011432208752020663,0.4005040606111399,weekday_oriented
LaSalle St & Washington St Corral,441.0,12.0,0.00014215236735266198,9.94032491608709e-06,41.88288,-87.63251,453.0,-0.00013221204243657488,0.00013221204243657488,0.06993379827172226,weekday_oriented
LaSalle St & Washington St Corral N,464.0,45.0,0.00014956620964089604,3.727621843532659e-05,41.88288,-87.63251,509.0,-0.00011228999120556945,0.00011228999120556945,0.24923389641905785,weekday_oriented
Laflin St & Cullerton St,1914.0,712.0,0.0006169606147686962,0.0005897926116878341,41.85491457576575,-87.66355991363525,2626.0,-2.7168003080862112e-05,2.7168003080862112e-05,0.9559648405500112,weekday_oriented
Lake Park Ave & 35th St,1411.0,718.0,0.00045482310733470756,0.0005947627741458776,41.83127423549,-87.6087991946,2129.0,0.00013993966681117003,-0.00013993966681117003,1.307678648854441,weekend_oriented
Lake Park Ave & 47th St,1513.0,626.0,0.0004877018861781804,0.0005185536164558765,41.809443,-87.591875,2139.0,3.0851730277696096e-05,-3.0851730277696096e-05,1.063259273529139,weekend_oriented
Lake Park Ave & 53rd St,4826.0,1898.0,0.0015556175166529403,0.0015722280575611082,41.79949429373001,-87.5864498959,6724.0,1.6610540908167885e-05,-1.6610540908167885e-05,1.0106777726867813,weekend_oriented
Lake Park Ave & 56th St,5324.0,1323.0,0.0017161433192416607,0.0010959208219986018,41.791661314578,-87.58748949571235,6647.0,-0.0006202224972430589,0.0006202224972430589,0.6385953731926658,weekday_oriented
Lakefront Trail & Bryn Mawr Ave,6778.0,5157.0,0.0021848270882456754,0.004271854632688427,41.98404411519213,-87.65228122472763,11935.0,0.0020870275444427517,-0.0020870275444427517,1.9552365038104884,weekend_oriented
Lakefront Trail & Wilson Ave,4062.0,3072.0,0.0013093490162959477,0.0025447231785182952,41.9668559,-87.6430926,7134.0,0.0012353741622223476,-0.0012353741622223476,1.9435018496560055,weekend_oriented
Lakeview Ave & Fullerton Pkwy,10132.0,5140.0,0.0032659586984516353,0.0042577725057239705,41.925858,-87.638973,15272.0,0.0009918138072723352,-0.0009918138072723352,1.3036821941625754,weekend_oriented
Lamon Ave & 47th St,35.0,19.0,1.1281933916877934e-05,1.573884778380456e-05,41.80781,-87.74569,54.0,4.4569138669266275e-06,-4.4569138669266275e-06,1.3950137348814575,weekend_oriented
Lamon Ave & Armitage Ave,97.0,16.0,3.126707399820456e-05,1.3253766554782788e-05,41.91676,-87.749458,113.0,-1.8013307443421773e-05,1.8013307443421773e-05,0.42390735532811796,weekday_oriented
Lamon Ave & Belmont Ave,158.0,48.0,5.092987311047753e-05,3.976129966434836e-05,41.9390108,-87.7492834,206.0,-1.116857344612917e-05,1.116857344612917e-05,0.7807111332667972,weekday_oriented
Lamon Ave & Chicago Ave,58.0,27.0,1.8695776205112005e-05,2.2365731061195955e-05,41.8950179,-87.7484986,85.0,3.6699548560839496e-06,-3.6699548560839496e-06,1.1962881095555138,weekend_oriented
Laramie Ave & Addison St,162.0,66.0,5.2219236986692155e-05,5.4671787038479e-05,41.9456842,-87.75693440000002,228.0,2.452550051786843e-06,-2.452550051786843e-06,1.0469655097967452,weekend_oriented
Laramie Ave & Bloomingdale Ave,184.0,35.0,5.931073830587257e-05,2.899261433858735e-05,41.91432,-87.75572,219.0,-3.031812396728522e-05,3.031812396728522e-05,0.4888343381383687,weekday_oriented
Laramie Ave & Irving Park Rd,250.0,157.0,8.058524226341381e-05,0.0001300525843188061,41.9533354,-87.75838439999998,407.0,4.946734205539228e-05,-4.946734205539228e-05,1.6138435130614157,weekend_oriented
Laramie Ave & Kinzie St,95.0,26.0,3.062239206009725e-05,2.1537370651522028e-05,41.887832,-87.75552699999999,121.0,-9.085021408575222e-06,9.085021408575222e-06,0.7033306633456472,weekday_oriented
Laramie Ave & Madison St,59.0,16.0,1.901811717416566e-05,1.3253766554782788e-05,41.880207,-87.755337,75.0,-5.764350619382873e-06,5.764350619382873e-06,0.6969180763441116,weekday_oriented
Larrabee St & Armitage Ave,5110.0,2547.0,0.0016471623518641784,0.002109833963439485,41.918084,-87.643749,7657.0,0.0004626716115753067,-0.0004626716115753067,1.280889937875122,weekend_oriented
Larrabee St & Chicago Ave,103.0,38.0,3.3201119812526494e-05,3.147769556760912e-05,41.89677,-87.6386,141.0,-1.7234242449173711e-06,1.7234242449173711e-06,0.9480929454309373,weekday_oriented
Larrabee St & Clybourn Ave,800.0,236.0,0.0002578727752429242,0.00019549305668304612,41.9066,-87.64322,1036.0,-6.237971855987807e-05,6.237971855987807e-05,0.758099797076633,weekday_oriented
Larrabee St & Division St,6613.0,2566.0,0.002131640828351822,0.0021255728112232895,41.9034860737611,-87.64335349093417,9179.0,-6.068017128532666e-06,6.068017128532666e-06,0.9971533598900972,weekday_oriented
Larrabee St & Kingsbury St,15621.0,2597.0,0.005035288277587149,0.002151251983923181,41.897764,-87.642884,18218.0,-0.002884036293663968,0.002884036293663968,0.4272352322435059,weekday_oriented
Larrabee St & Kingsbury St 1,1315.0,135.0,0.0004238783743055567,0.00011182865530597977,41.89777797048414,-87.64288463116276,1450.0,-0.0003120497189995769,0.0003120497189995769,0.2638242436051312,weekday_oriented
Larrabee St & Kingsbury St 2,799.0,56.0,0.00025755043427387055,4.638818294173976e-05,41.89758,-87.6429,855.0,-0.0002111622513321308,0.0002111622513321308,0.1801161895002737,weekday_oriented
Larrabee St & Menomonee St,3894.0,1372.0,0.0012551957334949336,0.001136510482072624,41.91468,-87.64332,5266.0,-0.0001186852514223095,0.0001186852514223095,0.905444900982298,weekday_oriented
Larrabee St & North Ave,3778.0,1456.0,0.0012178041810847096,0.0012060927564852336,41.91021,-87.6435,5234.0,-1.1711424599475991e-05,1.1711424599475991e-05,0.9903831706570303,weekday_oriented
Larrabee St & Oak St,5210.0,1642.0,0.001679396448769544,0.0013601677926845836,41.90026748327433,-87.64269324050811,6852.0,-0.0003192286560849604,0.0003192286560849604,0.8099147665617499,weekday_oriented
Larrabee St & Webster Ave,9969.0,5387.0,0.0032134171204958894,0.0044623775269134296,41.921822,-87.64414,15356.0,0.0012489604064175402,-0.0012489604064175402,1.388670368929395,weekend_oriented
Latrobe Ave & Chicago Ave,50.0,28.0,1.6117048452682762e-05,2.319409147086988e-05,41.894745,-87.756895,78.0,7.0770430181871165e-06,-7.0770430181871165e-06,1.4390756758774466,weekend_oriented
Lavergne Ave & Diversey Ave,94.0,76.0,3.0300051091043595e-05,6.295539113521824e-05,41.93128,-87.75141,170.0,3.2655340044174654e-05,-3.2655340044174654e-05,2.077696610129374,weekend_oriented
Lavergne Ave & Division St,91.0,29.0,2.9333028183882628e-05,2.4022451880543802e-05,41.9021077,-87.7508698,120.0,-5.3105763033388265e-06,5.3105763033388265e-06,0.8189619144684437,weekday_oriented
Lavergne Ave & Fullerton Ave,226.0,81.0,7.28490590061261e-05,6.709719318358786e-05,41.924034,-87.751191,307.0,-5.751865822538238e-06,5.751865822538238e-06,0.9210451453161548,weekday_oriented
Lavergne Ave & Lawrence Ave,217.0,78.0,6.994799028464319e-05,6.461211195456608e-05,41.96775000000001,-87.75259000000001,295.0,-5.335878330077102e-06,5.335878330077102e-06,0.9237175789333938,weekday_oriented
Lawler Ave & 50th St,103.0,46.0,3.3201119812526494e-05,3.8104578845000516e-05,41.80217,-87.74893999999999,149.0,4.903459032474023e-06,-4.903459032474023e-06,1.1476851195092683,weekend_oriented
Lawler Ave & North Ave,104.0,20.0,3.3523460781580146e-05,1.6567208193478485e-05,41.90917540000001,-87.7522545,124.0,-1.695625258810166e-05,1.695625258810166e-05,0.4942125184779051,weekday_oriented
Lawndale Ave & 111th St,44.0,40.0,1.4183002638360831e-05,3.313441638695697e-05,41.69131919221066,-87.71288573741913,84.0,1.8951413748596137e-05,-1.8951413748596137e-05,2.3361118318845895,weekend_oriented
Lawndale Ave & 16th St,39.0,22.0,1.2571297793092555e-05,1.822392901282633e-05,41.8591606,-87.7176965,61.0,5.652631219733776e-06,-5.652631219733776e-06,1.4496100325303645,weekend_oriented
Lawndale Ave & 30th St,108.0,63.0,3.481282465779477e-05,5.2186705809457224e-05,41.8389124,-87.7168955,171.0,1.7373881151662457e-05,-1.7373881151662457e-05,1.4990512051588814,weekend_oriented
Lawndale Ave & 59th St,74.0,28.0,2.385323170997049e-05,2.319409147086988e-05,41.78638,-87.71570000000001,102.0,-6.591402391006107e-07,6.591402391006107e-07,0.9723679954519304,weekday_oriented
Le Mai Ave & Devon Ave,52.0,19.0,1.6761730390790073e-05,1.573884778380456e-05,41.99722,-87.75687,71.0,-1.0228826069855116e-06,1.0228826069855116e-06,0.9389787592391563,weekday_oriented
Leamington Ave & Hirsch St,77.0,16.0,2.4820254617131455e-05,1.3253766554782788e-05,41.9058405,-87.7548602,93.0,-1.1566488062348668e-05,1.1566488062348668e-05,0.5340087259583745,weekday_oriented
Leavitt St & Addison St,1751.0,859.0,0.0005644190368129504,0.0007115615919099009,41.946655,-87.683359,2610.0,0.00014714255509695046,-0.00014714255509695046,1.2606969021294927,weekend_oriented
Leavitt St & Archer Ave,716.0,227.0,0.00023079613384241717,0.0001880378129959808,41.82879201994,-87.6806044594,943.0,-4.275832084643639e-05,4.275832084643639e-05,0.8147363438419875,weekday_oriented
Leavitt St & Armitage Ave,3513.0,1631.0,0.001132383824285491,0.0013510558281781705,41.917805,-87.68243699999998,5144.0,0.00021867200389267941,-0.00021867200389267941,1.1931075012689758,weekend_oriented
Leavitt St & Augusta Blvd,646.0,211.0,0.00020823226600866131,0.000174784046441198,41.89962,-87.68194,857.0,-3.34482195674633e-05,3.34482195674633e-05,0.8393713924360575,weekday_oriented
Leavitt St & Belmont Ave,3025.0,1268.0,0.0009750814313873072,0.001050360999466536,41.939354,-87.683282,4293.0,7.527956807922877e-05,-7.527956807922877e-05,1.077203286261782,weekend_oriented
Leavitt St & Chicago Ave,3607.0,1395.0,0.0011626838753765346,0.0011555627714951242,41.895501,-87.682017,5002.0,-7.121103881410325e-06,7.121103881410325e-06,0.9938752932697227,weekday_oriented
Leavitt St & Division St,2871.0,938.0,0.0009254409221530443,0.0007770020642741409,41.90299699999999,-87.683825,3809.0,-0.00014843885787890342,0.00014843885787890342,0.8396021896938062,weekday_oriented
Leavitt St & Hirsch St,454.0,222.0,0.0001463427999503595,0.0001838960109476112,41.90689,-87.68233,676.0,3.755321099725169e-05,-3.755321099725169e-05,1.2566095113697329,weekend_oriented
Leavitt St & Lawrence Ave,2439.0,1061.0,0.0007861896235218652,0.0008788903946640336,41.968885,-87.684001,3500.0,9.270077114216838e-05,-9.270077114216838e-05,1.1179113161219103,weekend_oriented
Leavitt St & North Ave,3718.0,1581.0,0.0011984637229414902,0.0013096378076944742,41.91026962479713,-87.68234483279865,5299.0,0.00011117408475298405,-0.00011117408475298405,1.0927637523448503,weekend_oriented
Leavitt St/North Ave,1395.0,527.0,0.0004496656518298491,0.00043654593589815806,41.910077,-87.68230600000001,1922.0,-1.3119715931691014e-05,1.3119715931691014e-05,0.9708234624953789,weekday_oriented
Leclaire Ave & Belmont Ave,170.0,63.0,5.47979647391214e-05,5.2186705809457224e-05,41.939041,-87.754197,233.0,-2.611258929664174e-06,2.611258929664174e-06,0.9523483893884591,weekday_oriented
Lexington St & California Ave,139.0,58.0,4.480539469845808e-05,4.8044903761087604e-05,41.8719938,-87.6958108,197.0,3.239509062629521e-06,-3.239509062629521e-06,1.0723001501109617,weekend_oriented
Lincoln Ave & Addison St,2732.0,1196.0,0.0008806355274545861,0.0009907190499700133,41.946176,-87.673308,3928.0,0.00011008352251542716,-0.00011008352251542716,1.1250044928679204,weekend_oriented
Lincoln Ave & Balmoral Ave,557.0,185.0,0.000179543919762886,0.00015324667578967599,41.979461,-87.693013,742.0,-2.629724397321001e-05,2.629724397321001e-05,0.8535339011098773,weekday_oriented
Lincoln Ave & Belle Plaine Ave,3354.0,1437.0,0.0010811316102059597,0.001190353908701429,41.95600355078549,-87.68016144633293,4791.0,0.00010922229849546941,-0.00010922229849546941,1.1010258107695616,weekend_oriented
Lincoln Ave & Byron St,2995.0,1390.0,0.0009654112023156975,0.0011514209694467546,41.952372,-87.677296,4385.0,0.00018600976713105714,-0.00018600976713105714,1.192673934185711,weekend_oriented
Lincoln Ave & Dickens Ave,1377.0,712.0,0.0004438635143868833,0.0005897926116878341,41.920120000000004,-87.6416,2089.0,0.00014592909730095076,-0.00014592909730095076,1.3287694613355718,weekend_oriented
Lincoln Ave & Diversey Pkwy,6794.0,3293.0,0.002189984543750534,0.0027277908290562324,41.93222500062526,-87.65861701501092,10087.0,0.0005378062853056984,-0.0005378062853056984,1.2455752673073175,weekend_oriented
Lincoln Ave & Fullerton Ave,11652.0,4908.0,0.003755916971413191,0.00406559289067962,41.924161029067626,-87.64638036489487,16560.0,0.0003096759192664292,-0.0003096759192664292,1.0824501284701677,weekend_oriented
Lincoln Ave & Melrose St,7016.0,2783.0,0.0022615442388804453,0.002305327020122531,41.9406,-87.669435,9799.0,4.37827812420858e-05,-4.37827812420858e-05,1.0193596751855205,weekend_oriented
Lincoln Ave & Montana St,1040.0,567.0,0.0003352346078158015,0.000469680352285115,41.926570000000005,-87.65059999999998,1607.0,0.00013444574446931353,-0.00013444574446931353,1.401048520308696,weekend_oriented
Lincoln Ave & Peterson Ave,470.0,215.0,0.00015150025545521798,0.0001780974880798937,41.990267,-87.70857,685.0,2.659723262467571e-05,-2.659723262467571e-05,1.175557836433491,weekend_oriented
Lincoln Ave & Roscoe St*,6193.0,2205.0,0.001996257621349287,0.001826534703331003,41.9433502470174,-87.67066776752472,8398.0,-0.0001697229180182842,0.0001697229180182842,0.9149794940379182,weekday_oriented
Lincoln Ave & Sunnyside Ave,3873.0,1815.0,0.0012484265731448068,0.0015034741435581724,41.963004,-87.684781,5688.0,0.00025504757041336563,-0.00025504757041336563,1.204295047546008,weekend_oriented
Lincoln Ave & Waveland Ave,3124.0,1410.0,0.0010069931873236192,0.001167988177640233,41.948797,-87.675278,4534.0,0.0001609949903166139,-0.0001609949903166139,1.1598767821535347,weekend_oriented
Lincoln Ave & Winona St,1611.0,659.0,0.0005192913011454386,0.0005458895099751161,41.97491129677,-87.6925025594,2270.0,2.6598208829677473e-05,-2.6598208829677473e-05,1.0512201100825258,weekend_oriented
Lincoln Park Conservatory,7981.0,4903.0,0.0025726032740172227,0.0040614510886312506,41.92393131136619,-87.63582453131676,12884.0,0.0014888478146140279,-0.0014888478146140279,1.5787317659583664,weekend_oriented
Lincolnwood Dr & Central St,404.0,140.0,0.00013022575149767673,0.0001159704573543494,42.064854,-87.715297,544.0,-1.4255294143327335e-05,1.4255294143327335e-05,0.8905348249926849,weekday_oriented
Linder Ave & Montrose Ave,242.0,80.0,7.800651451098457e-05,6.626883277391394e-05,41.96081,-87.76488,322.0,-1.1737681737070631e-05,1.1737681737070631e-05,0.8495313969346145,weekday_oriented
Lock St & 31st St,244.0,120.0,7.865119644909189e-05,9.94032491608709e-05,41.83796199975824,-87.65904880162913,364.0,2.0752052711779014e-05,-2.0752052711779014e-05,1.2638458129419299,weekend_oriented
Lockwood Ave & Grand Ave,263.0,63.0,8.477567486111133e-05,5.2186705809457224e-05,41.9175941,-87.7584143,326.0,-3.2588969051654106e-05,3.2588969051654106e-05,0.6155903837341551,weekday_oriented
Lockwood Ave & Wrightwood Ave,319.0,150.0,0.00010282676912811604,0.00012425406145108862,41.927766,-87.758544,469.0,2.1427292322972587e-05,-2.1427292322972587e-05,1.20838040642772,weekend_oriented
Logan Blvd & Elston Ave,3426.0,1307.0,0.001104340159977823,0.0010826670554438189,41.929465,-87.684158,4733.0,-2.1673104534004114e-05,2.1673104534004114e-05,0.9803746293994517,weekday_oriented
Long & Irving Park,235.0,62.0,7.575012772760899e-05,5.1358345399783304e-05,41.953038,-87.7621632,297.0,-2.4391782327825688e-05,2.4391782327825688e-05,0.6780010666569176,weekday_oriented
Long Ave & Belden Ave,43.0,7.0,1.3860661669307177e-05,5.79852286771747e-06,41.9227049,-87.760954,50.0,-8.062138801589707e-06,8.062138801589707e-06,0.418385833248182,weekday_oriented
Long Ave & Belmont Ave,143.0,68.0,4.6094758574672704e-05,5.6328507857826844e-05,41.93833,-87.76166,211.0,1.023374928315414e-05,-1.023374928315414e-05,1.222010649126774,weekend_oriented
Long Ave & Diversey Ave,157.0,54.0,5.0607532141423874e-05,4.473146212239191e-05,41.93104,-87.76124,211.0,-5.876070019031964e-06,5.876070019031964e-06,0.8838917121205674,weekday_oriented
Long Ave & North Ave,130.0,52.0,4.190432597697519e-05,4.3074741303044057e-05,41.9092147,-87.7609189,182.0,1.1704153260688694e-06,-1.1704153260688694e-06,1.027929989775332,weekend_oriented
Loomis Blvd & 84th St,57.0,17.0,1.837343523605835e-05,1.4082126964456711e-05,41.74148652861805,-87.65841007232666,74.0,-4.291308271601639e-06,4.291308271601639e-06,0.7664522355941428,weekday_oriented
Loomis St & Archer Ave,619.0,299.0,0.00019952905984421261,0.0002476797624925033,41.84163253965,-87.6574349533,918.0,4.815070264829071e-05,-4.815070264829071e-05,1.241320544312398,weekend_oriented
Loomis St & Jackson Blvd,3868.0,1118.0,0.0012468148682995386,0.0009261069380154472,41.877945,-87.662007,4986.0,-0.00032070793028409134,0.00032070793028409134,0.7427784338985943,weekday_oriented
Loomis St & Lexington St,9240.0,3030.0,0.0029784305540557746,0.00250993204131199,41.87222873224032,-87.66136385500431,12270.0,-0.0004684985127437844,0.0004684985127437844,0.8427029447408912,weekday_oriented
Loomis St & Lexington St*,147.0,35.0,4.7384122450887326e-05,2.899261433858735e-05,41.87222873224032,-87.66136385500431,182.0,-1.8391508112299977e-05,1.8391508112299977e-05,0.6118716769939341,weekday_oriented
Lowell Ave & Armitage Ave,346.0,136.0,0.00011152997529256472,0.00011265701571565369,41.9170767,-87.7353543,482.0,1.1270404230889666e-06,-1.1270404230889666e-06,1.0101051785849855,weekend_oriented
Lynch Ave & Elston Ave,138.0,46.0,4.4483053729404424e-05,3.8104578845000516e-05,41.98096,-87.76149,184.0,-6.378474884403908e-06,6.378474884403908e-06,0.8566121036719352,weekday_oriented
MLK Jr Dr & 29th St,4123.0,1512.0,0.0013290118154082207,0.0012524809394269733,41.842052,-87.617,5635.0,-7.653087598124739e-05,7.653087598124739e-05,0.9424152460428005,weekday_oriented
MLK Jr Dr & 47th St,431.0,161.0,0.00013892895766212543,0.0001333660259575018,41.809851,-87.616279,592.0,-5.562931704623634e-06,5.562931704623634e-06,0.9599587317362281,weekday_oriented
MLK Jr Dr & 56th St,129.0,63.0,4.158198500792153e-05,5.2186705809457224e-05,41.79342945658,-87.6158532619,192.0,1.0604720801535696e-05,-1.0604720801535696e-05,1.2550254821657345,weekend_oriented
MLK Jr Dr & 63rd St,130.0,56.0,4.190432597697519e-05,4.638818294173976e-05,41.78008063659,-87.6159428567,186.0,4.48385696476457e-06,-4.48385696476457e-06,1.1069996918107312,weekend_oriented
MLK Jr Dr & 83rd St,91.0,42.0,2.9333028183882628e-05,3.4791137206304816e-05,41.743116,-87.6148,133.0,5.458109022422188e-06,-5.458109022422188e-06,1.1860674909087703,weekend_oriented
MLK Jr Dr & Pershing Rd,799.0,366.0,0.00025755043427387055,0.00030317990994065624,41.8246,-87.61678,1165.0,4.5629475666785684e-05,-4.5629475666785684e-05,1.1771664591790432,weekend_oriented
Major Ave & Addison St,74.0,41.0,2.385323170997049e-05,3.396277679663089e-05,41.945975255652165,-87.77106542956521,115.0,1.01095450866604e-05,-1.01095450866604e-05,1.4238051013160429,weekend_oriented
Malcolm X College,1585.0,296.0,0.0005109104359500436,0.00024519468126348157,41.877618,-87.673895,1881.0,-0.000265715754686562,0.000265715754686562,0.47991816978521606,weekday_oriented
Malden St & Wilson Ave,377.0,164.0,0.00012152254533322803,0.00013585110718652356,41.96526,-87.66275,541.0,1.4328561853295526e-05,-1.4328561853295526e-05,1.1179077010467837,weekend_oriented
Mango Ave & North Ave,79.0,53.0,2.5464936555238766e-05,4.390310171271798e-05,41.90958,-87.7691175,132.0,1.8438165157479217e-05,-1.8438165157479217e-05,1.724032478345517,weekend_oriented
Manor Ave & Leland Ave,1061.0,413.0,0.00034200376816592823,0.0003421128491953307,41.965875,-87.700825,1474.0,1.0908102940246182e-07,-1.0908102940246182e-07,1.0003189459316237,weekend_oriented
Maplewood Ave & 59th St,48.0,22.0,1.5472366514575454e-05,1.822392901282633e-05,41.7863375,-87.6874351,70.0,2.751562498250877e-06,-2.751562498250877e-06,1.177825717219261,weekend_oriented
Maplewood Ave & Peterson Ave,622.0,186.0,0.00020049608275137358,0.0001540750361993499,41.99023602866999,-87.6933696402,808.0,-4.642104655202368e-05,4.642104655202368e-05,0.7684702145537544,weekday_oriented
Marine Dr & Ainslie St,4051.0,2582.0,0.0013058032656363574,0.0021388265777780723,41.9716,-87.650154,6633.0,0.0008330233121417148,-0.0008330233121417148,1.6379388810893167,weekend_oriented
Marmora Ave & Belmont Ave,36.0,14.0,1.1604274885931589e-05,1.159704573543494e-05,41.9382897,-87.7737692,50.0,-7.229150496649913e-09,7.229150496649913e-09,0.9993770806320655,weekday_oriented
Marmora Ave & Irving Park Rd,145.0,75.0,4.6739440512780015e-05,6.212703072554431e-05,41.9531072,-87.7747326,220.0,1.5387590212764296e-05,-1.5387590212764296e-05,1.3292136326476627,weekend_oriented
Marshfield Ave & 44th St,181.0,76.0,5.8343715398711605e-05,6.295539113521824e-05,41.81388181322957,-87.6664333618677,257.0,4.61167573650664e-06,-4.61167573650664e-06,1.079041875600759,weekend_oriented
Marshfield Ave & Diversey Pkwy,171.0,62.0,5.512030570817505e-05,5.1358345399783304e-05,41.93204,-87.6697,233.0,-3.761960308391746e-06,3.761960308391746e-06,0.9317512482685292,weekday_oriented
Marshfield Ave & Wabansia Ave,114.0,50.0,3.67468704721167e-05,4.141802048369621e-05,41.91218,-87.66888,164.0,4.67115001157951e-06,-4.67115001157951e-06,1.1271134885251066,weekend_oriented
Martin Luther King Dr & 87th St,44.0,19.0,1.4183002638360831e-05,1.573884778380456e-05,41.73677,-87.61438999999999,63.0,1.5558451454437302e-06,-1.5558451454437302e-06,1.109690133674674,weekend_oriented
Mason Ave & Belmont Ave,34.0,16.0,1.0959592947824278e-05,1.3253766554782788e-05,41.938368200000006,-87.77250290000002,50.0,2.2941736069585094e-06,-2.2941736069585094e-06,1.2093110854384854,weekend_oriented
Mason Ave & Grand Ave,125.0,37.0,4.0292621131706907e-05,3.0649335157935196e-05,41.9204347,-87.7743901,162.0,-9.643285973771711e-06,9.643285973771711e-06,0.7606746253395568,weekday_oriented
Mason Ave & Montrose Ave,189.0,63.0,6.092244315114085e-05,5.2186705809457224e-05,41.96056,-87.77588,252.0,-8.735737341683624e-06,8.735737341683624e-06,0.8566112338724565,weekday_oriented
May St & Cullerton St,1764.0,607.0,0.0005686094694106479,0.000502814768672072,41.855136,-87.654127,2371.0,-6.579470073857588e-05,6.579470073857588e-05,0.8842886223907016,weekday_oriented
May St & Hubbard St,290.0,74.0,9.347888102556003e-05,6.129867031587039e-05,41.89008,-87.65597,364.0,-3.218021070968964e-05,3.218021070968964e-05,0.6557525495684932,weekday_oriented
May St & Taylor St,6000.0,2087.0,0.0019340458143219316,0.00172878817498948,41.86941940540373,-87.65523116767652,8087.0,-0.0002052576393324517,0.0002052576393324517,0.8938714214089931,weekday_oriented
Mayfield Ave & Roosevelt Rd,52.0,19.0,1.6761730390790073e-05,1.573884778380456e-05,41.86569,-87.77176,71.0,-1.0228826069855116e-06,1.0228826069855116e-06,0.9389787592391563,weekday_oriented
McClurg Ct & Erie St,10746.0,2839.0,0.0034638760534505793,0.002351715203064271,41.89450300000001,-87.617854,13585.0,-0.0011121608503863083,0.0011121608503863083,0.6789260030813111,weekday_oriented
McClurg Ct & Ohio St,15303.0,6651.0,0.0049327838494280865,0.00550942508474127,41.892592119709725,-87.61728912591934,21954.0,0.0005766412353131831,-0.0005766412353131831,1.1168997337031716,weekend_oriented
McCormick Blvd & Devon Ave,739.0,351.0,0.00023820997613065124,0.0002907545037955474,41.997197299082565,-87.71105704770642,1090.0,5.254452766489614e-05,-5.254452766489614e-05,1.220579792410897,weekend_oriented
McCormick Place,3866.0,2207.0,0.0012461701863614313,0.0018281914241503508,41.8513751729,-87.6188346489,6073.0,0.0005820212377889195,-0.0005820212377889195,1.4670475807487606,weekend_oriented
Meade Ave & Addison St,70.0,31.0,2.2563867833755867e-05,2.5679172699891652e-05,41.94595,-87.77888,101.0,3.1153048661357846e-06,-3.1153048661357846e-06,1.138059965123104,weekend_oriented
Meade Ave & Diversey Ave,48.0,25.0,1.5472366514575454e-05,2.0709010241848105e-05,41.93086,-87.77845,73.0,5.2366437272726505e-06,-5.2366437272726505e-06,1.3384295022249932,weekend_oriented
Meade Ave & Fullerton Ave,166.0,96.0,5.3508600862906776e-05,7.952259932869673e-05,41.924751,-87.778272,262.0,2.601399846578995e-05,-2.601399846578995e-05,1.486155718717443,weekend_oriented
Melvina Ave & Giddings Ave,274.0,92.0,8.832142552070154e-05,7.620915769000103e-05,41.96648,-87.78202000000002,366.0,-1.2112267830700511e-05,1.2112267830700511e-05,0.8628630525113742,weekday_oriented
Menard Ave & Lawrence Ave,198.0,95.0,6.382351187262374e-05,7.86942389190228e-05,41.96788,-87.77274,293.0,1.4870727046399062e-05,-1.4870727046399062e-05,1.2329939800570189,weekend_oriented
Menard Ave & Milwaukee Ave,61.0,30.0,1.9662799112272972e-05,2.4850812290217725e-05,41.98139,-87.77331,91.0,5.188013177944753e-06,-5.188013177944753e-06,1.2638357495580141,weekend_oriented
Merrimac Park,155.0,82.0,4.996285020331656e-05,6.792555359326178e-05,41.95261,-87.78535,237.0,1.7962703389945215e-05,-1.7962703389945215e-05,1.359513994955354,weekend_oriented
Michigan Ave & 105th St,50.0,29.0,1.6117048452682762e-05,2.4022451880543802e-05,41.70346,-87.62037,79.0,7.90540342786104e-06,-7.90540342786104e-06,1.490469019935551,weekend_oriented
Michigan Ave & 11th St,466.0,166.0,0.00015021089157900335,0.00013750782800587142,41.86959,-87.623961,632.0,-1.2703063573131924e-05,1.2703063573131924e-05,0.9154323706359107,weekday_oriented
Michigan Ave & 14th St,7268.0,3090.0,0.0023427741630819665,0.002559633665892426,41.864059,-87.623727,10358.0,0.0002168595028104593,-0.0002168595028104593,1.092565221890596,weekend_oriented
Michigan Ave & 18th St,5740.0,2402.0,0.0018502371623679813,0.001989721704036766,41.857926,-87.62433600000001,8142.0,0.00013948454166878453,-0.00013948454166878453,1.0753873444542235,weekend_oriented
Michigan Ave & 8th St,9895.0,6152.0,0.003189563888785919,0.005096073240313982,41.87277296771354,-87.62398098838872,16047.0,0.001906509351528063,-0.001906509351528063,1.5977333642689302,weekend_oriented
Michigan Ave & Ida B Wells Dr,4459.0,2173.0,0.0014373183810102489,0.0018000271702214373,41.876203,-87.624464,6632.0,0.00036270878921118837,-0.00036270878921118837,1.252350865091829,weekend_oriented
Michigan Ave & Jackson Blvd,7903.0,3615.0,0.0025474606784310376,0.002994522880971236,41.878345598237544,-87.62415080552178,11518.0,0.0004470622025401984,-0.0004470622025401984,1.1754932002806577,weekend_oriented
Michigan Ave & Lake St,14404.0,4544.0,0.00464299931824885,0.0037640697015583115,41.886022,-87.624398,18948.0,-0.0008789296166905386,0.0008789296166905386,0.8106979202142215,weekday_oriented
Michigan Ave & Madison St,5693.0,2224.0,0.0018350871368224594,0.0018422735511148074,41.882134,-87.625125,7917.0,7.186414292347995e-06,-7.186414292347995e-06,1.003916113971938,weekend_oriented
Michigan Ave & Oak St,21157.0,13471.0,0.006819767882268185,0.011158843078717434,41.90096039009614,-87.62377663865593,34628.0,0.004339075196449249,-0.004339075196449249,1.6362495960429257,weekend_oriented
Michigan Ave & Pearson St,6057.0,2393.0,0.0019524192495579899,0.0019822664603497005,41.89766,-87.62351,8450.0,2.984721079171064e-05,-2.984721079171064e-05,1.015287288071545,weekend_oriented
Michigan Ave & Washington St,16265.0,5556.0,0.005242875861657703,0.004602370436148323,41.88398406449815,-87.62468397185215,21821.0,-0.0006405054255093799,0.0006405054255093799,0.8778332121065946,weekday_oriented
Midway Orange Line,383.0,89.0,0.00012345659114754997,7.372407646097926e-05,41.78692,-87.73892,472.0,-4.973251468657071e-05,4.973251468657071e-05,0.597169244723615,weekday_oriented
Mies van der Rohe Way & Chestnut St,10250.0,4165.0,0.0033039949327999664,0.003450121106291894,41.8985866514,-87.6219152258,14415.0,0.00014612617349192775,-0.00014612617349192775,1.0442271045316007,weekend_oriented
Mies van der Rohe Way & Chicago Ave,9251.0,3247.0,0.002981976304715365,0.002689686250211232,41.89694462637082,-87.62175768613815,12498.0,-0.0002922900545041327,0.0002922900545041327,0.901981127072316,weekday_oriented
Millard Ave & 26th St,150.0,65.0,4.835114535804829e-05,5.384342662880507e-05,41.84453112462163,-87.71592199802399,215.0,5.4922812707567815e-06,-5.4922812707567815e-06,1.1135891950623156,weekend_oriented
Millennium Park,17129.0,10356.0,0.005521378458920061,0.008578500402583159,41.8810317,-87.62408432,27485.0,0.0030571219436630976,-0.0030571219436630976,1.5536880713250318,weekend_oriented
Milwaukee & Fullerton,44.0,37.0,1.4183002638360831e-05,3.0649335157935196e-05,41.92469,-87.7006,81.0,1.6466332519574363e-05,-1.6466332519574363e-05,2.1609087321403155,weekend_oriented
Milwaukee Ave & Agatite Ave,285.0,148.0,9.186717618029176e-05,0.00012259734063174078,41.9615,-87.75489,433.0,3.0730164451449026e-05,-3.0730164451449026e-05,1.3345028249079518,weekend_oriented
Milwaukee Ave & Ainslie St,1317.0,383.0,0.00042452305624366397,0.000317262036905113,41.96861,-87.76108,1700.0,-0.00010726101933855099,0.00010726101933855099,0.7473381831700336,weekday_oriented
Milwaukee Ave & Armitage Ave,721.0,425.0,0.00023240783868768545,0.0003520531741114178,41.91771000000001,-87.68864,1146.0,0.00011964533542373234,-0.00011964533542373234,1.5148054441445473,weekend_oriented
Milwaukee Ave & Cuyler Ave,477.0,196.0,0.00015375664223859356,0.00016235864029608913,41.95446799999999,-87.749594,673.0,8.601998057495571e-06,-8.601998057495571e-06,1.0559451740561123,weekend_oriented
Milwaukee Ave & Fullerton Ave,2463.0,1456.0,0.0007939258067791529,0.0012060927564852336,41.924690375095686,-87.70058124521562,3919.0,0.00041216694970608065,-0.00041216694970608065,1.5191498085046184,weekend_oriented
Milwaukee Ave & Grand Ave,9071.0,3139.0,0.002923954930285707,0.002600223325966448,41.891578,-87.648384,12210.0,-0.000323731604319259,0.000323731604319259,0.8892830083497099,weekday_oriented
Milwaukee Ave & Highland Ave,134.0,133.0,4.319368985318981e-05,0.00011017193448663192,41.99636,-87.78674,267.0,6.69782446334421e-05,-6.69782446334421e-05,2.5506129309201637,weekend_oriented
Milwaukee Ave & Rockwell St,2574.0,1215.0,0.0008297056543441087,0.001006457897753818,41.92032879364165,-87.69308613427661,3789.0,0.00017675224340970934,-0.00017675224340970934,1.2130298009354086,weekend_oriented
Milwaukee Ave & The 606,5481.0,2613.0,0.0017667508513830846,0.002164505750477964,41.913754,-87.6826658,8094.0,0.0003977548990948792,-0.0003977548990948792,1.2251334270760779,weekend_oriented
Milwaukee Ave & Wabansia Ave,1404.0,556.0,0.000452566720551332,0.00046056838777870185,41.912616,-87.68139430306123,1960.0,8.001667227369865e-06,-8.001667227369865e-06,1.0176805964367541,weekend_oriented
Milwaukee Ave & Wabansia Ave*,72.0,24.0,2.3208549771863178e-05,1.988064983217418e-05,41.912616,-87.681391,96.0,-3.3278999396889967e-06,3.3278999396889967e-06,0.8566150583531184,weekday_oriented
Monitor Ave & Division St,42.0,14.0,1.3538320700253522e-05,1.159704573543494e-05,41.90192,-87.77178,56.0,-1.9412749648185826e-06,1.9412749648185826e-06,0.8566194709619196,weekday_oriented
Monticello Ave & Chicago Ave,122.0,42.0,3.9325598224545944e-05,3.4791137206304816e-05,41.895733029878045,-87.71760476158536,164.0,-4.534461018241128e-06,4.534461018241128e-06,0.8846973493016003,weekday_oriented
Monticello Ave & Irving Park Rd,1515.0,561.0,0.0004883465681162877,0.0004647101898270715,41.95400483876,-87.7191281797,2076.0,-2.3636378289216197e-05,2.3636378289216197e-05,0.9515992710265985,weekday_oriented
Monticello Ave & Lawrence Ave,667.0,283.0,0.00021500142635878807,0.00023442599593772055,41.96834806534399,-87.71898711572858,950.0,1.9424569578932476e-05,-1.9424569578932476e-05,1.09034581566311,weekend_oriented
Montrose Harbor,10026.0,7717.0,0.003231790555731948,0.006392457281453673,41.963982,-87.638181,17743.0,0.003160666725721725,-0.003160666725721725,1.977992135698209,weekend_oriented
Morgan Ave & 14th Pl,3432.0,892.0,0.0011062742057921448,0.0007388974854291404,41.86237799999999,-87.651062,4324.0,-0.00036737672036300437,0.00036737672036300437,0.6679156158978132,weekday_oriented
Morgan St & 18th St,3619.0,1461.0,0.0011665519670051785,0.0012102345585336032,41.858086,-87.651073,5080.0,4.368259152842473e-05,-4.368259152842473e-05,1.0374458706667804,weekend_oriented
Morgan St & 31st St,2463.0,979.0,0.0007939258067791529,0.0008109648410707718,41.8378,-87.65114,3442.0,1.7039034291618858e-05,-1.7039034291618858e-05,1.0214617193249134,weekend_oriented
Morgan St & Hubbard St,1192.0,349.0,0.0003842304351119571,0.00028909778297619954,41.89012,-87.65251000000002,1541.0,-9.513265213575756e-05,9.513265213575756e-05,0.7524079410419976,weekday_oriented
Morgan St & Lake St*,8758.0,2833.0,0.002823062206971913,0.0023467450406062275,41.88549170626906,-87.65228927135468,11591.0,-0.0004763171663656855,0.0004763171663656855,0.831276478263271,weekday_oriented
Morgan St & Pershing Rd,126.0,26.0,4.0614962100760565e-05,2.1537370651522028e-05,41.823613,-87.650931,152.0,-1.9077591449238537e-05,1.9077591449238537e-05,0.5302932526401659,weekday_oriented
Morgan St & Polk St,9246.0,1584.0,0.0029803645998700964,0.001312122888923496,41.871737,-87.65103,10830.0,-0.0016682417109466004,0.0016682417109466004,0.4402560172418735,weekday_oriented
Mozart St & 55th St,60.0,35.0,1.9340458143219316e-05,2.899261433858735e-05,41.79375,-87.69472,95.0,9.652156195368033e-06,-9.652156195368033e-06,1.4990397375366378,weekend_oriented
Mozart St & Jackson Blvd,205.0,85.0,6.607989865599934e-05,7.041063482228355e-05,41.8775,-87.69740000000002,290.0,4.330736166284217e-06,-4.330736166284217e-06,1.065536883643622,weekend_oriented
Mulligan Ave & Archer Ave,48.0,26.0,1.5472366514575454e-05,2.1537370651522028e-05,41.79296,-87.78052,74.0,6.065004136946574e-06,-6.065004136946574e-06,1.391964097226904,weekend_oriented
N Carpenter St & W Lake St,2687.0,268.0,0.0008661301838471716,0.0002220005897926117,41.885586,-87.6531893,2955.0,-0.0006441295940545599,0.0006441295940545599,0.25631404795579293,weekday_oriented
N Clark St & W Elm St,90.0,37.0,2.9010687214828973e-05,3.0649335157935196e-05,41.90290100000001,-87.631282,127.0,1.6386479431062228e-06,-1.6386479431062228e-06,1.056482338685516,weekend_oriented
N Damen Ave & W Chicago Ave,717.0,275.0,0.0002311184748114708,0.00022779911266032916,41.895809,-87.678519,992.0,-3.319362151141649e-06,3.319362151141649e-06,0.9856378950590411,weekday_oriented
N Green St & W Lake St,4031.0,1011.0,0.0012993564462552845,0.0008374723741803373,41.885579,-87.648484,5042.0,-0.0004618840720749471,0.0004618840720749471,0.6445288604717005,weekday_oriented
N Paulina St & Lincoln Ave,1147.0,388.0,0.0003697250915045426,0.0003214038389534826,41.943838,-87.671469,1535.0,-4.832125255106002e-05,4.832125255106002e-05,0.8693052677066305,weekday_oriented
N Shore Channel Trail & Argyle St,495.0,160.0,0.00015955877968155935,0.00013253766554782788,41.972177,-87.702749,655.0,-2.7021114133731475e-05,2.7021114133731475e-05,0.8306520967398003,weekday_oriented
N Southport Ave & W Newport Ave,1767.0,626.0,0.0005695764923178088,0.0005185536164558765,41.944018882992054,-87.66397501880483,2393.0,-5.102287586193231e-05,5.102287586193231e-05,0.9104197821190186,weekday_oriented
NAVY PIER,165.0,0.0,5.318625989385312e-05,0.0,41.892278,-87.612043,165.0,-5.318625989385312e-05,5.318625989385312e-05,1.8801494981988545e-05,weekday_oriented
Nagle Ave & Belmont Ave,114.0,25.0,3.67468704721167e-05,2.0709010241848105e-05,41.93852,-87.78735,139.0,-1.6037860230268595e-05,1.6037860230268595e-05,0.5635703504931613,weekday_oriented
Narragansett Ave & McLean Ave,112.0,38.0,3.610218853400939e-05,3.147769556760912e-05,41.9159,-87.78511,150.0,-4.624492966400267e-06,4.624492966400267e-06,0.8719090154033357,weekday_oriented
Narragansett Ave & Montrose Ave,200.0,32.0,6.446819381073105e-05,2.6507533109565575e-05,41.959978,-87.786928,232.0,-3.796066070116547e-05,3.796066070116547e-05,0.4111813959918507,weekday_oriented
Narragansett Ave & North Ave,76.0,69.0,2.44979136480778e-05,5.715686826750077e-05,41.909499999999994,-87.78491,145.0,3.265895461942297e-05,-3.265895461942297e-05,2.333077665751331,weekend_oriented
Narragansett Ave & School St,55.0,16.0,1.772875329795104e-05,1.3253766554782788e-05,41.940128,-87.7864806,71.0,-4.4749867431682515e-06,4.4749867431682515e-06,0.7476001685998976,weekday_oriented
Narragansett Ave & Wrightwood Ave,307.0,141.0,9.895867749947217e-05,0.00011679881776402332,41.927290000000006,-87.78523,448.0,1.7840140264551146e-05,-1.7840140264551146e-05,1.180276863418904,weekend_oriented
Navy Pier,19160.0,15617.0,0.006176052967068035,0.012936504517877674,41.892278,-87.612043,34777.0,0.00676045155080964,-0.00676045155080964,2.094623134263031,weekend_oriented
New St & Illinois St,13869.0,6424.0,0.004470546899805145,0.005321387271745289,41.89084704062381,-87.61861681938171,20293.0,0.0008508403719401439,-0.0008508403719401439,1.190321274038296,weekend_oriented
Noble St & Milwaukee Ave,5111.0,1877.0,0.001647484692833232,0.0015548324889579556,41.9007,-87.66260699999998,6988.0,-9.26522038752764e-05,9.26522038752764e-05,0.9437614515996557,weekday_oriented
Noble St & Ohio St,1520.0,534.0,0.000489958272961556,0.00044234445876587555,41.89242000000001,-87.66205999999998,2054.0,-4.761381419568045e-05,4.761381419568045e-05,0.9028208734414209,weekday_oriented
Noble St & Potomac Ave,80.0,54.0,2.5787277524292422e-05,4.473146212239191e-05,41.90383473134329,-87.66286604477612,134.0,1.894418459809949e-05,-1.894418459809949e-05,1.7346044954050992,weekend_oriented
Nordica Ave & Medill Ave,139.0,29.0,4.480539469845808e-05,2.4022451880543802e-05,41.92227,-87.80202,168.0,-2.078294281791428e-05,2.078294281791428e-05,0.5361612341769268,weekday_oriented
Normal Ave & Archer Ave,673.0,243.0,0.00021693547217311,0.0002012915795507636,41.849526999999995,-87.640591,916.0,-1.56438926223464e-05,1.56438926223464e-05,0.9278872175543494,weekday_oriented
North Boundary Park,372.0,185.0,0.00011991084048795976,0.00015324667578967599,42.01302999999999,-87.70891,557.0,3.333583530171623e-05,-3.333583530171623e-05,1.2780028658226077,weekend_oriented
Oak Park & Wellington,204.0,37.0,6.575755768694567e-05,3.0649335157935196e-05,41.934586,-87.7959613,241.0,-3.5108222529010474e-05,3.5108222529010474e-05,0.4661041275243766,weekday_oriented
Oakley Ave & Irving Park Rd,1622.0,601.0,0.0005228370518050289,0.0004978446062140284,41.95434085219,-87.6860796243,2223.0,-2.4992445591000452e-05,2.4992445591000452e-05,0.9521984952994195,weekday_oriented
Oakley Ave & Lyndale St,106.0,55.0,3.4168142719687457e-05,4.555982253206583e-05,41.92261,-87.68513,161.0,1.1391679812378374e-05,-1.1391679812378374e-05,1.3333908581152303,weekend_oriented
Oakley Ave & Touhy Ave,444.0,177.0,0.00014311939025982295,0.0001466197925122846,42.012342,-87.688243,621.0,3.5004022524616496e-06,-3.5004022524616496e-06,1.0244577466991738,weekend_oriented
Oconto Ave & Belmont Ave,48.0,28.0,1.5472366514575454e-05,2.319409147086988e-05,41.93783,-87.80788,76.0,7.721724956294424e-06,-7.721724956294424e-06,1.4990332872307257,weekend_oriented
Ogden Ave & Chicago Ave,7564.0,2771.0,0.0024381870899218483,0.002295386695206444,41.896362458,-87.6540612729,10335.0,-0.00014280039471540424,0.00014280039471540424,0.9414317561037789,weekday_oriented
Ogden Ave & Congress Pkwy,2129.0,722.0,0.000686263923115232,0.0005980762157845733,41.87501,-87.67328,2851.0,-8.818770733065877e-05,8.818770733065877e-05,0.8714961170821038,weekday_oriented
Ogden Ave & Race Ave,5576.0,2083.0,0.0017973732434431817,0.001725474733350784,41.891795,-87.658751,7659.0,-7.189851009239772e-05,7.189851009239772e-05,0.9599980302629331,weekday_oriented
Ogden Ave & Roosevelt Rd,999.0,303.0,0.0003220186280846016,0.00025099320413119906,41.86650148316,-87.68469707,1302.0,-7.102542395340255e-05,7.102542395340255e-05,0.7794375939880825,weekday_oriented
Oglesby Ave & 100th St,61.0,43.0,1.9662799112272972e-05,3.561949761597874e-05,41.71339748442245,-87.56584167480469,104.0,1.595669850370577e-05,-1.595669850370577e-05,1.8114758705883318,weekend_oriented
Oketo Ave & Addison St,43.0,25.0,1.3860661669307177e-05,2.0709010241848105e-05,41.94496,-87.81189,68.0,6.848348572540928e-06,-6.848348572540928e-06,1.4940496122268445,weekend_oriented
Orange Ave & Addison St,70.0,34.0,2.2563867833755867e-05,2.8164253928913422e-05,41.94485,-87.82423,104.0,5.600386095157555e-06,-5.600386095157555e-06,1.248190511746746,weekend_oriented
Orleans St & Chestnut St (NEXT Apts),5064.0,1755.0,0.0016323346672877104,0.001453772518977737,41.898203,-87.637536,6819.0,-0.0001785621483099734,0.0001785621483099734,0.8906094182168596,weekday_oriented
Orleans St & Elm St,3679.0,1307.0,0.0011858924251483976,0.0010826670554438189,41.902924000000006,-87.637715,4986.0,-0.00010322536970457877,0.00010322536970457877,0.9129556100779784,weekday_oriented
Orleans St & Hubbard St,6616.0,1897.0,0.0021326078512589833,0.0015713996971514343,41.890028,-87.636618,8513.0,-0.0005612081541075491,0.0005612081541075491,0.7368443098338261,weekday_oriented
Orleans St & Merchandise Mart Plaza,16865.0,3074.0,0.005436280443089896,0.002546379899337643,41.888243,-87.63638999999999,19939.0,-0.0028899005437522532,0.0028899005437522532,0.4684049061835033,weekday_oriented
Overhill Ave & Belmont Ave,63.0,31.0,2.0307481050380283e-05,2.5679172699891652e-05,41.93799,-87.81915,94.0,5.371691649511369e-06,-5.371691649511369e-06,1.2645048458417714,weekend_oriented
Panama Ave & Grace St,52.0,23.0,1.6761730390790073e-05,1.9052289422500258e-05,41.94766,-87.82925,75.0,2.2905590317101853e-06,-2.2905590317101853e-06,1.1366459388363537,weekend_oriented
Parnell Ave & 31st St,222.0,89.0,7.155969512991147e-05,7.372407646097926e-05,41.837911,-87.640279,311.0,2.1643813310677848e-06,-2.1643813310677848e-06,1.0302453927695723,weekend_oriented
Paulina Ave & North Ave,4543.0,1897.0,0.0014643950224107558,0.0015713996971514343,41.90985465216731,-87.66993016004562,6440.0,0.00010700467474067843,-0.00010700467474067843,1.0730708586359874,weekend_oriented
Paulina St & 18th St,3115.0,1229.0,0.0010040921186021362,0.0010180549434892529,41.857901,-87.668745,4344.0,1.3962824887116688e-05,-1.3962824887116688e-05,1.0139059063631024,weekend_oriented
Paulina St & Adams St,278.0,113.0,8.961078939691617e-05,9.360472629315343e-05,41.87862,-87.66913,391.0,3.993936896237268e-06,-3.993936896237268e-06,1.0445693242274963,weekend_oriented
Paulina St & Cortland St,581.0,223.0,0.0001872801030201737,0.0001847243713572851,41.91626,-87.67019,804.0,-2.5557316628885924e-06,2.5557316628885924e-06,0.9863534995166422,weekday_oriented
Paulina St & Division St,1248.0,402.0,0.0004022815293789618,0.0003330008846889175,41.903552899999994,-87.67042920000002,1650.0,-6.928064469004426e-05,6.928064469004426e-05,0.8277811248800718,weekday_oriented
Paulina St & Flournoy St,6954.0,941.0,0.002241559098799119,0.0007794871455031627,41.87306108789792,-87.66913488507271,7895.0,-0.0014620719532959562,0.0014620719532959562,0.34774358533628497,weekday_oriented
Paulina St & Howard St,1585.0,490.0,0.0005109104359500436,0.00040589660074022286,42.019159,-87.673573,2075.0,-0.00010501383520982073,0.00010501383520982073,0.794457849598636,weekday_oriented
Paulina St & Montrose Ave,3282.0,1397.0,0.0010579230604340966,0.001157219492314472,41.961507,-87.67138699999998,4679.0,9.929643188037545e-05,-9.929643188037545e-05,1.0938596971125047,weekend_oriented
Peoria St & Jackson Blvd,10115.0,2761.0,0.0032604789019777232,0.002287103091109705,41.87764159627531,-87.64961779117584,12876.0,-0.0009733758108680184,0.0009733758108680184,0.7014624104023479,weekday_oriented
Peoria St & Kinzie St,2021.0,509.0,0.0006514510984574372,0.00042163544852402745,41.88896,-87.64973,2530.0,-0.0002298156499334098,0.0002298156499334098,0.647225558905119,weekday_oriented
Perry Ave & 69th St,158.0,48.0,5.092987311047753e-05,3.976129966434836e-05,41.76929308995,-87.62819592909999,206.0,-1.116857344612917e-05,1.116857344612917e-05,0.7807111332667972,weekday_oriented
Pershing Rd & Sacramento Ave,123.0,52.0,3.9647939193599596e-05,4.3074741303044057e-05,41.8223772681012,-87.69975413003766,175.0,3.426802109444461e-06,-3.426802109444461e-06,1.086428595042907,weekend_oriented
Peterson/Ridge Metra,2700.0,617.0,0.0008703206164448692,0.0005110983727688112,41.9918,-87.67488999999999,3317.0,-0.0003592222436760579,0.0003592222436760579,0.5872534510363814,weekday_oriented
Phillips Ave & 79th St,48.0,23.0,1.5472366514575454e-05,1.9052289422500258e-05,41.75182,-87.565211,71.0,3.5799229079248037e-06,-3.5799229079248037e-06,1.231360312221172,weekend_oriented
Phillips Ave & 83rd St,73.0,20.0,2.3530890740916834e-05,1.6567208193478485e-05,41.744531,-87.56506,93.0,-6.963682547438349e-06,6.963682547438349e-06,0.7040746693876994,weekday_oriented
Pine Ave & Division St,116.0,50.0,3.739155241022401e-05,4.141802048369621e-05,41.9019265060241,-87.76371771084338,166.0,4.026468073472199e-06,-4.026468073472199e-06,1.107681017045824,weekend_oriented
Pine Grove Ave & Irving Park Rd,8971.0,4411.0,0.0028917208333803413,0.0036538977670716797,41.95436725508892,-87.64794502215663,13382.0,0.0007621769336913385,-0.0007621769336913385,1.2635720092068383,weekend_oriented
Pine Grove Ave & Waveland Ave,10937.0,5398.0,0.0035254431785398275,0.004471489491419843,41.94947274088333,-87.64645278453827,16335.0,0.0009460463128800152,-0.0009460463128800152,1.2683481186963086,weekend_oriented
Pine Grove Ave & Wellington Ave,338.0,187.0,0.00010895124754013548,0.00015490339660902383,41.93650999999999,-87.64119,525.0,4.595214906888835e-05,-4.595214906888835e-05,1.4217641224148279,weekend_oriented
Ping Tom Park (East),448.0,213.0,0.00014440875413603756,0.00017644076726054585,41.8579886,-87.6319447,661.0,3.20320131245083e-05,-3.20320131245083e-05,1.2218133623739387,weekend_oriented
Portage Park,268.0,127.0,8.638737970637962e-05,0.00010520177202858837,41.95607,-87.76471999999998,395.0,1.881439232220875e-05,-1.881439232220875e-05,1.2177884616675978,weekend_oriented
Prairie Ave & 43rd St,491.0,165.0,0.00015826941580534474,0.0001366794675961975,41.81665889302,-87.61941246190001,656.0,-2.158994820914724e-05,2.158994820914724e-05,0.8635882258899192,weekday_oriented
Prairie Ave & Garfield Blvd,1048.0,284.0,0.0003378133355682307,0.00023525435634739447,41.794852999999996,-87.618691,1332.0,-0.00010255897922083624,0.00010255897922083624,0.6964043013499593,weekday_oriented
Princeton Ave & 47th St,230.0,120.0,7.413842288234072e-05,9.94032491608709e-05,41.80931770924,-87.633449288,350.0,2.5264826278530183e-05,-2.5264826278530183e-05,1.340774520441378,weekend_oriented
Princeton Ave & Garfield Blvd,202.0,103.0,6.511287574883837e-05,8.532112219641419e-05,41.794982,-87.633124,305.0,2.0208246447575828e-05,-2.0208246447575828e-05,1.3103523821178213,weekend_oriented
Prospect Sq & 91st St,82.0,72.0,2.6431959462399733e-05,5.9641949496522545e-05,41.7282338,-87.6675239,154.0,3.320999003412281e-05,-3.320999003412281e-05,2.2563856151394344,weekend_oriented
Public Rack - Ashland Ave & 83rd St,37.0,28.0,1.1926615854985245e-05,2.319409147086988e-05,41.742715,-87.663551,65.0,1.1267475615884634e-05,-1.1267475615884634e-05,1.944654468493408,weekend_oriented
Public Rack - Austin Blvd & North Ave,19.0,32.0,6.12447841201945e-06,2.6507533109565575e-05,41.90928099999999,-87.775613,51.0,2.0383054697546125e-05,-2.0383054697546125e-05,4.327585753555245,weekend_oriented
Public Rack - Avers & Lawrence,38.0,14.0,1.22489568240389e-05,1.159704573543494e-05,41.96842,-87.72446,52.0,-6.519110886039608e-07,6.519110886039608e-07,0.9467825807088012,weekday_oriented
Public Rack - Avers Ave & Irving Park Rd,77.0,39.0,2.4820254617131455e-05,3.230605597728304e-05,41.953789,-87.724161,116.0,7.485801360151587e-06,-7.485801360151587e-06,1.3015883554485979,weekend_oriented
Public Rack - California Ave & Cortez St,187.0,86.0,6.027776121303354e-05,7.123899523195749e-05,41.900105,-87.696817,273.0,1.0961234018923948e-05,-1.0961234018923948e-05,1.1818423902273874,weekend_oriented
Public Rack - Campbell Ave & Pratt Blvd,54.0,19.0,1.7406412328897384e-05,1.573884778380456e-05,42.00507,-87.692643,73.0,-1.6675645450928225e-06,1.6675645450928225e-06,0.904203765982807,weekday_oriented
Public Rack - Central Ave & Lawrence Ave,39.0,21.0,1.2571297793092555e-05,1.7395568603152408e-05,41.9678641,-87.76759310000001,60.0,4.8242708100598525e-06,-4.8242708100598525e-06,1.3837222828678455,weekend_oriented
Public Rack - Champlain Ave & 65th St,88.0,9.0,2.8366005276721662e-05,7.455243687065318e-06,41.775904,-87.609301,97.0,-2.0910761589656345e-05,2.0910761589656345e-05,0.26284916628770855,weekday_oriented
Public Rack - Christiana Ave & Belmont Ave,334.0,92.0,0.00010766188366392086,7.620915769000103e-05,41.93917,-87.71169,426.0,-3.1452725973919824e-05,3.1452725973919824e-05,0.7078591534655316,weekday_oriented
Public Rack - Cicero Ave & Belle Plaine Ave,54.0,41.0,1.7406412328897384e-05,3.396277679663089e-05,41.955625,-87.747517,95.0,1.6556364467733506e-05,-1.6556364467733506e-05,1.9511100303086932,weekend_oriented
Public Rack - Drake Ave & Leland Ave,210.0,24.0,6.769160350126761e-05,1.988064983217418e-05,41.96598530000001,-87.71687599999998,234.0,-4.781095366909343e-05,4.781095366909343e-05,0.2937049072400041,weekday_oriented
Public Rack - Emerald Ave & 43rd St,161.0,40.0,5.1896896017638496e-05,3.313441638695697e-05,41.81643,-87.64475399999999,201.0,-1.8762479630681526e-05,1.8762479630681526e-05,0.6384732123956482,weekday_oriented
Public Rack - Evans Ave & 63rd St,138.0,9.0,4.4483053729404424e-05,7.455243687065318e-06,41.780506,-87.607519,147.0,-3.70278100423391e-05,3.70278100423391e-05,0.16761610199514398,weekday_oriented
Public Rack - Forest Glen Station,58.0,8.0,1.8695776205112005e-05,6.626883277391394e-06,41.97871,-87.75552,66.0,-1.2068892927720612e-05,1.2068892927720612e-05,0.35449337386726715,weekday_oriented
Public Rack - Greenwood Ave & Lake Park Ave,39.0,11.0,1.2571297793092555e-05,9.111964506413166e-06,41.817372,-87.599576,50.0,-3.4593332866793898e-06,3.4593332866793898e-06,0.7248447862426541,weekday_oriented
Public Rack - Hamlin Ave & Fullerton Ave,132.0,35.0,4.25490079150825e-05,2.899261433858735e-05,41.924319,-87.721446,167.0,-1.3556393576495149e-05,1.3556393576495149e-05,0.681400915281854,weekday_oriented
Public Rack - Hamlin Ave & Montrose Ave,292.0,90.0,9.412356296366733e-05,7.455243687065318e-05,41.96121600000001,-87.72241599999998,382.0,-1.9571126093014156e-05,1.9571126093014156e-05,0.7920720641160509,weekday_oriented
Public Rack - Harold Washington Park,118.0,56.0,3.803623434833132e-05,4.638818294173976e-05,41.801089,-87.58479100000001,174.0,8.351948593408435e-06,-8.351948593408435e-06,1.2195729720232626,weekend_oriented
Public Rack - Hollywood Park,81.0,32.0,2.6109618493346077e-05,2.6507533109565575e-05,41.98929,-87.71182,113.0,3.979146162194981e-07,-3.979146162194981e-07,1.0152395706873394,weekend_oriented
Public Rack - Hyde Park Blvd & 53rd St,204.0,80.0,6.575755768694567e-05,6.626883277391394e-05,41.799468,-87.584206,284.0,5.112750869682689e-07,-5.112750869682689e-07,1.0077750349909176,weekend_oriented
Public Rack - Hyde Park Blvd & 55th St,394.0,131.0,0.00012700234180714018,0.00010851521366728408,41.795,-87.584113,525.0,-1.8487128139856108e-05,1.8487128139856108e-05,0.8544358921836123,weekday_oriented
Public Rack - Irving Park Rd & Leclaire Ave,58.0,15.0,1.8695776205112005e-05,1.2425406145108863e-05,41.953418,-87.754841,73.0,-6.270370060003143e-06,6.270370060003143e-06,0.6646282764892527,weekday_oriented
Public Rack - Jensen Park,203.0,41.0,6.543521671789202e-05,3.396277679663089e-05,41.964864,-87.720774,244.0,-3.147243992126113e-05,3.147243992126113e-05,0.5190363761868324,weekday_oriented
Public Rack - Jonathan Y Scammon Public School,222.0,73.0,7.155969512991147e-05,6.0470309906196465e-05,41.941612,-87.73237200000001,295.0,-1.108938522371501e-05,1.108938522371501e-05,0.8450352500966724,weekday_oriented
Public Rack - Justine St & 87th St,131.0,34.0,4.222666694602884e-05,2.8164253928913422e-05,41.736019,-87.66243,165.0,-1.4062413017115417e-05,1.4062413017115417e-05,0.6669857931036403,weekday_oriented
Public Rack - Karlov Ave & Kamerling Ave,83.0,17.0,2.6754300431453388e-05,1.4082126964456711e-05,41.90562099999999,-87.72863600000001,100.0,-1.2672173466996677e-05,1.2672173466996677e-05,0.5263677378819736,weekday_oriented
Public Rack - Karlov Ave & Milwaukee Ave,96.0,35.0,3.094473302915091e-05,2.899261433858735e-05,41.942702,-87.730011,131.0,-1.95211869056356e-06,1.95211869056356e-06,0.936918001304908,weekday_oriented
Public Rack - Keating & Peterson,122.0,37.0,3.9325598224545944e-05,3.0649335157935196e-05,41.990159,-87.747183,159.0,-8.676263066610748e-06,8.676263066610748e-06,0.7793792634422317,weekday_oriented
Public Rack - Kedvale Ave & 63rd St W,134.0,19.0,4.319368985318981e-05,1.573884778380456e-05,41.778760999999996,-87.726892,153.0,-2.7454842069385248e-05,2.7454842069385248e-05,0.36439311955476894,weekday_oriented
Public Rack - Kedzie Ave & Argyle St,333.0,126.0,0.0001073395426948672,0.00010437341161891445,41.972097000000005,-87.708572,459.0,-2.9661310759527567e-06,2.9661310759527567e-06,0.972367094468821,weekday_oriented
Public Rack - Kenneth & Carmen,59.0,21.0,1.901811717416566e-05,1.7395568603152408e-05,41.972642,-87.739239,80.0,-1.622548571013253e-06,1.622548571013253e-06,0.9146885443653916,weekday_oriented
Public Rack - Keystone Ave & Irving Park Rd,105.0,32.0,3.3845801750633804e-05,2.6507533109565575e-05,41.953449,-87.72963499999999,137.0,-7.338268641068229e-06,7.338268641068229e-06,0.7831916677051822,weekday_oriented
Public Rack - Keystone Ave & North Ave,47.0,7.0,1.5150025545521797e-05,5.79852286771747e-06,41.909623,-87.727951,54.0,-9.351502677804329e-06,9.351502677804329e-06,0.38278087844896014,weekday_oriented
Public Rack - Kilpatrick & Elston,49.0,6.0,1.5794707483629106e-05,4.970162458043545e-06,41.970023999999995,-87.74341,55.0,-1.0824545025585561e-05,1.0824545025585561e-05,0.3147160368217586,weekday_oriented
Public Rack - Kimball & Ardmore,46.0,26.0,1.4827684576468142e-05,2.1537370651522028e-05,41.98702399999999,-87.71397,72.0,6.7096860750538864e-06,-6.7096860750538864e-06,1.452480194076121,weekend_oriented
Public Rack - Kimball Ave & Carmen Ave,40.0,16.0,1.2893638762146211e-05,1.3253766554782788e-05,41.973896,-87.713297,56.0,3.601277926365768e-07,-3.601277926365768e-07,1.0279284902260135,weekend_oriented
Public Rack - Kimball Ave & Lawrence Ave,63.0,26.0,2.0307481050380283e-05,2.1537370651522028e-05,41.96791249999999,-87.7134353,89.0,1.2298896011417456e-06,-1.2298896011417456e-06,1.0605603933691887,weekend_oriented
Public Rack - Kimbark Ave & 67th St,65.0,21.0,2.0952162988487594e-05,1.7395568603152408e-05,41.774045,-87.594322,86.0,-3.5565943853351856e-06,3.5565943853351856e-06,0.8302597852510715,weekday_oriented
Public Rack - Kostner Ave & Armitage Ave,57.0,26.0,1.837343523605835e-05,2.1537370651522028e-05,41.917211,-87.736136,83.0,3.1639354154636783e-06,-3.1639354154636783e-06,1.1721922537926341,weekend_oriented
Public Rack - Langley Ave & 49th St,122.0,21.0,3.9325598224545944e-05,1.7395568603152408e-05,41.805218,-87.609076,143.0,-2.1930029621393536e-05,2.1930029621393536e-05,0.4423613886922523,weekday_oriented
Public Rack - Lavergne Ave & Belle Plaine Ave,52.0,1.0,1.6761730390790073e-05,8.283604096739242e-07,41.9553079,-87.75178779999999,53.0,-1.593336998111615e-05,1.593336998111615e-05,0.04947645105176891,weekday_oriented
Public Rack - Lawndale Ave & Diversey Ave,81.0,51.0,2.6109618493346077e-05,4.2246380893370137e-05,41.931702,-87.719254,132.0,1.613676240002406e-05,-1.613676240002406e-05,1.6180153259922314,weekend_oriented
Public Rack - Lawrence Ave & Kimball Ave,51.0,4.0,1.6439389421736417e-05,3.313441638695697e-06,41.968277,-87.71262899999999,55.0,-1.312594778304072e-05,1.312594778304072e-05,0.20160359670760336,weekday_oriented
Public Rack - Leamington & Elston,86.0,37.0,2.7721323338614354e-05,3.0649335157935196e-05,41.977894,-87.75631500000001,123.0,2.928011819320841e-06,-2.928011819320841e-06,1.1056192795804536,weekend_oriented
Public Rack - Lowell Ave & Elston Ave,58.0,35.0,1.8695776205112005e-05,2.899261433858735e-05,41.96614,-87.737,93.0,1.0296838133475343e-05,-1.0296838133475343e-05,1.5507279982663547,weekend_oriented
Public Rack - Mango & Higgins,73.0,31.0,2.3530890740916834e-05,2.5679172699891652e-05,41.971722,-87.77228800000002,104.0,2.1482819589748183e-06,-2.1482819589748183e-06,1.0912923650133826,weekend_oriented
Public Rack - Milwaukee Ave & Culyer Ave,33.0,20.0,1.0637251978770625e-05,1.6567208193478485e-05,41.9546801,-87.74942349999999,53.0,5.92995621470786e-06,-5.92995621470786e-06,1.5574182888825627,weekend_oriented
Public Rack - Milwaukee Ave & Diversey Ave,337.0,96.0,0.00010862890657108183,7.952259932869673e-05,41.93123,-87.711501,433.0,-2.91063072423851e-05,2.91063072423851e-05,0.7320599072471867,weekday_oriented
Public Rack - Milwaukee Ave & Haussen Ct,273.0,77.0,8.799908455164789e-05,6.378375154489216e-05,41.937752,-87.721623,350.0,-2.4215333006755727e-05,2.4215333006755727e-05,0.7248260256779234,weekday_oriented
Public Rack - Milwaukee Ave & Higgins Ave,84.0,11.0,2.7076641400507044e-05,9.111964506413166e-06,41.9685964,-87.7612092,95.0,-1.7964676894093876e-05,1.7964676894093876e-05,0.3365494199299988,weekday_oriented
Public Rack - Milwaukee Ave & School St,45.0,13.0,1.4505343607414486e-05,1.0768685325761014e-05,41.940648,-87.726087,58.0,-3.7366582816534723e-06,3.7366582816534723e-06,0.7424121210155542,weekday_oriented
Public Rack - Minuteman Park,41.0,16.0,1.3215979731199866e-05,1.3253766554782788e-05,41.785333,-87.7626015,57.0,3.778682358292134e-08,-3.778682358292134e-08,1.0028589605455567,weekend_oriented
Public Rack - Monticello Ave & Belmont Ave,222.0,100.0,7.155969512991147e-05,8.283604096739242e-05,41.939472,-87.718423,322.0,1.1276345837480945e-05,-1.1276345837480945e-05,1.1575773658571906,weekend_oriented
Public Rack - Nagel & Higgins,44.0,17.0,1.4183002638360831e-05,1.4082126964456711e-05,41.976312,-87.78764,61.0,-1.0087567390411991e-07,1.0087567390411991e-07,0.9928880671784917,weekday_oriented
Public Rack - Nashotah & Northwest Hwy,84.0,24.0,2.7076641400507044e-05,1.988064983217418e-05,41.988141,-87.79144699999999,108.0,-7.195991568332862e-06,7.195991568332862e-06,0.7342459979472912,weekday_oriented
Public Rack - Natoma Ave & Bryn Mawr Ave,84.0,7.0,2.7076641400507044e-05,5.79852286771747e-06,41.982886,-87.790461,91.0,-2.1278118532789573e-05,2.1278118532789573e-05,0.21418124207852426,weekday_oriented
Public Rack - Peterson Ave & Drake Ave,48.0,16.0,1.5472366514575454e-05,1.3253766554782788e-05,41.990119,-87.717337,64.0,-2.2185999597926668e-06,2.2185999597926668e-06,0.8566181472077967,weekday_oriented
Public Rack - Peterson Park,57.0,14.0,1.837343523605835e-05,1.159704573543494e-05,41.97871,-87.75552,71.0,-6.776389500623411e-06,6.776389500623411e-06,0.6312055628613122,weekday_oriented
Public Rack - Prairie Ave & 47th St,65.0,26.0,2.0952162988487594e-05,2.1537370651522028e-05,41.809497,-87.618997,91.0,5.852076630344347e-07,-5.852076630344347e-07,1.0279293232890885,weekend_oriented
Public Rack - Prairie Ave & Garfield Blvd N,59.0,9.0,1.901811717416566e-05,7.455243687065318e-06,41.79480875,-87.61890696,68.0,-1.1562873487100344e-05,1.1562873487100344e-05,0.3920394211143195,weekday_oriented
Public Rack - Pulaski Rd & 44th St,90.0,18.0,2.9010687214828973e-05,1.4910487374130636e-05,41.8129,-87.72249999999998,108.0,-1.4100199840698337e-05,1.4100199840698337e-05,0.5139820812113544,weekday_oriented
Public Rack - Rockwell & Division,207.0,60.0,6.672458059410664e-05,4.970162458043545e-05,41.90282,-87.692397,267.0,-1.702295601367119e-05,1.702295601367119e-05,0.7448811106309849,weekday_oriented
Public Rack - Sawyer Ave & Bryn Mawr Ave - SE,35.0,17.0,1.1281933916877934e-05,1.4082126964456711e-05,41.9830174,-87.7096999,52.0,2.8001930475787774e-06,-2.8001930475787774e-06,1.2481795132549718,weekend_oriented
Public Rack - South Shore Dr & 71st St,115.0,40.0,3.706921144117036e-05,3.313441638695697e-05,41.766206,-87.562789,155.0,-3.93479505421339e-06,3.93479505421339e-06,0.8938556080140566,weekday_oriented
Public Rack - Spaulding Ave & Bryn Mawr Ave,36.0,14.0,1.1604274885931589e-05,1.159704573543494e-05,41.982964,-87.711441,50.0,-7.229150496649913e-09,7.229150496649913e-09,0.9993770806320655,weekday_oriented
Public Rack - Spaulding Ave & Evergreen Ave,280.0,68.0,9.025547133502347e-05,5.6328507857826844e-05,41.905317,-87.70952099999998,348.0,-3.3926963477196625e-05,3.3926963477196625e-05,0.6241049203966444,weekday_oriented
Public Rack - Spaulding Ave & North Ave,111.0,46.0,3.577984756495574e-05,3.8104578845000516e-05,41.910138,-87.709553,157.0,2.324731280044779e-06,-2.324731280044779e-06,1.064971386600737,weekend_oriented
Public Rack - Springfield Ave & Lawrence Ave,70.0,58.0,2.2563867833755867e-05,4.8044903761087604e-05,41.9683986,-87.7256873,128.0,2.5481035927331736e-05,-2.5481035927331736e-05,2.129234884735883,weekend_oriented
Public Rack - St Louis Ave & Berteau Ave,48.0,12.0,1.5472366514575454e-05,9.94032491608709e-06,41.95837300000001,-87.71568499999998,60.0,-5.532041598488364e-06,5.532041598488364e-06,0.6424797672001538,weekday_oriented
Public Rack - Walden Pkwy & 103rd St,51.0,20.0,1.6439389421736417e-05,1.6567208193478485e-05,41.706205,-87.66896500000001,71.0,1.2781877174206723e-07,-1.2781877174206723e-07,1.007774680298818,weekend_oriented
Public Rack - Washtenaw Ave & Devon Ave,159.0,64.0,5.1252214079531185e-05,5.301506621913115e-05,41.997764,-87.697221,223.0,1.762852139599966e-06,-1.762852139599966e-06,1.0343949578823388,weekend_oriented
Public Rack - Washtenaw Ave & Superior St,427.0,159.0,0.0001376395937859108,0.00013170930513815396,41.894738,-87.69520399999999,586.0,-5.930288647756839e-06,5.930288647756839e-06,0.9569146827644398,weekday_oriented
Public Rack - Western Ave & 47th Pl,85.0,26.0,2.73989823695607e-05,2.1537370651522028e-05,41.808038,-87.68470899999998,111.0,-5.861611718038671e-06,5.861611718038671e-06,0.7860724273840966,weekday_oriented
Public Rack - Western Ave & 92nd Pl,54.0,20.0,1.7406412328897384e-05,1.6567208193478485e-05,41.725538,-87.681968,74.0,-8.392041354188991e-07,8.392041354188991e-07,0.9517904143612564,weekday_oriented
Public Rack - Western Ave & Devon Ave,166.0,56.0,5.3508600862906776e-05,4.638818294173976e-05,41.997579,-87.689713,222.0,-7.120417921167019e-06,7.120417921167019e-06,0.8669319560164587,weekday_oriented
Public Rack - Western Blvd & 49th St,49.0,6.0,1.5794707483629106e-05,4.970162458043545e-06,41.80478,-87.683749,55.0,-1.0824545025585561e-05,1.0824545025585561e-05,0.3147160368217586,weekday_oriented
Public Rack - Whipple St & 63rd St,35.0,15.0,1.1281933916877934e-05,1.2425406145108863e-05,41.77888,-87.699811,50.0,1.143472228230929e-06,-1.143472228230929e-06,1.1013452916284858,weekend_oriented
Public Rack - Woodlawn Ave & 63rd St N,362.0,106.0,0.00011668743079742321,8.780620342543597e-05,41.78062099999999,-87.596033,468.0,-2.8881227371987242e-05,2.8881227371987242e-05,0.7524927949187485,weekday_oriented
Public Rack - Woodlawn Ave & 63rd St S,77.0,29.0,2.4820254617131455e-05,2.4022451880543802e-05,41.779484000000004,-87.596028,106.0,-7.978027365876537e-07,7.978027365876537e-07,0.9678580817571962,weekday_oriented
Pulaski Rd & 51st St,473.0,136.0,0.00015246727836237895,0.00011265701571565369,41.800434,-87.7247496,609.0,-3.9810262646725264e-05,3.9810262646725264e-05,0.7388947847098646,weekday_oriented
Pulaski Rd & 54th St,82.0,26.0,2.6431959462399733e-05,2.1537370651522028e-05,41.79499,-87.72361,108.0,-4.894588810877704e-06,4.894588810877704e-06,0.8148300867392415,weekday_oriented
Pulaski Rd & 60th Pl,36.0,16.0,1.1604274885931589e-05,1.3253766554782788e-05,41.78314999999999,-87.72257,52.0,1.6494916688511985e-06,-1.6494916688511985e-06,1.1421329253347356,weekend_oriented
Pulaski Rd & 68th St,28.0,37.0,9.025547133502347e-06,3.0649335157935196e-05,41.769492215384616,-87.722888,65.0,2.162378802443285e-05,-2.162378802443285e-05,3.3955769248880783,weekend_oriented
Pulaski Rd & 75th St,63.0,7.0,2.0307481050380283e-05,5.79852286771747e-06,41.75725,-87.72247,70.0,-1.4508958182662812e-05,1.4508958182662812e-05,0.28557147397337584,weekday_oriented
Pulaski Rd & 84th St,33.0,18.0,1.0637251978770625e-05,1.4910487374130636e-05,41.740407,-87.72190700000002,51.0,4.273235395360012e-06,-4.273235395360012e-06,1.4016858600348583,weekend_oriented
Pulaski Rd & Ann Lurie Pl,135.0,29.0,4.351603082224346e-05,2.4022451880543802e-05,41.81644,-87.7248,164.0,-1.949357894169966e-05,1.949357894169966e-05,0.5520471279089281,weekday_oriented
Pulaski Rd & Congress Pkwy,132.0,26.0,4.25490079150825e-05,2.1537370651522028e-05,41.87441021003816,-87.72609159350395,158.0,-2.101163726356047e-05,2.101163726356047e-05,0.506189580375787,weekday_oriented
Pulaski Rd & Eddy St,446.0,148.0,0.00014376407219793025,0.00012259734063174078,41.946264,-87.731023,594.0,-2.116673156618947e-05,2.116673156618947e-05,0.8527686089355005,weekday_oriented
Pulaski Rd & Lake St,63.0,22.0,2.0307481050380283e-05,1.822392901282633e-05,41.885409,-87.726491,85.0,-2.0835520375539513e-06,2.0835520375539513e-06,0.8974048313911228,weekday_oriented
Racine Ave & 115th St,50.0,24.0,1.6117048452682762e-05,1.988064983217418e-05,41.68476,-87.65196,74.0,3.7636013794914196e-06,-3.7636013794914196e-06,1.2335022996450287,weekend_oriented
Racine Ave & 13th St,888.0,232.0,0.0002862387805196459,0.00019217961504435041,41.865054,-87.656959,1120.0,-9.405916547529548e-05,9.405916547529548e-05,0.6713972973828499,weekday_oriented
Racine Ave & 15th St,2172.0,708.0,0.0007001245847845393,0.0005864791700491384,41.861267,-87.656625,2880.0,-0.00011364541473540086,0.00011364541473540086,0.8376785291022113,weekday_oriented
Racine Ave & 18th St,4204.0,1542.0,0.0013551214339015667,0.0012773317517171911,41.8583996,-87.6564226,5746.0,-7.77896821843756e-05,7.77896821843756e-05,0.9425958273302218,weekday_oriented
Racine Ave & 35th St,615.0,237.0,0.00019823969596799798,0.00019632141709272004,41.83068856472101,-87.65621066093445,852.0,-1.9182788752779365e-06,1.9182788752779365e-06,0.9903234859728922,weekday_oriented
Racine Ave & 65th St,27.0,29.0,8.703206164448692e-06,2.4022451880543802e-05,41.775393,-87.654308,56.0,1.5319245716095108e-05,-1.5319245716095108e-05,2.759981947425001,weekend_oriented
Racine Ave & Belmont Ave,6671.0,3415.0,0.002150336604556934,0.002828850799036451,41.939743,-87.658865,10086.0,0.000678514194479517,-0.000678514194479517,1.3155384498888123,weekend_oriented
Racine Ave & Broadway,835.0,360.0,0.00026915470915980213,0.0002982097474826127,41.968235,-87.65965479999998,1195.0,2.905503832281058e-05,-2.905503832281058e-05,1.107948809310079,weekend_oriented
Racine Ave & Congress Pkwy,4164.0,945.0,0.0013422277951394205,0.0007828005871418584,41.87464,-87.65703,5109.0,-0.0005594272079975621,0.0005594272079975621,0.5832102469985729,weekday_oriented
Racine Ave & Fullerton Ave,7267.0,2865.0,0.0023424518221129126,0.002373252573715793,41.925566,-87.658416,10132.0,3.080075160288029e-05,-3.080075160288029e-05,1.013148931458563,weekend_oriented
Racine Ave & Garfield Blvd,43.0,16.0,1.3860661669307177e-05,1.3253766554782788e-05,41.794228,-87.655073,59.0,-6.068951145243895e-07,6.068951145243895e-07,0.9562177227375134,weekday_oriented
Racine Ave & Randolph St,2861.0,921.0,0.0009222175124625077,0.0007629199373096842,41.884081224846845,-87.65692072930314,3782.0,-0.00015929757515282346,0.00015929757515282346,0.8272669947521796,weekday_oriented
Racine Ave & Washington Blvd,3581.0,1196.0,0.0011543030101811395,0.0009907190499700133,41.883073,-87.656952,4777.0,-0.00016358396021112624,0.00016358396021112624,0.8582834688537071,weekday_oriented
Racine Ave & Webster Ave,485.0,206.0,0.0001563353699910228,0.00017064224439282839,41.9216,-87.65859,691.0,1.4306874401805582e-05,-1.4306874401805582e-05,1.0915134104919229,weekend_oriented
Racine Ave & Wrightwood Ave,4226.0,1919.0,0.0013622129352207472,0.0015896236261642605,41.928887,-87.658971,6145.0,0.00022741069094351328,-0.00022741069094351328,1.1669419795699427,weekend_oriented
Racine/Eddy Corral,506.0,235.0,0.00016310453034114957,0.0001946646962733722,41.9463404,-87.6591024,741.0,3.1560165932222636e-05,-3.1560165932222636e-05,1.1934953760685598,weekend_oriented
Rainbow Beach,70.0,55.0,2.2563867833755867e-05,4.555982253206583e-05,41.75787096522547,-87.54917675279042,125.0,2.2995954698309963e-05,-2.2995954698309963e-05,2.019104338112241,weekend_oriented
Ravenswood Ave & Berteau Ave,2958.0,1294.0,0.0009534845864607122,0.001071898370118058,41.957921,-87.673567,4252.0,0.00011841378365734566,-0.00011841378365734566,1.1241904286113975,weekend_oriented
Ravenswood Ave & Irving Park Rd,3286.0,1499.0,0.0010592124243103112,0.0012417122541012124,41.95469,-87.67393,4785.0,0.00018249982979090117,-0.00018249982979090117,1.1722975045465769,weekend_oriented
Ravenswood Ave & Lawrence Ave,13826.0,3647.0,0.004456686238135838,0.0030210304140808014,41.968445,-87.674226,17473.0,-0.0014356558240550365,0.0014356558240550365,0.6778648024097044,weekday_oriented
Rhodes Ave & 32nd St,2429.0,956.0,0.0007829662138313287,0.0007919125516482715,41.836208000000006,-87.613533,3385.0,8.946337816942841e-06,-8.946337816942841e-06,1.0114261972390457,weekend_oriented
Richmond St & 59th St,126.0,59.0,4.0614962100760565e-05,4.887326417076153e-05,41.78649,-87.69733,185.0,8.258302070000965e-06,-8.258302070000965e-06,1.2033265160508488,weekend_oriented
Richmond St & Diversey Ave,1863.0,914.0,0.0006005212253469598,0.0007571214144419668,41.93190196886,-87.7011951301,2777.0,0.00015660018909500703,-0.00015660018909500703,1.2607733444079097,weekend_oriented
Richmond St & Lincoln Ave,222.0,67.0,7.155969512991147e-05,5.5500147448152924e-05,41.9881174,-87.7031754,289.0,-1.605954768175855e-05,1.605954768175855e-05,0.775581446594335,weekday_oriented
Ridge Blvd & Howard St,443.0,228.0,0.00014279704929076928,0.0001888661734056547,42.019276,-87.68452,671.0,4.6069124114885425e-05,-4.6069124114885425e-05,1.3226173210607255,weekend_oriented
Ridge Blvd & Touhy Ave,673.0,264.0,0.00021693547217311,0.000218687148153916,42.01213227742,-87.6829126443,937.0,1.7516759808060029e-06,-1.7516759808060029e-06,1.008074603423108,weekend_oriented
Ritchie Ct & Banks St,7454.0,3335.0,0.0024027295833259463,0.002762581966262537,41.906866,-87.626217,10789.0,0.00035985238293659077,-0.00035985238293659077,1.1497680952803582,weekend_oriented
Rockwell Ave & Logan Blvd,283.0,139.0,9.122249424218444e-05,0.00011514209694467546,41.928110000000004,-87.69268,422.0,2.3919602702491023e-05,-2.3919602702491023e-05,1.262208797209501,weekend_oriented
Rockwell St & 47th St,77.0,26.0,2.4820254617131455e-05,2.1537370651522028e-05,41.80853,-87.68942,103.0,-3.282883965609427e-06,3.282883965609427e-06,0.8677389996497759,weekday_oriented
Rockwell St & 57th St,136.0,42.0,4.383837179129711e-05,3.4791137206304816e-05,41.79031,-87.68888,178.0,-9.047234584992297e-06,9.047234584992297e-06,0.7936276407412314,weekday_oriented
Rockwell St & Archer Ave,405.0,132.0,0.00013054809246673037,0.000109343574076958,41.82272,-87.68982,537.0,-2.1204518389772374e-05,2.1204518389772374e-05,0.8375743715324854,weekday_oriented
Rockwell St & Cermak Rd,272.0,98.0,8.767674358259423e-05,8.117932014804457e-05,41.851644,-87.690621,370.0,-6.49742343454966e-06,6.49742343454966e-06,0.9258942672443554,weekday_oriented
Rockwell St & Eastwood Ave,2298.0,768.0,0.0007407395468852998,0.0006361807946295738,41.96590013976,-87.69363849350002,3066.0,-0.00010455875225572596,0.00010455875225572596,0.858845647513992,weekday_oriented
Rockwell St & Fletcher St,1166.0,588.0,0.00037584956991656206,0.00048707592088826745,41.93877151938426,-87.69298122576966,1754.0,0.00011122635097170539,-0.00011122635097170539,1.2959323727948513,weekend_oriented
Rockwell/Irving Park Hub,136.0,62.0,4.383837179129711e-05,5.1358345399783304e-05,41.954212,-87.69317000000001,198.0,7.519973608486191e-06,-7.519973608486191e-06,1.171534702739035,weekend_oriented
Rush St & Cedar St,9762.0,4462.0,0.0031466925399017825,0.0036961441479650497,41.90230870122,-87.627690528,14224.0,0.0005494516080632671,-0.0005494516080632671,1.174612367266123,weekend_oriented
Rush St & Hubbard St,7384.0,2207.0,0.0023801657154921903,0.0018281914241503508,41.890173,-87.626185,9591.0,-0.0005519742913418395,0.0005519742913418395,0.768094273502309,weekday_oriented
Rush St & Illinois St,836.0,360.0,0.00026947705012885583,0.0002982097474826127,41.89087,-87.62584,1196.0,2.873269735375689e-05,-2.873269735375689e-05,1.106623516609304,weekend_oriented
Rush St & Superior St,9518.0,3262.0,0.003068041343452691,0.002702111656356341,41.89576474564,-87.6259080327,12780.0,-0.00036592968709634995,0.00036592968709634995,0.8807286060189956,weekday_oriented
SCOOTERS CLASSIC - 2132 W Hubbard ST,112.0,35.0,3.610218853400939e-05,2.899261433858735e-05,41.88996749470834,-87.6801560819149,147.0,-7.10957419542204e-06,7.10957419542204e-06,0.8030762798492219,weekday_oriented
Sacramento Ave & 25th St,55.0,21.0,1.772875329795104e-05,1.7395568603152408e-05,41.846506,-87.700139,76.0,-3.3318469479863116e-07,3.3318469479863116e-07,0.9812075955486005,weekday_oriented
Sacramento Ave & 51st St,40.0,12.0,1.2893638762146211e-05,9.94032491608709e-06,41.80068000000001,-87.69895,52.0,-2.95331384605912e-06,2.95331384605912e-06,0.7709657555720806,weekday_oriented
Sacramento Ave & Lunt Ave,235.0,83.0,7.575012772760899e-05,6.875391400293571e-05,42.0082,-87.70461000000002,318.0,-6.99621372467328e-06,6.99621372467328e-06,0.9076421178859444,weekday_oriented
Sacramento Ave & Lyndale St,267.0,118.0,8.606503873732595e-05,9.774652834152306e-05,41.92235,-87.70241,385.0,1.1681489604197109e-05,-1.1681489604197109e-05,1.1357270507110138,weekend_oriented
Sacramento Ave & Pratt Blvd,176.0,56.0,5.6732010553443324e-05,4.638818294173976e-05,42.00404000000001,-87.70473000000001,232.0,-1.0343827611703567e-05,1.0343827611703567e-05,0.8176753267489739,weekday_oriented
Sacramento Blvd & Addison St,566.0,248.0,0.00018244498848436888,0.00020543338159913322,41.94609,-87.702988,814.0,2.2988393114764337e-05,-2.2988393114764337e-05,1.1260010883535205,weekend_oriented
Sacramento Blvd & Franklin Blvd,244.0,83.0,7.865119644909189e-05,6.875391400293571e-05,41.89046879243862,-87.70260751247406,327.0,-9.897282446156175e-06,9.897282446156175e-06,0.8741639408307911,weekday_oriented
Sacramento Blvd & Fulton Ave,213.0,116.0,6.865862640842857e-05,9.608980752217521e-05,41.886528,-87.70167,329.0,2.7431181113746642e-05,-2.7431181113746642e-05,1.399524182531515,weekend_oriented
Sangamon St & Adams St,1018.0,313.0,0.00032814310649662107,0.00025927680822793826,41.879090000000005,-87.65128,1331.0,-6.886629826868281e-05,6.886629826868281e-05,0.7901339780137361,weekday_oriented
Sangamon St & Lake St,7533.0,2430.0,0.0024281945198811852,0.002012915795507636,41.88577925240433,-87.65102460980414,9963.0,-0.00041527872437354925,0.00041527872437354925,0.8289764061528828,weekday_oriented
Sangamon St & Washington Blvd,6352.0,1928.0,0.0020475098354288184,0.0015970788698513258,41.883165,-87.6511,8280.0,-0.00045043096557749267,0.00045043096557749267,0.780010460612211,weekday_oriented
Sawyer Ave & Irving Park Rd,1096.0,351.0,0.0003532857020828062,0.0002907545037955474,41.953598557720426,-87.70931008347263,1447.0,-6.253119828725879e-05,6.253119828725879e-05,0.8230015510954549,weekday_oriented
Sayre Ave & Diversey Ave,104.0,61.0,3.3523460781580146e-05,5.052998499010938e-05,41.93098,-87.80106,165.0,1.700652420852923e-05,-1.700652420852923e-05,1.507287031977361,weekend_oriented
Scottsdale Park,33.0,19.0,1.0637251978770625e-05,1.573884778380456e-05,41.741966,-87.736179,52.0,5.101595805033937e-06,-5.101595805033937e-06,1.4795520744587105,weekend_oriented
Sedgwick St & Chicago Ave,237.0,91.0,7.63948096657163e-05,7.53807972803271e-05,41.89677,-87.6386,328.0,-1.0140123853891967e-06,1.0140123853891967e-06,0.9867268585826082,weekday_oriented
Sedgwick St & Huron St,10193.0,2740.0,0.0032856214975639083,0.0022697075225065525,41.894666,-87.638437,12933.0,-0.0010159139750573558,0.0010159139750573558,0.690800152540167,weekday_oriented
Sedgwick St & North Ave,8133.0,3206.0,0.0026215991013133783,0.002655723473414601,41.910983,-87.638525,11339.0,3.4124372101222624e-05,-3.4124372101222624e-05,1.0130166199200736,weekend_oriented
Sedgwick St & North Ave*,74.0,17.0,2.385323170997049e-05,1.4082126964456711e-05,41.910983,-87.638525,91.0,-9.771104745513778e-06,9.771104745513778e-06,0.5903827520284507,weekday_oriented
Sedgwick St & Schiller St,2808.0,1036.0,0.000905133441102664,0.0008581813844221855,41.907626,-87.638566,3844.0,-4.6952056680478515e-05,4.6952056680478515e-05,0.9481269803154546,weekday_oriented
Sedgwick St & Webster Ave,8097.0,3571.0,0.002609994826427447,0.0029580750229455835,41.922167,-87.638888,11668.0,0.0003480801965181366,-0.0003480801965181366,1.1333642732274356,weekend_oriented
Seeley Ave & Garfield Blvd,49.0,22.0,1.5794707483629106e-05,1.822392901282633e-05,41.79408699999999,-87.675478,71.0,2.429221529197225e-06,-2.429221529197225e-06,1.1537899794431432,weekend_oriented
Seeley Ave & Roscoe St,3473.0,1536.0,0.0011194901855233448,0.0012723615892591476,41.943403,-87.679618,5009.0,0.00015287140373580277,-0.00015287140373580277,1.1365543612246825,weekend_oriented
Seminary Ave & Belden Ave,669.0,240.0,0.00021564610829689538,0.0001988064983217418,41.923390000000005,-87.65599,909.0,-1.6839609975153577e-05,1.6839609975153577e-05,0.9219112646204863,weekday_oriented
Shabbona Park,226.0,91.0,7.28490590061261e-05,7.53807972803271e-05,41.94480000000001,-87.79932,317.0,2.531738274201003e-06,-2.531738274201003e-06,1.0347527278459459,weekend_oriented
Shedd Aquarium,11191.0,8315.0,0.003607317784679456,0.0068878168064386795,41.867225962011034,-87.61535540410257,19506.0,0.0032804990217592234,-0.0032804990217592234,1.9094009200661002,weekend_oriented
Sheffield Ave & Addison St,4903.0,2436.0,0.0015804377712700718,0.0020178859579656795,41.947017,-87.654418,7339.0,0.00043744818669560776,-0.00043744818669560776,1.2767890756970395,weekend_oriented
Sheffield Ave & Fletcher St,408.0,167.0,0.00013151511537389134,0.00013833618841554534,41.939009999999996,-87.65321000000002,575.0,6.821073041654005e-06,-6.821073041654005e-06,1.0518649218178484,weekend_oriented
Sheffield Ave & Fullerton Ave,12434.0,3839.0,0.00400798760921315,0.003180075612738195,41.9256163,-87.65365740000001,16273.0,-0.0008279119964749548,0.0008279119964749548,0.7934345435583732,weekday_oriented
Sheffield Ave & Fullerton Ave*,172.0,38.0,5.544264667722871e-05,3.147769556760912e-05,41.9256163,-87.6536574,210.0,-2.3964951109619586e-05,2.3964951109619586e-05,0.5677601935324675,weekday_oriented
Sheffield Ave & Kingsbury St,8290.0,3404.0,0.002672206633454802,0.002819738834530038,41.91052201283299,-87.653106010569,11694.0,0.00014753220107523602,-0.00014753220107523602,1.0552098569093962,weekend_oriented
Sheffield Ave & Kingsbury St*,68.0,21.0,2.1919185895648557e-05,1.7395568603152408e-05,41.910522,-87.653106,89.0,-4.5236172924961485e-06,4.5236172924961485e-06,0.7936323481000156,weekday_oriented
Sheffield Ave & Waveland Ave,9766.0,4422.0,0.0031479819037779975,0.003663009731578093,41.949399,-87.654529,14188.0,0.0005150278278000953,-0.0005150278278000953,1.1636056622740847,weekend_oriented
Sheffield Ave & Webster Ave,9245.0,4057.0,0.002980042258901043,0.0033606581820471103,41.92154,-87.653818,13302.0,0.00038061592314606735,-0.00038061592314606735,1.1277216100837502,weekend_oriented
Sheffield Ave & Wellington Ave,9145.0,3675.0,0.0029478081619956774,0.0030442245055516716,41.936253484169214,-87.6526620968688,12820.0,9.64163435559942e-05,-9.64163435559942e-05,1.0327077969629215,weekend_oriented
Sheffield Ave & Willow St,6029.0,2488.0,0.0019433937024244876,0.0020609606992687234,41.913688,-87.652855,8517.0,0.00011756699684423578,-0.00011756699684423578,1.0604956865929318,weekend_oriented
Sheffield Ave & Wrightwood Ave,9249.0,4145.0,0.0029813316227772575,0.0034335538980984157,41.928712,-87.653833,13394.0,0.0004522222753211582,-0.0004522222753211582,1.1516846097165405,weekend_oriented
Sheffield/Cornelia Corral,391.0,178.0,0.0001260353188999792,0.00014744815292195852,41.9452875,-87.6542225,569.0,2.1412834021979305e-05,-2.1412834021979305e-05,1.1698941559771534,weekend_oriented
Sheffield/Newport Corral,1092.0,461.0,0.00035199633820659157,0.00038187414885967907,41.9446132,-87.6542018,1553.0,2.9877810653087503e-05,-2.9877810653087503e-05,1.0848807857619418,weekend_oriented
Sheridan Rd & Argyle St,4837.0,2611.0,0.0015591632673125305,0.002162849029658616,41.97328682025978,-87.65475958585739,7448.0,0.0006036857623460854,-0.0006036857623460854,1.3871854781450543,weekend_oriented
Sheridan Rd & Berwyn Ave,246.0,117.0,7.929587838719919e-05,9.691816793184913e-05,41.97828,-87.65529,363.0,1.7622289544649936e-05,-1.7622289544649936e-05,1.2222318192476878,weekend_oriented
Sheridan Rd & Buena Ave,6189.0,2978.0,0.0019949682574730726,0.0024668573000089463,41.958490957783354,-87.65498859932366,9167.0,0.00047188904253587377,-0.00047188904253587377,1.236539505943862,weekend_oriented
Sheridan Rd & Columbia Ave,2012.0,798.0,0.0006485500297359544,0.0006610316069197915,42.004583,-87.661406,2810.0,1.2481577183837134e-05,-1.2481577183837134e-05,1.0192453278332143,weekend_oriented
Sheridan Rd & Greenleaf Ave,1337.0,731.0,0.00043096987562473707,0.0006055314594716386,42.01058656284,-87.66241209479999,2068.0,0.0001745615838469015,-0.0001745615838469015,1.4050426460810288,weekend_oriented
Sheridan Rd & Irving Park Rd,9501.0,3972.0,0.0030625615469787788,0.003290247547224827,41.954245,-87.654406,13473.0,0.00022768600024604835,-0.00022768600024604835,1.0743449306759991,weekend_oriented
Sheridan Rd & Lawrence Ave,3435.0,1656.0,0.001107241228699306,0.0013717648384200185,41.969516999999996,-87.654691,5091.0,0.0002645236097207125,-0.0002645236097207125,1.2389031079779647,weekend_oriented
Sheridan Rd & Loyola Ave,2678.0,1158.0,0.0008632291151256888,0.0009592413544024042,42.00104377979,-87.6611982433,3836.0,9.601223927671544e-05,-9.601223927671544e-05,1.1112243857047732,weekend_oriented
Sheridan Rd & Montrose Ave,8226.0,3910.0,0.0026515768114353682,0.0032388892018250437,41.96167,-87.65464,12136.0,0.0005873123903896754,-0.0005873123903896754,1.22149543862405,weekend_oriented
Sheridan Rd & Noyes St (NU),4696.0,1337.0,0.0015137131906759651,0.0011075178677340367,42.058239,-87.677432,6033.0,-0.00040619532294192844,0.00040619532294192844,0.7316565270749443,weekday_oriented
Shields Ave & 28th Pl,1297.0,481.0,0.0004180762368625909,0.0003984413570531575,41.842733,-87.635491,1778.0,-1.963487980943335e-05,1.963487980943335e-05,0.9530352813351406,weekday_oriented
Shields Ave & 31st St,2361.0,975.0,0.0007610470279356801,0.0008076513994320761,41.838464,-87.635406,3336.0,4.660437149639604e-05,-4.660437149639604e-05,1.061237096458694,weekend_oriented
Shields Ave & 43rd St,144.0,56.0,4.6417099543726357e-05,4.638818294173976e-05,41.81620767856,-87.6348193497,200.0,-2.8916601986599653e-08,2.8916601986599653e-08,0.9993770403728106,weekday_oriented
Shore Dr & 53rd St,59.0,23.0,1.901811717416566e-05,1.9052289422500258e-05,41.79945,-87.58237,82.0,3.417224833459723e-08,-3.417224833459723e-08,1.0017967315739036,weekend_oriented
Shore Dr & 55th St,7396.0,3810.0,0.0023840338071208344,0.0031560531608576512,41.795212,-87.580715,11206.0,0.0007720193537368168,-0.0007720193537368168,1.32382889353414,weekend_oriented
Smith Park,1632.0,526.0,0.0005260604614955654,0.00043571757548848414,41.892048,-87.689397,2158.0,-9.034288600708122e-05,9.034288600708122e-05,0.82826553051379,weekday_oriented
South Shore Dr & 67th St,618.0,319.0,0.00019920671887515895,0.00026424697068598183,41.773643,-87.567514,937.0,6.504025181082289e-05,-6.504025181082289e-05,1.3264946367443866,weekend_oriented
South Shore Dr & 71st St,770.0,485.0,0.00024820254617131455,0.00040175479869185326,41.7664094567,-87.5656875719,1255.0,0.0001535522525205387,-0.0001535522525205387,1.618654547403421,weekend_oriented
South Shore Dr & 74th St,331.0,153.0,0.00010669486075675989,0.0001267391426801104,41.76218896038,-87.55927465,484.0,2.0044281923350523e-05,-2.0044281923350523e-05,1.1878637257451488,weekend_oriented
Southport Ave & Belmont Ave,6075.0,2700.0,0.0019582213870009556,0.0022365731061195953,41.93947775040509,-87.6637476682663,8775.0,0.00027835171911863967,-0.00027835171911863967,1.142145101070435,weekend_oriented
Southport Ave & Clark St,2423.0,1013.0,0.0007810321680170067,0.0008391290949996852,41.957081,-87.664199,3436.0,5.809692698267844e-05,-5.809692698267844e-05,1.0743847116380254,weekend_oriented
Southport Ave & Clybourn Ave,4370.0,1474.0,0.0014086300347644735,0.0012210032438593644,41.92126022238193,-87.66539180184805,5844.0,-0.00018762679090510918,0.00018762679090510918,0.8668020324168985,weekday_oriented
Southport Ave & Grace St,290.0,119.0,9.347888102556003e-05,9.857488875119698e-05,41.95155,-87.66404,409.0,5.09600772563695e-06,-5.09600772563695e-06,1.054514486643854,weekend_oriented
Southport Ave & Irving Park Rd,4828.0,2182.0,0.0015562621985910476,0.0018074824139085025,41.954177,-87.664358,7010.0,0.00025122021531745497,-0.00025122021531745497,1.1614252753293244,weekend_oriented
Southport Ave & Roscoe St,9814.0,4837.0,0.0031634542702925726,0.004006779301592771,41.943738999999994,-87.66402,14651.0,0.0008433250313001983,-0.0008433250313001983,1.2665835168335424,weekend_oriented
Southport Ave & Waveland Ave,11217.0,5566.0,0.003615698649874851,0.004610654040245062,41.948226,-87.6640712,16783.0,0.000994955390370211,-0.000994955390370211,1.2751764490185598,weekend_oriented
Southport Ave & Waveland Ave*,92.0,42.0,2.9655369152936284e-05,3.4791137206304816e-05,41.948226,-87.6640712,134.0,5.135768053368532e-06,-5.135768053368532e-06,1.173175887678079,weekend_oriented
Southport Ave & Wellington Ave,7347.0,3738.0,0.0023682390996372055,0.0030964112113611286,41.93577461766458,-87.66360014677048,11085.0,0.0007281721117239231,-0.0007281721117239231,1.30747393891163,weekend_oriented
Southport Ave & Wrightwood Ave,6030.0,2725.0,0.0019437160433935412,0.0022572821163614433,41.92877300000001,-87.663913,8755.0,0.00031356607296790205,-0.00031356607296790205,1.1613229014139044,weekend_oriented
Southport Ave & Wrightwood Ave*,65.0,19.0,2.0952162988487594e-05,1.573884778380456e-05,41.928773,-87.663913,84.0,-5.213315204683032e-06,5.213315204683032e-06,0.7511919700358647,weekday_oriented
Spaulding Ave & 16th St,68.0,38.0,2.1919185895648557e-05,3.147769556760912e-05,41.8590732,-87.7078929,106.0,9.558509671960566e-06,-9.558509671960566e-06,1.4360596993777348,weekend_oriented
Spaulding Ave & 63rd,52.0,28.0,1.6761730390790073e-05,2.319409147086988e-05,41.7791655,-87.7056392,80.0,6.432361080079806e-06,-6.432361080079806e-06,1.38372991333285,weekend_oriented
Spaulding Ave & Armitage Ave,3578.0,1472.0,0.0011533359872739786,0.0012193465230400165,41.91710803478932,-87.71022096276283,5050.0,6.60105357660379e-05,-6.60105357660379e-05,1.0572343872557666,weekend_oriented
Spaulding Ave & Division St,1357.0,570.0,0.0004374166950058102,0.0004721654335141368,41.90270659438,-87.709219571,1927.0,3.474873850832657e-05,-3.474873850832657e-05,1.0794406328437742,weekend_oriented
Springfield Ave & 71st St,48.0,11.0,1.5472366514575454e-05,9.111964506413166e-06,41.764484,-87.72002800000001,59.0,-6.360402008162289e-06,6.360402008162289e-06,0.5889451721982429,weekday_oriented
Springfield Ave & North Ave,398.0,125.0,0.0001282917056833548,0.00010354505120924053,41.910158,-87.723831,523.0,-2.4746654474114263e-05,2.4746654474114263e-05,0.8071078605576172,weekday_oriented
St Clair St & Ohio St,1056.0,439.0,0.00034039206332066,0.0003636502198468527,41.89238,-87.62264,1495.0,2.3258156526192737e-05,-2.3258156526192737e-05,1.0683273516190395,weekend_oriented
St Louis Ave & 51st St,44.0,13.0,1.4183002638360831e-05,1.0768685325761014e-05,41.80095,-87.71104,57.0,-3.414317312599817e-06,3.414317312599817e-06,0.7592839341861268,weekday_oriented
St Louis Ave & 59th St,124.0,46.0,3.9970280162653254e-05,3.8104578845000516e-05,41.78589,-87.71057,170.0,-1.8657013176527382e-06,1.8657013176527382e-06,0.9533239538473443,weekday_oriented
St Louis Ave & Foster Ave,361.0,113.0,0.00011636508982836956,9.360472629315343e-05,41.97598370000001,-87.7159844,474.0,-2.2760363535216123e-05,2.2760363535216123e-05,0.8044072498372524,weekday_oriented
St Louis Ave & Norman Bobbins Pl,73.0,30.0,2.3530890740916834e-05,2.4850812290217725e-05,41.79439000000001,-87.71132,103.0,1.3199215493008915e-06,-1.3199215493008915e-06,1.0560907563201385,weekend_oriented
St. Clair St & Erie St,15631.0,4030.0,0.005038511687277685,0.0033382924509859145,41.89434700980045,-87.62280048612229,19661.0,-0.0017002192362917706,0.0017002192362917706,0.662555332928932,weekday_oriented
St. Clair St & Erie St 1,106.0,19.0,3.4168142719687457e-05,1.573884778380456e-05,41.894400000000005,-87.62286,125.0,-1.8429294935882895e-05,1.8429294935882895e-05,0.46064508884314587,weekday_oriented
St. Clair St & Erie St 2,157.0,30.0,5.0607532141423874e-05,2.4850812290217725e-05,41.89445,-87.62268000000002,187.0,-2.575671985120615e-05,2.575671985120615e-05,0.49105973318432067,weekday_oriented
St. Louis & 71st St,47.0,22.0,1.5150025545521797e-05,1.822392901282633e-05,41.764354,-87.71012099999999,69.0,3.073903467304534e-06,-3.073903467304534e-06,1.2028841848407474,weekend_oriented
St. Louis Ave & Balmoral Ave,823.0,189.0,0.0002652866175311583,0.00015656011742837167,41.98039423475,-87.7161149615,1012.0,-0.00010872650010278665,0.00010872650010278665,0.5901561440574338,weekday_oriented
St. Louis Ave & Fullerton Ave,2075.0,948.0,0.0006688575107863347,0.0007852856683708802,41.92481559681187,-87.71449506282805,3023.0,0.00011642815758454547,-0.00011642815758454547,1.1740699351312256,weekend_oriented
State St & 19th St,1915.0,807.0,0.0006172829557377498,0.0006684868506068568,41.856594,-87.627542,2722.0,5.1203894869106975e-05,-5.1203894869106975e-05,1.0829503089998676,weekend_oriented
State St & 29th St,348.0,142.0,0.00011217465723067203,0.00011762717817369724,41.84170699999999,-87.626938,490.0,5.4525209430252095e-06,-5.4525209430252095e-06,1.0486069890530076,weekend_oriented
State St & 33rd St,4287.0,1236.0,0.00138187573433302,0.0010238534663569703,41.834734,-87.625813,5523.0,-0.0003580222679760497,0.0003580222679760497,0.7409159159562422,weekday_oriented
State St & 35th St,2150.0,608.0,0.0006930330834653588,0.000503643129081746,41.8310363140161,-87.62679755687714,2758.0,-0.00018938995438361281,0.00018938995438361281,0.7267234629549364,weekday_oriented
State St & 45th St,64.0,47.0,2.0629822019433938e-05,3.8932939254674436e-05,41.813129999999994,-87.62585,111.0,1.8303117235240498e-05,-1.8303117235240498e-05,1.8871734348732798,weekend_oriented
State St & 54th St,157.0,37.0,5.0607532141423874e-05,3.0649335157935196e-05,41.796642,-87.625923,194.0,-1.9958196983488678e-05,1.9958196983488678e-05,0.605635727040726,weekday_oriented
State St & 76th St,43.0,13.0,1.3860661669307177e-05,1.0768685325761014e-05,41.756971,-87.624621,56.0,-3.091976343546163e-06,3.091976343546163e-06,0.7769404262410696,weekday_oriented
State St & 79th St,101.0,44.0,3.255643787441918e-05,3.644785802565266e-05,41.750794,-87.624424,145.0,3.89142015123348e-06,-3.89142015123348e-06,1.1195247662375492,weekend_oriented
State St & 95th St,235.0,90.0,7.575012772760899e-05,7.455243687065318e-05,41.7218499,-87.6228544,325.0,-1.1976908569558126e-06,1.1976908569558126e-06,0.9841891349622867,weekday_oriented
State St & Chicago Ave,19184.0,6966.0,0.006183789150325323,0.005770358613788556,41.896617200407526,-87.62857854366302,26150.0,-0.0004134305365367666,0.0004134305365367666,0.9331428579420639,weekday_oriented
State St & Harrison St,4946.0,2052.0,0.0015942984329393789,0.0016997955606508925,41.874053,-87.627716,6998.0,0.00010549712771151364,-0.00010549712771151364,1.066171464112617,weekend_oriented
State St & Kinzie St,10238.0,3141.0,0.0033001268411713227,0.002601880046785796,41.8893754597427,-87.62707652193124,13379.0,-0.0006982467943855266,0.0006982467943855266,0.788418258930934,weekday_oriented
State St & Pearson St,5446.0,1873.0,0.0017554689174662066,0.00155151904731926,41.897448,-87.62872199999998,7319.0,-0.0002039498701469466,0.0002039498701469466,0.8838203559527116,weekday_oriented
State St & Pershing Rd,52.0,51.0,1.6761730390790073e-05,4.2246380893370137e-05,41.82301523798,-87.62656801850001,103.0,2.5484650502580064e-05,-2.5484650502580064e-05,2.520316196016734,weekend_oriented
State St & Randolph St,8847.0,3622.0,0.002851750553217688,0.0030003214038389534,41.88462107257936,-87.62783423066139,12469.0,0.00014857085062126548,-0.00014857085062126548,1.0520981045679207,weekend_oriented
State St & Van Buren St,5539.0,1661.0,0.0017854466275881965,0.001375906640468388,41.877181,-87.627844,7200.0,-0.0004095399871198084,0.0004095399871198084,0.7706233547309255,weekday_oriented
Stave St & Armitage Ave,3045.0,1218.0,0.0009815282507683802,0.0010089429789828398,41.917741,-87.691392,4263.0,2.7414728214459564e-05,-2.7414728214459564e-05,1.0279306278371207,weekend_oriented
Steelworkers Park,93.0,107.0,2.997771012198994e-05,8.863456383510989e-05,41.73793,-87.53091,200.0,5.865685371311995e-05,-5.865685371311995e-05,2.9566169950085364,weekend_oriented
Stetson Ave & South Water St,7193.0,2271.0,0.0023185985904029425,0.0018812064903694818,41.886835,-87.62232,9464.0,-0.00043739210003346067,0.00043739210003346067,0.8113550516251719,weekday_oriented
Stewart Ave & 123rd St,79.0,37.0,2.5464936555238766e-05,3.0649335157935196e-05,41.6706,-87.63244,116.0,5.184398602696429e-06,-5.184398602696429e-06,1.2035816979065674,weekend_oriented
Stewart Ave & 83rd St,69.0,21.0,2.2241526864702212e-05,1.7395568603152408e-05,41.743717,-87.634088,90.0,-4.845958261549804e-06,4.845958261549804e-06,0.7821309471254321,weekday_oriented
Stockton Dr & Wrightwood Ave,8240.0,4364.0,0.0026560895850021196,0.003614964827817005,41.93132,-87.63874200000001,12604.0,0.0009588752428148855,-0.0009588752428148855,1.3610099927424426,weekend_oriented
Stony Island Ave & 63rd St,374.0,286.0,0.00012055552242606707,0.0002369110771667423,41.780506,-87.586853,660.0,0.00011635555474067524,-0.00011635555474067524,1.9651535429120548,weekend_oriented
Stony Island Ave & 64th St,128.0,68.0,4.1259644038867876e-05,5.6328507857826844e-05,41.778881,-87.58664699999999,196.0,1.5068863818958968e-05,-1.5068863818958968e-05,1.365211551345732,weekend_oriented
Stony Island Ave & 67th St,194.0,89.0,6.253414799640912e-05,7.372407646097926e-05,41.77345849948,-87.5853397391,283.0,1.1189928464570137e-05,-1.1189928464570137e-05,1.178938226310949,weekend_oriented
Stony Island Ave & 71st St,296.0,104.0,9.541292683988196e-05,8.614948260608811e-05,41.7664929373,-87.58646087749999,400.0,-9.263444233793843e-06,9.263444233793843e-06,0.9029130805051215,weekday_oriented
Stony Island Ave & 75th St,200.0,114.0,6.446819381073105e-05,9.443308670282735e-05,41.7586696704,-87.586882871,314.0,2.9964892892096306e-05,-2.9964892892096306e-05,1.4647939755547026,weekend_oriented
Stony Island Ave & 82nd St,39.0,15.0,1.2571297793092555e-05,1.2425406145108863e-05,41.746559,-87.586005,54.0,-1.4589164798369286e-07,1.4589164798369286e-07,0.9883957848927307,weekday_oriented
Streeter Dr & Grand Ave,17854.0,12071.0,0.0057550756614839615,0.009999138505173939,41.892278002970286,-87.61204300164603,29925.0,0.004244062843689977,-0.004244062843689977,1.7374467958165536,weekend_oriented
Streeter Dr/Grand Ave,2231.0,1348.0,0.0007191427019587049,0.0011166298322404498,41.89240100000001,-87.612388,3579.0,0.0003974871302817449,-0.0003974871302817449,1.5527228135338236,weekend_oriented
Talman Ave & Addison St,2088.0,1137.0,0.0006730479433840322,0.0009418457857992518,41.9466358306,-87.69461475800001,3225.0,0.0002687978424152196,-0.0002687978424152196,1.3993733963294366,weekend_oriented
The Salt Shed,895.0,555.0,0.0002884951673030215,0.00045974002736902793,41.90689,-87.65978,1450.0,0.00017124486006600645,-0.00017124486006600645,1.5935775912271988,weekend_oriented
Theater on the Lake,15407.0,12444.0,0.004966307310209667,0.010308116937982312,41.926277,-87.630834,27851.0,0.005341809627772646,-0.005341809627772646,2.0756097475444744,weekend_oriented
Throop St & Taylor St,3864.0,1479.0,0.001245525504423324,0.001225145045907734,41.868968,-87.659141,5343.0,-2.0380458515590043e-05,2.0380458515590043e-05,0.9836370736044464,weekday_oriented
Tripp Ave & 15th St,81.0,20.0,2.6109618493346077e-05,1.6567208193478485e-05,41.86077,-87.73136,101.0,-9.542410299867593e-06,9.542410299867593e-06,0.6345390936526708,weekday_oriented
Tripp Ave & 31st St,36.0,26.0,1.1604274885931589e-05,2.1537370651522028e-05,41.836966,-87.73050199999999,62.0,9.93309576559044e-06,-9.93309576559044e-06,1.8559121488480863,weekend_oriented
Tripp Ave & 65th St,141.0,29.0,4.5450076636565394e-05,2.4022451880543802e-05,41.77491,-87.72883,170.0,-2.1427624756021592e-05,2.1427624756021592e-05,0.5285562776133873,weekday_oriented
Troy St & Elston Ave,1672.0,685.0,0.0005389541002577117,0.0005674268806266381,41.94524356848,-87.7066499009,2357.0,2.847278036892647e-05,-2.847278036892647e-05,1.05282959629719,weekend_oriented
Troy St & Grace St,673.0,158.0,0.00021693547217311,0.00013088094472848004,41.950244,-87.706489,831.0,-8.605452744462995e-05,8.605452744462995e-05,0.6033192271331832,weekday_oriented
Troy St & Jackson Blvd,40.0,15.0,1.2893638762146211e-05,1.2425406145108863e-05,41.87750499999999,-87.70485,55.0,-4.682326170373483e-07,4.682326170373483e-07,0.9636878065625303,weekday_oriented
Troy St & North Ave,1199.0,672.0,0.0003864868218953327,0.0005566581953008771,41.909769301690005,-87.7052804871,1871.0,0.00017017137340554438,-0.00017017137340554438,1.4403020322115858,weekend_oriented
Union Ave & Root St,187.0,69.0,6.027776121303354e-05,5.715686826750077e-05,41.819102,-87.643278,256.0,-3.120892945532766e-06,3.120892945532766e-06,0.9482256621946311,weekday_oriented
University Ave & 57th St,16397.0,4551.0,0.005285424869572786,0.003769868224426029,41.791478002955266,-87.59986050810642,20948.0,-0.0015155566451467567,0.0015155566451467567,0.7132574209636474,weekday_oriented
University Ave & 59th St,5437.0,975.0,0.0017525678487447236,0.0008076513994320761,41.787878,-87.598906,6412.0,-0.0009449164493126475,0.0009449164493126475,0.46083918472621305,weekday_oriented
University Ave & 65th St,391.0,134.0,0.0001260353188999792,0.00011100029489630585,41.77694,-87.59842000000002,525.0,-1.5035024003673365e-05,1.5035024003673365e-05,0.880708797790223,weekday_oriented
University Library (NU),1920.0,585.0,0.0006188946605830181,0.00048459083965924564,42.052939,-87.673447,2505.0,-0.0001343038209237725,0.0001343038209237725,0.7829944052326134,weekday_oriented
Valli Produce - Evanston Plaza,543.0,223.0,0.0001750311461961348,0.0001847243713572851,42.03974199999999,-87.699413,766.0,9.693225161150294e-06,-9.693225161150294e-06,1.0553796852281547,weekend_oriented
Vernon Ave & 107th St,51.0,14.0,1.6439389421736417e-05,1.159704573543494e-05,41.70012137923888,-87.61225998401642,65.0,-4.842343686301478e-06,4.842343686301478e-06,0.7054605239521125,weekday_oriented
Vernon Ave & 75th St,77.0,31.0,2.4820254617131455e-05,2.5679172699891652e-05,41.758361,-87.614138,108.0,8.589180827601965e-07,-8.589180827601965e-07,1.0346041364954766,weekend_oriented
Vernon Ave & 79th St,63.0,30.0,2.0307481050380283e-05,2.4850812290217725e-05,41.75094,-87.61379,93.0,4.5433312398374425e-06,-4.5433312398374425e-06,1.2237159553472547,weekend_oriented
Vincennes Ave & 104th St,89.0,19.0,2.8688346245775317e-05,1.573884778380456e-05,41.70492556499763,-87.65686810958869,108.0,-1.2949498461970756e-05,1.2949498461970756e-05,0.5486304096637389,weekday_oriented
Vincennes Ave & 107th St,59.0,18.0,1.901811717416566e-05,1.4910487374130636e-05,41.69922,-87.65869,77.0,-4.107629800035025e-06,4.107629800035025e-06,0.7840262635526236,weekday_oriented
Vincennes Ave & 79th St,87.0,28.0,2.8043664307668007e-05,2.319409147086988e-05,41.750600000000006,-87.63409,115.0,-4.849572836798128e-06,4.849572836798128e-06,0.827076809207085,weekday_oriented
Vincennes Ave & 95th St,91.0,36.0,2.9333028183882628e-05,2.9820974748261272e-05,41.72126,-87.65005,127.0,4.87946564378644e-07,-4.87946564378644e-07,1.016634147936312,weekend_oriented
Virginia Ave & Catalpa Ave,262.0,91.0,8.445333389205768e-05,7.53807972803271e-05,41.9812456,-87.7048924,353.0,-9.07253661173058e-06,9.07253661173058e-06,0.892574647225016,weekday_oriented
W 103rd St & S Avers Ave,51.0,18.0,1.6439389421736417e-05,1.4910487374130636e-05,41.705846,-87.717074,69.0,-1.5289020476057812e-06,1.5289020476057812e-06,0.9070032948499162,weekday_oriented
W Armitage Ave & N Sheffield Ave,2720.0,1274.0,0.0008767674358259424,0.0010553311619245795,41.917805,-87.653449,3994.0,0.00017856372609863713,-0.00017856372609863713,1.2036612163511846,weekend_oriented
W Washington Blvd & N Peoria St,682.0,219.0,0.0002198365408945929,0.0001814109297185894,41.883043,-87.649931,901.0,-3.8425611176003496e-05,3.8425611176003496e-05,0.8252090565622379,weekday_oriented
Wabansia & Milwaukee,945.0,476.0,0.0003046122157557042,0.0003942995550047879,41.913754,-87.6826658,1421.0,8.968733924908371e-05,-8.968733924908371e-05,1.2944302302399504,weekend_oriented
Wabash Ave & 16th St,5196.0,1908.0,0.0016748836752027928,0.0015805116616578474,41.86038402778688,-87.62581300235036,7104.0,-9.437201354494545e-05,9.437201354494545e-05,0.9436546199615092,weekday_oriented
Wabash Ave & 49th St,54.0,26.0,1.7406412328897384e-05,2.1537370651522028e-05,41.80581,-87.6245,80.0,4.130958322624645e-06,-4.130958322624645e-06,1.2373103046319525,weekend_oriented
Wabash Ave & 59th St,60.0,32.0,1.9340458143219316e-05,2.6507533109565575e-05,41.78656330002277,-87.62392012393944,92.0,7.167074966346259e-06,-7.167074966346259e-06,1.3705550488115021,weekend_oriented
Wabash Ave & 83rd St,40.0,14.0,1.2893638762146211e-05,1.159704573543494e-05,41.74335976225324,-87.62284398078917,54.0,-1.2965930267112717e-06,1.2965930267112717e-06,0.899447122899047,weekday_oriented
Wabash Ave & 87th St,118.0,60.0,3.803623434833132e-05,4.970162458043545e-05,41.73655301831962,-87.62264415621758,178.0,1.1665390232104129e-05,-1.1665390232104129e-05,1.3066834493085557,weekend_oriented
Wabash Ave & 9th St,9254.0,3575.0,0.002982943327622526,0.002961388464584279,41.870769,-87.625734,12829.0,-2.1554863038246788e-05,2.1554863038246788e-05,0.9927739640198292,weekday_oriented
Wabash Ave & Adams St,7117.0,2290.0,0.0022941006767548647,0.0018969453381532863,41.87947235235,-87.6256886059,9407.0,-0.00039715533860157836,0.00039715533860157836,0.8268798010891231,weekday_oriented
Wabash Ave & Cermak Rd,1977.0,1054.0,0.0006372680958190765,0.0008730918717963161,41.852619,-87.626488,3031.0,0.00023582377597723963,-0.00023582377597723963,1.3700536830114716,weekend_oriented
Wabash Ave & Grand Ave,15575.0,6413.0,0.0050204605930106805,0.005312275307238876,41.891466,-87.62676099999999,21988.0,0.0002918147142281953,-0.0002918147142281953,1.058125076513771,weekend_oriented
Wabash Ave & Jackson Blvd,365.0,63.0,0.00011765445370458418,5.2186705809457224e-05,41.87801,-87.62599,428.0,-6.546774789512695e-05,6.546774789512695e-05,0.44356384822154526,weekday_oriented
Wabash Ave & Roosevelt Rd,12698.0,5124.0,0.004093085625043315,0.004244518739169188,41.867227,-87.625961,17822.0,0.0001514331141258731,-0.0001514331141258731,1.0369972903088194,weekend_oriented
Wabash Ave & Wacker Pl,7312.0,3298.0,0.0023569571657203275,0.002731932631104602,41.886875,-87.62603,10610.0,0.00037497546538427457,-0.00037497546538427457,1.159092966026266,weekend_oriented
Wabash Ave & Washington St,2108.0,715.0,0.0006794947627651053,0.0005922776929168558,41.8832,-87.62662,2823.0,-8.721706984824947e-05,8.721706984824947e-05,0.871644424251694,weekday_oriented
Wacker Dr & Randolph St,1103.0,155.0,0.00035554208886618175,0.00012839586349945825,41.88454,-87.63732,1258.0,-0.0002271462253667235,0.0002271462253667235,0.36112884069526624,weekday_oriented
Wacker Dr & Washington St,8781.0,743.0,0.002830476049260147,0.0006154717843877257,41.88314336439022,-87.63724207878113,9524.0,-0.0022150042648724213,0.0022150042648724213,0.21744489486272395,weekday_oriented
Wacker Dr & Washington St Corral,1931.0,25.0,0.0006224404112426084,2.0709010241848105e-05,41.88316,-87.63736,1956.0,-0.0006017314010007603,0.0006017314010007603,0.03327222428935722,weekday_oriented
Walden Pkwy & 100th St,212.0,55.0,6.833628543937491e-05,4.555982253206583e-05,41.71216410359803,-87.66773343086243,267.0,-2.2776462907309083e-05,2.2776462907309083e-05,0.6667051850118467,weekday_oriented
Wallace St & 28th St,200.0,108.0,6.446819381073105e-05,8.946292424478382e-05,41.843511,-87.6419,308.0,2.4994730434052773e-05,-2.4994730434052773e-05,1.3877003721720549,weekend_oriented
Wallace St & 35th St,864.0,386.0,0.00027850259726235814,0.00031974711813413474,41.83070705144085,-87.64125533401966,1250.0,4.1244520871776605e-05,-4.1244520871776605e-05,1.1480933146903776,weekend_oriented
Wallace St & Pershing Rd,262.0,93.0,8.445333389205768e-05,7.703751809967495e-05,41.82348386197183,-87.6408699859155,355.0,-7.415815792382726e-06,7.415815792382726e-06,0.9121914122031797,weekday_oriented
Walsh Park,4187.0,1662.0,0.0013496416374276547,0.001376735000878062,41.91461,-87.667968,5849.0,2.709336345040731e-05,-2.709336345040731e-05,1.0200744720854742,weekend_oriented
Warren Park East,666.0,257.0,0.0002146790853897344,0.00021288862528619852,42.00454962194,-87.68066614509999,923.0,-1.7904601035358863e-06,1.7904601035358863e-06,0.9916598686818787,weekday_oriented
Warren Park West,797.0,375.0,0.0002569057523357632,0.00031063515362772157,42.001785,-87.688829,1172.0,5.372940129195835e-05,-5.372940129195835e-05,1.2091397007025215,weekend_oriented
Washtenaw Ave & Lawrence Ave,1992.0,680.0,0.0006421032103548813,0.0005632850785782684,41.9687297,-87.6962603,2672.0,-7.881813177661287e-05,7.881813177661287e-05,0.8772502492499601,weekday_oriented
Washtenaw Ave & Ogden Ave,318.0,132.0,0.00010250442815906237,0.000109343574076958,41.86193049278259,-87.69345045089722,450.0,6.8391459178956254e-06,-6.8391459178956254e-06,1.0667198414827652,weekend_oriented
Washtenaw Ave & Peterson Ave,165.0,59.0,5.318625989385312e-05,4.887326417076153e-05,41.99066,-87.697075,224.0,-4.312995723091587e-06,4.312995723091587e-06,0.9189092325549555,weekday_oriented
Washtenaw Ave & Polk St,170.0,62.0,5.47979647391214e-05,5.1358345399783304e-05,41.8711028,-87.693683,232.0,-3.439619339338094e-06,3.439619339338094e-06,0.9372320379461015,weekday_oriented
Waveland/Racine,192.0,87.0,6.188946605830182e-05,7.20673556416314e-05,41.9491,-87.6593,279.0,1.0177889583329588e-05,-1.0177889583329588e-05,1.1644500394251653,weekend_oriented
Waveland/Racine Corral,744.0,331.0,0.0002398216809759195,0.00027418729560206893,41.9488214,-87.6592823,1075.0,3.4365614626149414e-05,-3.4365614626149414e-05,1.1432959321708196,weekend_oriented
Waveland/Wilton Corral,82.0,45.0,2.6431959462399733e-05,3.727621843532659e-05,41.9489031,-87.65314100000002,127.0,1.0844258972926857e-05,-1.0844258972926857e-05,1.410255196295843,weekend_oriented
Wellington Ave & Mulligan Ave,61.0,31.0,1.9662799112272972e-05,2.5679172699891652e-05,41.93473,-87.78436,92.0,6.01637358761868e-06,-6.01637358761868e-06,1.3059619127141926,weekend_oriented
Wells St & 19th St,1005.0,687.0,0.00032395267389892355,0.000569083601445986,41.856802,-87.633879,1692.0,0.0002451309275470624,-0.0002451309275470624,1.7566851290704777,weekend_oriented
Wells St & Concord Ln,18316.0,9219.0,0.00590399718918675,0.0076366546167839075,41.912133,-87.634656,27535.0,0.0017326574275971576,-0.0017326574275971576,1.2934718765277642,weekend_oriented
Wells St & Elm St,18124.0,8113.0,0.005842107723128448,0.006720488003684547,41.903222,-87.634324,26237.0,0.000878380280556099,-0.000878380280556099,1.1503532923101312,weekend_oriented
Wells St & Evergreen Ave,9741.0,4372.0,0.003139923379551656,0.0036215917110943964,41.90672457611039,-87.63482999967887,14113.0,0.0004816683315427405,-0.0004816683315427405,1.1534012521701293,weekend_oriented
Wells St & Hubbard St,16733.0,4605.0,0.005393731435174813,0.003814599686548421,41.889906,-87.634266,21338.0,-0.0015791317486263923,0.0015791317486263923,0.7072283863529815,weekday_oriented
Wells St & Huron St,17689.0,6052.0,0.005701889401590108,0.005013237199346589,41.89478399980203,-87.6343724037867,23741.0,-0.0006886522022435193,0.0006886522022435193,0.8792238794959173,weekday_oriented
Wells St & Institute Pl,5264.0,2018.0,0.0016968028610984413,0.001671631306721979,41.89737986072316,-87.63442039489746,7282.0,-2.517155437646232e-05,2.517155437646232e-05,0.9851653128840906,weekday_oriented
Wells St & Madison St,2070.0,211.0,0.0006672458059410664,0.000174784046441198,41.88199,-87.63418,2281.0,-0.0004924617594998684,0.0004924617594998684,0.26194961876915396,weekday_oriented
Wells St & Polk St,7557.0,2826.0,0.002435930703138473,0.0023409465177385096,41.87273154226308,-87.63351649045944,10383.0,-9.498418539996339e-05,9.498418539996339e-05,0.9610070408470053,weekday_oriented
Wells St & Randolph St,10306.0,2048.0,0.003322046027066971,0.0016964821190121968,41.884295,-87.633963,12354.0,-0.0016255639080547742,0.0016255639080547742,0.5106740227305026,weekday_oriented
Wells St & Randolph St Corral,1031.0,91.0,0.0003323335390943186,7.53807972803271e-05,41.88438,-87.63396,1122.0,-0.0002569527418139915,0.0002569527418139915,0.22682504649007693,weekday_oriented
Wells St & Walton St,9219.0,3562.0,0.002971661393705648,0.002950619779258518,41.89993001,-87.63443007,12781.0,-2.104161444712975e-05,2.104161444712975e-05,0.9929192446316585,weekday_oriented
Wells St & Washington St,1958.0,430.0,0.000631143617407057,0.0003561949761597874,41.883,-87.63396,2388.0,-0.00027494864124726965,0.00027494864124726965,0.5643650699631312,weekday_oriented
Wentworth Ave & 107th St,53.0,13.0,1.7084071359843728e-05,1.0768685325761014e-05,41.69989,-87.62785,66.0,-6.315386034082714e-06,6.315386034082714e-06,0.6303564731414456,weekday_oriented
Wentworth Ave & 24th St,1135.0,714.0,0.0003658569998758987,0.0005914493325071819,41.85008369347577,-87.6321405172348,1849.0,0.00022559233263128319,-0.00022559233263128319,1.6166117256088577,weekend_oriented
Wentworth Ave & 33rd St,1250.0,562.0,0.0004029262113170691,0.0004655385502367454,41.83452988563,-87.6318229814,1812.0,6.261233891967632e-05,-6.261233891967632e-05,1.1553936720109126,weekend_oriented
Wentworth Ave & 35th St,1271.0,577.0,0.00040969537166719584,0.0004779639563818543,41.830777,-87.632504,1848.0,6.826858471465844e-05,-6.826858471465844e-05,1.166632143791877,weekend_oriented
Wentworth Ave & 63rd St,148.0,69.0,4.770646341994098e-05,5.715686826750077e-05,41.78007963264,-87.6297463052,217.0,9.450404847559793e-06,-9.450404847559793e-06,1.1980907004921513,weekend_oriented
Wentworth Ave & 92nd St,69.0,4.0,2.2241526864702212e-05,3.313441638695697e-06,41.72714,-87.62886,73.0,-1.8928085226006515e-05,1.8928085226006515e-05,0.14901371857869045,weekday_oriented
Wentworth Ave & Cermak Rd,59.0,29.0,1.901811717416566e-05,2.4022451880543802e-05,41.85308455741279,-87.63193130493164,88.0,5.004334706378141e-06,-5.004334706378141e-06,1.2631212931994396,weekend_oriented
Wentworth Ave & Cermak Rd*,4099.0,2601.0,0.001321275632150933,0.0021545654255618767,41.853214418519656,-87.63187229633331,6700.0,0.0008332897934109438,-0.0008332897934109438,1.6306701966373345,weekend_oriented
Western Ave & 101st St,52.0,18.0,1.6761730390790073e-05,1.4910487374130636e-05,41.71011,-87.68198,70.0,-1.8512430166594367e-06,1.8512430166594367e-06,0.8895619643398571,weekday_oriented
Western Ave & 104th St,71.0,28.0,2.2886208802809523e-05,2.319409147086988e-05,41.70458710218908,-87.68120348453522,99.0,3.078826680603556e-07,-3.078826680603556e-07,1.0134521719407987,weekend_oriented
Western Ave & 111th St,52.0,43.0,1.6761730390790073e-05,3.561949761597874e-05,41.691211034981045,-87.68129736185074,95.0,1.885776722518867e-05,-1.885776722518867e-05,2.12498183682234,weekend_oriented
Western Ave & 21st St,817.0,300.0,0.00026335257171683637,0.00024850812290217725,41.854109,-87.685838,1117.0,-1.4844448814659125e-05,1.4844448814659125e-05,0.9436330074512139,weekday_oriented
Western Ave & 24th St,500.0,253.0,0.00016117048452682763,0.00020957518364750282,41.84847,-87.68510899999998,753.0,4.840469912067519e-05,-4.840469912067519e-05,1.3003304167780252,weekend_oriented
Western Ave & 28th St,105.0,43.0,3.3845801750633804e-05,3.561949761597874e-05,41.84151770807,-87.68513144089998,148.0,1.7736958653449383e-06,-1.7736958653449383e-06,1.0524036474232525,weekend_oriented
Western Ave & 43rd St,176.0,44.0,5.6732010553443324e-05,3.644785802565266e-05,41.81574,-87.68489000000001,220.0,-2.028415252779066e-05,2.028415252779066e-05,0.6424629623932491,weekday_oriented
Western Ave & 79th St,37.0,23.0,1.1926615854985245e-05,1.9052289422500258e-05,41.750843,-87.682701,60.0,7.1256735675150136e-06,-7.1256735675150136e-06,1.5974097132359253,weekend_oriented
Western Ave & Ardmore Ave,299.0,111.0,9.637994974704293e-05,9.19480054738056e-05,41.9867636,-87.68987959999998,410.0,-4.4319442732373326e-06,4.4319442732373326e-06,0.9540163872127302,weekday_oriented
Western Ave & Berteau Ave,954.0,262.0,0.0003075132844771871,0.00021703042733456815,41.95774,-87.688273,1216.0,-9.048285714261897e-05,9.048285714261897e-05,0.7057604745208789,weekday_oriented
Western Ave & Congress Pkwy,1196.0,460.0,0.0003855197989881717,0.00038104578845000515,41.87474885079,-87.68644527569998,1656.0,-4.474010538166556e-06,4.474010538166556e-06,0.9883948919230585,weekday_oriented
Western Ave & Division St,3044.0,1199.0,0.0009812059097993266,0.000993204131199035,41.902893,-87.687275,4243.0,1.1998221399708506e-05,-1.1998221399708506e-05,1.012228023753076,weekend_oriented
Western Ave & Fillmore St,1531.0,634.0,0.0004935040236211462,0.000525180499733268,41.86856584535612,-87.68623408677644,2165.0,3.1676476112121746e-05,-3.1676476112121746e-05,1.0641867348779799,weekend_oriented
Western Ave & Grace St,1156.0,329.0,0.00037262616022602546,0.0002725305747827211,41.95037092929293,-87.68816057777777,1485.0,-0.00010009558544330437,0.00010009558544330437,0.7313787181197712,weekday_oriented
Western Ave & Granville Ave,1075.0,332.0,0.0003465165417326794,0.00027501565601174285,41.99416136902,-87.689438282,1407.0,-7.150088572093654e-05,7.150088572093654e-05,0.7936586835881001,weekday_oriented
Western Ave & Gunnison St,307.0,146.0,9.895867749947217e-05,0.00012094061981239293,41.96965951655629,-87.68953755099338,453.0,2.198194231292076e-05,-2.198194231292076e-05,1.2221302945640462,weekend_oriented
Western Ave & Howard St,745.0,277.0,0.00024014402194497318,0.000229455833479677,42.018901,-87.690048,1022.0,-1.0688188465296175e-05,1.0688188465296175e-05,0.955492775245846,weekday_oriented
Western Ave & Lake St,345.0,114.0,0.00011120763432351107,9.443308670282735e-05,41.884761555555556,-87.68648361002178,459.0,-1.6774547620683716e-05,1.6774547620683716e-05,0.8491614637413334,weekday_oriented
Western Ave & Leland Ave,3296.0,1551.0,0.0010624358340008478,0.0012847869954042564,41.96579395810278,-87.68859948272886,4847.0,0.00022235116140340862,-0.00022235116140340862,1.2092841233356855,weekend_oriented
Western Ave & Lunt Ave,1128.0,406.0,0.00036360061309252315,0.00033631432632761325,42.0085943972,-87.6904922389,1534.0,-2.7286286764909896e-05,2.7286286764909896e-05,0.9249555398480409,weekday_oriented
Western Ave & Lyndale St,304.0,138.0,9.79916545923112e-05,0.00011431373653500154,41.922599999999996,-87.68772000000001,442.0,1.6322081942690342e-05,-1.6322081942690342e-05,1.1665643410783875,weekend_oriented
Western Ave & Monroe St,903.0,357.0,0.0002910738950554507,0.00029572466625359096,41.88142526,-87.6866316818,1260.0,4.650771198140265e-06,-4.650771198140265e-06,1.0159779193504623,weekend_oriented
Western Ave & Roscoe St,1933.0,778.0,0.0006230850931807156,0.000644464398726313,41.943034000000004,-87.687288,2711.0,2.1379305545597368e-05,-2.1379305545597368e-05,1.0343119607058806,weekend_oriented
Western Ave & Wabansia Ave,444.0,227.0,0.00014311939025982295,0.0001880378129959808,41.91208,-87.68752,671.0,4.491842273615784e-05,-4.491842273615784e-05,1.313850616635493,weekend_oriented
Western Ave & Walton St,4168.0,1582.0,0.001343517159015635,0.0013104661681041482,41.89841768945,-87.6865960164,5750.0,-3.305099091148694e-05,3.305099091148694e-05,0.9753996693757361,weekday_oriented
Western Ave & Winnebago Ave,5602.0,2091.0,0.0018057541086385768,0.0017321016166281756,41.915519999999994,-87.687022,7693.0,-7.365249201040118e-05,7.365249201040118e-05,0.9592123584986392,weekday_oriented
Western Blvd & 48th Pl,334.0,110.0,0.00010766188366392086,9.111964506413166e-05,41.805661,-87.683392,444.0,-1.6542238599789196e-05,1.6542238599789196e-05,0.8463515183986039,weekday_oriented
Whipple/Irving Park,576.0,236.0,0.00018566839817490543,0.00019549305668304612,41.954189,-87.704448,812.0,9.824658508140696e-06,-9.824658508140696e-06,1.0529147969709345,weekend_oriented
Wilton Ave & Addison St,2591.0,1476.0,0.0008351854508180208,0.0012226599646787122,41.947459,-87.653216,4067.0,0.00038747451386069137,-0.00038747451386069137,1.4639377392690944,weekend_oriented
Wilton Ave & Belmont Ave,14736.0,6607.0,0.004750016519974664,0.005472977226715617,41.940231918108594,-87.65294373035431,21343.0,0.000722960706740953,-0.000722960706740953,1.1522016926676113,weekend_oriented
Wilton Ave & Diversey Pkwy,8449.0,2926.0,0.0027234588475343333,0.002423782558705902,41.93241798951903,-87.65270499568871,11375.0,-0.00029967628882843125,0.00029967628882843125,0.8899648588174556,weekday_oriented
Wilton Ave & Diversey Pkwy*,3653.0,1269.0,0.0011775115599530026,0.00105118935987621,41.932418,-87.652705,4922.0,-0.0001263222000767927,0.0001263222000767927,0.8927211442382963,weekday_oriented
Winchester (Ravenswood) Ave & Balmoral Ave,1442.0,523.0,0.0004648156773753709,0.0004332324942594624,41.979762,-87.67753,1965.0,-3.158318311590852e-05,3.158318311590852e-05,0.9320523882786526,weekday_oriented
Winchester Ave & Elston Ave,2157.0,721.0,0.0006952894702487345,0.0005972478553748994,41.92409085038,-87.6764600747,2878.0,-9.804161487383511e-05,9.804161487383511e-05,0.8589918615758367,weekday_oriented
Winthrop Ave & Lawrence Ave,4036.0,1837.0,0.0013009681511005526,0.0015216980725709988,41.968812,-87.657659,5873.0,0.0002207299214704462,-0.0002207299214704462,1.169665761316262,weekend_oriented
Wolcott (Ravenswood) Ave & Montrose Ave,3535.0,1692.0,0.0011394753256046713,0.0014015858131682798,41.961406,-87.676169,5227.0,0.0002621104875636085,-0.0002621104875636085,1.2300271463950931,weekend_oriented
Wolcott Ave & Fargo Ave,379.0,154.0,0.00012216722727133533,0.00012756750308978433,42.016977,-87.677725,533.0,5.400275818448995e-06,-5.400275818448995e-06,1.044203603007638,weekend_oriented
Wolcott Ave & Polk St,6397.0,1144.0,0.002062015179036233,0.0009476443086669692,41.871262,-87.673688,7541.0,-0.0011143708703692636,0.0011143708703692636,0.4595721984634912,weekday_oriented
Wood St & 33rd St,179.0,77.0,5.7699033460604294e-05,6.378375154489216e-05,41.83427,-87.6706,256.0,6.084718084287871e-06,-6.084718084287871e-06,1.105454325055848,weekend_oriented
Wood St & 35th St,521.0,175.0,0.0001679396448769544,0.00014496307169293673,41.83010465416,-87.6702983089,696.0,-2.2976573184017656e-05,2.2976573184017656e-05,0.8631863465758871,weekday_oriented
Wood St & Augusta Blvd,4511.0,1487.0,0.001454080111401039,0.0012317719291851253,41.899181,-87.6722,5998.0,-0.00022230818221591364,0.00022230818221591364,0.8471143181265075,weekday_oriented
Wood St & Beach Ave,2220.0,912.0,0.0007155969512991147,0.0007554646936226188,41.907655,-87.672552,3132.0,3.986774232350417e-05,-3.986774232350417e-05,1.055712488068373,weekend_oriented
Wood St & Chicago Ave,5163.0,1798.0,0.001664246423224022,0.0014893920165937157,41.895634,-87.672069,6961.0,-0.00017485440663030636,0.00017485440663030636,0.8949348491154194,weekday_oriented
Wood St & Cortland St,299.0,121.0,9.637994974704293e-05,0.00010023160957054483,41.915890000000005,-87.67281,420.0,3.851659823501908e-06,-3.851659823501908e-06,1.039962874754926,weekend_oriented
Wood St & Hubbard St,3100.0,872.0,0.0009992570040663314,0.0007223302772356619,41.889715,-87.671966,3972.0,-0.0002769267268306695,0.0002769267268306695,0.722867642086671,weekday_oriented
Wood St & Milwaukee Ave,5965.0,2846.0,0.0019227638804050536,0.0023575137259319884,41.90746150493701,-87.67240429168085,8811.0,0.0004347498455269348,-0.0004347498455269348,1.2261066082272887,weekend_oriented
Wood St & Milwaukee Ave*,86.0,24.0,2.7721323338614354e-05,1.988064983217418e-05,41.907655,-87.672552,110.0,-7.840673506440173e-06,7.840673506440173e-06,0.7171711255701675,weekday_oriented
Wood St & Taylor St (Temp),4493.0,616.0,0.001448277973958073,0.0005102700123591373,41.869265218438194,-87.67373085021973,5109.0,-0.0009380079615989357,0.0009380079615989357,0.3523292276795213,weekday_oriented
Wood St & Walnut St,189.0,69.0,6.092244315114085e-05,5.715686826750077e-05,41.88417586306651,-87.67124295169083,258.0,-3.765574883640077e-06,3.765574883640077e-06,0.9381916929038577,weekday_oriented
Wood St & Webster Ave,1909.0,733.0,0.0006153489099234279,0.0006071881802909864,41.92105672992757,-87.67279744148254,2642.0,-8.160729632441491e-06,8.160729632441491e-06,0.9867380664223109,weekday_oriented
Woodlawn Ave & 55th St,6179.0,2159.0,0.0019917448477825357,0.0017884301244860024,41.795264,-87.596471,8338.0,-0.00020331472329653336,0.00020331472329653336,0.8979213520023707,weekday_oriented
Woodlawn Ave & 58th St,6441.0,1809.0,0.0020761981816745934,0.0014985039811001289,41.789381,-87.596479,8250.0,-0.0005776942005744645,0.0005776942005744645,0.7217539599892745,weekday_oriented
Woodlawn Ave & 75th St,51.0,13.0,1.6439389421736417e-05,1.0768685325761014e-05,41.75916,-87.595751,64.0,-5.670704095975403e-06,5.670704095975403e-06,0.6550748312276615,weekday_oriented
Woodlawn Ave & Lake Park Ave,857.0,401.0,0.00027624621047898256,0.0003321725242792436,41.81409271048,-87.5970051479,1258.0,5.592631380026104e-05,-5.592631380026104e-05,1.202450239056861,weekend_oriented
Yates Blvd & 75th St,77.0,36.0,2.4820254617131455e-05,2.9820974748261272e-05,41.758768,-87.56644,113.0,5.000720131129817e-06,-5.000720131129817e-06,1.2014692733411774,weekend_oriented
Yates Blvd & 93rd St,32.0,18.0,1.0314911009716969e-05,1.4910487374130636e-05,41.726166390245105,-87.5662761926651,50.0,4.595576364413667e-06,-4.595576364413667e-06,1.4454842970325072,weekend_oriented
