condition_type,day_type,condition_value,end_station_name,return_count
cold,weekday,cold,2112 W Peterson Ave,41
cold,weekday,cold,21st St & Pulaski Rd,3
cold,weekday,cold,63rd St Beach,7
cold,weekday,cold,900 W Harrison St,862
cold,weekday,cold,Aberdeen St & 103rd St,2
cold,weekday,cold,Aberdeen St & Carroll Ave,275
cold,weekday,cold,Aberdeen St & Jackson Blvd,1085
cold,weekday,cold,Aberdeen St & Monroe St,687
cold,weekday,cold,Aberdeen St & Randolph St,914
cold,weekday,cold,Ada St & Washington Blvd,645
cold,weekday,cold,Addison/Racine Corral,21
cold,weekday,cold,Addison/Sheffield SE Corral,1
cold,weekday,cold,Addison/Sheffield SW Corral,4
cold,weekday,cold,Addison/Wilton Corral,8
cold,weekday,cold,Adler Planetarium,222
cold,weekday,cold,Albany Ave & 16th St,2
cold,weekday,cold,Albany Ave & 26th St,16
cold,weekday,cold,Albany Ave & Belmont Ave,31
cold,weekday,cold,Albany Ave & Bloomingdale Ave,238
cold,weekday,cold,Albany Ave & Douglas Blvd,1
cold,weekday,cold,Albany Ave & Montrose Ave,134
cold,weekday,cold,Altgeld Gardens,1
cold,weekday,cold,Archer & Wentworth,10
cold,weekday,cold,Archer (Damen) Ave & 37th St,37
cold,weekday,cold,Archer Ave & 49th St,8
cold,weekday,cold,Archer Ave & Homan Ave,8
cold,weekday,cold,Archer Ave & Wentworth Ave,34
cold,weekday,cold,Artesian Ave & 55th St,6
cold,weekday,cold,Artesian Ave & 71st St,4
cold,weekday,cold,Artesian Ave & Hubbard St,452
cold,weekday,cold,Artesian Ave & Marquette Rd,2
cold,weekday,cold,Ashland Ave & 13th St,219
cold,weekday,cold,Ashland Ave & 50th St,11
cold,weekday,cold,Ashland Ave & 63rd St,2
cold,weekday,cold,Ashland Ave & 66th St,7
cold,weekday,cold,Ashland Ave & 74th St,2
cold,weekday,cold,Ashland Ave & 78th St,3
cold,weekday,cold,Ashland Ave & Archer Ave,78
cold,weekday,cold,Ashland Ave & Augusta Blvd,426
cold,weekday,cold,Ashland Ave & Belle Plaine Ave,128
cold,weekday,cold,Ashland Ave & Blackhawk St,402
cold,weekday,cold,Ashland Ave & Chicago Ave,533
cold,weekday,cold,Ashland Ave & Division St,713
cold,weekday,cold,Ashland Ave & Grace St,304
cold,weekday,cold,Ashland Ave & Grand Ave,344
cold,weekday,cold,Ashland Ave & Lake St,314
cold,weekday,cold,Ashland Ave & McDowell Ave,16
cold,weekday,cold,Ashland Ave & Pershing Rd,24
cold,weekday,cold,Ashland Ave & Wellington Ave,418
cold,weekday,cold,Ashland Ave & Wrightwood Ave,310
cold,weekday,cold,Augusta Blvd & Laramie Ave,7
cold,weekday,cold,Austin Ave & Milwaukee Ave,8
cold,weekday,cold,Austin Blvd & Chicago Ave,8
cold,weekday,cold,Austin Blvd & Lake St,6
cold,weekday,cold,Austin Blvd & Madison St,11
cold,weekday,cold,Ave L & 114th,1
cold,weekday,cold,Avenue O & 118th St,1
cold,weekday,cold,Avenue O & 134th St,1
cold,weekday,cold,Avers Ave & 16th St,2
cold,weekday,cold,Avers Ave & Belmont Ave,121
cold,weekday,cold,Avers Ave & Foster Ave,3
cold,weekday,cold,Avondale Ave & Irving Park Rd,155
cold,weekday,cold,Baltimore Ave & 133rd St,7
cold,weekday,cold,Baltimore Ave & 87th St,4
cold,weekday,cold,Benson Ave & Church St,487
cold,weekday,cold,Bernard St & Elston Ave,73
cold,weekday,cold,Bernard St & Peterson Ave,17
cold,weekday,cold,Big Marsh Park,1
cold,weekday,cold,Bissell St & Armitage Ave*,536
cold,weekday,cold,Blackstone Ave & 59th St,1278
cold,weekday,cold,Blackstone Ave & Hyde Park Blvd,286
cold,weekday,cold,Blue Island Ave & 18th St,312
cold,weekday,cold,Bosworth Ave & Howard St,40
cold,weekday,cold,Bradley Park,3
cold,weekday,cold,Broadway & Argyle St,339
cold,weekday,cold,Broadway & Barry Ave,840
cold,weekday,cold,Broadway & Belmont Ave,704
cold,weekday,cold,Broadway & Berwyn Ave,561
cold,weekday,cold,Broadway & Cornelia Ave,931
cold,weekday,cold,Broadway & Cuyler Ave,41
cold,weekday,cold,Broadway & Granville Ave,244
cold,weekday,cold,Broadway & Oakdale Ave,116
cold,weekday,cold,Broadway & Ridge Ave,269
cold,weekday,cold,Broadway & Roscoe Ave,133
cold,weekday,cold,Broadway & Sheridan Rd,840
cold,weekday,cold,Broadway & Sunnyside Ave,155
cold,weekday,cold,Broadway & Thorndale Ave,256
cold,weekday,cold,Broadway & Waveland Ave,1145
cold,weekday,cold,Broadway & Wilson Ave,573
cold,weekday,cold,Buckingham Fountain,44
cold,weekday,cold,Budlong Woods Library,23
cold,weekday,cold,Burley Ave & 85th St,2
cold,weekday,cold,Burling St & Diversey Pkwy,652
cold,weekday,cold,Burling St & Diversey Pkwy*,21
cold,weekday,cold,Burnham Greenway & 105th St,5
cold,weekday,cold,Burnham Greenway & 112th St,7
cold,weekday,cold,Burnham Harbor,119
cold,weekday,cold,California & 16th St,16
cold,weekday,cold,California Ave & 21st St,46
cold,weekday,cold,California Ave & 23rd Pl,21
cold,weekday,cold,California Ave & 26th St,16
cold,weekday,cold,California Ave & 36th St,4
cold,weekday,cold,California Ave & 41st St,10
cold,weekday,cold,California Ave & 71st St,4
cold,weekday,cold,California Ave & Altgeld St,163
cold,weekday,cold,California Ave & Byron St,109
cold,weekday,cold,California Ave & Cortez St,265
cold,weekday,cold,California Ave & Division St,205
cold,weekday,cold,California Ave & Fletcher St,136
cold,weekday,cold,California Ave & Francis Pl,187
cold,weekday,cold,California Ave & Granville Ave,88
cold,weekday,cold,California Ave & Lake St,65
cold,weekday,cold,California Ave & Madison St,5
cold,weekday,cold,California Ave & Marquette Rd,3
cold,weekday,cold,California Ave & Milwaukee Ave,644
cold,weekday,cold,California Ave & Montrose Ave,163
cold,weekday,cold,California Ave & North Ave,197
cold,weekday,cold,California Ave & Touhy Ave,21
cold,weekday,cold,California Ave & Winona St,28
cold,weekday,cold,Calumet Ave & 18th St,353
cold,weekday,cold,Calumet Ave & 21st St,211
cold,weekday,cold,Calumet Ave & 33rd St,563
cold,weekday,cold,Calumet Ave & 35th St,127
cold,weekday,cold,Calumet Ave & 51st St,57
cold,weekday,cold,Calumet Ave & 71st St,4
cold,weekday,cold,Campbell Ave & 51st St,10
cold,weekday,cold,Campbell Ave & Augusta Blvd,199
cold,weekday,cold,Campbell Ave & Fullerton Ave,107
cold,weekday,cold,Campbell Ave & Irving Park Rd,26
cold,weekday,cold,Campbell Ave & Montrose Ave,234
cold,weekday,cold,Campbell Ave & North Ave,416
cold,weekday,cold,Canal St & Adams St,2695
cold,weekday,cold,Canal St & Harrison St,327
cold,weekday,cold,Canal St & Jackson Blvd,1639
cold,weekday,cold,Canal St & Lake St,1
cold,weekday,cold,Canal St & Madison St,3877
cold,weekday,cold,Canal St & Monroe St,932
cold,weekday,cold,Canal St & Taylor St,506
cold,weekday,cold,Cannon Dr & Fullerton Ave,96
cold,weekday,cold,Carpenter St & 63rd St,1
cold,weekday,cold,Carpenter St & Fulton St,237
cold,weekday,cold,Carpenter St & Huron St,540
cold,weekday,cold,Central & Elston,2
cold,weekday,cold,Central Ave & Altgeld St,13
cold,weekday,cold,Central Ave & Chicago Ave,11
cold,weekday,cold,Central Ave & Harrison St,5
cold,weekday,cold,Central Ave & Lake St,11
cold,weekday,cold,Central Ave & Madison St,1
cold,weekday,cold,Central Ave & Parker Ave,10
cold,weekday,cold,Central Ave & Roscoe St,8
cold,weekday,cold,Central Ave & Wellington Ave,6
cold,weekday,cold,Central Park & Augusta Blvd,18
cold,weekday,cold,Central Park Ave & 24th St,19
cold,weekday,cold,Central Park Ave & Ardmore Ave,15
cold,weekday,cold,Central Park Ave & Bloomingdale Ave,95
cold,weekday,cold,Central Park Ave & Douglas Blvd,3
cold,weekday,cold,Central Park Ave & Elbridge Ave,88
cold,weekday,cold,Central Park Ave & North Ave,64
cold,weekday,cold,Central Park Ave & Ogden Ave,34
cold,weekday,cold,Central Park Ave & Ohio St,10
cold,weekday,cold,Central Park Ave & Washington Blvd,2
cold,weekday,cold,Central Park Blvd & 5th Ave,11
cold,weekday,cold,Central St & Girard Ave,55
cold,weekday,cold,Central St Metra,62
cold,weekday,cold,Cherry Ave & Blackhawk St,132
cold,weekday,cold,Chicago Ave & Sheridan Rd,315
cold,weekday,cold,Chicago Ave & Washington St,120
cold,weekday,cold,Chicago State University,16
cold,weekday,cold,Christiana Ave & Lawrence Ave,128
cold,weekday,cold,Cicero Ave & Lake St,5
cold,weekday,cold,Cicero Ave & Quincy St,2
cold,weekday,cold,Cicero Ave & Roscoe Ave,8
cold,weekday,cold,Cicero Ave & Wellington Ave,3
cold,weekday,cold,Cicero Ave & Wrightwood Ave,21
cold,weekday,cold,Cityfront Plaza Dr & Pioneer Ct,772
cold,weekday,cold,Claremont Ave & Hirsch St,165
cold,weekday,cold,Clarendon Ave & Gordon Ter,820
cold,weekday,cold,Clarendon Ave & Junior Ter,490
cold,weekday,cold,Clarendon Ave & Leland Ave,421
cold,weekday,cold,Clark St & 9th St (AMLI),275
cold,weekday,cold,Clark St & Arlington Pl,261
cold,weekday,cold,Clark St & Armitage Ave,892
cold,weekday,cold,Clark St & Berwyn Ave,668
cold,weekday,cold,Clark St & Bryn Mawr Ave,400
cold,weekday,cold,Clark St & Chicago Ave,760
cold,weekday,cold,Clark St & Columbia Ave,166
cold,weekday,cold,Clark St & Drummond Pl,719
cold,weekday,cold,Clark St & Eddy St,183
cold,weekday,cold,Clark St & Elm St,1958
cold,weekday,cold,Clark St & Elmdale Ave,147
cold,weekday,cold,Clark St & Fletcher St,54
cold,weekday,cold,Clark St & Grace St,464
cold,weekday,cold,Clark St & Ida B Wells Dr,782
cold,weekday,cold,Clark St & Jarvis Ave,47
cold,weekday,cold,Clark St & Lake St,1601
cold,weekday,cold,Clark St & Leland Ave,417
cold,weekday,cold,Clark St & Lincoln Ave,896
cold,weekday,cold,Clark St & Lunt Ave,289
cold,weekday,cold,Clark St & Montrose Ave,328
cold,weekday,cold,Clark St & Newport St,861
cold,weekday,cold,Clark St & North Ave,364
cold,weekday,cold,Clark St & Schiller St,721
cold,weekday,cold,Clark St & Schreiber Ave,172
cold,weekday,cold,Clark St & Touhy Ave,47
cold,weekday,cold,Clark St & Washington St,82
cold,weekday,cold,Clark St & Wellington Ave,713
cold,weekday,cold,Clark St & Winnemac Ave,799
cold,weekday,cold,Clark St & Wrightwood Ave,923
cold,weekday,cold,Clark/Newport Corral,15
cold,weekday,cold,Clark/Racine Corral,4
cold,weekday,cold,Clifton Ave & Armitage Ave,638
cold,weekday,cold,Clinton St & 18th St,226
cold,weekday,cold,Clinton St & Jackson Blvd,2750
cold,weekday,cold,Clinton St & Lake St,2132
cold,weekday,cold,Clinton St & Madison St,3333
cold,weekday,cold,Clinton St & Polk St,84
cold,weekday,cold,Clinton St & Roosevelt Rd,441
cold,weekday,cold,Clinton St & Tilden St,628
cold,weekday,cold,Clinton St & Washington Blvd,4067
cold,weekday,cold,Clybourn Ave & Division St,447
cold,weekday,cold,Clyde Ave & 87th St,3
cold,weekday,cold,Columbus Ave & 79th St,19
cold,weekday,cold,Columbus Ave & 83rd Pl,2
cold,weekday,cold,Columbus Dr & Randolph St,1218
cold,weekday,cold,Commercial Ave & 100th St,1
cold,weekday,cold,Commercial Ave & 130th St,10
cold,weekday,cold,Commercial Ave & 83rd St,9
cold,weekday,cold,Commercial Ave & 90th St,1
cold,weekday,cold,Commercial Ave & 97th St,6
cold,weekday,cold,Conservatory Dr & Lake St,29
cold,weekday,cold,Constance Ave & 95th St,3
cold,weekday,cold,Cornell Ave & Hyde Park Blvd,414
cold,weekday,cold,Cottage Grove Ave & 111th Pl,3
cold,weekday,cold,Cottage Grove Ave & 43rd St,23
cold,weekday,cold,Cottage Grove Ave & 47th St,44
cold,weekday,cold,Cottage Grove Ave & 49th St,16
cold,weekday,cold,Cottage Grove Ave & 51st St,39
cold,weekday,cold,Cottage Grove Ave & 63rd St,92
cold,weekday,cold,Cottage Grove Ave & 67th St,21
cold,weekday,cold,Cottage Grove Ave & 71st St,1
cold,weekday,cold,Cottage Grove Ave & 78th St,1
cold,weekday,cold,Cottage Grove Ave & 83rd St,13
cold,weekday,cold,Cottage Grove Ave & Oakwood Blvd,22
cold,weekday,cold,Cumberland Ave & Catherine Ave,8
cold,weekday,cold,Daley Center Plaza,2057
cold,weekday,cold,Damen Ave & 33rd St,1
cold,weekday,cold,Damen Ave & 51st St,6
cold,weekday,cold,Damen Ave & 59th St,1
cold,weekday,cold,Damen Ave & 77th St,8
cold,weekday,cold,Damen Ave & 81st St,8
cold,weekday,cold,Damen Ave & 87th St,4
cold,weekday,cold,Damen Ave & Charleston St,291
cold,weekday,cold,Damen Ave & Chicago Ave,562
cold,weekday,cold,Damen Ave & Clybourn Ave,215
cold,weekday,cold,Damen Ave & Cortland St,458
cold,weekday,cold,Damen Ave & Cullerton St,142
cold,weekday,cold,Damen Ave & Division St,476
cold,weekday,cold,Damen Ave & Evergreen Ave,39
cold,weekday,cold,Damen Ave & Foster Ave,277
cold,weekday,cold,Damen Ave & Grand Ave,165
cold,weekday,cold,Damen Ave & Lake St,286
cold,weekday,cold,Damen Ave & Leland Ave,342
cold,weekday,cold,Damen Ave & Madison St,195
cold,weekday,cold,Damen Ave & Melrose Ave,139
cold,weekday,cold,Damen Ave & Ohio St,151
cold,weekday,cold,Damen Ave & Pershing Rd,17
cold,weekday,cold,Damen Ave & Pierce Ave,759
cold,weekday,cold,Damen Ave & St Paul Ave,81
cold,weekday,cold,Damen Ave & Sunnyside Ave,222
cold,weekday,cold,Damen Ave & Thomas St (Augusta Blvd),392
cold,weekday,cold,Damen Ave & Wabansia Ave,213
cold,weekday,cold,Damen Ave & Wellington Ave,177
cold,weekday,cold,Damen Ave & Wicker Park Ave,96
cold,weekday,cold,Damen Ave/Coulter St,31
cold,weekday,cold,Dan Ryan Woods & 83rd St,1
cold,weekday,cold,Dauphin Ave & 103rd St,12
cold,weekday,cold,Dauphin Ave & 87th St,4
cold,weekday,cold,Dayton St & North Ave,678
cold,weekday,cold,Dearborn Pkwy & Delaware Pl,1402
cold,weekday,cold,Dearborn St & Adams St,1219
cold,weekday,cold,Dearborn St & Adams St Corral,8
cold,weekday,cold,Dearborn St & Division St,254
cold,weekday,cold,Dearborn St & Erie St,1563
cold,weekday,cold,Dearborn St & Madison St,380
cold,weekday,cold,Dearborn St & Maple St,340
cold,weekday,cold,Dearborn St & Monroe St,1272
cold,weekday,cold,Dearborn St & Van Buren St,482
cold,weekday,cold,Dearborn St & Washington St,114
cold,weekday,cold,Delano Ct & Roosevelt Rd,322
cold,weekday,cold,Desplaines St & Jackson Blvd,1113
cold,weekday,cold,Desplaines St & Kinzie St,1513
cold,weekday,cold,Desplaines St & Randolph St,542
cold,weekday,cold,Dodge Ave & Church St,56
cold,weekday,cold,Dodge Ave & Main St,39
cold,weekday,cold,Dodge Ave & Mulford St,32
cold,weekday,cold,Dorchester Ave & 49th St,87
cold,weekday,cold,Dorchester Ave & 53rd St,144
cold,weekday,cold,Dorchester Ave & 63rd St,74
cold,weekday,cold,Doty Ave & 111th St,2
cold,weekday,cold,Drake Ave & Addison St,131
cold,weekday,cold,Drake Ave & Montrose Ave,54
cold,weekday,cold,Drexel Ave & 60th St,469
cold,weekday,cold,DuSable Lake Shore Dr & Belmont Ave,475
cold,weekday,cold,DuSable Lake Shore Dr & Diversey Pkwy,326
cold,weekday,cold,DuSable Lake Shore Dr & Monroe St,376
cold,weekday,cold,DuSable Lake Shore Dr & North Blvd,329
cold,weekday,cold,DuSable Lake Shore Dr & Wellington Ave,369
cold,weekday,cold,DuSable Museum,40
cold,weekday,cold,Dusable Harbor,243
cold,weekday,cold,East End Ave & 87th St,2
cold,weekday,cold,Eastlake Ter & Howard St,62
cold,weekday,cold,Eberhart Ave & 61st St,6
cold,weekday,cold,Eberhart Ave & 91st St,3
cold,weekday,cold,Eckhart Park,402
cold,weekday,cold,Eddy/Seminary Corral,6
cold,weekday,cold,Edgebrook Metra,9
cold,weekday,cold,Eggleston Ave & 115th St,6
cold,weekday,cold,Eggleston Ave & 69th St,4
cold,weekday,cold,Eggleston Ave & 92nd St,6
cold,weekday,cold,Elizabeth St & 47th St,3
cold,weekday,cold,Elizabeth St & 92nd St,1
cold,weekday,cold,Elizabeth St & Fulton St,728
cold,weekday,cold,Elizabeth St & Randolph St,884
cold,weekday,cold,Ellis Ave & 53rd St,577
cold,weekday,cold,Ellis Ave & 55th St,1744
cold,weekday,cold,Ellis Ave & 58th St,1138
cold,weekday,cold,Ellis Ave & 60th St,2077
cold,weekday,cold,Ellis Ave & 83rd St,3
cold,weekday,cold,Elmwood Ave & Austin St,37
cold,weekday,cold,Elston Ave & Carmen Ave,20
cold,weekday,cold,Elston Ave & Cortland St,922
cold,weekday,cold,Elston Ave & George St,60
cold,weekday,cold,Elston Ave & Henderson St,35
cold,weekday,cold,Elston Ave & Wabansia Ave,135
cold,weekday,cold,Emerald Ave & 28th St,115
cold,weekday,cold,Emerald Ave & 31st St,257
cold,weekday,cold,Evans Ave & 75th St,7
cold,weekday,cold,Evanston Civic Center,106
cold,weekday,cold,Ewing Ave & 106th St,6
cold,weekday,cold,Ewing Ave & 97th St,2
cold,weekday,cold,Ewing Ave & 98th St,1
cold,weekday,cold,Ewing Ave & Burnham Greenway,10
cold,weekday,cold,Exchange Ave & 79th St,8
cold,weekday,cold,Fairbanks Ct & Grand Ave,1052
cold,weekday,cold,Fairbanks St & Superior St,691
cold,weekday,cold,Fairfield Ave & 44th St,26
cold,weekday,cold,Fairfield Ave & Pratt Blvd,18
cold,weekday,cold,Fairfield Ave & Roosevelt Rd,13
cold,weekday,cold,Farragut Ave & Central Ave,12
cold,weekday,cold,Federal St & Polk St,1307
cold,weekday,cold,Field Blvd & South Water St,705
cold,weekday,cold,Field Museum,133
cold,weekday,cold,Financial Pl & Ida B Wells Dr,887
cold,weekday,cold,Fort Dearborn Dr & 31st St,14
cold,weekday,cold,Fort Dearborn Dr & 31st St*,43
cold,weekday,cold,Francisco Ave & 47th St,7
cold,weekday,cold,Francisco Ave & 85th St,8
cold,weekday,cold,Francisco Ave & Bloomingdale Ave,35
cold,weekday,cold,Francisco Ave & Chicago Ave,124
cold,weekday,cold,Francisco Ave & Foster Ave,143
cold,weekday,cold,Francisco Ave & Hollywood Ave,5
cold,weekday,cold,Francisco Ave & Montrose Ave,69
cold,weekday,cold,Franklin St & Adams St,442
cold,weekday,cold,Franklin St & Adams St (Temp),734
cold,weekday,cold,Franklin St & Adams St Corral,63
cold,weekday,cold,Franklin St & Chicago Ave,780
cold,weekday,cold,Franklin St & Chicago Ave*,117
cold,weekday,cold,Franklin St & Illinois St,1058
cold,weekday,cold,Franklin St & Jackson Blvd,1363
cold,weekday,cold,Franklin St & Lake St,1538
cold,weekday,cold,Franklin St & Madison St,107
cold,weekday,cold,Franklin St & Monroe St,1830
cold,weekday,cold,Franklin St & Washington St,322
cold,weekday,cold,Fulton Market,324
cold,weekday,cold,Glenwood Ave & Morse Ave,285
cold,weekday,cold,Glenwood Ave & Touhy Ave,105
cold,weekday,cold,Grace St & Central Ave,14
cold,weekday,cold,Grace St & Cicero Ave,11
cold,weekday,cold,Grace/Sheffield Corral,3
cold,weekday,cold,Granville Ave & Clark St,33
cold,weekday,cold,Granville Ave & Pulaski Rd,13
cold,weekday,cold,Green St & 86th St,1
cold,weekday,cold,Green St & Chicago Ave,146
cold,weekday,cold,Green St & Lake St,152
cold,weekday,cold,Green St & Madison St,1486
cold,weekday,cold,Green St & Randolph St*,508
cold,weekday,cold,Green St & Washington Blvd,475
cold,weekday,cold,Greenview Ave & Diversey Pkwy,270
cold,weekday,cold,Greenview Ave & Fullerton Ave,451
cold,weekday,cold,Greenview Ave & Jarvis Ave,208
cold,weekday,cold,Greenwood Ave & 47th St,129
cold,weekday,cold,Greenwood Ave & 79th St,4
cold,weekday,cold,Greenwood Ave & 97th St,3
cold,weekday,cold,Griffin Museum of Science and Industry,134
cold,weekday,cold,Hale Ave & 107th St,5
cold,weekday,cold,Halsted St & 104th St,10
cold,weekday,cold,Halsted St & 111th St,4
cold,weekday,cold,Halsted St & 119th St,1
cold,weekday,cold,Halsted St & 123rd St,1
cold,weekday,cold,Halsted St & 18th St,259
cold,weekday,cold,Halsted St & 21st St,171
cold,weekday,cold,Halsted St & 35th St,145
cold,weekday,cold,Halsted St & 37th St,52
cold,weekday,cold,Halsted St & 47th Pl,15
cold,weekday,cold,Halsted St & 51st St,27
cold,weekday,cold,Halsted St & 56th St,3
cold,weekday,cold,Halsted St & 59th St,3
cold,weekday,cold,Halsted St & 63rd St,9
cold,weekday,cold,Halsted St & 69th St,29
cold,weekday,cold,Halsted St & 73rd St,12
cold,weekday,cold,Halsted St & 78th St,5
cold,weekday,cold,Halsted St & 83rd St,2
cold,weekday,cold,Halsted St & 93rd St,3
cold,weekday,cold,Halsted St & 96th St,23
cold,weekday,cold,Halsted St & Archer Ave,162
cold,weekday,cold,Halsted St & Armitage Ave,184
cold,weekday,cold,Halsted St & Belden St,106
cold,weekday,cold,Halsted St & Clybourn Ave,1137
cold,weekday,cold,Halsted St & Court Pl,33
cold,weekday,cold,Halsted St & Dickens Ave,471
cold,weekday,cold,Halsted St & Dickens Ave*,66
cold,weekday,cold,Halsted St & Fulton St,943
cold,weekday,cold,Halsted St & Lake St,80
cold,weekday,cold,Halsted St & Maxwell St,629
cold,weekday,cold,Halsted St & Melrose St,96
cold,weekday,cold,Halsted St & North Branch St,78
cold,weekday,cold,Halsted St & Polk St,1100
cold,weekday,cold,Halsted St & Roosevelt Rd,576
cold,weekday,cold,Halsted St & Roscoe St,799
cold,weekday,cold,Halsted St & Willow St,493
cold,weekday,cold,Halsted St & Wrightwood Ave,729
cold,weekday,cold,Hamilton Park,3
cold,weekday,cold,Hamlin Ave & 62nd Pl,2
cold,weekday,cold,Hamlin Ave & Grand Ave,11
cold,weekday,cold,Hampden Ct & Diversey Ave,120
cold,weekday,cold,Hampden Ct & Diversey Pkwy,177
cold,weekday,cold,Harding Ave & 26th St,5
cold,weekday,cold,Harding Ave & 31st St,2
cold,weekday,cold,Harding Ave & Chicago Ave,36
cold,weekday,cold,Harding Ave & Division St,8
cold,weekday,cold,Harlem Ave & Bloomingdale Ave,4
cold,weekday,cold,Harlem Ave & Irving Park Rd,9
cold,weekday,cold,Harper Ave & 55th St,146
cold,weekday,cold,Harper Ave & 59th St,209
cold,weekday,cold,Hastings St Depot LWS,11
cold,weekday,cold,Hegewisch Metra Station,5
cold,weekday,cold,Hermitage Ave & Polk St,641
cold,weekday,cold,Higgins Ave & Austin Ave,10
cold,weekday,cold,Homan Ave & 26th St,3
cold,weekday,cold,Homan Ave & 65th St,1
cold,weekday,cold,Homan Ave & 77th St,3
cold,weekday,cold,Homan Ave & Arthington Ave,3
cold,weekday,cold,Homan Ave & Fillmore St,2
cold,weekday,cold,Honore St & Division St,595
cold,weekday,cold,Houston Ave & 92nd St,1
cold,weekday,cold,Hoyne Ave & 34th St,10
cold,weekday,cold,Hoyne Ave & 47th St,45
cold,weekday,cold,Hoyne Ave & Balmoral Ave,161
cold,weekday,cold,Hubbard St Depot,10
cold,weekday,cold,Hudson Ave & Armitage Ave,117
cold,weekday,cold,Humboldt Blvd & Armitage Ave,185
cold,weekday,cold,Hyacinth Ave & Milwaukee Ave,11
cold,weekday,cold,Indiana Ave & 103rd St,5
cold,weekday,cold,Indiana Ave & 26th St,137
cold,weekday,cold,Indiana Ave & 31st St,155
cold,weekday,cold,Indiana Ave & 40th St,10
cold,weekday,cold,Indiana Ave & Roosevelt Rd,1143
cold,weekday,cold,Jefferson St & Monroe St,562
cold,weekday,cold,Jeffery Blvd & 67th St,25
cold,weekday,cold,Jeffery Blvd & 71st St,17
cold,weekday,cold,Jeffery Blvd & 76th St,5
cold,weekday,cold,Karlov Ave & Armitage Ave,122
cold,weekday,cold,Karlov Ave & Fillmore St,1
cold,weekday,cold,Karlov Ave & Lawrence Ave,21
cold,weekday,cold,Karlov Ave & Madison St,1
cold,weekday,cold,Kedvale Ave & Peterson Ave,6
cold,weekday,cold,Kedzie Ave & 104th St,1
cold,weekday,cold,Kedzie Ave & 110th St,1
cold,weekday,cold,Kedzie Ave & 21st St,56
cold,weekday,cold,Kedzie Ave & 24th St,11
cold,weekday,cold,Kedzie Ave & 38th Pl,5
cold,weekday,cold,Kedzie Ave & 45th St,4
cold,weekday,cold,Kedzie Ave & 48th Pl,55
cold,weekday,cold,Kedzie Ave & 52nd St,2
cold,weekday,cold,Kedzie Ave & 54th Pl,7
cold,weekday,cold,Kedzie Ave & 57th St,31
cold,weekday,cold,Kedzie Ave & 60th St,4
cold,weekday,cold,Kedzie Ave & 66th Pl,2
cold,weekday,cold,Kedzie Ave & 73rd St,3
cold,weekday,cold,Kedzie Ave & 83rd St,2
cold,weekday,cold,Kedzie Ave & Archer Ave,12
cold,weekday,cold,Kedzie Ave & Armitage Ave,75
cold,weekday,cold,Kedzie Ave & Bryn Mawr Ave,55
cold,weekday,cold,Kedzie Ave & Chicago Ave,37
cold,weekday,cold,Kedzie Ave & Foster Ave,62
cold,weekday,cold,Kedzie Ave & George St,52
cold,weekday,cold,Kedzie Ave & Harrison St,3
cold,weekday,cold,Kedzie Ave & Jackson Blvd,3
cold,weekday,cold,Kedzie Ave & Lake St,23
cold,weekday,cold,Kedzie Ave & Leland Ave,147
cold,weekday,cold,Kedzie Ave & Milwaukee Ave,600
cold,weekday,cold,Kedzie Ave & Palmer Ct,240
cold,weekday,cold,Kedzie Ave & Redfield Dr,5
cold,weekday,cold,Kedzie Ave & Roosevelt Rd,7
cold,weekday,cold,Keeler Ave & Carmen Ave,5
cold,weekday,cold,Keeler Ave & Roosevelt Rd,3
cold,weekday,cold,Kenmore Ave & School St,34
cold,weekday,cold,Kenneth Ave & 50th St,1
cold,weekday,cold,Kenneth Ave & Lawrence Ave,31
cold,weekday,cold,Kenosha Ave & Wellington Ave,12
cold,weekday,cold,Kenton Ave & Madison St,1
cold,weekday,cold,Kenwood Ave & 57th St,86
cold,weekday,cold,Keystone Ave & Fullerton Ave,84
cold,weekday,cold,Keystone Ave & Montrose Ave,75
cold,weekday,cold,Kilbourn Ave & 49th St,9
cold,weekday,cold,Kilbourn Ave & Belden Ave,59
cold,weekday,cold,Kilbourn Ave & Diversey Ave,27
cold,weekday,cold,Kilbourn Ave & Irving Park Rd,23
cold,weekday,cold,Kilbourn Ave & Milwaukee Ave,37
cold,weekday,cold,Kilbourn Ave & Roscoe St,13
cold,weekday,cold,Kildare & Cermak,1
cold,weekday,cold,Kildare Ave & 26th St,4
cold,weekday,cold,Kildare Ave & 47th St,2
cold,weekday,cold,Kildare Ave & 55th St,5
cold,weekday,cold,Kildare Ave & 85th St (Kostner Ave & 87th St TEMPORARY),1
cold,weekday,cold,Kildare Ave & Archer Ave,8
cold,weekday,cold,Kildare Ave & Chicago Ave,1
cold,weekday,cold,Kildare Ave & Division St,19
cold,weekday,cold,Kildare Ave & Montrose Ave,40
cold,weekday,cold,Kildare Ave & North Ave,13
cold,weekday,cold,Kilpatrick Ave & Grand Ave,26
cold,weekday,cold,Kilpatrick Ave & Parker Ave,6
cold,weekday,cold,Kimball Ave & Belmont Ave,210
cold,weekday,cold,Kimbark Ave & 53rd St,1056
cold,weekday,cold,Kingsbury St & Erie St,1674
cold,weekday,cold,Kingsbury St & Kinzie St,3474
cold,weekday,cold,Kingsbury St & Kinzie St 1,446
cold,weekday,cold,Kingsbury St & Kinzie St 2,204
cold,weekday,cold,Knox Ave & Marquette Ave,1
cold,weekday,cold,Knox Ave & Montrose Ave,50
cold,weekday,cold,Komensky Ave & 31st St,34
cold,weekday,cold,Komensky Ave & 47th St,21
cold,weekday,cold,Komensky Ave & 55th St,1
cold,weekday,cold,Kosciuszko Park,132
cold,weekday,cold,Kostner Ave & 63rd St,12
cold,weekday,cold,Kostner Ave & Belmont Ave,12
cold,weekday,cold,Kostner Ave & Bryn Mawr Ave,9
cold,weekday,cold,Kostner Ave & Devon Ave,6
cold,weekday,cold,Kostner Ave & Lake St,1
cold,weekday,cold,Kostner Ave & Wrightwood Ave,47
cold,weekday,cold,LaSalle Dr & Huron St,720
cold,weekday,cold,LaSalle St & Adams St,432
cold,weekday,cold,LaSalle St & Adams St Corral,21
cold,weekday,cold,LaSalle St & Calhoun Pl,239
cold,weekday,cold,LaSalle St & Calhoun Pl Corral,52
cold,weekday,cold,LaSalle St & Illinois St,1362
cold,weekday,cold,LaSalle St & Jackson Blvd,2070
cold,weekday,cold,LaSalle St & Jackson Blvd Corral,14
cold,weekday,cold,LaSalle St & Washington St,884
cold,weekday,cold,Laflin St & 115th St,2
cold,weekday,cold,Laflin St & Cullerton St,213
cold,weekday,cold,Lake Park Ave & 35th St,79
cold,weekday,cold,Lake Park Ave & 47th St,150
cold,weekday,cold,Lake Park Ave & 53rd St,379
cold,weekday,cold,Lake Park Ave & 56th St,643
cold,weekday,cold,Lakefront Trail & Bryn Mawr Ave,153
cold,weekday,cold,Lakefront Trail & Wilson Ave,57
cold,weekday,cold,Lakeview Ave & Fullerton Pkwy,613
cold,weekday,cold,Lamon Ave & 47th St,2
cold,weekday,cold,Lamon Ave & Armitage Ave,6
cold,weekday,cold,Lamon Ave & Belmont Ave,25
cold,weekday,cold,Lamon Ave & Chicago Ave,4
cold,weekday,cold,Laramie Ave & Addison St,7
cold,weekday,cold,Laramie Ave & Bloomingdale Ave,26
cold,weekday,cold,Laramie Ave & Irving Park Rd,24
cold,weekday,cold,Laramie Ave & Kinzie St,5
cold,weekday,cold,Laramie Ave & Madison St,5
cold,weekday,cold,Larrabee St & Armitage Ave,347
cold,weekday,cold,Larrabee St & Clybourn Ave,67
cold,weekday,cold,Larrabee St & Division St,681
cold,weekday,cold,Larrabee St & Kingsbury St,1732
cold,weekday,cold,Larrabee St & Kingsbury St 1,721
cold,weekday,cold,Larrabee St & Kingsbury St 2,434
cold,weekday,cold,Larrabee St & Menomonee St,298
cold,weekday,cold,Larrabee St & North Ave,297
cold,weekday,cold,Larrabee St & Oak St,511
cold,weekday,cold,Larrabee St & Webster Ave,651
cold,weekday,cold,Latrobe Ave & Chicago Ave,9
cold,weekday,cold,Lavergne Ave & 44th St,1
cold,weekday,cold,Lavergne Ave & 46th St,1
cold,weekday,cold,Lavergne Ave & Diversey Ave,6
cold,weekday,cold,Lavergne Ave & Division St,1
cold,weekday,cold,Lavergne Ave & Fullerton Ave,25
cold,weekday,cold,Lavergne Ave & Lawrence Ave,6
cold,weekday,cold,Lawler Ave & 50th St,8
cold,weekday,cold,Lawler Ave & North Ave,5
cold,weekday,cold,Lawndale Ave & 111th St,2
cold,weekday,cold,Lawndale Ave & 16th St,4
cold,weekday,cold,Lawndale Ave & 30th St,12
cold,weekday,cold,Lawndale Ave & 59th St,16
cold,weekday,cold,Le Mai Ave & Devon Ave,3
cold,weekday,cold,Leamington Ave & Hirsch St,1
cold,weekday,cold,Leavitt St & Addison St,121
cold,weekday,cold,Leavitt St & Archer Ave,84
cold,weekday,cold,Leavitt St & Armitage Ave,246
cold,weekday,cold,Leavitt St & Augusta Blvd,88
cold,weekday,cold,Leavitt St & Belmont Ave,161
cold,weekday,cold,Leavitt St & Chicago Ave,282
cold,weekday,cold,Leavitt St & Division St,299
cold,weekday,cold,Leavitt St & Hirsch St,39
cold,weekday,cold,Leavitt St & Lawrence Ave,187
cold,weekday,cold,Leavitt St & North Ave,320
cold,weekday,cold,Leavitt St/North Ave,131
cold,weekday,cold,Leclaire Ave & Belmont Ave,16
cold,weekday,cold,Lexington St & California Ave,9
cold,weekday,cold,Lincoln Ave & Addison St,194
cold,weekday,cold,Lincoln Ave & Balmoral Ave,37
cold,weekday,cold,Lincoln Ave & Belle Plaine Ave,295
cold,weekday,cold,Lincoln Ave & Byron St,207
cold,weekday,cold,Lincoln Ave & Dickens Ave,99
cold,weekday,cold,Lincoln Ave & Diversey Pkwy,570
cold,weekday,cold,Lincoln Ave & Fullerton Ave,977
cold,weekday,cold,Lincoln Ave & Melrose St,683
cold,weekday,cold,Lincoln Ave & Montana St,92
cold,weekday,cold,Lincoln Ave & Peterson Ave,21
cold,weekday,cold,Lincoln Ave & Roscoe St*,578
cold,weekday,cold,Lincoln Ave & Sunnyside Ave,267
cold,weekday,cold,Lincoln Ave & Waveland Ave,267
cold,weekday,cold,Lincoln Ave & Winona St,117
cold,weekday,cold,Lincoln Park Conservatory,356
cold,weekday,cold,Lincolnwood Dr & Central St,34
cold,weekday,cold,Linder Ave & Montrose Ave,13
cold,weekday,cold,Lock St & 31st St,22
cold,weekday,cold,Lockwood Ave & Grand Ave,42
cold,weekday,cold,Lockwood Ave & Wrightwood Ave,22
cold,weekday,cold,Logan Blvd & Elston Ave,316
cold,weekday,cold,Long & Irving Park,22
cold,weekday,cold,Long Ave & Belden Ave,3
cold,weekday,cold,Long Ave & Belmont Ave,2
cold,weekday,cold,Long Ave & Diversey Ave,4
cold,weekday,cold,Long Ave & North Ave,4
cold,weekday,cold,Loomis Blvd & 84th St,1
cold,weekday,cold,Loomis St & 89th St,2
cold,weekday,cold,Loomis St & 95th St,4
cold,weekday,cold,Loomis St & Archer Ave,83
cold,weekday,cold,Loomis St & Jackson Blvd,378
cold,weekday,cold,Loomis St & Lexington St,1008
cold,weekday,cold,Loomis St & Lexington St*,147
cold,weekday,cold,Lowell Ave & Armitage Ave,21
cold,weekday,cold,Lynch Ave & Elston Ave,4
cold,weekday,cold,MLK Jr Dr & 29th St,503
cold,weekday,cold,MLK Jr Dr & 47th St,37
cold,weekday,cold,MLK Jr Dr & 56th St,11
cold,weekday,cold,MLK Jr Dr & 63rd St,7
cold,weekday,cold,MLK Jr Dr & 83rd St,9
cold,weekday,cold,MLK Jr Dr & Pershing Rd,65
cold,weekday,cold,Major Ave & Addison St,9
cold,weekday,cold,Malcolm X College,222
cold,weekday,cold,Malden St & Wilson Ave,77
cold,weekday,cold,Mango Ave & Diversey Ave,2
cold,weekday,cold,Mango Ave & North Ave,5
cold,weekday,cold,Manor Ave & Leland Ave,75
cold,weekday,cold,Maplewood Ave & 59th St,6
cold,weekday,cold,Maplewood Ave & Peterson Ave,54
cold,weekday,cold,Marine Dr & Ainslie St,195
cold,weekday,cold,Marmora Ave & Irving Park Rd,33
cold,weekday,cold,Marquette Ave & 89th St,4
cold,weekday,cold,Marshfield Ave & 44th St,12
cold,weekday,cold,Marshfield Ave & 59th St,3
cold,weekday,cold,Marshfield Ave & Diversey Pkwy,40
cold,weekday,cold,Marshfield Ave & Wabansia Ave,36
cold,weekday,cold,Martin Luther King Dr & 111th St,3
cold,weekday,cold,Martin Luther King Dr & 87th St,5
cold,weekday,cold,Mason Ave & Belmont Ave,3
cold,weekday,cold,Mason Ave & Grand Ave,8
cold,weekday,cold,Mason Ave & Montrose Ave,12
cold,weekday,cold,May St & 69th St,1
cold,weekday,cold,May St & Cullerton St,177
cold,weekday,cold,May St & Hubbard St,142
cold,weekday,cold,May St & Taylor St,626
cold,weekday,cold,McClurg Ct & Erie St,1166
cold,weekday,cold,McClurg Ct & Ohio St,1308
cold,weekday,cold,McCormick Blvd & Devon Ave,53
cold,weekday,cold,McCormick Place,170
cold,weekday,cold,Meade Ave & Addison St,3
cold,weekday,cold,Meade Ave & Diversey Ave,4
cold,weekday,cold,Meade Ave & Fullerton Ave,7
cold,weekday,cold,Melvina Ave & Giddings Ave,13
cold,weekday,cold,Menard Ave & Lawrence Ave,6
cold,weekday,cold,Menard Ave & Milwaukee Ave,4
cold,weekday,cold,Merrimac Park,13
cold,weekday,cold,Michigan Ave & 105th St,3
cold,weekday,cold,Michigan Ave & 108th St,3
cold,weekday,cold,Michigan Ave & 113th St,2
cold,weekday,cold,Michigan Ave & 114th St,5
cold,weekday,cold,Michigan Ave & 11th St,151
cold,weekday,cold,Michigan Ave & 14th St,668
cold,weekday,cold,Michigan Ave & 18th St,550
cold,weekday,cold,Michigan Ave & 71st St,5
cold,weekday,cold,Michigan Ave & 8th St,527
cold,weekday,cold,Michigan Ave & Ida B Wells Dr,330
cold,weekday,cold,Michigan Ave & Jackson Blvd,642
cold,weekday,cold,Michigan Ave & Lake St,1430
cold,weekday,cold,Michigan Ave & Madison St,575
cold,weekday,cold,Michigan Ave & Oak St,591
cold,weekday,cold,Michigan Ave & Pearson St,618
cold,weekday,cold,Michigan Ave & Washington St,1673
cold,weekday,cold,Midway Orange Line,25
cold,weekday,cold,Mies van der Rohe Way & Chestnut St,952
cold,weekday,cold,Mies van der Rohe Way & Chicago Ave,1029
cold,weekday,cold,Millard Ave & 26th St,13
cold,weekday,cold,Millennium Park,797
cold,weekday,cold,Milwaukee Ave & Agatite Ave,34
cold,weekday,cold,Milwaukee Ave & Ainslie St,76
cold,weekday,cold,Milwaukee Ave & Armitage Ave,103
cold,weekday,cold,Milwaukee Ave & Cuyler Ave,22
cold,weekday,cold,Milwaukee Ave & Diversey Ave,13
cold,weekday,cold,Milwaukee Ave & Fullerton Ave,165
cold,weekday,cold,Milwaukee Ave & Grand Ave,855
cold,weekday,cold,Milwaukee Ave & Highland Ave,5
cold,weekday,cold,Milwaukee Ave & Rockwell St,156
cold,weekday,cold,Milwaukee Ave & The 606,231
cold,weekday,cold,Milwaukee Ave & Wabansia Ave,390
cold,weekday,cold,Milwaukee Ave & Wabansia Ave*,72
cold,weekday,cold,Monitor Ave & Division St,3
cold,weekday,cold,Monticello Ave & Chicago Ave,9
cold,weekday,cold,Monticello Ave & Irving Park Rd,154
cold,weekday,cold,Monticello Ave & Lawrence Ave,50
cold,weekday,cold,Montrose Harbor,112
cold,weekday,cold,Morgan Ave & 14th Pl,291
cold,weekday,cold,Morgan St & 18th St,341
cold,weekday,cold,Morgan St & 31st St,251
cold,weekday,cold,Morgan St & Hubbard St,90
cold,weekday,cold,Morgan St & Lake St*,957
cold,weekday,cold,Morgan St & Pershing Rd,10
cold,weekday,cold,Morgan St & Polk St,1203
cold,weekday,cold,Mozart St & 55th St,1
cold,weekday,cold,Mozart St & 79th St,1
cold,weekday,cold,Mozart St & Jackson Blvd,10
cold,weekday,cold,Mulligan Ave & Archer Ave,5
cold,weekday,cold,N Carpenter St & W Lake St,206
cold,weekday,cold,N Clark St & W Elm St,35
cold,weekday,cold,N Damen Ave & W Chicago Ave,54
cold,weekday,cold,N Green St & W Lake St,366
cold,weekday,cold,N Paulina St & Lincoln Ave,88
cold,weekday,cold,N Shore Channel Trail & Argyle St,63
cold,weekday,cold,N Southport Ave & W Newport Ave,79
cold,weekday,cold,NEW HASTINGS,1
cold,weekday,cold,Nagle Ave & Belmont Ave,25
cold,weekday,cold,Narragansett Ave & McLean Ave,3
cold,weekday,cold,Narragansett Ave & Montrose Ave,29
cold,weekday,cold,Narragansett Ave & North Ave,4
cold,weekday,cold,Narragansett Ave & School St,3
cold,weekday,cold,Narragansett Ave & Wrightwood Ave,21
cold,weekday,cold,Navy Pier,341
cold,weekday,cold,New St & Illinois St,1341
cold,weekday,cold,Newcastle Ave & Irving Park Rd,2
cold,weekday,cold,Noble St & Milwaukee Ave,478
cold,weekday,cold,Noble St & Ohio St,170
cold,weekday,cold,Noble St & Potomac Ave,30
cold,weekday,cold,Nordica Ave & Medill Ave,12
cold,weekday,cold,Normal Ave & Archer Ave,112
cold,weekday,cold,North Ave & New England Ave,1
cold,weekday,cold,North Boundary Park,17
cold,weekday,cold,Oak Park & Wellington,16
cold,weekday,cold,Oakley Ave & Irving Park Rd,146
cold,weekday,cold,Oakley Ave & Lyndale St,35
cold,weekday,cold,Oakley Ave & Touhy Ave,34
cold,weekday,cold,Oconto Ave & Belmont Ave,3
cold,weekday,cold,Ogden Ave & Chicago Ave,704
cold,weekday,cold,Ogden Ave & Congress Pkwy,254
cold,weekday,cold,Ogden Ave & Race Ave,522
cold,weekday,cold,Ogden Ave & Roosevelt Rd,66
cold,weekday,cold,Oglesby Ave & 100th St,3
cold,weekday,cold,Olive Harvey College,3
cold,weekday,cold,Orange Ave & Addison St,2
cold,weekday,cold,Oriole Ave & Irving Park Rd,2
cold,weekday,cold,Orleans St & Chestnut St (NEXT Apts),489
cold,weekday,cold,Orleans St & Elm St,410
cold,weekday,cold,Orleans St & Hubbard St,894
cold,weekday,cold,Orleans St & Merchandise Mart Plaza,1937
cold,weekday,cold,Overhill Ave & Belmont Ave,4
cold,weekday,cold,Panama Ave & Grace St,2
cold,weekday,cold,Parkside Ave & Armitage Ave,3
cold,weekday,cold,Parnell Ave & 31st St,13
cold,weekday,cold,Paulina Ave & 87th St,6
cold,weekday,cold,Paulina Ave & North Ave,275
cold,weekday,cold,Paulina St & 18th St,297
cold,weekday,cold,Paulina St & Adams St,31
cold,weekday,cold,Paulina St & Cortland St,79
cold,weekday,cold,Paulina St & Division St,339
cold,weekday,cold,Paulina St & Flournoy St,871
cold,weekday,cold,Paulina St & Howard St,147
cold,weekday,cold,Paulina St & Montrose Ave,300
cold,weekday,cold,Peoria St & Jackson Blvd,1058
cold,weekday,cold,Peoria St & Kinzie St,209
cold,weekday,cold,Perry Ave & 69th St,29
cold,weekday,cold,Pershing Rd & Sacramento Ave,13
cold,weekday,cold,Peterson/Ridge Metra,245
cold,weekday,cold,Phillips Ave & 79th St,4
cold,weekday,cold,Phillips Ave & 83rd St,6
cold,weekday,cold,Pine Ave & Division St,6
cold,weekday,cold,Pine Grove Ave & Irving Park Rd,699
cold,weekday,cold,Pine Grove Ave & Waveland Ave,632
cold,weekday,cold,Pine Grove Ave & Wellington Ave,92
cold,weekday,cold,Ping Tom Park (East),52
cold,weekday,cold,Portage Park,7
cold,weekday,cold,Prairie Ave & 43rd St,32
cold,weekday,cold,Prairie Ave & Garfield Blvd,125
cold,weekday,cold,Princeton Ave & 47th St,19
cold,weekday,cold,Princeton Ave & 95th St,4
cold,weekday,cold,Princeton Ave & Garfield Blvd,21
cold,weekday,cold,Prospect Sq & 91st St,2
cold,weekday,cold,Public Rack - 10101 S Stony Island Ave,2
cold,weekday,cold,Public Rack - 111th St - Morgan Park Metra,1
cold,weekday,cold,Public Rack - 2302 S Pulaski Rd,1
cold,weekday,cold,Public Rack - 532 E 43rd St,2
cold,weekday,cold,Public Rack - Ashland Ave & 63rd St,5
cold,weekday,cold,Public Rack - Ashland Ave & 71st St,1
cold,weekday,cold,Public Rack - Ashland Ave & 76th St,1
cold,weekday,cold,Public Rack - Avers & Lawrence,3
cold,weekday,cold,Public Rack - Avers Ave & Irving Park Rd,6
cold,weekday,cold,Public Rack - Avondale Ave & Addison St,8
cold,weekday,cold,Public Rack - Baltimore Ave & 132nd St,2
cold,weekday,cold,Public Rack - Baltimore Ave & 134th St,1
cold,weekday,cold,Public Rack - Bernard St & Foster Ave,1
cold,weekday,cold,Public Rack - Brooks Park,1
cold,weekday,cold,Public Rack - California Ave & Cortez St,14
cold,weekday,cold,Public Rack - California Ave & Devon Ave - NW,2
cold,weekday,cold,Public Rack - California Ave & Ogden Ave,1
cold,weekday,cold,Public Rack - California Ave & Pershing Rd,3
cold,weekday,cold,Public Rack - Campbell Ave & Pratt Blvd,10
cold,weekday,cold,Public Rack - Canfield & Victoria,1
cold,weekday,cold,Public Rack - Central & Leland,4
cold,weekday,cold,Public Rack - Central & Prescott,1
cold,weekday,cold,Public Rack - Central Ave & Lawrence Ave,3
cold,weekday,cold,Public Rack - Central Park & Bryn Mawr,2
cold,weekday,cold,Public Rack - Central Park & Peterson,7
cold,weekday,cold,Public Rack - Central Park Ave & 16th St,1
cold,weekday,cold,Public Rack - Central Park Ave & Fillmore St,1
cold,weekday,cold,Public Rack - Champlain Ave & 65th St,11
cold,weekday,cold,Public Rack - Chappel Ave & 71st St,1
cold,weekday,cold,Public Rack - Chopin Park,1
cold,weekday,cold,Public Rack - Christiana & Lincoln,1
cold,weekday,cold,Public Rack - Christiana Ave & 55th St,1
cold,weekday,cold,Public Rack - Christiana Ave & Belmont Ave,20
cold,weekday,cold,Public Rack - Cicero Ave & Belle Plaine Ave,3
cold,weekday,cold,Public Rack - Cicero Ave & Wrightwood Ave,1
cold,weekday,cold,Public Rack - Corliss Ave & 103rd St,1
cold,weekday,cold,Public Rack - Cottage Grove & 84th St,1
cold,weekday,cold,Public Rack - Cottage Grove & 86th St,1
cold,weekday,cold,Public Rack - Cottage Grove Ave & 111th St,1
cold,weekday,cold,Public Rack - Cottage Grove Ave & 75th St,2
cold,weekday,cold,Public Rack - Cottage Grove Ave & 89th Pl,1
cold,weekday,cold,Public Rack - Cottage Grove Ave & 92nd St,1
cold,weekday,cold,Public Rack - Cumberland & Catherine,1
cold,weekday,cold,Public Rack - Damen Ave & 47th St,2
cold,weekday,cold,Public Rack - Division St & Christiana Ave,1
cold,weekday,cold,Public Rack - Drake Ave & Leland Ave,22
cold,weekday,cold,Public Rack - Eberhart Ave & 61st St,2
cold,weekday,cold,Public Rack - Eggleston Ave & 115th St,1
cold,weekday,cold,Public Rack - Eli Whitney Public School,3
cold,weekday,cold,Public Rack - Emerald Ave & 43rd St,2
cold,weekday,cold,Public Rack - Emerald Ave & 45th St,2
cold,weekday,cold,Public Rack - Evans Ave & 63rd St,17
cold,weekday,cold,Public Rack - Ewing Ave & 101st St,1
cold,weekday,cold,Public Rack - Ewing Ave & 102nd St,1
cold,weekday,cold,Public Rack - Ewing Ave & 96th St N,1
cold,weekday,cold,Public Rack - Ewing Ave & 96th St S,1
cold,weekday,cold,Public Rack - Ewing Ave & 99th St,1
cold,weekday,cold,Public Rack - Ewing Ave & Indianapolis Ave,1
cold,weekday,cold,Public Rack - Exchange Ave & 131st St,1
cold,weekday,cold,Public Rack - Exchange Ave & 73rd Pl,1
cold,weekday,cold,Public Rack - Forest Glen Station,6
cold,weekday,cold,Public Rack - Foster Ave & Drake Ave,2
cold,weekday,cold,Public Rack - Fullerton Ave & Narragansett Ave,1
cold,weekday,cold,Public Rack - Greenwood Ave & Lake Park Ave,4
cold,weekday,cold,Public Rack - Hamlin Ave & Fullerton Ave,7
cold,weekday,cold,Public Rack - Hamlin Ave & Montrose Ave,32
cold,weekday,cold,Public Rack - Harlem & Palatine,1
cold,weekday,cold,Public Rack - Harlem and W. 59th,1
cold,weekday,cold,Public Rack - Harold Washington Park,17
cold,weekday,cold,Public Rack - Hiawatha & Mendota,3
cold,weekday,cold,Public Rack - Higgins Ave & Neva Ave,1
cold,weekday,cold,Public Rack - Hollywood Park,10
cold,weekday,cold,Public Rack - Homan Ave & Roosevelt,1
cold,weekday,cold,Public Rack - Houston Ave & 130th St,1
cold,weekday,cold,Public Rack - Houston Ave & 131st St,1
cold,weekday,cold,Public Rack - Houston Ave & 91st St,1
cold,weekday,cold,Public Rack - Hoyne Ave & 51st St,1
cold,weekday,cold,Public Rack - Hyde Park Blvd & 53rd St,14
cold,weekday,cold,Public Rack - Hyde Park Blvd & 55th St,57
cold,weekday,cold,Public Rack - Independence Blvd & Roosevelt,2
cold,weekday,cold,Public Rack - Irving Park Rd & Leclaire Ave,9
cold,weekday,cold,Public Rack - Irving Park Rd & Menard Ave,1
cold,weekday,cold,Public Rack - Jeffery Blvd & 67th St,1
cold,weekday,cold,Public Rack - Jeffrey Blvd & 71st St,3
cold,weekday,cold,Public Rack - Jensen Park,10
cold,weekday,cold,Public Rack - Jonathan Y Scammon Public School,12
cold,weekday,cold,Public Rack - Justine St & 87th St,2
cold,weekday,cold,Public Rack - Karlov Ave & Kamerling Ave,10
cold,weekday,cold,Public Rack - Karlov Ave & Lawrence Ave,1
cold,weekday,cold,Public Rack - Karlov Ave & Milwaukee Ave,1
cold,weekday,cold,Public Rack - Keating & Peterson,22
cold,weekday,cold,Public Rack - Kedvale Ave & 63rd St E,1
cold,weekday,cold,Public Rack - Kedvale Ave & 63rd St W,13
cold,weekday,cold,Public Rack - Kedzie & 103rd St - W,1
cold,weekday,cold,Public Rack - Kedzie Ave & 54th St - SE,1
cold,weekday,cold,Public Rack - Kedzie Ave & 58th St,1
cold,weekday,cold,Public Rack - Kedzie Ave & 64th St - SE,3
cold,weekday,cold,Public Rack - Kedzie Ave & 64th St - SW,1
cold,weekday,cold,Public Rack - Kedzie Ave & Argyle St,28
cold,weekday,cold,Public Rack - Kedzie Ave & Walnut St,3
cold,weekday,cold,Public Rack - Kenneth & Carmen,10
cold,weekday,cold,Public Rack - Kenton & Lawrence,2
cold,weekday,cold,Public Rack - Keystone Ave & Irving Park Rd,10
cold,weekday,cold,Public Rack - Keystone Ave & North Ave,3
cold,weekday,cold,Public Rack - Kildare Ave & North Ave,2
cold,weekday,cold,Public Rack - Kilpatrick & Elston,8
cold,weekday,cold,Public Rack - Kimball & Ardmore,15
cold,weekday,cold,Public Rack - Kimball Ave & Carmen Ave,4
cold,weekday,cold,Public Rack - Kimball Ave & Lawrence Ave,3
cold,weekday,cold,Public Rack - Kimbark Ave & 67th St,4
cold,weekday,cold,Public Rack - King Dr & 115th St,4
cold,weekday,cold,Public Rack - King Dr & Oakwood Blvd,1
cold,weekday,cold,Public Rack - Kinzua Ave & Devon Ave,1
cold,weekday,cold,Public Rack - Komensky Ave & 59th St,3
cold,weekday,cold,Public Rack - Komensky Ave & 63rd St,1
cold,weekday,cold,Public Rack - Kostner & Bryn Mawr,2
cold,weekday,cold,Public Rack - Kostner Ave & Diversey Ave,1
cold,weekday,cold,Public Rack - Kostner Ave & North Ave,2
cold,weekday,cold,Public Rack - Lafayette Ave & 95th St,2
cold,weekday,cold,Public Rack - Laflin St & 51st St,1
cold,weekday,cold,Public Rack - Langley Ave & 49th St,22
cold,weekday,cold,Public Rack - Langley Ave & Oakwood Blvd,2
cold,weekday,cold,Public Rack - Laramie Ave & Belmont Ave,4
cold,weekday,cold,Public Rack - Lawndale Ave & 23rd St,1
cold,weekday,cold,Public Rack - Lawndale Ave & Diversey Ave,10
cold,weekday,cold,Public Rack - Lawrence Ave & 103rd St,1
cold,weekday,cold,Public Rack - Lawrence Ave & Kimball Ave,3
cold,weekday,cold,Public Rack - Leader & Caldwell,1
cold,weekday,cold,Public Rack - Leamington & Elston,4
cold,weekday,cold,Public Rack - Leclaire Ave & Division St,1
cold,weekday,cold,Public Rack - Linder Ave & Belmont Ave,1
cold,weekday,cold,Public Rack - Lockwood & Archer,4
cold,weekday,cold,Public Rack - Lockwood Ave & Diversey Ave,4
cold,weekday,cold,Public Rack - Loomis Blvd & 47th St,1
cold,weekday,cold,Public Rack - Loomis St & 87th St,1
cold,weekday,cold,Public Rack - Lorel Ave & Grand Ave,1
cold,weekday,cold,Public Rack - Lowe Park,1
cold,weekday,cold,Public Rack - Lowell Ave & Elston Ave,3
cold,weekday,cold,Public Rack - Mackinaw Ave & 108th St,1
cold,weekday,cold,Public Rack - Marquette Rd & 67th St,1
cold,weekday,cold,Public Rack - Marshfield Ave & 45th St,1
cold,weekday,cold,Public Rack - May St & 78th St,1
cold,weekday,cold,Public Rack - Melvina & Foster,1
cold,weekday,cold,Public Rack - Menard Ave & Belmont Ave,1
cold,weekday,cold,Public Rack - Menard Ave & Dakin St - midblock,3
cold,weekday,cold,Public Rack - Milwaukee Ave & Addison St,3
cold,weekday,cold,Public Rack - Milwaukee Ave & Culyer Ave,2
cold,weekday,cold,Public Rack - Milwaukee Ave & Diversey Ave,48
cold,weekday,cold,Public Rack - Milwaukee Ave & Haussen Ct,2
cold,weekday,cold,Public Rack - Milwaukee Ave & Higgins Ave,16
cold,weekday,cold,Public Rack - Milwaukee Ave & Pensacola Ave,3
cold,weekday,cold,Public Rack - Milwaukee Ave & School St,4
cold,weekday,cold,Public Rack - Milwaukee Ave & Warner Ave,3
cold,weekday,cold,Public Rack - Minuteman Park,3
cold,weekday,cold,Public Rack - Mont Clare Ave & Higgins Ave,1
cold,weekday,cold,Public Rack - Monticello Ave & Belmont Ave,14
cold,weekday,cold,Public Rack - Mulligan & Northwest Hwy,1
cold,weekday,cold,Public Rack - N. Oakview and W. Gregory St,3
cold,weekday,cold,Public Rack - Nagel & Higgins,1
cold,weekday,cold,Public Rack - Nashotah & Northwest Hwy,6
cold,weekday,cold,Public Rack - Natoma Ave & Bryn Mawr Ave,25
cold,weekday,cold,Public Rack - Neola & Northwest Hwy,1
cold,weekday,cold,Public Rack - Nina Ave & Avondale Ave,1
cold,weekday,cold,Public Rack - Northwest Hwy & Overhill Ave,1
cold,weekday,cold,Public Rack - Norwood Park Station,1
cold,weekday,cold,Public Rack - Oak Park & Higgins,1
cold,weekday,cold,Public Rack - Oak Park Ave & Foster Ave,3
cold,weekday,cold,Public Rack - Octavia Ave & Touhy Ave,1
cold,weekday,cold,Public Rack - Odell & Talcott,2
cold,weekday,cold,Public Rack - Oglesby Ave & 95th St,1
cold,weekday,cold,Public Rack - Oketo & Northwest Hwy,1
cold,weekday,cold,Public Rack - Olmstead Ave & Oliphant Ave,9
cold,weekday,cold,Public Rack - Osceola Ave & Touhy Ave,1
cold,weekday,cold,Public Rack - Ottowa Ave & Touhy Ave,1
cold,weekday,cold,Public Rack - Overhill Ave & Touhy Ave,1
cold,weekday,cold,Public Rack - Park Manor Elementary School,1
cold,weekday,cold,Public Rack - Parkside & 63rd,3
cold,weekday,cold,Public Rack - Parkside & Archer,1
cold,weekday,cold,Public Rack - Parkside & Elston,14
cold,weekday,cold,Public Rack - Penn Elementary School / KIPP Ascend Middle School,6
cold,weekday,cold,Public Rack - Peterson Ave & Bernard Ave,1
cold,weekday,cold,Public Rack - Peterson Ave & Drake Ave,6
cold,weekday,cold,Public Rack - Peterson Park,4
cold,weekday,cold,Public Rack - Plainfield Ave & Irving Park Rd,1
cold,weekday,cold,Public Rack - Prairie Ave & 47th St,25
cold,weekday,cold,Public Rack - Prairie Ave & Garfield Blvd N,3
cold,weekday,cold,Public Rack - Prairie Ave & Garfield Blvd S,1
cold,weekday,cold,Public Rack - Pratt Ave & Odell Ave,3
cold,weekday,cold,Public Rack - Pulaski & Ardmore,2
cold,weekday,cold,Public Rack - Pulaski Rd & 41st,1
cold,weekday,cold,Public Rack - Pulaski Rd & 44th St,21
cold,weekday,cold,Public Rack - Pulaski Rd & Armitage Ave,1
cold,weekday,cold,Public Rack - Pulaski Rd & Fullerton Ave,6
cold,weekday,cold,Public Rack - Pullman - Planet Fitness,1
cold,weekday,cold,Public Rack - Pullman - Ross Dress for Less,1
cold,weekday,cold,Public Rack - Pullman - Walmart,1
cold,weekday,cold,Public Rack - Pullman Community Center,2
cold,weekday,cold,Public Rack - Richard Daley College,3
cold,weekday,cold,Public Rack - Richmond St & Thorndale Ave,1
cold,weekday,cold,Public Rack - Rockwell & Division,10
cold,weekday,cold,Public Rack - Rockwell Ave & Touhy Ave,1
cold,weekday,cold,Public Rack - Rutherford Ave & Belmont Ave,1
cold,weekday,cold,Public Rack - Sacramento Ave & Devon Ave,1
cold,weekday,cold,Public Rack - Saginaw Ave & 93rd St,1
cold,weekday,cold,Public Rack - Sawyer Ave & Bryn Mawr Ave - SE,1
cold,weekday,cold,Public Rack - Sawyer Ave & Lawrence Ave,2
cold,weekday,cold,Public Rack - South Shore Dr & 71st St,16
cold,weekday,cold,Public Rack - Spaulding Ave & Bryn Mawr Ave,2
cold,weekday,cold,Public Rack - Spaulding Ave & Evergreen Ave,24
cold,weekday,cold,Public Rack - Spaulding Ave & Foster Ave,1
cold,weekday,cold,Public Rack - Spaulding Ave & North Ave,14
cold,weekday,cold,Public Rack - Springfield Ave & Lawrence Ave,7
cold,weekday,cold,Public Rack - St Louis Ave & Flournoy St,1
cold,weekday,cold,Public Rack - Talman Ave & 51st St,2
cold,weekday,cold,Public Rack - Touhy Ave & Oconto Ave,3
cold,weekday,cold,Public Rack - Walden Pkwy & 103rd St,4
cold,weekday,cold,Public Rack - Washington Park Ct & 51st St,2
cold,weekday,cold,Public Rack - Washtenaw Ave & Devon Ave,19
cold,weekday,cold,Public Rack - Washtenaw Ave & Superior St,31
cold,weekday,cold,Public Rack - Western Ave & 100th St,2
cold,weekday,cold,Public Rack - Western Ave & 118th St,1
cold,weekday,cold,Public Rack - Western Ave & 47th Pl,3
cold,weekday,cold,Public Rack - Western Ave & 92nd Pl,2
cold,weekday,cold,Public Rack - Western Ave & 96th St,1
cold,weekday,cold,Public Rack - Western Ave & Devon Ave,7
cold,weekday,cold,Public Rack - Western Blvd & 49th St,7
cold,weekday,cold,Public Rack - Whipple St & 63rd St,6
cold,weekday,cold,Public Rack - Wilbur Wright College South,8
cold,weekday,cold,Public Rack - Woodlawn Ave & 63rd St N,53
cold,weekday,cold,Public Rack - Woodlawn Ave & 63rd St S,10
cold,weekday,cold,Public Rack - Wrightwood Metra Station,3
cold,weekday,cold,Pulaski Rd & 51st St,59
cold,weekday,cold,Pulaski Rd & 54th St,7
cold,weekday,cold,Pulaski Rd & 60th Pl,1
cold,weekday,cold,Pulaski Rd & 60th St,1
cold,weekday,cold,Pulaski Rd & 68th St,2
cold,weekday,cold,Pulaski Rd & 75th St,1
cold,weekday,cold,Pulaski Rd & 84th St,2
cold,weekday,cold,Pulaski Rd & Ann Lurie Pl,26
cold,weekday,cold,Pulaski Rd & Congress Pkwy,15
cold,weekday,cold,Pulaski Rd & Eddy St,30
cold,weekday,cold,Pulaski Rd & Lake St,2
cold,weekday,cold,Racine Ave & 115th St,2
cold,weekday,cold,Racine Ave & 13th St,77
cold,weekday,cold,Racine Ave & 15th St,161
cold,weekday,cold,Racine Ave & 18th St,454
cold,weekday,cold,Racine Ave & 35th St,61
cold,weekday,cold,Racine Ave & 61st St,1
cold,weekday,cold,Racine Ave & Belmont Ave,440
cold,weekday,cold,Racine Ave & Broadway,110
cold,weekday,cold,Racine Ave & Congress Pkwy,615
cold,weekday,cold,Racine Ave & Fullerton Ave,634
cold,weekday,cold,Racine Ave & Garfield Blvd,2
cold,weekday,cold,Racine Ave & Randolph St,233
cold,weekday,cold,Racine Ave & Washington Blvd,385
cold,weekday,cold,Racine Ave & Webster Ave,74
cold,weekday,cold,Racine Ave & Wrightwood Ave,391
cold,weekday,cold,Racine/Eddy Corral,5
cold,weekday,cold,Ravenswood Ave & Berteau Ave,251
cold,weekday,cold,Ravenswood Ave & Irving Park Rd,276
cold,weekday,cold,Ravenswood Ave & Lawrence Ave,1451
cold,weekday,cold,Rhodes Ave & 32nd St,262
cold,weekday,cold,Rhodes Ave & 71st St,1
cold,weekday,cold,Richmond St & 59th St,12
cold,weekday,cold,Richmond St & Diversey Ave,119
cold,weekday,cold,Richmond St & Lincoln Ave,21
cold,weekday,cold,Ridge Blvd & Howard St,28
cold,weekday,cold,Ridge Blvd & Touhy Ave,50
cold,weekday,cold,Ritchie Ct & Banks St,660
cold,weekday,cold,Rockwell Ave & Logan Blvd,33
cold,weekday,cold,Rockwell St & 47th St,4
cold,weekday,cold,Rockwell St & 57th St,4
cold,weekday,cold,Rockwell St & 63rd St,1
cold,weekday,cold,Rockwell St & Archer Ave,45
cold,weekday,cold,Rockwell St & Cermak Rd,15
cold,weekday,cold,Rockwell St & Division St,1
cold,weekday,cold,Rockwell St & Eastwood Ave,155
cold,weekday,cold,Rockwell St & Fletcher St,57
cold,weekday,cold,Rockwell/Irving Park Hub,8
cold,weekday,cold,Roscoe & Harlem,2
cold,weekday,cold,Rush St & Cedar St,954
cold,weekday,cold,Rush St & Hubbard St,823
cold,weekday,cold,Rush St & Illinois St,130
cold,weekday,cold,Rush St & Superior St,862
cold,weekday,cold,S Wentworth Ave & W 111th St,1
cold,weekday,cold,SCOOTERS CLASSIC - 2132 W Hubbard ST,11
cold,weekday,cold,Sacramento Ave & 25th St,3
cold,weekday,cold,Sacramento Ave & 51st St,3
cold,weekday,cold,Sacramento Ave & Linden Pl,28
cold,weekday,cold,Sacramento Ave & Lunt Ave,14
cold,weekday,cold,Sacramento Ave & Lyndale St,19
cold,weekday,cold,Sacramento Ave & Pratt Blvd,9
cold,weekday,cold,Sacramento Blvd & Addison St,32
cold,weekday,cold,Sacramento Blvd & Franklin Blvd,38
cold,weekday,cold,Sacramento Blvd & Fulton Ave,17
cold,weekday,cold,Sacramento Blvd & Polk St,6
cold,weekday,cold,Sangamon St & Adams St,116
cold,weekday,cold,Sangamon St & Lake St,793
cold,weekday,cold,Sangamon St & Washington Blvd,660
cold,weekday,cold,Sawyer Ave & Fullerton Ave,24
cold,weekday,cold,Sawyer Ave & Irving Park Rd,75
cold,weekday,cold,Sayre Ave & Diversey Ave,9
cold,weekday,cold,Scottsdale Park,1
cold,weekday,cold,Sedgwick St & Chicago Ave,61
cold,weekday,cold,Sedgwick St & Huron St,1114
cold,weekday,cold,Sedgwick St & North Ave,636
cold,weekday,cold,Sedgwick St & North Ave*,74
cold,weekday,cold,Sedgwick St & Schiller St,243
cold,weekday,cold,Sedgwick St & Webster Ave,671
cold,weekday,cold,Seeley Ave & Garfield Blvd,1
cold,weekday,cold,Seeley Ave & Roscoe St,322
cold,weekday,cold,Seminary Ave & Belden Ave,24
cold,weekday,cold,Shabbona Park,5
cold,weekday,cold,Shedd Aquarium,443
cold,weekday,cold,Sheffield Ave & Addison St,193
cold,weekday,cold,Sheffield Ave & Fletcher St,47
cold,weekday,cold,Sheffield Ave & Fullerton Ave,1090
cold,weekday,cold,Sheffield Ave & Fullerton Ave*,172
cold,weekday,cold,Sheffield Ave & Kingsbury St,727
cold,weekday,cold,Sheffield Ave & Kingsbury St*,68
cold,weekday,cold,Sheffield Ave & Waveland Ave,617
cold,weekday,cold,Sheffield Ave & Webster Ave,761
cold,weekday,cold,Sheffield Ave & Wellington Ave,678
cold,weekday,cold,Sheffield Ave & Willow St,536
cold,weekday,cold,Sheffield Ave & Wrightwood Ave,599
cold,weekday,cold,Sheffield/Cornelia Corral,10
cold,weekday,cold,Sheffield/Newport Corral,15
cold,weekday,cold,Sheridan Rd & Argyle St,399
cold,weekday,cold,Sheridan Rd & Berwyn Ave,50
cold,weekday,cold,Sheridan Rd & Buena Ave,480
cold,weekday,cold,Sheridan Rd & Columbia Ave,167
cold,weekday,cold,Sheridan Rd & Greenleaf Ave,77
cold,weekday,cold,Sheridan Rd & Irving Park Rd,910
cold,weekday,cold,Sheridan Rd & Lawrence Ave,251
cold,weekday,cold,Sheridan Rd & Loyola Ave,184
cold,weekday,cold,Sheridan Rd & Montrose Ave,603
cold,weekday,cold,Sheridan Rd & Noyes St (NU),560
cold,weekday,cold,Shields Ave & 28th Pl,221
cold,weekday,cold,Shields Ave & 31st St,220
cold,weekday,cold,Shields Ave & 43rd St,21
cold,weekday,cold,Shore Dr & 53rd St,34
cold,weekday,cold,Shore Dr & 55th St,554
cold,weekday,cold,Smith Park,122
cold,weekday,cold,South Shore Dr & 67th St,41
cold,weekday,cold,South Shore Dr & 71st St,9
cold,weekday,cold,South Shore Dr & 74th St,20
cold,weekday,cold,Southport Ave & Belmont Ave,531
cold,weekday,cold,Southport Ave & Clark St,182
cold,weekday,cold,Southport Ave & Clybourn Ave,462
cold,weekday,cold,Southport Ave & Grace St,86
cold,weekday,cold,Southport Ave & Irving Park Rd,387
cold,weekday,cold,Southport Ave & Roscoe St,764
cold,weekday,cold,Southport Ave & Waveland Ave,798
cold,weekday,cold,Southport Ave & Waveland Ave*,92
cold,weekday,cold,Southport Ave & Wellington Ave,646
cold,weekday,cold,Southport Ave & Wrightwood Ave,618
cold,weekday,cold,Southport Ave & Wrightwood Ave*,65
cold,weekday,cold,Spaulding Ave & 16th St,8
cold,weekday,cold,Spaulding Ave & Armitage Ave,305
cold,weekday,cold,Spaulding Ave & Division St,154
cold,weekday,cold,Spaulding Ave & Milwaukee Ave,27
cold,weekday,cold,Springfield Ave & 47th St,6
cold,weekday,cold,Springfield Ave & 71st St,6
cold,weekday,cold,Springfield Ave & North Ave,39
cold,weekday,cold,St Clair St & Ohio St,200
cold,weekday,cold,St Louis Ave & 51st St,6
cold,weekday,cold,St Louis Ave & 59th St,32
cold,weekday,cold,St Louis Ave & Foster Ave,34
cold,weekday,cold,St Louis Ave & Norman Bobbins Pl,4
cold,weekday,cold,St. Clair St & Erie St,1609
cold,weekday,cold,St. Clair St & Erie St 1,54
cold,weekday,cold,St. Clair St & Erie St 2,105
cold,weekday,cold,St. Louis & 71st St,5
cold,weekday,cold,St. Louis Ave & Balmoral Ave,73
cold,weekday,cold,St. Louis Ave & Fullerton Ave,192
cold,weekday,cold,State St & 111th St,1
cold,weekday,cold,State St & 123rd St,2
cold,weekday,cold,State St & 19th St,121
cold,weekday,cold,State St & 29th St,37
cold,weekday,cold,State St & 33rd St,733
cold,weekday,cold,State St & 35th St,270
cold,weekday,cold,State St & 45th St,1
cold,weekday,cold,State St & 54th St,8
cold,weekday,cold,State St & 76th St,2
cold,weekday,cold,State St & 79th St,12
cold,weekday,cold,State St & 95th St,15
cold,weekday,cold,State St & Chicago Ave,2208
cold,weekday,cold,State St & Harrison St,391
cold,weekday,cold,State St & Kinzie St,1171
cold,weekday,cold,State St & Pearson St,480
cold,weekday,cold,State St & Pershing Rd,2
cold,weekday,cold,State St & Randolph St,880
cold,weekday,cold,State St & Van Buren St,537
cold,weekday,cold,Stave St & Armitage Ave,281
cold,weekday,cold,Steelworkers Park,3
cold,weekday,cold,Stetson Ave & South Water St,600
cold,weekday,cold,Stewart Ave & 123rd St,5
cold,weekday,cold,Stockton Dr & Wrightwood Ave,587
cold,weekday,cold,Stony Island Ave & 63rd St,10
cold,weekday,cold,Stony Island Ave & 64th St,6
cold,weekday,cold,Stony Island Ave & 67th St,13
cold,weekday,cold,Stony Island Ave & 71st St,26
cold,weekday,cold,Stony Island Ave & 75th St,30
cold,weekday,cold,Stony Island Ave & 82nd St,4
cold,weekday,cold,Stony Island Ave & 90th St,1
cold,weekday,cold,Stony Island Ave & South Chicago Ave,1
cold,weekday,cold,Streeter Dr & Grand Ave,480
cold,weekday,cold,Streeter Dr/Grand Ave,46
cold,weekday,cold,Talman Ave & Addison St,181
cold,weekday,cold,The Salt Shed,42
cold,weekday,cold,Theater on the Lake,187
cold,weekday,cold,Throop St & 52nd St,1
cold,weekday,cold,Throop St & 99th St,3
cold,weekday,cold,Throop St & Taylor St,393
cold,weekday,cold,Torrence Ave & 126th Pl,2
cold,weekday,cold,Tripp Ave & 65th St,18
cold,weekday,cold,Troy St & Elston Ave,176
cold,weekday,cold,Troy St & Grace St,54
cold,weekday,cold,Troy St & Jackson Blvd,2
cold,weekday,cold,Troy St & North Ave,85
cold,weekday,cold,Union Ave & Root St,18
cold,weekday,cold,University Ave & 57th St,2534
cold,weekday,cold,University Ave & 59th St,902
cold,weekday,cold,University Ave & 65th St,41
cold,weekday,cold,University Library (NU),252
cold,weekday,cold,Valli Produce - Evanston Plaza,34
cold,weekday,cold,Vernon Ave & 107th St,1
cold,weekday,cold,Vernon Ave & 75th St,4
cold,weekday,cold,Vernon Ave & 79th St,9
cold,weekday,cold,Vincennes Ave & 104th St,4
cold,weekday,cold,Vincennes Ave & 107th St,3
cold,weekday,cold,Vincennes Ave & 75th St,1
cold,weekday,cold,Vincennes Ave & 79th St,4
cold,weekday,cold,Vincennes Ave & 95th St,7
cold,weekday,cold,Virginia Ave & Catalpa Ave,24
cold,weekday,cold,W 103rd St & S Avers Ave,3
cold,weekday,cold,W Armitage Ave & N Sheffield Ave,184
cold,weekday,cold,W Washington Blvd & N Peoria St,39
cold,weekday,cold,Wabash Ave & 16th St,479
cold,weekday,cold,Wabash Ave & 49th St,1
cold,weekday,cold,Wabash Ave & 59th St,3
cold,weekday,cold,Wabash Ave & 83rd St,5
cold,weekday,cold,Wabash Ave & 87th St,9
cold,weekday,cold,Wabash Ave & 9th St,962
cold,weekday,cold,Wabash Ave & Adams St,913
cold,weekday,cold,Wabash Ave & Cermak Rd,149
cold,weekday,cold,Wabash Ave & Grand Ave,1487
cold,weekday,cold,Wabash Ave & Jackson Blvd,189
cold,weekday,cold,Wabash Ave & Roosevelt Rd,1239
cold,weekday,cold,Wabash Ave & Wacker Pl,596
cold,weekday,cold,Wabash Ave & Washington St,354
cold,weekday,cold,Wacker Dr & Randolph St,264
cold,weekday,cold,Wacker Dr & Washington St,1211
cold,weekday,cold,Wacker Dr & Washington St Corral,37
cold,weekday,cold,Walden Pkwy & 100th St,11
cold,weekday,cold,Wallace St & 28th St,13
cold,weekday,cold,Wallace St & 35th St,79
cold,weekday,cold,Wallace St & Pershing Rd,15
cold,weekday,cold,Walsh Park,296
cold,weekday,cold,Warren Park East,82
cold,weekday,cold,Warren Park West,69
cold,weekday,cold,Washtenaw Ave & Lawrence Ave,176
cold,weekday,cold,Washtenaw Ave & Ogden Ave,28
cold,weekday,cold,Washtenaw Ave & Peterson Ave,22
cold,weekday,cold,Washtenaw Ave & Polk St,14
cold,weekday,cold,Waveland/Racine Corral,9
cold,weekday,cold,Wellington Ave & Mulligan Ave,3
cold,weekday,cold,Wells St & 19th St,31
cold,weekday,cold,Wells St & Concord Ln,1684
cold,weekday,cold,Wells St & Elm St,1701
cold,weekday,cold,Wells St & Evergreen Ave,759
cold,weekday,cold,Wells St & Hubbard St,1927
cold,weekday,cold,Wells St & Huron St,1654
cold,weekday,cold,Wells St & Institute Pl,504
cold,weekday,cold,Wells St & Madison St,276
cold,weekday,cold,Wells St & Polk St,855
cold,weekday,cold,Wells St & Randolph St,1098
cold,weekday,cold,Wells St & Randolph St Corral,46
cold,weekday,cold,Wells St & Walton St,822
cold,weekday,cold,Wells St & Washington St,164
cold,weekday,cold,Wentworth Ave & 104th St,2
cold,weekday,cold,Wentworth Ave & 107th St,5
cold,weekday,cold,Wentworth Ave & 24th St,74
cold,weekday,cold,Wentworth Ave & 33rd St,100
cold,weekday,cold,Wentworth Ave & 35th St,92
cold,weekday,cold,Wentworth Ave & 63rd St,11
cold,weekday,cold,Wentworth Ave & 92nd St,4
cold,weekday,cold,Wentworth Ave & Cermak Rd,43
cold,weekday,cold,Wentworth Ave & Cermak Rd*,299
cold,weekday,cold,Western Ave & 101st St,8
cold,weekday,cold,Western Ave & 104th St,5
cold,weekday,cold,Western Ave & 111th St,1
cold,weekday,cold,Western Ave & 21st St,80
cold,weekday,cold,Western Ave & 24th St,48
cold,weekday,cold,Western Ave & 28th St,6
cold,weekday,cold,Western Ave & 43rd St,2
cold,weekday,cold,Western Ave & 62nd St,2
cold,weekday,cold,Western Ave & 79th St,5
cold,weekday,cold,Western Ave & 81st St,1
cold,weekday,cold,Western Ave & Ardmore Ave,17
cold,weekday,cold,Western Ave & Berteau Ave,99
cold,weekday,cold,Western Ave & Congress Pkwy,124
cold,weekday,cold,Western Ave & Division St,249
cold,weekday,cold,Western Ave & Fillmore St,208
cold,weekday,cold,Western Ave & Grace St,86
cold,weekday,cold,Western Ave & Granville Ave,136
cold,weekday,cold,Western Ave & Gunnison St,44
cold,weekday,cold,Western Ave & Howard St,83
cold,weekday,cold,Western Ave & Lake St,28
cold,weekday,cold,Western Ave & Leland Ave,315
cold,weekday,cold,Western Ave & Lunt Ave,88
cold,weekday,cold,Western Ave & Lyndale St,32
cold,weekday,cold,Western Ave & Monroe St,103
cold,weekday,cold,Western Ave & Roscoe St,176
cold,weekday,cold,Western Ave & Wabansia Ave,37
cold,weekday,cold,Western Ave & Walton St,312
cold,weekday,cold,Western Ave & Winnebago Ave,475
cold,weekday,cold,Western Blvd & 48th Pl,26
cold,weekday,cold,Whipple/Irving Park,34
cold,weekday,cold,Wilton Ave & Addison St,114
cold,weekday,cold,Wilton Ave & Belmont Ave,1189
cold,weekday,cold,Wilton Ave & Diversey Pkwy,699
cold,weekday,cold,Wilton Ave & Diversey Pkwy*,301
cold,weekday,cold,Winchester (Ravenswood) Ave & Balmoral Ave,111
cold,weekday,cold,Winchester Ave & Elston Ave,163
cold,weekday,cold,Winthrop Ave & Lawrence Ave,248
cold,weekday,cold,Wolcott (Ravenswood) Ave & Montrose Ave,274
cold,weekday,cold,Wolcott Ave & Fargo Ave,18
cold,weekday,cold,Wolcott Ave & Polk St,728
cold,weekday,cold,Wood St & 33rd St,18
cold,weekday,cold,Wood St & 35th St,30
cold,weekday,cold,Wood St & 84th St,1
cold,weekday,cold,Wood St & Augusta Blvd,356
cold,weekday,cold,Wood St & Beach Ave,230
cold,weekday,cold,Wood St & Chicago Ave,521
cold,weekday,cold,Wood St & Cortland St,30
cold,weekday,cold,Wood St & Hubbard St,273
cold,weekday,cold,Wood St & Milwaukee Ave,429
cold,weekday,cold,Wood St & Milwaukee Ave*,86
cold,weekday,cold,Wood St & Taylor St (Temp),525
cold,weekday,cold,Wood St & Walnut St,9
cold,weekday,cold,Wood St & Webster Ave,145
cold,weekday,cold,Woodlawn & 103rd,1
cold,weekday,cold,Woodlawn Ave & 55th St,700
cold,weekday,cold,Woodlawn Ave & 58th St,933
cold,weekday,cold,Woodlawn Ave & 75th St,1
cold,weekday,cold,Woodlawn Ave & Lake Park Ave,105
cold,weekday,cold,Yates Blvd & 75th St,4
cold,weekday,cold,Yates Blvd & 93rd St,3
cold,weekday,mild,2112 W Peterson Ave,520
cold,weekday,mild,21st St & Pulaski Rd,57
cold,weekday,mild,63rd St Beach,578
cold,weekday,mild,900 W Harrison St,5831
cold,weekday,mild,Aberdeen St & 103rd St,32
cold,weekday,mild,Aberdeen St & Carroll Ave,3719
cold,weekday,mild,Aberdeen St & Jackson Blvd,8686
cold,weekday,mild,Aberdeen St & Monroe St,5178
cold,weekday,mild,Aberdeen St & Randolph St,7533
cold,weekday,mild,Ada St & 113th Place,4
cold,weekday,mild,Ada St & Washington Blvd,4539
cold,weekday,mild,Addison Red Line,390
cold,weekday,mild,Addison Red Line Corral,30
cold,weekday,mild,Addison/Racine,176
cold,weekday,mild,Addison/Racine Corral,676
cold,weekday,mild,Addison/Sheffield SE Corral,249
cold,weekday,mild,Addison/Sheffield SW Corral,339
cold,weekday,mild,Addison/Wilton Corral,377
cold,weekday,mild,Adler Planetarium,7540
cold,weekday,mild,Albany Ave & 16th St,57
cold,weekday,mild,Albany Ave & 26th St,137
cold,weekday,mild,Albany Ave & Belmont Ave,420
cold,weekday,mild,Albany Ave & Bloomingdale Ave,2653
cold,weekday,mild,Albany Ave & Douglas Blvd,103
cold,weekday,mild,Albany Ave & Montrose Ave,1415
cold,weekday,mild,Altgeld Gardens,21
cold,weekday,mild,Archer & Wentworth,530
cold,weekday,mild,Archer (Damen) Ave & 37th St,246
cold,weekday,mild,Archer Ave & 43rd St,37
cold,weekday,mild,Archer Ave & 49th St,53
cold,weekday,mild,Archer Ave & Homan Ave,52
cold,weekday,mild,Archer Ave & Wentworth Ave,768
cold,weekday,mild,Artesian Ave & 55th St,59
cold,weekday,mild,Artesian Ave & 71st St,40
cold,weekday,mild,Artesian Ave & Hubbard St,3578
cold,weekday,mild,Artesian Ave & Marquette Rd,29
cold,weekday,mild,Ashland Ave & 13th St,1970
cold,weekday,mild,Ashland Ave & 50th St,100
cold,weekday,mild,Ashland Ave & 63rd St,42
cold,weekday,mild,Ashland Ave & 66th St,41
cold,weekday,mild,Ashland Ave & 74th St,42
cold,weekday,mild,Ashland Ave & 78th St,40
cold,weekday,mild,Ashland Ave & Archer Ave,710
cold,weekday,mild,Ashland Ave & Augusta Blvd,4027
cold,weekday,mild,Ashland Ave & Belle Plaine Ave,1584
cold,weekday,mild,Ashland Ave & Blackhawk St,4908
cold,weekday,mild,Ashland Ave & Chicago Ave,4641
cold,weekday,mild,Ashland Ave & Division St,9494
cold,weekday,mild,Ashland Ave & Garfield Blvd,36
cold,weekday,mild,Ashland Ave & Grace St,3314
cold,weekday,mild,Ashland Ave & Grand Ave,3240
cold,weekday,mild,Ashland Ave & Lake St,3263
cold,weekday,mild,Ashland Ave & McDowell Ave,174
cold,weekday,mild,Ashland Ave & Pershing Rd,304
cold,weekday,mild,Ashland Ave & Wellington Ave,3911
cold,weekday,mild,Ashland Ave & Wrightwood Ave,3618
cold,weekday,mild,Augusta Blvd & Laramie Ave,63
cold,weekday,mild,Austin Ave & Milwaukee Ave,107
cold,weekday,mild,Austin Blvd & Chicago Ave,64
cold,weekday,mild,Austin Blvd & Lake St,227
cold,weekday,mild,Austin Blvd & Madison St,176
cold,weekday,mild,Ave L & 114th,90
cold,weekday,mild,Avenue L & 114th St,3
cold,weekday,mild,Avenue O & 118th St,14
cold,weekday,mild,Avenue O & 134th St,20
cold,weekday,mild,Avers Ave & 16th St,71
cold,weekday,mild,Avers Ave & Belmont Ave,1794
cold,weekday,mild,Avers Ave & Foster Ave,146
cold,weekday,mild,Avondale Ave & Irving Park Rd,1951
cold,weekday,mild,Baltimore Ave & 133rd St,38
cold,weekday,mild,Baltimore Ave & 87th St,50
cold,weekday,mild,Bennett Ave & 79th St,16
cold,weekday,mild,Benson Ave & Church St,4227
cold,weekday,mild,Bernard St & Elston Ave,685
cold,weekday,mild,Bernard St & Peterson Ave,158
cold,weekday,mild,Big Marsh Park,126
cold,weekday,mild,Bissell St & Armitage Ave*,7165
cold,weekday,mild,Blackstone Ave & 59th St,5220
cold,weekday,mild,Blackstone Ave & Hyde Park Blvd,2834
cold,weekday,mild,Blue Island Ave & 18th St,3066
cold,weekday,mild,Bosworth Ave & Howard St,485
cold,weekday,mild,Bradley Park,43
cold,weekday,mild,Broadway & Argyle St,3931
cold,weekday,mild,Broadway & Barry Ave,11073
cold,weekday,mild,Broadway & Belmont Ave,8585
cold,weekday,mild,Broadway & Berwyn Ave,4439
cold,weekday,mild,Broadway & Cornelia Ave,12225
cold,weekday,mild,Broadway & Cuyler Ave,292
cold,weekday,mild,Broadway & Granville Ave,4060
cold,weekday,mild,Broadway & Oakdale Ave,2511
cold,weekday,mild,Broadway & Ridge Ave,2958
cold,weekday,mild,Broadway & Roscoe Ave,506
cold,weekday,mild,Broadway & Sheridan Rd,8167
cold,weekday,mild,Broadway & Sunnyside Ave,1587
cold,weekday,mild,Broadway & Thorndale Ave,3872
cold,weekday,mild,Broadway & Waveland Ave,11491
cold,weekday,mild,Broadway & Wilson Ave,6130
cold,weekday,mild,Buckingham Fountain,6248
cold,weekday,mild,Budlong Woods Library,428
cold,weekday,mild,Burley Ave & 85th St,41
cold,weekday,mild,Burley Ave & 91st St,11
cold,weekday,mild,Burling St & Armitage Ave,596
cold,weekday,mild,Burling St & Diversey Pkwy,6752
cold,weekday,mild,Burnham Greenway & 105th St,57
cold,weekday,mild,Burnham Greenway & 112th St,112
cold,weekday,mild,Burnham Harbor,4930
cold,weekday,mild,California & 16th St,146
cold,weekday,mild,California Ave & 21st St,650
cold,weekday,mild,California Ave & 23rd Pl,343
cold,weekday,mild,California Ave & 26th St,145
cold,weekday,mild,California Ave & 29th St,15
cold,weekday,mild,California Ave & 36th St,54
cold,weekday,mild,California Ave & 41st St,210
cold,weekday,mild,California Ave & 71st St,105
cold,weekday,mild,California Ave & Altgeld St,1998
cold,weekday,mild,California Ave & Byron St,1615
cold,weekday,mild,California Ave & Cortez St,3477
cold,weekday,mild,California Ave & Division St,2132
cold,weekday,mild,California Ave & Fletcher St,2016
cold,weekday,mild,California Ave & Francis Pl,2468
cold,weekday,mild,California Ave & Granville Ave,758
cold,weekday,mild,California Ave & Lake St,521
cold,weekday,mild,California Ave & Madison St,129
cold,weekday,mild,California Ave & Marquette Rd,70
cold,weekday,mild,California Ave & Milwaukee Ave,6651
cold,weekday,mild,California Ave & Montrose Ave,2077
cold,weekday,mild,California Ave & North Ave,2273
cold,weekday,mild,California Ave & Touhy Ave,200
cold,weekday,mild,California Ave & Winona St,311
cold,weekday,mild,Calumet Ave & 18th St,4957
cold,weekday,mild,Calumet Ave & 21st St,3247
cold,weekday,mild,Calumet Ave & 33rd St,2301
cold,weekday,mild,Calumet Ave & 35th St,800
cold,weekday,mild,Calumet Ave & 51st St,408
cold,weekday,mild,Calumet Ave & 71st St,26
cold,weekday,mild,Calumet Park,87
cold,weekday,mild,Campbell Ave & 51st St,67
cold,weekday,mild,Campbell Ave & Augusta Blvd,1744
cold,weekday,mild,Campbell Ave & Fullerton Ave,1497
cold,weekday,mild,Campbell Ave & Irving Park Rd,468
cold,weekday,mild,Campbell Ave & Montrose Ave,2186
cold,weekday,mild,Campbell Ave & North Ave,3505
cold,weekday,mild,Canal St & Adams St,17029
cold,weekday,mild,Canal St & Harrison St,2135
cold,weekday,mild,Canal St & Jackson Blvd,9339
cold,weekday,mild,Canal St & Madison St,22816
cold,weekday,mild,Canal St & Monroe St,7645
cold,weekday,mild,Canal St & Taylor St,3251
cold,weekday,mild,Cannon Dr & Fullerton Ave,2648
cold,weekday,mild,Carpenter St & 63rd St,15
cold,weekday,mild,Carpenter St & Fulton St,718
cold,weekday,mild,Carpenter St & Huron St,5470
cold,weekday,mild,Central & Elston,103
cold,weekday,mild,Central Ave & Altgeld St,158
cold,weekday,mild,Central Ave & Chicago Ave,90
cold,weekday,mild,Central Ave & Harrison St,24
cold,weekday,mild,Central Ave & Lake St,101
cold,weekday,mild,Central Ave & Madison St,53
cold,weekday,mild,Central Ave & Parker Ave,119
cold,weekday,mild,Central Ave & Roscoe St,83
cold,weekday,mild,Central Ave & Wellington Ave,76
cold,weekday,mild,Central Park & Augusta Blvd,219
cold,weekday,mild,Central Park Ave & 24th St,153
cold,weekday,mild,Central Park Ave & 66th St,15
cold,weekday,mild,Central Park Ave & Ardmore Ave,344
cold,weekday,mild,Central Park Ave & Bloomingdale Ave,1482
cold,weekday,mild,Central Park Ave & Douglas Blvd,57
cold,weekday,mild,Central Park Ave & Elbridge Ave,1962
cold,weekday,mild,Central Park Ave & North Ave,788
cold,weekday,mild,Central Park Ave & Ogden Ave,301
cold,weekday,mild,Central Park Ave & Ohio St,76
cold,weekday,mild,Central Park Ave & Washington Blvd,63
cold,weekday,mild,Central Park Blvd & 5th Ave,144
cold,weekday,mild,Central St & Girard Ave,551
cold,weekday,mild,Central St Metra,773
cold,weekday,mild,Cherry Ave & Blackhawk St,1543
cold,weekday,mild,Chicago Ave & Sheridan Rd,3230
cold,weekday,mild,Chicago Ave & Washington St,1851
cold,weekday,mild,Chicago State University,160
cold,weekday,mild,Christiana Ave & Lawrence Ave,1271
cold,weekday,mild,Cicero Ave & Flournoy St,41
cold,weekday,mild,Cicero Ave & Lake St,37
cold,weekday,mild,Cicero Ave & Quincy St,35
cold,weekday,mild,Cicero Ave & Roscoe Ave,141
cold,weekday,mild,Cicero Ave & Wellington Ave,58
cold,weekday,mild,Cicero Ave & Wrightwood Ave,209
cold,weekday,mild,Cityfront Plaza Dr & Pioneer Ct,7301
cold,weekday,mild,Claremont Ave & Hirsch St,1412
cold,weekday,mild,Clarendon Ave & Gordon Ter,8354
cold,weekday,mild,Clarendon Ave & Junior Ter,6910
cold,weekday,mild,Clarendon Ave & Leland Ave,4134
cold,weekday,mild,Clark St & 9th St (AMLI),2570
cold,weekday,mild,Clark St & Arlington Pl,2395
cold,weekday,mild,Clark St & Armitage Ave,14515
cold,weekday,mild,Clark St & Berwyn Ave,6674
cold,weekday,mild,Clark St & Bryn Mawr Ave,4608
cold,weekday,mild,Clark St & Chicago Ave,7147
cold,weekday,mild,Clark St & Columbia Ave,1446
cold,weekday,mild,Clark St & Drummond Pl,9560
cold,weekday,mild,Clark St & Eddy St,1320
cold,weekday,mild,Clark St & Elm St,18852
cold,weekday,mild,Clark St & Elmdale Ave,1678
cold,weekday,mild,Clark St & Fletcher St,458
cold,weekday,mild,Clark St & Grace St,6242
cold,weekday,mild,Clark St & Ida B Wells Dr,5466
cold,weekday,mild,Clark St & Jarvis Ave,838
cold,weekday,mild,Clark St & Lake St,12788
cold,weekday,mild,Clark St & Leland Ave,5052
cold,weekday,mild,Clark St & Lincoln Ave,13638
cold,weekday,mild,Clark St & Lunt Ave,2608
cold,weekday,mild,Clark St & Montrose Ave,4510
cold,weekday,mild,Clark St & Newport St,10335
cold,weekday,mild,Clark St & North Ave,6289
cold,weekday,mild,Clark St & Schiller St,9114
cold,weekday,mild,Clark St & Schreiber Ave,1947
cold,weekday,mild,Clark St & Touhy Ave,518
cold,weekday,mild,Clark St & Washington St,48
cold,weekday,mild,Clark St & Wellington Ave,8298
cold,weekday,mild,Clark St & Winnemac Ave,8062
cold,weekday,mild,Clark St & Wrightwood Ave,10695
cold,weekday,mild,Clark/Eddy,543
cold,weekday,mild,Clark/Newport,356
cold,weekday,mild,Clark/Newport Corral,561
cold,weekday,mild,Clark/Racine,135
cold,weekday,mild,Clark/Racine Corral,413
cold,weekday,mild,Clifton Ave & Armitage Ave,6628
cold,weekday,mild,Clinton St & 18th St,2160
cold,weekday,mild,Clinton St & Jackson Blvd,18663
cold,weekday,mild,Clinton St & Lake St,12956
cold,weekday,mild,Clinton St & Madison St,21771
cold,weekday,mild,Clinton St & Polk St,781
cold,weekday,mild,Clinton St & Roosevelt Rd,3543
cold,weekday,mild,Clinton St & Tilden St,4369
cold,weekday,mild,Clinton St & Washington Blvd,25033
cold,weekday,mild,Clybourn Ave & Division St,3282
cold,weekday,mild,Clyde Ave & 87th St,70
cold,weekday,mild,Columbus Ave & 79th St,58
cold,weekday,mild,Columbus Ave & 83rd Pl,17
cold,weekday,mild,Columbus Dr & Randolph St,13392
cold,weekday,mild,Commercial Ave & 100th St,15
cold,weekday,mild,Commercial Ave & 130th St,59
cold,weekday,mild,Commercial Ave & 83rd St,86
cold,weekday,mild,Commercial Ave & 90th St,28
cold,weekday,mild,Commercial Ave & 97th St,34
cold,weekday,mild,Conservatory Dr & Lake St,249
cold,weekday,mild,Constance Ave & 95th St,27
cold,weekday,mild,Cornell Ave & Hyde Park Blvd,4014
cold,weekday,mild,Cottage Grove Ave & 111th Pl,23
cold,weekday,mild,Cottage Grove Ave & 43rd St,360
cold,weekday,mild,Cottage Grove Ave & 47th St,384
cold,weekday,mild,Cottage Grove Ave & 49th St,94
cold,weekday,mild,Cottage Grove Ave & 51st St,468
cold,weekday,mild,Cottage Grove Ave & 63rd St,595
cold,weekday,mild,Cottage Grove Ave & 67th St,342
cold,weekday,mild,Cottage Grove Ave & 71st St,39
cold,weekday,mild,Cottage Grove Ave & 78th St,25
cold,weekday,mild,Cottage Grove Ave & 83rd St,126
cold,weekday,mild,Cottage Grove Ave & Oakwood Blvd,682
cold,weekday,mild,Cumberland Ave & Catherine Ave,163
cold,weekday,mild,Daley Center Plaza,16192
cold,weekday,mild,Daley Center Plaza Corral,52
cold,weekday,mild,Damen Ave & 33rd St,22
cold,weekday,mild,Damen Ave & 51st St,51
cold,weekday,mild,Damen Ave & 59th St,57
cold,weekday,mild,Damen Ave & 74th St,27
cold,weekday,mild,Damen Ave & 77th St,32
cold,weekday,mild,Damen Ave & 81st St,83
cold,weekday,mild,Damen Ave & 87th St,39
cold,weekday,mild,Damen Ave & Charleston St,3348
cold,weekday,mild,Damen Ave & Chicago Ave,6397
cold,weekday,mild,Damen Ave & Clybourn Ave,2567
cold,weekday,mild,Damen Ave & Cortland St,6452
cold,weekday,mild,Damen Ave & Cullerton St,1669
cold,weekday,mild,Damen Ave & Division St,5142
cold,weekday,mild,Damen Ave & Evergreen Ave,151
cold,weekday,mild,Damen Ave & Foster Ave,3178
cold,weekday,mild,Damen Ave & Grand Ave,3128
cold,weekday,mild,Damen Ave & Lake St,2830
cold,weekday,mild,Damen Ave & Leland Ave,4076
cold,weekday,mild,Damen Ave & Madison St,1575
cold,weekday,mild,Damen Ave & Melrose Ave,2587
cold,weekday,mild,Damen Ave & Ohio St,130
cold,weekday,mild,Damen Ave & Pershing Rd,197
cold,weekday,mild,Damen Ave & Pierce Ave,8324
cold,weekday,mild,Damen Ave & St Paul Ave,495
cold,weekday,mild,Damen Ave & Sunnyside Ave,2545
cold,weekday,mild,Damen Ave & Thomas St (Augusta Blvd),4877
cold,weekday,mild,Damen Ave & Wabansia Ave,1788
cold,weekday,mild,Damen Ave & Wellington Ave,3075
cold,weekday,mild,Damen Ave & Wicker Park Ave,3427
cold,weekday,mild,Damen Ave/Coulter St,395
cold,weekday,mild,Dan Ryan Woods & 83rd St,142
cold,weekday,mild,Dauphin Ave & 103rd St,53
cold,weekday,mild,Dauphin Ave & 87th St,59
cold,weekday,mild,Dayton St & North Ave,7414
cold,weekday,mild,Dearborn Pkwy & Delaware Pl,14155
cold,weekday,mild,Dearborn St & Adams St,7745
cold,weekday,mild,Dearborn St & Adams St Corral,515
cold,weekday,mild,Dearborn St & Division St,1620
cold,weekday,mild,Dearborn St & Erie St,14495
cold,weekday,mild,Dearborn St & Madison St,96
cold,weekday,mild,Dearborn St & Maple St,1805
cold,weekday,mild,Dearborn St & Monroe St,12116
cold,weekday,mild,Dearborn St & Van Buren St,3809
cold,weekday,mild,Dearborn St & Washington St,25
cold,weekday,mild,Delano Ct & Roosevelt Rd,3515
cold,weekday,mild,Desplaines St & Jackson Blvd,8066
cold,weekday,mild,Desplaines St & Kinzie St,12785
cold,weekday,mild,Desplaines St & Randolph St,4508
cold,weekday,mild,Dodge Ave & Church St,468
cold,weekday,mild,Dodge Ave & Main St,482
cold,weekday,mild,Dodge Ave & Mulford St,271
cold,weekday,mild,Dorchester Ave & 49th St,686
cold,weekday,mild,Dorchester Ave & 53rd St,100
cold,weekday,mild,Dorchester Ave & 63rd St,558
cold,weekday,mild,Doty Ave & 111th St,31
cold,weekday,mild,Drake Ave & Addison St,1363
cold,weekday,mild,Drake Ave & Montrose Ave,922
cold,weekday,mild,Drexel Ave & 60th St,2940
cold,weekday,mild,DuSable Lake Shore Dr & Belmont Ave,10236
cold,weekday,mild,DuSable Lake Shore Dr & Diversey Pkwy,11991
cold,weekday,mild,DuSable Lake Shore Dr & Monroe St,20322
cold,weekday,mild,DuSable Lake Shore Dr & North Blvd,19401
cold,weekday,mild,DuSable Lake Shore Dr & Wellington Ave,9173
cold,weekday,mild,DuSable Museum,377
cold,weekday,mild,Dusable Harbor,11489
cold,weekday,mild,East End Ave & 87th St,30
cold,weekday,mild,Eastlake Ter & Howard St,946
cold,weekday,mild,Eberhart Ave & 131st St,6
cold,weekday,mild,Eberhart Ave & 61st St,204
cold,weekday,mild,Eberhart Ave & 91st St,28
cold,weekday,mild,Eckhart Park,4510
cold,weekday,mild,Eddy/Seminary Corral,798
cold,weekday,mild,Edgebrook Metra,293
cold,weekday,mild,Eggleston Ave & 111th St,39
cold,weekday,mild,Eggleston Ave & 115th St,20
cold,weekday,mild,Eggleston Ave & 69th St,49
cold,weekday,mild,Eggleston Ave & 92nd St,35
cold,weekday,mild,Elizabeth St & 47th St,70
cold,weekday,mild,Elizabeth St & 92nd St,20
cold,weekday,mild,Elizabeth St & Fulton St,5016
cold,weekday,mild,Elizabeth St & Randolph St,6603
cold,weekday,mild,Ellis Ave & 53rd St,3824
cold,weekday,mild,Ellis Ave & 55th St,11344
cold,weekday,mild,Ellis Ave & 58th St,5870
cold,weekday,mild,Ellis Ave & 60th St,11171
cold,weekday,mild,Ellis Ave & 83rd St,54
cold,weekday,mild,Elmwood Ave & Austin St,740
cold,weekday,mild,Elston Ave & Carmen Ave,167
cold,weekday,mild,Elston Ave & Cortland St,8057
cold,weekday,mild,Elston Ave & George St,1044
cold,weekday,mild,Elston Ave & Henderson St,670
cold,weekday,mild,Elston Ave & Wabansia Ave,1910
cold,weekday,mild,Emerald Ave & 28th St,992
cold,weekday,mild,Emerald Ave & 31st St,2275
cold,weekday,mild,Evans Ave & 75th St,13
cold,weekday,mild,Evanston Civic Center,938
cold,weekday,mild,Ewing Ave & 106th St,79
cold,weekday,mild,Ewing Ave & 97th St,15
cold,weekday,mild,Ewing Ave & 98th St,37
cold,weekday,mild,Ewing Ave & Burnham Greenway,56
cold,weekday,mild,Exchange Ave & 79th St,113
cold,weekday,mild,Fairbanks Ct & Grand Ave,10104
cold,weekday,mild,Fairbanks St & Superior St,4463
cold,weekday,mild,Fairfield Ave & 44th St,226
cold,weekday,mild,Fairfield Ave & Pratt Blvd,282
cold,weekday,mild,Fairfield Ave & Roosevelt Rd,172
cold,weekday,mild,Farragut Ave & Central Ave,177
cold,weekday,mild,Federal St & Polk St,10325
cold,weekday,mild,Field Blvd & South Water St,7703
cold,weekday,mild,Field Museum,5388
cold,weekday,mild,Financial Pl & Ida B Wells Dr,6003
cold,weekday,mild,Fort Dearborn Dr & 31st St,772
cold,weekday,mild,Fort Dearborn Dr & 31st St*,2220
cold,weekday,mild,Francisco Ave & 47th St,73
cold,weekday,mild,Francisco Ave & 85th St,73
cold,weekday,mild,Francisco Ave & Bloomingdale Ave,645
cold,weekday,mild,Francisco Ave & Chicago Ave,1273
cold,weekday,mild,Francisco Ave & Foster Ave,1549
cold,weekday,mild,Francisco Ave & Hollywood Ave,48
cold,weekday,mild,Francisco Ave & Montrose Ave,791
cold,weekday,mild,Franciso Ave & Bloomingdale Ave,7
cold,weekday,mild,Franklin St & Adams St,6675
cold,weekday,mild,Franklin St & Adams St (Temp),767
cold,weekday,mild,Franklin St & Adams St Corral,1766
cold,weekday,mild,Franklin St & Chicago Ave,8299
cold,weekday,mild,Franklin St & Illinois St,8455
cold,weekday,mild,Franklin St & Jackson Blvd,10755
cold,weekday,mild,Franklin St & Lake St,9649
cold,weekday,mild,Franklin St & Madison St,299
cold,weekday,mild,Franklin St & Monroe St,16873
cold,weekday,mild,Franklin St & Monroe St Corral,197
cold,weekday,mild,Franklin St & Washington St,3403
cold,weekday,mild,Fullerton & Monitor,30
cold,weekday,mild,Fulton Market,2691
cold,weekday,mild,Glenwood Ave & Morse Ave,2699
cold,weekday,mild,Glenwood Ave & Touhy Ave,978
cold,weekday,mild,Grace St & Central Ave,106
cold,weekday,mild,Grace St & Cicero Ave,216
cold,weekday,mild,Grace/Sheffield,89
cold,weekday,mild,Grace/Sheffield Corral,377
cold,weekday,mild,Granville Ave & Clark St,81
cold,weekday,mild,Granville Ave & Pulaski Rd,77
cold,weekday,mild,Green St & 86th St,1
cold,weekday,mild,Green St & Chicago Ave,1085
cold,weekday,mild,Green St & Lake St,2771
cold,weekday,mild,Green St & Madison St,11794
cold,weekday,mild,Green St & Randolph St*,5781
cold,weekday,mild,Green St & Washington Blvd,4473
cold,weekday,mild,Greenview Ave & Diversey Pkwy,3677
cold,weekday,mild,Greenview Ave & Fullerton Ave,5244
cold,weekday,mild,Greenview Ave & Jarvis Ave,1816
cold,weekday,mild,Greenwood Ave & 47th St,996
cold,weekday,mild,Greenwood Ave & 79th St,28
cold,weekday,mild,Greenwood Ave & 91st St,19
cold,weekday,mild,Greenwood Ave & 97th St,27
cold,weekday,mild,Griffin Museum of Science and Industry,3132
cold,weekday,mild,Hale Ave & 107th St,102
cold,weekday,mild,Halsted St & 104th St,49
cold,weekday,mild,Halsted St & 111th St,19
cold,weekday,mild,Halsted St & 119th St,15
cold,weekday,mild,Halsted St & 123rd St,16
cold,weekday,mild,Halsted St & 18th St,2660
cold,weekday,mild,Halsted St & 21st St,1515
cold,weekday,mild,Halsted St & 35th St,1480
cold,weekday,mild,Halsted St & 37th St,422
cold,weekday,mild,Halsted St & 47th Pl,164
cold,weekday,mild,Halsted St & 51st St,195
cold,weekday,mild,Halsted St & 56th St,30
cold,weekday,mild,Halsted St & 59th St,48
cold,weekday,mild,Halsted St & 63rd St,81
cold,weekday,mild,Halsted St & 69th St,88
cold,weekday,mild,Halsted St & 73rd St,21
cold,weekday,mild,Halsted St & 78th St,42
cold,weekday,mild,Halsted St & 83rd St,14
cold,weekday,mild,Halsted St & 93rd St,30
cold,weekday,mild,Halsted St & 96th St,118
cold,weekday,mild,Halsted St & Archer Ave,1462
cold,weekday,mild,Halsted St & Armitage Ave,939
cold,weekday,mild,Halsted St & Belden St,1271
cold,weekday,mild,Halsted St & Clybourn Ave,11153
cold,weekday,mild,Halsted St & Court Pl,26
cold,weekday,mild,Halsted St & Dickens Ave,7177
cold,weekday,mild,Halsted St & Fulton St,9599
cold,weekday,mild,Halsted St & Lake St,831
cold,weekday,mild,Halsted St & Maxwell St,5930
cold,weekday,mild,Halsted St & Melrose St,182
cold,weekday,mild,Halsted St & North Branch St,792
cold,weekday,mild,Halsted St & Polk St,6749
cold,weekday,mild,Halsted St & Roosevelt Rd,3843
cold,weekday,mild,Halsted St & Roscoe St,8676
cold,weekday,mild,Halsted St & Willow St,5445
cold,weekday,mild,Halsted St & Wrightwood Ave,8495
cold,weekday,mild,Hamilton Park,35
cold,weekday,mild,Hamlin Ave & 62nd Pl,31
cold,weekday,mild,Hamlin Ave & Grand Ave,72
cold,weekday,mild,Hampden Ct & Diversey Ave,1677
cold,weekday,mild,Hampden Ct & Diversey Pkwy,2704
cold,weekday,mild,Harding Ave & 26th St,84
cold,weekday,mild,Harding Ave & 31st St,40
cold,weekday,mild,Harding Ave & Chicago Ave,71
cold,weekday,mild,Harding Ave & Division St,90
cold,weekday,mild,Harlem Ave & Bloomingdale Ave,99
cold,weekday,mild,Harlem Ave & Grace St,32
cold,weekday,mild,Harlem Ave & Irving Park Rd,110
cold,weekday,mild,Harper Ave & 55th St,185
cold,weekday,mild,Harper Ave & 59th St,1495
cold,weekday,mild,Hastings LWS,227
cold,weekday,mild,Hastings St Depot LWS,14
cold,weekday,mild,Hegewisch Metra Station,33
cold,weekday,mild,Hermitage Ave & Polk St,4181
cold,weekday,mild,Higgins Ave & Austin Ave,146
cold,weekday,mild,Homan Ave & 26th St,63
cold,weekday,mild,Homan Ave & 65th St,16
cold,weekday,mild,Homan Ave & 77th St,17
cold,weekday,mild,Homan Ave & Arthington Ave,57
cold,weekday,mild,Homan Ave & Fillmore St,59
cold,weekday,mild,Homewood Ave & 115th St,30
cold,weekday,mild,Honore St & Division St,6422
cold,weekday,mild,Houston Ave & 92nd St,67
cold,weekday,mild,Hoyne Ave & 34th St,170
cold,weekday,mild,Hoyne Ave & 47th St,349
cold,weekday,mild,Hoyne Ave & Balmoral Ave,1251
cold,weekday,mild,Hubbard St Depot,13
cold,weekday,mild,Hudson Ave & Armitage Ave,1230
cold,weekday,mild,Humboldt Blvd & Armitage Ave,2810
cold,weekday,mild,Hyacinth Ave & Milwaukee Ave,203
cold,weekday,mild,Indiana Ave & 103rd St,51
cold,weekday,mild,Indiana Ave & 133rd St,9
cold,weekday,mild,Indiana Ave & 26th St,1679
cold,weekday,mild,Indiana Ave & 31st St,1325
cold,weekday,mild,Indiana Ave & 40th St,205
cold,weekday,mild,Indiana Ave & Roosevelt Rd,12842
cold,weekday,mild,Jefferson St & Monroe St,4056
cold,weekday,mild,Jeffery Blvd & 67th St,294
cold,weekday,mild,Jeffery Blvd & 71st St,264
cold,weekday,mild,Jeffery Blvd & 76th St,44
cold,weekday,mild,Karlov Ave & Armitage Ave,632
cold,weekday,mild,Karlov Ave & Fillmore St,31
cold,weekday,mild,Karlov Ave & Lawrence Ave,335
cold,weekday,mild,Karlov Ave & Madison St,33
cold,weekday,mild,Kedvale Ave & Peterson Ave,100
cold,weekday,mild,Kedzie Ave & 104th St,22
cold,weekday,mild,Kedzie Ave & 110th St,17
cold,weekday,mild,Kedzie Ave & 21st St,352
cold,weekday,mild,Kedzie Ave & 24th St,68
cold,weekday,mild,Kedzie Ave & 38th Pl,50
cold,weekday,mild,Kedzie Ave & 45th St,17
cold,weekday,mild,Kedzie Ave & 48th Pl,478
cold,weekday,mild,Kedzie Ave & 52nd St,63
cold,weekday,mild,Kedzie Ave & 54th Pl,119
cold,weekday,mild,Kedzie Ave & 57th St,376
cold,weekday,mild,Kedzie Ave & 60th St,115
cold,weekday,mild,Kedzie Ave & 66th Pl,63
cold,weekday,mild,Kedzie Ave & 73rd St,24
cold,weekday,mild,Kedzie Ave & 83rd St,33
cold,weekday,mild,Kedzie Ave & Archer Ave,115
cold,weekday,mild,Kedzie Ave & Armitage Ave,489
cold,weekday,mild,Kedzie Ave & Bryn Mawr Ave,579
cold,weekday,mild,Kedzie Ave & Chicago Ave,471
cold,weekday,mild,Kedzie Ave & Foster Ave,713
cold,weekday,mild,Kedzie Ave & George St,968
cold,weekday,mild,Kedzie Ave & Harrison St,90
cold,weekday,mild,Kedzie Ave & Jackson Blvd,90
cold,weekday,mild,Kedzie Ave & Lake St,313
cold,weekday,mild,Kedzie Ave & Leland Ave,1253
cold,weekday,mild,Kedzie Ave & Milwaukee Ave,6296
cold,weekday,mild,Kedzie Ave & Palmer Ct,2671
cold,weekday,mild,Kedzie Ave & Redfield Dr,66
cold,weekday,mild,Kedzie Ave & Roosevelt Rd,84
cold,weekday,mild,Keeler Ave & Carmen Ave,218
cold,weekday,mild,Keeler Ave & Roosevelt Rd,49
cold,weekday,mild,Kenmore Ave & School St,99
cold,weekday,mild,Kenneth Ave & 50th St,42
cold,weekday,mild,Kenneth Ave & Lawrence Ave,401
cold,weekday,mild,Kenosha Ave & Wellington Ave,218
cold,weekday,mild,Kenton Ave & Madison St,46
cold,weekday,mild,Kenwood Ave & 57th St,96
cold,weekday,mild,Keystone Ave & Fullerton Ave,858
cold,weekday,mild,Keystone Ave & Montrose Ave,702
cold,weekday,mild,Kilbourn Ave & 49th St,56
cold,weekday,mild,Kilbourn Ave & Belden Ave,407
cold,weekday,mild,Kilbourn Ave & Diversey Ave,274
cold,weekday,mild,Kilbourn Ave & Irving Park Rd,446
cold,weekday,mild,Kilbourn Ave & Milwaukee Ave,294
cold,weekday,mild,Kilbourn Ave & Roscoe St,256
cold,weekday,mild,Kildare & Cermak,17
cold,weekday,mild,Kildare Ave & 26th St,58
cold,weekday,mild,Kildare Ave & 47th St,57
cold,weekday,mild,Kildare Ave & 55th St,34
cold,weekday,mild,Kildare Ave & 85th St (Kostner Ave & 87th St TEMPORARY),13
cold,weekday,mild,Kildare Ave & Archer Ave,34
cold,weekday,mild,Kildare Ave & Chicago Ave,78
cold,weekday,mild,Kildare Ave & Division St,100
cold,weekday,mild,Kildare Ave & Montrose Ave,370
cold,weekday,mild,Kildare Ave & North Ave,220
cold,weekday,mild,Kilpatrick Ave & Grand Ave,225
cold,weekday,mild,Kilpatrick Ave & Parker Ave,128
cold,weekday,mild,Kimball Ave & Belmont Ave,2608
cold,weekday,mild,Kimbark Ave & 53rd St,8615
cold,weekday,mild,Kingsbury St & Erie St,13071
cold,weekday,mild,Kingsbury St & Kinzie St,27620
cold,weekday,mild,Kingsbury St & Kinzie St 1,67
cold,weekday,mild,Kingsbury St & Kinzie St 2,78
cold,weekday,mild,Knox Ave & Marquette Ave,45
cold,weekday,mild,Knox Ave & Montrose Ave,626
cold,weekday,mild,Komensky Ave & 31st St,125
cold,weekday,mild,Komensky Ave & 47th St,98
cold,weekday,mild,Komensky Ave & 55th St,30
cold,weekday,mild,Kosciuszko Park,1446
cold,weekday,mild,Kostner Ave & 63rd St,121
cold,weekday,mild,Kostner Ave & Adams St,55
cold,weekday,mild,Kostner Ave & Belmont Ave,207
cold,weekday,mild,Kostner Ave & Bryn Mawr Ave,186
cold,weekday,mild,Kostner Ave & Devon Ave,142
cold,weekday,mild,Kostner Ave & Lake St,47
cold,weekday,mild,Kostner Ave & Wrightwood Ave,424
cold,weekday,mild,La Villita Park,63
cold,weekday,mild,LaSalle Dr & Huron St,6237
cold,weekday,mild,LaSalle St & Adams St,3953
cold,weekday,mild,LaSalle St & Adams St Corral,587
cold,weekday,mild,LaSalle St & Calhoun Pl,1659
cold,weekday,mild,LaSalle St & Calhoun Pl Corral,589
cold,weekday,mild,LaSalle St & Illinois St,12898
cold,weekday,mild,LaSalle St & Jackson Blvd,11860
cold,weekday,mild,LaSalle St & Jackson Blvd Corral,1150
cold,weekday,mild,LaSalle St & Washington St,5032
cold,weekday,mild,LaSalle St & Washington St Corral,441
cold,weekday,mild,LaSalle St & Washington St Corral N,464
cold,weekday,mild,LaSalle St & Washington St Corral S,9
cold,weekday,mild,Laflin St & 115th St,16
cold,weekday,mild,Laflin St & Cullerton St,1701
cold,weekday,mild,Lake Park Ave & 35th St,1332
cold,weekday,mild,Lake Park Ave & 47th St,1363
cold,weekday,mild,Lake Park Ave & 53rd St,4447
cold,weekday,mild,Lake Park Ave & 56th St,4681
cold,weekday,mild,Lakefront Trail & Bryn Mawr Ave,6625
cold,weekday,mild,Lakefront Trail & Wilson Ave,4005
cold,weekday,mild,Lakeview Ave & Fullerton Pkwy,9519
cold,weekday,mild,Lamon Ave & 47th St,33
cold,weekday,mild,Lamon Ave & Armitage Ave,91
cold,weekday,mild,Lamon Ave & Belmont Ave,133
cold,weekday,mild,Lamon Ave & Chicago Ave,54
cold,weekday,mild,Laramie Ave & Addison St,155
cold,weekday,mild,Laramie Ave & Bloomingdale Ave,158
cold,weekday,mild,Laramie Ave & Gladys Ave,13
cold,weekday,mild,Laramie Ave & Irving Park Rd,226
cold,weekday,mild,Laramie Ave & Kinzie St,90
cold,weekday,mild,Laramie Ave & Madison St,54
cold,weekday,mild,Larrabee St & Armitage Ave,4763
cold,weekday,mild,Larrabee St & Chicago Ave,103
cold,weekday,mild,Larrabee St & Clybourn Ave,733
cold,weekday,mild,Larrabee St & Division St,5932
cold,weekday,mild,Larrabee St & Kingsbury St,13889
cold,weekday,mild,Larrabee St & Kingsbury St 1,594
cold,weekday,mild,Larrabee St & Kingsbury St 2,365
cold,weekday,mild,Larrabee St & Menomonee St,3596
cold,weekday,mild,Larrabee St & North Ave,3481
cold,weekday,mild,Larrabee St & Oak St,4699
cold,weekday,mild,Larrabee St & Webster Ave,9318
cold,weekday,mild,Lasalle St & Washington St,24
cold,weekday,mild,Latrobe Ave & Chicago Ave,41
cold,weekday,mild,Lavergne Ave & 44th St,4
cold,weekday,mild,Lavergne Ave & 46th St,20
cold,weekday,mild,Lavergne Ave & Diversey Ave,88
cold,weekday,mild,Lavergne Ave & Division St,90
cold,weekday,mild,Lavergne Ave & Fullerton Ave,201
cold,weekday,mild,Lavergne Ave & Lawrence Ave,211
cold,weekday,mild,Lawler Ave & 50th St,95
cold,weekday,mild,Lawler Ave & North Ave,99
cold,weekday,mild,Lawndale Ave & 111th St,42
cold,weekday,mild,Lawndale Ave & 16th St,35
cold,weekday,mild,Lawndale Ave & 30th St,96
cold,weekday,mild,Lawndale Ave & 59th St,58
cold,weekday,mild,Le Mai Ave & Devon Ave,49
cold,weekday,mild,Leamington Ave & Hirsch St,76
cold,weekday,mild,Leavitt St & Addison St,1630
cold,weekday,mild,Leavitt St & Archer Ave,632
cold,weekday,mild,Leavitt St & Armitage Ave,3267
cold,weekday,mild,Leavitt St & Augusta Blvd,558
cold,weekday,mild,Leavitt St & Belmont Ave,2864
cold,weekday,mild,Leavitt St & Chicago Ave,3325
cold,weekday,mild,Leavitt St & Division St,2572
cold,weekday,mild,Leavitt St & Hirsch St,415
cold,weekday,mild,Leavitt St & Lawrence Ave,2252
cold,weekday,mild,Leavitt St & North Ave,3398
cold,weekday,mild,Leavitt St/North Ave,1264
cold,weekday,mild,Leclaire Ave & Belmont Ave,154
cold,weekday,mild,Lexington St & California Ave,130
cold,weekday,mild,Lincoln Ave & Addison St,2538
cold,weekday,mild,Lincoln Ave & Balmoral Ave,520
cold,weekday,mild,Lincoln Ave & Belle Plaine Ave,3059
cold,weekday,mild,Lincoln Ave & Byron St,2788
cold,weekday,mild,Lincoln Ave & Dickens Ave,1278
cold,weekday,mild,Lincoln Ave & Diversey Pkwy,6224
cold,weekday,mild,Lincoln Ave & Fullerton Ave,10675
cold,weekday,mild,Lincoln Ave & Melrose St,6333
cold,weekday,mild,Lincoln Ave & Montana St,948
cold,weekday,mild,Lincoln Ave & Peterson Ave,449
cold,weekday,mild,Lincoln Ave & Roscoe St*,5615
cold,weekday,mild,Lincoln Ave & Sunnyside Ave,3606
cold,weekday,mild,Lincoln Ave & Waveland Ave,2857
cold,weekday,mild,Lincoln Ave & Winona St,1494
cold,weekday,mild,Lincoln Park Conservatory,7625
cold,weekday,mild,Lincolnwood Dr & Central St,370
cold,weekday,mild,Linder Ave & Montrose Ave,229
cold,weekday,mild,Lock St & 31st St,222
cold,weekday,mild,Lockwood Ave & Grand Ave,221
cold,weekday,mild,Lockwood Ave & Wrightwood Ave,297
cold,weekday,mild,Logan Blvd & Elston Ave,3110
cold,weekday,mild,Long & Irving Park,213
cold,weekday,mild,Long Ave & Belden Ave,40
cold,weekday,mild,Long Ave & Belmont Ave,141
cold,weekday,mild,Long Ave & Diversey Ave,153
cold,weekday,mild,Long Ave & North Ave,126
cold,weekday,mild,Loomis Blvd & 84th St,56
cold,weekday,mild,Loomis St & 89th St,22
cold,weekday,mild,Loomis St & 95th St,26
cold,weekday,mild,Loomis St & Archer Ave,536
cold,weekday,mild,Loomis St & Jackson Blvd,3490
cold,weekday,mild,Loomis St & Lexington St,8232
cold,weekday,mild,Lowell Ave & Armitage Ave,325
cold,weekday,mild,Lynch Ave & Elston Ave,134
cold,weekday,mild,MLK Jr Dr & 29th St,3620
cold,weekday,mild,MLK Jr Dr & 47th St,394
cold,weekday,mild,MLK Jr Dr & 56th St,118
cold,weekday,mild,MLK Jr Dr & 63rd St,123
cold,weekday,mild,MLK Jr Dr & 83rd St,82
cold,weekday,mild,MLK Jr Dr & Pershing Rd,734
cold,weekday,mild,MTV Hubbard St,2
cold,weekday,mild,Madison St & Wells St,12
cold,weekday,mild,Major Ave & Addison St,65
cold,weekday,mild,Major Ave & Bloomingdale Ave,22
cold,weekday,mild,Major Taylor Trail & 111th St,21
cold,weekday,mild,Major Taylor Trail & 115th St,30
cold,weekday,mild,Major Taylor Trail & 124th St,7
cold,weekday,mild,Malcolm X College,1363
cold,weekday,mild,Malden St & Wilson Ave,300
cold,weekday,mild,Mango Ave & Diversey Ave,35
cold,weekday,mild,Mango Ave & Grand Ave,7
cold,weekday,mild,Mango Ave & North Ave,74
cold,weekday,mild,Manistee Ave & 95th St,12
cold,weekday,mild,Manor Ave & Leland Ave,986
cold,weekday,mild,Maplewood Ave & 59th St,42
cold,weekday,mild,Maplewood Ave & Peterson Ave,568
cold,weekday,mild,Marine Dr & Ainslie St,3856
cold,weekday,mild,Marmora Ave & Belmont Ave,36
cold,weekday,mild,Marmora Ave & Irving Park Rd,112
cold,weekday,mild,Marquette Ave & 89th St,17
cold,weekday,mild,Marshfield Ave & 44th St,169
cold,weekday,mild,Marshfield Ave & 59th St,20
cold,weekday,mild,Marshfield Ave & Diversey Pkwy,131
cold,weekday,mild,Marshfield Ave & Wabansia Ave,78
cold,weekday,mild,Martin Luther King Dr & 111th St,29
cold,weekday,mild,Martin Luther King Dr & 87th St,39
cold,weekday,mild,Mason Ave & Belmont Ave,31
cold,weekday,mild,Mason Ave & Grand Ave,117
cold,weekday,mild,Mason Ave & Montrose Ave,177
cold,weekday,mild,May St & 69th St,16
cold,weekday,mild,May St & Cullerton St,1587
cold,weekday,mild,May St & Hubbard St,148
cold,weekday,mild,May St & Taylor St,5374
cold,weekday,mild,Mayfield Ave & Roosevelt Rd,52
cold,weekday,mild,McClurg Ct & Erie St,9580
cold,weekday,mild,McClurg Ct & Ohio St,13995
cold,weekday,mild,McCormick Blvd & Devon Ave,686
cold,weekday,mild,McCormick Place,3696
cold,weekday,mild,Meade Ave & Addison St,67
cold,weekday,mild,Meade Ave & Diversey Ave,44
cold,weekday,mild,Meade Ave & Fullerton Ave,159
cold,weekday,mild,Melvina Ave & Giddings Ave,261
cold,weekday,mild,Menard Ave & Lawrence Ave,192
cold,weekday,mild,Menard Ave & Milwaukee Ave,57
cold,weekday,mild,Menard Ave & North Ave,16
cold,weekday,mild,Merrimac Park,142
cold,weekday,mild,Michigan Ave & 105th St,47
cold,weekday,mild,Michigan Ave & 108th St,5
cold,weekday,mild,Michigan Ave & 113th St,8
cold,weekday,mild,Michigan Ave & 114th St,7
cold,weekday,mild,Michigan Ave & 11th St,315
cold,weekday,mild,Michigan Ave & 14th St,6600
cold,weekday,mild,Michigan Ave & 18th St,5190
cold,weekday,mild,Michigan Ave & 71st St,31
cold,weekday,mild,Michigan Ave & 8th St,9368
cold,weekday,mild,Michigan Ave & Ida B Wells Dr,4129
cold,weekday,mild,Michigan Ave & Jackson Blvd,7261
cold,weekday,mild,Michigan Ave & Lake St,12974
cold,weekday,mild,Michigan Ave & Madison St,5118
cold,weekday,mild,Michigan Ave & Oak St,20566
cold,weekday,mild,Michigan Ave & Pearson St,5439
cold,weekday,mild,Michigan Ave & Washington St,14592
cold,weekday,mild,Midway Orange Line,358
cold,weekday,mild,Mies van der Rohe Way & Chestnut St,9298
cold,weekday,mild,Mies van der Rohe Way & Chicago Ave,8222
cold,weekday,mild,Millard Ave & 26th St,137
cold,weekday,mild,Millennium Park,16332
cold,weekday,mild,Milwaukee & Fullerton,44
cold,weekday,mild,Milwaukee Ave & Agatite Ave,251
cold,weekday,mild,Milwaukee Ave & Ainslie St,1241
cold,weekday,mild,Milwaukee Ave & Armitage Ave,618
cold,weekday,mild,Milwaukee Ave & Cuyler Ave,455
cold,weekday,mild,Milwaukee Ave & Diversey Ave,1
cold,weekday,mild,Milwaukee Ave & Fullerton Ave,2298
cold,weekday,mild,Milwaukee Ave & Grand Ave,8216
cold,weekday,mild,Milwaukee Ave & Highland Ave,129
cold,weekday,mild,Milwaukee Ave & Rockwell St,2418
cold,weekday,mild,Milwaukee Ave & The 606,5250
cold,weekday,mild,Milwaukee Ave & Wabansia Ave,1014
cold,weekday,mild,Monitor Ave & Division St,39
cold,weekday,mild,Monticello Ave & Chicago Ave,113
cold,weekday,mild,Monticello Ave & Irving Park Rd,1361
cold,weekday,mild,Monticello Ave & Lawrence Ave,617
cold,weekday,mild,Montrose Harbor,9914
cold,weekday,mild,Morgan Ave & 14th Pl,3141
cold,weekday,mild,Morgan St & 18th St,3278
cold,weekday,mild,Morgan St & 31st St,2212
cold,weekday,mild,Morgan St & Hubbard St,1102
cold,weekday,mild,Morgan St & Lake St*,7801
cold,weekday,mild,Morgan St & Pershing Rd,116
cold,weekday,mild,Morgan St & Polk St,8043
cold,weekday,mild,Mozart St & 55th St,59
cold,weekday,mild,Mozart St & 79th St,24
cold,weekday,mild,Mozart St & Jackson Blvd,195
cold,weekday,mild,Mulligan Ave & Archer Ave,43
cold,weekday,mild,N Carpenter St & W Lake St,2481
cold,weekday,mild,N Clark St & W Elm St,55
cold,weekday,mild,N Damen Ave & W Chicago Ave,663
cold,weekday,mild,N Green St & W Lake St,3665
cold,weekday,mild,N Paulina St & Lincoln Ave,1059
cold,weekday,mild,N Shore Channel Trail & Argyle St,432
cold,weekday,mild,N Southport Ave & W Newport Ave,1688
cold,weekday,mild,NAVY PIER,165
cold,weekday,mild,Nagle Ave & Belmont Ave,89
cold,weekday,mild,Narragansett Ave & McLean Ave,109
cold,weekday,mild,Narragansett Ave & Montrose Ave,171
cold,weekday,mild,Narragansett Ave & North Ave,72
cold,weekday,mild,Narragansett Ave & School St,52
cold,weekday,mild,Narragansett Ave & Wrightwood Ave,286
cold,weekday,mild,Navy Pier,18819
cold,weekday,mild,New St & Illinois St,12528
cold,weekday,mild,Newcastle Ave & Irving Park Rd,18
cold,weekday,mild,Noble St & Milwaukee Ave,4633
cold,weekday,mild,Noble St & Ohio St,1350
cold,weekday,mild,Noble St & Potomac Ave,50
cold,weekday,mild,Nordica Ave & Medill Ave,127
cold,weekday,mild,Normal Ave & Archer Ave,561
cold,weekday,mild,North Ave & New England Ave,23
cold,weekday,mild,North Boundary Park,355
cold,weekday,mild,Oak Park & Wellington,188
cold,weekday,mild,Oakley Ave & Irving Park Rd,1476
cold,weekday,mild,Oakley Ave & Lyndale St,71
cold,weekday,mild,Oakley Ave & Touhy Ave,410
cold,weekday,mild,Oconto Ave & Belmont Ave,45
cold,weekday,mild,Ogden Ave & Chicago Ave,6860
cold,weekday,mild,Ogden Ave & Congress Pkwy,1875
cold,weekday,mild,Ogden Ave & Race Ave,5054
cold,weekday,mild,Ogden Ave & Roosevelt Rd,933
cold,weekday,mild,Oglesby Ave & 100th St,58
cold,weekday,mild,Oketo Ave & Addison St,43
cold,weekday,mild,Olive Harvey College,33
cold,weekday,mild,Orange Ave & Addison St,68
cold,weekday,mild,Oriole Ave & Irving Park Rd,28
cold,weekday,mild,Orleans St & Chestnut St (NEXT Apts),4575
cold,weekday,mild,Orleans St & Elm St,3269
cold,weekday,mild,Orleans St & Hubbard St,5722
cold,weekday,mild,Orleans St & Merchandise Mart Plaza,14928
cold,weekday,mild,Overhill Ave & Belmont Ave,59
cold,weekday,mild,Panama Ave & Grace St,50
cold,weekday,mild,Parkside Ave & Armitage Ave,28
cold,weekday,mild,Parnell Ave & 127th St,21
cold,weekday,mild,Parnell Ave & 31st St,209
cold,weekday,mild,Paulina Ave & 87th St,27
cold,weekday,mild,Paulina Ave & North Ave,4268
cold,weekday,mild,Paulina St & 18th St,2818
cold,weekday,mild,Paulina St & Adams St,247
cold,weekday,mild,Paulina St & Cortland St,502
cold,weekday,mild,Paulina St & Division St,909
cold,weekday,mild,Paulina St & Flournoy St,6083
cold,weekday,mild,Paulina St & Howard St,1438
cold,weekday,mild,Paulina St & Montrose Ave,2982
cold,weekday,mild,Peoria St & Jackson Blvd,9057
cold,weekday,mild,Peoria St & Kinzie St,1812
cold,weekday,mild,Perry Ave & 69th St,129
cold,weekday,mild,Pershing Rd & Sacramento Ave,110
cold,weekday,mild,Peterson/Ridge Metra,2455
cold,weekday,mild,Phillips Ave & 79th St,44
cold,weekday,mild,Phillips Ave & 83rd St,67
cold,weekday,mild,Pine Ave & Division St,110
cold,weekday,mild,Pine Grove Ave & Irving Park Rd,8272
cold,weekday,mild,Pine Grove Ave & Waveland Ave,10305
cold,weekday,mild,Pine Grove Ave & Wellington Ave,246
cold,weekday,mild,Ping Tom Park (East),396
cold,weekday,mild,Plainfield & Irving Park,1
cold,weekday,mild,Portage Park,261
cold,weekday,mild,Prairie Ave & 43rd St,459
cold,weekday,mild,Prairie Ave & Garfield Blvd,923
cold,weekday,mild,Princeton Ave & 47th St,211
cold,weekday,mild,Princeton Ave & 95th St,17
cold,weekday,mild,Princeton Ave & Garfield Blvd,181
cold,weekday,mild,Prospect Sq & 91st St,80
cold,weekday,mild,Public Rack - 10101 S Stony Island Ave,2
cold,weekday,mild,Public Rack - 10557 S Western Ave,2
cold,weekday,mild,Public Rack - 111th St - Morgan Park Metra,17
cold,weekday,mild,Public Rack - 2302 S Pulaski Rd,5
cold,weekday,mild,Public Rack - 4810 Keeler Ave,6
cold,weekday,mild,Public Rack - 532 E 43rd St,16
cold,weekday,mild,Public Rack - 53rd St & Indiana Ave,2
cold,weekday,mild,Public Rack - 56th St & Mulligan Ave,4
cold,weekday,mild,Public Rack - 61st St & Melvina Ave,2
cold,weekday,mild,Public Rack - 63rd & Western Ave N,4
cold,weekday,mild,Public Rack - 63rd Pl & Narraganssett Ave,5
cold,weekday,mild,Public Rack - 63rd St & Meade Ave,1
cold,weekday,mild,Public Rack - 63rd St and Nagle Ave,12
cold,weekday,mild,Public Rack - 63rd St and Natoma Ave,1
cold,weekday,mild,Public Rack - 82nd st & Kedzie Ave,1
cold,weekday,mild,Public Rack - 83rd Pl & Kedzie Ave N,1
cold,weekday,mild,Public Rack - 83rd Pl & Kedzie Ave S,1
cold,weekday,mild,Public Rack - 83rd St (Avalon Park) Metra,3
cold,weekday,mild,Public Rack - 85th Pl & Pulaski Rd,4
cold,weekday,mild,Public Rack - Ada St & 119th St,4
cold,weekday,mild,Public Rack - Ada St & 79th St,1
cold,weekday,mild,Public Rack - Ada St & 95th St,1
cold,weekday,mild,Public Rack - Aida Food Market,3
cold,weekday,mild,Public Rack - Al Raby School,2
cold,weekday,mild,Public Rack - Albany Ave & 103rd St,1
cold,weekday,mild,Public Rack - Albany Ave & 63rd St,1
cold,weekday,mild,Public Rack - Archer Park,2
cold,weekday,mild,Public Rack - Artesian & 71st,2
cold,weekday,mild,Public Rack - Ashburn Metra,1
cold,weekday,mild,Public Rack - Ashland Ave & 45th St,1
cold,weekday,mild,Public Rack - Ashland Ave & 45th St  S,1
cold,weekday,mild,Public Rack - Ashland Ave & 46th St,9
cold,weekday,mild,Public Rack - Ashland Ave & 63rd St,7
cold,weekday,mild,Public Rack - Ashland Ave & 71st St,11
cold,weekday,mild,Public Rack - Ashland Ave & 76th St,2
cold,weekday,mild,Public Rack - Ashland Ave & 83rd St,37
cold,weekday,mild,Public Rack - Ashland Ave & 91st St,1
cold,weekday,mild,Public Rack - Austin & 62nd,1
cold,weekday,mild,Public Rack - Austin & Higgins,1
cold,weekday,mild,Public Rack - Austin Ave & Archer Ave,3
cold,weekday,mild,Public Rack - Austin Ave & Roscoe St,6
cold,weekday,mild,Public Rack - Austin Ave & Wellington Ave,2
cold,weekday,mild,Public Rack - Austin Ave & Wrightwood Ave,5
cold,weekday,mild,Public Rack - Austin Blvd & North Ave,19
cold,weekday,mild,Public Rack - Austin Branch Chicago Public Library,1
cold,weekday,mild,Public Rack - Ave L & 105th St,1
cold,weekday,mild,Public Rack - Ave N & 106th St,2
cold,weekday,mild,Public Rack - Avenue J & 106th St,2
cold,weekday,mild,Public Rack - Avenue J & 112th St,5
cold,weekday,mild,Public Rack - Avenue M & 132nd St,1
cold,weekday,mild,Public Rack - Avenue O & 118th St,1
cold,weekday,mild,Public Rack - Avers & Granville,12
cold,weekday,mild,Public Rack - Avers & Lawrence,35
cold,weekday,mild,Public Rack - Avers Ave & Archer Ave,3
cold,weekday,mild,Public Rack - Avers Ave & Irving Park Rd,71
cold,weekday,mild,Public Rack - Avers Ave & Ogden Ave,12
cold,weekday,mild,Public Rack - Avondale Ave & Addison St,14
cold,weekday,mild,Public Rack - Back of the Yards Park,2
cold,weekday,mild,Public Rack - Baltimore Ave & 132nd St,1
cold,weekday,mild,Public Rack - Baltimore Ave & 134th St,1
cold,weekday,mild,Public Rack - Bell Ave & 95th St,3
cold,weekday,mild,Public Rack - Bensley Ave & 103rd St,3
cold,weekday,mild,Public Rack - Bernard St & Foster Ave,20
cold,weekday,mild,Public Rack - Bishop St & 46th St,3
cold,weekday,mild,Public Rack - Bishop St & 81st St,1
cold,weekday,mild,Public Rack - Bradley Park,1
cold,weekday,mild,Public Rack - Brainerd Park,1
cold,weekday,mild,Public Rack - Brandon Ave & 91st St,5
cold,weekday,mild,Public Rack - Brighton Park Branch Chicago Library,2
cold,weekday,mild,Public Rack - Brooks Park,1
cold,weekday,mild,Public Rack - Bryn Mawr Ave & Milwaukee Ave,8
cold,weekday,mild,Public Rack - Bryn Mawr Ave & Spaulding Ave,27
cold,weekday,mild,Public Rack - Buffalo Ave & 133rd St,1
cold,weekday,mild,Public Rack - Buffalo Ave & 89th St,1
cold,weekday,mild,Public Rack - Burnside Academy,1
cold,weekday,mild,Public Rack - California & 71st,1
cold,weekday,mild,Public Rack - California & 82nd,1
cold,weekday,mild,Public Rack - California & 87th,1
cold,weekday,mild,Public Rack - California Ave & Cortez St,173
cold,weekday,mild,Public Rack - California Ave & Devon Ave - NE,15
cold,weekday,mild,Public Rack - California Ave & Devon Ave - NW,10
cold,weekday,mild,Public Rack - California Ave & Ogden Ave,13
cold,weekday,mild,Public Rack - California Ave & Pershing Rd,7
cold,weekday,mild,Public Rack - California Ave & Touhy Ave - NW,3
cold,weekday,mild,Public Rack - California Ave & Touhy Ave - SW,2
cold,weekday,mild,Public Rack - California Ave & Touhy Ave - midblock,1
cold,weekday,mild,Public Rack - Calumet Ave & 103rd St,3
cold,weekday,mild,Public Rack - Calumet Ave & 51st St,15
cold,weekday,mild,Public Rack - Calumet Ave & 71st St,2
cold,weekday,mild,Public Rack - Calumet Ave & Garfield Blvd,3
cold,weekday,mild,Public Rack - Campbell Ave & Pratt Blvd,44
cold,weekday,mild,Public Rack - Canfield & Victoria,3
cold,weekday,mild,Public Rack - Canty Elementary School,1
cold,weekday,mild,Public Rack - Central & Berteau,6
cold,weekday,mild,Public Rack - Central & Leland,18
cold,weekday,mild,Public Rack - Central & Prescott,4
cold,weekday,mild,Public Rack - Central Ave & Congress Pkwy,1
cold,weekday,mild,Public Rack - Central Ave & Corcoran Pl,8
cold,weekday,mild,Public Rack - Central Ave & George St,3
cold,weekday,mild,Public Rack - Central Ave & Lawrence Ave,36
cold,weekday,mild,Public Rack - Central Ave & North Ave,3
cold,weekday,mild,Public Rack - Central Ave & Pensacola Ave,14
cold,weekday,mild,Public Rack - Central Park & Bryn Mawr,6
cold,weekday,mild,Public Rack - Central Park & Peterson,26
cold,weekday,mild,Public Rack - Central Park Ave & 16th St,1
cold,weekday,mild,Public Rack - Central Park Ave & Fillmore St,7
cold,weekday,mild,Public Rack - Central Park Ave & Fulton Blvd,5
cold,weekday,mild,Public Rack - Central Park Ave & Ogden Ave,2
cold,weekday,mild,Public Rack - Champlain Ave & 134th St,1
cold,weekday,mild,Public Rack - Champlain Ave & 65th St,77
cold,weekday,mild,Public Rack - Chappel Ave & 71st St,3
cold,weekday,mild,Public Rack - Chase Ave & Touhy Ave - NE,8
cold,weekday,mild,Public Rack - Chase Ave & Touhy Ave - NW,6
cold,weekday,mild,Public Rack - Chopin Park,4
cold,weekday,mild,Public Rack - Christiana & Lincoln,22
cold,weekday,mild,Public Rack - Christiana Ave & 111th St,1
cold,weekday,mild,Public Rack - Christiana Ave & 55th St,10
cold,weekday,mild,Public Rack - Christiana Ave & Archer Ave,1
cold,weekday,mild,Public Rack - Christiana Ave & Belmont Ave,314
cold,weekday,mild,Public Rack - Christiana Ave & Bryn Mawr Ave,3
cold,weekday,mild,Public Rack - Christiana Ave & Lawrence Ave,7
cold,weekday,mild,Public Rack - Cicero & 64th,10
cold,weekday,mild,Public Rack - Cicero & Rosemont,4
cold,weekday,mild,Public Rack - Cicero Ave & Altgeld St,6
cold,weekday,mild,Public Rack - Cicero Ave & Belle Plaine Ave,51
cold,weekday,mild,Public Rack - Cicero Ave & Cortland St - midblock,29
cold,weekday,mild,Public Rack - Cicero Ave & Le Moyne St - midblock,2
cold,weekday,mild,Public Rack - Cicero Ave & North Ave,23
cold,weekday,mild,Public Rack - Cicero Ave & Roscoe St,3
cold,weekday,mild,Public Rack - Cicero Ave & Wellington Ave,1
cold,weekday,mild,Public Rack - Cicero Ave & Wrightwood Ave,5
cold,weekday,mild,Public Rack - Claremont Ave & 71st St,1
cold,weekday,mild,Public Rack - Clyde Ave & 87th St,4
cold,weekday,mild,Public Rack - Colfax Ave & 83rd St,2
cold,weekday,mild,Public Rack - Columbus & 79th,2
cold,weekday,mild,Public Rack - Commercial Ave & 89th St,4
cold,weekday,mild,Public Rack - Corliss Ave & 103rd St,1
cold,weekday,mild,Public Rack - Cornell Ave & 87th Pl,2
cold,weekday,mild,Public Rack - Cottage Grove & 84th St,5
cold,weekday,mild,Public Rack - Cottage Grove & 85th St,3
cold,weekday,mild,Public Rack - Cottage Grove & 86th St,7
cold,weekday,mild,Public Rack - Cottage Grove Ave & 111th St,1
cold,weekday,mild,Public Rack - Cottage Grove Ave & 89th Pl,1
cold,weekday,mild,Public Rack - Cottage Grove Ave & 92nd St,6
cold,weekday,mild,Public Rack - Cottage Grove Ave & 98th St,1
cold,weekday,mild,Public Rack - Crandon Ave & 80th St,1
cold,weekday,mild,Public Rack - Cumberland & Catherine,3
cold,weekday,mild,Public Rack - Damen & 81st,3
cold,weekday,mild,Public Rack - Damen Ave & 47th St,4
cold,weekday,mild,Public Rack - Delphina & Foster,23
cold,weekday,mild,Public Rack - Devon Ave & Central Ave,2
cold,weekday,mild,Public Rack - Devon Ave & Kinzua Ave,3
cold,weekday,mild,Public Rack - Devon Ave & Minnehaha Ave (east),2
cold,weekday,mild,Public Rack - Devon Ave & Minnehaha Ave (west),1
cold,weekday,mild,Public Rack - Division St & Christiana Ave,9
cold,weekday,mild,Public Rack - Drake Ave & Leland Ave,188
cold,weekday,mild,Public Rack - Drexel Ave & 87th St,1
cold,weekday,mild,Public Rack - East End Ave & 75th St,2
cold,weekday,mild,Public Rack - East End Ave & 87th St,2
cold,weekday,mild,Public Rack - Eberhart Ave & 61st St,3
cold,weekday,mild,Public Rack - Eggleston Ave & 92nd St,1
cold,weekday,mild,Public Rack - Eli Whitney Public School,5
cold,weekday,mild,Public Rack - Elizabeth St & 115th St,1
cold,weekday,mild,Public Rack - Elston Ave & Gunnison St,5
cold,weekday,mild,Public Rack - Elston Ave & Kenneth Ave,5
cold,weekday,mild,Public Rack - Emerald Ave & 43rd St,159
cold,weekday,mild,Public Rack - Emerald Ave & 45th St,13
cold,weekday,mild,Public Rack - Emil G Hirch Metropolitan High School,2
cold,weekday,mild,Public Rack - Evans Ave & 63rd St,121
cold,weekday,mild,Public Rack - Ewing Ave & 106th St,2
cold,weekday,mild,Public Rack - Ewing Ave & 106th St NW,1
cold,weekday,mild,Public Rack - Ewing Ave & 107th St,15
cold,weekday,mild,Public Rack - Ewing Ave & 112th St,1
cold,weekday,mild,Public Rack - Ewing Ave & 95th St,2
cold,weekday,mild,Public Rack - Ewing Ave & 99th St,6
cold,weekday,mild,Public Rack - Ewing Ave & Indianapolis Ave,15
cold,weekday,mild,Public Rack - Exchange Ave & 131st St,1
cold,weekday,mild,Public Rack - Exchange Ave & 73rd Pl,8
cold,weekday,mild,Public Rack - Fairfield Ave & 63rd St,1
cold,weekday,mild,Public Rack - Ford City Mall,10
cold,weekday,mild,Public Rack - Forest Glen & Peterson,14
cold,weekday,mild,Public Rack - Forest Glen Station,52
cold,weekday,mild,Public Rack - Forrestville Ave & 47th St,4
cold,weekday,mild,Public Rack - Foster Ave & Drake Ave,3
cold,weekday,mild,Public Rack - Franklin Park,1
cold,weekday,mild,Public Rack - Fullerton Ave & Lavergne Ave,3
cold,weekday,mild,Public Rack - Fullerton Ave & Narragansett Ave,11
cold,weekday,mild,Public Rack - Garfield Park Conservatory,5
cold,weekday,mild,Public Rack - Grand Ave & North Ave,1
cold,weekday,mild,Public Rack - Green St & 103rd St,2
cold,weekday,mild,Public Rack - Greenwood Ave & Lake Park Ave,35
cold,weekday,mild,Public Rack - Haft Ave & Milwaukee Ave,3
cold,weekday,mild,Public Rack - Hale Ave & 111th St,2
cold,weekday,mild,Public Rack - Halsted St & 102nd St,3
cold,weekday,mild,Public Rack - Halsted St & 113th St,2
cold,weekday,mild,Public Rack - Halsted St & 41st St,3
cold,weekday,mild,Public Rack - Halsted St & 63rd St,18
cold,weekday,mild,Public Rack - Halsted St & 76th St,4
cold,weekday,mild,Public Rack - Halsted St & 80th St,4
cold,weekday,mild,Public Rack - Halsted St & 94th St,1
cold,weekday,mild,Public Rack - Halsted St & 95th St - SE,7
cold,weekday,mild,Public Rack - Halsted St & 95th St - SW,2
cold,weekday,mild,Public Rack - Hamilton Ave & 95th St,3
cold,weekday,mild,Public Rack - Hamlin Ave & Chicago Ave,8
cold,weekday,mild,Public Rack - Hamlin Ave & Fullerton Ave,125
cold,weekday,mild,Public Rack - Hamlin Ave & Grand Ave,2
cold,weekday,mild,Public Rack - Hamlin Ave & Madison St,6
cold,weekday,mild,Public Rack - Hamlin Ave & Montrose Ave,260
cold,weekday,mild,Public Rack - Harding Ave & 47th St,1
cold,weekday,mild,Public Rack - Harlem & Palatine,12
cold,weekday,mild,Public Rack - Harlem & Summerdale,6
cold,weekday,mild,Public Rack - Harlem and W. 59th,4
cold,weekday,mild,Public Rack - Harold Washington Park,101
cold,weekday,mild,Public Rack - Harper Ave & 63rd St,4
cold,weekday,mild,Public Rack - Harriet E Sayre Public School,3
cold,weekday,mild,Public Rack - Harvard Ave & 119th St,1
cold,weekday,mild,Public Rack - Harvey Ave & North Ave,2
cold,weekday,mild,Public Rack - Hermitage & 83rd St,1
cold,weekday,mild,Public Rack - Hiawatha & Mendota,7
cold,weekday,mild,Public Rack - Hiawatha Ave & Minnehaha Ave,5
cold,weekday,mild,Public Rack - Hiawatha Park,3
cold,weekday,mild,Public Rack - Higgins Ave & Neva Ave,1
cold,weekday,mild,Public Rack - Holbrook St & Milwaukee Ave,10
cold,weekday,mild,Public Rack - Hollywood Park,71
cold,weekday,mild,Public Rack - Homan & 77th,1
cold,weekday,mild,Public Rack - Homan & 79th,2
cold,weekday,mild,Public Rack - Homan Ave & 111th St,2
cold,weekday,mild,Public Rack - Homan Ave & 26th St,2
cold,weekday,mild,Public Rack - Homan Ave & Lake St,2
cold,weekday,mild,Public Rack - Homan Ave & Roosevelt,4
cold,weekday,mild,Public Rack - Homewood Ave & Monterey Ave,1
cold,weekday,mild,Public Rack - Houston Ave & 130th St,1
cold,weekday,mild,Public Rack - Houston Ave & 131st St,9
cold,weekday,mild,Public Rack - Houston Ave & 91st St,19
cold,weekday,mild,Public Rack - Hoyne Ave & 110th Pl,6
cold,weekday,mild,Public Rack - Hoyne Ave & 51st St,6
cold,weekday,mild,Public Rack - Hyde Park Blvd & 53rd St,190
cold,weekday,mild,Public Rack - Hyde Park Blvd & 55th St,337
cold,weekday,mild,Public Rack - Imlay & Milwaukee,7
cold,weekday,mild,Public Rack - Independence Blvd & Roosevelt,11
cold,weekday,mild,Public Rack - Indiana Ave & 111th St,1
cold,weekday,mild,Public Rack - Ingleside Ave & 79th St,2
cold,weekday,mild,Public Rack - Irving Park Rd & Austin Ave,3
cold,weekday,mild,Public Rack - Irving Park Rd & Leclaire Ave,49
cold,weekday,mild,Public Rack - Irving Park Rd & Melvina Ave,5
cold,weekday,mild,Public Rack - Irving Park Rd & Menard Ave,6
cold,weekday,mild,Public Rack - Irving Park Rd & Parkside Ave,5
cold,weekday,mild,Public Rack - Jeffery Blvd & 67th St,20
cold,weekday,mild,Public Rack - Jeffery Blvd & 81st St,1
cold,weekday,mild,Public Rack - Jeffery Blvd & 83rd St,5
cold,weekday,mild,Public Rack - Jeffrey Blvd & 71st St,9
cold,weekday,mild,Public Rack - Jensen Park,193
cold,weekday,mild,Public Rack - Jonathan Y Scammon Public School,210
cold,weekday,mild,Public Rack - Justine St & 87th St,129
cold,weekday,mild,Public Rack - Karlov Ave & 26th St,5
cold,weekday,mild,Public Rack - Karlov Ave & Kamerling Ave,73
cold,weekday,mild,Public Rack - Karlov Ave & Lawrence Ave,10
cold,weekday,mild,Public Rack - Karlov Ave & Milwaukee Ave,95
cold,weekday,mild,Public Rack - Keating & Peterson,100
cold,weekday,mild,Public Rack - Kedvale Ave & 26th St,1
cold,weekday,mild,Public Rack - Kedvale Ave & 63rd St W,121
cold,weekday,mild,Public Rack - Kedvale Ave & Addison St,1
cold,weekday,mild,Public Rack - Kedvale Ave & Avondale Ave,5
cold,weekday,mild,Public Rack - Kedvale Ave & Peterson Ave,5
cold,weekday,mild,Public Rack - Kedzie & 103rd St - East,1
cold,weekday,mild,Public Rack - Kedzie & 103rd St - W,2
cold,weekday,mild,Public Rack - Kedzie & 71st,1
cold,weekday,mild,Public Rack - Kedzie & 73rd,1
cold,weekday,mild,Public Rack - Kedzie Ave & 54th Pl,1
cold,weekday,mild,Public Rack - Kedzie Ave & 54th St - SE,3
cold,weekday,mild,Public Rack - Kedzie Ave & 58th St,7
cold,weekday,mild,Public Rack - Kedzie Ave & 60th St,2
cold,weekday,mild,Public Rack - Kedzie Ave & 61st Pl E,3
cold,weekday,mild,Public Rack - Kedzie Ave & 61st Pl W,3
cold,weekday,mild,Public Rack - Kedzie Ave & 62nd Pl,1
cold,weekday,mild,Public Rack - Kedzie Ave & 63rd St,3
cold,weekday,mild,Public Rack - Kedzie Ave & 64th St - SE,15
cold,weekday,mild,Public Rack - Kedzie Ave & 64th St - SW,18
cold,weekday,mild,Public Rack - Kedzie Ave & 83rd St,2
cold,weekday,mild,Public Rack - Kedzie Ave & Archer Ave,10
cold,weekday,mild,Public Rack - Kedzie Ave & Argyle St,305
cold,weekday,mild,Public Rack - Kedzie Ave & Arthington St,3
cold,weekday,mild,Public Rack - Kedzie Ave & Chicago Ave,21
cold,weekday,mild,Public Rack - Kedzie Ave & Pershing Rd,2
cold,weekday,mild,Public Rack - Kedzie Ave & Walnut St,12
cold,weekday,mild,Public Rack - Keeler Ave & 26th St,3
cold,weekday,mild,Public Rack - Keeler Ave & 55th St,2
cold,weekday,mild,Public Rack - Kenneth & Carmen,49
cold,weekday,mild,Public Rack - Kenton & Lawrence,12
cold,weekday,mild,Public Rack - Kenton Ave & Palmer St,19
cold,weekday,mild,Public Rack - Keystone Ave & Irving Park Rd,95
cold,weekday,mild,Public Rack - Keystone Ave & North Ave,44
cold,weekday,mild,Public Rack - Kilbourn Ave & Fullerton Ave,1
cold,weekday,mild,Public Rack - Kildare Ave & Division Ave,1
cold,weekday,mild,Public Rack - Kildare Ave & North Ave,5
cold,weekday,mild,Public Rack - Kildare Ave & Washignton Blvd,8
cold,weekday,mild,Public Rack - Kilpatrick & Elston,41
cold,weekday,mild,Public Rack - Kimball & Ardmore,31
cold,weekday,mild,Public Rack - Kimball Ave & Carmen Ave,36
cold,weekday,mild,Public Rack - Kimball Ave & Lawrence Ave,60
cold,weekday,mild,Public Rack - Kimbark Ave & 67th St,61
cold,weekday,mild,Public Rack - King Dr & 115th St,24
cold,weekday,mild,Public Rack - King Dr & 71st St,2
cold,weekday,mild,Public Rack - King Dr & 83rd St,1
cold,weekday,mild,Public Rack - King Dr & Oakwood Blvd,17
cold,weekday,mild,Public Rack - Kingston Ave & 75th St,3
cold,weekday,mild,Public Rack - Kinzua Ave & Devon Ave,2
cold,weekday,mild,Public Rack - Kolin Ave & Archer Ave,6
cold,weekday,mild,Public Rack - Komensky Ave & 26th St,6
cold,weekday,mild,Public Rack - Komensky Ave & 59th St,21
cold,weekday,mild,Public Rack - Komensky Ave & 63rd St,15
cold,weekday,mild,Public Rack - Kostner & Bryn Mawr,2
cold,weekday,mild,Public Rack - Kostner & Peterson,10
cold,weekday,mild,Public Rack - Kostner Ave & 16th St,2
cold,weekday,mild,Public Rack - Kostner Ave & Armitage Ave,57
cold,weekday,mild,Public Rack - Kostner Ave & Diversey Ave,8
cold,weekday,mild,Public Rack - Kostner Ave & North Ave,12
cold,weekday,mild,Public Rack - Kostner Ave & Wrightwood Ave,8
cold,weekday,mild,Public Rack - Lafayette Ave & 119th St,4
cold,weekday,mild,Public Rack - Lafayette Ave & 87th St - NW,8
cold,weekday,mild,Public Rack - Lafayette Ave & 87th St SW,1
cold,weekday,mild,Public Rack - Lafayette Ave & 95th St,25
cold,weekday,mild,Public Rack - Laflin St & 51st St,4
cold,weekday,mild,Public Rack - Laflin St & 79th St,2
cold,weekday,mild,Public Rack - Laflin St &51st ST,4
cold,weekday,mild,Public Rack - Lake Shore Dr & Hayes Dr,2
cold,weekday,mild,Public Rack - Lamon Ave & Archer Ave,3
cold,weekday,mild,Public Rack - Langley Ave & 105th Pl,9
cold,weekday,mild,Public Rack - Langley Ave & 49th St,100
cold,weekday,mild,Public Rack - Langley Ave & 79th St,3
cold,weekday,mild,Public Rack - Langley Ave & 87th St,1
cold,weekday,mild,Public Rack - Langley Ave & Oakwood Blvd,17
cold,weekday,mild,Public Rack - Laporte Ave & Armitage Ave,2
cold,weekday,mild,Public Rack - Laramie Ave & Belmont Ave,24
cold,weekday,mild,Public Rack - Laramie Ave & Fullerton Ave,8
cold,weekday,mild,Public Rack - Laramie Ave & Grand Ave,12
cold,weekday,mild,Public Rack - Laramie Ave & Warwick Ave,4
cold,weekday,mild,Public Rack - Laramine Ave & Winnemac Ave,10
cold,weekday,mild,Public Rack - Lavergne & Lawrence,1
cold,weekday,mild,Public Rack - Lavergne Ave & Belle Plaine Ave,52
cold,weekday,mild,Public Rack - Lawndale & 63rd St,1
cold,weekday,mild,Public Rack - Lawndale Ave & 23rd St,3
cold,weekday,mild,Public Rack - Lawndale Ave & 63rd St,2
cold,weekday,mild,Public Rack - Lawndale Ave & Diversey Ave,71
cold,weekday,mild,Public Rack - Lawndale Ave & Polk St,5
cold,weekday,mild,Public Rack - Lawndale Ave & Roosevelt,1
cold,weekday,mild,Public Rack - Lawrence Ave & Kimball Ave,48
cold,weekday,mild,Public Rack - Leader & Caldwell,2
cold,weekday,mild,Public Rack - Leamington & Elston,82
cold,weekday,mild,Public Rack - Leclaire Ave & Division St,9
cold,weekday,mild,Public Rack - Legler Regional Library,9
cold,weekday,mild,Public Rack - Lemont Ave & Keating Ave,3
cold,weekday,mild,Public Rack - Leoti Ave & Central Ave (north),3
cold,weekday,mild,Public Rack - Leoti Ave & Central Ave (south),3
cold,weekday,mild,Public Rack - Linder & 51st,1
cold,weekday,mild,Public Rack - Linder & Elston,13
cold,weekday,mild,Public Rack - Linder Ave & 51st St,1
cold,weekday,mild,Public Rack - Linder Ave & 64th Pl,12
cold,weekday,mild,Public Rack - Linder Ave & Archer Ave,2
cold,weekday,mild,Public Rack - Linder Ave & Belmont Ave,7
cold,weekday,mild,Public Rack - Lockwood & Archer,18
cold,weekday,mild,Public Rack - Lockwood Ave & Diversey Ave,24
cold,weekday,mild,Public Rack - Longwood Dr & 111th St,3
cold,weekday,mild,Public Rack - Longwood Dr & 95th St,1
cold,weekday,mild,Public Rack - Loomis Blvd & 47th St,4
cold,weekday,mild,Public Rack - Loomis St & 87th St,12
cold,weekday,mild,Public Rack - Lorel Ave & Grand Ave,1
cold,weekday,mild,Public Rack - Lotus Ave & Lawrence Ave,17
cold,weekday,mild,Public Rack - Lowe Ave & 94th St,2
cold,weekday,mild,Public Rack - Lowe Ave & 98th St,1
cold,weekday,mild,Public Rack - Lowe Park,8
cold,weekday,mild,Public Rack - Lowell Ave & Elston Ave,55
cold,weekday,mild,Public Rack - Lynch & Elston,28
cold,weekday,mild,Public Rack - Mackinaw Ave & 106th St,4
cold,weekday,mild,Public Rack - Mackinaw Ave & 108th St,5
cold,weekday,mild,Public Rack - Mango & Higgins,73
cold,weekday,mild,Public Rack - Maplewood Ave & 63rd St,2
cold,weekday,mild,Public Rack - Marquette Ave & 79th St,1
cold,weekday,mild,Public Rack - Marquette Ave & 83rd St,1
cold,weekday,mild,Public Rack - Marquette Rd & 67th St,13
cold,weekday,mild,Public Rack - Marshfield Ave & 45th St,2
cold,weekday,mild,Public Rack - Marshfield Ave & 87th St,3
cold,weekday,mild,Public Rack - Martin Luther King Dr & 44th St,7
cold,weekday,mild,Public Rack - Maryland Ave & 87th ST,7
cold,weekday,mild,Public Rack - Mason & Archer,1
cold,weekday,mild,Public Rack - Mason Ave & Archer Ave,2
cold,weekday,mild,Public Rack - Mason Ave & Milwaukee Ave,3
cold,weekday,mild,Public Rack - Mason Ave & Roosevelt Rd,3
cold,weekday,mild,Public Rack - May St & 78th St,1
cold,weekday,mild,Public Rack - May St & 87th St,1
cold,weekday,mild,Public Rack - McVicker & 52nd,3
cold,weekday,mild,Public Rack - McVicker Ave & Grand Ave,4
cold,weekday,mild,Public Rack - Meade Ave & Archer Ave,2
cold,weekday,mild,Public Rack - Melvina & Foster,13
cold,weekday,mild,Public Rack - Melvina Ave & Belmont Ave,11
cold,weekday,mild,Public Rack - Melvina Ave & Montrose Ave,11
cold,weekday,mild,Public Rack - Menard Ave & Adams Blvd,2
cold,weekday,mild,Public Rack - Menard Ave & Agusta Blvd,4
cold,weekday,mild,Public Rack - Menard Ave & Belmont Ave,11
cold,weekday,mild,Public Rack - Menard Ave & Dakin St - midblock,10
cold,weekday,mild,Public Rack - Menard Ave & Grand Ave,2
cold,weekday,mild,Public Rack - Menard Ave & Leland Ave,1
cold,weekday,mild,Public Rack - Miami Ave & Milwaukee Ave,1
cold,weekday,mild,Public Rack - Michigan Ave & 107th St,3
cold,weekday,mild,Public Rack - Michigan Ave & 113th St,1
cold,weekday,mild,Public Rack - Michigan Ave & 119th St,3
cold,weekday,mild,Public Rack - Michigan Ave & 96th St,5
cold,weekday,mild,Public Rack - Midway Orange Line,4
cold,weekday,mild,Public Rack - Milwaukee Ave & Addison St,13
cold,weekday,mild,Public Rack - Milwaukee Ave & Catalpa Ave,15
cold,weekday,mild,Public Rack - Milwaukee Ave & Culyer Ave,31
cold,weekday,mild,Public Rack - Milwaukee Ave & Diversey Ave,289
cold,weekday,mild,Public Rack - Milwaukee Ave & Haussen Ct,271
cold,weekday,mild,Public Rack - Milwaukee Ave & Higgins Ave,68
cold,weekday,mild,Public Rack - Milwaukee Ave & Kennedy Expy,25
cold,weekday,mild,Public Rack - Milwaukee Ave & Lawrence Ave,14
cold,weekday,mild,Public Rack - Milwaukee Ave & Leland Ave,4
cold,weekday,mild,Public Rack - Milwaukee Ave & Pensacola Ave,25
cold,weekday,mild,Public Rack - Milwaukee Ave & School St,41
cold,weekday,mild,Public Rack - Milwaukee Ave & Sunnyside Ave,12
cold,weekday,mild,Public Rack - Milwaukee Ave & Warner Ave,21
cold,weekday,mild,Public Rack - Milwaukee Ave & Waveland Ave,12
cold,weekday,mild,Public Rack - Minnehaha Ave & Devon Ave,6
cold,weekday,mild,Public Rack - Minuteman Park,38
cold,weekday,mild,Public Rack - Mobile Ave & Archer Ave,2
cold,weekday,mild,Public Rack - Mont Clare Ave & Higgins Ave,14
cold,weekday,mild,Public Rack - Monticello & Lawrence,29
cold,weekday,mild,Public Rack - Monticello Ave & Belmont Ave,208
cold,weekday,mild,Public Rack - Montrose Ave & Lavergne Ave,5
cold,weekday,mild,Public Rack - Morgan St & 87th St,1
cold,weekday,mild,Public Rack - Morgan St & 95th St,1
cold,weekday,mild,Public Rack - Mozart & 79th,1
cold,weekday,mild,Public Rack - Mozart Elementary School,16
cold,weekday,mild,Public Rack - Mt Greenwood Library - South,2
cold,weekday,mild,Public Rack - Mt Greenwood Library N,2
cold,weekday,mild,Public Rack - Mulligan & Northwest Hwy,21
cold,weekday,mild,Public Rack - Mulligan Ave & 56th St,3
cold,weekday,mild,Public Rack - N Narragansett Ave & Grand Ave,13
cold,weekday,mild,Public Rack - N Sayre Ave & W Belden Ave,4
cold,weekday,mild,Public Rack - N. Oakview and W. Gregory St,13
cold,weekday,mild,Public Rack - Nagel & Higgins,43
cold,weekday,mild,Public Rack - Nagle Ave & Belmont Ave,13
cold,weekday,mild,Public Rack - Narragansett Ave & Fullerton Ave,6
cold,weekday,mild,Public Rack - Nashotah & Northwest Hwy,78
cold,weekday,mild,Public Rack - Natoma Ave & 61st St,25
cold,weekday,mild,Public Rack - Natoma Ave & Bryn Mawr Ave,59
cold,weekday,mild,Public Rack - Neenah & Archer,2
cold,weekday,mild,Public Rack - Neenah & Dakin,3
cold,weekday,mild,Public Rack - Neola & Northwest Hwy,5
cold,weekday,mild,Public Rack - Neva & Foster,1
cold,weekday,mild,Public Rack - Neva Ave & Grand Ave,3
cold,weekday,mild,Public Rack - New England Ave & Irving Park Rd,2
cold,weekday,mild,Public Rack - Newcastle & Archer,2
cold,weekday,mild,Public Rack - Newcastle Ave & Belden Ave,2
cold,weekday,mild,Public Rack - Newcastle Ave & Belmont Ave,4
cold,weekday,mild,Public Rack - Newcastle Ave & Wellington Ave,1
cold,weekday,mild,Public Rack - Newland Ave & Diversey Ave,6
cold,weekday,mild,Public Rack - Nina Ave & Avondale Ave,7
cold,weekday,mild,Public Rack - Nordica & Archer,5
cold,weekday,mild,Public Rack - Nordica Ave & Addison St,6
cold,weekday,mild,Public Rack - Nordica Ave & Higgins Ave,3
cold,weekday,mild,Public Rack - Normal Blvd & 61st Pl,5
cold,weekday,mild,Public Rack - Normandy Ave & Archer Ave,3
cold,weekday,mild,Public Rack - Normandy Ave & Raven St,2
cold,weekday,mild,Public Rack - Northwest Hwy & Bryn Mawr,8
cold,weekday,mild,Public Rack - Northwest Hwy & Highland Ave,2
cold,weekday,mild,Public Rack - Northwest Hwy & Neva Ave,12
cold,weekday,mild,Public Rack - Northwest Hwy & Overhill Ave,1
cold,weekday,mild,Public Rack - Northwest Hwy & Raven St,3
cold,weekday,mild,Public Rack - Norwood Park,14
cold,weekday,mild,Public Rack - Norwood Park Station,23
cold,weekday,mild,Public Rack - Oak Park & Higgins,35
cold,weekday,mild,Public Rack - Oak Park Ave & Foster Ave,11
cold,weekday,mild,Public Rack - Oakley & 79th Pl,1
cold,weekday,mild,Public Rack - Octavia Ave & Touhy Ave,4
cold,weekday,mild,Public Rack - Odell & Talcott,19
cold,weekday,mild,Public Rack - Oglesby Ave & 105th St,1
cold,weekday,mild,Public Rack - Oglesby Ave & 95th St,5
cold,weekday,mild,Public Rack - Oketo & Northwest Hwy,6
cold,weekday,mild,Public Rack - Oketo & Talcott,12
cold,weekday,mild,Public Rack - Oketo Ave & Belmont Ave,2
cold,weekday,mild,Public Rack - Olmstead Ave & Oliphant Ave,20
cold,weekday,mild,Public Rack - Orville T Bright School,1
cold,weekday,mild,Public Rack - Osceola Ave & Touhy Ave,5
cold,weekday,mild,Public Rack - Ottowa Ave & Touhy Ave,14
cold,weekday,mild,Public Rack - Overhill Ave & Touhy Ave,13
cold,weekday,mild,Public Rack - Ozanam Ave & Devon Ave,5
cold,weekday,mild,Public Rack - Ozark Ave & Addison St,6
cold,weekday,mild,Public Rack - Ozman & Talcott,4
cold,weekday,mild,Public Rack - Parkside & 63rd,20
cold,weekday,mild,Public Rack - Parkside & Archer,1
cold,weekday,mild,Public Rack - Parkside & Elston,13
cold,weekday,mild,Public Rack - Parnell Ave & 119th St,2
cold,weekday,mild,Public Rack - Parnell Ave & 98th St,1
cold,weekday,mild,Public Rack - Penn Elementary School / KIPP Ascend Middle School,14
cold,weekday,mild,Public Rack - Peoria St & 60th St,1
cold,weekday,mild,Public Rack - Peterson Ave & Drake Ave,42
cold,weekday,mild,Public Rack - Peterson Ave & Milwaukee Ave,15
cold,weekday,mild,Public Rack - Peterson Park,53
cold,weekday,mild,Public Rack - Piotrowski Park,1
cold,weekday,mild,Public Rack - Plainfield Ave & Irving Park Rd,4
cold,weekday,mild,Public Rack - Prairie Ave & 47th St,40
cold,weekday,mild,Public Rack - Prairie Ave & 78th St,1
cold,weekday,mild,Public Rack - Prairie Ave & 85th St,1
cold,weekday,mild,Public Rack - Prairie Ave & Garfield Blvd N,56
cold,weekday,mild,Public Rack - Prairie Ave & Garfield Blvd S,8
cold,weekday,mild,Public Rack - Pratt Ave & Odell Ave,4
cold,weekday,mild,Public Rack - Princeton Ave & 43rd St,2
cold,weekday,mild,Public Rack - Pulaski & 52nd,3
cold,weekday,mild,Public Rack - Pulaski & 74th,2
cold,weekday,mild,Public Rack - Pulaski & 84th,1
cold,weekday,mild,Public Rack - Pulaski & Ardmore,20
cold,weekday,mild,Public Rack - Pulaski & Rosemont,16
cold,weekday,mild,Public Rack - Pulaski Rd & 15th St,4
cold,weekday,mild,Public Rack - Pulaski Rd & 40th St,1
cold,weekday,mild,Public Rack - Pulaski Rd & 41st,2
cold,weekday,mild,Public Rack - Pulaski Rd & 44th St,69
cold,weekday,mild,Public Rack - Pulaski Rd & 51st Rd,2
cold,weekday,mild,Public Rack - Pulaski Rd & 5th Ave,4
cold,weekday,mild,Public Rack - Pulaski Rd & 65th St,2
cold,weekday,mild,Public Rack - Pulaski Rd & Armitage Ave,18
cold,weekday,mild,Public Rack - Pulaski Rd & Flournoy St,2
cold,weekday,mild,Public Rack - Pulaski Rd & Fullerton Ave,33
cold,weekday,mild,Public Rack - Pulaski Rd & Grenshaw St,2
cold,weekday,mild,Public Rack - Pulaski Rd & Lake St,9
cold,weekday,mild,Public Rack - Pulaski Rd & Polk St,2
cold,weekday,mild,Public Rack - Pulaski Rd & Roosevelt Rd,2
cold,weekday,mild,Public Rack - Pulaski Rd & Stevens Ave,3
cold,weekday,mild,Public Rack - Pullman - Planet Fitness,6
cold,weekday,mild,Public Rack - Pullman - Ross Dress for Less,1
cold,weekday,mild,Public Rack - Pullman - Walmart,5
cold,weekday,mild,Public Rack - Pullman Community Center,4
cold,weekday,mild,Public Rack - Racine Ave & 109th Pl,2
cold,weekday,mild,Public Rack - Racine Ave & 74th St,10
cold,weekday,mild,Public Rack - Rhodes Ave & 79th St,1
cold,weekday,mild,Public Rack - Richard Daley College,33
cold,weekday,mild,Public Rack - Rockwell & 111th St,5
cold,weekday,mild,Public Rack - Rockwell & Division,197
cold,weekday,mild,Public Rack - Rockwell Ave & 71st St,3
cold,weekday,mild,Public Rack - Rockwell Ave & Touhy Ave,27
cold,weekday,mild,Public Rack - Roswell B. Mason Elementary School,2
cold,weekday,mild,Public Rack - Rutherford & 53rd,1
cold,weekday,mild,Public Rack - Rutherford Ave & Belmont Ave,13
cold,weekday,mild,Public Rack - S Kostner Ave & W 18th Pl,1
cold,weekday,mild,Public Rack - S Menard & W 63rd,5
cold,weekday,mild,Public Rack - S. Kilpatrick and W. 79th,14
cold,weekday,mild,Public Rack - S. New England/ W. 65th,1
cold,weekday,mild,Public Rack - Sacramento & 71st,1
cold,weekday,mild,Public Rack - Sacramento Ave & Devon Ave,15
cold,weekday,mild,Public Rack - Sacramento Ave & Greenleaf Ave,1
cold,weekday,mild,Public Rack - Sacramento Blvd & Washington Blvd,11
cold,weekday,mild,Public Rack - Saginaw Ave & 93rd St,2
cold,weekday,mild,Public Rack - Sangamon St & 87th St,2
cold,weekday,mild,Public Rack - Sawyer Ave & 111th St,6
cold,weekday,mild,Public Rack - Sawyer Ave & Bryn Mawr Ave - SE,34
cold,weekday,mild,Public Rack - Sawyer Ave & Bryn Mawr Ave - SW,5
cold,weekday,mild,Public Rack - Sawyer Ave & Chicago Ave,3
cold,weekday,mild,Public Rack - Sawyer Ave & Lawrence Ave,32
cold,weekday,mild,Public Rack - Sayer & Northwest Hwy,5
cold,weekday,mild,Public Rack - Sayre Ave & 59th St,2
cold,weekday,mild,Public Rack - South Shore Dr & 71st St,99
cold,weekday,mild,Public Rack - Spaulding Ave & 71st St,1
cold,weekday,mild,Public Rack - Spaulding Ave & Bryn Mawr Ave,34
cold,weekday,mild,Public Rack - Spaulding Ave & Evergreen Ave,256
cold,weekday,mild,Public Rack - Spaulding Ave & Foster Ave,7
cold,weekday,mild,Public Rack - Spaulding Ave & North Ave,97
cold,weekday,mild,Public Rack - Springfield & 71st,1
cold,weekday,mild,Public Rack - Springfield & 79th,5
cold,weekday,mild,Public Rack - Springfield Ave & 63rd St,2
cold,weekday,mild,Public Rack - Springfield Ave & Lawrence Ave,63
cold,weekday,mild,Public Rack - St Louis & Lincoln,26
cold,weekday,mild,Public Rack - St Louis Ave & Berteau Ave,48
cold,weekday,mild,Public Rack - St Louis Ave & Flournoy St,3
cold,weekday,mild,Public Rack - State ST & 42nd St,13
cold,weekday,mild,Public Rack - State St & 47th st,3
cold,weekday,mild,Public Rack - Stewart Ave & 123rd St,1
cold,weekday,mild,Public Rack - Stony Is Ave & 73rd St,3
cold,weekday,mild,Public Rack - Stony Island & 87th St,3
cold,weekday,mild,Public Rack - Stony Island & 95th St,2
cold,weekday,mild,Public Rack - Stony Island Ave & 86th St,1
cold,weekday,mild,Public Rack - Strohacker Park,3
cold,weekday,mild,Public Rack - Talman Ave & 51st St,12
cold,weekday,mild,Public Rack - Talman Ave & Pershing Rd,4
cold,weekday,mild,Public Rack - The Montessori School of Englewood,5
cold,weekday,mild,Public Rack - Throop St & 109th Pl,1
cold,weekday,mild,Public Rack - Throop St & 58th St,5
cold,weekday,mild,Public Rack - Torrence Ave  & 106th St,1
cold,weekday,mild,Public Rack - Torrence Ave & 103rd St,1
cold,weekday,mild,Public Rack - Torrence Ave & 98th St,5
cold,weekday,mild,Public Rack - Touhy Ave & Oconto Ave,13
cold,weekday,mild,Public Rack - Tripp Ave & North Ave,5
cold,weekday,mild,Public Rack - Troy & 71st,2
cold,weekday,mild,Public Rack - Trumbull Ave & 111th St,18
cold,weekday,mild,Public Rack - Tuley (Murray) Park,1
cold,weekday,mild,Public Rack - Vincennes Ave & 77th St,4
cold,weekday,mild,Public Rack - Vincennes Ave & 87th St,1
cold,weekday,mild,Public Rack - Vincennes Ave & 91st St,2
cold,weekday,mild,Public Rack - Vincennes Ave & 95th Pl,2
cold,weekday,mild,Public Rack - Vincennes Ave & 95th St,1
cold,weekday,mild,Public Rack - W. Talcott & N. Oriole,3
cold,weekday,mild,Public Rack - Wabash Ave & 87th St,6
cold,weekday,mild,Public Rack - Walden Pkwy & 103rd St,47
cold,weekday,mild,Public Rack - Walden Pkwy & 99th St,6
cold,weekday,mild,Public Rack - Waller Ave & Chicago Ave,5
cold,weekday,mild,Public Rack - Washington Park Ct & 51st St,33
cold,weekday,mild,Public Rack - Washtenaw Ave & 63rd St,2
cold,weekday,mild,Public Rack - Washtenaw Ave & Devon Ave,140
cold,weekday,mild,Public Rack - Washtenaw Ave & Superior St,396
cold,weekday,mild,Public Rack - Wentworth Ave & 103rd St,11
cold,weekday,mild,Public Rack - Wentworth Ave & 79th St,2
cold,weekday,mild,Public Rack - Wentworth Park,11
cold,weekday,mild,Public Rack - West Chatham Park,2
cold,weekday,mild,Public Rack - Western & 74th,2
cold,weekday,mild,Public Rack - Western & 83rd,1
cold,weekday,mild,Public Rack - Western Ave & 100th St,16
cold,weekday,mild,Public Rack - Western Ave & 104th St - East,1
cold,weekday,mild,Public Rack - Western Ave & 104th St - West,1
cold,weekday,mild,Public Rack - Western Ave & 105th St,3
cold,weekday,mild,Public Rack - Western Ave & 106th St - East,2
cold,weekday,mild,Public Rack - Western Ave & 106th St - West,1
cold,weekday,mild,Public Rack - Western Ave & 107th Pl,2
cold,weekday,mild,Public Rack - Western Ave & 110th St,2
cold,weekday,mild,Public Rack - Western Ave & 111th St - NW,1
cold,weekday,mild,Public Rack - Western Ave & 111th St - SE,2
cold,weekday,mild,Public Rack - Western Ave & 111th St - SW,2
cold,weekday,mild,Public Rack - Western Ave & 116th St,2
cold,weekday,mild,Public Rack - Western Ave & 118th St,2
cold,weekday,mild,Public Rack - Western Ave & 47th Pl,82
cold,weekday,mild,Public Rack - Western Ave & 62nd St,1
cold,weekday,mild,Public Rack - Western Ave & 79th St,1
cold,weekday,mild,Public Rack - Western Ave & 92nd Pl,52
cold,weekday,mild,Public Rack - Western Ave & 96th St,7
cold,weekday,mild,Public Rack - Western Ave & 98th St,1
cold,weekday,mild,Public Rack - Western Ave & Devon Ave,159
cold,weekday,mild,Public Rack - Western Ave & Jarvis Ave,33
cold,weekday,mild,Public Rack - Western Blvd & 49th St,42
cold,weekday,mild,Public Rack - Western Blvd & 53rd St,1
cold,weekday,mild,Public Rack - Whipple St & 26th St,2
cold,weekday,mild,Public Rack - Whipple St & 63rd St,29
cold,weekday,mild,Public Rack - Wilbur Wright College North,3
cold,weekday,mild,Public Rack - Wilbur Wright College South,34
cold,weekday,mild,Public Rack - William J Onahan Public School,7
cold,weekday,mild,Public Rack - William Rainey Harper High School,1
cold,weekday,mild,Public Rack - Winchester Ave & 87th St,1
cold,weekday,mild,Public Rack - Winona St & Elston Ave,3
cold,weekday,mild,Public Rack - Wolcott Ave & 56th St,2
cold,weekday,mild,Public Rack - Wolcott Ave & 61st St,13
cold,weekday,mild,Public Rack - Wood St & 103rd St,11
cold,weekday,mild,Public Rack - Wood St & 47th St,5
cold,weekday,mild,Public Rack - Woodlawn Ave & 63rd St N,309
cold,weekday,mild,Public Rack - Woodlawn Ave & 63rd St S,67
cold,weekday,mild,Public Rack - Wrightwood Metra Station,2
cold,weekday,mild,Public Rack - Yates Ave & 100th St,2
cold,weekday,mild,Public Rack - Zapata Academy,1
cold,weekday,mild,Pulaski Rd & 51st St,414
cold,weekday,mild,Pulaski Rd & 54th St,75
cold,weekday,mild,Pulaski Rd & 60th Pl,35
cold,weekday,mild,Pulaski Rd & 60th St,17
cold,weekday,mild,Pulaski Rd & 68th St,26
cold,weekday,mild,Pulaski Rd & 75th St,62
cold,weekday,mild,Pulaski Rd & 84th St,31
cold,weekday,mild,Pulaski Rd & Ann Lurie Pl,109
cold,weekday,mild,Pulaski Rd & Congress Pkwy,117
cold,weekday,mild,Pulaski Rd & Eddy St,416
cold,weekday,mild,Pulaski Rd & Lake St,61
cold,weekday,mild,Racine Ave & 115th St,48
cold,weekday,mild,Racine Ave & 13th St,811
cold,weekday,mild,Racine Ave & 15th St,2011
cold,weekday,mild,Racine Ave & 18th St,3750
cold,weekday,mild,Racine Ave & 35th St,554
cold,weekday,mild,Racine Ave & 57th St,22
cold,weekday,mild,Racine Ave & 61st St,17
cold,weekday,mild,Racine Ave & 65th St,27
cold,weekday,mild,Racine Ave & Belmont Ave,6231
cold,weekday,mild,Racine Ave & Broadway,725
cold,weekday,mild,Racine Ave & Congress Pkwy,3549
cold,weekday,mild,Racine Ave & Fullerton Ave,6633
cold,weekday,mild,Racine Ave & Garfield Blvd,41
cold,weekday,mild,Racine Ave & Randolph St,2628
cold,weekday,mild,Racine Ave & Washington Blvd,3196
cold,weekday,mild,Racine Ave & Webster Ave,411
cold,weekday,mild,Racine Ave & Wrightwood Ave,3835
cold,weekday,mild,Racine/Eddy Corral,501
cold,weekday,mild,Rainbow - Beach,18
cold,weekday,mild,Rainbow Beach,70
cold,weekday,mild,Ravenswood Ave & Berteau Ave,2707
cold,weekday,mild,Ravenswood Ave & Irving Park Rd,3010
cold,weekday,mild,Ravenswood Ave & Lawrence Ave,12375
cold,weekday,mild,Rhodes Ave & 32nd St,2167
cold,weekday,mild,Rhodes Ave & 71st St,7
cold,weekday,mild,Richmond St & 59th St,114
cold,weekday,mild,Richmond St & Diversey Ave,1744
cold,weekday,mild,Richmond St & Lincoln Ave,201
cold,weekday,mild,Ridge Blvd & Howard St,415
cold,weekday,mild,Ridge Blvd & Touhy Ave,623
cold,weekday,mild,Ritchie Ct & Banks St,6794
cold,weekday,mild,Rockwell Ave & Logan Blvd,250
cold,weekday,mild,Rockwell St & 47th St,73
cold,weekday,mild,Rockwell St & 57th St,132
cold,weekday,mild,Rockwell St & 63rd St,16
cold,weekday,mild,Rockwell St & Archer Ave,360
cold,weekday,mild,Rockwell St & Cermak Rd,257
cold,weekday,mild,Rockwell St & Eastwood Ave,2143
cold,weekday,mild,Rockwell St & Fletcher St,1109
cold,weekday,mild,Rockwell/Irving Park Hub,128
cold,weekday,mild,Roscoe & Harlem,30
cold,weekday,mild,Rush St & Cedar St,8808
cold,weekday,mild,Rush St & Hubbard St,6561
cold,weekday,mild,Rush St & Illinois St,706
cold,weekday,mild,Rush St & Superior St,8656
cold,weekday,mild,S Aberdeen St & W 106th St,2
cold,weekday,mild,S Michigan Ave & E 118th St,8
cold,weekday,mild,S Wentworth Ave & W 111th St,9
cold,weekday,mild,SCOOTERS CLASSIC - 2132 W Hubbard ST,101
cold,weekday,mild,Sacramento Ave & 25th St,52
cold,weekday,mild,Sacramento Ave & 51st St,37
cold,weekday,mild,Sacramento Ave & Linden Pl,7
cold,weekday,mild,Sacramento Ave & Lunt Ave,221
cold,weekday,mild,Sacramento Ave & Lyndale St,248
cold,weekday,mild,Sacramento Ave & Pratt Blvd,167
cold,weekday,mild,Sacramento Blvd & Addison St,534
cold,weekday,mild,Sacramento Blvd & Franklin Blvd,206
cold,weekday,mild,Sacramento Blvd & Fulton Ave,196
cold,weekday,mild,Sacramento Blvd & Polk St,25
cold,weekday,mild,Sangamon St & Adams St,902
cold,weekday,mild,Sangamon St & Lake St,6740
cold,weekday,mild,Sangamon St & Washington Blvd,5692
cold,weekday,mild,Sawyer Ave & Fullerton Ave,4
cold,weekday,mild,Sawyer Ave & Irving Park Rd,1021
cold,weekday,mild,Sayre Ave & Diversey Ave,95
cold,weekday,mild,Scottsdale Park,32
cold,weekday,mild,Sedgwick St & Chicago Ave,176
cold,weekday,mild,Sedgwick St & Huron St,9079
cold,weekday,mild,Sedgwick St & North Ave,7497
cold,weekday,mild,Sedgwick St & Schiller St,2565
cold,weekday,mild,Sedgwick St & Webster Ave,7426
cold,weekday,mild,Seeley Ave & Garfield Blvd,48
cold,weekday,mild,Seeley Ave & Roscoe St,3151
cold,weekday,mild,Seminary Ave & Belden Ave,645
cold,weekday,mild,Shabbona Park,221
cold,weekday,mild,Shedd Aquarium,10748
cold,weekday,mild,Sheffield Ave & Addison St,4710
cold,weekday,mild,Sheffield Ave & Fletcher St,361
cold,weekday,mild,Sheffield Ave & Fullerton Ave,11344
cold,weekday,mild,Sheffield Ave & Kingsbury St,7563
cold,weekday,mild,Sheffield Ave & Waveland Ave,9149
cold,weekday,mild,Sheffield Ave & Webster Ave,8484
cold,weekday,mild,Sheffield Ave & Wellington Ave,8467
cold,weekday,mild,Sheffield Ave & Willow St,5493
cold,weekday,mild,Sheffield Ave & Wrightwood Ave,8650
cold,weekday,mild,Sheffield/Cornelia Corral,381
cold,weekday,mild,Sheffield/Newport Corral,1077
cold,weekday,mild,Sheridan Rd & Argyle St,4438
cold,weekday,mild,Sheridan Rd & Berwyn Ave,196
cold,weekday,mild,Sheridan Rd & Buena Ave,5709
cold,weekday,mild,Sheridan Rd & Columbia Ave,1845
cold,weekday,mild,Sheridan Rd & Greenleaf Ave,1260
cold,weekday,mild,Sheridan Rd & Irving Park Rd,8591
cold,weekday,mild,Sheridan Rd & Lawrence Ave,3184
cold,weekday,mild,Sheridan Rd & Loyola Ave,2494
cold,weekday,mild,Sheridan Rd & Montrose Ave,7623
cold,weekday,mild,Sheridan Rd & Noyes St (NU),4136
cold,weekday,mild,Shields Ave & 28th Pl,1076
cold,weekday,mild,Shields Ave & 31st St,2141
cold,weekday,mild,Shields Ave & 43rd St,123
cold,weekday,mild,Shields Ave & 57th St,5
cold,weekday,mild,Shore Dr & 53rd St,25
cold,weekday,mild,Shore Dr & 55th St,6842
cold,weekday,mild,Smith Park,1510
cold,weekday,mild,South Chicago Ave & 83rd St,27
cold,weekday,mild,South Chicago Ave & Elliot Ave,6
cold,weekday,mild,South Shore Dr & 67th St,577
cold,weekday,mild,South Shore Dr & 71st St,761
cold,weekday,mild,South Shore Dr & 74th St,311
cold,weekday,mild,Southport Ave & Belmont Ave,5544
cold,weekday,mild,Southport Ave & Clark St,2241
cold,weekday,mild,Southport Ave & Clybourn Ave,3908
cold,weekday,mild,Southport Ave & Grace St,204
cold,weekday,mild,Southport Ave & Irving Park Rd,4441
cold,weekday,mild,Southport Ave & Roscoe St,9050
cold,weekday,mild,Southport Ave & Waveland Ave,10419
cold,weekday,mild,Southport Ave & Wellington Ave,6701
cold,weekday,mild,Southport Ave & Wrightwood Ave,5412
cold,weekday,mild,Spaulding Ave & 16th St,60
cold,weekday,mild,Spaulding Ave & 63rd,52
cold,weekday,mild,Spaulding Ave & Armitage Ave,3273
cold,weekday,mild,Spaulding Ave & Division St,1203
cold,weekday,mild,Spaulding Ave & Milwaukee Ave,5
cold,weekday,mild,Springfield Ave & 47th St,29
cold,weekday,mild,Springfield Ave & 71st St,42
cold,weekday,mild,Springfield Ave & 80th St,9
cold,weekday,mild,Springfield Ave & North Ave,359
cold,weekday,mild,St Clair St & Ohio St,856
cold,weekday,mild,St Louis Ave & 51st St,38
cold,weekday,mild,St Louis Ave & 59th St,92
cold,weekday,mild,St Louis Ave & Foster Ave,327
cold,weekday,mild,St Louis Ave & Norman Bobbins Pl,69
cold,weekday,mild,St. Clair St & Erie St,14022
cold,weekday,mild,St. Clair St & Erie St 1,52
cold,weekday,mild,St. Clair St & Erie St 2,52
cold,weekday,mild,St. Louis & 71st St,42
cold,weekday,mild,St. Louis Ave & Balmoral Ave,750
cold,weekday,mild,St. Louis Ave & Fullerton Ave,1883
cold,weekday,mild,State St & 111th St,21
cold,weekday,mild,State St & 123rd St,28
cold,weekday,mild,State St & 127th St,17
cold,weekday,mild,State St & 19th St,1794
cold,weekday,mild,State St & 29th St,311
cold,weekday,mild,State St & 33rd St,3554
cold,weekday,mild,State St & 35th St,1880
cold,weekday,mild,State St & 45th St,63
cold,weekday,mild,State St & 54th St,149
cold,weekday,mild,State St & 76th St,41
cold,weekday,mild,State St & 79th St,89
cold,weekday,mild,State St & 95th St,220
cold,weekday,mild,State St & Chicago Ave,16976
cold,weekday,mild,State St & Harrison St,4555
cold,weekday,mild,State St & Kinzie St,9067
cold,weekday,mild,State St & Pearson St,4966
cold,weekday,mild,State St & Pershing Rd,50
cold,weekday,mild,State St & Randolph St,7967
cold,weekday,mild,State St & Van Buren St,5002
cold,weekday,mild,Stave St & Armitage Ave,2764
cold,weekday,mild,Steelworkers Park,90
cold,weekday,mild,Steelworkers Park (Updated),16
cold,weekday,mild,Stetson Ave & South Water St,6593
cold,weekday,mild,Stewart Ave & 123rd St,74
cold,weekday,mild,Stewart Ave & 63rd St,28
cold,weekday,mild,Stewart Ave & 83rd St,69
cold,weekday,mild,Stockton Dr & Wrightwood Ave,7653
cold,weekday,mild,Stony Island Ave & 63rd St,364
cold,weekday,mild,Stony Island Ave & 64th St,122
cold,weekday,mild,Stony Island Ave & 67th St,181
cold,weekday,mild,Stony Island Ave & 71st St,270
cold,weekday,mild,Stony Island Ave & 75th St,170
cold,weekday,mild,Stony Island Ave & 82nd St,35
cold,weekday,mild,Stony Island Ave & 90th St,27
cold,weekday,mild,Stony Island Ave & South Chicago Ave,13
cold,weekday,mild,Streeter Dr & Grand Ave,17374
cold,weekday,mild,Streeter Dr/Grand Ave,2185
cold,weekday,mild,Summit Ave & 86th St,22
cold,weekday,mild,Talman Ave & Addison St,1907
cold,weekday,mild,The Salt Shed,853
cold,weekday,mild,Theater on the Lake,15220
cold,weekday,mild,Throop St & 52nd St,27
cold,weekday,mild,Throop St & 99th St,22
cold,weekday,mild,Throop St & Taylor St,3471
cold,weekday,mild,Torrence Ave & 106th St,10
cold,weekday,mild,Torrence Ave & 126th Pl,11
cold,weekday,mild,Tripp Ave & 15th St,81
cold,weekday,mild,Tripp Ave & 31st St,36
cold,weekday,mild,Tripp Ave & 65th St,123
cold,weekday,mild,Troy Ave & 27th St,26
cold,weekday,mild,Troy St & Elston Ave,1496
cold,weekday,mild,Troy St & Grace St,619
cold,weekday,mild,Troy St & Jackson Blvd,38
cold,weekday,mild,Troy St & North Ave,1114
cold,weekday,mild,Union Ave & Root St,169
cold,weekday,mild,University Ave & 57th St,13863
cold,weekday,mild,University Ave & 59th St,4535
cold,weekday,mild,University Ave & 65th St,350
cold,weekday,mild,University Library (NU),1668
cold,weekday,mild,Valli Produce - Evanston Plaza,509
cold,weekday,mild,Vernon Ave & 107th St,50
cold,weekday,mild,Vernon Ave & 75th St,73
cold,weekday,mild,Vernon Ave & 79th St,54
cold,weekday,mild,Vincennes Ave & 104th St,85
cold,weekday,mild,Vincennes Ave & 107th St,56
cold,weekday,mild,Vincennes Ave & 75th St,29
cold,weekday,mild,Vincennes Ave & 79th St,83
cold,weekday,mild,Vincennes Ave & 95th St,84
cold,weekday,mild,Virginia Ave & Catalpa Ave,238
cold,weekday,mild,W 103rd St & S Avers Ave,48
cold,weekday,mild,W Armitage Ave & N Sheffield Ave,2536
cold,weekday,mild,W Washington Blvd & N Peoria St,643
cold,weekday,mild,Wabansia & Milwaukee,945
cold,weekday,mild,Wabash Ave & 16th St,4717
cold,weekday,mild,Wabash Ave & 49th St,53
cold,weekday,mild,Wabash Ave & 59th St,57
cold,weekday,mild,Wabash Ave & 83rd St,35
cold,weekday,mild,Wabash Ave & 87th St,109
cold,weekday,mild,Wabash Ave & 9th St,8292
cold,weekday,mild,Wabash Ave & Adams St,6204
cold,weekday,mild,Wabash Ave & Cermak Rd,1828
cold,weekday,mild,Wabash Ave & Grand Ave,14088
cold,weekday,mild,Wabash Ave & Jackson Blvd,176
cold,weekday,mild,Wabash Ave & Roosevelt Rd,11459
cold,weekday,mild,Wabash Ave & Wacker Pl,6716
cold,weekday,mild,Wabash Ave & Washington St,1754
cold,weekday,mild,Wacker Dr & Randolph St,839
cold,weekday,mild,Wacker Dr & Washington St,7570
cold,weekday,mild,Wacker Dr & Washington St Corral,1894
cold,weekday,mild,Walden Pkwy & 100th St,201
cold,weekday,mild,Wallace St & 28th St,187
cold,weekday,mild,Wallace St & 35th St,785
cold,weekday,mild,Wallace St & Pershing Rd,247
cold,weekday,mild,Walsh Park,3891
cold,weekday,mild,Warren Park East,584
cold,weekday,mild,Warren Park West,728
cold,weekday,mild,Washtenaw Ave & Lawrence Ave,1816
cold,weekday,mild,Washtenaw Ave & Ogden Ave,290
cold,weekday,mild,Washtenaw Ave & Peterson Ave,143
cold,weekday,mild,Washtenaw Ave & Polk St,156
cold,weekday,mild,Waveland/Racine,192
cold,weekday,mild,Waveland/Racine Corral,735
cold,weekday,mild,Waveland/Wilton Corral,82
cold,weekday,mild,Wellington Ave & Mulligan Ave,58
cold,weekday,mild,Wells St & 19th St,974
cold,weekday,mild,Wells St & Concord Ln,16632
cold,weekday,mild,Wells St & Elm St,16423
cold,weekday,mild,Wells St & Evergreen Ave,8982
cold,weekday,mild,Wells St & Hubbard St,14806
cold,weekday,mild,Wells St & Huron St,16035
cold,weekday,mild,Wells St & Institute Pl,4760
cold,weekday,mild,Wells St & Madison St,1794
cold,weekday,mild,Wells St & Polk St,6702
cold,weekday,mild,Wells St & Randolph St,9208
cold,weekday,mild,Wells St & Randolph St Corral,985
cold,weekday,mild,Wells St & Walton St,8397
cold,weekday,mild,Wells St & Washington St,1794
cold,weekday,mild,Wentworth Ave & 104th St,4
cold,weekday,mild,Wentworth Ave & 107th St,48
cold,weekday,mild,Wentworth Ave & 24th St,1061
cold,weekday,mild,Wentworth Ave & 33rd St,1150
cold,weekday,mild,Wentworth Ave & 35th St,1179
cold,weekday,mild,Wentworth Ave & 63rd St,137
cold,weekday,mild,Wentworth Ave & 92nd St,65
cold,weekday,mild,Wentworth Ave & Cermak Rd,16
cold,weekday,mild,Wentworth Ave & Cermak Rd*,3800
cold,weekday,mild,Western Ave & 101st St,44
cold,weekday,mild,Western Ave & 104th St,66
cold,weekday,mild,Western Ave & 111th St,51
cold,weekday,mild,Western Ave & 21st St,737
cold,weekday,mild,Western Ave & 24th St,452
cold,weekday,mild,Western Ave & 28th St,99
cold,weekday,mild,Western Ave & 43rd St,174
cold,weekday,mild,Western Ave & 62nd St,23
cold,weekday,mild,Western Ave & 79th St,32
cold,weekday,mild,Western Ave & 81st St,14
cold,weekday,mild,Western Ave & Ardmore Ave,282
cold,weekday,mild,Western Ave & Berteau Ave,855
cold,weekday,mild,Western Ave & Congress Pkwy,1072
cold,weekday,mild,Western Ave & Division St,2795
cold,weekday,mild,Western Ave & Fillmore St,1323
cold,weekday,mild,Western Ave & Grace St,1070
cold,weekday,mild,Western Ave & Granville Ave,939
cold,weekday,mild,Western Ave & Gunnison St,263
cold,weekday,mild,Western Ave & Howard St,662
cold,weekday,mild,Western Ave & Lake St,317
cold,weekday,mild,Western Ave & Leland Ave,2981
cold,weekday,mild,Western Ave & Lunt Ave,1040
cold,weekday,mild,Western Ave & Lyndale St,272
cold,weekday,mild,Western Ave & Monroe St,800
cold,weekday,mild,Western Ave & Roscoe St,1757
cold,weekday,mild,Western Ave & Wabansia Ave,407
cold,weekday,mild,Western Ave & Walton St,3856
cold,weekday,mild,Western Ave & Winnebago Ave,5127
cold,weekday,mild,Western Blvd & 48th Pl,308
cold,weekday,mild,Whipple St & Roosevelt Rd,22
cold,weekday,mild,Whipple/Irving Park,542
cold,weekday,mild,Wilton Ave & Addison St,2477
cold,weekday,mild,Wilton Ave & Belmont Ave,13547
cold,weekday,mild,Wilton Ave & Diversey Pkwy,7750
cold,weekday,mild,Wilton Ave & Diversey Pkwy*,3352
cold,weekday,mild,Winchester (Ravenswood) Ave & Balmoral Ave,1331
cold,weekday,mild,Winchester Ave & Elston Ave,1994
cold,weekday,mild,Winthrop Ave & Lawrence Ave,3788
cold,weekday,mild,Wolcott (Ravenswood) Ave & Montrose Ave,3261
cold,weekday,mild,Wolcott Ave & Fargo Ave,361
cold,weekday,mild,Wolcott Ave & Polk St,5669
cold,weekday,mild,Wood St & 33rd St,161
cold,weekday,mild,Wood St & 35th St,491
cold,weekday,mild,Wood St & 84th St,13
cold,weekday,mild,Wood St & Augusta Blvd,4155
cold,weekday,mild,Wood St & Beach Ave,1990
cold,weekday,mild,Wood St & Chicago Ave,4642
cold,weekday,mild,Wood St & Cortland St,269
cold,weekday,mild,Wood St & Hubbard St,2827
cold,weekday,mild,Wood St & Milwaukee Ave,5536
cold,weekday,mild,Wood St & Taylor St (Temp),3968
cold,weekday,mild,Wood St & Walnut St,180
cold,weekday,mild,Wood St & Webster Ave,1764
cold,weekday,mild,Woodlawn & 103rd,13
cold,weekday,mild,Woodlawn Ave & 55th St,5479
cold,weekday,mild,Woodlawn Ave & 58th St,5508
cold,weekday,mild,Woodlawn Ave & 75th St,50
cold,weekday,mild,Woodlawn Ave & Lake Park Ave,752
cold,weekday,mild,Yates Blvd & 75th St,73
cold,weekday,mild,Yates Blvd & 93rd St,29
cold,weekend,cold,2112 W Peterson Ave,33
cold,weekend,cold,21st St & Pulaski Rd,2
cold,weekend,cold,63rd St Beach,11
cold,weekend,cold,900 W Harrison St,156
cold,weekend,cold,Aberdeen St & Carroll Ave,58
cold,weekend,cold,Aberdeen St & Jackson Blvd,337
cold,weekend,cold,Aberdeen St & Monroe St,136
cold,weekend,cold,Aberdeen St & Randolph St,171
cold,weekend,cold,Ada St & 113th Place,2
cold,weekend,cold,Ada St & Washington Blvd,109
cold,weekend,cold,Addison/Racine Corral,3
cold,weekend,cold,Addison/Sheffield SW Corral,1
cold,weekend,cold,Addison/Wilton Corral,3
cold,weekend,cold,Adler Planetarium,107
cold,weekend,cold,Albany Ave & 16th St,2
cold,weekend,cold,Albany Ave & 26th St,5
cold,weekend,cold,Albany Ave & Belmont Ave,10
cold,weekend,cold,Albany Ave & Bloomingdale Ave,96
cold,weekend,cold,Albany Ave & Montrose Ave,52
cold,weekend,cold,Altgeld Gardens,1
cold,weekend,cold,Archer & Wentworth,14
cold,weekend,cold,Archer (Damen) Ave & 37th St,16
cold,weekend,cold,Archer Ave & 49th St,3
cold,weekend,cold,Archer Ave & Homan Ave,7
cold,weekend,cold,Archer Ave & Wentworth Ave,17
cold,weekend,cold,Artesian Ave & 55th St,2
cold,weekend,cold,Artesian Ave & 71st St,1
cold,weekend,cold,Artesian Ave & Hubbard St,42
cold,weekend,cold,Artesian Ave & Marquette Rd,1
cold,weekend,cold,Ashland Ave & 13th St,148
cold,weekend,cold,Ashland Ave & 50th St,7
cold,weekend,cold,Ashland Ave & 63rd St,3
cold,weekend,cold,Ashland Ave & 66th St,2
cold,weekend,cold,Ashland Ave & 74th St,1
cold,weekend,cold,Ashland Ave & 78th St,1
cold,weekend,cold,Ashland Ave & Archer Ave,10
cold,weekend,cold,Ashland Ave & Augusta Blvd,73
cold,weekend,cold,Ashland Ave & Belle Plaine Ave,57
cold,weekend,cold,Ashland Ave & Blackhawk St,157
cold,weekend,cold,Ashland Ave & Chicago Ave,146
cold,weekend,cold,Ashland Ave & Division St,270
cold,weekend,cold,Ashland Ave & Garfield Blvd,1
cold,weekend,cold,Ashland Ave & Grace St,118
cold,weekend,cold,Ashland Ave & Grand Ave,98
cold,weekend,cold,Ashland Ave & Lake St,93
cold,weekend,cold,Ashland Ave & McDowell Ave,7
cold,weekend,cold,Ashland Ave & Pershing Rd,6
cold,weekend,cold,Ashland Ave & Wellington Ave,134
cold,weekend,cold,Ashland Ave & Wrightwood Ave,72
cold,weekend,cold,Augusta Blvd & Laramie Ave,3
cold,weekend,cold,Austin Ave & Milwaukee Ave,3
cold,weekend,cold,Austin Blvd & Chicago Ave,2
cold,weekend,cold,Austin Blvd & Madison St,3
cold,weekend,cold,Avenue O & 118th St,1
cold,weekend,cold,Avenue O & 134th St,3
cold,weekend,cold,Avers Ave & 16th St,1
cold,weekend,cold,Avers Ave & Belmont Ave,49
cold,weekend,cold,Avers Ave & Foster Ave,2
cold,weekend,cold,Avondale Ave & Irving Park Rd,33
cold,weekend,cold,Baltimore Ave & 133rd St,3
cold,weekend,cold,Baltimore Ave & 87th St,2
cold,weekend,cold,Bennett Ave & 79th St,1
cold,weekend,cold,Benson Ave & Church St,136
cold,weekend,cold,Bernard St & Elston Ave,12
cold,weekend,cold,Bernard St & Peterson Ave,4
cold,weekend,cold,Bissell St & Armitage Ave*,226
cold,weekend,cold,Blackstone Ave & 59th St,452
cold,weekend,cold,Blackstone Ave & Hyde Park Blvd,113
cold,weekend,cold,Blue Island Ave & 18th St,114
cold,weekend,cold,Bosworth Ave & Howard St,13
cold,weekend,cold,Bradley Park,1
cold,weekend,cold,Broadway & Argyle St,169
cold,weekend,cold,Broadway & Barry Ave,410
cold,weekend,cold,Broadway & Belmont Ave,297
cold,weekend,cold,Broadway & Berwyn Ave,161
cold,weekend,cold,Broadway & Cornelia Ave,400
cold,weekend,cold,Broadway & Cuyler Ave,12
cold,weekend,cold,Broadway & Granville Ave,137
cold,weekend,cold,Broadway & Oakdale Ave,44
cold,weekend,cold,Broadway & Ridge Ave,117
cold,weekend,cold,Broadway & Roscoe Ave,31
cold,weekend,cold,Broadway & Sheridan Rd,327
cold,weekend,cold,Broadway & Sunnyside Ave,52
cold,weekend,cold,Broadway & Thorndale Ave,197
cold,weekend,cold,Broadway & Waveland Ave,516
cold,weekend,cold,Broadway & Wilson Ave,183
cold,weekend,cold,Buckingham Fountain,49
cold,weekend,cold,Budlong Woods Library,15
cold,weekend,cold,Burley Ave & 85th St,6
cold,weekend,cold,Burley Ave & 91st St,1
cold,weekend,cold,Burling St & Diversey Pkwy,278
cold,weekend,cold,Burling St & Diversey Pkwy*,10
cold,weekend,cold,Burnham Greenway & 105th St,2
cold,weekend,cold,Burnham Greenway & 112th St,2
cold,weekend,cold,Burnham Harbor,86
cold,weekend,cold,California & 16th St,8
cold,weekend,cold,California Ave & 21st St,7
cold,weekend,cold,California Ave & 23rd Pl,6
cold,weekend,cold,California Ave & 26th St,4
cold,weekend,cold,California Ave & 36th St,4
cold,weekend,cold,California Ave & 41st St,2
cold,weekend,cold,California Ave & 71st St,2
cold,weekend,cold,California Ave & Altgeld St,80
cold,weekend,cold,California Ave & Byron St,52
cold,weekend,cold,California Ave & Cortez St,97
cold,weekend,cold,California Ave & Division St,79
cold,weekend,cold,California Ave & Fletcher St,60
cold,weekend,cold,California Ave & Francis Pl,101
cold,weekend,cold,California Ave & Granville Ave,26
cold,weekend,cold,California Ave & Lake St,8
cold,weekend,cold,California Ave & Madison St,2
cold,weekend,cold,California Ave & Marquette Rd,1
cold,weekend,cold,California Ave & Milwaukee Ave,243
cold,weekend,cold,California Ave & Montrose Ave,60
cold,weekend,cold,California Ave & North Ave,86
cold,weekend,cold,California Ave & Touhy Ave,5
cold,weekend,cold,California Ave & Winona St,1
cold,weekend,cold,Calumet Ave & 18th St,129
cold,weekend,cold,Calumet Ave & 21st St,60
cold,weekend,cold,Calumet Ave & 33rd St,161
cold,weekend,cold,Calumet Ave & 35th St,58
cold,weekend,cold,Calumet Ave & 51st St,8
cold,weekend,cold,Calumet Ave & 71st St,4
cold,weekend,cold,Calumet Park,4
cold,weekend,cold,Campbell Ave & 51st St,6
cold,weekend,cold,Campbell Ave & Augusta Blvd,58
cold,weekend,cold,Campbell Ave & Fullerton Ave,41
cold,weekend,cold,Campbell Ave & Irving Park Rd,10
cold,weekend,cold,Campbell Ave & Montrose Ave,93
cold,weekend,cold,Campbell Ave & North Ave,131
cold,weekend,cold,Canal St & Adams St,158
cold,weekend,cold,Canal St & Harrison St,41
cold,weekend,cold,Canal St & Jackson Blvd,91
cold,weekend,cold,Canal St & Madison St,306
cold,weekend,cold,Canal St & Monroe St,59
cold,weekend,cold,Canal St & Taylor St,156
cold,weekend,cold,Cannon Dr & Fullerton Ave,59
cold,weekend,cold,Carpenter St & 63rd St,1
cold,weekend,cold,Carpenter St & Fulton St,19
cold,weekend,cold,Carpenter St & Huron St,119
cold,weekend,cold,Central & Elston,1
cold,weekend,cold,Central Ave & Altgeld St,8
cold,weekend,cold,Central Ave & Chicago Ave,16
cold,weekend,cold,Central Ave & Lake St,8
cold,weekend,cold,Central Ave & Madison St,3
cold,weekend,cold,Central Ave & Roscoe St,2
cold,weekend,cold,Central Ave & Wellington Ave,4
cold,weekend,cold,Central Park & Augusta Blvd,4
cold,weekend,cold,Central Park Ave & 24th St,13
cold,weekend,cold,Central Park Ave & 66th St,2
cold,weekend,cold,Central Park Ave & Ardmore Ave,9
cold,weekend,cold,Central Park Ave & Bloomingdale Ave,27
cold,weekend,cold,Central Park Ave & Douglas Blvd,2
cold,weekend,cold,Central Park Ave & Elbridge Ave,57
cold,weekend,cold,Central Park Ave & North Ave,25
cold,weekend,cold,Central Park Ave & Ogden Ave,15
cold,weekend,cold,Central Park Ave & Ohio St,17
cold,weekend,cold,Central Park Blvd & 5th Ave,3
cold,weekend,cold,Central St & Girard Ave,21
cold,weekend,cold,Central St Metra,21
cold,weekend,cold,Cherry Ave & Blackhawk St,9
cold,weekend,cold,Chicago Ave & Sheridan Rd,112
cold,weekend,cold,Chicago Ave & Washington St,42
cold,weekend,cold,Chicago State University,1
cold,weekend,cold,Christiana Ave & Lawrence Ave,34
cold,weekend,cold,Cicero Ave & Flournoy St,1
cold,weekend,cold,Cicero Ave & Lake St,2
cold,weekend,cold,Cicero Ave & Roscoe Ave,1
cold,weekend,cold,Cicero Ave & Wellington Ave,1
cold,weekend,cold,Cicero Ave & Wrightwood Ave,18
cold,weekend,cold,Cityfront Plaza Dr & Pioneer Ct,163
cold,weekend,cold,Claremont Ave & Hirsch St,45
cold,weekend,cold,Clarendon Ave & Gordon Ter,301
cold,weekend,cold,Clarendon Ave & Junior Ter,228
cold,weekend,cold,Clarendon Ave & Leland Ave,127
cold,weekend,cold,Clark St & 9th St (AMLI),67
cold,weekend,cold,Clark St & Arlington Pl,85
cold,weekend,cold,Clark St & Armitage Ave,381
cold,weekend,cold,Clark St & Berwyn Ave,306
cold,weekend,cold,Clark St & Bryn Mawr Ave,178
cold,weekend,cold,Clark St & Chicago Ave,300
cold,weekend,cold,Clark St & Columbia Ave,71
cold,weekend,cold,Clark St & Drummond Pl,303
cold,weekend,cold,Clark St & Eddy St,62
cold,weekend,cold,Clark St & Elm St,754
cold,weekend,cold,Clark St & Elmdale Ave,49
cold,weekend,cold,Clark St & Fletcher St,23
cold,weekend,cold,Clark St & Grace St,176
cold,weekend,cold,Clark St & Ida B Wells Dr,89
cold,weekend,cold,Clark St & Jarvis Ave,26
cold,weekend,cold,Clark St & Lake St,240
cold,weekend,cold,Clark St & Leland Ave,167
cold,weekend,cold,Clark St & Lincoln Ave,299
cold,weekend,cold,Clark St & Lunt Ave,60
cold,weekend,cold,Clark St & Montrose Ave,135
cold,weekend,cold,Clark St & Newport St,406
cold,weekend,cold,Clark St & North Ave,152
cold,weekend,cold,Clark St & Schiller St,267
cold,weekend,cold,Clark St & Schreiber Ave,69
cold,weekend,cold,Clark St & Touhy Ave,27
cold,weekend,cold,Clark St & Washington St,11
cold,weekend,cold,Clark St & Wellington Ave,315
cold,weekend,cold,Clark St & Winnemac Ave,314
cold,weekend,cold,Clark St & Wrightwood Ave,416
cold,weekend,cold,Clark/Newport Corral,4
cold,weekend,cold,Clark/Racine Corral,1
cold,weekend,cold,Clifton Ave & Armitage Ave,177
cold,weekend,cold,Clinton St & 18th St,58
cold,weekend,cold,Clinton St & Jackson Blvd,205
cold,weekend,cold,Clinton St & Lake St,225
cold,weekend,cold,Clinton St & Madison St,452
cold,weekend,cold,Clinton St & Polk St,15
cold,weekend,cold,Clinton St & Roosevelt Rd,154
cold,weekend,cold,Clinton St & Tilden St,101
cold,weekend,cold,Clinton St & Washington Blvd,125
cold,weekend,cold,Clybourn Ave & Division St,156
cold,weekend,cold,Clyde Ave & 87th St,2
cold,weekend,cold,Columbus Ave & 79th St,1
cold,weekend,cold,Columbus Ave & 83rd Pl,1
cold,weekend,cold,Columbus Dr & Randolph St,273
cold,weekend,cold,Commercial Ave & 100th St,1
cold,weekend,cold,Commercial Ave & 130th St,1
cold,weekend,cold,Commercial Ave & 83rd St,15
cold,weekend,cold,Commercial Ave & 90th St,2
cold,weekend,cold,Commercial Ave & 97th St,1
cold,weekend,cold,Conservatory Dr & Lake St,29
cold,weekend,cold,Constance Ave & 95th St,2
cold,weekend,cold,Cornell Ave & Hyde Park Blvd,134
cold,weekend,cold,Cottage Grove Ave & 43rd St,12
cold,weekend,cold,Cottage Grove Ave & 47th St,17
cold,weekend,cold,Cottage Grove Ave & 49th St,4
cold,weekend,cold,Cottage Grove Ave & 51st St,17
cold,weekend,cold,Cottage Grove Ave & 63rd St,30
cold,weekend,cold,Cottage Grove Ave & 67th St,3
cold,weekend,cold,Cottage Grove Ave & 71st St,2
cold,weekend,cold,Cottage Grove Ave & 78th St,2
cold,weekend,cold,Cottage Grove Ave & 83rd St,6
cold,weekend,cold,Cottage Grove Ave & Oakwood Blvd,11
cold,weekend,cold,Cumberland Ave & Catherine Ave,5
cold,weekend,cold,Daley Center Plaza,280
cold,weekend,cold,Damen Ave & 59th St,1
cold,weekend,cold,Damen Ave & 74th St,1
cold,weekend,cold,Damen Ave & 77th St,3
cold,weekend,cold,Damen Ave & 81st St,5
cold,weekend,cold,Damen Ave & 87th St,1
cold,weekend,cold,Damen Ave & Charleston St,122
cold,weekend,cold,Damen Ave & Chicago Ave,213
cold,weekend,cold,Damen Ave & Clybourn Ave,127
cold,weekend,cold,Damen Ave & Cortland St,185
cold,weekend,cold,Damen Ave & Cullerton St,44
cold,weekend,cold,Damen Ave & Division St,190
cold,weekend,cold,Damen Ave & Evergreen Ave,4
cold,weekend,cold,Damen Ave & Foster Ave,100
cold,weekend,cold,Damen Ave & Grand Ave,52
cold,weekend,cold,Damen Ave & Lake St,60
cold,weekend,cold,Damen Ave & Leland Ave,106
cold,weekend,cold,Damen Ave & Madison St,69
cold,weekend,cold,Damen Ave & Melrose Ave,53
cold,weekend,cold,Damen Ave & Ohio St,22
cold,weekend,cold,Damen Ave & Pershing Rd,7
cold,weekend,cold,Damen Ave & Pierce Ave,268
cold,weekend,cold,Damen Ave & St Paul Ave,35
cold,weekend,cold,Damen Ave & Sunnyside Ave,82
cold,weekend,cold,Damen Ave & Thomas St (Augusta Blvd),158
cold,weekend,cold,Damen Ave & Wabansia Ave,68
cold,weekend,cold,Damen Ave & Wellington Ave,72
cold,weekend,cold,Damen Ave & Wicker Park Ave,49
cold,weekend,cold,Damen Ave/Coulter St,7
cold,weekend,cold,Dan Ryan Woods & 83rd St,2
cold,weekend,cold,Dauphin Ave & 103rd St,1
cold,weekend,cold,Dauphin Ave & 87th St,2
cold,weekend,cold,Dayton St & North Ave,242
cold,weekend,cold,Dearborn Pkwy & Delaware Pl,383
cold,weekend,cold,Dearborn St & Adams St,126
cold,weekend,cold,Dearborn St & Adams St Corral,3
cold,weekend,cold,Dearborn St & Division St,67
cold,weekend,cold,Dearborn St & Erie St,483
cold,weekend,cold,Dearborn St & Madison St,24
cold,weekend,cold,Dearborn St & Maple St,94
cold,weekend,cold,Dearborn St & Monroe St,132
cold,weekend,cold,Dearborn St & Van Buren St,136
cold,weekend,cold,Dearborn St & Washington St,17
cold,weekend,cold,Delano Ct & Roosevelt Rd,148
cold,weekend,cold,Desplaines St & Jackson Blvd,278
cold,weekend,cold,Desplaines St & Kinzie St,498
cold,weekend,cold,Desplaines St & Randolph St,122
cold,weekend,cold,Dodge Ave & Church St,23
cold,weekend,cold,Dodge Ave & Main St,10
cold,weekend,cold,Dodge Ave & Mulford St,21
cold,weekend,cold,Dorchester Ave & 49th St,39
cold,weekend,cold,Dorchester Ave & 53rd St,47
cold,weekend,cold,Dorchester Ave & 63rd St,21
cold,weekend,cold,Drake Ave & Addison St,22
cold,weekend,cold,Drake Ave & Montrose Ave,22
cold,weekend,cold,Drexel Ave & 60th St,167
cold,weekend,cold,DuSable Lake Shore Dr & Belmont Ave,193
cold,weekend,cold,DuSable Lake Shore Dr & Diversey Pkwy,149
cold,weekend,cold,DuSable Lake Shore Dr & Monroe St,345
cold,weekend,cold,DuSable Lake Shore Dr & North Blvd,197
cold,weekend,cold,DuSable Lake Shore Dr & Wellington Ave,181
cold,weekend,cold,DuSable Museum,6
cold,weekend,cold,Dusable Harbor,139
cold,weekend,cold,East End Ave & 87th St,2
cold,weekend,cold,Eastlake Ter & Howard St,21
cold,weekend,cold,Eberhart Ave & 131st St,1
cold,weekend,cold,Eberhart Ave & 61st St,4
cold,weekend,cold,Eberhart Ave & 91st St,1
cold,weekend,cold,Eckhart Park,126
cold,weekend,cold,Eddy/Seminary Corral,3
cold,weekend,cold,Edgebrook Metra,2
cold,weekend,cold,Eggleston Ave & 69th St,1
cold,weekend,cold,Eggleston Ave & 92nd St,2
cold,weekend,cold,Elizabeth St & 47th St,3
cold,weekend,cold,Elizabeth St & Fulton St,64
cold,weekend,cold,Elizabeth St & Randolph St,212
cold,weekend,cold,Ellis Ave & 53rd St,173
cold,weekend,cold,Ellis Ave & 55th St,606
cold,weekend,cold,Ellis Ave & 58th St,147
cold,weekend,cold,Ellis Ave & 60th St,758
cold,weekend,cold,Ellis Ave & 83rd St,4
cold,weekend,cold,Elmwood Ave & Austin St,13
cold,weekend,cold,Elston Ave & Carmen Ave,6
cold,weekend,cold,Elston Ave & Cortland St,177
cold,weekend,cold,Elston Ave & George St,23
cold,weekend,cold,Elston Ave & Henderson St,3
cold,weekend,cold,Elston Ave & Wabansia Ave,63
cold,weekend,cold,Emerald Ave & 28th St,52
cold,weekend,cold,Emerald Ave & 31st St,103
cold,weekend,cold,Evans Ave & 75th St,2
cold,weekend,cold,Evanston Civic Center,23
cold,weekend,cold,Ewing Ave & 106th St,2
cold,weekend,cold,Ewing Ave & 97th St,1
cold,weekend,cold,Ewing Ave & 98th St,1
cold,weekend,cold,Ewing Ave & Burnham Greenway,7
cold,weekend,cold,Exchange Ave & 79th St,3
cold,weekend,cold,Fairbanks Ct & Grand Ave,323
cold,weekend,cold,Fairbanks St & Superior St,112
cold,weekend,cold,Fairfield Ave & 44th St,14
cold,weekend,cold,Fairfield Ave & Pratt Blvd,4
cold,weekend,cold,Fairfield Ave & Roosevelt Rd,3
cold,weekend,cold,Farragut Ave & Central Ave,1
cold,weekend,cold,Federal St & Polk St,336
cold,weekend,cold,Field Blvd & South Water St,223
cold,weekend,cold,Field Museum,214
cold,weekend,cold,Financial Pl & Ida B Wells Dr,132
cold,weekend,cold,Fort Dearborn Dr & 31st St,6
cold,weekend,cold,Fort Dearborn Dr & 31st St*,34
cold,weekend,cold,Francisco Ave & 47th St,5
cold,weekend,cold,Francisco Ave & 85th St,2
cold,weekend,cold,Francisco Ave & Bloomingdale Ave,6
cold,weekend,cold,Francisco Ave & Chicago Ave,37
cold,weekend,cold,Francisco Ave & Foster Ave,38
cold,weekend,cold,Francisco Ave & Hollywood Ave,1
cold,weekend,cold,Francisco Ave & Montrose Ave,20
cold,weekend,cold,Franklin St & Adams St,14
cold,weekend,cold,Franklin St & Adams St (Temp),44
cold,weekend,cold,Franklin St & Adams St Corral,1
cold,weekend,cold,Franklin St & Chicago Ave,206
cold,weekend,cold,Franklin St & Chicago Ave*,35
cold,weekend,cold,Franklin St & Illinois St,282
cold,weekend,cold,Franklin St & Jackson Blvd,237
cold,weekend,cold,Franklin St & Lake St,147
cold,weekend,cold,Franklin St & Madison St,2
cold,weekend,cold,Franklin St & Monroe St,82
cold,weekend,cold,Franklin St & Washington St,10
cold,weekend,cold,Fulton Market,55
cold,weekend,cold,Glenwood Ave & Morse Ave,96
cold,weekend,cold,Glenwood Ave & Touhy Ave,57
cold,weekend,cold,Grace St & Central Ave,5
cold,weekend,cold,Grace St & Cicero Ave,5
cold,weekend,cold,Grace/Sheffield Corral,1
cold,weekend,cold,Granville Ave & Clark St,8
cold,weekend,cold,Granville Ave & Pulaski Rd,1
cold,weekend,cold,Green St & Chicago Ave,29
cold,weekend,cold,Green St & Lake St,29
cold,weekend,cold,Green St & Madison St,410
cold,weekend,cold,Green St & Randolph St*,165
cold,weekend,cold,Green St & Washington Blvd,166
cold,weekend,cold,Greenview Ave & Diversey Pkwy,70
cold,weekend,cold,Greenview Ave & Fullerton Ave,156
cold,weekend,cold,Greenview Ave & Jarvis Ave,92
cold,weekend,cold,Greenwood Ave & 47th St,41
cold,weekend,cold,Greenwood Ave & 79th St,2
cold,weekend,cold,Greenwood Ave & 91st St,1
cold,weekend,cold,Greenwood Ave & 97th St,1
cold,weekend,cold,Griffin Museum of Science and Industry,59
cold,weekend,cold,Halsted St & 104th St,2
cold,weekend,cold,Halsted St & 111th St,1
cold,weekend,cold,Halsted St & 119th St,1
cold,weekend,cold,Halsted St & 123rd St,1
cold,weekend,cold,Halsted St & 18th St,70
cold,weekend,cold,Halsted St & 21st St,43
cold,weekend,cold,Halsted St & 35th St,53
cold,weekend,cold,Halsted St & 37th St,16
cold,weekend,cold,Halsted St & 47th Pl,9
cold,weekend,cold,Halsted St & 51st St,5
cold,weekend,cold,Halsted St & 56th St,2
cold,weekend,cold,Halsted St & 59th St,1
cold,weekend,cold,Halsted St & 63rd St,1
cold,weekend,cold,Halsted St & 69th St,8
cold,weekend,cold,Halsted St & 73rd St,2
cold,weekend,cold,Halsted St & 78th St,1
cold,weekend,cold,Halsted St & 83rd St,2
cold,weekend,cold,Halsted St & 93rd St,1
cold,weekend,cold,Halsted St & 96th St,6
cold,weekend,cold,Halsted St & Archer Ave,81
cold,weekend,cold,Halsted St & Armitage Ave,57
cold,weekend,cold,Halsted St & Belden St,32
cold,weekend,cold,Halsted St & Clybourn Ave,449
cold,weekend,cold,Halsted St & Court Pl,7
cold,weekend,cold,Halsted St & Dickens Ave,223
cold,weekend,cold,Halsted St & Dickens Ave*,28
cold,weekend,cold,Halsted St & Fulton St,241
cold,weekend,cold,Halsted St & Lake St,16
cold,weekend,cold,Halsted St & Maxwell St,161
cold,weekend,cold,Halsted St & Melrose St,32
cold,weekend,cold,Halsted St & North Branch St,15
cold,weekend,cold,Halsted St & Polk St,320
cold,weekend,cold,Halsted St & Roosevelt Rd,105
cold,weekend,cold,Halsted St & Roscoe St,347
cold,weekend,cold,Halsted St & Willow St,184
cold,weekend,cold,Halsted St & Wrightwood Ave,316
cold,weekend,cold,Hamilton Park,2
cold,weekend,cold,Hamlin Ave & Grand Ave,7
cold,weekend,cold,Hampden Ct & Diversey Ave,52
cold,weekend,cold,Hampden Ct & Diversey Pkwy,50
cold,weekend,cold,Harding Ave & 26th St,3
cold,weekend,cold,Harding Ave & 31st St,3
cold,weekend,cold,Harding Ave & Division St,1
cold,weekend,cold,Harlem Ave & Irving Park Rd,12
cold,weekend,cold,Harper Ave & 55th St,46
cold,weekend,cold,Harper Ave & 59th St,60
cold,weekend,cold,Hastings St Depot LWS,8
cold,weekend,cold,Hegewisch Metra Station,2
cold,weekend,cold,Hermitage Ave & Polk St,66
cold,weekend,cold,Higgins Ave & Austin Ave,3
cold,weekend,cold,Homan Ave & 26th St,2
cold,weekend,cold,Homan Ave & 65th St,2
cold,weekend,cold,Homan Ave & 77th St,2
cold,weekend,cold,Homan Ave & Fillmore St,1
cold,weekend,cold,Homewood Ave & 115th St,1
cold,weekend,cold,Honore St & Division St,213
cold,weekend,cold,Houston Ave & 92nd St,3
cold,weekend,cold,Hoyne Ave & 34th St,11
cold,weekend,cold,Hoyne Ave & 47th St,19
cold,weekend,cold,Hoyne Ave & Balmoral Ave,57
cold,weekend,cold,Hudson Ave & Armitage Ave,30
cold,weekend,cold,Humboldt Blvd & Armitage Ave,57
cold,weekend,cold,Hyacinth Ave & Milwaukee Ave,4
cold,weekend,cold,Indiana Ave & 103rd St,1
cold,weekend,cold,Indiana Ave & 133rd St,3
cold,weekend,cold,Indiana Ave & 26th St,47
cold,weekend,cold,Indiana Ave & 31st St,60
cold,weekend,cold,Indiana Ave & 40th St,5
cold,weekend,cold,Indiana Ave & Roosevelt Rd,343
cold,weekend,cold,Jefferson St & Monroe St,148
cold,weekend,cold,Jeffery Blvd & 67th St,12
cold,weekend,cold,Jeffery Blvd & 71st St,13
cold,weekend,cold,Jeffery Blvd & 76th St,1
cold,weekend,cold,Karlov Ave & Armitage Ave,21
cold,weekend,cold,Karlov Ave & Fillmore St,1
cold,weekend,cold,Karlov Ave & Lawrence Ave,11
cold,weekend,cold,Karlov Ave & Madison St,2
cold,weekend,cold,Kedvale Ave & Peterson Ave,7
cold,weekend,cold,Kedzie Ave & 104th St,6
cold,weekend,cold,Kedzie Ave & 110th St,3
cold,weekend,cold,Kedzie Ave & 21st St,32
cold,weekend,cold,Kedzie Ave & 24th St,3
cold,weekend,cold,Kedzie Ave & 38th Pl,2
cold,weekend,cold,Kedzie Ave & 38th St,1
cold,weekend,cold,Kedzie Ave & 45th St,1
cold,weekend,cold,Kedzie Ave & 48th Pl,21
cold,weekend,cold,Kedzie Ave & 52nd St,1
cold,weekend,cold,Kedzie Ave & 54th Pl,8
cold,weekend,cold,Kedzie Ave & 57th St,12
cold,weekend,cold,Kedzie Ave & 60th St,5
cold,weekend,cold,Kedzie Ave & 66th Pl,2
cold,weekend,cold,Kedzie Ave & 73rd St,1
cold,weekend,cold,Kedzie Ave & 83rd St,2
cold,weekend,cold,Kedzie Ave & Archer Ave,3
cold,weekend,cold,Kedzie Ave & Armitage Ave,20
cold,weekend,cold,Kedzie Ave & Bryn Mawr Ave,13
cold,weekend,cold,Kedzie Ave & Chicago Ave,11
cold,weekend,cold,Kedzie Ave & Foster Ave,17
cold,weekend,cold,Kedzie Ave & George St,16
cold,weekend,cold,Kedzie Ave & Harrison St,3
cold,weekend,cold,Kedzie Ave & Jackson Blvd,3
cold,weekend,cold,Kedzie Ave & Lake St,6
cold,weekend,cold,Kedzie Ave & Leland Ave,71
cold,weekend,cold,Kedzie Ave & Milwaukee Ave,200
cold,weekend,cold,Kedzie Ave & Palmer Ct,79
cold,weekend,cold,Kedzie Ave & Redfield Dr,2
cold,weekend,cold,Kedzie Ave & Roosevelt Rd,1
cold,weekend,cold,Keeler Ave & Carmen Ave,9
cold,weekend,cold,Kenmore Ave & School St,16
cold,weekend,cold,Kenneth Ave & Lawrence Ave,12
cold,weekend,cold,Kenosha Ave & Wellington Ave,1
cold,weekend,cold,Kenwood Ave & 57th St,19
cold,weekend,cold,Keystone Ave & Fullerton Ave,15
cold,weekend,cold,Keystone Ave & Montrose Ave,12
cold,weekend,cold,Kilbourn Ave & 49th St,1
cold,weekend,cold,Kilbourn Ave & Belden Ave,18
cold,weekend,cold,Kilbourn Ave & Diversey Ave,11
cold,weekend,cold,Kilbourn Ave & Irving Park Rd,4
cold,weekend,cold,Kilbourn Ave & Milwaukee Ave,4
cold,weekend,cold,Kilbourn Ave & Roscoe St,8
cold,weekend,cold,Kildare Ave & 26th St,1
cold,weekend,cold,Kildare Ave & 47th St,1
cold,weekend,cold,Kildare Ave & 55th St,1
cold,weekend,cold,Kildare Ave & Archer Ave,1
cold,weekend,cold,Kildare Ave & Division St,1
cold,weekend,cold,Kildare Ave & Montrose Ave,19
cold,weekend,cold,Kildare Ave & North Ave,8
cold,weekend,cold,Kilpatrick Ave & Grand Ave,6
cold,weekend,cold,Kilpatrick Ave & Parker Ave,2
cold,weekend,cold,Kimball Ave & Belmont Ave,65
cold,weekend,cold,Kimbark Ave & 53rd St,396
cold,weekend,cold,Kingsbury St & Erie St,415
cold,weekend,cold,Kingsbury St & Kinzie St,971
cold,weekend,cold,Kingsbury St & Kinzie St 1,83
cold,weekend,cold,Kingsbury St & Kinzie St 2,53
cold,weekend,cold,Knox Ave & Marquette Ave,4
cold,weekend,cold,Knox Ave & Montrose Ave,16
cold,weekend,cold,Komensky Ave & 31st St,2
cold,weekend,cold,Komensky Ave & 47th St,6
cold,weekend,cold,Kosciuszko Park,53
cold,weekend,cold,Kostner Ave & 63rd St,3
cold,weekend,cold,Kostner Ave & Belmont Ave,9
cold,weekend,cold,Kostner Ave & Bryn Mawr Ave,7
cold,weekend,cold,Kostner Ave & Devon Ave,4
cold,weekend,cold,Kostner Ave & Lake St,1
cold,weekend,cold,Kostner Ave & Wrightwood Ave,10
cold,weekend,cold,La Villita Park,2
cold,weekend,cold,LaSalle Dr & Huron St,232
cold,weekend,cold,LaSalle St & Adams St,53
cold,weekend,cold,LaSalle St & Adams St Corral,2
cold,weekend,cold,LaSalle St & Calhoun Pl,5
cold,weekend,cold,LaSalle St & Calhoun Pl Corral,2
cold,weekend,cold,LaSalle St & Illinois St,387
cold,weekend,cold,LaSalle St & Jackson Blvd,66
cold,weekend,cold,LaSalle St & Jackson Blvd Corral,3
cold,weekend,cold,LaSalle St & Washington St,75
cold,weekend,cold,Laflin St & 115th St,1
cold,weekend,cold,Laflin St & Cullerton St,58
cold,weekend,cold,Lake Park Ave & 35th St,17
cold,weekend,cold,Lake Park Ave & 47th St,32
cold,weekend,cold,Lake Park Ave & 53rd St,143
cold,weekend,cold,Lake Park Ave & 56th St,139
cold,weekend,cold,Lakefront Trail & Bryn Mawr Ave,56
cold,weekend,cold,Lakefront Trail & Wilson Ave,30
cold,weekend,cold,Lakeview Ave & Fullerton Pkwy,274
cold,weekend,cold,Lamon Ave & 47th St,2
cold,weekend,cold,Lamon Ave & Armitage Ave,2
cold,weekend,cold,Lamon Ave & Belmont Ave,10
cold,weekend,cold,Laramie Ave & Addison St,2
cold,weekend,cold,Laramie Ave & Bloomingdale Ave,5
cold,weekend,cold,Laramie Ave & Irving Park Rd,32
cold,weekend,cold,Laramie Ave & Kinzie St,4
cold,weekend,cold,Larrabee St & Armitage Ave,161
cold,weekend,cold,Larrabee St & Clybourn Ave,13
cold,weekend,cold,Larrabee St & Division St,228
cold,weekend,cold,Larrabee St & Kingsbury St,212
cold,weekend,cold,Larrabee St & Kingsbury St 1,58
cold,weekend,cold,Larrabee St & Kingsbury St 2,14
cold,weekend,cold,Larrabee St & Menomonee St,73
cold,weekend,cold,Larrabee St & North Ave,90
cold,weekend,cold,Larrabee St & Oak St,175
cold,weekend,cold,Larrabee St & Webster Ave,258
cold,weekend,cold,Latrobe Ave & Chicago Ave,7
cold,weekend,cold,Lavergne Ave & 44th St,1
cold,weekend,cold,Lavergne Ave & 46th St,2
cold,weekend,cold,Lavergne Ave & Diversey Ave,6
cold,weekend,cold,Lavergne Ave & Division St,6
cold,weekend,cold,Lavergne Ave & Fullerton Ave,6
cold,weekend,cold,Lawler Ave & 50th St,1
cold,weekend,cold,Lawndale Ave & 111th St,1
cold,weekend,cold,Lawndale Ave & 16th St,1
cold,weekend,cold,Lawndale Ave & 30th St,7
cold,weekend,cold,Lawndale Ave & 59th St,6
cold,weekend,cold,Leamington Ave & Hirsch St,1
cold,weekend,cold,Leavitt St & Addison St,52
cold,weekend,cold,Leavitt St & Archer Ave,29
cold,weekend,cold,Leavitt St & Armitage Ave,116
cold,weekend,cold,Leavitt St & Augusta Blvd,17
cold,weekend,cold,Leavitt St & Belmont Ave,62
cold,weekend,cold,Leavitt St & Chicago Ave,99
cold,weekend,cold,Leavitt St & Division St,67
cold,weekend,cold,Leavitt St & Hirsch St,8
cold,weekend,cold,Leavitt St & Lawrence Ave,55
cold,weekend,cold,Leavitt St & North Ave,127
cold,weekend,cold,Leavitt St/North Ave,43
cold,weekend,cold,Leclaire Ave & Belmont Ave,6
cold,weekend,cold,Lexington St & California Ave,3
cold,weekend,cold,Lincoln Ave & Addison St,79
cold,weekend,cold,Lincoln Ave & Balmoral Ave,9
cold,weekend,cold,Lincoln Ave & Belle Plaine Ave,99
cold,weekend,cold,Lincoln Ave & Byron St,116
cold,weekend,cold,Lincoln Ave & Dickens Ave,26
cold,weekend,cold,Lincoln Ave & Diversey Pkwy,214
cold,weekend,cold,Lincoln Ave & Fullerton Ave,349
cold,weekend,cold,Lincoln Ave & Melrose St,268
cold,weekend,cold,Lincoln Ave & Montana St,23
cold,weekend,cold,Lincoln Ave & Peterson Ave,9
cold,weekend,cold,Lincoln Ave & Roscoe St*,176
cold,weekend,cold,Lincoln Ave & Sunnyside Ave,102
cold,weekend,cold,Lincoln Ave & Waveland Ave,149
cold,weekend,cold,Lincoln Ave & Winona St,60
cold,weekend,cold,Lincoln Park Conservatory,121
cold,weekend,cold,Lincolnwood Dr & Central St,6
cold,weekend,cold,Linder Ave & Montrose Ave,7
cold,weekend,cold,Lock St & 31st St,4
cold,weekend,cold,Lockwood Ave & Grand Ave,4
cold,weekend,cold,Lockwood Ave & Wrightwood Ave,10
cold,weekend,cold,Logan Blvd & Elston Ave,129
cold,weekend,cold,Long & Irving Park,4
cold,weekend,cold,Long Ave & Belmont Ave,3
cold,weekend,cold,Long Ave & Diversey Ave,3
cold,weekend,cold,Long Ave & North Ave,2
cold,weekend,cold,Loomis Blvd & 84th St,1
cold,weekend,cold,Loomis St & 89th St,1
cold,weekend,cold,Loomis St & 95th St,1
cold,weekend,cold,Loomis St & Archer Ave,29
cold,weekend,cold,Loomis St & Jackson Blvd,62
cold,weekend,cold,Loomis St & Lexington St,344
cold,weekend,cold,Loomis St & Lexington St*,35
cold,weekend,cold,Lowell Ave & Armitage Ave,17
cold,weekend,cold,Lynch Ave & Elston Ave,2
cold,weekend,cold,MLK Jr Dr & 29th St,178
cold,weekend,cold,MLK Jr Dr & 47th St,5
cold,weekend,cold,MLK Jr Dr & 56th St,5
cold,weekend,cold,MLK Jr Dr & 63rd St,4
cold,weekend,cold,MLK Jr Dr & 83rd St,5
cold,weekend,cold,MLK Jr Dr & Pershing Rd,24
cold,weekend,cold,Major Ave & Addison St,5
cold,weekend,cold,Major Taylor Trail & 115th St,1
cold,weekend,cold,Major Taylor Trail & 124th St,1
cold,weekend,cold,Malcolm X College,46
cold,weekend,cold,Malden St & Wilson Ave,24
cold,weekend,cold,Mango Ave & Diversey Ave,1
cold,weekend,cold,Mango Ave & Grand Ave,1
cold,weekend,cold,Mango Ave & North Ave,5
cold,weekend,cold,Manistee Ave & 95th St,1
cold,weekend,cold,Manor Ave & Leland Ave,29
cold,weekend,cold,Maplewood Ave & 59th St,2
cold,weekend,cold,Maplewood Ave & Peterson Ave,25
cold,weekend,cold,Marine Dr & Ainslie St,137
cold,weekend,cold,Marmora Ave & Belmont Ave,2
cold,weekend,cold,Marmora Ave & Irving Park Rd,19
cold,weekend,cold,Marquette Ave & 89th St,1
cold,weekend,cold,Marshfield Ave & 44th St,10
cold,weekend,cold,Marshfield Ave & Diversey Pkwy,9
cold,weekend,cold,Marshfield Ave & Wabansia Ave,4
cold,weekend,cold,Martin Luther King Dr & 111th St,1
cold,weekend,cold,Martin Luther King Dr & 87th St,1
cold,weekend,cold,Mason Ave & Belmont Ave,2
cold,weekend,cold,Mason Ave & Grand Ave,1
cold,weekend,cold,Mason Ave & Montrose Ave,2
cold,weekend,cold,May St & 69th St,1
cold,weekend,cold,May St & Cullerton St,39
cold,weekend,cold,May St & Hubbard St,27
cold,weekend,cold,May St & Taylor St,189
cold,weekend,cold,McClurg Ct & Erie St,229
cold,weekend,cold,McClurg Ct & Ohio St,402
cold,weekend,cold,McCormick Blvd & Devon Ave,12
cold,weekend,cold,McCormick Place,75
cold,weekend,cold,Meade Ave & Addison St,2
cold,weekend,cold,Meade Ave & Diversey Ave,1
cold,weekend,cold,Meade Ave & Fullerton Ave,7
cold,weekend,cold,Melvina Ave & Giddings Ave,5
cold,weekend,cold,Menard Ave & Lawrence Ave,5
cold,weekend,cold,Menard Ave & Milwaukee Ave,1
cold,weekend,cold,Menard Ave & North Ave,1
cold,weekend,cold,Merrimac Park,10
cold,weekend,cold,Michigan Ave & 105th St,1
cold,weekend,cold,Michigan Ave & 11th St,41
cold,weekend,cold,Michigan Ave & 14th St,206
cold,weekend,cold,Michigan Ave & 18th St,133
cold,weekend,cold,Michigan Ave & 71st St,1
cold,weekend,cold,Michigan Ave & 8th St,190
cold,weekend,cold,Michigan Ave & Ida B Wells Dr,104
cold,weekend,cold,Michigan Ave & Jackson Blvd,124
cold,weekend,cold,Michigan Ave & Lake St,213
cold,weekend,cold,Michigan Ave & Madison St,135
cold,weekend,cold,Michigan Ave & Oak St,238
cold,weekend,cold,Michigan Ave & Pearson St,152
cold,weekend,cold,Michigan Ave & Washington St,277
cold,weekend,cold,Midway Orange Line,13
cold,weekend,cold,Mies van der Rohe Way & Chestnut St,313
cold,weekend,cold,Mies van der Rohe Way & Chicago Ave,237
cold,weekend,cold,Millard Ave & 26th St,12
cold,weekend,cold,Millennium Park,327
cold,weekend,cold,Milwaukee Ave & Agatite Ave,13
cold,weekend,cold,Milwaukee Ave & Ainslie St,27
cold,weekend,cold,Milwaukee Ave & Armitage Ave,36
cold,weekend,cold,Milwaukee Ave & Cuyler Ave,15
cold,weekend,cold,Milwaukee Ave & Diversey Ave,5
cold,weekend,cold,Milwaukee Ave & Fullerton Ave,89
cold,weekend,cold,Milwaukee Ave & Grand Ave,260
cold,weekend,cold,Milwaukee Ave & Highland Ave,1
cold,weekend,cold,Milwaukee Ave & Rockwell St,73
cold,weekend,cold,Milwaukee Ave & The 606,60
cold,weekend,cold,Milwaukee Ave & Wabansia Ave,168
cold,weekend,cold,Milwaukee Ave & Wabansia Ave*,24
cold,weekend,cold,Monticello Ave & Chicago Ave,3
cold,weekend,cold,Monticello Ave & Irving Park Rd,58
cold,weekend,cold,Monticello Ave & Lawrence Ave,14
cold,weekend,cold,Montrose Harbor,70
cold,weekend,cold,Morgan Ave & 14th Pl,58
cold,weekend,cold,Morgan St & 18th St,119
cold,weekend,cold,Morgan St & 31st St,81
cold,weekend,cold,Morgan St & Hubbard St,10
cold,weekend,cold,Morgan St & Lake St*,231
cold,weekend,cold,Morgan St & Pershing Rd,2
cold,weekend,cold,Morgan St & Polk St,199
cold,weekend,cold,Mozart St & 55th St,7
cold,weekend,cold,Mozart St & 79th St,1
cold,weekend,cold,Mozart St & Jackson Blvd,7
cold,weekend,cold,Mulligan Ave & Archer Ave,4
cold,weekend,cold,N Carpenter St & W Lake St,22
cold,weekend,cold,N Clark St & W Elm St,25
cold,weekend,cold,N Damen Ave & W Chicago Ave,30
cold,weekend,cold,N Green St & W Lake St,53
cold,weekend,cold,N Paulina St & Lincoln Ave,17
cold,weekend,cold,N Shore Channel Trail & Argyle St,8
cold,weekend,cold,N Southport Ave & W Newport Ave,35
cold,weekend,cold,NEW HASTINGS,1
cold,weekend,cold,Nagle Ave & Belmont Ave,3
cold,weekend,cold,Narragansett Ave & McLean Ave,1
cold,weekend,cold,Narragansett Ave & Montrose Ave,5
cold,weekend,cold,Narragansett Ave & North Ave,10
cold,weekend,cold,Narragansett Ave & School St,4
cold,weekend,cold,Narragansett Ave & Wrightwood Ave,10
cold,weekend,cold,Navy Pier,114
cold,weekend,cold,New St & Illinois St,449
cold,weekend,cold,Newcastle Ave & Irving Park Rd,1
cold,weekend,cold,Noble St & Milwaukee Ave,140
cold,weekend,cold,Noble St & Ohio St,26
cold,weekend,cold,Noble St & Potomac Ave,17
cold,weekend,cold,Nordica Ave & Medill Ave,1
cold,weekend,cold,Normal Ave & Archer Ave,31
cold,weekend,cold,North Ave & New England Ave,1
cold,weekend,cold,North Boundary Park,7
cold,weekend,cold,Oak Park & Wellington,3
cold,weekend,cold,Oakley Ave & Irving Park Rd,42
cold,weekend,cold,Oakley Ave & Lyndale St,8
cold,weekend,cold,Oakley Ave & Touhy Ave,13
cold,weekend,cold,Oconto Ave & Belmont Ave,4
cold,weekend,cold,Ogden Ave & Chicago Ave,201
cold,weekend,cold,Ogden Ave & Congress Pkwy,65
cold,weekend,cold,Ogden Ave & Race Ave,117
cold,weekend,cold,Ogden Ave & Roosevelt Rd,24
cold,weekend,cold,Oglesby Ave & 100th St,2
cold,weekend,cold,Oketo Ave & Addison St,1
cold,weekend,cold,Orleans St & Chestnut St (NEXT Apts),150
cold,weekend,cold,Orleans St & Elm St,105
cold,weekend,cold,Orleans St & Hubbard St,178
cold,weekend,cold,Orleans St & Merchandise Mart Plaza,200
cold,weekend,cold,Overhill Ave & Belmont Ave,2
cold,weekend,cold,Parnell Ave & 127th St,1
cold,weekend,cold,Parnell Ave & 31st St,2
cold,weekend,cold,Paulina Ave & 87th St,3
cold,weekend,cold,Paulina Ave & North Ave,97
cold,weekend,cold,Paulina St & 18th St,118
cold,weekend,cold,Paulina St & Adams St,6
cold,weekend,cold,Paulina St & Cortland St,21
cold,weekend,cold,Paulina St & Division St,74
cold,weekend,cold,Paulina St & Flournoy St,86
cold,weekend,cold,Paulina St & Howard St,47
cold,weekend,cold,Paulina St & Montrose Ave,122
cold,weekend,cold,Peoria St & Jackson Blvd,242
cold,weekend,cold,Peoria St & Kinzie St,16
cold,weekend,cold,Perry Ave & 69th St,4
cold,weekend,cold,Pershing Rd & Sacramento Ave,7
cold,weekend,cold,Peterson/Ridge Metra,36
cold,weekend,cold,Phillips Ave & 79th St,3
cold,weekend,cold,Phillips Ave & 83rd St,1
cold,weekend,cold,Pine Ave & Division St,2
cold,weekend,cold,Pine Grove Ave & Irving Park Rd,275
cold,weekend,cold,Pine Grove Ave & Waveland Ave,268
cold,weekend,cold,Pine Grove Ave & Wellington Ave,27
cold,weekend,cold,Ping Tom Park (East),22
cold,weekend,cold,Plainfield & Irving Park,2
cold,weekend,cold,Portage Park,6
cold,weekend,cold,Prairie Ave & 43rd St,8
cold,weekend,cold,Prairie Ave & Garfield Blvd,21
cold,weekend,cold,Princeton Ave & 47th St,12
cold,weekend,cold,Princeton Ave & 95th St,3
cold,weekend,cold,Princeton Ave & Garfield Blvd,7
cold,weekend,cold,Prospect Sq & 91st St,1
cold,weekend,cold,Public Rack - 10101 S Stony Island Ave,1
cold,weekend,cold,Public Rack - Al Raby School,1
cold,weekend,cold,Public Rack - Austin Blvd & North Ave,2
cold,weekend,cold,Public Rack - Avenue J & 106th St,1
cold,weekend,cold,Public Rack - Avers Ave & Irving Park Rd,6
cold,weekend,cold,Public Rack - Avondale Ave & Addison St,1
cold,weekend,cold,Public Rack - Brandon Ave & 91st St,1
cold,weekend,cold,Public Rack - California Ave & Cortez St,3
cold,weekend,cold,Public Rack - California Ave & Devon Ave - NE,1
cold,weekend,cold,Public Rack - California Ave & Devon Ave - NW,1
cold,weekend,cold,Public Rack - California Ave & Pershing Rd,1
cold,weekend,cold,Public Rack - California Ave & Touhy Ave - SW,1
cold,weekend,cold,Public Rack - Calumet Ave & 71st St,1
cold,weekend,cold,Public Rack - Campbell Ave & Pratt Blvd,2
cold,weekend,cold,Public Rack - Central Ave & Lawrence Ave,1
cold,weekend,cold,Public Rack - Central Park & Peterson,1
cold,weekend,cold,Public Rack - Central Park Ave & Fillmore St,1
cold,weekend,cold,Public Rack - Christiana & Lincoln,1
cold,weekend,cold,Public Rack - Christiana Ave & Belmont Ave,6
cold,weekend,cold,Public Rack - Christiana Ave & Lawrence Ave,1
cold,weekend,cold,Public Rack - Cicero Ave & Belle Plaine Ave,2
cold,weekend,cold,Public Rack - Cicero Ave & North Ave,1
cold,weekend,cold,Public Rack - Damen Ave & 47th St,1
cold,weekend,cold,Public Rack - Delphina & Foster,1
cold,weekend,cold,Public Rack - Drake Ave & Leland Ave,1
cold,weekend,cold,Public Rack - Evans Ave & 63rd St,1
cold,weekend,cold,Public Rack - Foster Ave & Drake Ave,1
cold,weekend,cold,Public Rack - Fullerton Ave & Narragansett Ave,1
cold,weekend,cold,Public Rack - Halsted St & 95th St - SE,1
cold,weekend,cold,Public Rack - Hamlin Ave & Fullerton Ave,3
cold,weekend,cold,Public Rack - Hamlin Ave & Montrose Ave,11
cold,weekend,cold,Public Rack - Harlem and W. 59th,1
cold,weekend,cold,Public Rack - Harold Washington Park,9
cold,weekend,cold,Public Rack - Harvey Ave & North Ave,1
cold,weekend,cold,Public Rack - Holbrook St & Milwaukee Ave,2
cold,weekend,cold,Public Rack - Hollywood Park,1
cold,weekend,cold,Public Rack - Hyde Park Blvd & 53rd St,9
cold,weekend,cold,Public Rack - Hyde Park Blvd & 55th St,10
cold,weekend,cold,Public Rack - Irving Park Rd & Austin Ave,1
cold,weekend,cold,Public Rack - Jeffery Blvd & 67th St,1
cold,weekend,cold,Public Rack - Jeffrey Blvd & 71st St,1
cold,weekend,cold,Public Rack - Jensen Park,1
cold,weekend,cold,Public Rack - Jonathan Y Scammon Public School,3
cold,weekend,cold,Public Rack - Justine St & 87th St,2
cold,weekend,cold,Public Rack - Karlov Ave & Lawrence Ave,1
cold,weekend,cold,Public Rack - Karlov Ave & Milwaukee Ave,1
cold,weekend,cold,Public Rack - Keating & Peterson,13
cold,weekend,cold,Public Rack - Kedvale Ave & 63rd St W,3
cold,weekend,cold,Public Rack - Kedzie Ave & 54th St - SE,1
cold,weekend,cold,Public Rack - Kedzie Ave & 64th St - SE,1
cold,weekend,cold,Public Rack - Kedzie Ave & Argyle St,9
cold,weekend,cold,Public Rack - Kenneth & Carmen,5
cold,weekend,cold,Public Rack - Kenton Ave & Palmer St,2
cold,weekend,cold,Public Rack - Keystone Ave & Irving Park Rd,1
cold,weekend,cold,Public Rack - Keystone Ave & North Ave,2
cold,weekend,cold,Public Rack - Kildare Ave & North Ave,2
cold,weekend,cold,Public Rack - Kilpatrick & Elston,1
cold,weekend,cold,Public Rack - Kimball & Ardmore,6
cold,weekend,cold,Public Rack - Kimball Ave & Carmen Ave,1
cold,weekend,cold,Public Rack - King Dr & Oakwood Blvd,1
cold,weekend,cold,Public Rack - Kingston Ave & 75th St,2
cold,weekend,cold,Public Rack - Komensky Ave & 59th St,2
cold,weekend,cold,Public Rack - Komensky Ave & 63rd St,1
cold,weekend,cold,Public Rack - Kostner & Bryn Mawr,4
cold,weekend,cold,Public Rack - Kostner Ave & Armitage Ave,3
cold,weekend,cold,Public Rack - Lafayette Ave & 95th St,1
cold,weekend,cold,Public Rack - Langley Ave & 49th St,5
cold,weekend,cold,Public Rack - Langley Ave & Oakwood Blvd,1
cold,weekend,cold,Public Rack - Lawndale Ave & Diversey Ave,1
cold,weekend,cold,Public Rack - Leader & Caldwell,1
cold,weekend,cold,Public Rack - Leclaire Ave & Division St,2
cold,weekend,cold,Public Rack - Lockwood Ave & Diversey Ave,1
cold,weekend,cold,Public Rack - Lorel Ave & Grand Ave,2
cold,weekend,cold,Public Rack - Lowell Ave & Elston Ave,4
cold,weekend,cold,Public Rack - Melvina & Foster,1
cold,weekend,cold,Public Rack - Menard Ave & Belmont Ave,1
cold,weekend,cold,Public Rack - Menard Ave & Dakin St - midblock,2
cold,weekend,cold,Public Rack - Miami Ave & Milwaukee Ave,2
cold,weekend,cold,Public Rack - Milwaukee Ave & Addison St,1
cold,weekend,cold,Public Rack - Milwaukee Ave & Catalpa Ave,1
cold,weekend,cold,Public Rack - Milwaukee Ave & Diversey Ave,8
cold,weekend,cold,Public Rack - Milwaukee Ave & Haussen Ct,1
cold,weekend,cold,Public Rack - Milwaukee Ave & Higgins Ave,1
cold,weekend,cold,Public Rack - Milwaukee Ave & Kennedy Expy,1
cold,weekend,cold,Public Rack - Milwaukee Ave & Pensacola Ave,1
cold,weekend,cold,Public Rack - Monticello Ave & Belmont Ave,1
cold,weekend,cold,Public Rack - Mulligan & Northwest Hwy,2
cold,weekend,cold,Public Rack - Nagel & Higgins,1
cold,weekend,cold,Public Rack - Natoma Ave & Bryn Mawr Ave,4
cold,weekend,cold,Public Rack - Oak Park Ave & Foster Ave,1
cold,weekend,cold,Public Rack - Olmstead Ave & Oliphant Ave,3
cold,weekend,cold,Public Rack - Ozanam Ave & Devon Ave,1
cold,weekend,cold,Public Rack - Ozark Ave & Addison St,1
cold,weekend,cold,Public Rack - Parkside & 63rd,1
cold,weekend,cold,Public Rack - Penn Elementary School / KIPP Ascend Middle School,5
cold,weekend,cold,Public Rack - Peterson Ave & Drake Ave,2
cold,weekend,cold,Public Rack - Peterson Park,1
cold,weekend,cold,Public Rack - Prairie Ave & Garfield Blvd N,1
cold,weekend,cold,Public Rack - Pulaski Rd & 44th St,4
cold,weekend,cold,Public Rack - Pulaski Rd & Armitage Ave,1
cold,weekend,cold,Public Rack - Racine Ave & 83rd St,1
cold,weekend,cold,Public Rack - Rockwell & Division,3
cold,weekend,cold,Public Rack - Rockwell Ave & Touhy Ave,2
cold,weekend,cold,Public Rack - Rutherford Ave & Belmont Ave,1
cold,weekend,cold,Public Rack - Sacramento Ave & Devon Ave,2
cold,weekend,cold,Public Rack - Sawyer Ave & Bryn Mawr Ave - SE,1
cold,weekend,cold,Public Rack - Sawyer Ave & Lawrence Ave,1
cold,weekend,cold,Public Rack - South Shore Dr & 71st St,4
cold,weekend,cold,Public Rack - Spaulding Ave & Bryn Mawr Ave,2
cold,weekend,cold,Public Rack - Spaulding Ave & Evergreen Ave,1
cold,weekend,cold,Public Rack - Spaulding Ave & North Ave,4
cold,weekend,cold,Public Rack - Springfield & 71st,1
cold,weekend,cold,Public Rack - Springfield Ave & Lawrence Ave,1
cold,weekend,cold,Public Rack - St Louis Ave & Berteau Ave,1
cold,weekend,cold,Public Rack - St Louis Ave & Flournoy St,1
cold,weekend,cold,Public Rack - State ST & 42nd St,2
cold,weekend,cold,Public Rack - Talman Ave & 51st St,3
cold,weekend,cold,Public Rack - Walden Pkwy & 103rd St,2
cold,weekend,cold,Public Rack - Washtenaw Ave & Devon Ave,7
cold,weekend,cold,Public Rack - Washtenaw Ave & Superior St,16
cold,weekend,cold,Public Rack - Western Ave & 47th Pl,3
cold,weekend,cold,Public Rack - Western Ave & 92nd Pl,2
cold,weekend,cold,Public Rack - Western Ave & Devon Ave,3
cold,weekend,cold,Public Rack - Western Ave & Jarvis Ave,1
cold,weekend,cold,Public Rack - Western Blvd & 49th St,3
cold,weekend,cold,Public Rack - Whipple St & 63rd St,1
cold,weekend,cold,Public Rack - Woodlawn Ave & 63rd St N,18
cold,weekend,cold,Public Rack - Woodlawn Ave & 63rd St S,10
cold,weekend,cold,Pulaski Rd & 51st St,21
cold,weekend,cold,Pulaski Rd & 54th St,3
cold,weekend,cold,Pulaski Rd & 60th Pl,2
cold,weekend,cold,Pulaski Rd & 68th St,7
cold,weekend,cold,Pulaski Rd & 84th St,1
cold,weekend,cold,Pulaski Rd & Ann Lurie Pl,6
cold,weekend,cold,Pulaski Rd & Congress Pkwy,2
cold,weekend,cold,Pulaski Rd & Eddy St,4
cold,weekend,cold,Pulaski Rd & Lake St,4
cold,weekend,cold,Racine Ave & 115th St,1
cold,weekend,cold,Racine Ave & 13th St,20
cold,weekend,cold,Racine Ave & 15th St,47
cold,weekend,cold,Racine Ave & 18th St,154
cold,weekend,cold,Racine Ave & 35th St,20
cold,weekend,cold,Racine Ave & 57th St,1
cold,weekend,cold,Racine Ave & 61st St,1
cold,weekend,cold,Racine Ave & 65th St,2
cold,weekend,cold,Racine Ave & Belmont Ave,213
cold,weekend,cold,Racine Ave & Broadway,23
cold,weekend,cold,Racine Ave & Congress Pkwy,116
cold,weekend,cold,Racine Ave & Fullerton Ave,249
cold,weekend,cold,Racine Ave & Randolph St,52
cold,weekend,cold,Racine Ave & Washington Blvd,104
cold,weekend,cold,Racine Ave & Webster Ave,16
cold,weekend,cold,Racine Ave & Wrightwood Ave,156
cold,weekend,cold,Racine/Eddy Corral,3
cold,weekend,cold,Rainbow - Beach,1
cold,weekend,cold,Ravenswood Ave & Berteau Ave,101
cold,weekend,cold,Ravenswood Ave & Irving Park Rd,104
cold,weekend,cold,Ravenswood Ave & Lawrence Ave,303
cold,weekend,cold,Rhodes Ave & 32nd St,129
cold,weekend,cold,Rhodes Ave & 71st St,1
cold,weekend,cold,Richmond St & 59th St,9
cold,weekend,cold,Richmond St & Diversey Ave,48
cold,weekend,cold,Richmond St & Lincoln Ave,7
cold,weekend,cold,Ridge Blvd & Howard St,18
cold,weekend,cold,Ridge Blvd & Touhy Ave,15
cold,weekend,cold,Ritchie Ct & Banks St,192
cold,weekend,cold,Rockwell Ave & Logan Blvd,9
cold,weekend,cold,Rockwell St & 47th St,4
cold,weekend,cold,Rockwell St & 57th St,1
cold,weekend,cold,Rockwell St & 63rd St,1
cold,weekend,cold,Rockwell St & Archer Ave,22
cold,weekend,cold,Rockwell St & Cermak Rd,10
cold,weekend,cold,Rockwell St & Eastwood Ave,58
cold,weekend,cold,Rockwell St & Fletcher St,24
cold,weekend,cold,Rockwell/Irving Park Hub,3
cold,weekend,cold,Rush St & Cedar St,312
cold,weekend,cold,Rush St & Hubbard St,170
cold,weekend,cold,Rush St & Illinois St,28
cold,weekend,cold,Rush St & Superior St,237
cold,weekend,cold,SCOOTERS CLASSIC - 2132 W Hubbard ST,3
cold,weekend,cold,Sacramento Ave & 51st St,1
cold,weekend,cold,Sacramento Ave & Linden Pl,5
cold,weekend,cold,Sacramento Ave & Lunt Ave,2
cold,weekend,cold,Sacramento Ave & Lyndale St,2
cold,weekend,cold,Sacramento Ave & Pratt Blvd,5
cold,weekend,cold,Sacramento Blvd & Addison St,12
cold,weekend,cold,Sacramento Blvd & Fulton Ave,17
cold,weekend,cold,Sangamon St & Adams St,19
cold,weekend,cold,Sangamon St & Lake St,192
cold,weekend,cold,Sangamon St & Washington Blvd,147
cold,weekend,cold,Sawyer Ave & Fullerton Ave,6
cold,weekend,cold,Sawyer Ave & Irving Park Rd,24
cold,weekend,cold,Sayre Ave & Diversey Ave,2
cold,weekend,cold,Scottsdale Park,2
cold,weekend,cold,Sedgwick St & Chicago Ave,16
cold,weekend,cold,Sedgwick St & Huron St,266
cold,weekend,cold,Sedgwick St & North Ave,194
cold,weekend,cold,Sedgwick St & North Ave*,17
cold,weekend,cold,Sedgwick St & Schiller St,76
cold,weekend,cold,Sedgwick St & Webster Ave,228
cold,weekend,cold,Seeley Ave & Garfield Blvd,1
cold,weekend,cold,Seeley Ave & Roscoe St,98
cold,weekend,cold,Seminary Ave & Belden Ave,2
cold,weekend,cold,Shabbona Park,8
cold,weekend,cold,Shedd Aquarium,330
cold,weekend,cold,Sheffield Ave & Addison St,77
cold,weekend,cold,Sheffield Ave & Fletcher St,6
cold,weekend,cold,Sheffield Ave & Fullerton Ave,264
cold,weekend,cold,Sheffield Ave & Fullerton Ave*,38
cold,weekend,cold,Sheffield Ave & Kingsbury St,253
cold,weekend,cold,Sheffield Ave & Kingsbury St*,21
cold,weekend,cold,Sheffield Ave & Waveland Ave,232
cold,weekend,cold,Sheffield Ave & Webster Ave,365
cold,weekend,cold,Sheffield Ave & Wellington Ave,190
cold,weekend,cold,Sheffield Ave & Willow St,186
cold,weekend,cold,Sheffield Ave & Wrightwood Ave,213
cold,weekend,cold,Sheffield/Cornelia Corral,3
cold,weekend,cold,Sheffield/Newport Corral,8
cold,weekend,cold,Sheridan Rd & Argyle St,169
cold,weekend,cold,Sheridan Rd & Berwyn Ave,21
cold,weekend,cold,Sheridan Rd & Buena Ave,214
cold,weekend,cold,Sheridan Rd & Columbia Ave,41
cold,weekend,cold,Sheridan Rd & Greenleaf Ave,47
cold,weekend,cold,Sheridan Rd & Irving Park Rd,317
cold,weekend,cold,Sheridan Rd & Lawrence Ave,98
cold,weekend,cold,Sheridan Rd & Loyola Ave,68
cold,weekend,cold,Sheridan Rd & Montrose Ave,315
cold,weekend,cold,Sheridan Rd & Noyes St (NU),132
cold,weekend,cold,Shields Ave & 28th Pl,60
cold,weekend,cold,Shields Ave & 31st St,95
cold,weekend,cold,Shields Ave & 43rd St,9
cold,weekend,cold,Shields Ave & 57th St,1
cold,weekend,cold,Shore Dr & 53rd St,6
cold,weekend,cold,Shore Dr & 55th St,182
cold,weekend,cold,Smith Park,23
cold,weekend,cold,South Chicago Ave & 83rd St,4
cold,weekend,cold,South Chicago Ave & Elliot Ave,1
cold,weekend,cold,South Shore Dr & 67th St,12
cold,weekend,cold,South Shore Dr & 71st St,19
cold,weekend,cold,South Shore Dr & 74th St,6
cold,weekend,cold,Southport Ave & Belmont Ave,169
cold,weekend,cold,Southport Ave & Clark St,72
cold,weekend,cold,Southport Ave & Clybourn Ave,116
cold,weekend,cold,Southport Ave & Grace St,37
cold,weekend,cold,Southport Ave & Irving Park Rd,167
cold,weekend,cold,Southport Ave & Roscoe St,323
cold,weekend,cold,Southport Ave & Waveland Ave,369
cold,weekend,cold,Southport Ave & Waveland Ave*,42
cold,weekend,cold,Southport Ave & Wellington Ave,250
cold,weekend,cold,Southport Ave & Wrightwood Ave,193
cold,weekend,cold,Southport Ave & Wrightwood Ave*,19
cold,weekend,cold,Spaulding Ave & 16th St,1
cold,weekend,cold,Spaulding Ave & 63rd,2
cold,weekend,cold,Spaulding Ave & Armitage Ave,101
cold,weekend,cold,Spaulding Ave & Division St,32
cold,weekend,cold,Spaulding Ave & Milwaukee Ave,10
cold,weekend,cold,Springfield Ave & 47th St,1
cold,weekend,cold,Springfield Ave & 71st St,4
cold,weekend,cold,Springfield Ave & 80th St,1
cold,weekend,cold,Springfield Ave & North Ave,2
cold,weekend,cold,St Clair St & Ohio St,48
cold,weekend,cold,St Louis Ave & 51st St,2
cold,weekend,cold,St Louis Ave & 59th St,6
cold,weekend,cold,St Louis Ave & Foster Ave,11
cold,weekend,cold,St Louis Ave & Norman Bobbins Pl,1
cold,weekend,cold,St. Clair St & Erie St,285
cold,weekend,cold,St. Clair St & Erie St 1,12
cold,weekend,cold,St. Clair St & Erie St 2,15
cold,weekend,cold,St. Louis & 71st St,4
cold,weekend,cold,St. Louis Ave & Balmoral Ave,10
cold,weekend,cold,St. Louis Ave & Fullerton Ave,70
cold,weekend,cold,State St & 123rd St,1
cold,weekend,cold,State St & 127th St,1
cold,weekend,cold,State St & 19th St,30
cold,weekend,cold,State St & 29th St,19
cold,weekend,cold,State St & 33rd St,246
cold,weekend,cold,State St & 35th St,81
cold,weekend,cold,State St & 45th St,2
cold,weekend,cold,State St & 54th St,5
cold,weekend,cold,State St & 76th St,1
cold,weekend,cold,State St & 79th St,7
cold,weekend,cold,State St & 95th St,4
cold,weekend,cold,State St & Chicago Ave,787
cold,weekend,cold,State St & Harrison St,112
cold,weekend,cold,State St & Kinzie St,193
cold,weekend,cold,State St & Pearson St,136
cold,weekend,cold,State St & Pershing Rd,6
cold,weekend,cold,State St & Randolph St,302
cold,weekend,cold,State St & Van Buren St,116
cold,weekend,cold,Stave St & Armitage Ave,106
cold,weekend,cold,Steelworkers Park,1
cold,weekend,cold,Stetson Ave & South Water St,122
cold,weekend,cold,Stewart Ave & 123rd St,1
cold,weekend,cold,Stewart Ave & 63rd St,2
cold,weekend,cold,Stewart Ave & 83rd St,5
cold,weekend,cold,Stockton Dr & Wrightwood Ave,192
cold,weekend,cold,Stony Island Ave & 63rd St,16
cold,weekend,cold,Stony Island Ave & 64th St,1
cold,weekend,cold,Stony Island Ave & 67th St,6
cold,weekend,cold,Stony Island Ave & 71st St,9
cold,weekend,cold,Stony Island Ave & 75th St,23
cold,weekend,cold,Stony Island Ave & 82nd St,1
cold,weekend,cold,Stony Island Ave & 90th St,1
cold,weekend,cold,Stony Island Ave & South Chicago Ave,1
cold,weekend,cold,Streeter Dr & Grand Ave,346
cold,weekend,cold,Streeter Dr/Grand Ave,40
cold,weekend,cold,Talman Ave & Addison St,88
cold,weekend,cold,The Salt Shed,19
cold,weekend,cold,Theater on the Lake,126
cold,weekend,cold,Throop St & 52nd St,2
cold,weekend,cold,Throop St & Taylor St,154
cold,weekend,cold,Torrence Ave & 106th St,1
cold,weekend,cold,Torrence Ave & 126th Pl,2
cold,weekend,cold,Tripp Ave & 31st St,1
cold,weekend,cold,Tripp Ave & 65th St,3
cold,weekend,cold,Troy St & Elston Ave,77
cold,weekend,cold,Troy St & Grace St,2
cold,weekend,cold,Troy St & Jackson Blvd,1
cold,weekend,cold,Troy St & North Ave,38
cold,weekend,cold,Union Ave & Root St,7
cold,weekend,cold,University Ave & 57th St,875
cold,weekend,cold,University Ave & 59th St,163
cold,weekend,cold,University Ave & 65th St,11
cold,weekend,cold,University Library (NU),73
cold,weekend,cold,Valli Produce - Evanston Plaza,17
cold,weekend,cold,Vernon Ave & 75th St,2
cold,weekend,cold,Vernon Ave & 79th St,6
cold,weekend,cold,Vincennes Ave & 107th St,1
cold,weekend,cold,Vincennes Ave & 75th St,2
cold,weekend,cold,Vincennes Ave & 79th St,1
cold,weekend,cold,Virginia Ave & Catalpa Ave,3
cold,weekend,cold,W 103rd St & S Avers Ave,1
cold,weekend,cold,W Armitage Ave & N Sheffield Ave,78
cold,weekend,cold,W Washington Blvd & N Peoria St,18
cold,weekend,cold,Wabash Ave & 16th St,114
cold,weekend,cold,Wabash Ave & 49th St,1
cold,weekend,cold,Wabash Ave & 59th St,4
cold,weekend,cold,Wabash Ave & 83rd St,1
cold,weekend,cold,Wabash Ave & 87th St,4
cold,weekend,cold,Wabash Ave & 9th St,269
cold,weekend,cold,Wabash Ave & Adams St,152
cold,weekend,cold,Wabash Ave & Cermak Rd,67
cold,weekend,cold,Wabash Ave & Grand Ave,499
cold,weekend,cold,Wabash Ave & Jackson Blvd,26
cold,weekend,cold,Wabash Ave & Roosevelt Rd,372
cold,weekend,cold,Wabash Ave & Wacker Pl,153
cold,weekend,cold,Wabash Ave & Washington St,56
cold,weekend,cold,Wacker Dr & Randolph St,12
cold,weekend,cold,Wacker Dr & Washington St,102
cold,weekend,cold,Walden Pkwy & 100th St,1
cold,weekend,cold,Wallace St & 28th St,7
cold,weekend,cold,Wallace St & 35th St,43
cold,weekend,cold,Wallace St & Pershing Rd,11
cold,weekend,cold,Walsh Park,91
cold,weekend,cold,Warren Park East,27
cold,weekend,cold,Warren Park West,33
cold,weekend,cold,Washtenaw Ave & Lawrence Ave,41
cold,weekend,cold,Washtenaw Ave & Ogden Ave,6
cold,weekend,cold,Washtenaw Ave & Peterson Ave,6
cold,weekend,cold,Washtenaw Ave & Polk St,1
cold,weekend,cold,Waveland/Racine Corral,1
cold,weekend,cold,Waveland/Wilton Corral,1
cold,weekend,cold,Wells St & 19th St,15
cold,weekend,cold,Wells St & Concord Ln,722
cold,weekend,cold,Wells St & Elm St,676
cold,weekend,cold,Wells St & Evergreen Ave,321
cold,weekend,cold,Wells St & Hubbard St,431
cold,weekend,cold,Wells St & Huron St,509
cold,weekend,cold,Wells St & Institute Pl,161
cold,weekend,cold,Wells St & Madison St,11
cold,weekend,cold,Wells St & Polk St,244
cold,weekend,cold,Wells St & Randolph St,120
cold,weekend,cold,Wells St & Randolph St Corral,5
cold,weekend,cold,Wells St & Walton St,291
cold,weekend,cold,Wells St & Washington St,15
cold,weekend,cold,Wentworth Ave & 24th St,39
cold,weekend,cold,Wentworth Ave & 33rd St,45
cold,weekend,cold,Wentworth Ave & 35th St,37
cold,weekend,cold,Wentworth Ave & 63rd St,6
cold,weekend,cold,Wentworth Ave & Cermak Rd,29
cold,weekend,cold,Wentworth Ave & Cermak Rd*,155
cold,weekend,cold,Western Ave & 101st St,1
cold,weekend,cold,Western Ave & 104th St,1
cold,weekend,cold,Western Ave & 111th St,4
cold,weekend,cold,Western Ave & 21st St,44
cold,weekend,cold,Western Ave & 24th St,14
cold,weekend,cold,Western Ave & 43rd St,3
cold,weekend,cold,Western Ave & 62nd St,1
cold,weekend,cold,Western Ave & 79th St,4
cold,weekend,cold,Western Ave & 81st St,1
cold,weekend,cold,Western Ave & Ardmore Ave,6
cold,weekend,cold,Western Ave & Berteau Ave,22
cold,weekend,cold,Western Ave & Congress Pkwy,34
cold,weekend,cold,Western Ave & Division St,95
cold,weekend,cold,Western Ave & Fillmore St,84
cold,weekend,cold,Western Ave & Grace St,29
cold,weekend,cold,Western Ave & Granville Ave,21
cold,weekend,cold,Western Ave & Gunnison St,11
cold,weekend,cold,Western Ave & Howard St,26
cold,weekend,cold,Western Ave & Lake St,4
cold,weekend,cold,Western Ave & Leland Ave,137
cold,weekend,cold,Western Ave & Lunt Ave,49
cold,weekend,cold,Western Ave & Lyndale St,12
cold,weekend,cold,Western Ave & Monroe St,40
cold,weekend,cold,Western Ave & Roscoe St,60
cold,weekend,cold,Western Ave & Wabansia Ave,10
cold,weekend,cold,Western Ave & Walton St,83
cold,weekend,cold,Western Ave & Winnebago Ave,166
cold,weekend,cold,Western Blvd & 48th Pl,6
cold,weekend,cold,Whipple St & Roosevelt Rd,1
cold,weekend,cold,Whipple/Irving Park,13
cold,weekend,cold,Wilton Ave & Addison St,50
cold,weekend,cold,Wilton Ave & Belmont Ave,433
cold,weekend,cold,Wilton Ave & Diversey Pkwy,217
cold,weekend,cold,Wilton Ave & Diversey Pkwy*,60
cold,weekend,cold,Winchester (Ravenswood) Ave & Balmoral Ave,22
cold,weekend,cold,Winchester Ave & Elston Ave,57
cold,weekend,cold,Winthrop Ave & Lawrence Ave,131
cold,weekend,cold,Wolcott (Ravenswood) Ave & Montrose Ave,102
cold,weekend,cold,Wolcott Ave & Fargo Ave,3
cold,weekend,cold,Wolcott Ave & Polk St,179
cold,weekend,cold,Wood St & 33rd St,6
cold,weekend,cold,Wood St & 35th St,19
cold,weekend,cold,Wood St & 84th St,1
cold,weekend,cold,Wood St & Augusta Blvd,103
cold,weekend,cold,Wood St & Beach Ave,55
cold,weekend,cold,Wood St & Chicago Ave,107
cold,weekend,cold,Wood St & Cortland St,6
cold,weekend,cold,Wood St & Hubbard St,66
cold,weekend,cold,Wood St & Milwaukee Ave,162
cold,weekend,cold,Wood St & Milwaukee Ave*,24
cold,weekend,cold,Wood St & Taylor St (Temp),65
cold,weekend,cold,Wood St & Walnut St,4
cold,weekend,cold,Wood St & Webster Ave,54
cold,weekend,cold,Woodlawn & 103rd,1
cold,weekend,cold,Woodlawn Ave & 55th St,262
cold,weekend,cold,Woodlawn Ave & 58th St,189
cold,weekend,cold,Woodlawn Ave & 75th St,2
cold,weekend,cold,Woodlawn Ave & Lake Park Ave,27
cold,weekend,cold,Yates Blvd & 75th St,5
cold,weekend,cold,Yates Blvd & 93rd St,2
cold,weekend,mild,2112 W Peterson Ave,201
cold,weekend,mild,21st St & Pulaski Rd,14
cold,weekend,mild,63rd St Beach,628
cold,weekend,mild,900 W Harrison St,1114
cold,weekend,mild,Aberdeen St & 103rd St,14
cold,weekend,mild,Aberdeen St & Carroll Ave,1051
cold,weekend,mild,Aberdeen St & Jackson Blvd,2831
cold,weekend,mild,Aberdeen St & Monroe St,1525
cold,weekend,mild,Aberdeen St & Randolph St,2378
cold,weekend,mild,Ada St & 113th Place,2
cold,weekend,mild,Ada St & Washington Blvd,1251
cold,weekend,mild,Addison Red Line,207
cold,weekend,mild,Addison Red Line Corral,7
cold,weekend,mild,Addison/Racine,109
cold,weekend,mild,Addison/Racine Corral,312
cold,weekend,mild,Addison/Sheffield SE Corral,126
cold,weekend,mild,Addison/Sheffield SW Corral,179
cold,weekend,mild,Addison/Wilton Corral,188
cold,weekend,mild,Adler Planetarium,4769
cold,weekend,mild,Albany Ave & 16th St,70
cold,weekend,mild,Albany Ave & 26th St,51
cold,weekend,mild,Albany Ave & Belmont Ave,200
cold,weekend,mild,Albany Ave & Bloomingdale Ave,1012
cold,weekend,mild,Albany Ave & Douglas Blvd,71
cold,weekend,mild,Albany Ave & Montrose Ave,533
cold,weekend,mild,Altgeld Gardens,10
cold,weekend,mild,Archer & Wentworth,352
cold,weekend,mild,Archer (Damen) Ave & 37th St,77
cold,weekend,mild,Archer Ave & 43rd St,14
cold,weekend,mild,Archer Ave & 49th St,8
cold,weekend,mild,Archer Ave & Homan Ave,12
cold,weekend,mild,Archer Ave & Wentworth Ave,548
cold,weekend,mild,Artesian Ave & 55th St,24
cold,weekend,mild,Artesian Ave & 71st St,10
cold,weekend,mild,Artesian Ave & Hubbard St,482
cold,weekend,mild,Artesian Ave & Marquette Rd,17
cold,weekend,mild,Ashland Ave & 13th St,817
cold,weekend,mild,Ashland Ave & 50th St,59
cold,weekend,mild,Ashland Ave & 63rd St,10
cold,weekend,mild,Ashland Ave & 66th St,12
cold,weekend,mild,Ashland Ave & 74th St,12
cold,weekend,mild,Ashland Ave & 78th St,13
cold,weekend,mild,Ashland Ave & Archer Ave,258
cold,weekend,mild,Ashland Ave & Augusta Blvd,1323
cold,weekend,mild,Ashland Ave & Belle Plaine Ave,784
cold,weekend,mild,Ashland Ave & Blackhawk St,2072
cold,weekend,mild,Ashland Ave & Chicago Ave,1513
cold,weekend,mild,Ashland Ave & Division St,3273
cold,weekend,mild,Ashland Ave & Garfield Blvd,12
cold,weekend,mild,Ashland Ave & Grace St,1391
cold,weekend,mild,Ashland Ave & Grand Ave,1149
cold,weekend,mild,Ashland Ave & Lake St,1137
cold,weekend,mild,Ashland Ave & McDowell Ave,69
cold,weekend,mild,Ashland Ave & Pershing Rd,81
cold,weekend,mild,Ashland Ave & Wellington Ave,1720
cold,weekend,mild,Ashland Ave & Wrightwood Ave,1434
cold,weekend,mild,Augusta Blvd & Laramie Ave,7
cold,weekend,mild,Austin Ave & Milwaukee Ave,42
cold,weekend,mild,Austin Blvd & Chicago Ave,36
cold,weekend,mild,Austin Blvd & Lake St,105
cold,weekend,mild,Austin Blvd & Madison St,66
cold,weekend,mild,Ave L & 114th,11
cold,weekend,mild,Avenue O & 118th St,15
cold,weekend,mild,Avenue O & 134th St,17
cold,weekend,mild,Avers Ave & 16th St,16
cold,weekend,mild,Avers Ave & Belmont Ave,694
cold,weekend,mild,Avers Ave & Foster Ave,84
cold,weekend,mild,Avondale Ave & Irving Park Rd,545
cold,weekend,mild,Baltimore Ave & 133rd St,14
cold,weekend,mild,Baltimore Ave & 87th St,19
cold,weekend,mild,Bennett Ave & 79th St,6
cold,weekend,mild,Benson Ave & Church St,1298
cold,weekend,mild,Bernard St & Elston Ave,266
cold,weekend,mild,Bernard St & Peterson Ave,61
cold,weekend,mild,Big Marsh Park,121
cold,weekend,mild,Bissell St & Armitage Ave*,3772
cold,weekend,mild,Blackstone Ave & 59th St,1562
cold,weekend,mild,Blackstone Ave & Hyde Park Blvd,1042
cold,weekend,mild,Blue Island Ave & 18th St,1417
cold,weekend,mild,Bosworth Ave & Howard St,189
cold,weekend,mild,Bradley Park,13
cold,weekend,mild,Broadway & Argyle St,1877
cold,weekend,mild,Broadway & Barry Ave,5878
cold,weekend,mild,Broadway & Belmont Ave,3891
cold,weekend,mild,Broadway & Berwyn Ave,2021
cold,weekend,mild,Broadway & Cornelia Ave,5906
cold,weekend,mild,Broadway & Cuyler Ave,189
cold,weekend,mild,Broadway & Granville Ave,2198
cold,weekend,mild,Broadway & Oakdale Ave,1397
cold,weekend,mild,Broadway & Ridge Ave,1547
cold,weekend,mild,Broadway & Roscoe Ave,261
cold,weekend,mild,Broadway & Sheridan Rd,3959
cold,weekend,mild,Broadway & Sunnyside Ave,744
cold,weekend,mild,Broadway & Thorndale Ave,2067
cold,weekend,mild,Broadway & Waveland Ave,5366
cold,weekend,mild,Broadway & Wilson Ave,2725
cold,weekend,mild,Buckingham Fountain,3549
cold,weekend,mild,Budlong Woods Library,237
cold,weekend,mild,Burley Ave & 85th St,19
cold,weekend,mild,Burley Ave & 91st St,16
cold,weekend,mild,Burling St & Armitage Ave,354
cold,weekend,mild,Burling St & Diversey Pkwy,3203
cold,weekend,mild,Burnham Greenway & 105th St,39
cold,weekend,mild,Burnham Greenway & 112th St,92
cold,weekend,mild,Burnham Harbor,3468
cold,weekend,mild,California & 16th St,89
cold,weekend,mild,California Ave & 21st St,230
cold,weekend,mild,California Ave & 23rd Pl,112
cold,weekend,mild,California Ave & 26th St,16
cold,weekend,mild,California Ave & 29th St,4
cold,weekend,mild,California Ave & 36th St,15
cold,weekend,mild,California Ave & 41st St,86
cold,weekend,mild,California Ave & 71st St,32
cold,weekend,mild,California Ave & Altgeld St,849
cold,weekend,mild,California Ave & Byron St,732
cold,weekend,mild,California Ave & Cortez St,1545
cold,weekend,mild,California Ave & Division St,1174
cold,weekend,mild,California Ave & Fletcher St,861
cold,weekend,mild,California Ave & Francis Pl,1263
cold,weekend,mild,California Ave & Granville Ave,281
cold,weekend,mild,California Ave & Lake St,107
cold,weekend,mild,California Ave & Madison St,48
cold,weekend,mild,California Ave & Marquette Rd,32
cold,weekend,mild,California Ave & Milwaukee Ave,2861
cold,weekend,mild,California Ave & Montrose Ave,1062
cold,weekend,mild,California Ave & North Ave,1065
cold,weekend,mild,California Ave & Touhy Ave,69
cold,weekend,mild,California Ave & Winona St,84
cold,weekend,mild,Calumet Ave & 18th St,2688
cold,weekend,mild,Calumet Ave & 21st St,1439
cold,weekend,mild,Calumet Ave & 33rd St,775
cold,weekend,mild,Calumet Ave & 35th St,382
cold,weekend,mild,Calumet Ave & 51st St,167
cold,weekend,mild,Calumet Ave & 71st St,10
cold,weekend,mild,Calumet Park,61
cold,weekend,mild,Campbell Ave & 51st St,30
cold,weekend,mild,Campbell Ave & Augusta Blvd,629
cold,weekend,mild,Campbell Ave & Fullerton Ave,829
cold,weekend,mild,Campbell Ave & Irving Park Rd,192
cold,weekend,mild,Campbell Ave & Montrose Ave,871
cold,weekend,mild,Campbell Ave & North Ave,1454
cold,weekend,mild,Canal St & Adams St,1589
cold,weekend,mild,Canal St & Harrison St,366
cold,weekend,mild,Canal St & Jackson Blvd,757
cold,weekend,mild,Canal St & Madison St,2302
cold,weekend,mild,Canal St & Monroe St,615
cold,weekend,mild,Canal St & Taylor St,1174
cold,weekend,mild,Cannon Dr & Fullerton Ave,2032
cold,weekend,mild,Carpenter St & Fulton St,168
cold,weekend,mild,Carpenter St & Huron St,1863
cold,weekend,mild,Central & Elston,39
cold,weekend,mild,Central Ave & Altgeld St,52
cold,weekend,mild,Central Ave & Chicago Ave,59
cold,weekend,mild,Central Ave & Harrison St,20
cold,weekend,mild,Central Ave & Lake St,60
cold,weekend,mild,Central Ave & Madison St,23
cold,weekend,mild,Central Ave & Parker Ave,29
cold,weekend,mild,Central Ave & Roscoe St,17
cold,weekend,mild,Central Ave & Wellington Ave,22
cold,weekend,mild,Central Park & Augusta Blvd,99
cold,weekend,mild,Central Park Ave & 24th St,75
cold,weekend,mild,Central Park Ave & 66th St,6
cold,weekend,mild,Central Park Ave & Ardmore Ave,134
cold,weekend,mild,Central Park Ave & Bloomingdale Ave,640
cold,weekend,mild,Central Park Ave & Douglas Blvd,26
cold,weekend,mild,Central Park Ave & Elbridge Ave,1005
cold,weekend,mild,Central Park Ave & North Ave,330
cold,weekend,mild,Central Park Ave & Ogden Ave,168
cold,weekend,mild,Central Park Ave & Ohio St,39
cold,weekend,mild,Central Park Ave & Washington Blvd,54
cold,weekend,mild,Central Park Blvd & 5th Ave,106
cold,weekend,mild,Central St & Girard Ave,296
cold,weekend,mild,Central St Metra,411
cold,weekend,mild,Cherry Ave & Blackhawk St,144
cold,weekend,mild,Chicago Ave & Sheridan Rd,1372
cold,weekend,mild,Chicago Ave & Washington St,794
cold,weekend,mild,Chicago State University,28
cold,weekend,mild,Christiana Ave & Lawrence Ave,473
cold,weekend,mild,Cicero Ave & Flournoy St,9
cold,weekend,mild,Cicero Ave & Lake St,15
cold,weekend,mild,Cicero Ave & Quincy St,9
cold,weekend,mild,Cicero Ave & Roscoe Ave,62
cold,weekend,mild,Cicero Ave & Wellington Ave,18
cold,weekend,mild,Cicero Ave & Wrightwood Ave,98
cold,weekend,mild,Cityfront Plaza Dr & Pioneer Ct,2875
cold,weekend,mild,Claremont Ave & Hirsch St,553
cold,weekend,mild,Clarendon Ave & Gordon Ter,3733
cold,weekend,mild,Clarendon Ave & Junior Ter,3649
cold,weekend,mild,Clarendon Ave & Leland Ave,2110
cold,weekend,mild,Clark St & 9th St (AMLI),1120
cold,weekend,mild,Clark St & Arlington Pl,1408
cold,weekend,mild,Clark St & Armitage Ave,8246
cold,weekend,mild,Clark St & Berwyn Ave,3419
cold,weekend,mild,Clark St & Bryn Mawr Ave,2232
cold,weekend,mild,Clark St & Chicago Ave,2849
cold,weekend,mild,Clark St & Columbia Ave,622
cold,weekend,mild,Clark St & Drummond Pl,4461
cold,weekend,mild,Clark St & Eddy St,703
cold,weekend,mild,Clark St & Elm St,7801
cold,weekend,mild,Clark St & Elmdale Ave,801
cold,weekend,mild,Clark St & Fletcher St,247
cold,weekend,mild,Clark St & Grace St,3389
cold,weekend,mild,Clark St & Ida B Wells Dr,1139
cold,weekend,mild,Clark St & Jarvis Ave,381
cold,weekend,mild,Clark St & Lake St,3311
cold,weekend,mild,Clark St & Leland Ave,2449
cold,weekend,mild,Clark St & Lincoln Ave,8539
cold,weekend,mild,Clark St & Lunt Ave,723
cold,weekend,mild,Clark St & Montrose Ave,1989
cold,weekend,mild,Clark St & Newport St,5534
cold,weekend,mild,Clark St & North Ave,3695
cold,weekend,mild,Clark St & Schiller St,4471
cold,weekend,mild,Clark St & Schreiber Ave,952
cold,weekend,mild,Clark St & Touhy Ave,249
cold,weekend,mild,Clark St & Washington St,15
cold,weekend,mild,Clark St & Wellington Ave,3508
cold,weekend,mild,Clark St & Winnemac Ave,4082
cold,weekend,mild,Clark St & Wrightwood Ave,5286
cold,weekend,mild,Clark/Eddy,292
cold,weekend,mild,Clark/Newport,189
cold,weekend,mild,Clark/Newport Corral,409
cold,weekend,mild,Clark/Racine,63
cold,weekend,mild,Clark/Racine Corral,124
cold,weekend,mild,Clifton Ave & Armitage Ave,2630
cold,weekend,mild,Clinton St & 18th St,756
cold,weekend,mild,Clinton St & Jackson Blvd,2097
cold,weekend,mild,Clinton St & Lake St,2748
cold,weekend,mild,Clinton St & Madison St,3605
cold,weekend,mild,Clinton St & Polk St,269
cold,weekend,mild,Clinton St & Roosevelt Rd,1451
cold,weekend,mild,Clinton St & Tilden St,874
cold,weekend,mild,Clinton St & Washington Blvd,1364
cold,weekend,mild,Clybourn Ave & Division St,1157
cold,weekend,mild,Clyde Ave & 87th St,24
cold,weekend,mild,Columbus Ave & 79th St,9
cold,weekend,mild,Columbus Ave & 83rd Pl,7
cold,weekend,mild,Columbus Dr & Randolph St,4403
cold,weekend,mild,Commercial Ave & 100th St,4
cold,weekend,mild,Commercial Ave & 130th St,24
cold,weekend,mild,Commercial Ave & 83rd St,37
cold,weekend,mild,Commercial Ave & 90th St,15
cold,weekend,mild,Commercial Ave & 97th St,15
cold,weekend,mild,Conservatory Dr & Lake St,150
cold,weekend,mild,Constance Ave & 95th St,18
cold,weekend,mild,Cornell Ave & Hyde Park Blvd,1722
cold,weekend,mild,Cottage Grove Ave & 111th Pl,28
cold,weekend,mild,Cottage Grove Ave & 43rd St,213
cold,weekend,mild,Cottage Grove Ave & 47th St,145
cold,weekend,mild,Cottage Grove Ave & 49th St,33
cold,weekend,mild,Cottage Grove Ave & 51st St,213
cold,weekend,mild,Cottage Grove Ave & 63rd St,190
cold,weekend,mild,Cottage Grove Ave & 67th St,134
cold,weekend,mild,Cottage Grove Ave & 71st St,13
cold,weekend,mild,Cottage Grove Ave & 78th St,7
cold,weekend,mild,Cottage Grove Ave & 83rd St,50
cold,weekend,mild,Cottage Grove Ave & Oakwood Blvd,362
cold,weekend,mild,Cumberland Ave & Catherine Ave,74
cold,weekend,mild,Daley Center Plaza,2986
cold,weekend,mild,Daley Center Plaza Corral,12
cold,weekend,mild,Damen Ave & 33rd St,8
cold,weekend,mild,Damen Ave & 51st St,15
cold,weekend,mild,Damen Ave & 59th St,29
cold,weekend,mild,Damen Ave & 74th St,12
cold,weekend,mild,Damen Ave & 77th St,14
cold,weekend,mild,Damen Ave & 81st St,28
cold,weekend,mild,Damen Ave & 87th St,32
cold,weekend,mild,Damen Ave & Charleston St,1547
cold,weekend,mild,Damen Ave & Chicago Ave,3096
cold,weekend,mild,Damen Ave & Clybourn Ave,1202
cold,weekend,mild,Damen Ave & Cortland St,3366
cold,weekend,mild,Damen Ave & Cullerton St,660
cold,weekend,mild,Damen Ave & Division St,2382
cold,weekend,mild,Damen Ave & Evergreen Ave,85
cold,weekend,mild,Damen Ave & Foster Ave,1436
cold,weekend,mild,Damen Ave & Grand Ave,1140
cold,weekend,mild,Damen Ave & Lake St,821
cold,weekend,mild,Damen Ave & Leland Ave,1754
cold,weekend,mild,Damen Ave & Madison St,549
cold,weekend,mild,Damen Ave & Melrose Ave,1210
cold,weekend,mild,Damen Ave & Ohio St,73
cold,weekend,mild,Damen Ave & Pershing Rd,64
cold,weekend,mild,Damen Ave & Pierce Ave,4129
cold,weekend,mild,Damen Ave & St Paul Ave,235
cold,weekend,mild,Damen Ave & Sunnyside Ave,1074
cold,weekend,mild,Damen Ave & Thomas St (Augusta Blvd),1962
cold,weekend,mild,Damen Ave & Wabansia Ave,754
cold,weekend,mild,Damen Ave & Wellington Ave,1352
cold,weekend,mild,Damen Ave & Wicker Park Ave,1909
cold,weekend,mild,Damen Ave/Coulter St,159
cold,weekend,mild,Dan Ryan Woods & 83rd St,90
cold,weekend,mild,Dauphin Ave & 103rd St,16
cold,weekend,mild,Dauphin Ave & 87th St,17
cold,weekend,mild,Dayton St & North Ave,2881
cold,weekend,mild,Dearborn Pkwy & Delaware Pl,5541
cold,weekend,mild,Dearborn St & Adams St,1412
cold,weekend,mild,Dearborn St & Adams St Corral,44
cold,weekend,mild,Dearborn St & Division St,885
cold,weekend,mild,Dearborn St & Erie St,5529
cold,weekend,mild,Dearborn St & Madison St,11
cold,weekend,mild,Dearborn St & Maple St,701
cold,weekend,mild,Dearborn St & Monroe St,2227
cold,weekend,mild,Dearborn St & Van Buren St,1528
cold,weekend,mild,Dearborn St & Washington St,6
cold,weekend,mild,Delano Ct & Roosevelt Rd,1778
cold,weekend,mild,Desplaines St & Jackson Blvd,2379
cold,weekend,mild,Desplaines St & Kinzie St,4859
cold,weekend,mild,Desplaines St & Randolph St,1520
cold,weekend,mild,Dodge Ave & Church St,149
cold,weekend,mild,Dodge Ave & Main St,153
cold,weekend,mild,Dodge Ave & Mulford St,154
cold,weekend,mild,Dorchester Ave & 49th St,293
cold,weekend,mild,Dorchester Ave & 53rd St,45
cold,weekend,mild,Dorchester Ave & 63rd St,242
cold,weekend,mild,Doty Ave & 111th St,11
cold,weekend,mild,Drake Ave & Addison St,276
cold,weekend,mild,Drake Ave & Montrose Ave,351
cold,weekend,mild,Drexel Ave & 60th St,971
cold,weekend,mild,DuSable Lake Shore Dr & Belmont Ave,5953
cold,weekend,mild,DuSable Lake Shore Dr & Diversey Pkwy,6895
cold,weekend,mild,DuSable Lake Shore Dr & Monroe St,16873
cold,weekend,mild,DuSable Lake Shore Dr & North Blvd,14743
cold,weekend,mild,DuSable Lake Shore Dr & Wellington Ave,5706
cold,weekend,mild,DuSable Museum,164
cold,weekend,mild,Dusable Harbor,8622
cold,weekend,mild,East End Ave & 87th St,21
cold,weekend,mild,Eastlake Ter & Howard St,444
cold,weekend,mild,Eberhart Ave & 131st St,4
cold,weekend,mild,Eberhart Ave & 61st St,71
cold,weekend,mild,Eberhart Ave & 91st St,21
cold,weekend,mild,Eckhart Park,1644
cold,weekend,mild,Eddy/Seminary Corral,339
cold,weekend,mild,Edgebrook Metra,89
cold,weekend,mild,Eggleston Ave & 111th St,6
cold,weekend,mild,Eggleston Ave & 115th St,3
cold,weekend,mild,Eggleston Ave & 69th St,17
cold,weekend,mild,Eggleston Ave & 92nd St,21
cold,weekend,mild,Elizabeth St & 47th St,15
cold,weekend,mild,Elizabeth St & 92nd St,11
cold,weekend,mild,Elizabeth St & Fulton St,916
cold,weekend,mild,Elizabeth St & Randolph St,2027
cold,weekend,mild,Ellis Ave & 53rd St,1297
cold,weekend,mild,Ellis Ave & 55th St,3482
cold,weekend,mild,Ellis Ave & 58th St,788
cold,weekend,mild,Ellis Ave & 60th St,3659
cold,weekend,mild,Ellis Ave & 83rd St,13
cold,weekend,mild,Elmwood Ave & Austin St,288
cold,weekend,mild,Elston Ave & Carmen Ave,89
cold,weekend,mild,Elston Ave & Cortland St,1948
cold,weekend,mild,Elston Ave & George St,417
cold,weekend,mild,Elston Ave & Henderson St,193
cold,weekend,mild,Elston Ave & Wabansia Ave,641
cold,weekend,mild,Emerald Ave & 28th St,456
cold,weekend,mild,Emerald Ave & 31st St,965
cold,weekend,mild,Evans Ave & 75th St,13
cold,weekend,mild,Evanston Civic Center,429
cold,weekend,mild,Ewing Ave & 106th St,42
cold,weekend,mild,Ewing Ave & 97th St,9
cold,weekend,mild,Ewing Ave & 98th St,24
cold,weekend,mild,Ewing Ave & Burnham Greenway,19
cold,weekend,mild,Exchange Ave & 79th St,53
cold,weekend,mild,Fairbanks Ct & Grand Ave,4300
cold,weekend,mild,Fairbanks St & Superior St,1281
cold,weekend,mild,Fairfield Ave & 44th St,72
cold,weekend,mild,Fairfield Ave & Pratt Blvd,100
cold,weekend,mild,Fairfield Ave & Roosevelt Rd,109
cold,weekend,mild,Farragut Ave & Central Ave,83
cold,weekend,mild,Federal St & Polk St,4027
cold,weekend,mild,Field Blvd & South Water St,3883
cold,weekend,mild,Field Museum,4393
cold,weekend,mild,Financial Pl & Ida B Wells Dr,1482
cold,weekend,mild,Fort Dearborn Dr & 31st St,655
cold,weekend,mild,Fort Dearborn Dr & 31st St*,1900
cold,weekend,mild,Francisco Ave & 47th St,40
cold,weekend,mild,Francisco Ave & 85th St,24
cold,weekend,mild,Francisco Ave & Bloomingdale Ave,256
cold,weekend,mild,Francisco Ave & Chicago Ave,534
cold,weekend,mild,Francisco Ave & Foster Ave,548
cold,weekend,mild,Francisco Ave & Hollywood Ave,16
cold,weekend,mild,Francisco Ave & Montrose Ave,262
cold,weekend,mild,Franciso Ave & Bloomingdale Ave,8
cold,weekend,mild,Franklin St & Adams St,985
cold,weekend,mild,Franklin St & Adams St (Temp),87
cold,weekend,mild,Franklin St & Adams St Corral,40
cold,weekend,mild,Franklin St & Chicago Ave,2356
cold,weekend,mild,Franklin St & Illinois St,3102
cold,weekend,mild,Franklin St & Jackson Blvd,2531
cold,weekend,mild,Franklin St & Lake St,1768
cold,weekend,mild,Franklin St & Madison St,62
cold,weekend,mild,Franklin St & Monroe St,692
cold,weekend,mild,Franklin St & Monroe St Corral,4
cold,weekend,mild,Franklin St & Washington St,393
cold,weekend,mild,Fullerton & Monitor,9
cold,weekend,mild,Fulton Market,828
cold,weekend,mild,Glenwood Ave & Morse Ave,1350
cold,weekend,mild,Glenwood Ave & Touhy Ave,420
cold,weekend,mild,Grace St & Central Ave,43
cold,weekend,mild,Grace St & Cicero Ave,84
cold,weekend,mild,Grace/Sheffield,75
cold,weekend,mild,Grace/Sheffield Corral,138
cold,weekend,mild,Granville Ave & Clark St,47
cold,weekend,mild,Granville Ave & Pulaski Rd,18
cold,weekend,mild,Green St & Chicago Ave,343
cold,weekend,mild,Green St & Lake St,995
cold,weekend,mild,Green St & Madison St,4386
cold,weekend,mild,Green St & Randolph St*,2194
cold,weekend,mild,Green St & Washington Blvd,1792
cold,weekend,mild,Greenview Ave & Diversey Pkwy,1595
cold,weekend,mild,Greenview Ave & Fullerton Ave,2147
cold,weekend,mild,Greenview Ave & Jarvis Ave,797
cold,weekend,mild,Greenwood Ave & 47th St,404
cold,weekend,mild,Greenwood Ave & 79th St,9
cold,weekend,mild,Greenwood Ave & 91st St,7
cold,weekend,mild,Greenwood Ave & 97th St,15
cold,weekend,mild,Griffin Museum of Science and Industry,2175
cold,weekend,mild,Hale Ave & 107th St,18
cold,weekend,mild,Halsted St & 104th St,22
cold,weekend,mild,Halsted St & 111th St,7
cold,weekend,mild,Halsted St & 119th St,11
cold,weekend,mild,Halsted St & 123rd St,6
cold,weekend,mild,Halsted St & 18th St,1081
cold,weekend,mild,Halsted St & 21st St,557
cold,weekend,mild,Halsted St & 35th St,619
cold,weekend,mild,Halsted St & 37th St,128
cold,weekend,mild,Halsted St & 47th Pl,66
cold,weekend,mild,Halsted St & 51st St,73
cold,weekend,mild,Halsted St & 56th St,12
cold,weekend,mild,Halsted St & 59th St,21
cold,weekend,mild,Halsted St & 63rd St,15
cold,weekend,mild,Halsted St & 69th St,18
cold,weekend,mild,Halsted St & 73rd St,7
cold,weekend,mild,Halsted St & 78th St,28
cold,weekend,mild,Halsted St & 83rd St,6
cold,weekend,mild,Halsted St & 93rd St,9
cold,weekend,mild,Halsted St & 96th St,62
cold,weekend,mild,Halsted St & Archer Ave,666
cold,weekend,mild,Halsted St & Armitage Ave,577
cold,weekend,mild,Halsted St & Belden St,608
cold,weekend,mild,Halsted St & Clybourn Ave,4180
cold,weekend,mild,Halsted St & Court Pl,12
cold,weekend,mild,Halsted St & Dickens Ave,3656
cold,weekend,mild,Halsted St & Fulton St,3059
cold,weekend,mild,Halsted St & Lake St,321
cold,weekend,mild,Halsted St & Maxwell St,1534
cold,weekend,mild,Halsted St & Melrose St,80
cold,weekend,mild,Halsted St & North Branch St,202
cold,weekend,mild,Halsted St & Polk St,1560
cold,weekend,mild,Halsted St & Roosevelt Rd,748
cold,weekend,mild,Halsted St & Roscoe St,4635
cold,weekend,mild,Halsted St & Willow St,2329
cold,weekend,mild,Halsted St & Wrightwood Ave,4187
cold,weekend,mild,Hamilton Park,18
cold,weekend,mild,Hamlin Ave & 62nd Pl,15
cold,weekend,mild,Hamlin Ave & Grand Ave,30
cold,weekend,mild,Hampden Ct & Diversey Ave,678
cold,weekend,mild,Hampden Ct & Diversey Pkwy,1401
cold,weekend,mild,Harding Ave & 26th St,28
cold,weekend,mild,Harding Ave & 31st St,7
cold,weekend,mild,Harding Ave & Chicago Ave,17
cold,weekend,mild,Harding Ave & Division St,37
cold,weekend,mild,Harlem Ave & Bloomingdale Ave,35
cold,weekend,mild,Harlem Ave & Grace St,25
cold,weekend,mild,Harlem Ave & Irving Park Rd,60
cold,weekend,mild,Harper Ave & 55th St,85
cold,weekend,mild,Harper Ave & 59th St,455
cold,weekend,mild,Hastings LWS,167
cold,weekend,mild,Hastings St Depot LWS,9
cold,weekend,mild,Hegewisch Metra Station,9
cold,weekend,mild,Hermitage Ave & Polk St,540
cold,weekend,mild,Higgins Ave & Austin Ave,75
cold,weekend,mild,Homan Ave & 26th St,33
cold,weekend,mild,Homan Ave & 65th St,10
cold,weekend,mild,Homan Ave & 77th St,10
cold,weekend,mild,Homan Ave & Arthington Ave,20
cold,weekend,mild,Homan Ave & Fillmore St,9
cold,weekend,mild,Homewood Ave & 115th St,23
cold,weekend,mild,Honore St & Division St,2770
cold,weekend,mild,Houston Ave & 92nd St,33
cold,weekend,mild,Hoyne Ave & 34th St,85
cold,weekend,mild,Hoyne Ave & 47th St,128
cold,weekend,mild,Hoyne Ave & Balmoral Ave,727
cold,weekend,mild,Hubbard St Depot,3
cold,weekend,mild,Hudson Ave & Armitage Ave,676
cold,weekend,mild,Humboldt Blvd & Armitage Ave,1439
cold,weekend,mild,Hyacinth Ave & Milwaukee Ave,79
cold,weekend,mild,Indiana Ave & 103rd St,29
cold,weekend,mild,Indiana Ave & 133rd St,2
cold,weekend,mild,Indiana Ave & 26th St,603
cold,weekend,mild,Indiana Ave & 31st St,517
cold,weekend,mild,Indiana Ave & 40th St,93
cold,weekend,mild,Indiana Ave & Roosevelt Rd,6640
cold,weekend,mild,Jefferson St & Monroe St,1305
cold,weekend,mild,Jeffery Blvd & 67th St,136
cold,weekend,mild,Jeffery Blvd & 71st St,127
cold,weekend,mild,Jeffery Blvd & 76th St,22
cold,weekend,mild,Karlov Ave & Armitage Ave,138
cold,weekend,mild,Karlov Ave & Fillmore St,12
cold,weekend,mild,Karlov Ave & Lawrence Ave,120
cold,weekend,mild,Karlov Ave & Madison St,17
cold,weekend,mild,Kedvale Ave & Peterson Ave,46
cold,weekend,mild,Kedzie Ave & 104th St,8
cold,weekend,mild,Kedzie Ave & 110th St,23
cold,weekend,mild,Kedzie Ave & 21st St,149
cold,weekend,mild,Kedzie Ave & 24th St,39
cold,weekend,mild,Kedzie Ave & 38th Pl,11
cold,weekend,mild,Kedzie Ave & 45th St,3
cold,weekend,mild,Kedzie Ave & 48th Pl,165
cold,weekend,mild,Kedzie Ave & 52nd St,19
cold,weekend,mild,Kedzie Ave & 54th Pl,46
cold,weekend,mild,Kedzie Ave & 57th St,137
cold,weekend,mild,Kedzie Ave & 60th St,49
cold,weekend,mild,Kedzie Ave & 66th Pl,14
cold,weekend,mild,Kedzie Ave & 73rd St,12
cold,weekend,mild,Kedzie Ave & 83rd St,15
cold,weekend,mild,Kedzie Ave & Archer Ave,50
cold,weekend,mild,Kedzie Ave & Armitage Ave,212
cold,weekend,mild,Kedzie Ave & Bryn Mawr Ave,246
cold,weekend,mild,Kedzie Ave & Chicago Ave,212
cold,weekend,mild,Kedzie Ave & Foster Ave,263
cold,weekend,mild,Kedzie Ave & George St,436
cold,weekend,mild,Kedzie Ave & Harrison St,24
cold,weekend,mild,Kedzie Ave & Jackson Blvd,46
cold,weekend,mild,Kedzie Ave & Lake St,122
cold,weekend,mild,Kedzie Ave & Leland Ave,493
cold,weekend,mild,Kedzie Ave & Milwaukee Ave,3400
cold,weekend,mild,Kedzie Ave & Palmer Ct,1224
cold,weekend,mild,Kedzie Ave & Redfield Dr,15
cold,weekend,mild,Kedzie Ave & Roosevelt Rd,28
cold,weekend,mild,Keeler Ave & Carmen Ave,146
cold,weekend,mild,Keeler Ave & Roosevelt Rd,8
cold,weekend,mild,Kenmore Ave & School St,70
cold,weekend,mild,Kenneth Ave & 50th St,6
cold,weekend,mild,Kenneth Ave & Lawrence Ave,169
cold,weekend,mild,Kenosha Ave & Wellington Ave,83
cold,weekend,mild,Kenton Ave & Madison St,11
cold,weekend,mild,Kenwood Ave & 57th St,39
cold,weekend,mild,Keystone Ave & Fullerton Ave,219
cold,weekend,mild,Keystone Ave & Montrose Ave,222
cold,weekend,mild,Kilbourn Ave & 49th St,6
cold,weekend,mild,Kilbourn Ave & Belden Ave,148
cold,weekend,mild,Kilbourn Ave & Diversey Ave,122
cold,weekend,mild,Kilbourn Ave & Irving Park Rd,99
cold,weekend,mild,Kilbourn Ave & Milwaukee Ave,67
cold,weekend,mild,Kilbourn Ave & Roscoe St,96
cold,weekend,mild,Kildare & Cermak,10
cold,weekend,mild,Kildare Ave & 26th St,12
cold,weekend,mild,Kildare Ave & 47th St,8
cold,weekend,mild,Kildare Ave & 55th St,18
cold,weekend,mild,Kildare Ave & 85th St (Kostner Ave & 87th St TEMPORARY),11
cold,weekend,mild,Kildare Ave & Archer Ave,10
cold,weekend,mild,Kildare Ave & Chicago Ave,15
cold,weekend,mild,Kildare Ave & Division St,28
cold,weekend,mild,Kildare Ave & Montrose Ave,146
cold,weekend,mild,Kildare Ave & North Ave,78
cold,weekend,mild,Kilpatrick Ave & Grand Ave,52
cold,weekend,mild,Kilpatrick Ave & Parker Ave,48
cold,weekend,mild,Kimball Ave & Belmont Ave,972
cold,weekend,mild,Kimbark Ave & 53rd St,3161
cold,weekend,mild,Kingsbury St & Erie St,3924
cold,weekend,mild,Kingsbury St & Kinzie St,7948
cold,weekend,mild,Kingsbury St & Kinzie St 1,23
cold,weekend,mild,Kingsbury St & Kinzie St 2,21
cold,weekend,mild,Knox Ave & Marquette Ave,27
cold,weekend,mild,Knox Ave & Montrose Ave,204
cold,weekend,mild,Komensky Ave & 31st St,11
cold,weekend,mild,Komensky Ave & 47th St,18
cold,weekend,mild,Komensky Ave & 55th St,6
cold,weekend,mild,Kosciuszko Park,631
cold,weekend,mild,Kostner Ave & 63rd St,28
cold,weekend,mild,Kostner Ave & Adams St,16
cold,weekend,mild,Kostner Ave & Belmont Ave,99
cold,weekend,mild,Kostner Ave & Bryn Mawr Ave,151
cold,weekend,mild,Kostner Ave & Devon Ave,78
cold,weekend,mild,Kostner Ave & Lake St,12
cold,weekend,mild,Kostner Ave & Wrightwood Ave,141
cold,weekend,mild,La Villita Park,32
cold,weekend,mild,LaSalle Dr & Huron St,2609
cold,weekend,mild,LaSalle St & Adams St,794
cold,weekend,mild,LaSalle St & Adams St Corral,23
cold,weekend,mild,LaSalle St & Calhoun Pl,197
cold,weekend,mild,LaSalle St & Calhoun Pl Corral,30
cold,weekend,mild,LaSalle St & Illinois St,4865
cold,weekend,mild,LaSalle St & Jackson Blvd,810
cold,weekend,mild,LaSalle St & Jackson Blvd Corral,64
cold,weekend,mild,LaSalle St & Washington St,847
cold,weekend,mild,LaSalle St & Washington St Corral,12
cold,weekend,mild,LaSalle St & Washington St Corral N,45
cold,weekend,mild,Laflin St & 115th St,11
cold,weekend,mild,Laflin St & Cullerton St,654
cold,weekend,mild,Lake Park Ave & 35th St,701
cold,weekend,mild,Lake Park Ave & 47th St,594
cold,weekend,mild,Lake Park Ave & 53rd St,1755
cold,weekend,mild,Lake Park Ave & 56th St,1184
cold,weekend,mild,Lakefront Trail & Bryn Mawr Ave,5101
cold,weekend,mild,Lakefront Trail & Wilson Ave,3042
cold,weekend,mild,Lakeview Ave & Fullerton Pkwy,4866
cold,weekend,mild,Lamon Ave & 47th St,17
cold,weekend,mild,Lamon Ave & Armitage Ave,14
cold,weekend,mild,Lamon Ave & Belmont Ave,38
cold,weekend,mild,Lamon Ave & Chicago Ave,27
cold,weekend,mild,Laramie Ave & Addison St,64
cold,weekend,mild,Laramie Ave & Bloomingdale Ave,30
cold,weekend,mild,Laramie Ave & Gladys Ave,7
cold,weekend,mild,Laramie Ave & Irving Park Rd,125
cold,weekend,mild,Laramie Ave & Kinzie St,22
cold,weekend,mild,Laramie Ave & Madison St,16
cold,weekend,mild,Larrabee St & Armitage Ave,2386
cold,weekend,mild,Larrabee St & Chicago Ave,38
cold,weekend,mild,Larrabee St & Clybourn Ave,223
cold,weekend,mild,Larrabee St & Division St,2338
cold,weekend,mild,Larrabee St & Kingsbury St,2385
cold,weekend,mild,Larrabee St & Kingsbury St 1,77
cold,weekend,mild,Larrabee St & Kingsbury St 2,42
cold,weekend,mild,Larrabee St & Menomonee St,1299
cold,weekend,mild,Larrabee St & North Ave,1366
cold,weekend,mild,Larrabee St & Oak St,1467
cold,weekend,mild,Larrabee St & Webster Ave,5129
cold,weekend,mild,Latrobe Ave & Chicago Ave,21
cold,weekend,mild,Lavergne Ave & 44th St,9
cold,weekend,mild,Lavergne Ave & 46th St,20
cold,weekend,mild,Lavergne Ave & Diversey Ave,70
cold,weekend,mild,Lavergne Ave & Division St,23
cold,weekend,mild,Lavergne Ave & Fullerton Ave,75
cold,weekend,mild,Lavergne Ave & Lawrence Ave,78
cold,weekend,mild,Lawler Ave & 50th St,45
cold,weekend,mild,Lawler Ave & North Ave,20
cold,weekend,mild,Lawndale Ave & 111th St,39
cold,weekend,mild,Lawndale Ave & 16th St,21
cold,weekend,mild,Lawndale Ave & 30th St,56
cold,weekend,mild,Lawndale Ave & 59th St,22
cold,weekend,mild,Le Mai Ave & Devon Ave,19
cold,weekend,mild,Leamington Ave & Hirsch St,15
cold,weekend,mild,Leavitt St & Addison St,807
cold,weekend,mild,Leavitt St & Archer Ave,198
cold,weekend,mild,Leavitt St & Armitage Ave,1515
cold,weekend,mild,Leavitt St & Augusta Blvd,194
cold,weekend,mild,Leavitt St & Belmont Ave,1206
cold,weekend,mild,Leavitt St & Chicago Ave,1296
cold,weekend,mild,Leavitt St & Division St,871
cold,weekend,mild,Leavitt St & Hirsch St,214
cold,weekend,mild,Leavitt St & Lawrence Ave,1006
cold,weekend,mild,Leavitt St & North Ave,1454
cold,weekend,mild,Leavitt St/North Ave,484
cold,weekend,mild,Leclaire Ave & Belmont Ave,57
cold,weekend,mild,Lexington St & California Ave,55
cold,weekend,mild,Lincoln Ave & Addison St,1117
cold,weekend,mild,Lincoln Ave & Balmoral Ave,176
cold,weekend,mild,Lincoln Ave & Belle Plaine Ave,1338
cold,weekend,mild,Lincoln Ave & Byron St,1274
cold,weekend,mild,Lincoln Ave & Dickens Ave,686
cold,weekend,mild,Lincoln Ave & Diversey Pkwy,3079
cold,weekend,mild,Lincoln Ave & Fullerton Ave,4559
cold,weekend,mild,Lincoln Ave & Melrose St,2515
cold,weekend,mild,Lincoln Ave & Montana St,544
cold,weekend,mild,Lincoln Ave & Peterson Ave,206
cold,weekend,mild,Lincoln Ave & Roscoe St*,2029
cold,weekend,mild,Lincoln Ave & Sunnyside Ave,1713
cold,weekend,mild,Lincoln Ave & Waveland Ave,1261
cold,weekend,mild,Lincoln Ave & Winona St,599
cold,weekend,mild,Lincoln Park Conservatory,4782
cold,weekend,mild,Lincolnwood Dr & Central St,134
cold,weekend,mild,Linder Ave & Montrose Ave,73
cold,weekend,mild,Lock St & 31st St,116
cold,weekend,mild,Lockwood Ave & Grand Ave,59
cold,weekend,mild,Lockwood Ave & Wrightwood Ave,140
cold,weekend,mild,Logan Blvd & Elston Ave,1178
cold,weekend,mild,Long & Irving Park,58
cold,weekend,mild,Long Ave & Belden Ave,7
cold,weekend,mild,Long Ave & Belmont Ave,65
cold,weekend,mild,Long Ave & Diversey Ave,51
cold,weekend,mild,Long Ave & North Ave,50
cold,weekend,mild,Loomis Blvd & 84th St,16
cold,weekend,mild,Loomis St & 89th St,11
cold,weekend,mild,Loomis St & 95th St,13
cold,weekend,mild,Loomis St & Archer Ave,270
cold,weekend,mild,Loomis St & Jackson Blvd,1056
cold,weekend,mild,Loomis St & Lexington St,2686
cold,weekend,mild,Lowell Ave & Armitage Ave,119
cold,weekend,mild,Lynch Ave & Elston Ave,44
cold,weekend,mild,MLK Jr Dr & 29th St,1334
cold,weekend,mild,MLK Jr Dr & 47th St,156
cold,weekend,mild,MLK Jr Dr & 56th St,58
cold,weekend,mild,MLK Jr Dr & 63rd St,52
cold,weekend,mild,MLK Jr Dr & 83rd St,37
cold,weekend,mild,MLK Jr Dr & Pershing Rd,342
cold,weekend,mild,MTV Hubbard St,1
cold,weekend,mild,Major Ave & Addison St,36
cold,weekend,mild,Major Ave & Bloomingdale Ave,15
cold,weekend,mild,Major Taylor Trail & 111th St,7
cold,weekend,mild,Major Taylor Trail & 115th St,12
cold,weekend,mild,Major Taylor Trail & 124th St,1
cold,weekend,mild,Malcolm X College,250
cold,weekend,mild,Malden St & Wilson Ave,140
cold,weekend,mild,Mango Ave & Diversey Ave,9
cold,weekend,mild,Mango Ave & Grand Ave,1
cold,weekend,mild,Mango Ave & North Ave,48
cold,weekend,mild,Manistee Ave & 95th St,2
cold,weekend,mild,Manor Ave & Leland Ave,384
cold,weekend,mild,Maplewood Ave & 59th St,20
cold,weekend,mild,Maplewood Ave & Peterson Ave,161
cold,weekend,mild,Marine Dr & Ainslie St,2445
cold,weekend,mild,Marmora Ave & Belmont Ave,12
cold,weekend,mild,Marmora Ave & Irving Park Rd,56
cold,weekend,mild,Marquette Ave & 89th St,8
cold,weekend,mild,Marshfield Ave & 44th St,66
cold,weekend,mild,Marshfield Ave & 59th St,2
cold,weekend,mild,Marshfield Ave & Diversey Pkwy,53
cold,weekend,mild,Marshfield Ave & Wabansia Ave,46
cold,weekend,mild,Martin Luther King Dr & 111th St,2
cold,weekend,mild,Martin Luther King Dr & 87th St,18
cold,weekend,mild,Mason Ave & Belmont Ave,14
cold,weekend,mild,Mason Ave & Grand Ave,36
cold,weekend,mild,Mason Ave & Montrose Ave,61
cold,weekend,mild,May St & 69th St,7
cold,weekend,mild,May St & Cullerton St,568
cold,weekend,mild,May St & Hubbard St,47
cold,weekend,mild,May St & Taylor St,1898
cold,weekend,mild,Mayfield Ave & Roosevelt Rd,19
cold,weekend,mild,McClurg Ct & Erie St,2610
cold,weekend,mild,McClurg Ct & Ohio St,6249
cold,weekend,mild,McCormick Blvd & Devon Ave,339
cold,weekend,mild,McCormick Place,2132
cold,weekend,mild,Meade Ave & Addison St,29
cold,weekend,mild,Meade Ave & Diversey Ave,24
cold,weekend,mild,Meade Ave & Fullerton Ave,89
cold,weekend,mild,Melvina Ave & Giddings Ave,87
cold,weekend,mild,Menard Ave & Lawrence Ave,90
cold,weekend,mild,Menard Ave & Milwaukee Ave,29
cold,weekend,mild,Menard Ave & North Ave,10
cold,weekend,mild,Merrimac Park,72
cold,weekend,mild,Michigan Ave & 105th St,28
cold,weekend,mild,Michigan Ave & 108th St,6
cold,weekend,mild,Michigan Ave & 113th St,3
cold,weekend,mild,Michigan Ave & 114th St,3
cold,weekend,mild,Michigan Ave & 11th St,125
cold,weekend,mild,Michigan Ave & 14th St,2884
cold,weekend,mild,Michigan Ave & 18th St,2269
cold,weekend,mild,Michigan Ave & 71st St,12
cold,weekend,mild,Michigan Ave & 8th St,5962
cold,weekend,mild,Michigan Ave & Ida B Wells Dr,2069
cold,weekend,mild,Michigan Ave & Jackson Blvd,3491
cold,weekend,mild,Michigan Ave & Lake St,4331
cold,weekend,mild,Michigan Ave & Madison St,2089
cold,weekend,mild,Michigan Ave & Oak St,13233
cold,weekend,mild,Michigan Ave & Pearson St,2241
cold,weekend,mild,Michigan Ave & Washington St,5279
cold,weekend,mild,Midway Orange Line,76
cold,weekend,mild,Mies van der Rohe Way & Chestnut St,3852
cold,weekend,mild,Mies van der Rohe Way & Chicago Ave,3010
cold,weekend,mild,Millard Ave & 26th St,53
cold,weekend,mild,Millennium Park,10029
cold,weekend,mild,Milwaukee & Fullerton,37
cold,weekend,mild,Milwaukee Ave & Agatite Ave,135
cold,weekend,mild,Milwaukee Ave & Ainslie St,356
cold,weekend,mild,Milwaukee Ave & Armitage Ave,389
cold,weekend,mild,Milwaukee Ave & Cuyler Ave,181
cold,weekend,mild,Milwaukee Ave & Diversey Ave,3
cold,weekend,mild,Milwaukee Ave & Fullerton Ave,1367
cold,weekend,mild,Milwaukee Ave & Grand Ave,2879
cold,weekend,mild,Milwaukee Ave & Highland Ave,132
cold,weekend,mild,Milwaukee Ave & Rockwell St,1142
cold,weekend,mild,Milwaukee Ave & The 606,2553
cold,weekend,mild,Milwaukee Ave & Wabansia Ave,388
cold,weekend,mild,Monitor Ave & Division St,14
cold,weekend,mild,Monticello Ave & Chicago Ave,39
cold,weekend,mild,Monticello Ave & Irving Park Rd,503
cold,weekend,mild,Monticello Ave & Lawrence Ave,269
cold,weekend,mild,Montrose Harbor,7647
cold,weekend,mild,Morgan Ave & 14th Pl,834
cold,weekend,mild,Morgan St & 18th St,1342
cold,weekend,mild,Morgan St & 31st St,898
cold,weekend,mild,Morgan St & Hubbard St,339
cold,weekend,mild,Morgan St & Lake St*,2602
cold,weekend,mild,Morgan St & Pershing Rd,24
cold,weekend,mild,Morgan St & Polk St,1385
cold,weekend,mild,Mozart St & 55th St,28
cold,weekend,mild,Mozart St & 79th St,21
cold,weekend,mild,Mozart St & Jackson Blvd,78
cold,weekend,mild,Mulligan Ave & Archer Ave,22
cold,weekend,mild,N Carpenter St & W Lake St,246
cold,weekend,mild,N Clark St & W Elm St,12
cold,weekend,mild,N Damen Ave & W Chicago Ave,245
cold,weekend,mild,N Green St & W Lake St,958
cold,weekend,mild,N Paulina St & Lincoln Ave,371
cold,weekend,mild,N Shore Channel Trail & Argyle St,152
cold,weekend,mild,N Southport Ave & W Newport Ave,591
cold,weekend,mild,Nagle Ave & Belmont Ave,22
cold,weekend,mild,Narragansett Ave & McLean Ave,37
cold,weekend,mild,Narragansett Ave & Montrose Ave,27
cold,weekend,mild,Narragansett Ave & North Ave,59
cold,weekend,mild,Narragansett Ave & School St,12
cold,weekend,mild,Narragansett Ave & Wrightwood Ave,131
cold,weekend,mild,Navy Pier,15503
cold,weekend,mild,New St & Illinois St,5975
cold,weekend,mild,Newcastle Ave & Irving Park Rd,13
cold,weekend,mild,Noble St & Milwaukee Ave,1737
cold,weekend,mild,Noble St & Ohio St,508
cold,weekend,mild,Noble St & Potomac Ave,37
cold,weekend,mild,Nordica Ave & Medill Ave,28
cold,weekend,mild,Normal Ave & Archer Ave,212
cold,weekend,mild,North Ave & New England Ave,22
cold,weekend,mild,North Boundary Park,178
cold,weekend,mild,Oak Park & Wellington,34
cold,weekend,mild,Oakley Ave & Irving Park Rd,559
cold,weekend,mild,Oakley Ave & Lyndale St,47
cold,weekend,mild,Oakley Ave & Touhy Ave,164
cold,weekend,mild,Oconto Ave & Belmont Ave,24
cold,weekend,mild,Ogden Ave & Chicago Ave,2570
cold,weekend,mild,Ogden Ave & Congress Pkwy,657
cold,weekend,mild,Ogden Ave & Race Ave,1966
cold,weekend,mild,Ogden Ave & Roosevelt Rd,279
cold,weekend,mild,Oglesby Ave & 100th St,41
cold,weekend,mild,Oketo Ave & Addison St,24
cold,weekend,mild,Olive Harvey College,1
cold,weekend,mild,Orange Ave & Addison St,34
cold,weekend,mild,Oriole Ave & Irving Park Rd,17
cold,weekend,mild,Orleans St & Chestnut St (NEXT Apts),1605
cold,weekend,mild,Orleans St & Elm St,1202
cold,weekend,mild,Orleans St & Hubbard St,1719
cold,weekend,mild,Orleans St & Merchandise Mart Plaza,2874
cold,weekend,mild,Overhill Ave & Belmont Ave,29
cold,weekend,mild,Panama Ave & Grace St,23
cold,weekend,mild,Parkside Ave & Armitage Ave,6
cold,weekend,mild,Parnell Ave & 127th St,3
cold,weekend,mild,Parnell Ave & 31st St,87
cold,weekend,mild,Paulina Ave & 87th St,13
cold,weekend,mild,Paulina Ave & North Ave,1800
cold,weekend,mild,Paulina St & 18th St,1111
cold,weekend,mild,Paulina St & Adams St,107
cold,weekend,mild,Paulina St & Cortland St,202
cold,weekend,mild,Paulina St & Division St,328
cold,weekend,mild,Paulina St & Flournoy St,855
cold,weekend,mild,Paulina St & Howard St,443
cold,weekend,mild,Paulina St & Montrose Ave,1275
cold,weekend,mild,Peoria St & Jackson Blvd,2519
cold,weekend,mild,Peoria St & Kinzie St,493
cold,weekend,mild,Perry Ave & 69th St,44
cold,weekend,mild,Pershing Rd & Sacramento Ave,45
cold,weekend,mild,Peterson/Ridge Metra,581
cold,weekend,mild,Phillips Ave & 79th St,20
cold,weekend,mild,Phillips Ave & 83rd St,19
cold,weekend,mild,Pine Ave & Division St,48
cold,weekend,mild,Pine Grove Ave & Irving Park Rd,4136
cold,weekend,mild,Pine Grove Ave & Waveland Ave,5130
cold,weekend,mild,Pine Grove Ave & Wellington Ave,160
cold,weekend,mild,Ping Tom Park (East),191
cold,weekend,mild,Portage Park,121
cold,weekend,mild,Prairie Ave & 43rd St,157
cold,weekend,mild,Prairie Ave & Garfield Blvd,263
cold,weekend,mild,Princeton Ave & 47th St,108
cold,weekend,mild,Princeton Ave & 95th St,10
cold,weekend,mild,Princeton Ave & Garfield Blvd,96
cold,weekend,mild,Prospect Sq & 91st St,71
cold,weekend,mild,Public Rack - 10557 S Western Ave,2
cold,weekend,mild,Public Rack - 111th St - Morgan Park Metra,1
cold,weekend,mild,Public Rack - 4810 Keeler Ave,1
cold,weekend,mild,Public Rack - 532 E 43rd St,14
cold,weekend,mild,Public Rack - 61st St & Melvina Ave,1
cold,weekend,mild,Public Rack - 63rd Pl & Narraganssett Ave,6
cold,weekend,mild,Public Rack - 63rd St & Meade Ave,1
cold,weekend,mild,Public Rack - 63rd St and Nagle Ave,5
cold,weekend,mild,Public Rack - 63rd St and Natoma Ave,3
cold,weekend,mild,Public Rack - 82nd st & Kedzie Ave,1
cold,weekend,mild,Public Rack - 83rd Pl & Kedzie Ave N,1
cold,weekend,mild,Public Rack - 83rd Pl & Kedzie Ave S,1
cold,weekend,mild,Public Rack - 83rd St (Avalon Park) Metra,2
cold,weekend,mild,Public Rack - 85th Pl & Pulaski Rd,3
cold,weekend,mild,Public Rack - Abbott Park,1
cold,weekend,mild,Public Rack - Aida Food Market,1
cold,weekend,mild,Public Rack - Al Raby School,3
cold,weekend,mild,Public Rack - Albany Ave & 103rd St,1
cold,weekend,mild,Public Rack - Albany Ave & 63rd St,1
cold,weekend,mild,Public Rack - Artesian & 71st,1
cold,weekend,mild,Public Rack - Ashburn Metra,1
cold,weekend,mild,Public Rack - Ashland Ave & 45th St,1
cold,weekend,mild,Public Rack - Ashland Ave & 45th St  S,1
cold,weekend,mild,Public Rack - Ashland Ave & 46th St,1
cold,weekend,mild,Public Rack - Ashland Ave & 63rd St,1
cold,weekend,mild,Public Rack - Ashland Ave & 71st St,5
cold,weekend,mild,Public Rack - Ashland Ave & 76th St,2
cold,weekend,mild,Public Rack - Ashland Ave & 83rd St,28
cold,weekend,mild,Public Rack - Austin & 62nd,1
cold,weekend,mild,Public Rack - Austin Ave & Archer Ave,1
cold,weekend,mild,Public Rack - Austin Ave & Roscoe St,5
cold,weekend,mild,Public Rack - Austin Ave & Wrightwood Ave,1
cold,weekend,mild,Public Rack - Austin Blvd & North Ave,30
cold,weekend,mild,Public Rack - Ave N & 106th St,2
cold,weekend,mild,Public Rack - Avenue J & 112th St,2
cold,weekend,mild,Public Rack - Avers & Granville,2
cold,weekend,mild,Public Rack - Avers & Lawrence,14
cold,weekend,mild,Public Rack - Avers Ave & Irving Park Rd,33
cold,weekend,mild,Public Rack - Avers Ave & Ogden Ave,3
cold,weekend,mild,Public Rack - Avondale Ave & Addison St,4
cold,weekend,mild,Public Rack - Baltimore Ave & 132nd St,1
cold,weekend,mild,Public Rack - Baltimore Ave & 134th St,1
cold,weekend,mild,Public Rack - Bell Ave & 95th St,1
cold,weekend,mild,Public Rack - Bensley Ave & 103rd St,2
cold,weekend,mild,Public Rack - Bernard St & Foster Ave,13
cold,weekend,mild,Public Rack - Bishop St & 46th St,2
cold,weekend,mild,Public Rack - Bradley Park,1
cold,weekend,mild,Public Rack - Brandon Ave & 91st St,1
cold,weekend,mild,Public Rack - Brooks Park,2
cold,weekend,mild,Public Rack - Bryn Mawr Ave & Milwaukee Ave,1
cold,weekend,mild,Public Rack - Bryn Mawr Ave & Spaulding Ave,8
cold,weekend,mild,Public Rack - Buffalo Ave & 133rd St,1
cold,weekend,mild,Public Rack - Buffalo Ave & 89th St,1
cold,weekend,mild,Public Rack - Burnside Academy,1
cold,weekend,mild,Public Rack - California & 71st,2
cold,weekend,mild,Public Rack - California & 82nd,1
cold,weekend,mild,Public Rack - California & 87th,2
cold,weekend,mild,Public Rack - California Ave & Cortez St,83
cold,weekend,mild,Public Rack - California Ave & Devon Ave - NE,9
cold,weekend,mild,Public Rack - California Ave & Devon Ave - NW,4
cold,weekend,mild,Public Rack - California Ave & Ogden Ave,24
cold,weekend,mild,Public Rack - California Ave & Pershing Rd,7
cold,weekend,mild,Public Rack - California Ave & Touhy Ave - midblock,1
cold,weekend,mild,Public Rack - Calumet Ave & 51st St,7
cold,weekend,mild,Public Rack - Calumet Ave & 71st St,1
cold,weekend,mild,Public Rack - Campbell Ave & Pratt Blvd,17
cold,weekend,mild,Public Rack - Canfield & Victoria,3
cold,weekend,mild,Public Rack - Central & Berteau,3
cold,weekend,mild,Public Rack - Central & Leland,4
cold,weekend,mild,Public Rack - Central & Prescott,2
cold,weekend,mild,Public Rack - Central Ave & Corcoran Pl,2
cold,weekend,mild,Public Rack - Central Ave & George St,1
cold,weekend,mild,Public Rack - Central Ave & Lawrence Ave,20
cold,weekend,mild,Public Rack - Central Ave & North Ave,4
cold,weekend,mild,Public Rack - Central Ave & Pensacola Ave,4
cold,weekend,mild,Public Rack - Central Park & Bryn Mawr,2
cold,weekend,mild,Public Rack - Central Park & Peterson,3
cold,weekend,mild,Public Rack - Central Park Ave & 16th St,1
cold,weekend,mild,Public Rack - Central Park Ave & Fillmore St,2
cold,weekend,mild,Public Rack - Central Park Ave & Fulton Blvd,5
cold,weekend,mild,Public Rack - Champlain Ave & 134th St,1
cold,weekend,mild,Public Rack - Champlain Ave & 65th St,9
cold,weekend,mild,Public Rack - Chappel Ave & 71st St,4
cold,weekend,mild,Public Rack - Chase Ave & Touhy Ave - NE,3
cold,weekend,mild,Public Rack - Chopin Park,5
cold,weekend,mild,Public Rack - Christiana & Lincoln,6
cold,weekend,mild,Public Rack - Christiana Ave & 55th St,1
cold,weekend,mild,Public Rack - Christiana Ave & Belmont Ave,86
cold,weekend,mild,Public Rack - Christiana Ave & Bryn Mawr Ave,7
cold,weekend,mild,Public Rack - Christiana Ave & Lawrence Ave,6
cold,weekend,mild,Public Rack - Cicero & 64th,4
cold,weekend,mild,Public Rack - Cicero Ave & Belle Plaine Ave,39
cold,weekend,mild,Public Rack - Cicero Ave & North Ave,2
cold,weekend,mild,Public Rack - Cicero Ave & Roscoe St,3
cold,weekend,mild,Public Rack - Cicero Ave & Wrightwood Ave,3
cold,weekend,mild,Public Rack - Claremont Ave & 71st St,1
cold,weekend,mild,Public Rack - Clyde Ave & 87th St,1
cold,weekend,mild,Public Rack - Columbus & 79th,1
cold,weekend,mild,Public Rack - Commercial Ave & 89th St,1
cold,weekend,mild,Public Rack - Corliss Ave & 133rd St,1
cold,weekend,mild,Public Rack - Cornell Ave & 87th Pl,1
cold,weekend,mild,Public Rack - Cottage Grove & 84th St,2
cold,weekend,mild,Public Rack - Cottage Grove & 85th St,2
cold,weekend,mild,Public Rack - Cottage Grove & 86th St,3
cold,weekend,mild,Public Rack - Cottage Grove Ave & 87th St,2
cold,weekend,mild,Public Rack - Cottage Grove Ave & 89th Pl,1
cold,weekend,mild,Public Rack - Cottage Grove Ave & 91st St,1
cold,weekend,mild,Public Rack - Cottage Grove Ave & 92nd St,2
cold,weekend,mild,Public Rack - Cottage Grove Ave & 98th St,1
cold,weekend,mild,Public Rack - Cumberland & Catherine,2
cold,weekend,mild,Public Rack - Damen & 87th,1
cold,weekend,mild,Public Rack - Damen Ave & 47th St,1
cold,weekend,mild,Public Rack - Delphina & Foster,14
cold,weekend,mild,Public Rack - Devon Ave & Central Ave,2
cold,weekend,mild,Public Rack - Devon Ave & Kinzua Ave,1
cold,weekend,mild,Public Rack - Division St & Christiana Ave,2
cold,weekend,mild,Public Rack - Drake Ave & Leland Ave,23
cold,weekend,mild,Public Rack - Drexel Ave & 87th St,1
cold,weekend,mild,Public Rack - Eberhart Ave & 131st St,1
cold,weekend,mild,Public Rack - Eberhart Ave & 61st St,2
cold,weekend,mild,Public Rack - Eli Whitney Public School,3
cold,weekend,mild,Public Rack - Ellis Ave & 132nd Pl,1
cold,weekend,mild,Public Rack - Ellis Ave & Doty Ave,1
cold,weekend,mild,Public Rack - Elston Ave & Gunnison St,4
cold,weekend,mild,Public Rack - Elston Ave & Kenneth Ave,2
cold,weekend,mild,Public Rack - Emerald Ave & 43rd St,40
cold,weekend,mild,Public Rack - Emerald Ave & 45th St,4
cold,weekend,mild,Public Rack - Emil G Hirch Metropolitan High School,1
cold,weekend,mild,Public Rack - Evans Ave & 63rd St,8
cold,weekend,mild,Public Rack - Ewing Ave & 106th St NW,1
cold,weekend,mild,Public Rack - Ewing Ave & 95th St,2
cold,weekend,mild,Public Rack - Ewing Ave & Indianapolis Ave,1
cold,weekend,mild,Public Rack - Exchange Ave & 131st St,1
cold,weekend,mild,Public Rack - Exchange Ave & 73rd Pl,3
cold,weekend,mild,Public Rack - Fairfield Ave & 63rd St,1
cold,weekend,mild,Public Rack - Ford City Mall,2
cold,weekend,mild,Public Rack - Forest Glen & Peterson,5
cold,weekend,mild,Public Rack - Forest Glen Station,8
cold,weekend,mild,Public Rack - Forrestville Ave & 47th St,4
cold,weekend,mild,Public Rack - Fullerton Ave & Narragansett Ave,10
cold,weekend,mild,Public Rack - Garfield Park Conservatory,25
cold,weekend,mild,Public Rack - Green St & 103rd St,2
cold,weekend,mild,Public Rack - Greenwood Ave & 87th St,1
cold,weekend,mild,Public Rack - Greenwood Ave & Lake Park Ave,11
cold,weekend,mild,Public Rack - Haft Ave & Milwaukee Ave,4
cold,weekend,mild,Public Rack - Hale Ave & 111th St,1
cold,weekend,mild,Public Rack - Halsted St & 41st St,3
cold,weekend,mild,Public Rack - Halsted St & 63rd St,1
cold,weekend,mild,Public Rack - Halsted St & 76th St,2
cold,weekend,mild,Public Rack - Halsted St & 95th St - SE,6
cold,weekend,mild,Public Rack - Halsted St & 95th St - SW,5
cold,weekend,mild,Public Rack - Hamilton Ave & 95th St,1
cold,weekend,mild,Public Rack - Hamilton Park,1
cold,weekend,mild,Public Rack - Hamlin & 72nd,1
cold,weekend,mild,Public Rack - Hamlin Ave & Chicago Ave,1
cold,weekend,mild,Public Rack - Hamlin Ave & Fullerton Ave,32
cold,weekend,mild,Public Rack - Hamlin Ave & Madison St,2
cold,weekend,mild,Public Rack - Hamlin Ave & Montrose Ave,79
cold,weekend,mild,Public Rack - Harlem & Palatine,6
cold,weekend,mild,Public Rack - Harlem & Summerdale,3
cold,weekend,mild,Public Rack - Harold Washington Park,47
cold,weekend,mild,Public Rack - Harper Ave & 63rd St,4
cold,weekend,mild,Public Rack - Harvard Ave & 119th St,1
cold,weekend,mild,Public Rack - Hiawatha & Mendota,6
cold,weekend,mild,Public Rack - Hiawatha Ave & Minnehaha Ave,2
cold,weekend,mild,Public Rack - Hiawatha Park,1
cold,weekend,mild,Public Rack - Holbrook St & Milwaukee Ave,1
cold,weekend,mild,Public Rack - Hollywood Park,31
cold,weekend,mild,Public Rack - Homan & 77th,1
cold,weekend,mild,Public Rack - Homan & 79th,1
cold,weekend,mild,Public Rack - Homan Ave & Lake St,9
cold,weekend,mild,Public Rack - Homewood Ave & Monterey Ave,1
cold,weekend,mild,Public Rack - Houston Ave & 130th St,1
cold,weekend,mild,Public Rack - Houston Ave & 131st St,4
cold,weekend,mild,Public Rack - Houston Ave & 91st St,11
cold,weekend,mild,Public Rack - Hoyne Ave & 110th Pl,2
cold,weekend,mild,Public Rack - Hyde Park Blvd & 53rd St,71
cold,weekend,mild,Public Rack - Hyde Park Blvd & 55th St,121
cold,weekend,mild,Public Rack - Imlay & Milwaukee,2
cold,weekend,mild,Public Rack - Independence Blvd & Roosevelt,11
cold,weekend,mild,Public Rack - Indiana Ave & 111th St,2
cold,weekend,mild,Public Rack - Ingleside Ave & 79th St,1
cold,weekend,mild,Public Rack - Irving Park Rd & Austin Ave,4
cold,weekend,mild,Public Rack - Irving Park Rd & Leclaire Ave,15
cold,weekend,mild,Public Rack - Irving Park Rd & Melvina Ave,1
cold,weekend,mild,Public Rack - Irving Park Rd & Menard Ave,2
cold,weekend,mild,Public Rack - Jeffery Blvd & 67th St,4
cold,weekend,mild,Public Rack - Jeffery Blvd & 83rd St,3
cold,weekend,mild,Public Rack - Jeffrey Blvd & 71st St,6
cold,weekend,mild,Public Rack - Jensen Park,40
cold,weekend,mild,Public Rack - Jonathan Y Scammon Public School,70
cold,weekend,mild,Public Rack - Justine St & 87th St,32
cold,weekend,mild,Public Rack - Karlov Ave & 26th St,1
cold,weekend,mild,Public Rack - Karlov Ave & Kamerling Ave,17
cold,weekend,mild,Public Rack - Karlov Ave & Lawrence Ave,6
cold,weekend,mild,Public Rack - Karlov Ave & Milwaukee Ave,34
cold,weekend,mild,Public Rack - Keating & Peterson,24
cold,weekend,mild,Public Rack - Kedvale Ave & 63rd St E,1
cold,weekend,mild,Public Rack - Kedvale Ave & 63rd St W,16
cold,weekend,mild,Public Rack - Kedvale Ave & Avondale Ave,3
cold,weekend,mild,Public Rack - Kedzie & 71st,1
cold,weekend,mild,Public Rack - Kedzie & 73rd,1
cold,weekend,mild,Public Rack - Kedzie Ave & 54th St - SE,1
cold,weekend,mild,Public Rack - Kedzie Ave & 58th St,5
cold,weekend,mild,Public Rack - Kedzie Ave & 61st Pl W,2
cold,weekend,mild,Public Rack - Kedzie Ave & 64th St - SE,3
cold,weekend,mild,Public Rack - Kedzie Ave & 64th St - SW,9
cold,weekend,mild,Public Rack - Kedzie Ave & 83rd St,1
cold,weekend,mild,Public Rack - Kedzie Ave & Argyle St,117
cold,weekend,mild,Public Rack - Kedzie Ave & Arthington St,2
cold,weekend,mild,Public Rack - Kedzie Ave & Chicago Ave,11
cold,weekend,mild,Public Rack - Kedzie Ave & Pershing Rd,1
cold,weekend,mild,Public Rack - Kedzie Ave & Walnut St,2
cold,weekend,mild,Public Rack - Keef Ave & South Chicago Ave,1
cold,weekend,mild,Public Rack - Kenneth & Carmen,16
cold,weekend,mild,Public Rack - Kenton & Lawrence,5
cold,weekend,mild,Public Rack - Kenton Ave & Palmer St,13
cold,weekend,mild,Public Rack - Keystone Ave & Irving Park Rd,31
cold,weekend,mild,Public Rack - Keystone Ave & North Ave,5
cold,weekend,mild,Public Rack - Kildare Ave & 63rd St,1
cold,weekend,mild,Public Rack - Kildare Ave & North Ave,4
cold,weekend,mild,Public Rack - Kilpatrick & Elston,5
cold,weekend,mild,Public Rack - Kimball & Ardmore,20
cold,weekend,mild,Public Rack - Kimball Ave & Carmen Ave,15
cold,weekend,mild,Public Rack - Kimball Ave & Lawrence Ave,26
cold,weekend,mild,Public Rack - Kimbark Ave & 67th St,21
cold,weekend,mild,Public Rack - King Dr & 83rd St,1
cold,weekend,mild,Public Rack - King Dr & Oakwood Blvd,5
cold,weekend,mild,Public Rack - Kingston Ave & 75th St,3
cold,weekend,mild,Public Rack - Komensky Ave & 59th St,4
cold,weekend,mild,Public Rack - Komensky Ave & 63rd St,1
cold,weekend,mild,Public Rack - Kostner & 83rd,1
cold,weekend,mild,Public Rack - Kostner & Bryn Mawr,3
cold,weekend,mild,Public Rack - Kostner & Peterson,2
cold,weekend,mild,Public Rack - Kostner Ave & 16th St,2
cold,weekend,mild,Public Rack - Kostner Ave & Armitage Ave,23
cold,weekend,mild,Public Rack - Kostner Ave & Diversey Ave,3
cold,weekend,mild,Public Rack - Kostner Ave & North Ave,5
cold,weekend,mild,Public Rack - Lafayette Ave & 87th St - NW,3
cold,weekend,mild,Public Rack - Lafayette Ave & 87th St SW,1
cold,weekend,mild,Public Rack - Lafayette Ave & 95th St,11
cold,weekend,mild,Public Rack - Laflin St &51st ST,1
cold,weekend,mild,Public Rack - Lake Park Ave & 44th St,1
cold,weekend,mild,Public Rack - Lake Shore Dr & Hayes Dr,30
cold,weekend,mild,Public Rack - Lamon Ave & Archer Ave,1
cold,weekend,mild,Public Rack - Langley Ave & 105th Pl,2
cold,weekend,mild,Public Rack - Langley Ave & 49th St,16
cold,weekend,mild,Public Rack - Langley Ave & 79th St,1
cold,weekend,mild,Public Rack - Langley Ave & 87th St,1
cold,weekend,mild,Public Rack - Langley Ave & Oakwood Blvd,7
cold,weekend,mild,Public Rack - Laramie Ave & Belmont Ave,11
cold,weekend,mild,Public Rack - Laramie Ave & Warwick Ave,2
cold,weekend,mild,Public Rack - Laramine Ave & Winnemac Ave,3
cold,weekend,mild,Public Rack - Lavergne Ave & Belle Plaine Ave,1
cold,weekend,mild,Public Rack - Lawndale Ave & 23rd St,2
cold,weekend,mild,Public Rack - Lawndale Ave & 63rd St,2
cold,weekend,mild,Public Rack - Lawndale Ave & Diversey Ave,50
cold,weekend,mild,Public Rack - Lawndale Ave & Polk St,1
cold,weekend,mild,Public Rack - Lawndale Ave & Roosevelt,1
cold,weekend,mild,Public Rack - Lawrence Ave & Kimball Ave,4
cold,weekend,mild,Public Rack - Leader & Caldwell,3
cold,weekend,mild,Public Rack - Leamington & Elston,37
cold,weekend,mild,Public Rack - Leclaire Ave & Division St,6
cold,weekend,mild,Public Rack - Legler Regional Library,1
cold,weekend,mild,Public Rack - Lemont Ave & Keating Ave,1
cold,weekend,mild,Public Rack - Linder & Elston,10
cold,weekend,mild,Public Rack - Linder Ave & 64th Pl,8
cold,weekend,mild,Public Rack - Linder Ave & Archer Ave,6
cold,weekend,mild,Public Rack - Lockwood & Archer,9
cold,weekend,mild,Public Rack - Lockwood Ave & Diversey Ave,4
cold,weekend,mild,Public Rack - Loomis St & 87th St,10
cold,weekend,mild,Public Rack - Lorel Ave & Grand Ave,5
cold,weekend,mild,Public Rack - Lotus Ave & Lawrence Ave,8
cold,weekend,mild,Public Rack - Lowe Park,2
cold,weekend,mild,Public Rack - Lowell Ave & Elston Ave,31
cold,weekend,mild,Public Rack - Lynch & Elston,2
cold,weekend,mild,Public Rack - Mango & Higgins,31
cold,weekend,mild,Public Rack - Maplewood Ave & 63rd St,1
cold,weekend,mild,Public Rack - Marquette Rd & 67th St,7
cold,weekend,mild,Public Rack - Marshfield Ave & 45th St,1
cold,weekend,mild,Public Rack - Martin Luther King Dr & 44th St,1
cold,weekend,mild,Public Rack - Martin Luther King Dr & 69th St,2
cold,weekend,mild,Public Rack - Maryland Ave & 87th ST,1
cold,weekend,mild,Public Rack - Mason & Archer,1
cold,weekend,mild,Public Rack - Mason Ave & Archer Ave,1
cold,weekend,mild,Public Rack - Mason Ave & Milwaukee Ave,2
cold,weekend,mild,Public Rack - Mason Ave & Roosevelt Rd,2
cold,weekend,mild,Public Rack - McVicker Ave & Grand Ave,1
cold,weekend,mild,Public Rack - Melvina & Foster,6
cold,weekend,mild,Public Rack - Melvina Ave & Belmont Ave,1
cold,weekend,mild,Public Rack - Melvina Ave & Montrose Ave,2
cold,weekend,mild,Public Rack - Menard Ave & Adams Blvd,1
cold,weekend,mild,Public Rack - Menard Ave & Belmont Ave,2
cold,weekend,mild,Public Rack - Menard Ave & Dakin St - midblock,7
cold,weekend,mild,Public Rack - Menard Ave & Grand Ave,5
cold,weekend,mild,Public Rack - Michigan Ave & 113th St,2
cold,weekend,mild,Public Rack - Michigan Ave & 119th St,4
cold,weekend,mild,Public Rack - Michigan Ave & 67th St,1
cold,weekend,mild,Public Rack - Michigan Ave & 96th St,1
cold,weekend,mild,Public Rack - Midway Orange Line,2
cold,weekend,mild,Public Rack - Milwaukee Ave & Addison St,6
cold,weekend,mild,Public Rack - Milwaukee Ave & Catalpa Ave,5
cold,weekend,mild,Public Rack - Milwaukee Ave & Culyer Ave,20
cold,weekend,mild,Public Rack - Milwaukee Ave & Diversey Ave,88
cold,weekend,mild,Public Rack - Milwaukee Ave & Haussen Ct,76
cold,weekend,mild,Public Rack - Milwaukee Ave & Higgins Ave,10
cold,weekend,mild,Public Rack - Milwaukee Ave & Kennedy Expy,18
cold,weekend,mild,Public Rack - Milwaukee Ave & Lawrence Ave,3
cold,weekend,mild,Public Rack - Milwaukee Ave & Leland Ave,11
cold,weekend,mild,Public Rack - Milwaukee Ave & Pensacola Ave,14
cold,weekend,mild,Public Rack - Milwaukee Ave & School St,13
cold,weekend,mild,Public Rack - Milwaukee Ave & Sunnyside Ave,3
cold,weekend,mild,Public Rack - Milwaukee Ave & Warner Ave,4
cold,weekend,mild,Public Rack - Milwaukee Ave & Waveland Ave,2
cold,weekend,mild,Public Rack - Minuteman Park,16
cold,weekend,mild,Public Rack - Mont Clare Ave & Higgins Ave,9
cold,weekend,mild,Public Rack - Monticello & Lawrence,6
cold,weekend,mild,Public Rack - Monticello Ave & Belmont Ave,99
cold,weekend,mild,Public Rack - Montrose Ave & Lavergne Ave,6
cold,weekend,mild,Public Rack - Mozart & 79th,1
cold,weekend,mild,Public Rack - Mozart Elementary School,6
cold,weekend,mild,Public Rack - Mulligan & Northwest Hwy,7
cold,weekend,mild,Public Rack - Mulligan Ave & 56th St,2
cold,weekend,mild,Public Rack - N Narragansett Ave & Grand Ave,1
cold,weekend,mild,Public Rack - N. Oakview and W. Gregory St,9
cold,weekend,mild,Public Rack - Nagel & Higgins,16
cold,weekend,mild,Public Rack - Narragansett Ave & Fullerton Ave,9
cold,weekend,mild,Public Rack - Nashotah & Northwest Hwy,24
cold,weekend,mild,Public Rack - Natoma Ave & 61st St,6
cold,weekend,mild,Public Rack - Natoma Ave & Bryn Mawr Ave,3
cold,weekend,mild,Public Rack - Neenah & Archer,2
cold,weekend,mild,Public Rack - Neola & Northwest Hwy,2
cold,weekend,mild,Public Rack - Neva & Foster,2
cold,weekend,mild,Public Rack - Neva Ave & Grand Ave,2
cold,weekend,mild,Public Rack - Newcastle & Archer,1
cold,weekend,mild,Public Rack - Newcastle Ave & Belden Ave,1
cold,weekend,mild,Public Rack - Newcastle Ave & Belmont Ave,2
cold,weekend,mild,Public Rack - Nordica & Archer,4
cold,weekend,mild,Public Rack - Nordica Ave & Addison St,1
cold,weekend,mild,Public Rack - Nordica Ave & Higgins Ave,2
cold,weekend,mild,Public Rack - Normal Ave & 72nd St,1
cold,weekend,mild,Public Rack - Normal Blvd & 61st Pl,2
cold,weekend,mild,Public Rack - Northwest Hwy & Bryn Mawr,4
cold,weekend,mild,Public Rack - Northwest Hwy & Neva Ave,6
cold,weekend,mild,Public Rack - Norwood Park,4
cold,weekend,mild,Public Rack - Norwood Park Station,6
cold,weekend,mild,Public Rack - Oak Park & Higgins,9
cold,weekend,mild,Public Rack - Oak Park Ave & Foster Ave,3
cold,weekend,mild,Public Rack - Oakley & 79th Pl,1
cold,weekend,mild,Public Rack - Octavia Ave & Touhy Ave,6
cold,weekend,mild,Public Rack - Odell & Talcott,4
cold,weekend,mild,Public Rack - Oglesby Ave & 95th St,2
cold,weekend,mild,Public Rack - Oketo & Northwest Hwy,4
cold,weekend,mild,Public Rack - Oketo & Talcott,6
cold,weekend,mild,Public Rack - Olmstead Ave & Oliphant Ave,13
cold,weekend,mild,Public Rack - Orville T Bright School,1
cold,weekend,mild,Public Rack - Osceola Ave & Touhy Ave,4
cold,weekend,mild,Public Rack - Ottowa Ave & Touhy Ave,7
cold,weekend,mild,Public Rack - Overhill Ave & Touhy Ave,4
cold,weekend,mild,Public Rack - Ozanam Ave & Devon Ave,1
cold,weekend,mild,Public Rack - Ozark Ave & Addison St,1
cold,weekend,mild,Public Rack - Ozman & Talcott,3
cold,weekend,mild,Public Rack - Parkside & 63rd,4
cold,weekend,mild,Public Rack - Parkside & Archer,1
cold,weekend,mild,Public Rack - Penn Elementary School / KIPP Ascend Middle School,13
cold,weekend,mild,Public Rack - Peoria St & 60th St,1
cold,weekend,mild,Public Rack - Peterson Ave & Drake Ave,14
cold,weekend,mild,Public Rack - Peterson Ave & Milwaukee Ave,2
cold,weekend,mild,Public Rack - Peterson Park,13
cold,weekend,mild,Public Rack - Plainfield Ave & Irving Park Rd,4
cold,weekend,mild,Public Rack - Prairie Ave & 47th St,26
cold,weekend,mild,Public Rack - Prairie Ave & 78th St,1
cold,weekend,mild,Public Rack - Prairie Ave & 85th St,1
cold,weekend,mild,Public Rack - Prairie Ave & Garfield Blvd N,8
cold,weekend,mild,Public Rack - Prairie Ave & Garfield Blvd S,4
cold,weekend,mild,Public Rack - Pulaski & 52nd,1
cold,weekend,mild,Public Rack - Pulaski & 74th,1
cold,weekend,mild,Public Rack - Pulaski & 84th,3
cold,weekend,mild,Public Rack - Pulaski & Ardmore,7
cold,weekend,mild,Public Rack - Pulaski & Rosemont,13
cold,weekend,mild,Public Rack - Pulaski Rd & 15th St,1
cold,weekend,mild,Public Rack - Pulaski Rd & 44th St,14
cold,weekend,mild,Public Rack - Pulaski Rd & 65th St,4
cold,weekend,mild,Public Rack - Pulaski Rd & 83rd St,1
cold,weekend,mild,Public Rack - Pulaski Rd & 85th St,2
cold,weekend,mild,Public Rack - Pulaski Rd & Armitage Ave,9
cold,weekend,mild,Public Rack - Pulaski Rd & Flournoy St,1
cold,weekend,mild,Public Rack - Pulaski Rd & Fullerton Ave,5
cold,weekend,mild,Public Rack - Pulaski Rd & Lake St,1
cold,weekend,mild,Public Rack - Pulaski Rd & Lexington St,1
cold,weekend,mild,Public Rack - Pulaski Rd & Roosevelt Rd,2
cold,weekend,mild,Public Rack - Pullman - Planet Fitness,3
cold,weekend,mild,Public Rack - Pullman - Ross Dress for Less,1
cold,weekend,mild,Public Rack - Pullman Community Center,1
cold,weekend,mild,Public Rack - Racine Ave & 74th St,2
cold,weekend,mild,Public Rack - Rhodes Ave & 79th St,1
cold,weekend,mild,Public Rack - Richard Daley College,3
cold,weekend,mild,Public Rack - Rockwell & 111th St,1
cold,weekend,mild,Public Rack - Rockwell & Division,57
cold,weekend,mild,Public Rack - Rockwell Ave & 71st St,2
cold,weekend,mild,Public Rack - Rockwell Ave & Touhy Ave,9
cold,weekend,mild,Public Rack - Rutherford Ave & Belmont Ave,6
cold,weekend,mild,Public Rack - S Menard & W 63rd,1
cold,weekend,mild,Public Rack - S. Kilpatrick and W. 79th,10
cold,weekend,mild,Public Rack - S. New England/ W. 65th,1
cold,weekend,mild,Public Rack - Sacramento & 71st,1
cold,weekend,mild,Public Rack - Sacramento Ave & Devon Ave,14
cold,weekend,mild,Public Rack - Sawyer Ave & 111th St,1
cold,weekend,mild,Public Rack - Sawyer Ave & Bryn Mawr Ave - SE,16
cold,weekend,mild,Public Rack - Sawyer Ave & Bryn Mawr Ave - SW,4
cold,weekend,mild,Public Rack - Sawyer Ave & Chicago Ave,2
cold,weekend,mild,Public Rack - Sawyer Ave & Lawrence Ave,12
cold,weekend,mild,Public Rack - Sayer & Northwest Hwy,5
cold,weekend,mild,Public Rack - South Shore Dr & 71st St,36
cold,weekend,mild,Public Rack - Spaulding Ave & 71st St,1
cold,weekend,mild,Public Rack - Spaulding Ave & Bryn Mawr Ave,12
cold,weekend,mild,Public Rack - Spaulding Ave & Evergreen Ave,67
cold,weekend,mild,Public Rack - Spaulding Ave & Foster Ave,2
cold,weekend,mild,Public Rack - Spaulding Ave & North Ave,42
cold,weekend,mild,Public Rack - Springfield & 71st,1
cold,weekend,mild,Public Rack - Springfield & 79th,3
cold,weekend,mild,Public Rack - Springfield Ave & Lawrence Ave,57
cold,weekend,mild,Public Rack - St Louis & 83rd,2
cold,weekend,mild,Public Rack - St Louis & Columbus,1
cold,weekend,mild,Public Rack - St Louis & Lincoln,6
cold,weekend,mild,Public Rack - St Louis Ave & Berteau Ave,11
cold,weekend,mild,Public Rack - St Louis Ave & Flournoy St,2
cold,weekend,mild,Public Rack - State ST & 42nd St,8
cold,weekend,mild,Public Rack - Stony Island Ave & 86th St,1
cold,weekend,mild,Public Rack - Talman Ave & 51st St,4
cold,weekend,mild,Public Rack - Talman Ave & Pershing Rd,1
cold,weekend,mild,Public Rack - The Montessori School of Englewood,1
cold,weekend,mild,Public Rack - Torrence Ave  & 106th St,2
cold,weekend,mild,Public Rack - Torrence Ave & 98th St,2
cold,weekend,mild,Public Rack - Touhy Ave & Oconto Ave,10
cold,weekend,mild,Public Rack - Tripp Ave & North Ave,1
cold,weekend,mild,Public Rack - Troy & 71st,1
cold,weekend,mild,Public Rack - Trumbull Ave & 111th St,3
cold,weekend,mild,Public Rack - Tuley (Murray) Park,1
cold,weekend,mild,Public Rack - Vincennes Ave & 87th St,1
cold,weekend,mild,Public Rack - Vincennes Ave & 95th Pl,1
cold,weekend,mild,Public Rack - Wabash Ave & 87th St,3
cold,weekend,mild,Public Rack - Walden Pkwy & 103rd St,18
cold,weekend,mild,Public Rack - Waller Ave & Chicago Ave,2
cold,weekend,mild,Public Rack - Washington Park Ct & 51st St,8
cold,weekend,mild,Public Rack - Washtenaw Ave & Devon Ave,57
cold,weekend,mild,Public Rack - Washtenaw Ave & Superior St,143
cold,weekend,mild,Public Rack - Wentworth Ave & 103rd St,2
cold,weekend,mild,Public Rack - Wentworth Ave & 79th St,2
cold,weekend,mild,Public Rack - West Chatham Park,1
cold,weekend,mild,Public Rack - Western & 74th,1
cold,weekend,mild,Public Rack - Western & 79th,1
cold,weekend,mild,Public Rack - Western & 83rd,1
cold,weekend,mild,Public Rack - Western Ave & 100th St,3
cold,weekend,mild,Public Rack - Western Ave & 105th St,1
cold,weekend,mild,Public Rack - Western Ave & 106th St - West,1
cold,weekend,mild,Public Rack - Western Ave & 107th St,1
cold,weekend,mild,Public Rack - Western Ave & 110th St,1
cold,weekend,mild,Public Rack - Western Ave & 116th St,1
cold,weekend,mild,Public Rack - Western Ave & 118th St,3
cold,weekend,mild,Public Rack - Western Ave & 47th Pl,23
cold,weekend,mild,Public Rack - Western Ave & 79th St,1
cold,weekend,mild,Public Rack - Western Ave & 92nd Pl,18
cold,weekend,mild,Public Rack - Western Ave & 96th St,1
cold,weekend,mild,Public Rack - Western Ave & Devon Ave,53
cold,weekend,mild,Public Rack - Western Ave & Jarvis Ave,14
cold,weekend,mild,Public Rack - Western Blvd & 49th St,3
cold,weekend,mild,Public Rack - Western Blvd & 53rd St,1
cold,weekend,mild,Public Rack - Whipple St & 63rd St,14
cold,weekend,mild,Public Rack - Wilbur Wright College South,1
cold,weekend,mild,Public Rack - William J Onahan Public School,5
cold,weekend,mild,Public Rack - Wood St & 103rd St,3
cold,weekend,mild,Public Rack - Wood St & 47th St,4
cold,weekend,mild,Public Rack - Woodlawn Ave & 63rd St N,88
cold,weekend,mild,Public Rack - Woodlawn Ave & 63rd St S,19
cold,weekend,mild,Public Rack - Wrightwood Metra Station,1
cold,weekend,mild,Public Rack - Yates Ave & 100th St,4
cold,weekend,mild,Pulaski Rd & 51st St,115
cold,weekend,mild,Pulaski Rd & 54th St,23
cold,weekend,mild,Pulaski Rd & 60th Pl,14
cold,weekend,mild,Pulaski Rd & 60th St,10
cold,weekend,mild,Pulaski Rd & 68th St,30
cold,weekend,mild,Pulaski Rd & 75th St,7
cold,weekend,mild,Pulaski Rd & 84th St,17
cold,weekend,mild,Pulaski Rd & Ann Lurie Pl,23
cold,weekend,mild,Pulaski Rd & Congress Pkwy,24
cold,weekend,mild,Pulaski Rd & Eddy St,144
cold,weekend,mild,Pulaski Rd & Lake St,18
cold,weekend,mild,Racine Ave & 115th St,23
cold,weekend,mild,Racine Ave & 13th St,212
cold,weekend,mild,Racine Ave & 15th St,661
cold,weekend,mild,Racine Ave & 18th St,1388
cold,weekend,mild,Racine Ave & 35th St,217
cold,weekend,mild,Racine Ave & 57th St,12
cold,weekend,mild,Racine Ave & 61st St,8
cold,weekend,mild,Racine Ave & 65th St,27
cold,weekend,mild,Racine Ave & Belmont Ave,3202
cold,weekend,mild,Racine Ave & Broadway,337
cold,weekend,mild,Racine Ave & Congress Pkwy,829
cold,weekend,mild,Racine Ave & Fullerton Ave,2616
cold,weekend,mild,Racine Ave & Garfield Blvd,16
cold,weekend,mild,Racine Ave & Randolph St,869
cold,weekend,mild,Racine Ave & Washington Blvd,1092
cold,weekend,mild,Racine Ave & Webster Ave,190
cold,weekend,mild,Racine Ave & Wrightwood Ave,1763
cold,weekend,mild,Racine/Eddy Corral,232
cold,weekend,mild,Rainbow - Beach,17
cold,weekend,mild,Rainbow Beach,55
cold,weekend,mild,Ravenswood Ave & Berteau Ave,1193
cold,weekend,mild,Ravenswood Ave & Irving Park Rd,1395
cold,weekend,mild,Ravenswood Ave & Lawrence Ave,3344
cold,weekend,mild,Rhodes Ave & 32nd St,827
cold,weekend,mild,Rhodes Ave & 71st St,3
cold,weekend,mild,Richmond St & 59th St,50
cold,weekend,mild,Richmond St & Diversey Ave,866
cold,weekend,mild,Richmond St & Lincoln Ave,60
cold,weekend,mild,Ridge Blvd & Howard St,210
cold,weekend,mild,Ridge Blvd & Touhy Ave,249
cold,weekend,mild,Ritchie Ct & Banks St,3143
cold,weekend,mild,Rockwell Ave & Logan Blvd,130
cold,weekend,mild,Rockwell St & 47th St,22
cold,weekend,mild,Rockwell St & 57th St,41
cold,weekend,mild,Rockwell St & 63rd St,10
cold,weekend,mild,Rockwell St & Archer Ave,110
cold,weekend,mild,Rockwell St & Cermak Rd,88
cold,weekend,mild,Rockwell St & Eastwood Ave,710
cold,weekend,mild,Rockwell St & Fletcher St,564
cold,weekend,mild,Rockwell/Irving Park Hub,59
cold,weekend,mild,Roscoe & Harlem,7
cold,weekend,mild,Rush St & Cedar St,4150
cold,weekend,mild,Rush St & Hubbard St,2037
cold,weekend,mild,Rush St & Illinois St,332
cold,weekend,mild,Rush St & Superior St,3025
cold,weekend,mild,S Aberdeen St & W 106th St,4
cold,weekend,mild,S Michigan Ave & E 118th St,3
cold,weekend,mild,SCOOTERS CLASSIC - 2132 W Hubbard ST,32
cold,weekend,mild,Sacramento Ave & 25th St,21
cold,weekend,mild,Sacramento Ave & 51st St,11
cold,weekend,mild,Sacramento Ave & Linden Pl,4
cold,weekend,mild,Sacramento Ave & Lunt Ave,81
cold,weekend,mild,Sacramento Ave & Lyndale St,116
cold,weekend,mild,Sacramento Ave & Pratt Blvd,51
cold,weekend,mild,Sacramento Blvd & Addison St,236
cold,weekend,mild,Sacramento Blvd & Franklin Blvd,83
cold,weekend,mild,Sacramento Blvd & Fulton Ave,99
cold,weekend,mild,Sacramento Blvd & Polk St,12
cold,weekend,mild,Sangamon St & Adams St,294
cold,weekend,mild,Sangamon St & Lake St,2238
cold,weekend,mild,Sangamon St & Washington Blvd,1781
cold,weekend,mild,Sawyer Ave & Irving Park Rd,327
cold,weekend,mild,Sayre Ave & Diversey Ave,59
cold,weekend,mild,Scottsdale Park,17
cold,weekend,mild,Sedgwick St & Chicago Ave,75
cold,weekend,mild,Sedgwick St & Huron St,2474
cold,weekend,mild,Sedgwick St & North Ave,3012
cold,weekend,mild,Sedgwick St & Schiller St,960
cold,weekend,mild,Sedgwick St & Webster Ave,3343
cold,weekend,mild,Seeley Ave & Garfield Blvd,21
cold,weekend,mild,Seeley Ave & Roscoe St,1438
cold,weekend,mild,Seminary Ave & Belden Ave,238
cold,weekend,mild,Shabbona Park,83
cold,weekend,mild,Shedd Aquarium,7985
cold,weekend,mild,Sheffield Ave & Addison St,2359
cold,weekend,mild,Sheffield Ave & Fletcher St,161
cold,weekend,mild,Sheffield Ave & Fullerton Ave,3575
cold,weekend,mild,Sheffield Ave & Kingsbury St,3151
cold,weekend,mild,Sheffield Ave & Waveland Ave,4190
cold,weekend,mild,Sheffield Ave & Webster Ave,3692
cold,weekend,mild,Sheffield Ave & Wellington Ave,3485
cold,weekend,mild,Sheffield Ave & Willow St,2302
cold,weekend,mild,Sheffield Ave & Wrightwood Ave,3932
cold,weekend,mild,Sheffield/Cornelia Corral,175
cold,weekend,mild,Sheffield/Newport Corral,453
cold,weekend,mild,Sheridan Rd & Argyle St,2442
cold,weekend,mild,Sheridan Rd & Berwyn Ave,96
cold,weekend,mild,Sheridan Rd & Buena Ave,2764
cold,weekend,mild,Sheridan Rd & Columbia Ave,757
cold,weekend,mild,Sheridan Rd & Greenleaf Ave,684
cold,weekend,mild,Sheridan Rd & Irving Park Rd,3655
cold,weekend,mild,Sheridan Rd & Lawrence Ave,1558
cold,weekend,mild,Sheridan Rd & Loyola Ave,1090
cold,weekend,mild,Sheridan Rd & Montrose Ave,3595
cold,weekend,mild,Sheridan Rd & Noyes St (NU),1205
cold,weekend,mild,Shields Ave & 28th Pl,421
cold,weekend,mild,Shields Ave & 31st St,880
cold,weekend,mild,Shields Ave & 43rd St,47
cold,weekend,mild,Shields Ave & 57th St,5
cold,weekend,mild,Shore Dr & 53rd St,17
cold,weekend,mild,Shore Dr & 55th St,3628
cold,weekend,mild,Smith Park,503
cold,weekend,mild,South Chicago Ave & 83rd St,3
cold,weekend,mild,South Chicago Ave & Elliot Ave,2
cold,weekend,mild,South Shore Dr & 67th St,307
cold,weekend,mild,South Shore Dr & 71st St,466
cold,weekend,mild,South Shore Dr & 74th St,147
cold,weekend,mild,Southport Ave & Belmont Ave,2531
cold,weekend,mild,Southport Ave & Clark St,941
cold,weekend,mild,Southport Ave & Clybourn Ave,1358
cold,weekend,mild,Southport Ave & Grace St,82
cold,weekend,mild,Southport Ave & Irving Park Rd,2015
cold,weekend,mild,Southport Ave & Roscoe St,4514
cold,weekend,mild,Southport Ave & Waveland Ave,5197
cold,weekend,mild,Southport Ave & Wellington Ave,3488
cold,weekend,mild,Southport Ave & Wrightwood Ave,2532
cold,weekend,mild,Spaulding Ave & 16th St,37
cold,weekend,mild,Spaulding Ave & 63rd,26
cold,weekend,mild,Spaulding Ave & Armitage Ave,1371
cold,weekend,mild,Spaulding Ave & Division St,538
cold,weekend,mild,Spaulding Ave & Milwaukee Ave,2
cold,weekend,mild,Springfield Ave & 47th St,3
cold,weekend,mild,Springfield Ave & 71st St,7
cold,weekend,mild,Springfield Ave & 80th St,14
cold,weekend,mild,Springfield Ave & North Ave,123
cold,weekend,mild,St Clair St & Ohio St,391
cold,weekend,mild,St Louis Ave & 51st St,11
cold,weekend,mild,St Louis Ave & 59th St,40
cold,weekend,mild,St Louis Ave & Foster Ave,102
cold,weekend,mild,St Louis Ave & Norman Bobbins Pl,29
cold,weekend,mild,St. Clair St & Erie St,3745
cold,weekend,mild,St. Clair St & Erie St 1,7
cold,weekend,mild,St. Clair St & Erie St 2,15
cold,weekend,mild,St. Louis & 71st St,18
cold,weekend,mild,St. Louis Ave & Balmoral Ave,179
cold,weekend,mild,St. Louis Ave & Fullerton Ave,878
cold,weekend,mild,State St & 111th St,12
cold,weekend,mild,State St & 123rd St,1
cold,weekend,mild,State St & 127th St,1
cold,weekend,mild,State St & 19th St,777
cold,weekend,mild,State St & 29th St,123
cold,weekend,mild,State St & 33rd St,990
cold,weekend,mild,State St & 35th St,527
cold,weekend,mild,State St & 45th St,45
cold,weekend,mild,State St & 54th St,32
cold,weekend,mild,State St & 76th St,12
cold,weekend,mild,State St & 79th St,37
cold,weekend,mild,State St & 95th St,86
cold,weekend,mild,State St & Chicago Ave,6179
cold,weekend,mild,State St & Harrison St,1940
cold,weekend,mild,State St & Kinzie St,2948
cold,weekend,mild,State St & Pearson St,1737
cold,weekend,mild,State St & Pershing Rd,45
cold,weekend,mild,State St & Randolph St,3320
cold,weekend,mild,State St & Van Buren St,1545
cold,weekend,mild,Stave St & Armitage Ave,1112
cold,weekend,mild,Steelworkers Park,106
cold,weekend,mild,Steelworkers Park (Updated),8
cold,weekend,mild,Stetson Ave & South Water St,2149
cold,weekend,mild,Stewart Ave & 123rd St,36
cold,weekend,mild,Stewart Ave & 63rd St,11
cold,weekend,mild,Stewart Ave & 83rd St,16
cold,weekend,mild,Stockton Dr & Wrightwood Ave,4172
cold,weekend,mild,Stony Island Ave & 63rd St,270
cold,weekend,mild,Stony Island Ave & 64th St,67
cold,weekend,mild,Stony Island Ave & 67th St,83
cold,weekend,mild,Stony Island Ave & 71st St,95
cold,weekend,mild,Stony Island Ave & 75th St,91
cold,weekend,mild,Stony Island Ave & 82nd St,14
cold,weekend,mild,Stony Island Ave & 90th St,17
cold,weekend,mild,Stony Island Ave & South Chicago Ave,2
cold,weekend,mild,Streeter Dr & Grand Ave,11725
cold,weekend,mild,Streeter Dr/Grand Ave,1308
cold,weekend,mild,Summit Ave & 86th St,6
cold,weekend,mild,Talman Ave & Addison St,1049
cold,weekend,mild,The Salt Shed,536
cold,weekend,mild,Theater on the Lake,12318
cold,weekend,mild,Throop St & 52nd St,16
cold,weekend,mild,Throop St & 99th St,10
cold,weekend,mild,Throop St & Taylor St,1325
cold,weekend,mild,Torrence Ave & 106th St,3
cold,weekend,mild,Torrence Ave & 126th Pl,13
cold,weekend,mild,Tripp Ave & 15th St,20
cold,weekend,mild,Tripp Ave & 31st St,25
cold,weekend,mild,Tripp Ave & 65th St,26
cold,weekend,mild,Troy Ave & 27th St,9
cold,weekend,mild,Troy St & Elston Ave,608
cold,weekend,mild,Troy St & Grace St,156
cold,weekend,mild,Troy St & Jackson Blvd,14
cold,weekend,mild,Troy St & North Ave,634
cold,weekend,mild,Union Ave & Root St,62
cold,weekend,mild,University Ave & 57th St,3676
cold,weekend,mild,University Ave & 59th St,812
cold,weekend,mild,University Ave & 65th St,123
cold,weekend,mild,University Library (NU),512
cold,weekend,mild,Valli Produce - Evanston Plaza,206
cold,weekend,mild,Vernon Ave & 107th St,14
cold,weekend,mild,Vernon Ave & 75th St,29
cold,weekend,mild,Vernon Ave & 79th St,24
cold,weekend,mild,Vincennes Ave & 104th St,19
cold,weekend,mild,Vincennes Ave & 107th St,17
cold,weekend,mild,Vincennes Ave & 75th St,2
cold,weekend,mild,Vincennes Ave & 79th St,27
cold,weekend,mild,Vincennes Ave & 95th St,36
cold,weekend,mild,Virginia Ave & Catalpa Ave,88
cold,weekend,mild,W 103rd St & S Avers Ave,17
cold,weekend,mild,W Armitage Ave & N Sheffield Ave,1196
cold,weekend,mild,W Washington Blvd & N Peoria St,201
cold,weekend,mild,Wabansia & Milwaukee,476
cold,weekend,mild,Wabash Ave & 16th St,1794
cold,weekend,mild,Wabash Ave & 49th St,25
cold,weekend,mild,Wabash Ave & 59th St,28
cold,weekend,mild,Wabash Ave & 83rd St,13
cold,weekend,mild,Wabash Ave & 87th St,56
cold,weekend,mild,Wabash Ave & 9th St,3306
cold,weekend,mild,Wabash Ave & Adams St,2138
cold,weekend,mild,Wabash Ave & Cermak Rd,987
cold,weekend,mild,Wabash Ave & Grand Ave,5914
cold,weekend,mild,Wabash Ave & Jackson Blvd,37
cold,weekend,mild,Wabash Ave & Roosevelt Rd,4752
cold,weekend,mild,Wabash Ave & Wacker Pl,3145
cold,weekend,mild,Wabash Ave & Washington St,659
cold,weekend,mild,Wacker Dr & Randolph St,143
cold,weekend,mild,Wacker Dr & Washington St,641
cold,weekend,mild,Wacker Dr & Washington St Corral,25
cold,weekend,mild,Walden Pkwy & 100th St,54
cold,weekend,mild,Wallace St & 28th St,101
cold,weekend,mild,Wallace St & 35th St,343
cold,weekend,mild,Wallace St & Pershing Rd,82
cold,weekend,mild,Walsh Park,1571
cold,weekend,mild,Warren Park East,230
cold,weekend,mild,Warren Park West,342
cold,weekend,mild,Washtenaw Ave & Lawrence Ave,639
cold,weekend,mild,Washtenaw Ave & Ogden Ave,126
cold,weekend,mild,Washtenaw Ave & Peterson Ave,53
cold,weekend,mild,Washtenaw Ave & Polk St,61
cold,weekend,mild,Waveland/Racine,87
cold,weekend,mild,Waveland/Racine Corral,330
cold,weekend,mild,Waveland/Wilton Corral,44
cold,weekend,mild,Wellington Ave & Mulligan Ave,31
cold,weekend,mild,Wells St & 19th St,672
cold,weekend,mild,Wells St & Concord Ln,8497
cold,weekend,mild,Wells St & Elm St,7437
cold,weekend,mild,Wells St & Evergreen Ave,4051
cold,weekend,mild,Wells St & Hubbard St,4174
cold,weekend,mild,Wells St & Huron St,5543
cold,weekend,mild,Wells St & Institute Pl,1857
cold,weekend,mild,Wells St & Madison St,200
cold,weekend,mild,Wells St & Polk St,2582
cold,weekend,mild,Wells St & Randolph St,1928
cold,weekend,mild,Wells St & Randolph St Corral,86
cold,weekend,mild,Wells St & Walton St,3271
cold,weekend,mild,Wells St & Washington St,415
cold,weekend,mild,Wentworth Ave & 104th St,3
cold,weekend,mild,Wentworth Ave & 107th St,13
cold,weekend,mild,Wentworth Ave & 24th St,675
cold,weekend,mild,Wentworth Ave & 33rd St,517
cold,weekend,mild,Wentworth Ave & 35th St,540
cold,weekend,mild,Wentworth Ave & 63rd St,63
cold,weekend,mild,Wentworth Ave & 92nd St,4
cold,weekend,mild,Wentworth Ave & Cermak Rd*,2446
cold,weekend,mild,Western Ave & 101st St,17
cold,weekend,mild,Western Ave & 104th St,27
cold,weekend,mild,Western Ave & 111th St,39
cold,weekend,mild,Western Ave & 21st St,256
cold,weekend,mild,Western Ave & 24th St,239
cold,weekend,mild,Western Ave & 28th St,43
cold,weekend,mild,Western Ave & 43rd St,41
cold,weekend,mild,Western Ave & 62nd St,14
cold,weekend,mild,Western Ave & 79th St,19
cold,weekend,mild,Western Ave & 81st St,6
cold,weekend,mild,Western Ave & Ardmore Ave,105
cold,weekend,mild,Western Ave & Berteau Ave,240
cold,weekend,mild,Western Ave & Congress Pkwy,426
cold,weekend,mild,Western Ave & Division St,1104
cold,weekend,mild,Western Ave & Fillmore St,550
cold,weekend,mild,Western Ave & Grace St,300
cold,weekend,mild,Western Ave & Granville Ave,311
cold,weekend,mild,Western Ave & Gunnison St,135
cold,weekend,mild,Western Ave & Howard St,251
cold,weekend,mild,Western Ave & Lake St,110
cold,weekend,mild,Western Ave & Leland Ave,1414
cold,weekend,mild,Western Ave & Lunt Ave,357
cold,weekend,mild,Western Ave & Lyndale St,126
cold,weekend,mild,Western Ave & Monroe St,317
cold,weekend,mild,Western Ave & Roscoe St,718
cold,weekend,mild,Western Ave & Wabansia Ave,217
cold,weekend,mild,Western Ave & Walton St,1499
cold,weekend,mild,Western Ave & Winnebago Ave,1925
cold,weekend,mild,Western Blvd & 48th Pl,104
cold,weekend,mild,Whipple St & Roosevelt Rd,11
cold,weekend,mild,Whipple/Irving Park,223
cold,weekend,mild,Wilton Ave & Addison St,1426
cold,weekend,mild,Wilton Ave & Belmont Ave,6174
cold,weekend,mild,Wilton Ave & Diversey Pkwy,2709
cold,weekend,mild,Wilton Ave & Diversey Pkwy*,1209
cold,weekend,mild,Winchester (Ravenswood) Ave & Balmoral Ave,501
cold,weekend,mild,Winchester Ave & Elston Ave,664
cold,weekend,mild,Winthrop Ave & Lawrence Ave,1706
cold,weekend,mild,Wolcott (Ravenswood) Ave & Montrose Ave,1590
cold,weekend,mild,Wolcott Ave & Fargo Ave,151
cold,weekend,mild,Wolcott Ave & Polk St,965
cold,weekend,mild,Wood St & 33rd St,71
cold,weekend,mild,Wood St & 35th St,156
cold,weekend,mild,Wood St & 84th St,8
cold,weekend,mild,Wood St & Augusta Blvd,1384
cold,weekend,mild,Wood St & Beach Ave,857
cold,weekend,mild,Wood St & Chicago Ave,1691
cold,weekend,mild,Wood St & Cortland St,115
cold,weekend,mild,Wood St & Hubbard St,806
cold,weekend,mild,Wood St & Milwaukee Ave,2684
cold,weekend,mild,Wood St & Taylor St (Temp),551
cold,weekend,mild,Wood St & Walnut St,65
cold,weekend,mild,Wood St & Webster Ave,679
cold,weekend,mild,Woodlawn & 103rd,9
cold,weekend,mild,Woodlawn Ave & 55th St,1897
cold,weekend,mild,Woodlawn Ave & 58th St,1620
cold,weekend,mild,Woodlawn Ave & 75th St,11
cold,weekend,mild,Woodlawn Ave & Lake Park Ave,374
cold,weekend,mild,Yates Blvd & 75th St,31
cold,weekend,mild,Yates Blvd & 93rd St,16
rain,weekday,dry,2112 W Peterson Ave,419
rain,weekday,dry,21st St & Pulaski Rd,36
rain,weekday,dry,63rd St Beach,433
rain,weekday,dry,900 W Harrison St,4967
rain,weekday,dry,Aberdeen St & 103rd St,23
rain,weekday,dry,Aberdeen St & Carroll Ave,3127
rain,weekday,dry,Aberdeen St & Jackson Blvd,7311
rain,weekday,dry,Aberdeen St & Monroe St,4418
rain,weekday,dry,Aberdeen St & Randolph St,6340
rain,weekday,dry,Ada St & 113th Place,3
rain,weekday,dry,Ada St & Washington Blvd,3913
rain,weekday,dry,Addison Red Line,294
rain,weekday,dry,Addison Red Line Corral,17
rain,weekday,dry,Addison/Racine,110
rain,weekday,dry,Addison/Racine Corral,584
rain,weekday,dry,Addison/Sheffield SE Corral,216
rain,weekday,dry,Addison/Sheffield SW Corral,307
rain,weekday,dry,Addison/Wilton Corral,306
rain,weekday,dry,Adler Planetarium,5988
rain,weekday,dry,Albany Ave & 16th St,47
rain,weekday,dry,Albany Ave & 26th St,122
rain,weekday,dry,Albany Ave & Belmont Ave,338
rain,weekday,dry,Albany Ave & Bloomingdale Ave,2181
rain,weekday,dry,Albany Ave & Douglas Blvd,83
rain,weekday,dry,Albany Ave & Montrose Ave,1146
rain,weekday,dry,Altgeld Gardens,19
rain,weekday,dry,Archer & Wentworth,363
rain,weekday,dry,Archer (Damen) Ave & 37th St,206
rain,weekday,dry,Archer Ave & 43rd St,25
rain,weekday,dry,Archer Ave & 49th St,48
rain,weekday,dry,Archer Ave & Homan Ave,41
rain,weekday,dry,Archer Ave & Wentworth Ave,667
rain,weekday,dry,Artesian Ave & 55th St,47
rain,weekday,dry,Artesian Ave & 71st St,37
rain,weekday,dry,Artesian Ave & Hubbard St,3008
rain,weekday,dry,Artesian Ave & Marquette Rd,24
rain,weekday,dry,Ashland Ave & 13th St,1714
rain,weekday,dry,Ashland Ave & 50th St,84
rain,weekday,dry,Ashland Ave & 63rd St,34
rain,weekday,dry,Ashland Ave & 66th St,36
rain,weekday,dry,Ashland Ave & 74th St,26
rain,weekday,dry,Ashland Ave & 78th St,28
rain,weekday,dry,Ashland Ave & Archer Ave,588
rain,weekday,dry,Ashland Ave & Augusta Blvd,3379
rain,weekday,dry,Ashland Ave & Belle Plaine Ave,1288
rain,weekday,dry,Ashland Ave & Blackhawk St,3979
rain,weekday,dry,Ashland Ave & Chicago Ave,3891
rain,weekday,dry,Ashland Ave & Division St,7498
rain,weekday,dry,Ashland Ave & Garfield Blvd,29
rain,weekday,dry,Ashland Ave & Grace St,2587
rain,weekday,dry,Ashland Ave & Grand Ave,2655
rain,weekday,dry,Ashland Ave & Lake St,2704
rain,weekday,dry,Ashland Ave & McDowell Ave,135
rain,weekday,dry,Ashland Ave & Pershing Rd,240
rain,weekday,dry,Ashland Ave & Wellington Ave,3291
rain,weekday,dry,Ashland Ave & Wrightwood Ave,3003
rain,weekday,dry,Augusta Blvd & Laramie Ave,54
rain,weekday,dry,Austin Ave & Milwaukee Ave,94
rain,weekday,dry,Austin Blvd & Chicago Ave,53
rain,weekday,dry,Austin Blvd & Lake St,188
rain,weekday,dry,Austin Blvd & Madison St,142
rain,weekday,dry,Ave L & 114th,72
rain,weekday,dry,Avenue L & 114th St,3
rain,weekday,dry,Avenue O & 118th St,13
rain,weekday,dry,Avenue O & 134th St,15
rain,weekday,dry,Avers Ave & 16th St,58
rain,weekday,dry,Avers Ave & Belmont Ave,1438
rain,weekday,dry,Avers Ave & Foster Ave,119
rain,weekday,dry,Avondale Ave & Irving Park Rd,1546
rain,weekday,dry,Baltimore Ave & 133rd St,35
rain,weekday,dry,Baltimore Ave & 87th St,48
rain,weekday,dry,Bennett Ave & 79th St,15
rain,weekday,dry,Benson Ave & Church St,3585
rain,weekday,dry,Bernard St & Elston Ave,562
rain,weekday,dry,Bernard St & Peterson Ave,118
rain,weekday,dry,Big Marsh Park,103
rain,weekday,dry,Bissell St & Armitage Ave*,5736
rain,weekday,dry,Blackstone Ave & 59th St,4831
rain,weekday,dry,Blackstone Ave & Hyde Park Blvd,2342
rain,weekday,dry,Blue Island Ave & 18th St,2565
rain,weekday,dry,Bosworth Ave & Howard St,384
rain,weekday,dry,Bradley Park,36
rain,weekday,dry,Broadway & Argyle St,3181
rain,weekday,dry,Broadway & Barry Ave,8861
rain,weekday,dry,Broadway & Belmont Ave,6907
rain,weekday,dry,Broadway & Berwyn Ave,3798
rain,weekday,dry,Broadway & Cornelia Ave,9914
rain,weekday,dry,Broadway & Cuyler Ave,271
rain,weekday,dry,Broadway & Granville Ave,3249
rain,weekday,dry,Broadway & Oakdale Ave,2144
rain,weekday,dry,Broadway & Ridge Ave,2440
rain,weekday,dry,Broadway & Roscoe Ave,526
rain,weekday,dry,Broadway & Sheridan Rd,6768
rain,weekday,dry,Broadway & Sunnyside Ave,1447
rain,weekday,dry,Broadway & Thorndale Ave,3061
rain,weekday,dry,Broadway & Waveland Ave,9601
rain,weekday,dry,Broadway & Wilson Ave,4977
rain,weekday,dry,Buckingham Fountain,4837
rain,weekday,dry,Budlong Woods Library,328
rain,weekday,dry,Burley Ave & 85th St,32
rain,weekday,dry,Burley Ave & 91st St,8
rain,weekday,dry,Burling St & Armitage Ave,528
rain,weekday,dry,Burling St & Diversey Pkwy,5618
rain,weekday,dry,Burling St & Diversey Pkwy*,15
rain,weekday,dry,Burnham Greenway & 105th St,47
rain,weekday,dry,Burnham Greenway & 112th St,87
rain,weekday,dry,Burnham Harbor,3922
rain,weekday,dry,California & 16th St,121
rain,weekday,dry,California Ave & 21st St,521
rain,weekday,dry,California Ave & 23rd Pl,286
rain,weekday,dry,California Ave & 26th St,124
rain,weekday,dry,California Ave & 29th St,11
rain,weekday,dry,California Ave & 36th St,39
rain,weekday,dry,California Ave & 41st St,179
rain,weekday,dry,California Ave & 71st St,71
rain,weekday,dry,California Ave & Altgeld St,1595
rain,weekday,dry,California Ave & Byron St,1277
rain,weekday,dry,California Ave & Cortez St,2810
rain,weekday,dry,California Ave & Division St,1750
rain,weekday,dry,California Ave & Fletcher St,1589
rain,weekday,dry,California Ave & Francis Pl,2012
rain,weekday,dry,California Ave & Granville Ave,643
rain,weekday,dry,California Ave & Lake St,437
rain,weekday,dry,California Ave & Madison St,105
rain,weekday,dry,California Ave & Marquette Rd,57
rain,weekday,dry,California Ave & Milwaukee Ave,5518
rain,weekday,dry,California Ave & Montrose Ave,1692
rain,weekday,dry,California Ave & North Ave,1842
rain,weekday,dry,California Ave & Touhy Ave,167
rain,weekday,dry,California Ave & Winona St,266
rain,weekday,dry,Calumet Ave & 18th St,4053
rain,weekday,dry,Calumet Ave & 21st St,2643
rain,weekday,dry,Calumet Ave & 33rd St,2118
rain,weekday,dry,Calumet Ave & 35th St,703
rain,weekday,dry,Calumet Ave & 51st St,335
rain,weekday,dry,Calumet Ave & 71st St,23
rain,weekday,dry,Calumet Park,60
rain,weekday,dry,Campbell Ave & 51st St,65
rain,weekday,dry,Campbell Ave & Augusta Blvd,1464
rain,weekday,dry,Campbell Ave & Fullerton Ave,1166
rain,weekday,dry,Campbell Ave & Irving Park Rd,390
rain,weekday,dry,Campbell Ave & Montrose Ave,1813
rain,weekday,dry,Campbell Ave & North Ave,2938
rain,weekday,dry,Canal St & Adams St,14802
rain,weekday,dry,Canal St & Harrison St,1838
rain,weekday,dry,Canal St & Jackson Blvd,8161
rain,weekday,dry,Canal St & Madison St,19899
rain,weekday,dry,Canal St & Monroe St,6413
rain,weekday,dry,Canal St & Taylor St,2859
rain,weekday,dry,Cannon Dr & Fullerton Ave,2079
rain,weekday,dry,Carpenter St & 63rd St,12
rain,weekday,dry,Carpenter St & Fulton St,759
rain,weekday,dry,Carpenter St & Huron St,4584
rain,weekday,dry,Central & Elston,71
rain,weekday,dry,Central Ave & Altgeld St,131
rain,weekday,dry,Central Ave & Chicago Ave,77
rain,weekday,dry,Central Ave & Harrison St,22
rain,weekday,dry,Central Ave & Lake St,84
rain,weekday,dry,Central Ave & Madison St,40
rain,weekday,dry,Central Ave & Parker Ave,98
rain,weekday,dry,Central Ave & Roscoe St,70
rain,weekday,dry,Central Ave & Wellington Ave,63
rain,weekday,dry,Central Park & Augusta Blvd,174
rain,weekday,dry,Central Park Ave & 24th St,133
rain,weekday,dry,Central Park Ave & 66th St,8
rain,weekday,dry,Central Park Ave & Ardmore Ave,272
rain,weekday,dry,Central Park Ave & Bloomingdale Ave,1196
rain,weekday,dry,Central Park Ave & Douglas Blvd,49
rain,weekday,dry,Central Park Ave & Elbridge Ave,1534
rain,weekday,dry,Central Park Ave & North Ave,647
rain,weekday,dry,Central Park Ave & Ogden Ave,265
rain,weekday,dry,Central Park Ave & Ohio St,70
rain,weekday,dry,Central Park Ave & Washington Blvd,48
rain,weekday,dry,Central Park Blvd & 5th Ave,126
rain,weekday,dry,Central St & Girard Ave,473
rain,weekday,dry,Central St Metra,617
rain,weekday,dry,Cherry Ave & Blackhawk St,1264
rain,weekday,dry,Chicago Ave & Sheridan Rd,2764
rain,weekday,dry,Chicago Ave & Washington St,1494
rain,weekday,dry,Chicago State University,128
rain,weekday,dry,Christiana Ave & Lawrence Ave,1033
rain,weekday,dry,Cicero Ave & Flournoy St,31
rain,weekday,dry,Cicero Ave & Lake St,25
rain,weekday,dry,Cicero Ave & Quincy St,33
rain,weekday,dry,Cicero Ave & Roscoe Ave,116
rain,weekday,dry,Cicero Ave & Wellington Ave,50
rain,weekday,dry,Cicero Ave & Wrightwood Ave,178
rain,weekday,dry,Cityfront Plaza Dr & Pioneer Ct,6042
rain,weekday,dry,Claremont Ave & Hirsch St,1205
rain,weekday,dry,Clarendon Ave & Gordon Ter,6895
rain,weekday,dry,Clarendon Ave & Junior Ter,5616
rain,weekday,dry,Clarendon Ave & Leland Ave,3448
rain,weekday,dry,Clark St & 9th St (AMLI),2165
rain,weekday,dry,Clark St & Arlington Pl,2290
rain,weekday,dry,Clark St & Armitage Ave,11636
rain,weekday,dry,Clark St & Berwyn Ave,5575
rain,weekday,dry,Clark St & Bryn Mawr Ave,3798
rain,weekday,dry,Clark St & Chicago Ave,5931
rain,weekday,dry,Clark St & Columbia Ave,1176
rain,weekday,dry,Clark St & Drummond Pl,7787
rain,weekday,dry,Clark St & Eddy St,1276
rain,weekday,dry,Clark St & Elm St,15430
rain,weekday,dry,Clark St & Elmdale Ave,1358
rain,weekday,dry,Clark St & Fletcher St,433
rain,weekday,dry,Clark St & Grace St,5005
rain,weekday,dry,Clark St & Ida B Wells Dr,4640
rain,weekday,dry,Clark St & Jarvis Ave,665
rain,weekday,dry,Clark St & Lake St,10779
rain,weekday,dry,Clark St & Leland Ave,4173
rain,weekday,dry,Clark St & Lincoln Ave,10959
rain,weekday,dry,Clark St & Lunt Ave,2138
rain,weekday,dry,Clark St & Montrose Ave,3622
rain,weekday,dry,Clark St & Newport St,8327
rain,weekday,dry,Clark St & North Ave,4977
rain,weekday,dry,Clark St & Schiller St,7393
rain,weekday,dry,Clark St & Schreiber Ave,1594
rain,weekday,dry,Clark St & Touhy Ave,424
rain,weekday,dry,Clark St & Washington St,100
rain,weekday,dry,Clark St & Wellington Ave,6776
rain,weekday,dry,Clark St & Winnemac Ave,6622
rain,weekday,dry,Clark St & Wrightwood Ave,8672
rain,weekday,dry,Clark/Eddy,377
rain,weekday,dry,Clark/Newport,274
rain,weekday,dry,Clark/Newport Corral,500
rain,weekday,dry,Clark/Racine,98
rain,weekday,dry,Clark/Racine Corral,360
rain,weekday,dry,Clifton Ave & Armitage Ave,5427
rain,weekday,dry,Clinton St & 18th St,1820
rain,weekday,dry,Clinton St & Jackson Blvd,15718
rain,weekday,dry,Clinton St & Lake St,11303
rain,weekday,dry,Clinton St & Madison St,18806
rain,weekday,dry,Clinton St & Polk St,662
rain,weekday,dry,Clinton St & Roosevelt Rd,2976
rain,weekday,dry,Clinton St & Tilden St,3772
rain,weekday,dry,Clinton St & Washington Blvd,21485
rain,weekday,dry,Clybourn Ave & Division St,2842
rain,weekday,dry,Clyde Ave & 87th St,61
rain,weekday,dry,Columbus Ave & 79th St,59
rain,weekday,dry,Columbus Ave & 83rd Pl,14
rain,weekday,dry,Columbus Dr & Randolph St,11113
rain,weekday,dry,Commercial Ave & 100th St,15
rain,weekday,dry,Commercial Ave & 130th St,55
rain,weekday,dry,Commercial Ave & 83rd St,63
rain,weekday,dry,Commercial Ave & 90th St,22
rain,weekday,dry,Commercial Ave & 97th St,35
rain,weekday,dry,Conservatory Dr & Lake St,212
rain,weekday,dry,Constance Ave & 95th St,21
rain,weekday,dry,Cornell Ave & Hyde Park Blvd,3330
rain,weekday,dry,Cottage Grove Ave & 111th Pl,16
rain,weekday,dry,Cottage Grove Ave & 43rd St,295
rain,weekday,dry,Cottage Grove Ave & 47th St,310
rain,weekday,dry,Cottage Grove Ave & 49th St,93
rain,weekday,dry,Cottage Grove Ave & 51st St,370
rain,weekday,dry,Cottage Grove Ave & 63rd St,546
rain,weekday,dry,Cottage Grove Ave & 67th St,272
rain,weekday,dry,Cottage Grove Ave & 71st St,32
rain,weekday,dry,Cottage Grove Ave & 78th St,20
rain,weekday,dry,Cottage Grove Ave & 83rd St,103
rain,weekday,dry,Cottage Grove Ave & Oakwood Blvd,535
rain,weekday,dry,Cumberland Ave & Catherine Ave,131
rain,weekday,dry,Daley Center Plaza,13623
rain,weekday,dry,Daley Center Plaza Corral,41
rain,weekday,dry,Damen Ave & 33rd St,17
rain,weekday,dry,Damen Ave & 51st St,43
rain,weekday,dry,Damen Ave & 59th St,45
rain,weekday,dry,Damen Ave & 74th St,23
rain,weekday,dry,Damen Ave & 77th St,29
rain,weekday,dry,Damen Ave & 81st St,59
rain,weekday,dry,Damen Ave & 87th St,25
rain,weekday,dry,Damen Ave & Charleston St,2783
rain,weekday,dry,Damen Ave & Chicago Ave,5244
rain,weekday,dry,Damen Ave & Clybourn Ave,2083
rain,weekday,dry,Damen Ave & Cortland St,5214
rain,weekday,dry,Damen Ave & Cullerton St,1383
rain,weekday,dry,Damen Ave & Division St,4238
rain,weekday,dry,Damen Ave & Evergreen Ave,159
rain,weekday,dry,Damen Ave & Foster Ave,2622
rain,weekday,dry,Damen Ave & Grand Ave,2446
rain,weekday,dry,Damen Ave & Lake St,2310
rain,weekday,dry,Damen Ave & Leland Ave,3361
rain,weekday,dry,Damen Ave & Madison St,1350
rain,weekday,dry,Damen Ave & Melrose Ave,2094
rain,weekday,dry,Damen Ave & Ohio St,207
rain,weekday,dry,Damen Ave & Pershing Rd,165
rain,weekday,dry,Damen Ave & Pierce Ave,6925
rain,weekday,dry,Damen Ave & St Paul Ave,483
rain,weekday,dry,Damen Ave & Sunnyside Ave,2086
rain,weekday,dry,Damen Ave & Thomas St (Augusta Blvd),3974
rain,weekday,dry,Damen Ave & Wabansia Ave,1499
rain,weekday,dry,Damen Ave & Wellington Ave,2474
rain,weekday,dry,Damen Ave & Wicker Park Ave,2755
rain,weekday,dry,Damen Ave/Coulter St,323
rain,weekday,dry,Dan Ryan Woods & 83rd St,103
rain,weekday,dry,Dauphin Ave & 103rd St,48
rain,weekday,dry,Dauphin Ave & 87th St,44
rain,weekday,dry,Dayton St & North Ave,5997
rain,weekday,dry,Dearborn Pkwy & Delaware Pl,11781
rain,weekday,dry,Dearborn St & Adams St,6727
rain,weekday,dry,Dearborn St & Adams St Corral,409
rain,weekday,dry,Dearborn St & Division St,1598
rain,weekday,dry,Dearborn St & Erie St,12075
rain,weekday,dry,Dearborn St & Madison St,355
rain,weekday,dry,Dearborn St & Maple St,1778
rain,weekday,dry,Dearborn St & Monroe St,9934
rain,weekday,dry,Dearborn St & Van Buren St,3223
rain,weekday,dry,Dearborn St & Washington St,108
rain,weekday,dry,Delano Ct & Roosevelt Rd,2794
rain,weekday,dry,Desplaines St & Jackson Blvd,6872
rain,weekday,dry,Desplaines St & Kinzie St,10779
rain,weekday,dry,Desplaines St & Randolph St,3810
rain,weekday,dry,Dodge Ave & Church St,400
rain,weekday,dry,Dodge Ave & Main St,387
rain,weekday,dry,Dodge Ave & Mulford St,235
rain,weekday,dry,Dorchester Ave & 49th St,570
rain,weekday,dry,Dorchester Ave & 53rd St,200
rain,weekday,dry,Dorchester Ave & 63rd St,491
rain,weekday,dry,Doty Ave & 111th St,24
rain,weekday,dry,Drake Ave & Addison St,1117
rain,weekday,dry,Drake Ave & Montrose Ave,722
rain,weekday,dry,Drexel Ave & 60th St,2454
rain,weekday,dry,DuSable Lake Shore Dr & Belmont Ave,8038
rain,weekday,dry,DuSable Lake Shore Dr & Diversey Pkwy,9371
rain,weekday,dry,DuSable Lake Shore Dr & Monroe St,15822
rain,weekday,dry,DuSable Lake Shore Dr & North Blvd,14984
rain,weekday,dry,DuSable Lake Shore Dr & Wellington Ave,7282
rain,weekday,dry,DuSable Museum,303
rain,weekday,dry,Dusable Harbor,9076
rain,weekday,dry,East End Ave & 87th St,20
rain,weekday,dry,Eastlake Ter & Howard St,743
rain,weekday,dry,Eberhart Ave & 131st St,4
rain,weekday,dry,Eberhart Ave & 61st St,155
rain,weekday,dry,Eberhart Ave & 91st St,23
rain,weekday,dry,Eckhart Park,3661
rain,weekday,dry,Eddy/Seminary Corral,665
rain,weekday,dry,Edgebrook Metra,211
rain,weekday,dry,Eggleston Ave & 111th St,28
rain,weekday,dry,Eggleston Ave & 115th St,24
rain,weekday,dry,Eggleston Ave & 69th St,41
rain,weekday,dry,Eggleston Ave & 92nd St,23
rain,weekday,dry,Elizabeth St & 47th St,53
rain,weekday,dry,Elizabeth St & 92nd St,14
rain,weekday,dry,Elizabeth St & Fulton St,4303
rain,weekday,dry,Elizabeth St & Randolph St,5602
rain,weekday,dry,Ellis Ave & 53rd St,3265
rain,weekday,dry,Ellis Ave & 55th St,9799
rain,weekday,dry,Ellis Ave & 58th St,5157
rain,weekday,dry,Ellis Ave & 60th St,9859
rain,weekday,dry,Ellis Ave & 83rd St,46
rain,weekday,dry,Elmwood Ave & Austin St,577
rain,weekday,dry,Elston Ave & Carmen Ave,150
rain,weekday,dry,Elston Ave & Cortland St,6714
rain,weekday,dry,Elston Ave & George St,847
rain,weekday,dry,Elston Ave & Henderson St,539
rain,weekday,dry,Elston Ave & Wabansia Ave,1537
rain,weekday,dry,Emerald Ave & 28th St,822
rain,weekday,dry,Emerald Ave & 31st St,1845
rain,weekday,dry,Evans Ave & 75th St,13
rain,weekday,dry,Evanston Civic Center,788
rain,weekday,dry,Ewing Ave & 106th St,63
rain,weekday,dry,Ewing Ave & 97th St,13
rain,weekday,dry,Ewing Ave & 98th St,27
rain,weekday,dry,Ewing Ave & Burnham Greenway,45
rain,weekday,dry,Exchange Ave & 79th St,98
rain,weekday,dry,Fairbanks Ct & Grand Ave,8465
rain,weekday,dry,Fairbanks St & Superior St,3825
rain,weekday,dry,Fairfield Ave & 44th St,192
rain,weekday,dry,Fairfield Ave & Pratt Blvd,229
rain,weekday,dry,Fairfield Ave & Roosevelt Rd,158
rain,weekday,dry,Farragut Ave & Central Ave,151
rain,weekday,dry,Federal St & Polk St,8808
rain,weekday,dry,Field Blvd & South Water St,6322
rain,weekday,dry,Field Museum,4178
rain,weekday,dry,Financial Pl & Ida B Wells Dr,5147
rain,weekday,dry,Fort Dearborn Dr & 31st St,611
rain,weekday,dry,Fort Dearborn Dr & 31st St*,1724
rain,weekday,dry,Francisco Ave & 47th St,67
rain,weekday,dry,Francisco Ave & 85th St,59
rain,weekday,dry,Francisco Ave & Bloomingdale Ave,526
rain,weekday,dry,Francisco Ave & Chicago Ave,1026
rain,weekday,dry,Francisco Ave & Foster Ave,1252
rain,weekday,dry,Francisco Ave & Hollywood Ave,41
rain,weekday,dry,Francisco Ave & Montrose Ave,664
rain,weekday,dry,Franciso Ave & Bloomingdale Ave,7
rain,weekday,dry,Franklin St & Adams St,5256
rain,weekday,dry,Franklin St & Adams St (Temp),1159
rain,weekday,dry,Franklin St & Adams St Corral,1409
rain,weekday,dry,Franklin St & Chicago Ave,6724
rain,weekday,dry,Franklin St & Chicago Ave*,95
rain,weekday,dry,Franklin St & Illinois St,7198
rain,weekday,dry,Franklin St & Jackson Blvd,9098
rain,weekday,dry,Franklin St & Lake St,8361
rain,weekday,dry,Franklin St & Madison St,327
rain,weekday,dry,Franklin St & Monroe St,13939
rain,weekday,dry,Franklin St & Monroe St Corral,144
rain,weekday,dry,Franklin St & Washington St,2972
rain,weekday,dry,Fullerton & Monitor,23
rain,weekday,dry,Fulton Market,2565
rain,weekday,dry,Glenwood Ave & Morse Ave,2238
rain,weekday,dry,Glenwood Ave & Touhy Ave,808
rain,weekday,dry,Grace St & Central Ave,81
rain,weekday,dry,Grace St & Cicero Ave,177
rain,weekday,dry,Grace/Sheffield,60
rain,weekday,dry,Grace/Sheffield Corral,318
rain,weekday,dry,Granville Ave & Clark St,101
rain,weekday,dry,Granville Ave & Pulaski Rd,61
rain,weekday,dry,Green St & 86th St,2
rain,weekday,dry,Green St & Chicago Ave,1028
rain,weekday,dry,Green St & Lake St,2341
rain,weekday,dry,Green St & Madison St,9950
rain,weekday,dry,Green St & Randolph St*,4633
rain,weekday,dry,Green St & Washington Blvd,3698
rain,weekday,dry,Greenview Ave & Diversey Pkwy,2956
rain,weekday,dry,Greenview Ave & Fullerton Ave,4261
rain,weekday,dry,Greenview Ave & Jarvis Ave,1528
rain,weekday,dry,Greenwood Ave & 47th St,868
rain,weekday,dry,Greenwood Ave & 79th St,23
rain,weekday,dry,Greenwood Ave & 91st St,15
rain,weekday,dry,Greenwood Ave & 97th St,27
rain,weekday,dry,Griffin Museum of Science and Industry,2403
rain,weekday,dry,Hale Ave & 107th St,81
rain,weekday,dry,Halsted St & 104th St,48
rain,weekday,dry,Halsted St & 111th St,21
rain,weekday,dry,Halsted St & 119th St,13
rain,weekday,dry,Halsted St & 123rd St,15
rain,weekday,dry,Halsted St & 18th St,2184
rain,weekday,dry,Halsted St & 21st St,1274
rain,weekday,dry,Halsted St & 35th St,1228
rain,weekday,dry,Halsted St & 37th St,359
rain,weekday,dry,Halsted St & 47th Pl,130
rain,weekday,dry,Halsted St & 51st St,169
rain,weekday,dry,Halsted St & 56th St,29
rain,weekday,dry,Halsted St & 59th St,29
rain,weekday,dry,Halsted St & 63rd St,61
rain,weekday,dry,Halsted St & 69th St,88
rain,weekday,dry,Halsted St & 73rd St,27
rain,weekday,dry,Halsted St & 78th St,38
rain,weekday,dry,Halsted St & 83rd St,11
rain,weekday,dry,Halsted St & 93rd St,24
rain,weekday,dry,Halsted St & 96th St,112
rain,weekday,dry,Halsted St & Archer Ave,1238
rain,weekday,dry,Halsted St & Armitage Ave,938
rain,weekday,dry,Halsted St & Belden St,1187
rain,weekday,dry,Halsted St & Clybourn Ave,9311
rain,weekday,dry,Halsted St & Court Pl,49
rain,weekday,dry,Halsted St & Dickens Ave,5648
rain,weekday,dry,Halsted St & Dickens Ave*,54
rain,weekday,dry,Halsted St & Fulton St,7573
rain,weekday,dry,Halsted St & Lake St,781
rain,weekday,dry,Halsted St & Maxwell St,4892
rain,weekday,dry,Halsted St & Melrose St,234
rain,weekday,dry,Halsted St & North Branch St,633
rain,weekday,dry,Halsted St & Polk St,5859
rain,weekday,dry,Halsted St & Roosevelt Rd,3319
rain,weekday,dry,Halsted St & Roscoe St,7188
rain,weekday,dry,Halsted St & Willow St,4535
rain,weekday,dry,Halsted St & Wrightwood Ave,6939
rain,weekday,dry,Hamilton Park,22
rain,weekday,dry,Hamlin Ave & 62nd Pl,23
rain,weekday,dry,Hamlin Ave & Grand Ave,60
rain,weekday,dry,Hampden Ct & Diversey Ave,1194
rain,weekday,dry,Hampden Ct & Diversey Pkwy,2457
rain,weekday,dry,Harding Ave & 26th St,67
rain,weekday,dry,Harding Ave & 31st St,33
rain,weekday,dry,Harding Ave & Chicago Ave,80
rain,weekday,dry,Harding Ave & Division St,75
rain,weekday,dry,Harlem Ave & Bloomingdale Ave,84
rain,weekday,dry,Harlem Ave & Grace St,19
rain,weekday,dry,Harlem Ave & Irving Park Rd,83
rain,weekday,dry,Harper Ave & 55th St,262
rain,weekday,dry,Harper Ave & 59th St,1246
rain,weekday,dry,Hastings LWS,175
rain,weekday,dry,Hastings St Depot LWS,22
rain,weekday,dry,Hegewisch Metra Station,27
rain,weekday,dry,Hermitage Ave & Polk St,3620
rain,weekday,dry,Higgins Ave & Austin Ave,114
rain,weekday,dry,Homan Ave & 26th St,53
rain,weekday,dry,Homan Ave & 65th St,9
rain,weekday,dry,Homan Ave & 77th St,16
rain,weekday,dry,Homan Ave & Arthington Ave,43
rain,weekday,dry,Homan Ave & Fillmore St,49
rain,weekday,dry,Homewood Ave & 115th St,21
rain,weekday,dry,Honore St & Division St,5252
rain,weekday,dry,Houston Ave & 92nd St,54
rain,weekday,dry,Hoyne Ave & 34th St,140
rain,weekday,dry,Hoyne Ave & 47th St,295
rain,weekday,dry,Hoyne Ave & Balmoral Ave,1053
rain,weekday,dry,Hubbard St Depot,15
rain,weekday,dry,Hudson Ave & Armitage Ave,1125
rain,weekday,dry,Humboldt Blvd & Armitage Ave,2250
rain,weekday,dry,Hyacinth Ave & Milwaukee Ave,158
rain,weekday,dry,Indiana Ave & 103rd St,41
rain,weekday,dry,Indiana Ave & 133rd St,7
rain,weekday,dry,Indiana Ave & 26th St,1406
rain,weekday,dry,Indiana Ave & 31st St,1082
rain,weekday,dry,Indiana Ave & 40th St,169
rain,weekday,dry,Indiana Ave & Roosevelt Rd,10460
rain,weekday,dry,Jefferson St & Monroe St,3441
rain,weekday,dry,Jeffery Blvd & 67th St,226
rain,weekday,dry,Jeffery Blvd & 71st St,213
rain,weekday,dry,Jeffery Blvd & 76th St,32
rain,weekday,dry,Karlov Ave & Armitage Ave,553
rain,weekday,dry,Karlov Ave & Fillmore St,22
rain,weekday,dry,Karlov Ave & Lawrence Ave,276
rain,weekday,dry,Karlov Ave & Madison St,23
rain,weekday,dry,Kedvale Ave & Peterson Ave,79
rain,weekday,dry,Kedzie Ave & 104th St,20
rain,weekday,dry,Kedzie Ave & 110th St,14
rain,weekday,dry,Kedzie Ave & 21st St,317
rain,weekday,dry,Kedzie Ave & 24th St,64
rain,weekday,dry,Kedzie Ave & 38th Pl,41
rain,weekday,dry,Kedzie Ave & 45th St,15
rain,weekday,dry,Kedzie Ave & 48th Pl,395
rain,weekday,dry,Kedzie Ave & 52nd St,39
rain,weekday,dry,Kedzie Ave & 54th Pl,91
rain,weekday,dry,Kedzie Ave & 57th St,305
rain,weekday,dry,Kedzie Ave & 60th St,90
rain,weekday,dry,Kedzie Ave & 66th Pl,46
rain,weekday,dry,Kedzie Ave & 73rd St,23
rain,weekday,dry,Kedzie Ave & 83rd St,24
rain,weekday,dry,Kedzie Ave & Archer Ave,92
rain,weekday,dry,Kedzie Ave & Armitage Ave,476
rain,weekday,dry,Kedzie Ave & Bryn Mawr Ave,469
rain,weekday,dry,Kedzie Ave & Chicago Ave,383
rain,weekday,dry,Kedzie Ave & Foster Ave,583
rain,weekday,dry,Kedzie Ave & George St,800
rain,weekday,dry,Kedzie Ave & Harrison St,74
rain,weekday,dry,Kedzie Ave & Jackson Blvd,70
rain,weekday,dry,Kedzie Ave & Lake St,268
rain,weekday,dry,Kedzie Ave & Leland Ave,1048
rain,weekday,dry,Kedzie Ave & Milwaukee Ave,5166
rain,weekday,dry,Kedzie Ave & Palmer Ct,2176
rain,weekday,dry,Kedzie Ave & Redfield Dr,57
rain,weekday,dry,Kedzie Ave & Roosevelt Rd,67
rain,weekday,dry,Keeler Ave & Carmen Ave,166
rain,weekday,dry,Keeler Ave & Roosevelt Rd,42
rain,weekday,dry,Kenmore Ave & School St,117
rain,weekday,dry,Kenneth Ave & 50th St,33
rain,weekday,dry,Kenneth Ave & Lawrence Ave,311
rain,weekday,dry,Kenosha Ave & Wellington Ave,190
rain,weekday,dry,Kenton Ave & Madison St,34
rain,weekday,dry,Kenwood Ave & 57th St,146
rain,weekday,dry,Keystone Ave & Fullerton Ave,720
rain,weekday,dry,Keystone Ave & Montrose Ave,604
rain,weekday,dry,Kilbourn Ave & 49th St,51
rain,weekday,dry,Kilbourn Ave & Belden Ave,342
rain,weekday,dry,Kilbourn Ave & Diversey Ave,224
rain,weekday,dry,Kilbourn Ave & Irving Park Rd,369
rain,weekday,dry,Kilbourn Ave & Milwaukee Ave,242
rain,weekday,dry,Kilbourn Ave & Roscoe St,207
rain,weekday,dry,Kildare & Cermak,12
rain,weekday,dry,Kildare Ave & 26th St,48
rain,weekday,dry,Kildare Ave & 47th St,45
rain,weekday,dry,Kildare Ave & 55th St,26
rain,weekday,dry,Kildare Ave & 85th St (Kostner Ave & 87th St TEMPORARY),8
rain,weekday,dry,Kildare Ave & Archer Ave,34
rain,weekday,dry,Kildare Ave & Chicago Ave,60
rain,weekday,dry,Kildare Ave & Division St,82
rain,weekday,dry,Kildare Ave & Montrose Ave,302
rain,weekday,dry,Kildare Ave & North Ave,170
rain,weekday,dry,Kilpatrick Ave & Grand Ave,185
rain,weekday,dry,Kilpatrick Ave & Parker Ave,92
rain,weekday,dry,Kimball Ave & Belmont Ave,2148
rain,weekday,dry,Kimbark Ave & 53rd St,7212
rain,weekday,dry,Kingsbury St & Erie St,11133
rain,weekday,dry,Kingsbury St & Kinzie St,23207
rain,weekday,dry,Kingsbury St & Kinzie St 1,455
rain,weekday,dry,Kingsbury St & Kinzie St 2,249
rain,weekday,dry,Knox Ave & Marquette Ave,29
rain,weekday,dry,Knox Ave & Montrose Ave,508
rain,weekday,dry,Komensky Ave & 31st St,109
rain,weekday,dry,Komensky Ave & 47th St,88
rain,weekday,dry,Komensky Ave & 55th St,17
rain,weekday,dry,Kosciuszko Park,1184
rain,weekday,dry,Kostner Ave & 63rd St,94
rain,weekday,dry,Kostner Ave & Adams St,34
rain,weekday,dry,Kostner Ave & Belmont Ave,161
rain,weekday,dry,Kostner Ave & Bryn Mawr Ave,155
rain,weekday,dry,Kostner Ave & Devon Ave,101
rain,weekday,dry,Kostner Ave & Lake St,33
rain,weekday,dry,Kostner Ave & Wrightwood Ave,316
rain,weekday,dry,La Villita Park,45
rain,weekday,dry,LaSalle Dr & Huron St,5240
rain,weekday,dry,LaSalle St & Adams St,3233
rain,weekday,dry,LaSalle St & Adams St Corral,467
rain,weekday,dry,LaSalle St & Calhoun Pl,1567
rain,weekday,dry,LaSalle St & Calhoun Pl Corral,556
rain,weekday,dry,LaSalle St & Illinois St,10678
rain,weekday,dry,LaSalle St & Jackson Blvd,10339
rain,weekday,dry,LaSalle St & Jackson Blvd Corral,857
rain,weekday,dry,LaSalle St & Washington St,4375
rain,weekday,dry,LaSalle St & Washington St Corral,296
rain,weekday,dry,LaSalle St & Washington St Corral N,322
rain,weekday,dry,LaSalle St & Washington St Corral S,7
rain,weekday,dry,Laflin St & 115th St,10
rain,weekday,dry,Laflin St & Cullerton St,1465
rain,weekday,dry,Lake Park Ave & 35th St,1011
rain,weekday,dry,Lake Park Ave & 47th St,1098
rain,weekday,dry,Lake Park Ave & 53rd St,3633
rain,weekday,dry,Lake Park Ave & 56th St,3935
rain,weekday,dry,Lakefront Trail & Bryn Mawr Ave,5190
rain,weekday,dry,Lakefront Trail & Wilson Ave,3016
rain,weekday,dry,Lakeview Ave & Fullerton Pkwy,7583
rain,weekday,dry,Lamon Ave & 47th St,29
rain,weekday,dry,Lamon Ave & Armitage Ave,62
rain,weekday,dry,Lamon Ave & Belmont Ave,108
rain,weekday,dry,Lamon Ave & Chicago Ave,39
rain,weekday,dry,Laramie Ave & Addison St,126
rain,weekday,dry,Laramie Ave & Bloomingdale Ave,124
rain,weekday,dry,Laramie Ave & Gladys Ave,10
rain,weekday,dry,Laramie Ave & Irving Park Rd,188
rain,weekday,dry,Laramie Ave & Kinzie St,72
rain,weekday,dry,Laramie Ave & Madison St,43
rain,weekday,dry,Larrabee St & Armitage Ave,3879
rain,weekday,dry,Larrabee St & Chicago Ave,72
rain,weekday,dry,Larrabee St & Clybourn Ave,685
rain,weekday,dry,Larrabee St & Division St,4974
rain,weekday,dry,Larrabee St & Kingsbury St,11687
rain,weekday,dry,Larrabee St & Kingsbury St 1,1010
rain,weekday,dry,Larrabee St & Kingsbury St 2,634
rain,weekday,dry,Larrabee St & Menomonee St,2953
rain,weekday,dry,Larrabee St & North Ave,2838
rain,weekday,dry,Larrabee St & Oak St,3924
rain,weekday,dry,Larrabee St & Webster Ave,7580
rain,weekday,dry,Latrobe Ave & Chicago Ave,38
rain,weekday,dry,Lavergne Ave & 44th St,4
rain,weekday,dry,Lavergne Ave & 46th St,14
rain,weekday,dry,Lavergne Ave & Diversey Ave,78
rain,weekday,dry,Lavergne Ave & Division St,57
rain,weekday,dry,Lavergne Ave & Fullerton Ave,160
rain,weekday,dry,Lavergne Ave & Lawrence Ave,163
rain,weekday,dry,Lawler Ave & 50th St,77
rain,weekday,dry,Lawler Ave & North Ave,89
rain,weekday,dry,Lawndale Ave & 111th St,38
rain,weekday,dry,Lawndale Ave & 16th St,31
rain,weekday,dry,Lawndale Ave & 30th St,91
rain,weekday,dry,Lawndale Ave & 59th St,59
rain,weekday,dry,Le Mai Ave & Devon Ave,44
rain,weekday,dry,Leamington Ave & Hirsch St,62
rain,weekday,dry,Leavitt St & Addison St,1294
rain,weekday,dry,Leavitt St & Archer Ave,525
rain,weekday,dry,Leavitt St & Armitage Ave,2618
rain,weekday,dry,Leavitt St & Augusta Blvd,532
rain,weekday,dry,Leavitt St & Belmont Ave,2261
rain,weekday,dry,Leavitt St & Chicago Ave,2734
rain,weekday,dry,Leavitt St & Division St,2198
rain,weekday,dry,Leavitt St & Hirsch St,394
rain,weekday,dry,Leavitt St & Lawrence Ave,1808
rain,weekday,dry,Leavitt St & North Ave,2792
rain,weekday,dry,Leavitt St/North Ave,1004
rain,weekday,dry,Leclaire Ave & Belmont Ave,123
rain,weekday,dry,Lexington St & California Ave,106
rain,weekday,dry,Lincoln Ave & Addison St,2070
rain,weekday,dry,Lincoln Ave & Balmoral Ave,410
rain,weekday,dry,Lincoln Ave & Belle Plaine Ave,2537
rain,weekday,dry,Lincoln Ave & Byron St,2247
rain,weekday,dry,Lincoln Ave & Dickens Ave,1181
rain,weekday,dry,Lincoln Ave & Diversey Pkwy,5139
rain,weekday,dry,Lincoln Ave & Fullerton Ave,8699
rain,weekday,dry,Lincoln Ave & Melrose St,5232
rain,weekday,dry,Lincoln Ave & Montana St,903
rain,weekday,dry,Lincoln Ave & Peterson Ave,371
rain,weekday,dry,Lincoln Ave & Roscoe St*,4566
rain,weekday,dry,Lincoln Ave & Sunnyside Ave,2939
rain,weekday,dry,Lincoln Ave & Waveland Ave,2354
rain,weekday,dry,Lincoln Ave & Winona St,1235
rain,weekday,dry,Lincoln Park Conservatory,6052
rain,weekday,dry,Lincolnwood Dr & Central St,307
rain,weekday,dry,Linder Ave & Montrose Ave,180
rain,weekday,dry,Lock St & 31st St,196
rain,weekday,dry,Lockwood Ave & Grand Ave,192
rain,weekday,dry,Lockwood Ave & Wrightwood Ave,218
rain,weekday,dry,Logan Blvd & Elston Ave,2571
rain,weekday,dry,Long & Irving Park,167
rain,weekday,dry,Long Ave & Belden Ave,27
rain,weekday,dry,Long Ave & Belmont Ave,102
rain,weekday,dry,Long Ave & Diversey Ave,118
rain,weekday,dry,Long Ave & North Ave,95
rain,weekday,dry,Loomis Blvd & 84th St,37
rain,weekday,dry,Loomis St & 89th St,15
rain,weekday,dry,Loomis St & 95th St,27
rain,weekday,dry,Loomis St & Archer Ave,464
rain,weekday,dry,Loomis St & Jackson Blvd,2928
rain,weekday,dry,Loomis St & Lexington St,6931
rain,weekday,dry,Loomis St & Lexington St*,129
rain,weekday,dry,Lowell Ave & Armitage Ave,253
rain,weekday,dry,Lynch Ave & Elston Ave,118
rain,weekday,dry,MLK Jr Dr & 29th St,3003
rain,weekday,dry,MLK Jr Dr & 47th St,311
rain,weekday,dry,MLK Jr Dr & 56th St,86
rain,weekday,dry,MLK Jr Dr & 63rd St,103
rain,weekday,dry,MLK Jr Dr & 83rd St,70
rain,weekday,dry,MLK Jr Dr & Pershing Rd,597
rain,weekday,dry,MTV Hubbard St,2
rain,weekday,dry,Madison St & Wells St,5
rain,weekday,dry,Major Ave & Addison St,50
rain,weekday,dry,Major Ave & Bloomingdale Ave,14
rain,weekday,dry,Major Taylor Trail & 111th St,17
rain,weekday,dry,Major Taylor Trail & 115th St,24
rain,weekday,dry,Major Taylor Trail & 124th St,6
rain,weekday,dry,Malcolm X College,1221
rain,weekday,dry,Malden St & Wilson Ave,317
rain,weekday,dry,Mango Ave & Diversey Ave,31
rain,weekday,dry,Mango Ave & Grand Ave,7
rain,weekday,dry,Mango Ave & North Ave,60
rain,weekday,dry,Manistee Ave & 95th St,10
rain,weekday,dry,Manor Ave & Leland Ave,791
rain,weekday,dry,Maplewood Ave & 59th St,38
rain,weekday,dry,Maplewood Ave & Peterson Ave,466
rain,weekday,dry,Marine Dr & Ainslie St,3049
rain,weekday,dry,Marmora Ave & Belmont Ave,30
rain,weekday,dry,Marmora Ave & Irving Park Rd,104
rain,weekday,dry,Marquette Ave & 89th St,16
rain,weekday,dry,Marshfield Ave & 44th St,125
rain,weekday,dry,Marshfield Ave & 59th St,17
rain,weekday,dry,Marshfield Ave & Diversey Pkwy,139
rain,weekday,dry,Marshfield Ave & Wabansia Ave,92
rain,weekday,dry,Martin Luther King Dr & 111th St,21
rain,weekday,dry,Martin Luther King Dr & 87th St,32
rain,weekday,dry,Mason Ave & Belmont Ave,25
rain,weekday,dry,Mason Ave & Grand Ave,89
rain,weekday,dry,Mason Ave & Montrose Ave,132
rain,weekday,dry,May St & 69th St,12
rain,weekday,dry,May St & Cullerton St,1362
rain,weekday,dry,May St & Hubbard St,233
rain,weekday,dry,May St & Taylor St,4546
rain,weekday,dry,Mayfield Ave & Roosevelt Rd,42
rain,weekday,dry,McClurg Ct & Erie St,8003
rain,weekday,dry,McClurg Ct & Ohio St,11568
rain,weekday,dry,McCormick Blvd & Devon Ave,566
rain,weekday,dry,McCormick Place,3028
rain,weekday,dry,Meade Ave & Addison St,50
rain,weekday,dry,Meade Ave & Diversey Ave,40
rain,weekday,dry,Meade Ave & Fullerton Ave,104
rain,weekday,dry,Melvina Ave & Giddings Ave,205
rain,weekday,dry,Menard Ave & Lawrence Ave,153
rain,weekday,dry,Menard Ave & Milwaukee Ave,48
rain,weekday,dry,Menard Ave & North Ave,12
rain,weekday,dry,Merrimac Park,114
rain,weekday,dry,Michigan Ave & 105th St,33
rain,weekday,dry,Michigan Ave & 108th St,5
rain,weekday,dry,Michigan Ave & 113th St,8
rain,weekday,dry,Michigan Ave & 114th St,12
rain,weekday,dry,Michigan Ave & 11th St,363
rain,weekday,dry,Michigan Ave & 14th St,5449
rain,weekday,dry,Michigan Ave & 18th St,4348
rain,weekday,dry,Michigan Ave & 71st St,24
rain,weekday,dry,Michigan Ave & 8th St,7504
rain,weekday,dry,Michigan Ave & Ida B Wells Dr,3418
rain,weekday,dry,Michigan Ave & Jackson Blvd,6061
rain,weekday,dry,Michigan Ave & Lake St,10864
rain,weekday,dry,Michigan Ave & Madison St,4225
rain,weekday,dry,Michigan Ave & Oak St,16058
rain,weekday,dry,Michigan Ave & Pearson St,4562
rain,weekday,dry,Michigan Ave & Washington St,12242
rain,weekday,dry,Midway Orange Line,275
rain,weekday,dry,Mies van der Rohe Way & Chestnut St,7624
rain,weekday,dry,Mies van der Rohe Way & Chicago Ave,6948
rain,weekday,dry,Millard Ave & 26th St,106
rain,weekday,dry,Millennium Park,12924
rain,weekday,dry,Milwaukee & Fullerton,22
rain,weekday,dry,Milwaukee Ave & Agatite Ave,224
rain,weekday,dry,Milwaukee Ave & Ainslie St,959
rain,weekday,dry,Milwaukee Ave & Armitage Ave,615
rain,weekday,dry,Milwaukee Ave & Cuyler Ave,337
rain,weekday,dry,Milwaukee Ave & Diversey Ave,12
rain,weekday,dry,Milwaukee Ave & Fullerton Ave,1905
rain,weekday,dry,Milwaukee Ave & Grand Ave,6840
rain,weekday,dry,Milwaukee Ave & Highland Ave,110
rain,weekday,dry,Milwaukee Ave & Rockwell St,1937
rain,weekday,dry,Milwaukee Ave & The 606,4298
rain,weekday,dry,Milwaukee Ave & Wabansia Ave,955
rain,weekday,dry,Milwaukee Ave & Wabansia Ave*,53
rain,weekday,dry,Monitor Ave & Division St,33
rain,weekday,dry,Monticello Ave & Chicago Ave,93
rain,weekday,dry,Monticello Ave & Irving Park Rd,1155
rain,weekday,dry,Monticello Ave & Lawrence Ave,506
rain,weekday,dry,Montrose Harbor,7715
rain,weekday,dry,Morgan Ave & 14th Pl,2527
rain,weekday,dry,Morgan St & 18th St,2693
rain,weekday,dry,Morgan St & 31st St,1791
rain,weekday,dry,Morgan St & Hubbard St,1032
rain,weekday,dry,Morgan St & Lake St*,6533
rain,weekday,dry,Morgan St & Pershing Rd,90
rain,weekday,dry,Morgan St & Polk St,6823
rain,weekday,dry,Mozart St & 55th St,40
rain,weekday,dry,Mozart St & 79th St,19
rain,weekday,dry,Mozart St & Jackson Blvd,159
rain,weekday,dry,Mulligan Ave & Archer Ave,37
rain,weekday,dry,N Carpenter St & W Lake St,1974
rain,weekday,dry,N Clark St & W Elm St,64
rain,weekday,dry,N Damen Ave & W Chicago Ave,561
rain,weekday,dry,N Green St & W Lake St,2950
rain,weekday,dry,N Paulina St & Lincoln Ave,863
rain,weekday,dry,N Shore Channel Trail & Argyle St,383
rain,weekday,dry,N Southport Ave & W Newport Ave,1367
rain,weekday,dry,NEW HASTINGS,1
rain,weekday,dry,Nagle Ave & Belmont Ave,86
rain,weekday,dry,Narragansett Ave & McLean Ave,83
rain,weekday,dry,Narragansett Ave & Montrose Ave,153
rain,weekday,dry,Narragansett Ave & North Ave,60
rain,weekday,dry,Narragansett Ave & School St,36
rain,weekday,dry,Narragansett Ave & Wrightwood Ave,211
rain,weekday,dry,Navy Pier,16207
rain,weekday,dry,New St & Illinois St,10440
rain,weekday,dry,Newcastle Ave & Irving Park Rd,15
rain,weekday,dry,Noble St & Milwaukee Ave,3824
rain,weekday,dry,Noble St & Ohio St,1282
rain,weekday,dry,Noble St & Potomac Ave,62
rain,weekday,dry,Nordica Ave & Medill Ave,103
rain,weekday,dry,Normal Ave & Archer Ave,481
rain,weekday,dry,North Ave & New England Ave,24
rain,weekday,dry,North Boundary Park,286
rain,weekday,dry,Oak Park & Wellington,135
rain,weekday,dry,Oakley Ave & Irving Park Rd,1212
rain,weekday,dry,Oakley Ave & Lyndale St,92
rain,weekday,dry,Oakley Ave & Touhy Ave,329
rain,weekday,dry,Oconto Ave & Belmont Ave,35
rain,weekday,dry,Ogden Ave & Chicago Ave,5651
rain,weekday,dry,Ogden Ave & Congress Pkwy,1581
rain,weekday,dry,Ogden Ave & Race Ave,4164
rain,weekday,dry,Ogden Ave & Roosevelt Rd,772
rain,weekday,dry,Oglesby Ave & 100th St,47
rain,weekday,dry,Oketo Ave & Addison St,31
rain,weekday,dry,Olive Harvey College,26
rain,weekday,dry,Orange Ave & Addison St,56
rain,weekday,dry,Oriole Ave & Irving Park Rd,25
rain,weekday,dry,Orleans St & Chestnut St (NEXT Apts),3849
rain,weekday,dry,Orleans St & Elm St,2772
rain,weekday,dry,Orleans St & Hubbard St,4975
rain,weekday,dry,Orleans St & Merchandise Mart Plaza,12521
rain,weekday,dry,Overhill Ave & Belmont Ave,42
rain,weekday,dry,Panama Ave & Grace St,39
rain,weekday,dry,Parkside Ave & Armitage Ave,25
rain,weekday,dry,Parnell Ave & 127th St,17
rain,weekday,dry,Parnell Ave & 31st St,182
rain,weekday,dry,Paulina Ave & 87th St,22
rain,weekday,dry,Paulina Ave & North Ave,3419
rain,weekday,dry,Paulina St & 18th St,2357
rain,weekday,dry,Paulina St & Adams St,238
rain,weekday,dry,Paulina St & Cortland St,479
rain,weekday,dry,Paulina St & Division St,1089
rain,weekday,dry,Paulina St & Flournoy St,5240
rain,weekday,dry,Paulina St & Howard St,1184
rain,weekday,dry,Paulina St & Montrose Ave,2420
rain,weekday,dry,Peoria St & Jackson Blvd,7555
rain,weekday,dry,Peoria St & Kinzie St,1664
rain,weekday,dry,Perry Ave & 69th St,129
rain,weekday,dry,Pershing Rd & Sacramento Ave,88
rain,weekday,dry,Peterson/Ridge Metra,2010
rain,weekday,dry,Phillips Ave & 79th St,39
rain,weekday,dry,Phillips Ave & 83rd St,47
rain,weekday,dry,Pine Ave & Division St,94
rain,weekday,dry,Pine Grove Ave & Irving Park Rd,6743
rain,weekday,dry,Pine Grove Ave & Waveland Ave,8215
rain,weekday,dry,Pine Grove Ave & Wellington Ave,288
rain,weekday,dry,Ping Tom Park (East),330
rain,weekday,dry,Plainfield & Irving Park,1
rain,weekday,dry,Portage Park,188
rain,weekday,dry,Prairie Ave & 43rd St,365
rain,weekday,dry,Prairie Ave & Garfield Blvd,777
rain,weekday,dry,Princeton Ave & 47th St,175
rain,weekday,dry,Princeton Ave & 95th St,15
rain,weekday,dry,Princeton Ave & Garfield Blvd,151
rain,weekday,dry,Prospect Sq & 91st St,62
rain,weekday,dry,Public Rack - 10101 S Stony Island Ave,3
rain,weekday,dry,Public Rack - 111th St - Morgan Park Metra,9
rain,weekday,dry,Public Rack - 2302 S Pulaski Rd,3
rain,weekday,dry,Public Rack - 4810 Keeler Ave,6
rain,weekday,dry,Public Rack - 532 E 43rd St,16
rain,weekday,dry,Public Rack - 53rd St & Indiana Ave,2
rain,weekday,dry,Public Rack - 56th St & Mulligan Ave,3
rain,weekday,dry,Public Rack - 61st St & Melvina Ave,1
rain,weekday,dry,Public Rack - 63rd & Western Ave N,3
rain,weekday,dry,Public Rack - 63rd Pl & Narraganssett Ave,4
rain,weekday,dry,Public Rack - 63rd St and Nagle Ave,10
rain,weekday,dry,Public Rack - 83rd St (Avalon Park) Metra,1
rain,weekday,dry,Public Rack - 85th Pl & Pulaski Rd,3
rain,weekday,dry,Public Rack - Ada St & 119th St,3
rain,weekday,dry,Public Rack - Aida Food Market,2
rain,weekday,dry,Public Rack - Al Raby School,2
rain,weekday,dry,Public Rack - Albany Ave & 103rd St,1
rain,weekday,dry,Public Rack - Albany Ave & 63rd St,1
rain,weekday,dry,Public Rack - Archer Park,2
rain,weekday,dry,Public Rack - Artesian & 71st,2
rain,weekday,dry,Public Rack - Ashburn Metra,1
rain,weekday,dry,Public Rack - Ashland Ave & 45th St  S,1
rain,weekday,dry,Public Rack - Ashland Ave & 46th St,2
rain,weekday,dry,Public Rack - Ashland Ave & 63rd St,10
rain,weekday,dry,Public Rack - Ashland Ave & 71st St,6
rain,weekday,dry,Public Rack - Ashland Ave & 76th St,3
rain,weekday,dry,Public Rack - Ashland Ave & 83rd St,28
rain,weekday,dry,Public Rack - Ashland Ave & 91st St,1
rain,weekday,dry,Public Rack - Austin & Higgins,1
rain,weekday,dry,Public Rack - Austin Ave & Archer Ave,3
rain,weekday,dry,Public Rack - Austin Ave & Roscoe St,5
rain,weekday,dry,Public Rack - Austin Ave & Wellington Ave,2
rain,weekday,dry,Public Rack - Austin Ave & Wrightwood Ave,3
rain,weekday,dry,Public Rack - Austin Blvd & North Ave,15
rain,weekday,dry,Public Rack - Austin Branch Chicago Public Library,1
rain,weekday,dry,Public Rack - Ave L & 105th St,1
rain,weekday,dry,Public Rack - Ave N & 106th St,1
rain,weekday,dry,Public Rack - Avenue J & 106th St,2
rain,weekday,dry,Public Rack - Avenue J & 112th St,1
rain,weekday,dry,Public Rack - Avenue M & 132nd St,1
rain,weekday,dry,Public Rack - Avenue O & 118th St,1
rain,weekday,dry,Public Rack - Avers & Granville,8
rain,weekday,dry,Public Rack - Avers & Lawrence,26
rain,weekday,dry,Public Rack - Avers Ave & Archer Ave,2
rain,weekday,dry,Public Rack - Avers Ave & Irving Park Rd,55
rain,weekday,dry,Public Rack - Avers Ave & Ogden Ave,8
rain,weekday,dry,Public Rack - Avondale Ave & Addison St,15
rain,weekday,dry,Public Rack - Back of the Yards Park,2
rain,weekday,dry,Public Rack - Baltimore Ave & 132nd St,3
rain,weekday,dry,Public Rack - Baltimore Ave & 134th St,2
rain,weekday,dry,Public Rack - Bell Ave & 95th St,2
rain,weekday,dry,Public Rack - Bensley Ave & 103rd St,3
rain,weekday,dry,Public Rack - Bernard St & Foster Ave,14
rain,weekday,dry,Public Rack - Bishop St & 46th St,1
rain,weekday,dry,Public Rack - Bradley Park,1
rain,weekday,dry,Public Rack - Brandon Ave & 91st St,5
rain,weekday,dry,Public Rack - Brighton Park Branch Chicago Library,2
rain,weekday,dry,Public Rack - Brooks Park,1
rain,weekday,dry,Public Rack - Bryn Mawr Ave & Milwaukee Ave,5
rain,weekday,dry,Public Rack - Bryn Mawr Ave & Spaulding Ave,21
rain,weekday,dry,Public Rack - Buffalo Ave & 133rd St,1
rain,weekday,dry,Public Rack - Buffalo Ave & 89th St,1
rain,weekday,dry,Public Rack - Burnside Academy,1
rain,weekday,dry,Public Rack - California & 71st,1
rain,weekday,dry,Public Rack - California & 82nd,1
rain,weekday,dry,Public Rack - California Ave & Cortez St,146
rain,weekday,dry,Public Rack - California Ave & Devon Ave - NE,11
rain,weekday,dry,Public Rack - California Ave & Devon Ave - NW,10
rain,weekday,dry,Public Rack - California Ave & Ogden Ave,14
rain,weekday,dry,Public Rack - California Ave & Pershing Rd,9
rain,weekday,dry,Public Rack - California Ave & Touhy Ave - NW,1
rain,weekday,dry,Public Rack - California Ave & Touhy Ave - SW,2
rain,weekday,dry,Public Rack - California Ave & Touhy Ave - midblock,1
rain,weekday,dry,Public Rack - Calumet Ave & 103rd St,1
rain,weekday,dry,Public Rack - Calumet Ave & 51st St,14
rain,weekday,dry,Public Rack - Calumet Ave & 71st St,2
rain,weekday,dry,Public Rack - Calumet Ave & Garfield Blvd,1
rain,weekday,dry,Public Rack - Campbell Ave & Pratt Blvd,48
rain,weekday,dry,Public Rack - Canfield & Victoria,2
rain,weekday,dry,Public Rack - Canty Elementary School,1
rain,weekday,dry,Public Rack - Central & Berteau,5
rain,weekday,dry,Public Rack - Central & Leland,18
rain,weekday,dry,Public Rack - Central & Prescott,4
rain,weekday,dry,Public Rack - Central Ave & Congress Pkwy,1
rain,weekday,dry,Public Rack - Central Ave & Corcoran Pl,7
rain,weekday,dry,Public Rack - Central Ave & George St,2
rain,weekday,dry,Public Rack - Central Ave & Lawrence Ave,33
rain,weekday,dry,Public Rack - Central Ave & North Ave,1
rain,weekday,dry,Public Rack - Central Ave & Pensacola Ave,9
rain,weekday,dry,Public Rack - Central Park & Bryn Mawr,8
rain,weekday,dry,Public Rack - Central Park & Peterson,25
rain,weekday,dry,Public Rack - Central Park Ave & 16th St,2
rain,weekday,dry,Public Rack - Central Park Ave & Fillmore St,5
rain,weekday,dry,Public Rack - Central Park Ave & Fulton Blvd,5
rain,weekday,dry,Public Rack - Central Park Ave & Ogden Ave,1
rain,weekday,dry,Public Rack - Champlain Ave & 134th St,1
rain,weekday,dry,Public Rack - Champlain Ave & 65th St,69
rain,weekday,dry,Public Rack - Chappel Ave & 71st St,3
rain,weekday,dry,Public Rack - Chase Ave & Touhy Ave - NE,8
rain,weekday,dry,Public Rack - Chase Ave & Touhy Ave - NW,3
rain,weekday,dry,Public Rack - Chopin Park,4
rain,weekday,dry,Public Rack - Christiana & Lincoln,15
rain,weekday,dry,Public Rack - Christiana Ave & 111th St,1
rain,weekday,dry,Public Rack - Christiana Ave & 55th St,9
rain,weekday,dry,Public Rack - Christiana Ave & Archer Ave,1
rain,weekday,dry,Public Rack - Christiana Ave & Belmont Ave,249
rain,weekday,dry,Public Rack - Christiana Ave & Bryn Mawr Ave,1
rain,weekday,dry,Public Rack - Christiana Ave & Lawrence Ave,5
rain,weekday,dry,Public Rack - Cicero & 64th,9
rain,weekday,dry,Public Rack - Cicero & Rosemont,4
rain,weekday,dry,Public Rack - Cicero Ave & Altgeld St,4
rain,weekday,dry,Public Rack - Cicero Ave & Belle Plaine Ave,39
rain,weekday,dry,Public Rack - Cicero Ave & Cortland St - midblock,22
rain,weekday,dry,Public Rack - Cicero Ave & Le Moyne St - midblock,2
rain,weekday,dry,Public Rack - Cicero Ave & North Ave,14
rain,weekday,dry,Public Rack - Cicero Ave & Roscoe St,3
rain,weekday,dry,Public Rack - Cicero Ave & Wellington Ave,1
rain,weekday,dry,Public Rack - Cicero Ave & Wrightwood Ave,3
rain,weekday,dry,Public Rack - Claremont Ave & 71st St,1
rain,weekday,dry,Public Rack - Clyde Ave & 87th St,2
rain,weekday,dry,Public Rack - Colfax Ave & 83rd St,2
rain,weekday,dry,Public Rack - Commercial Ave & 89th St,4
rain,weekday,dry,Public Rack - Corliss Ave & 103rd St,2
rain,weekday,dry,Public Rack - Cottage Grove & 84th St,5
rain,weekday,dry,Public Rack - Cottage Grove & 85th St,2
rain,weekday,dry,Public Rack - Cottage Grove & 86th St,7
rain,weekday,dry,Public Rack - Cottage Grove Ave & 111th St,2
rain,weekday,dry,Public Rack - Cottage Grove Ave & 75th St,2
rain,weekday,dry,Public Rack - Cottage Grove Ave & 89th Pl,1
rain,weekday,dry,Public Rack - Cottage Grove Ave & 92nd St,5
rain,weekday,dry,Public Rack - Cottage Grove Ave & 98th St,1
rain,weekday,dry,Public Rack - Crandon Ave & 80th St,1
rain,weekday,dry,Public Rack - Cumberland & Catherine,4
rain,weekday,dry,Public Rack - Damen Ave & 47th St,3
rain,weekday,dry,Public Rack - Delphina & Foster,17
rain,weekday,dry,Public Rack - Devon Ave & Central Ave,2
rain,weekday,dry,Public Rack - Devon Ave & Kinzua Ave,3
rain,weekday,dry,Public Rack - Devon Ave & Minnehaha Ave (east),2
rain,weekday,dry,Public Rack - Devon Ave & Minnehaha Ave (west),1
rain,weekday,dry,Public Rack - Division St & Christiana Ave,8
rain,weekday,dry,Public Rack - Drake Ave & Leland Ave,159
rain,weekday,dry,Public Rack - East End Ave & 75th St,1
rain,weekday,dry,Public Rack - East End Ave & 87th St,1
rain,weekday,dry,Public Rack - Eberhart Ave & 61st St,5
rain,weekday,dry,Public Rack - Eggleston Ave & 115th St,1
rain,weekday,dry,Public Rack - Eggleston Ave & 92nd St,1
rain,weekday,dry,Public Rack - Eli Whitney Public School,5
rain,weekday,dry,Public Rack - Elizabeth St & 115th St,1
rain,weekday,dry,Public Rack - Elston Ave & Gunnison St,4
rain,weekday,dry,Public Rack - Elston Ave & Kenneth Ave,1
rain,weekday,dry,Public Rack - Emerald Ave & 43rd St,117
rain,weekday,dry,Public Rack - Emerald Ave & 45th St,11
rain,weekday,dry,Public Rack - Emil G Hirch Metropolitan High School,1
rain,weekday,dry,Public Rack - Evans Ave & 63rd St,103
rain,weekday,dry,Public Rack - Ewing Ave & 101st St,1
rain,weekday,dry,Public Rack - Ewing Ave & 102nd St,1
rain,weekday,dry,Public Rack - Ewing Ave & 106th St,1
rain,weekday,dry,Public Rack - Ewing Ave & 106th St NW,1
rain,weekday,dry,Public Rack - Ewing Ave & 107th St,13
rain,weekday,dry,Public Rack - Ewing Ave & 112th St,1
rain,weekday,dry,Public Rack - Ewing Ave & 96th St N,1
rain,weekday,dry,Public Rack - Ewing Ave & 96th St S,1
rain,weekday,dry,Public Rack - Ewing Ave & 99th St,7
rain,weekday,dry,Public Rack - Ewing Ave & Indianapolis Ave,11
rain,weekday,dry,Public Rack - Exchange Ave & 131st St,2
rain,weekday,dry,Public Rack - Exchange Ave & 73rd Pl,6
rain,weekday,dry,Public Rack - Fairfield Ave & 63rd St,1
rain,weekday,dry,Public Rack - Ford City Mall,7
rain,weekday,dry,Public Rack - Forest Glen & Peterson,13
rain,weekday,dry,Public Rack - Forest Glen Station,48
rain,weekday,dry,Public Rack - Forrestville Ave & 47th St,3
rain,weekday,dry,Public Rack - Foster Ave & Drake Ave,5
rain,weekday,dry,Public Rack - Fullerton Ave & Lavergne Ave,3
rain,weekday,dry,Public Rack - Fullerton Ave & Narragansett Ave,10
rain,weekday,dry,Public Rack - Garfield Park Conservatory,5
rain,weekday,dry,Public Rack - Grand Ave & North Ave,1
rain,weekday,dry,Public Rack - Green St & 103rd St,1
rain,weekday,dry,Public Rack - Greenwood Ave & Lake Park Ave,30
rain,weekday,dry,Public Rack - Haft Ave & Milwaukee Ave,1
rain,weekday,dry,Public Rack - Halsted St & 102nd St,3
rain,weekday,dry,Public Rack - Halsted St & 113th St,2
rain,weekday,dry,Public Rack - Halsted St & 41st St,3
rain,weekday,dry,Public Rack - Halsted St & 63rd St,13
rain,weekday,dry,Public Rack - Halsted St & 76th St,2
rain,weekday,dry,Public Rack - Halsted St & 80th St,4
rain,weekday,dry,Public Rack - Halsted St & 94th St,1
rain,weekday,dry,Public Rack - Halsted St & 95th St - SE,4
rain,weekday,dry,Public Rack - Halsted St & 95th St - SW,1
rain,weekday,dry,Public Rack - Hamlin Ave & Chicago Ave,6
rain,weekday,dry,Public Rack - Hamlin Ave & Fullerton Ave,107
rain,weekday,dry,Public Rack - Hamlin Ave & Grand Ave,2
rain,weekday,dry,Public Rack - Hamlin Ave & Madison St,5
rain,weekday,dry,Public Rack - Hamlin Ave & Montrose Ave,220
rain,weekday,dry,Public Rack - Harding Ave & 47th St,1
rain,weekday,dry,Public Rack - Harlem & Palatine,11
rain,weekday,dry,Public Rack - Harlem & Summerdale,4
rain,weekday,dry,Public Rack - Harlem and W. 59th,3
rain,weekday,dry,Public Rack - Harold Washington Park,91
rain,weekday,dry,Public Rack - Harper Ave & 63rd St,2
rain,weekday,dry,Public Rack - Harriet E Sayre Public School,3
rain,weekday,dry,Public Rack - Harvard Ave & 119th St,1
rain,weekday,dry,Public Rack - Harvey Ave & North Ave,1
rain,weekday,dry,Public Rack - Hermitage & 83rd St,1
rain,weekday,dry,Public Rack - Hiawatha & Mendota,6
rain,weekday,dry,Public Rack - Hiawatha Ave & Minnehaha Ave,5
rain,weekday,dry,Public Rack - Hiawatha Park,2
rain,weekday,dry,Public Rack - Higgins Ave & Neva Ave,2
rain,weekday,dry,Public Rack - Holbrook St & Milwaukee Ave,7
rain,weekday,dry,Public Rack - Hollywood Park,57
rain,weekday,dry,Public Rack - Homan & 79th,1
rain,weekday,dry,Public Rack - Homan Ave & 111th St,2
rain,weekday,dry,Public Rack - Homan Ave & 26th St,2
rain,weekday,dry,Public Rack - Homan Ave & Lake St,1
rain,weekday,dry,Public Rack - Homan Ave & Roosevelt,4
rain,weekday,dry,Public Rack - Houston Ave & 130th St,2
rain,weekday,dry,Public Rack - Houston Ave & 131st St,8
rain,weekday,dry,Public Rack - Houston Ave & 91st St,15
rain,weekday,dry,Public Rack - Hoyne Ave & 110th Pl,2
rain,weekday,dry,Public Rack - Hoyne Ave & 51st St,5
rain,weekday,dry,Public Rack - Hyde Park Blvd & 53rd St,160
rain,weekday,dry,Public Rack - Hyde Park Blvd & 55th St,293
rain,weekday,dry,Public Rack - Imlay & Milwaukee,5
rain,weekday,dry,Public Rack - Independence Blvd & Roosevelt,11
rain,weekday,dry,Public Rack - Indiana Ave & 111th St,1
rain,weekday,dry,Public Rack - Ingleside Ave & 79th St,2
rain,weekday,dry,Public Rack - Irving Park Rd & Austin Ave,2
rain,weekday,dry,Public Rack - Irving Park Rd & Leclaire Ave,48
rain,weekday,dry,Public Rack - Irving Park Rd & Melvina Ave,4
rain,weekday,dry,Public Rack - Irving Park Rd & Menard Ave,6
rain,weekday,dry,Public Rack - Irving Park Rd & Parkside Ave,5
rain,weekday,dry,Public Rack - Jeffery Blvd & 67th St,17
rain,weekday,dry,Public Rack - Jeffery Blvd & 81st St,1
rain,weekday,dry,Public Rack - Jeffery Blvd & 83rd St,2
rain,weekday,dry,Public Rack - Jeffrey Blvd & 71st St,11
rain,weekday,dry,Public Rack - Jensen Park,144
rain,weekday,dry,Public Rack - Jonathan Y Scammon Public School,175
rain,weekday,dry,Public Rack - Justine St & 87th St,101
rain,weekday,dry,Public Rack - Karlov Ave & 26th St,2
rain,weekday,dry,Public Rack - Karlov Ave & Kamerling Ave,51
rain,weekday,dry,Public Rack - Karlov Ave & Lawrence Ave,9
rain,weekday,dry,Public Rack - Karlov Ave & Milwaukee Ave,72
rain,weekday,dry,Public Rack - Keating & Peterson,89
rain,weekday,dry,Public Rack - Kedvale Ave & 63rd St E,1
rain,weekday,dry,Public Rack - Kedvale Ave & 63rd St W,104
rain,weekday,dry,Public Rack - Kedvale Ave & Avondale Ave,3
rain,weekday,dry,Public Rack - Kedvale Ave & Peterson Ave,4
rain,weekday,dry,Public Rack - Kedzie & 103rd St - East,1
rain,weekday,dry,Public Rack - Kedzie & 103rd St - W,2
rain,weekday,dry,Public Rack - Kedzie Ave & 54th St - SE,3
rain,weekday,dry,Public Rack - Kedzie Ave & 58th St,5
rain,weekday,dry,Public Rack - Kedzie Ave & 60th St,1
rain,weekday,dry,Public Rack - Kedzie Ave & 64th St - SE,13
rain,weekday,dry,Public Rack - Kedzie Ave & 64th St - SW,15
rain,weekday,dry,Public Rack - Kedzie Ave & 83rd St,1
rain,weekday,dry,Public Rack - Kedzie Ave & Archer Ave,7
rain,weekday,dry,Public Rack - Kedzie Ave & Argyle St,255
rain,weekday,dry,Public Rack - Kedzie Ave & Arthington St,3
rain,weekday,dry,Public Rack - Kedzie Ave & Chicago Ave,14
rain,weekday,dry,Public Rack - Kedzie Ave & Pershing Rd,2
rain,weekday,dry,Public Rack - Kedzie Ave & Walnut St,9
rain,weekday,dry,Public Rack - Keeler Ave & 26th St,2
rain,weekday,dry,Public Rack - Keeler Ave & 55th St,1
rain,weekday,dry,Public Rack - Kenneth & Carmen,40
rain,weekday,dry,Public Rack - Kenton & Lawrence,8
rain,weekday,dry,Public Rack - Kenton Ave & Palmer St,17
rain,weekday,dry,Public Rack - Keystone Ave & Irving Park Rd,71
rain,weekday,dry,Public Rack - Keystone Ave & North Ave,36
rain,weekday,dry,Public Rack - Kilbourn Ave & Fullerton Ave,1
rain,weekday,dry,Public Rack - Kildare Ave & Division Ave,1
rain,weekday,dry,Public Rack - Kildare Ave & North Ave,6
rain,weekday,dry,Public Rack - Kildare Ave & Washignton Blvd,4
rain,weekday,dry,Public Rack - Kilpatrick & Elston,36
rain,weekday,dry,Public Rack - Kimball & Ardmore,33
rain,weekday,dry,Public Rack - Kimball Ave & Carmen Ave,30
rain,weekday,dry,Public Rack - Kimball Ave & Lawrence Ave,46
rain,weekday,dry,Public Rack - Kimbark Ave & 67th St,52
rain,weekday,dry,Public Rack - King Dr & 115th St,21
rain,weekday,dry,Public Rack - King Dr & 71st St,1
rain,weekday,dry,Public Rack - King Dr & 83rd St,1
rain,weekday,dry,Public Rack - King Dr & Oakwood Blvd,11
rain,weekday,dry,Public Rack - Kingston Ave & 75th St,2
rain,weekday,dry,Public Rack - Kinzua Ave & Devon Ave,2
rain,weekday,dry,Public Rack - Kolin Ave & Archer Ave,4
rain,weekday,dry,Public Rack - Komensky Ave & 26th St,3
rain,weekday,dry,Public Rack - Komensky Ave & 59th St,21
rain,weekday,dry,Public Rack - Komensky Ave & 63rd St,11
rain,weekday,dry,Public Rack - Kostner & Bryn Mawr,3
rain,weekday,dry,Public Rack - Kostner & Peterson,10
rain,weekday,dry,Public Rack - Kostner Ave & 16th St,1
rain,weekday,dry,Public Rack - Kostner Ave & Armitage Ave,42
rain,weekday,dry,Public Rack - Kostner Ave & Diversey Ave,9
rain,weekday,dry,Public Rack - Kostner Ave & North Ave,11
rain,weekday,dry,Public Rack - Kostner Ave & Wrightwood Ave,6
rain,weekday,dry,Public Rack - Lafayette Ave & 119th St,3
rain,weekday,dry,Public Rack - Lafayette Ave & 87th St - NW,7
rain,weekday,dry,Public Rack - Lafayette Ave & 95th St,23
rain,weekday,dry,Public Rack - Laflin St & 51st St,3
rain,weekday,dry,Public Rack - Laflin St & 79th St,1
rain,weekday,dry,Public Rack - Laflin St &51st ST,2
rain,weekday,dry,Public Rack - Lake Shore Dr & Hayes Dr,2
rain,weekday,dry,Public Rack - Lamon Ave & Archer Ave,3
rain,weekday,dry,Public Rack - Langley Ave & 105th Pl,5
rain,weekday,dry,Public Rack - Langley Ave & 49th St,87
rain,weekday,dry,Public Rack - Langley Ave & 79th St,2
rain,weekday,dry,Public Rack - Langley Ave & Oakwood Blvd,16
rain,weekday,dry,Public Rack - Laporte Ave & Armitage Ave,1
rain,weekday,dry,Public Rack - Laramie Ave & Belmont Ave,22
rain,weekday,dry,Public Rack - Laramie Ave & Fullerton Ave,7
rain,weekday,dry,Public Rack - Laramie Ave & Grand Ave,8
rain,weekday,dry,Public Rack - Laramie Ave & Warwick Ave,2
rain,weekday,dry,Public Rack - Laramine Ave & Winnemac Ave,9
rain,weekday,dry,Public Rack - Lavergne & Lawrence,1
rain,weekday,dry,Public Rack - Lavergne Ave & Belle Plaine Ave,36
rain,weekday,dry,Public Rack - Lawndale & 63rd St,1
rain,weekday,dry,Public Rack - Lawndale Ave & 23rd St,3
rain,weekday,dry,Public Rack - Lawndale Ave & 63rd St,2
rain,weekday,dry,Public Rack - Lawndale Ave & Diversey Ave,64
rain,weekday,dry,Public Rack - Lawndale Ave & Polk St,4
rain,weekday,dry,Public Rack - Lawndale Ave & Roosevelt,1
rain,weekday,dry,Public Rack - Lawrence Ave & 103rd St,1
rain,weekday,dry,Public Rack - Lawrence Ave & Kimball Ave,38
rain,weekday,dry,Public Rack - Leader & Caldwell,3
rain,weekday,dry,Public Rack - Leamington & Elston,60
rain,weekday,dry,Public Rack - Leclaire Ave & Division St,9
rain,weekday,dry,Public Rack - Legler Regional Library,6
rain,weekday,dry,Public Rack - Lemont Ave & Keating Ave,1
rain,weekday,dry,Public Rack - Leoti Ave & Central Ave (north),3
rain,weekday,dry,Public Rack - Leoti Ave & Central Ave (south),2
rain,weekday,dry,Public Rack - Linder & 51st,1
rain,weekday,dry,Public Rack - Linder & Elston,10
rain,weekday,dry,Public Rack - Linder Ave & 51st St,1
rain,weekday,dry,Public Rack - Linder Ave & 64th Pl,8
rain,weekday,dry,Public Rack - Linder Ave & Archer Ave,2
rain,weekday,dry,Public Rack - Linder Ave & Belmont Ave,7
rain,weekday,dry,Public Rack - Lockwood & Archer,18
rain,weekday,dry,Public Rack - Lockwood Ave & Diversey Ave,18
rain,weekday,dry,Public Rack - Longwood Dr & 111th St,2
rain,weekday,dry,Public Rack - Longwood Dr & 95th St,1
rain,weekday,dry,Public Rack - Loomis Blvd & 47th St,1
rain,weekday,dry,Public Rack - Loomis St & 87th St,10
rain,weekday,dry,Public Rack - Lorel Ave & Grand Ave,2
rain,weekday,dry,Public Rack - Lotus Ave & Lawrence Ave,12
rain,weekday,dry,Public Rack - Lowe Ave & 94th St,2
rain,weekday,dry,Public Rack - Lowe Ave & 98th St,1
rain,weekday,dry,Public Rack - Lowe Park,8
rain,weekday,dry,Public Rack - Lowell Ave & Elston Ave,43
rain,weekday,dry,Public Rack - Lynch & Elston,20
rain,weekday,dry,Public Rack - Mackinaw Ave & 106th St,2
rain,weekday,dry,Public Rack - Mackinaw Ave & 108th St,4
rain,weekday,dry,Public Rack - Mango & Higgins,55
rain,weekday,dry,Public Rack - Maplewood Ave & 63rd St,2
rain,weekday,dry,Public Rack - Marquette Ave & 79th St,1
rain,weekday,dry,Public Rack - Marquette Ave & 83rd St,1
rain,weekday,dry,Public Rack - Marquette Rd & 67th St,13
rain,weekday,dry,Public Rack - Marshfield Ave & 45th St,3
rain,weekday,dry,Public Rack - Marshfield Ave & 87th St,3
rain,weekday,dry,Public Rack - Martin Luther King Dr & 44th St,5
rain,weekday,dry,Public Rack - Maryland Ave & 87th ST,6
rain,weekday,dry,Public Rack - Mason & Archer,1
rain,weekday,dry,Public Rack - Mason Ave & Archer Ave,2
rain,weekday,dry,Public Rack - Mason Ave & Milwaukee Ave,2
rain,weekday,dry,Public Rack - Mason Ave & Roosevelt Rd,2
rain,weekday,dry,Public Rack - May St & 78th St,1
rain,weekday,dry,Public Rack - May St & 87th St,1
rain,weekday,dry,Public Rack - McVicker & 52nd,3
rain,weekday,dry,Public Rack - McVicker Ave & Grand Ave,4
rain,weekday,dry,Public Rack - Meade Ave & Archer Ave,2
rain,weekday,dry,Public Rack - Melvina & Foster,10
rain,weekday,dry,Public Rack - Melvina Ave & Belmont Ave,8
rain,weekday,dry,Public Rack - Melvina Ave & Montrose Ave,2
rain,weekday,dry,Public Rack - Menard Ave & Adams Blvd,1
rain,weekday,dry,Public Rack - Menard Ave & Agusta Blvd,4
rain,weekday,dry,Public Rack - Menard Ave & Belmont Ave,10
rain,weekday,dry,Public Rack - Menard Ave & Dakin St - midblock,10
rain,weekday,dry,Public Rack - Menard Ave & Grand Ave,2
rain,weekday,dry,Public Rack - Menard Ave & Leland Ave,1
rain,weekday,dry,Public Rack - Michigan Ave & 107th St,1
rain,weekday,dry,Public Rack - Michigan Ave & 113th St,1
rain,weekday,dry,Public Rack - Michigan Ave & 119th St,3
rain,weekday,dry,Public Rack - Michigan Ave & 96th St,4
rain,weekday,dry,Public Rack - Midway Orange Line,4
rain,weekday,dry,Public Rack - Milwaukee Ave & Addison St,11
rain,weekday,dry,Public Rack - Milwaukee Ave & Catalpa Ave,9
rain,weekday,dry,Public Rack - Milwaukee Ave & Culyer Ave,29
rain,weekday,dry,Public Rack - Milwaukee Ave & Diversey Ave,260
rain,weekday,dry,Public Rack - Milwaukee Ave & Haussen Ct,196
rain,weekday,dry,Public Rack - Milwaukee Ave & Higgins Ave,51
rain,weekday,dry,Public Rack - Milwaukee Ave & Kennedy Expy,18
rain,weekday,dry,Public Rack - Milwaukee Ave & Lawrence Ave,11
rain,weekday,dry,Public Rack - Milwaukee Ave & Leland Ave,3
rain,weekday,dry,Public Rack - Milwaukee Ave & Pensacola Ave,17
rain,weekday,dry,Public Rack - Milwaukee Ave & School St,29
rain,weekday,dry,Public Rack - Milwaukee Ave & Sunnyside Ave,7
rain,weekday,dry,Public Rack - Milwaukee Ave & Warner Ave,17
rain,weekday,dry,Public Rack - Milwaukee Ave & Waveland Ave,8
rain,weekday,dry,Public Rack - Minnehaha Ave & Devon Ave,3
rain,weekday,dry,Public Rack - Minuteman Park,36
rain,weekday,dry,Public Rack - Mobile Ave & Archer Ave,1
rain,weekday,dry,Public Rack - Mont Clare Ave & Higgins Ave,12
rain,weekday,dry,Public Rack - Monticello & Lawrence,21
rain,weekday,dry,Public Rack - Monticello Ave & Belmont Ave,155
rain,weekday,dry,Public Rack - Montrose Ave & Lavergne Ave,5
rain,weekday,dry,Public Rack - Morgan St & 87th St,1
rain,weekday,dry,Public Rack - Mozart & 79th,1
rain,weekday,dry,Public Rack - Mozart Elementary School,13
rain,weekday,dry,Public Rack - Mt Greenwood Library - South,2
rain,weekday,dry,Public Rack - Mt Greenwood Library N,2
rain,weekday,dry,Public Rack - Mulligan & Northwest Hwy,11
rain,weekday,dry,Public Rack - Mulligan Ave & 56th St,2
rain,weekday,dry,Public Rack - N Narragansett Ave & Grand Ave,12
rain,weekday,dry,Public Rack - N Sayre Ave & W Belden Ave,4
rain,weekday,dry,Public Rack - N. Oakview and W. Gregory St,12
rain,weekday,dry,Public Rack - Nagel & Higgins,34
rain,weekday,dry,Public Rack - Nagle Ave & Belmont Ave,11
rain,weekday,dry,Public Rack - Narragansett Ave & Fullerton Ave,5
rain,weekday,dry,Public Rack - Nashotah & Northwest Hwy,62
rain,weekday,dry,Public Rack - Natoma Ave & 61st St,21
rain,weekday,dry,Public Rack - Natoma Ave & Bryn Mawr Ave,55
rain,weekday,dry,Public Rack - Neenah & Archer,1
rain,weekday,dry,Public Rack - Neenah & Dakin,3
rain,weekday,dry,Public Rack - Neola & Northwest Hwy,5
rain,weekday,dry,Public Rack - Neva & Foster,1
rain,weekday,dry,Public Rack - Neva Ave & Grand Ave,2
rain,weekday,dry,Public Rack - New England Ave & Irving Park Rd,1
rain,weekday,dry,Public Rack - Newcastle & Archer,1
rain,weekday,dry,Public Rack - Newcastle Ave & Belden Ave,2
rain,weekday,dry,Public Rack - Newcastle Ave & Belmont Ave,3
rain,weekday,dry,Public Rack - Newcastle Ave & Wellington Ave,1
rain,weekday,dry,Public Rack - Newland Ave & Diversey Ave,6
rain,weekday,dry,Public Rack - Nina Ave & Avondale Ave,4
rain,weekday,dry,Public Rack - Nordica & Archer,4
rain,weekday,dry,Public Rack - Nordica Ave & Addison St,4
rain,weekday,dry,Public Rack - Nordica Ave & Higgins Ave,3
rain,weekday,dry,Public Rack - Normal Blvd & 61st Pl,3
rain,weekday,dry,Public Rack - Normandy Ave & Archer Ave,2
rain,weekday,dry,Public Rack - Northwest Hwy & Bryn Mawr,5
rain,weekday,dry,Public Rack - Northwest Hwy & Highland Ave,1
rain,weekday,dry,Public Rack - Northwest Hwy & Neva Ave,8
rain,weekday,dry,Public Rack - Northwest Hwy & Overhill Ave,1
rain,weekday,dry,Public Rack - Northwest Hwy & Raven St,1
rain,weekday,dry,Public Rack - Norwood Park,7
rain,weekday,dry,Public Rack - Norwood Park Station,12
rain,weekday,dry,Public Rack - Oak Park & Higgins,22
rain,weekday,dry,Public Rack - Oak Park Ave & Foster Ave,12
rain,weekday,dry,Public Rack - Oakley & 79th Pl,1
rain,weekday,dry,Public Rack - Octavia Ave & Touhy Ave,2
rain,weekday,dry,Public Rack - Odell & Talcott,12
rain,weekday,dry,Public Rack - Oglesby Ave & 105th St,1
rain,weekday,dry,Public Rack - Oglesby Ave & 95th St,4
rain,weekday,dry,Public Rack - Oketo & Northwest Hwy,3
rain,weekday,dry,Public Rack - Oketo & Talcott,9
rain,weekday,dry,Public Rack - Oketo Ave & Belmont Ave,2
rain,weekday,dry,Public Rack - Olmstead Ave & Oliphant Ave,23
rain,weekday,dry,Public Rack - Orville T Bright School,1
rain,weekday,dry,Public Rack - Osceola Ave & Touhy Ave,2
rain,weekday,dry,Public Rack - Ottowa Ave & Touhy Ave,14
rain,weekday,dry,Public Rack - Overhill Ave & Touhy Ave,11
rain,weekday,dry,Public Rack - Ozanam Ave & Devon Ave,3
rain,weekday,dry,Public Rack - Ozark Ave & Addison St,4
rain,weekday,dry,Public Rack - Ozman & Talcott,2
rain,weekday,dry,Public Rack - Park Manor Elementary School,1
rain,weekday,dry,Public Rack - Parkside & 63rd,18
rain,weekday,dry,Public Rack - Parkside & Archer,1
rain,weekday,dry,Public Rack - Parkside & Elston,23
rain,weekday,dry,Public Rack - Parnell Ave & 119th St,2
rain,weekday,dry,Public Rack - Parnell Ave & 98th St,1
rain,weekday,dry,Public Rack - Penn Elementary School / KIPP Ascend Middle School,15
rain,weekday,dry,Public Rack - Peoria St & 60th St,1
rain,weekday,dry,Public Rack - Peterson Ave & Bernard Ave,1
rain,weekday,dry,Public Rack - Peterson Ave & Drake Ave,34
rain,weekday,dry,Public Rack - Peterson Ave & Milwaukee Ave,13
rain,weekday,dry,Public Rack - Peterson Park,41
rain,weekday,dry,Public Rack - Plainfield Ave & Irving Park Rd,4
rain,weekday,dry,Public Rack - Prairie Ave & 47th St,44
rain,weekday,dry,Public Rack - Prairie Ave & 78th St,1
rain,weekday,dry,Public Rack - Prairie Ave & Garfield Blvd N,45
rain,weekday,dry,Public Rack - Prairie Ave & Garfield Blvd S,6
rain,weekday,dry,Public Rack - Pratt Ave & Odell Ave,3
rain,weekday,dry,Public Rack - Princeton Ave & 43rd St,2
rain,weekday,dry,Public Rack - Pulaski & 52nd,2
rain,weekday,dry,Public Rack - Pulaski & 74th,1
rain,weekday,dry,Public Rack - Pulaski & Ardmore,14
rain,weekday,dry,Public Rack - Pulaski & Rosemont,15
rain,weekday,dry,Public Rack - Pulaski Rd & 15th St,2
rain,weekday,dry,Public Rack - Pulaski Rd & 40th St,1
rain,weekday,dry,Public Rack - Pulaski Rd & 41st,3
rain,weekday,dry,Public Rack - Pulaski Rd & 44th St,70
rain,weekday,dry,Public Rack - Pulaski Rd & 51st Rd,1
rain,weekday,dry,Public Rack - Pulaski Rd & 5th Ave,2
rain,weekday,dry,Public Rack - Pulaski Rd & 65th St,1
rain,weekday,dry,Public Rack - Pulaski Rd & Armitage Ave,14
rain,weekday,dry,Public Rack - Pulaski Rd & Flournoy St,1
rain,weekday,dry,Public Rack - Pulaski Rd & Fullerton Ave,27
rain,weekday,dry,Public Rack - Pulaski Rd & Grenshaw St,1
rain,weekday,dry,Public Rack - Pulaski Rd & Lake St,8
rain,weekday,dry,Public Rack - Pulaski Rd & Polk St,2
rain,weekday,dry,Public Rack - Pulaski Rd & Roosevelt Rd,1
rain,weekday,dry,Public Rack - Pulaski Rd & Stevens Ave,3
rain,weekday,dry,Public Rack - Pullman - Planet Fitness,6
rain,weekday,dry,Public Rack - Pullman - Ross Dress for Less,2
rain,weekday,dry,Public Rack - Pullman - Walmart,5
rain,weekday,dry,Public Rack - Pullman Community Center,5
rain,weekday,dry,Public Rack - Racine Ave & 109th Pl,2
rain,weekday,dry,Public Rack - Racine Ave & 74th St,8
rain,weekday,dry,Public Rack - Rhodes Ave & 79th St,1
rain,weekday,dry,Public Rack - Richard Daley College,23
rain,weekday,dry,Public Rack - Richmond St & Thorndale Ave,1
rain,weekday,dry,Public Rack - Rockwell & 111th St,5
rain,weekday,dry,Public Rack - Rockwell & Division,153
rain,weekday,dry,Public Rack - Rockwell Ave & 71st St,2
rain,weekday,dry,Public Rack - Rockwell Ave & Touhy Ave,23
rain,weekday,dry,Public Rack - Roswell B. Mason Elementary School,1
rain,weekday,dry,Public Rack - Rutherford & 53rd,1
rain,weekday,dry,Public Rack - Rutherford Ave & Belmont Ave,10
rain,weekday,dry,Public Rack - S Menard & W 63rd,3
rain,weekday,dry,Public Rack - S. Kilpatrick and W. 79th,13
rain,weekday,dry,Public Rack - Sacramento & 71st,1
rain,weekday,dry,Public Rack - Sacramento Ave & Devon Ave,13
rain,weekday,dry,Public Rack - Sacramento Ave & Greenleaf Ave,1
rain,weekday,dry,Public Rack - Sacramento Blvd & Washington Blvd,9
rain,weekday,dry,Public Rack - Saginaw Ave & 93rd St,2
rain,weekday,dry,Public Rack - Sangamon St & 87th St,2
rain,weekday,dry,Public Rack - Sawyer Ave & 111th St,4
rain,weekday,dry,Public Rack - Sawyer Ave & Bryn Mawr Ave - SE,30
rain,weekday,dry,Public Rack - Sawyer Ave & Bryn Mawr Ave - SW,4
rain,weekday,dry,Public Rack - Sawyer Ave & Chicago Ave,3
rain,weekday,dry,Public Rack - Sawyer Ave & Lawrence Ave,24
rain,weekday,dry,Public Rack - Sayer & Northwest Hwy,1
rain,weekday,dry,Public Rack - Sayre Ave & 59th St,1
rain,weekday,dry,Public Rack - South Shore Dr & 71st St,95
rain,weekday,dry,Public Rack - Spaulding Ave & 71st St,1
rain,weekday,dry,Public Rack - Spaulding Ave & Bryn Mawr Ave,28
rain,weekday,dry,Public Rack - Spaulding Ave & Evergreen Ave,199
rain,weekday,dry,Public Rack - Spaulding Ave & Foster Ave,8
rain,weekday,dry,Public Rack - Spaulding Ave & North Ave,76
rain,weekday,dry,Public Rack - Springfield & 79th,4
rain,weekday,dry,Public Rack - Springfield Ave & 63rd St,2
rain,weekday,dry,Public Rack - Springfield Ave & Lawrence Ave,50
rain,weekday,dry,Public Rack - St Louis & Lincoln,16
rain,weekday,dry,Public Rack - St Louis Ave & Berteau Ave,39
rain,weekday,dry,Public Rack - St Louis Ave & Flournoy St,4
rain,weekday,dry,Public Rack - State ST & 42nd St,11
rain,weekday,dry,Public Rack - State St & 47th st,3
rain,weekday,dry,Public Rack - Stony Is Ave & 73rd St,3
rain,weekday,dry,Public Rack - Stony Island & 87th St,1
rain,weekday,dry,Public Rack - Stony Island & 95th St,2
rain,weekday,dry,Public Rack - Strohacker Park,2
rain,weekday,dry,Public Rack - Talman Ave & 51st St,11
rain,weekday,dry,Public Rack - Talman Ave & Pershing Rd,1
rain,weekday,dry,Public Rack - The Montessori School of Englewood,4
rain,weekday,dry,Public Rack - Throop St & 58th St,2
rain,weekday,dry,Public Rack - Torrence Ave  & 106th St,1
rain,weekday,dry,Public Rack - Torrence Ave & 103rd St,1
rain,weekday,dry,Public Rack - Torrence Ave & 98th St,4
rain,weekday,dry,Public Rack - Touhy Ave & Oconto Ave,13
rain,weekday,dry,Public Rack - Tripp Ave & North Ave,3
rain,weekday,dry,Public Rack - Troy & 71st,1
rain,weekday,dry,Public Rack - Trumbull Ave & 111th St,15
rain,weekday,dry,Public Rack - Vincennes Ave & 77th St,4
rain,weekday,dry,Public Rack - Vincennes Ave & 91st St,1
rain,weekday,dry,Public Rack - Vincennes Ave & 95th Pl,1
rain,weekday,dry,Public Rack - W. Talcott & N. Oriole,1
rain,weekday,dry,Public Rack - Wabash Ave & 87th St,5
rain,weekday,dry,Public Rack - Walden Pkwy & 103rd St,33
rain,weekday,dry,Public Rack - Walden Pkwy & 99th St,4
rain,weekday,dry,Public Rack - Waller Ave & Chicago Ave,5
rain,weekday,dry,Public Rack - Washington Park Ct & 51st St,27
rain,weekday,dry,Public Rack - Washtenaw Ave & 63rd St,2
rain,weekday,dry,Public Rack - Washtenaw Ave & Devon Ave,106
rain,weekday,dry,Public Rack - Washtenaw Ave & Superior St,303
rain,weekday,dry,Public Rack - Wentworth Ave & 103rd St,5
rain,weekday,dry,Public Rack - Wentworth Ave & 79th St,1
rain,weekday,dry,Public Rack - Wentworth Park,10
rain,weekday,dry,Public Rack - West Chatham Park,1
rain,weekday,dry,Public Rack - Western & 74th,2
rain,weekday,dry,Public Rack - Western & 83rd,1
rain,weekday,dry,Public Rack - Western Ave & 100th St,13
rain,weekday,dry,Public Rack - Western Ave & 104th St - East,1
rain,weekday,dry,Public Rack - Western Ave & 104th St - West,1
rain,weekday,dry,Public Rack - Western Ave & 105th St,3
rain,weekday,dry,Public Rack - Western Ave & 106th St - East,2
rain,weekday,dry,Public Rack - Western Ave & 106th St - West,1
rain,weekday,dry,Public Rack - Western Ave & 107th Pl,2
rain,weekday,dry,Public Rack - Western Ave & 110th St,2
rain,weekday,dry,Public Rack - Western Ave & 111th St - SE,2
rain,weekday,dry,Public Rack - Western Ave & 111th St - SW,2
rain,weekday,dry,Public Rack - Western Ave & 118th St,2
rain,weekday,dry,Public Rack - Western Ave & 47th Pl,71
rain,weekday,dry,Public Rack - Western Ave & 62nd St,1
rain,weekday,dry,Public Rack - Western Ave & 79th St,1
rain,weekday,dry,Public Rack - Western Ave & 92nd Pl,42
rain,weekday,dry,Public Rack - Western Ave & 96th St,7
rain,weekday,dry,Public Rack - Western Ave & 98th St,1
rain,weekday,dry,Public Rack - Western Ave & Devon Ave,124
rain,weekday,dry,Public Rack - Western Ave & Jarvis Ave,26
rain,weekday,dry,Public Rack - Western Blvd & 49th St,36
rain,weekday,dry,Public Rack - Whipple St & 26th St,2
rain,weekday,dry,Public Rack - Whipple St & 63rd St,25
rain,weekday,dry,Public Rack - Wilbur Wright College North,2
rain,weekday,dry,Public Rack - Wilbur Wright College South,23
rain,weekday,dry,Public Rack - William J Onahan Public School,4
rain,weekday,dry,Public Rack - Winona St & Elston Ave,2
rain,weekday,dry,Public Rack - Wolcott Ave & 61st St,9
rain,weekday,dry,Public Rack - Wood St & 103rd St,10
rain,weekday,dry,Public Rack - Wood St & 47th St,5
rain,weekday,dry,Public Rack - Woodlawn Ave & 63rd St N,263
rain,weekday,dry,Public Rack - Woodlawn Ave & 63rd St S,52
rain,weekday,dry,Public Rack - Wrightwood Metra Station,3
rain,weekday,dry,Public Rack - Yates Ave & 100th St,2
rain,weekday,dry,Pulaski Rd & 51st St,363
rain,weekday,dry,Pulaski Rd & 54th St,62
rain,weekday,dry,Pulaski Rd & 60th Pl,23
rain,weekday,dry,Pulaski Rd & 60th St,15
rain,weekday,dry,Pulaski Rd & 68th St,19
rain,weekday,dry,Pulaski Rd & 75th St,41
rain,weekday,dry,Pulaski Rd & 84th St,23
rain,weekday,dry,Pulaski Rd & Ann Lurie Pl,98
rain,weekday,dry,Pulaski Rd & Congress Pkwy,105
rain,weekday,dry,Pulaski Rd & Eddy St,346
rain,weekday,dry,Pulaski Rd & Lake St,46
rain,weekday,dry,Racine Ave & 115th St,41
rain,weekday,dry,Racine Ave & 13th St,658
rain,weekday,dry,Racine Ave & 15th St,1622
rain,weekday,dry,Racine Ave & 18th St,3150
rain,weekday,dry,Racine Ave & 35th St,446
rain,weekday,dry,Racine Ave & 57th St,17
rain,weekday,dry,Racine Ave & 61st St,14
rain,weekday,dry,Racine Ave & 65th St,16
rain,weekday,dry,Racine Ave & Belmont Ave,5042
rain,weekday,dry,Racine Ave & Broadway,687
rain,weekday,dry,Racine Ave & Congress Pkwy,3183
rain,weekday,dry,Racine Ave & Fullerton Ave,5395
rain,weekday,dry,Racine Ave & Garfield Blvd,33
rain,weekday,dry,Racine Ave & Randolph St,2147
rain,weekday,dry,Racine Ave & Washington Blvd,2717
rain,weekday,dry,Racine Ave & Webster Ave,395
rain,weekday,dry,Racine Ave & Wrightwood Ave,3159
rain,weekday,dry,Racine/Eddy Corral,446
rain,weekday,dry,Rainbow - Beach,14
rain,weekday,dry,Rainbow Beach,55
rain,weekday,dry,Ravenswood Ave & Berteau Ave,2192
rain,weekday,dry,Ravenswood Ave & Irving Park Rd,2479
rain,weekday,dry,Ravenswood Ave & Lawrence Ave,10444
rain,weekday,dry,Rhodes Ave & 32nd St,1767
rain,weekday,dry,Rhodes Ave & 71st St,6
rain,weekday,dry,Richmond St & 59th St,88
rain,weekday,dry,Richmond St & Diversey Ave,1398
rain,weekday,dry,Richmond St & Lincoln Ave,166
rain,weekday,dry,Ridge Blvd & Howard St,330
rain,weekday,dry,Ridge Blvd & Touhy Ave,510
rain,weekday,dry,Ritchie Ct & Banks St,5577
rain,weekday,dry,Rockwell Ave & Logan Blvd,233
rain,weekday,dry,Rockwell St & 47th St,59
rain,weekday,dry,Rockwell St & 57th St,100
rain,weekday,dry,Rockwell St & 63rd St,15
rain,weekday,dry,Rockwell St & Archer Ave,303
rain,weekday,dry,Rockwell St & Cermak Rd,209
rain,weekday,dry,Rockwell St & Eastwood Ave,1773
rain,weekday,dry,Rockwell St & Fletcher St,910
rain,weekday,dry,Rockwell/Irving Park Hub,117
rain,weekday,dry,Roscoe & Harlem,20
rain,weekday,dry,Rush St & Cedar St,7345
rain,weekday,dry,Rush St & Hubbard St,5529
rain,weekday,dry,Rush St & Illinois St,697
rain,weekday,dry,Rush St & Superior St,7074
rain,weekday,dry,S Aberdeen St & W 106th St,2
rain,weekday,dry,S Michigan Ave & E 118th St,5
rain,weekday,dry,S Wentworth Ave & W 111th St,5
rain,weekday,dry,SCOOTERS CLASSIC - 2132 W Hubbard ST,91
rain,weekday,dry,Sacramento Ave & 25th St,47
rain,weekday,dry,Sacramento Ave & 51st St,21
rain,weekday,dry,Sacramento Ave & Linden Pl,32
rain,weekday,dry,Sacramento Ave & Lunt Ave,174
rain,weekday,dry,Sacramento Ave & Lyndale St,228
rain,weekday,dry,Sacramento Ave & Pratt Blvd,133
rain,weekday,dry,Sacramento Blvd & Addison St,427
rain,weekday,dry,Sacramento Blvd & Franklin Blvd,183
rain,weekday,dry,Sacramento Blvd & Fulton Ave,150
rain,weekday,dry,Sacramento Blvd & Polk St,27
rain,weekday,dry,Sangamon St & Adams St,854
rain,weekday,dry,Sangamon St & Lake St,5599
rain,weekday,dry,Sangamon St & Washington Blvd,4704
rain,weekday,dry,Sawyer Ave & Fullerton Ave,24
rain,weekday,dry,Sawyer Ave & Irving Park Rd,818
rain,weekday,dry,Sayre Ave & Diversey Ave,81
rain,weekday,dry,Scottsdale Park,25
rain,weekday,dry,Sedgwick St & Chicago Ave,204
rain,weekday,dry,Sedgwick St & Huron St,7701
rain,weekday,dry,Sedgwick St & North Ave,6105
rain,weekday,dry,Sedgwick St & North Ave*,59
rain,weekday,dry,Sedgwick St & Schiller St,2130
rain,weekday,dry,Sedgwick St & Webster Ave,6128
rain,weekday,dry,Seeley Ave & Garfield Blvd,36
rain,weekday,dry,Seeley Ave & Roscoe St,2618
rain,weekday,dry,Seminary Ave & Belden Ave,576
rain,weekday,dry,Shabbona Park,172
rain,weekday,dry,Shedd Aquarium,8532
rain,weekday,dry,Sheffield Ave & Addison St,3944
rain,weekday,dry,Sheffield Ave & Fletcher St,335
rain,weekday,dry,Sheffield Ave & Fullerton Ave,9204
rain,weekday,dry,Sheffield Ave & Fullerton Ave*,149
rain,weekday,dry,Sheffield Ave & Kingsbury St,6281
rain,weekday,dry,Sheffield Ave & Kingsbury St*,50
rain,weekday,dry,Sheffield Ave & Waveland Ave,7272
rain,weekday,dry,Sheffield Ave & Webster Ave,6988
rain,weekday,dry,Sheffield Ave & Wellington Ave,6905
rain,weekday,dry,Sheffield Ave & Willow St,4555
rain,weekday,dry,Sheffield Ave & Wrightwood Ave,6889
rain,weekday,dry,Sheffield/Cornelia Corral,336
rain,weekday,dry,Sheffield/Newport Corral,941
rain,weekday,dry,Sheridan Rd & Argyle St,3603
rain,weekday,dry,Sheridan Rd & Berwyn Ave,208
rain,weekday,dry,Sheridan Rd & Buena Ave,4575
rain,weekday,dry,Sheridan Rd & Columbia Ave,1497
rain,weekday,dry,Sheridan Rd & Greenleaf Ave,1036
rain,weekday,dry,Sheridan Rd & Irving Park Rd,7121
rain,weekday,dry,Sheridan Rd & Lawrence Ave,2558
rain,weekday,dry,Sheridan Rd & Loyola Ave,2040
rain,weekday,dry,Sheridan Rd & Montrose Ave,6176
rain,weekday,dry,Sheridan Rd & Noyes St (NU),3627
rain,weekday,dry,Shields Ave & 28th Pl,993
rain,weekday,dry,Shields Ave & 31st St,1776
rain,weekday,dry,Shields Ave & 43rd St,101
rain,weekday,dry,Shields Ave & 57th St,5
rain,weekday,dry,Shore Dr & 53rd St,48
rain,weekday,dry,Shore Dr & 55th St,5589
rain,weekday,dry,Smith Park,1230
rain,weekday,dry,South Chicago Ave & 83rd St,18
rain,weekday,dry,South Chicago Ave & Elliot Ave,4
rain,weekday,dry,South Shore Dr & 67th St,472
rain,weekday,dry,South Shore Dr & 71st St,582
rain,weekday,dry,South Shore Dr & 74th St,250
rain,weekday,dry,Southport Ave & Belmont Ave,4576
rain,weekday,dry,Southport Ave & Clark St,1818
rain,weekday,dry,Southport Ave & Clybourn Ave,3296
rain,weekday,dry,Southport Ave & Grace St,249
rain,weekday,dry,Southport Ave & Irving Park Rd,3588
rain,weekday,dry,Southport Ave & Roscoe St,7337
rain,weekday,dry,Southport Ave & Waveland Ave,8485
rain,weekday,dry,Southport Ave & Waveland Ave*,81
rain,weekday,dry,Southport Ave & Wellington Ave,5491
rain,weekday,dry,Southport Ave & Wrightwood Ave,4549
rain,weekday,dry,Southport Ave & Wrightwood Ave*,59
rain,weekday,dry,Spaulding Ave & 16th St,54
rain,weekday,dry,Spaulding Ave & 63rd,43
rain,weekday,dry,Spaulding Ave & Armitage Ave,2668
rain,weekday,dry,Spaulding Ave & Division St,1027
rain,weekday,dry,Spaulding Ave & Milwaukee Ave,26
rain,weekday,dry,Springfield Ave & 47th St,26
rain,weekday,dry,Springfield Ave & 71st St,35
rain,weekday,dry,Springfield Ave & 80th St,9
rain,weekday,dry,Springfield Ave & North Ave,291
rain,weekday,dry,St Clair St & Ohio St,901
rain,weekday,dry,St Louis Ave & 51st St,33
rain,weekday,dry,St Louis Ave & 59th St,92
rain,weekday,dry,St Louis Ave & Foster Ave,284
rain,weekday,dry,St Louis Ave & Norman Bobbins Pl,60
rain,weekday,dry,St. Clair St & Erie St,11618
rain,weekday,dry,St. Clair St & Erie St 1,97
rain,weekday,dry,St. Clair St & Erie St 2,130
rain,weekday,dry,St. Louis & 71st St,31
rain,weekday,dry,St. Louis Ave & Balmoral Ave,643
rain,weekday,dry,St. Louis Ave & Fullerton Ave,1533
rain,weekday,dry,State St & 111th St,19
rain,weekday,dry,State St & 123rd St,26
rain,weekday,dry,State St & 127th St,13
rain,weekday,dry,State St & 19th St,1441
rain,weekday,dry,State St & 29th St,253
rain,weekday,dry,State St & 33rd St,3113
rain,weekday,dry,State St & 35th St,1578
rain,weekday,dry,State St & 45th St,48
rain,weekday,dry,State St & 54th St,111
rain,weekday,dry,State St & 76th St,29
rain,weekday,dry,State St & 79th St,74
rain,weekday,dry,State St & 95th St,172
rain,weekday,dry,State St & Chicago Ave,14462
rain,weekday,dry,State St & Harrison St,3667
rain,weekday,dry,State St & Kinzie St,7611
rain,weekday,dry,State St & Pearson St,4134
rain,weekday,dry,State St & Pershing Rd,39
rain,weekday,dry,State St & Randolph St,6627
rain,weekday,dry,State St & Van Buren St,4178
rain,weekday,dry,Stave St & Armitage Ave,2296
rain,weekday,dry,Steelworkers Park,65
rain,weekday,dry,Steelworkers Park (Updated),16
rain,weekday,dry,Stetson Ave & South Water St,5371
rain,weekday,dry,Stewart Ave & 123rd St,65
rain,weekday,dry,Stewart Ave & 63rd St,25
rain,weekday,dry,Stewart Ave & 83rd St,44
rain,weekday,dry,Stockton Dr & Wrightwood Ave,6213
rain,weekday,dry,Stony Island Ave & 63rd St,291
rain,weekday,dry,Stony Island Ave & 64th St,99
rain,weekday,dry,Stony Island Ave & 67th St,146
rain,weekday,dry,Stony Island Ave & 71st St,221
rain,weekday,dry,Stony Island Ave & 75th St,147
rain,weekday,dry,Stony Island Ave & 82nd St,29
rain,weekday,dry,Stony Island Ave & 90th St,20
rain,weekday,dry,Stony Island Ave & South Chicago Ave,10
rain,weekday,dry,Streeter Dr & Grand Ave,12436
rain,weekday,dry,Streeter Dr/Grand Ave,1505
rain,weekday,dry,Summit Ave & 86th St,14
rain,weekday,dry,Talman Ave & Addison St,1538
rain,weekday,dry,The Salt Shed,800
rain,weekday,dry,Theater on the Lake,11835
rain,weekday,dry,Throop St & 52nd St,21
rain,weekday,dry,Throop St & 99th St,14
rain,weekday,dry,Throop St & Taylor St,2863
rain,weekday,dry,Torrence Ave & 106th St,7
rain,weekday,dry,Torrence Ave & 126th Pl,11
rain,weekday,dry,Tripp Ave & 15th St,60
rain,weekday,dry,Tripp Ave & 31st St,28
rain,weekday,dry,Tripp Ave & 65th St,110
rain,weekday,dry,Troy Ave & 27th St,23
rain,weekday,dry,Troy St & Elston Ave,1241
rain,weekday,dry,Troy St & Grace St,490
rain,weekday,dry,Troy St & Jackson Blvd,33
rain,weekday,dry,Troy St & North Ave,942
rain,weekday,dry,Union Ave & Root St,143
rain,weekday,dry,University Ave & 57th St,12086
rain,weekday,dry,University Ave & 59th St,4055
rain,weekday,dry,University Ave & 65th St,298
rain,weekday,dry,University Library (NU),1451
rain,weekday,dry,Valli Produce - Evanston Plaza,414
rain,weekday,dry,Vernon Ave & 107th St,41
rain,weekday,dry,Vernon Ave & 75th St,50
rain,weekday,dry,Vernon Ave & 79th St,52
rain,weekday,dry,Vincennes Ave & 104th St,64
rain,weekday,dry,Vincennes Ave & 107th St,36
rain,weekday,dry,Vincennes Ave & 75th St,21
rain,weekday,dry,Vincennes Ave & 79th St,60
rain,weekday,dry,Vincennes Ave & 95th St,67
rain,weekday,dry,Virginia Ave & Catalpa Ave,176
rain,weekday,dry,W 103rd St & S Avers Ave,40
rain,weekday,dry,W Armitage Ave & N Sheffield Ave,2015
rain,weekday,dry,W Washington Blvd & N Peoria St,503
rain,weekday,dry,Wabansia & Milwaukee,751
rain,weekday,dry,Wabash Ave & 16th St,3857
rain,weekday,dry,Wabash Ave & 49th St,39
rain,weekday,dry,Wabash Ave & 59th St,53
rain,weekday,dry,Wabash Ave & 83rd St,29
rain,weekday,dry,Wabash Ave & 87th St,83
rain,weekday,dry,Wabash Ave & 9th St,7009
rain,weekday,dry,Wabash Ave & Adams St,5260
rain,weekday,dry,Wabash Ave & Cermak Rd,1496
rain,weekday,dry,Wabash Ave & Grand Ave,11667
rain,weekday,dry,Wabash Ave & Jackson Blvd,267
rain,weekday,dry,Wabash Ave & Roosevelt Rd,9510
rain,weekday,dry,Wabash Ave & Wacker Pl,5528
rain,weekday,dry,Wabash Ave & Washington St,1809
rain,weekday,dry,Wacker Dr & Randolph St,886
rain,weekday,dry,Wacker Dr & Washington St,6625
rain,weekday,dry,Wacker Dr & Washington St Corral,1459
rain,weekday,dry,Walden Pkwy & 100th St,148
rain,weekday,dry,Wallace St & 28th St,176
rain,weekday,dry,Wallace St & 35th St,629
rain,weekday,dry,Wallace St & Pershing Rd,202
rain,weekday,dry,Walsh Park,3118
rain,weekday,dry,Warren Park East,506
rain,weekday,dry,Warren Park West,585
rain,weekday,dry,Washtenaw Ave & Lawrence Ave,1503
rain,weekday,dry,Washtenaw Ave & Ogden Ave,243
rain,weekday,dry,Washtenaw Ave & Peterson Ave,124
rain,weekday,dry,Washtenaw Ave & Polk St,130
rain,weekday,dry,Waveland/Racine,124
rain,weekday,dry,Waveland/Racine Corral,632
rain,weekday,dry,Waveland/Wilton Corral,77
rain,weekday,dry,Wellington Ave & Mulligan Ave,46
rain,weekday,dry,Wells St & 19th St,753
rain,weekday,dry,Wells St & Concord Ln,13848
rain,weekday,dry,Wells St & Elm St,13617
rain,weekday,dry,Wells St & Evergreen Ave,7403
rain,weekday,dry,Wells St & Hubbard St,12535
rain,weekday,dry,Wells St & Huron St,13368
rain,weekday,dry,Wells St & Institute Pl,4078
rain,weekday,dry,Wells St & Madison St,1725
rain,weekday,dry,Wells St & Polk St,5592
rain,weekday,dry,Wells St & Randolph St,7612
rain,weekday,dry,Wells St & Randolph St Corral,751
rain,weekday,dry,Wells St & Walton St,7005
rain,weekday,dry,Wells St & Washington St,1550
rain,weekday,dry,Wentworth Ave & 104th St,5
rain,weekday,dry,Wentworth Ave & 107th St,45
rain,weekday,dry,Wentworth Ave & 24th St,830
rain,weekday,dry,Wentworth Ave & 33rd St,911
rain,weekday,dry,Wentworth Ave & 35th St,922
rain,weekday,dry,Wentworth Ave & 63rd St,115
rain,weekday,dry,Wentworth Ave & 92nd St,53
rain,weekday,dry,Wentworth Ave & Cermak Rd,51
rain,weekday,dry,Wentworth Ave & Cermak Rd*,3104
rain,weekday,dry,Western Ave & 101st St,38
rain,weekday,dry,Western Ave & 104th St,58
rain,weekday,dry,Western Ave & 111th St,45
rain,weekday,dry,Western Ave & 21st St,613
rain,weekday,dry,Western Ave & 24th St,379
rain,weekday,dry,Western Ave & 28th St,81
rain,weekday,dry,Western Ave & 43rd St,131
rain,weekday,dry,Western Ave & 62nd St,20
rain,weekday,dry,Western Ave & 79th St,30
rain,weekday,dry,Western Ave & 81st St,14
rain,weekday,dry,Western Ave & Ardmore Ave,226
rain,weekday,dry,Western Ave & Berteau Ave,733
rain,weekday,dry,Western Ave & Congress Pkwy,907
rain,weekday,dry,Western Ave & Division St,2227
rain,weekday,dry,Western Ave & Fillmore St,1131
rain,weekday,dry,Western Ave & Grace St,841
rain,weekday,dry,Western Ave & Granville Ave,791
rain,weekday,dry,Western Ave & Gunnison St,241
rain,weekday,dry,Western Ave & Howard St,563
rain,weekday,dry,Western Ave & Lake St,244
rain,weekday,dry,Western Ave & Leland Ave,2518
rain,weekday,dry,Western Ave & Lunt Ave,862
rain,weekday,dry,Western Ave & Lyndale St,254
rain,weekday,dry,Western Ave & Monroe St,693
rain,weekday,dry,Western Ave & Roscoe St,1446
rain,weekday,dry,Western Ave & Wabansia Ave,391
rain,weekday,dry,Western Ave & Walton St,3108
rain,weekday,dry,Western Ave & Winnebago Ave,4131
rain,weekday,dry,Western Blvd & 48th Pl,265
rain,weekday,dry,Whipple St & Roosevelt Rd,20
rain,weekday,dry,Whipple/Irving Park,451
rain,weekday,dry,Wilton Ave & Addison St,2016
rain,weekday,dry,Wilton Ave & Belmont Ave,10994
rain,weekday,dry,Wilton Ave & Diversey Pkwy,6429
rain,weekday,dry,Wilton Ave & Diversey Pkwy*,2672
rain,weekday,dry,Winchester (Ravenswood) Ave & Balmoral Ave,1101
rain,weekday,dry,Winchester Ave & Elston Ave,1642
rain,weekday,dry,Winthrop Ave & Lawrence Ave,3040
rain,weekday,dry,Wolcott (Ravenswood) Ave & Montrose Ave,2702
rain,weekday,dry,Wolcott Ave & Fargo Ave,276
rain,weekday,dry,Wolcott Ave & Polk St,4806
rain,weekday,dry,Wood St & 33rd St,123
rain,weekday,dry,Wood St & 35th St,396
rain,weekday,dry,Wood St & 84th St,9
rain,weekday,dry,Wood St & Augusta Blvd,3397
rain,weekday,dry,Wood St & Beach Ave,1908
rain,weekday,dry,Wood St & Chicago Ave,3899
rain,weekday,dry,Wood St & Cortland St,249
rain,weekday,dry,Wood St & Hubbard St,2324
rain,weekday,dry,Wood St & Milwaukee Ave,4319
rain,weekday,dry,Wood St & Milwaukee Ave*,73
rain,weekday,dry,Wood St & Taylor St (Temp),3400
rain,weekday,dry,Wood St & Walnut St,156
rain,weekday,dry,Wood St & Webster Ave,1425
rain,weekday,dry,Woodlawn & 103rd,11
rain,weekday,dry,Woodlawn Ave & 55th St,4647
rain,weekday,dry,Woodlawn Ave & 58th St,4786
rain,weekday,dry,Woodlawn Ave & 75th St,36
rain,weekday,dry,Woodlawn Ave & Lake Park Ave,639
rain,weekday,dry,Yates Blvd & 75th St,55
rain,weekday,dry,Yates Blvd & 93rd St,25
rain,weekday,rainy,2112 W Peterson Ave,142
rain,weekday,rainy,21st St & Pulaski Rd,24
rain,weekday,rainy,63rd St Beach,152
rain,weekday,rainy,900 W Harrison St,1726
rain,weekday,rainy,Aberdeen St & 103rd St,11
rain,weekday,rainy,Aberdeen St & Carroll Ave,867
rain,weekday,rainy,Aberdeen St & Jackson Blvd,2460
rain,weekday,rainy,Aberdeen St & Monroe St,1447
rain,weekday,rainy,Aberdeen St & Randolph St,2107
rain,weekday,rainy,Ada St & 113th Place,1
rain,weekday,rainy,Ada St & Washington Blvd,1271
rain,weekday,rainy,Addison Red Line,96
rain,weekday,rainy,Addison Red Line Corral,13
rain,weekday,rainy,Addison/Racine,66
rain,weekday,rainy,Addison/Racine Corral,113
rain,weekday,rainy,Addison/Sheffield SE Corral,34
rain,weekday,rainy,Addison/Sheffield SW Corral,36
rain,weekday,rainy,Addison/Wilton Corral,79
rain,weekday,rainy,Adler Planetarium,1774
rain,weekday,rainy,Albany Ave & 16th St,12
rain,weekday,rainy,Albany Ave & 26th St,31
rain,weekday,rainy,Albany Ave & Belmont Ave,113
rain,weekday,rainy,Albany Ave & Bloomingdale Ave,710
rain,weekday,rainy,Albany Ave & Douglas Blvd,21
rain,weekday,rainy,Albany Ave & Montrose Ave,403
rain,weekday,rainy,Altgeld Gardens,3
rain,weekday,rainy,Archer & Wentworth,177
rain,weekday,rainy,Archer (Damen) Ave & 37th St,77
rain,weekday,rainy,Archer Ave & 43rd St,12
rain,weekday,rainy,Archer Ave & 49th St,13
rain,weekday,rainy,Archer Ave & Homan Ave,19
rain,weekday,rainy,Archer Ave & Wentworth Ave,135
rain,weekday,rainy,Artesian Ave & 55th St,18
rain,weekday,rainy,Artesian Ave & 71st St,7
rain,weekday,rainy,Artesian Ave & Hubbard St,1022
rain,weekday,rainy,Artesian Ave & Marquette Rd,7
rain,weekday,rainy,Ashland Ave & 13th St,475
rain,weekday,rainy,Ashland Ave & 50th St,27
rain,weekday,rainy,Ashland Ave & 63rd St,10
rain,weekday,rainy,Ashland Ave & 66th St,12
rain,weekday,rainy,Ashland Ave & 74th St,18
rain,weekday,rainy,Ashland Ave & 78th St,15
rain,weekday,rainy,Ashland Ave & Archer Ave,200
rain,weekday,rainy,Ashland Ave & Augusta Blvd,1074
rain,weekday,rainy,Ashland Ave & Belle Plaine Ave,424
rain,weekday,rainy,Ashland Ave & Blackhawk St,1331
rain,weekday,rainy,Ashland Ave & Chicago Ave,1283
rain,weekday,rainy,Ashland Ave & Division St,2709
rain,weekday,rainy,Ashland Ave & Garfield Blvd,7
rain,weekday,rainy,Ashland Ave & Grace St,1031
rain,weekday,rainy,Ashland Ave & Grand Ave,929
rain,weekday,rainy,Ashland Ave & Lake St,873
rain,weekday,rainy,Ashland Ave & McDowell Ave,55
rain,weekday,rainy,Ashland Ave & Pershing Rd,88
rain,weekday,rainy,Ashland Ave & Wellington Ave,1038
rain,weekday,rainy,Ashland Ave & Wrightwood Ave,925
rain,weekday,rainy,Augusta Blvd & Laramie Ave,16
rain,weekday,rainy,Austin Ave & Milwaukee Ave,21
rain,weekday,rainy,Austin Blvd & Chicago Ave,19
rain,weekday,rainy,Austin Blvd & Lake St,45
rain,weekday,rainy,Austin Blvd & Madison St,45
rain,weekday,rainy,Ave L & 114th,19
rain,weekday,rainy,Avenue O & 118th St,2
rain,weekday,rainy,Avenue O & 134th St,6
rain,weekday,rainy,Avers Ave & 16th St,15
rain,weekday,rainy,Avers Ave & Belmont Ave,477
rain,weekday,rainy,Avers Ave & Foster Ave,30
rain,weekday,rainy,Avondale Ave & Irving Park Rd,560
rain,weekday,rainy,Baltimore Ave & 133rd St,10
rain,weekday,rainy,Baltimore Ave & 87th St,6
rain,weekday,rainy,Bennett Ave & 79th St,1
rain,weekday,rainy,Benson Ave & Church St,1129
rain,weekday,rainy,Bernard St & Elston Ave,196
rain,weekday,rainy,Bernard St & Peterson Ave,57
rain,weekday,rainy,Big Marsh Park,24
rain,weekday,rainy,Bissell St & Armitage Ave*,1965
rain,weekday,rainy,Blackstone Ave & 59th St,1667
rain,weekday,rainy,Blackstone Ave & Hyde Park Blvd,778
rain,weekday,rainy,Blue Island Ave & 18th St,813
rain,weekday,rainy,Bosworth Ave & Howard St,141
rain,weekday,rainy,Bradley Park,10
rain,weekday,rainy,Broadway & Argyle St,1089
rain,weekday,rainy,Broadway & Barry Ave,3052
rain,weekday,rainy,Broadway & Belmont Ave,2382
rain,weekday,rainy,Broadway & Berwyn Ave,1202
rain,weekday,rainy,Broadway & Cornelia Ave,3242
rain,weekday,rainy,Broadway & Cuyler Ave,62
rain,weekday,rainy,Broadway & Granville Ave,1055
rain,weekday,rainy,Broadway & Oakdale Ave,483
rain,weekday,rainy,Broadway & Ridge Ave,787
rain,weekday,rainy,Broadway & Roscoe Ave,113
rain,weekday,rainy,Broadway & Sheridan Rd,2239
rain,weekday,rainy,Broadway & Sunnyside Ave,295
rain,weekday,rainy,Broadway & Thorndale Ave,1067
rain,weekday,rainy,Broadway & Waveland Ave,3035
rain,weekday,rainy,Broadway & Wilson Ave,1726
rain,weekday,rainy,Buckingham Fountain,1455
rain,weekday,rainy,Budlong Woods Library,123
rain,weekday,rainy,Burley Ave & 85th St,11
rain,weekday,rainy,Burley Ave & 91st St,3
rain,weekday,rainy,Burling St & Armitage Ave,68
rain,weekday,rainy,Burling St & Diversey Pkwy,1786
rain,weekday,rainy,Burling St & Diversey Pkwy*,6
rain,weekday,rainy,Burnham Greenway & 105th St,15
rain,weekday,rainy,Burnham Greenway & 112th St,32
rain,weekday,rainy,Burnham Harbor,1127
rain,weekday,rainy,California & 16th St,41
rain,weekday,rainy,California Ave & 21st St,175
rain,weekday,rainy,California Ave & 23rd Pl,78
rain,weekday,rainy,California Ave & 26th St,37
rain,weekday,rainy,California Ave & 29th St,4
rain,weekday,rainy,California Ave & 36th St,19
rain,weekday,rainy,California Ave & 41st St,41
rain,weekday,rainy,California Ave & 71st St,38
rain,weekday,rainy,California Ave & Altgeld St,566
rain,weekday,rainy,California Ave & Byron St,447
rain,weekday,rainy,California Ave & Cortez St,932
rain,weekday,rainy,California Ave & Division St,587
rain,weekday,rainy,California Ave & Fletcher St,563
rain,weekday,rainy,California Ave & Francis Pl,643
rain,weekday,rainy,California Ave & Granville Ave,203
rain,weekday,rainy,California Ave & Lake St,149
rain,weekday,rainy,California Ave & Madison St,29
rain,weekday,rainy,California Ave & Marquette Rd,16
rain,weekday,rainy,California Ave & Milwaukee Ave,1777
rain,weekday,rainy,California Ave & Montrose Ave,548
rain,weekday,rainy,California Ave & North Ave,628
rain,weekday,rainy,California Ave & Touhy Ave,54
rain,weekday,rainy,California Ave & Winona St,73
rain,weekday,rainy,Calumet Ave & 18th St,1257
rain,weekday,rainy,Calumet Ave & 21st St,815
rain,weekday,rainy,Calumet Ave & 33rd St,746
rain,weekday,rainy,Calumet Ave & 35th St,224
rain,weekday,rainy,Calumet Ave & 51st St,130
rain,weekday,rainy,Calumet Ave & 71st St,7
rain,weekday,rainy,Calumet Park,27
rain,weekday,rainy,Campbell Ave & 51st St,12
rain,weekday,rainy,Campbell Ave & Augusta Blvd,479
rain,weekday,rainy,Campbell Ave & Fullerton Ave,438
rain,weekday,rainy,Campbell Ave & Irving Park Rd,104
rain,weekday,rainy,Campbell Ave & Montrose Ave,607
rain,weekday,rainy,Campbell Ave & North Ave,983
rain,weekday,rainy,Canal St & Adams St,4922
rain,weekday,rainy,Canal St & Harrison St,624
rain,weekday,rainy,Canal St & Jackson Blvd,2817
rain,weekday,rainy,Canal St & Lake St,1
rain,weekday,rainy,Canal St & Madison St,6794
rain,weekday,rainy,Canal St & Monroe St,2164
rain,weekday,rainy,Canal St & Taylor St,898
rain,weekday,rainy,Cannon Dr & Fullerton Ave,665
rain,weekday,rainy,Carpenter St & 63rd St,4
rain,weekday,rainy,Carpenter St & Fulton St,196
rain,weekday,rainy,Carpenter St & Huron St,1426
rain,weekday,rainy,Central & Elston,34
rain,weekday,rainy,Central Ave & Altgeld St,40
rain,weekday,rainy,Central Ave & Chicago Ave,24
rain,weekday,rainy,Central Ave & Harrison St,7
rain,weekday,rainy,Central Ave & Lake St,28
rain,weekday,rainy,Central Ave & Madison St,14
rain,weekday,rainy,Central Ave & Parker Ave,31
rain,weekday,rainy,Central Ave & Roscoe St,21
rain,weekday,rainy,Central Ave & Wellington Ave,19
rain,weekday,rainy,Central Park & Augusta Blvd,63
rain,weekday,rainy,Central Park Ave & 24th St,39
rain,weekday,rainy,Central Park Ave & 66th St,7
rain,weekday,rainy,Central Park Ave & Ardmore Ave,87
rain,weekday,rainy,Central Park Ave & Bloomingdale Ave,381
rain,weekday,rainy,Central Park Ave & Douglas Blvd,11
rain,weekday,rainy,Central Park Ave & Elbridge Ave,516
rain,weekday,rainy,Central Park Ave & North Ave,205
rain,weekday,rainy,Central Park Ave & Ogden Ave,70
rain,weekday,rainy,Central Park Ave & Ohio St,16
rain,weekday,rainy,Central Park Ave & Washington Blvd,17
rain,weekday,rainy,Central Park Blvd & 5th Ave,29
rain,weekday,rainy,Central St & Girard Ave,133
rain,weekday,rainy,Central St Metra,218
rain,weekday,rainy,Cherry Ave & Blackhawk St,411
rain,weekday,rainy,Chicago Ave & Sheridan Rd,781
rain,weekday,rainy,Chicago Ave & Washington St,477
rain,weekday,rainy,Chicago State University,48
rain,weekday,rainy,Christiana Ave & Lawrence Ave,366
rain,weekday,rainy,Cicero Ave & Flournoy St,10
rain,weekday,rainy,Cicero Ave & Lake St,17
rain,weekday,rainy,Cicero Ave & Quincy St,4
rain,weekday,rainy,Cicero Ave & Roscoe Ave,33
rain,weekday,rainy,Cicero Ave & Wellington Ave,11
rain,weekday,rainy,Cicero Ave & Wrightwood Ave,52
rain,weekday,rainy,Cityfront Plaza Dr & Pioneer Ct,2031
rain,weekday,rainy,Claremont Ave & Hirsch St,372
rain,weekday,rainy,Clarendon Ave & Gordon Ter,2279
rain,weekday,rainy,Clarendon Ave & Junior Ter,1784
rain,weekday,rainy,Clarendon Ave & Leland Ave,1107
rain,weekday,rainy,Clark St & 9th St (AMLI),680
rain,weekday,rainy,Clark St & Arlington Pl,366
rain,weekday,rainy,Clark St & Armitage Ave,3771
rain,weekday,rainy,Clark St & Berwyn Ave,1767
rain,weekday,rainy,Clark St & Bryn Mawr Ave,1210
rain,weekday,rainy,Clark St & Chicago Ave,1976
rain,weekday,rainy,Clark St & Columbia Ave,436
rain,weekday,rainy,Clark St & Drummond Pl,2492
rain,weekday,rainy,Clark St & Eddy St,227
rain,weekday,rainy,Clark St & Elm St,5380
rain,weekday,rainy,Clark St & Elmdale Ave,467
rain,weekday,rainy,Clark St & Fletcher St,79
rain,weekday,rainy,Clark St & Grace St,1701
rain,weekday,rainy,Clark St & Ida B Wells Dr,1608
rain,weekday,rainy,Clark St & Jarvis Ave,220
rain,weekday,rainy,Clark St & Lake St,3610
rain,weekday,rainy,Clark St & Leland Ave,1296
rain,weekday,rainy,Clark St & Lincoln Ave,3575
rain,weekday,rainy,Clark St & Lunt Ave,759
rain,weekday,rainy,Clark St & Montrose Ave,1216
rain,weekday,rainy,Clark St & Newport St,2869
rain,weekday,rainy,Clark St & North Ave,1676
rain,weekday,rainy,Clark St & Schiller St,2442
rain,weekday,rainy,Clark St & Schreiber Ave,525
rain,weekday,rainy,Clark St & Touhy Ave,141
rain,weekday,rainy,Clark St & Washington St,30
rain,weekday,rainy,Clark St & Wellington Ave,2235
rain,weekday,rainy,Clark St & Winnemac Ave,2239
rain,weekday,rainy,Clark St & Wrightwood Ave,2946
rain,weekday,rainy,Clark/Eddy,166
rain,weekday,rainy,Clark/Newport,82
rain,weekday,rainy,Clark/Newport Corral,76
rain,weekday,rainy,Clark/Racine,37
rain,weekday,rainy,Clark/Racine Corral,57
rain,weekday,rainy,Clifton Ave & Armitage Ave,1839
rain,weekday,rainy,Clinton St & 18th St,566
rain,weekday,rainy,Clinton St & Jackson Blvd,5695
rain,weekday,rainy,Clinton St & Lake St,3785
rain,weekday,rainy,Clinton St & Madison St,6298
rain,weekday,rainy,Clinton St & Polk St,203
rain,weekday,rainy,Clinton St & Roosevelt Rd,1008
rain,weekday,rainy,Clinton St & Tilden St,1225
rain,weekday,rainy,Clinton St & Washington Blvd,7615
rain,weekday,rainy,Clybourn Ave & Division St,887
rain,weekday,rainy,Clyde Ave & 87th St,12
rain,weekday,rainy,Columbus Ave & 79th St,18
rain,weekday,rainy,Columbus Ave & 83rd Pl,5
rain,weekday,rainy,Columbus Dr & Randolph St,3497
rain,weekday,rainy,Commercial Ave & 100th St,1
rain,weekday,rainy,Commercial Ave & 130th St,14
rain,weekday,rainy,Commercial Ave & 83rd St,32
rain,weekday,rainy,Commercial Ave & 90th St,7
rain,weekday,rainy,Commercial Ave & 97th St,5
rain,weekday,rainy,Conservatory Dr & Lake St,66
rain,weekday,rainy,Constance Ave & 95th St,9
rain,weekday,rainy,Cornell Ave & Hyde Park Blvd,1098
rain,weekday,rainy,Cottage Grove Ave & 111th Pl,10
rain,weekday,rainy,Cottage Grove Ave & 43rd St,88
rain,weekday,rainy,Cottage Grove Ave & 47th St,118
rain,weekday,rainy,Cottage Grove Ave & 49th St,17
rain,weekday,rainy,Cottage Grove Ave & 51st St,137
rain,weekday,rainy,Cottage Grove Ave & 63rd St,141
rain,weekday,rainy,Cottage Grove Ave & 67th St,91
rain,weekday,rainy,Cottage Grove Ave & 71st St,8
rain,weekday,rainy,Cottage Grove Ave & 78th St,6
rain,weekday,rainy,Cottage Grove Ave & 83rd St,36
rain,weekday,rainy,Cottage Grove Ave & Oakwood Blvd,169
rain,weekday,rainy,Cumberland Ave & Catherine Ave,40
rain,weekday,rainy,Daley Center Plaza,4626
rain,weekday,rainy,Daley Center Plaza Corral,11
rain,weekday,rainy,Damen Ave & 33rd St,6
rain,weekday,rainy,Damen Ave & 51st St,14
rain,weekday,rainy,Damen Ave & 59th St,13
rain,weekday,rainy,Damen Ave & 74th St,4
rain,weekday,rainy,Damen Ave & 77th St,11
rain,weekday,rainy,Damen Ave & 81st St,32
rain,weekday,rainy,Damen Ave & 87th St,18
rain,weekday,rainy,Damen Ave & Charleston St,856
rain,weekday,rainy,Damen Ave & Chicago Ave,1715
rain,weekday,rainy,Damen Ave & Clybourn Ave,699
rain,weekday,rainy,Damen Ave & Cortland St,1696
rain,weekday,rainy,Damen Ave & Cullerton St,428
rain,weekday,rainy,Damen Ave & Division St,1380
rain,weekday,rainy,Damen Ave & Evergreen Ave,31
rain,weekday,rainy,Damen Ave & Foster Ave,833
rain,weekday,rainy,Damen Ave & Grand Ave,847
rain,weekday,rainy,Damen Ave & Lake St,806
rain,weekday,rainy,Damen Ave & Leland Ave,1057
rain,weekday,rainy,Damen Ave & Madison St,420
rain,weekday,rainy,Damen Ave & Melrose Ave,632
rain,weekday,rainy,Damen Ave & Ohio St,74
rain,weekday,rainy,Damen Ave & Pershing Rd,49
rain,weekday,rainy,Damen Ave & Pierce Ave,2158
rain,weekday,rainy,Damen Ave & St Paul Ave,93
rain,weekday,rainy,Damen Ave & Sunnyside Ave,681
rain,weekday,rainy,Damen Ave & Thomas St (Augusta Blvd),1295
rain,weekday,rainy,Damen Ave & Wabansia Ave,502
rain,weekday,rainy,Damen Ave & Wellington Ave,778
rain,weekday,rainy,Damen Ave & Wicker Park Ave,768
rain,weekday,rainy,Damen Ave/Coulter St,103
rain,weekday,rainy,Dan Ryan Woods & 83rd St,40
rain,weekday,rainy,Dauphin Ave & 103rd St,17
rain,weekday,rainy,Dauphin Ave & 87th St,19
rain,weekday,rainy,Dayton St & North Ave,2095
rain,weekday,rainy,Dearborn Pkwy & Delaware Pl,3776
rain,weekday,rainy,Dearborn St & Adams St,2237
rain,weekday,rainy,Dearborn St & Adams St Corral,114
rain,weekday,rainy,Dearborn St & Division St,276
rain,weekday,rainy,Dearborn St & Erie St,3983
rain,weekday,rainy,Dearborn St & Madison St,121
rain,weekday,rainy,Dearborn St & Maple St,367
rain,weekday,rainy,Dearborn St & Monroe St,3454
rain,weekday,rainy,Dearborn St & Van Buren St,1068
rain,weekday,rainy,Dearborn St & Washington St,31
rain,weekday,rainy,Delano Ct & Roosevelt Rd,1043
rain,weekday,rainy,Desplaines St & Jackson Blvd,2307
rain,weekday,rainy,Desplaines St & Kinzie St,3519
rain,weekday,rainy,Desplaines St & Randolph St,1240
rain,weekday,rainy,Dodge Ave & Church St,124
rain,weekday,rainy,Dodge Ave & Main St,134
rain,weekday,rainy,Dodge Ave & Mulford St,68
rain,weekday,rainy,Dorchester Ave & 49th St,203
rain,weekday,rainy,Dorchester Ave & 53rd St,44
rain,weekday,rainy,Dorchester Ave & 63rd St,141
rain,weekday,rainy,Doty Ave & 111th St,9
rain,weekday,rainy,Drake Ave & Addison St,377
rain,weekday,rainy,Drake Ave & Montrose Ave,254
rain,weekday,rainy,Drexel Ave & 60th St,955
rain,weekday,rainy,DuSable Lake Shore Dr & Belmont Ave,2673
rain,weekday,rainy,DuSable Lake Shore Dr & Diversey Pkwy,2946
rain,weekday,rainy,DuSable Lake Shore Dr & Monroe St,4876
rain,weekday,rainy,DuSable Lake Shore Dr & North Blvd,4746
rain,weekday,rainy,DuSable Lake Shore Dr & Wellington Ave,2260
rain,weekday,rainy,DuSable Museum,114
rain,weekday,rainy,Dusable Harbor,2656
rain,weekday,rainy,East End Ave & 87th St,12
rain,weekday,rainy,Eastlake Ter & Howard St,265
rain,weekday,rainy,Eberhart Ave & 131st St,2
rain,weekday,rainy,Eberhart Ave & 61st St,55
rain,weekday,rainy,Eberhart Ave & 91st St,8
rain,weekday,rainy,Eckhart Park,1251
rain,weekday,rainy,Eddy/Seminary Corral,139
rain,weekday,rainy,Edgebrook Metra,91
rain,weekday,rainy,Eggleston Ave & 111th St,11
rain,weekday,rainy,Eggleston Ave & 115th St,2
rain,weekday,rainy,Eggleston Ave & 69th St,12
rain,weekday,rainy,Eggleston Ave & 92nd St,18
rain,weekday,rainy,Elizabeth St & 47th St,20
rain,weekday,rainy,Elizabeth St & 92nd St,7
rain,weekday,rainy,Elizabeth St & Fulton St,1441
rain,weekday,rainy,Elizabeth St & Randolph St,1885
rain,weekday,rainy,Ellis Ave & 53rd St,1136
rain,weekday,rainy,Ellis Ave & 55th St,3289
rain,weekday,rainy,Ellis Ave & 58th St,1851
rain,weekday,rainy,Ellis Ave & 60th St,3389
rain,weekday,rainy,Ellis Ave & 83rd St,11
rain,weekday,rainy,Elmwood Ave & Austin St,200
rain,weekday,rainy,Elston Ave & Carmen Ave,37
rain,weekday,rainy,Elston Ave & Cortland St,2265
rain,weekday,rainy,Elston Ave & George St,257
rain,weekday,rainy,Elston Ave & Henderson St,166
rain,weekday,rainy,Elston Ave & Wabansia Ave,508
rain,weekday,rainy,Emerald Ave & 28th St,285
rain,weekday,rainy,Emerald Ave & 31st St,687
rain,weekday,rainy,Evans Ave & 75th St,7
rain,weekday,rainy,Evanston Civic Center,256
rain,weekday,rainy,Ewing Ave & 106th St,22
rain,weekday,rainy,Ewing Ave & 97th St,4
rain,weekday,rainy,Ewing Ave & 98th St,11
rain,weekday,rainy,Ewing Ave & Burnham Greenway,21
rain,weekday,rainy,Exchange Ave & 79th St,23
rain,weekday,rainy,Fairbanks Ct & Grand Ave,2691
rain,weekday,rainy,Fairbanks St & Superior St,1329
rain,weekday,rainy,Fairfield Ave & 44th St,60
rain,weekday,rainy,Fairfield Ave & Pratt Blvd,71
rain,weekday,rainy,Fairfield Ave & Roosevelt Rd,27
rain,weekday,rainy,Farragut Ave & Central Ave,38
rain,weekday,rainy,Federal St & Polk St,2824
rain,weekday,rainy,Field Blvd & South Water St,2086
rain,weekday,rainy,Field Museum,1343
rain,weekday,rainy,Financial Pl & Ida B Wells Dr,1743
rain,weekday,rainy,Fort Dearborn Dr & 31st St,175
rain,weekday,rainy,Fort Dearborn Dr & 31st St*,539
rain,weekday,rainy,Francisco Ave & 47th St,13
rain,weekday,rainy,Francisco Ave & 85th St,22
rain,weekday,rainy,Francisco Ave & Bloomingdale Ave,154
rain,weekday,rainy,Francisco Ave & Chicago Ave,371
rain,weekday,rainy,Francisco Ave & Foster Ave,440
rain,weekday,rainy,Francisco Ave & Hollywood Ave,12
rain,weekday,rainy,Francisco Ave & Montrose Ave,196
rain,weekday,rainy,Franklin St & Adams St,1861
rain,weekday,rainy,Franklin St & Adams St (Temp),342
rain,weekday,rainy,Franklin St & Adams St Corral,420
rain,weekday,rainy,Franklin St & Chicago Ave,2355
rain,weekday,rainy,Franklin St & Chicago Ave*,22
rain,weekday,rainy,Franklin St & Illinois St,2315
rain,weekday,rainy,Franklin St & Jackson Blvd,3020
rain,weekday,rainy,Franklin St & Lake St,2826
rain,weekday,rainy,Franklin St & Madison St,79
rain,weekday,rainy,Franklin St & Monroe St,4764
rain,weekday,rainy,Franklin St & Monroe St Corral,53
rain,weekday,rainy,Franklin St & Washington St,753
rain,weekday,rainy,Fullerton & Monitor,7
rain,weekday,rainy,Fulton Market,450
rain,weekday,rainy,Glenwood Ave & Morse Ave,746
rain,weekday,rainy,Glenwood Ave & Touhy Ave,275
rain,weekday,rainy,Grace St & Central Ave,39
rain,weekday,rainy,Grace St & Cicero Ave,50
rain,weekday,rainy,Grace/Sheffield,29
rain,weekday,rainy,Grace/Sheffield Corral,62
rain,weekday,rainy,Granville Ave & Clark St,13
rain,weekday,rainy,Granville Ave & Pulaski Rd,29
rain,weekday,rainy,Green St & Chicago Ave,203
rain,weekday,rainy,Green St & Lake St,582
rain,weekday,rainy,Green St & Madison St,3330
rain,weekday,rainy,Green St & Randolph St*,1656
rain,weekday,rainy,Green St & Washington Blvd,1250
rain,weekday,rainy,Greenview Ave & Diversey Pkwy,991
rain,weekday,rainy,Greenview Ave & Fullerton Ave,1434
rain,weekday,rainy,Greenview Ave & Jarvis Ave,496
rain,weekday,rainy,Greenwood Ave & 47th St,257
rain,weekday,rainy,Greenwood Ave & 79th St,9
rain,weekday,rainy,Greenwood Ave & 91st St,4
rain,weekday,rainy,Greenwood Ave & 97th St,3
rain,weekday,rainy,Griffin Museum of Science and Industry,863
rain,weekday,rainy,Hale Ave & 107th St,26
rain,weekday,rainy,Halsted St & 104th St,11
rain,weekday,rainy,Halsted St & 111th St,2
rain,weekday,rainy,Halsted St & 119th St,3
rain,weekday,rainy,Halsted St & 123rd St,2
rain,weekday,rainy,Halsted St & 18th St,735
rain,weekday,rainy,Halsted St & 21st St,412
rain,weekday,rainy,Halsted St & 35th St,397
rain,weekday,rainy,Halsted St & 37th St,115
rain,weekday,rainy,Halsted St & 47th Pl,49
rain,weekday,rainy,Halsted St & 51st St,53
rain,weekday,rainy,Halsted St & 56th St,4
rain,weekday,rainy,Halsted St & 59th St,22
rain,weekday,rainy,Halsted St & 63rd St,29
rain,weekday,rainy,Halsted St & 69th St,29
rain,weekday,rainy,Halsted St & 73rd St,6
rain,weekday,rainy,Halsted St & 78th St,9
rain,weekday,rainy,Halsted St & 83rd St,5
rain,weekday,rainy,Halsted St & 93rd St,9
rain,weekday,rainy,Halsted St & 96th St,29
rain,weekday,rainy,Halsted St & Archer Ave,386
rain,weekday,rainy,Halsted St & Armitage Ave,185
rain,weekday,rainy,Halsted St & Belden St,190
rain,weekday,rainy,Halsted St & Clybourn Ave,2979
rain,weekday,rainy,Halsted St & Court Pl,10
rain,weekday,rainy,Halsted St & Dickens Ave,2000
rain,weekday,rainy,Halsted St & Dickens Ave*,12
rain,weekday,rainy,Halsted St & Fulton St,2969
rain,weekday,rainy,Halsted St & Lake St,130
rain,weekday,rainy,Halsted St & Maxwell St,1667
rain,weekday,rainy,Halsted St & Melrose St,44
rain,weekday,rainy,Halsted St & North Branch St,237
rain,weekday,rainy,Halsted St & Polk St,1990
rain,weekday,rainy,Halsted St & Roosevelt Rd,1100
rain,weekday,rainy,Halsted St & Roscoe St,2287
rain,weekday,rainy,Halsted St & Willow St,1403
rain,weekday,rainy,Halsted St & Wrightwood Ave,2285
rain,weekday,rainy,Hamilton Park,16
rain,weekday,rainy,Hamlin Ave & 62nd Pl,10
rain,weekday,rainy,Hamlin Ave & Grand Ave,23
rain,weekday,rainy,Hampden Ct & Diversey Ave,603
rain,weekday,rainy,Hampden Ct & Diversey Pkwy,424
rain,weekday,rainy,Harding Ave & 26th St,22
rain,weekday,rainy,Harding Ave & 31st St,9
rain,weekday,rainy,Harding Ave & Chicago Ave,27
rain,weekday,rainy,Harding Ave & Division St,23
rain,weekday,rainy,Harlem Ave & Bloomingdale Ave,19
rain,weekday,rainy,Harlem Ave & Grace St,13
rain,weekday,rainy,Harlem Ave & Irving Park Rd,36
rain,weekday,rainy,Harper Ave & 55th St,69
rain,weekday,rainy,Harper Ave & 59th St,458
rain,weekday,rainy,Hastings LWS,52
rain,weekday,rainy,Hastings St Depot LWS,3
rain,weekday,rainy,Hegewisch Metra Station,11
rain,weekday,rainy,Hermitage Ave & Polk St,1202
rain,weekday,rainy,Higgins Ave & Austin Ave,42
rain,weekday,rainy,Homan Ave & 26th St,13
rain,weekday,rainy,Homan Ave & 65th St,8
rain,weekday,rainy,Homan Ave & 77th St,4
rain,weekday,rainy,Homan Ave & Arthington Ave,17
rain,weekday,rainy,Homan Ave & Fillmore St,12
rain,weekday,rainy,Homewood Ave & 115th St,9
rain,weekday,rainy,Honore St & Division St,1765
rain,weekday,rainy,Houston Ave & 92nd St,14
rain,weekday,rainy,Hoyne Ave & 34th St,40
rain,weekday,rainy,Hoyne Ave & 47th St,99
rain,weekday,rainy,Hoyne Ave & Balmoral Ave,359
rain,weekday,rainy,Hubbard St Depot,8
rain,weekday,rainy,Hudson Ave & Armitage Ave,222
rain,weekday,rainy,Humboldt Blvd & Armitage Ave,745
rain,weekday,rainy,Hyacinth Ave & Milwaukee Ave,56
rain,weekday,rainy,Indiana Ave & 103rd St,15
rain,weekday,rainy,Indiana Ave & 133rd St,2
rain,weekday,rainy,Indiana Ave & 26th St,410
rain,weekday,rainy,Indiana Ave & 31st St,398
rain,weekday,rainy,Indiana Ave & 40th St,46
rain,weekday,rainy,Indiana Ave & Roosevelt Rd,3525
rain,weekday,rainy,Jefferson St & Monroe St,1177
rain,weekday,rainy,Jeffery Blvd & 67th St,93
rain,weekday,rainy,Jeffery Blvd & 71st St,68
rain,weekday,rainy,Jeffery Blvd & 76th St,17
rain,weekday,rainy,Karlov Ave & Armitage Ave,201
rain,weekday,rainy,Karlov Ave & Fillmore St,10
rain,weekday,rainy,Karlov Ave & Lawrence Ave,80
rain,weekday,rainy,Karlov Ave & Madison St,11
rain,weekday,rainy,Kedvale Ave & Peterson Ave,27
rain,weekday,rainy,Kedzie Ave & 104th St,3
rain,weekday,rainy,Kedzie Ave & 110th St,4
rain,weekday,rainy,Kedzie Ave & 21st St,91
rain,weekday,rainy,Kedzie Ave & 24th St,15
rain,weekday,rainy,Kedzie Ave & 38th Pl,14
rain,weekday,rainy,Kedzie Ave & 45th St,6
rain,weekday,rainy,Kedzie Ave & 48th Pl,138
rain,weekday,rainy,Kedzie Ave & 52nd St,26
rain,weekday,rainy,Kedzie Ave & 54th Pl,35
rain,weekday,rainy,Kedzie Ave & 57th St,102
rain,weekday,rainy,Kedzie Ave & 60th St,29
rain,weekday,rainy,Kedzie Ave & 66th Pl,19
rain,weekday,rainy,Kedzie Ave & 73rd St,4
rain,weekday,rainy,Kedzie Ave & 83rd St,11
rain,weekday,rainy,Kedzie Ave & Archer Ave,35
rain,weekday,rainy,Kedzie Ave & Armitage Ave,88
rain,weekday,rainy,Kedzie Ave & Bryn Mawr Ave,165
rain,weekday,rainy,Kedzie Ave & Chicago Ave,125
rain,weekday,rainy,Kedzie Ave & Foster Ave,192
rain,weekday,rainy,Kedzie Ave & George St,220
rain,weekday,rainy,Kedzie Ave & Harrison St,19
rain,weekday,rainy,Kedzie Ave & Jackson Blvd,23
rain,weekday,rainy,Kedzie Ave & Lake St,68
rain,weekday,rainy,Kedzie Ave & Leland Ave,352
rain,weekday,rainy,Kedzie Ave & Milwaukee Ave,1730
rain,weekday,rainy,Kedzie Ave & Palmer Ct,735
rain,weekday,rainy,Kedzie Ave & Redfield Dr,14
rain,weekday,rainy,Kedzie Ave & Roosevelt Rd,24
rain,weekday,rainy,Keeler Ave & Carmen Ave,57
rain,weekday,rainy,Keeler Ave & Roosevelt Rd,10
rain,weekday,rainy,Kenmore Ave & School St,16
rain,weekday,rainy,Kenneth Ave & 50th St,10
rain,weekday,rainy,Kenneth Ave & Lawrence Ave,121
rain,weekday,rainy,Kenosha Ave & Wellington Ave,40
rain,weekday,rainy,Kenton Ave & Madison St,13
rain,weekday,rainy,Kenwood Ave & 57th St,36
rain,weekday,rainy,Keystone Ave & Fullerton Ave,222
rain,weekday,rainy,Keystone Ave & Montrose Ave,173
rain,weekday,rainy,Kilbourn Ave & 49th St,14
rain,weekday,rainy,Kilbourn Ave & Belden Ave,124
rain,weekday,rainy,Kilbourn Ave & Diversey Ave,77
rain,weekday,rainy,Kilbourn Ave & Irving Park Rd,100
rain,weekday,rainy,Kilbourn Ave & Milwaukee Ave,89
rain,weekday,rainy,Kilbourn Ave & Roscoe St,62
rain,weekday,rainy,Kildare & Cermak,6
rain,weekday,rainy,Kildare Ave & 26th St,14
rain,weekday,rainy,Kildare Ave & 47th St,14
rain,weekday,rainy,Kildare Ave & 55th St,13
rain,weekday,rainy,Kildare Ave & 85th St (Kostner Ave & 87th St TEMPORARY),6
rain,weekday,rainy,Kildare Ave & Archer Ave,8
rain,weekday,rainy,Kildare Ave & Chicago Ave,19
rain,weekday,rainy,Kildare Ave & Division St,37
rain,weekday,rainy,Kildare Ave & Montrose Ave,108
rain,weekday,rainy,Kildare Ave & North Ave,63
rain,weekday,rainy,Kilpatrick Ave & Grand Ave,66
rain,weekday,rainy,Kilpatrick Ave & Parker Ave,42
rain,weekday,rainy,Kimball Ave & Belmont Ave,670
rain,weekday,rainy,Kimbark Ave & 53rd St,2459
rain,weekday,rainy,Kingsbury St & Erie St,3612
rain,weekday,rainy,Kingsbury St & Kinzie St,7887
rain,weekday,rainy,Kingsbury St & Kinzie St 1,58
rain,weekday,rainy,Kingsbury St & Kinzie St 2,33
rain,weekday,rainy,Knox Ave & Marquette Ave,17
rain,weekday,rainy,Knox Ave & Montrose Ave,168
rain,weekday,rainy,Komensky Ave & 31st St,50
rain,weekday,rainy,Komensky Ave & 47th St,31
rain,weekday,rainy,Komensky Ave & 55th St,14
rain,weekday,rainy,Kosciuszko Park,394
rain,weekday,rainy,Kostner Ave & 63rd St,39
rain,weekday,rainy,Kostner Ave & Adams St,21
rain,weekday,rainy,Kostner Ave & Belmont Ave,58
rain,weekday,rainy,Kostner Ave & Bryn Mawr Ave,40
rain,weekday,rainy,Kostner Ave & Devon Ave,47
rain,weekday,rainy,Kostner Ave & Lake St,15
rain,weekday,rainy,Kostner Ave & Wrightwood Ave,155
rain,weekday,rainy,La Villita Park,18
rain,weekday,rainy,LaSalle Dr & Huron St,1717
rain,weekday,rainy,LaSalle St & Adams St,1152
rain,weekday,rainy,LaSalle St & Adams St Corral,141
rain,weekday,rainy,LaSalle St & Calhoun Pl,331
rain,weekday,rainy,LaSalle St & Calhoun Pl Corral,85
rain,weekday,rainy,LaSalle St & Illinois St,3582
rain,weekday,rainy,LaSalle St & Jackson Blvd,3591
rain,weekday,rainy,LaSalle St & Jackson Blvd Corral,307
rain,weekday,rainy,LaSalle St & Washington St,1541
rain,weekday,rainy,LaSalle St & Washington St Corral,145
rain,weekday,rainy,LaSalle St & Washington St Corral N,142
rain,weekday,rainy,LaSalle St & Washington St Corral S,2
rain,weekday,rainy,Laflin St & 115th St,8
rain,weekday,rainy,Laflin St & Cullerton St,449
rain,weekday,rainy,Lake Park Ave & 35th St,400
rain,weekday,rainy,Lake Park Ave & 47th St,415
rain,weekday,rainy,Lake Park Ave & 53rd St,1193
rain,weekday,rainy,Lake Park Ave & 56th St,1389
rain,weekday,rainy,Lakefront Trail & Bryn Mawr Ave,1588
rain,weekday,rainy,Lakefront Trail & Wilson Ave,1046
rain,weekday,rainy,Lakeview Ave & Fullerton Pkwy,2549
rain,weekday,rainy,Lamon Ave & 47th St,6
rain,weekday,rainy,Lamon Ave & Armitage Ave,35
rain,weekday,rainy,Lamon Ave & Belmont Ave,50
rain,weekday,rainy,Lamon Ave & Chicago Ave,19
rain,weekday,rainy,Laramie Ave & Addison St,36
rain,weekday,rainy,Laramie Ave & Bloomingdale Ave,60
rain,weekday,rainy,Laramie Ave & Gladys Ave,3
rain,weekday,rainy,Laramie Ave & Irving Park Rd,62
rain,weekday,rainy,Laramie Ave & Kinzie St,23
rain,weekday,rainy,Laramie Ave & Madison St,16
rain,weekday,rainy,Larrabee St & Armitage Ave,1231
rain,weekday,rainy,Larrabee St & Chicago Ave,31
rain,weekday,rainy,Larrabee St & Clybourn Ave,115
rain,weekday,rainy,Larrabee St & Division St,1639
rain,weekday,rainy,Larrabee St & Kingsbury St,3934
rain,weekday,rainy,Larrabee St & Kingsbury St 1,305
rain,weekday,rainy,Larrabee St & Kingsbury St 2,165
rain,weekday,rainy,Larrabee St & Menomonee St,941
rain,weekday,rainy,Larrabee St & North Ave,940
rain,weekday,rainy,Larrabee St & Oak St,1286
rain,weekday,rainy,Larrabee St & Webster Ave,2389
rain,weekday,rainy,Lasalle St & Washington St,24
rain,weekday,rainy,Latrobe Ave & Chicago Ave,12
rain,weekday,rainy,Lavergne Ave & 44th St,1
rain,weekday,rainy,Lavergne Ave & 46th St,7
rain,weekday,rainy,Lavergne Ave & Diversey Ave,16
rain,weekday,rainy,Lavergne Ave & Division St,34
rain,weekday,rainy,Lavergne Ave & Fullerton Ave,66
rain,weekday,rainy,Lavergne Ave & Lawrence Ave,54
rain,weekday,rainy,Lawler Ave & 50th St,26
rain,weekday,rainy,Lawler Ave & North Ave,15
rain,weekday,rainy,Lawndale Ave & 111th St,6
rain,weekday,rainy,Lawndale Ave & 16th St,8
rain,weekday,rainy,Lawndale Ave & 30th St,17
rain,weekday,rainy,Lawndale Ave & 59th St,15
rain,weekday,rainy,Le Mai Ave & Devon Ave,8
rain,weekday,rainy,Leamington Ave & Hirsch St,15
rain,weekday,rainy,Leavitt St & Addison St,457
rain,weekday,rainy,Leavitt St & Archer Ave,191
rain,weekday,rainy,Leavitt St & Armitage Ave,895
rain,weekday,rainy,Leavitt St & Augusta Blvd,114
rain,weekday,rainy,Leavitt St & Belmont Ave,764
rain,weekday,rainy,Leavitt St & Chicago Ave,873
rain,weekday,rainy,Leavitt St & Division St,673
rain,weekday,rainy,Leavitt St & Hirsch St,60
rain,weekday,rainy,Leavitt St & Lawrence Ave,631
rain,weekday,rainy,Leavitt St & North Ave,926
rain,weekday,rainy,Leavitt St/North Ave,391
rain,weekday,rainy,Leclaire Ave & Belmont Ave,47
rain,weekday,rainy,Lexington St & California Ave,33
rain,weekday,rainy,Lincoln Ave & Addison St,662
rain,weekday,rainy,Lincoln Ave & Balmoral Ave,147
rain,weekday,rainy,Lincoln Ave & Belle Plaine Ave,817
rain,weekday,rainy,Lincoln Ave & Byron St,748
rain,weekday,rainy,Lincoln Ave & Dickens Ave,196
rain,weekday,rainy,Lincoln Ave & Diversey Pkwy,1655
rain,weekday,rainy,Lincoln Ave & Fullerton Ave,2953
rain,weekday,rainy,Lincoln Ave & Melrose St,1784
rain,weekday,rainy,Lincoln Ave & Montana St,137
rain,weekday,rainy,Lincoln Ave & Peterson Ave,99
rain,weekday,rainy,Lincoln Ave & Roscoe St*,1627
rain,weekday,rainy,Lincoln Ave & Sunnyside Ave,934
rain,weekday,rainy,Lincoln Ave & Waveland Ave,770
rain,weekday,rainy,Lincoln Ave & Winona St,376
rain,weekday,rainy,Lincoln Park Conservatory,1929
rain,weekday,rainy,Lincolnwood Dr & Central St,97
rain,weekday,rainy,Linder Ave & Montrose Ave,62
rain,weekday,rainy,Lock St & 31st St,48
rain,weekday,rainy,Lockwood Ave & Grand Ave,71
rain,weekday,rainy,Lockwood Ave & Wrightwood Ave,101
rain,weekday,rainy,Logan Blvd & Elston Ave,855
rain,weekday,rainy,Long & Irving Park,68
rain,weekday,rainy,Long Ave & Belden Ave,16
rain,weekday,rainy,Long Ave & Belmont Ave,41
rain,weekday,rainy,Long Ave & Diversey Ave,39
rain,weekday,rainy,Long Ave & North Ave,35
rain,weekday,rainy,Loomis Blvd & 84th St,20
rain,weekday,rainy,Loomis St & 89th St,9
rain,weekday,rainy,Loomis St & 95th St,3
rain,weekday,rainy,Loomis St & Archer Ave,155
rain,weekday,rainy,Loomis St & Jackson Blvd,940
rain,weekday,rainy,Loomis St & Lexington St,2309
rain,weekday,rainy,Loomis St & Lexington St*,18
rain,weekday,rainy,Lowell Ave & Armitage Ave,93
rain,weekday,rainy,Lynch Ave & Elston Ave,20
rain,weekday,rainy,MLK Jr Dr & 29th St,1120
rain,weekday,rainy,MLK Jr Dr & 47th St,120
rain,weekday,rainy,MLK Jr Dr & 56th St,43
rain,weekday,rainy,MLK Jr Dr & 63rd St,27
rain,weekday,rainy,MLK Jr Dr & 83rd St,21
rain,weekday,rainy,MLK Jr Dr & Pershing Rd,202
rain,weekday,rainy,Madison St & Wells St,7
rain,weekday,rainy,Major Ave & Addison St,24
rain,weekday,rainy,Major Ave & Bloomingdale Ave,8
rain,weekday,rainy,Major Taylor Trail & 111th St,4
rain,weekday,rainy,Major Taylor Trail & 115th St,6
rain,weekday,rainy,Major Taylor Trail & 124th St,1
rain,weekday,rainy,Malcolm X College,364
rain,weekday,rainy,Malden St & Wilson Ave,60
rain,weekday,rainy,Mango Ave & Diversey Ave,6
rain,weekday,rainy,Mango Ave & North Ave,19
rain,weekday,rainy,Manistee Ave & 95th St,2
rain,weekday,rainy,Manor Ave & Leland Ave,270
rain,weekday,rainy,Maplewood Ave & 59th St,10
rain,weekday,rainy,Maplewood Ave & Peterson Ave,156
rain,weekday,rainy,Marine Dr & Ainslie St,1002
rain,weekday,rainy,Marmora Ave & Belmont Ave,6
rain,weekday,rainy,Marmora Ave & Irving Park Rd,41
rain,weekday,rainy,Marquette Ave & 89th St,5
rain,weekday,rainy,Marshfield Ave & 44th St,56
rain,weekday,rainy,Marshfield Ave & 59th St,6
rain,weekday,rainy,Marshfield Ave & Diversey Pkwy,32
rain,weekday,rainy,Marshfield Ave & Wabansia Ave,22
rain,weekday,rainy,Martin Luther King Dr & 111th St,11
rain,weekday,rainy,Martin Luther King Dr & 87th St,12
rain,weekday,rainy,Mason Ave & Belmont Ave,9
rain,weekday,rainy,Mason Ave & Grand Ave,36
rain,weekday,rainy,Mason Ave & Montrose Ave,57
rain,weekday,rainy,May St & 69th St,5
rain,weekday,rainy,May St & Cullerton St,402
rain,weekday,rainy,May St & Hubbard St,57
rain,weekday,rainy,May St & Taylor St,1454
rain,weekday,rainy,Mayfield Ave & Roosevelt Rd,10
rain,weekday,rainy,McClurg Ct & Erie St,2743
rain,weekday,rainy,McClurg Ct & Ohio St,3735
rain,weekday,rainy,McCormick Blvd & Devon Ave,173
rain,weekday,rainy,McCormick Place,838
rain,weekday,rainy,Meade Ave & Addison St,20
rain,weekday,rainy,Meade Ave & Diversey Ave,8
rain,weekday,rainy,Meade Ave & Fullerton Ave,62
rain,weekday,rainy,Melvina Ave & Giddings Ave,69
rain,weekday,rainy,Menard Ave & Lawrence Ave,45
rain,weekday,rainy,Menard Ave & Milwaukee Ave,13
rain,weekday,rainy,Menard Ave & North Ave,4
rain,weekday,rainy,Merrimac Park,41
rain,weekday,rainy,Michigan Ave & 105th St,17
rain,weekday,rainy,Michigan Ave & 108th St,3
rain,weekday,rainy,Michigan Ave & 113th St,2
rain,weekday,rainy,Michigan Ave & 11th St,103
rain,weekday,rainy,Michigan Ave & 14th St,1819
rain,weekday,rainy,Michigan Ave & 18th St,1392
rain,weekday,rainy,Michigan Ave & 71st St,12
rain,weekday,rainy,Michigan Ave & 8th St,2391
rain,weekday,rainy,Michigan Ave & Ida B Wells Dr,1041
rain,weekday,rainy,Michigan Ave & Jackson Blvd,1842
rain,weekday,rainy,Michigan Ave & Lake St,3540
rain,weekday,rainy,Michigan Ave & Madison St,1468
rain,weekday,rainy,Michigan Ave & Oak St,5099
rain,weekday,rainy,Michigan Ave & Pearson St,1495
rain,weekday,rainy,Michigan Ave & Washington St,4023
rain,weekday,rainy,Midway Orange Line,108
rain,weekday,rainy,Mies van der Rohe Way & Chestnut St,2626
rain,weekday,rainy,Mies van der Rohe Way & Chicago Ave,2303
rain,weekday,rainy,Millard Ave & 26th St,44
rain,weekday,rainy,Millennium Park,4205
rain,weekday,rainy,Milwaukee & Fullerton,22
rain,weekday,rainy,Milwaukee Ave & Agatite Ave,61
rain,weekday,rainy,Milwaukee Ave & Ainslie St,358
rain,weekday,rainy,Milwaukee Ave & Armitage Ave,106
rain,weekday,rainy,Milwaukee Ave & Cuyler Ave,140
rain,weekday,rainy,Milwaukee Ave & Diversey Ave,2
rain,weekday,rainy,Milwaukee Ave & Fullerton Ave,558
rain,weekday,rainy,Milwaukee Ave & Grand Ave,2231
rain,weekday,rainy,Milwaukee Ave & Highland Ave,24
rain,weekday,rainy,Milwaukee Ave & Rockwell St,637
rain,weekday,rainy,Milwaukee Ave & The 606,1183
rain,weekday,rainy,Milwaukee Ave & Wabansia Ave,449
rain,weekday,rainy,Milwaukee Ave & Wabansia Ave*,19
rain,weekday,rainy,Monitor Ave & Division St,9
rain,weekday,rainy,Monticello Ave & Chicago Ave,29
rain,weekday,rainy,Monticello Ave & Irving Park Rd,360
rain,weekday,rainy,Monticello Ave & Lawrence Ave,161
rain,weekday,rainy,Montrose Harbor,2311
rain,weekday,rainy,Morgan Ave & 14th Pl,905
rain,weekday,rainy,Morgan St & 18th St,926
rain,weekday,rainy,Morgan St & 31st St,672
rain,weekday,rainy,Morgan St & Hubbard St,160
rain,weekday,rainy,Morgan St & Lake St*,2225
rain,weekday,rainy,Morgan St & Pershing Rd,36
rain,weekday,rainy,Morgan St & Polk St,2423
rain,weekday,rainy,Mozart St & 55th St,20
rain,weekday,rainy,Mozart St & 79th St,6
rain,weekday,rainy,Mozart St & Jackson Blvd,46
rain,weekday,rainy,Mulligan Ave & Archer Ave,11
rain,weekday,rainy,N Carpenter St & W Lake St,713
rain,weekday,rainy,N Clark St & W Elm St,26
rain,weekday,rainy,N Damen Ave & W Chicago Ave,156
rain,weekday,rainy,N Green St & W Lake St,1081
rain,weekday,rainy,N Paulina St & Lincoln Ave,284
rain,weekday,rainy,N Shore Channel Trail & Argyle St,112
rain,weekday,rainy,N Southport Ave & W Newport Ave,400
rain,weekday,rainy,NAVY PIER,165
rain,weekday,rainy,Nagle Ave & Belmont Ave,28
rain,weekday,rainy,Narragansett Ave & McLean Ave,29
rain,weekday,rainy,Narragansett Ave & Montrose Ave,47
rain,weekday,rainy,Narragansett Ave & North Ave,16
rain,weekday,rainy,Narragansett Ave & School St,19
rain,weekday,rainy,Narragansett Ave & Wrightwood Ave,96
rain,weekday,rainy,Navy Pier,2953
rain,weekday,rainy,New St & Illinois St,3429
rain,weekday,rainy,Newcastle Ave & Irving Park Rd,5
rain,weekday,rainy,Noble St & Milwaukee Ave,1287
rain,weekday,rainy,Noble St & Ohio St,238
rain,weekday,rainy,Noble St & Potomac Ave,18
rain,weekday,rainy,Nordica Ave & Medill Ave,36
rain,weekday,rainy,Normal Ave & Archer Ave,192
rain,weekday,rainy,North Boundary Park,86
rain,weekday,rainy,Oak Park & Wellington,69
rain,weekday,rainy,Oakley Ave & Irving Park Rd,410
rain,weekday,rainy,Oakley Ave & Lyndale St,14
rain,weekday,rainy,Oakley Ave & Touhy Ave,115
rain,weekday,rainy,Oconto Ave & Belmont Ave,13
rain,weekday,rainy,Ogden Ave & Chicago Ave,1913
rain,weekday,rainy,Ogden Ave & Congress Pkwy,548
rain,weekday,rainy,Ogden Ave & Race Ave,1412
rain,weekday,rainy,Ogden Ave & Roosevelt Rd,227
rain,weekday,rainy,Oglesby Ave & 100th St,14
rain,weekday,rainy,Oketo Ave & Addison St,12
rain,weekday,rainy,Olive Harvey College,10
rain,weekday,rainy,Orange Ave & Addison St,14
rain,weekday,rainy,Oriole Ave & Irving Park Rd,5
rain,weekday,rainy,Orleans St & Chestnut St (NEXT Apts),1215
rain,weekday,rainy,Orleans St & Elm St,907
rain,weekday,rainy,Orleans St & Hubbard St,1641
rain,weekday,rainy,Orleans St & Merchandise Mart Plaza,4344
rain,weekday,rainy,Overhill Ave & Belmont Ave,21
rain,weekday,rainy,Panama Ave & Grace St,13
rain,weekday,rainy,Parkside Ave & Armitage Ave,6
rain,weekday,rainy,Parnell Ave & 127th St,4
rain,weekday,rainy,Parnell Ave & 31st St,40
rain,weekday,rainy,Paulina Ave & 87th St,11
rain,weekday,rainy,Paulina Ave & North Ave,1124
rain,weekday,rainy,Paulina St & 18th St,758
rain,weekday,rainy,Paulina St & Adams St,40
rain,weekday,rainy,Paulina St & Cortland St,102
rain,weekday,rainy,Paulina St & Division St,159
rain,weekday,rainy,Paulina St & Flournoy St,1714
rain,weekday,rainy,Paulina St & Howard St,401
rain,weekday,rainy,Paulina St & Montrose Ave,862
rain,weekday,rainy,Peoria St & Jackson Blvd,2560
rain,weekday,rainy,Peoria St & Kinzie St,357
rain,weekday,rainy,Perry Ave & 69th St,29
rain,weekday,rainy,Pershing Rd & Sacramento Ave,35
rain,weekday,rainy,Peterson/Ridge Metra,690
rain,weekday,rainy,Phillips Ave & 79th St,9
rain,weekday,rainy,Phillips Ave & 83rd St,26
rain,weekday,rainy,Pine Ave & Division St,22
rain,weekday,rainy,Pine Grove Ave & Irving Park Rd,2228
rain,weekday,rainy,Pine Grove Ave & Waveland Ave,2722
rain,weekday,rainy,Pine Grove Ave & Wellington Ave,50
rain,weekday,rainy,Ping Tom Park (East),118
rain,weekday,rainy,Portage Park,80
rain,weekday,rainy,Prairie Ave & 43rd St,126
rain,weekday,rainy,Prairie Ave & Garfield Blvd,271
rain,weekday,rainy,Princeton Ave & 47th St,55
rain,weekday,rainy,Princeton Ave & 95th St,6
rain,weekday,rainy,Princeton Ave & Garfield Blvd,51
rain,weekday,rainy,Prospect Sq & 91st St,20
rain,weekday,rainy,Public Rack - 10101 S Stony Island Ave,1
rain,weekday,rainy,Public Rack - 10557 S Western Ave,2
rain,weekday,rainy,Public Rack - 111th St - Morgan Park Metra,9
rain,weekday,rainy,Public Rack - 2302 S Pulaski Rd,3
rain,weekday,rainy,Public Rack - 532 E 43rd St,2
rain,weekday,rainy,Public Rack - 56th St & Mulligan Ave,1
rain,weekday,rainy,Public Rack - 61st St & Melvina Ave,1
rain,weekday,rainy,Public Rack - 63rd & Western Ave N,1
rain,weekday,rainy,Public Rack - 63rd Pl & Narraganssett Ave,1
rain,weekday,rainy,Public Rack - 63rd St & Meade Ave,1
rain,weekday,rainy,Public Rack - 63rd St and Nagle Ave,2
rain,weekday,rainy,Public Rack - 63rd St and Natoma Ave,1
rain,weekday,rainy,Public Rack - 82nd st & Kedzie Ave,1
rain,weekday,rainy,Public Rack - 83rd Pl & Kedzie Ave N,1
rain,weekday,rainy,Public Rack - 83rd Pl & Kedzie Ave S,1
rain,weekday,rainy,Public Rack - 83rd St (Avalon Park) Metra,2
rain,weekday,rainy,Public Rack - 85th Pl & Pulaski Rd,1
rain,weekday,rainy,Public Rack - Ada St & 119th St,1
rain,weekday,rainy,Public Rack - Ada St & 79th St,1
rain,weekday,rainy,Public Rack - Ada St & 95th St,1
rain,weekday,rainy,Public Rack - Aida Food Market,1
rain,weekday,rainy,Public Rack - Ashland Ave & 45th St,1
rain,weekday,rainy,Public Rack - Ashland Ave & 46th St,7
rain,weekday,rainy,Public Rack - Ashland Ave & 63rd St,2
rain,weekday,rainy,Public Rack - Ashland Ave & 71st St,6
rain,weekday,rainy,Public Rack - Ashland Ave & 83rd St,9
rain,weekday,rainy,Public Rack - Austin & 62nd,1
rain,weekday,rainy,Public Rack - Austin Ave & Roscoe St,1
rain,weekday,rainy,Public Rack - Austin Ave & Wrightwood Ave,2
rain,weekday,rainy,Public Rack - Austin Blvd & North Ave,4
rain,weekday,rainy,Public Rack - Ave N & 106th St,1
rain,weekday,rainy,Public Rack - Avenue J & 112th St,4
rain,weekday,rainy,Public Rack - Avers & Granville,4
rain,weekday,rainy,Public Rack - Avers & Lawrence,12
rain,weekday,rainy,Public Rack - Avers Ave & Archer Ave,1
rain,weekday,rainy,Public Rack - Avers Ave & Irving Park Rd,22
rain,weekday,rainy,Public Rack - Avers Ave & Ogden Ave,4
rain,weekday,rainy,Public Rack - Avondale Ave & Addison St,7
rain,weekday,rainy,Public Rack - Bell Ave & 95th St,1
rain,weekday,rainy,Public Rack - Bernard St & Foster Ave,7
rain,weekday,rainy,Public Rack - Bishop St & 46th St,2
rain,weekday,rainy,Public Rack - Bishop St & 81st St,1
rain,weekday,rainy,Public Rack - Brainerd Park,1
rain,weekday,rainy,Public Rack - Brooks Park,1
rain,weekday,rainy,Public Rack - Bryn Mawr Ave & Milwaukee Ave,3
rain,weekday,rainy,Public Rack - Bryn Mawr Ave & Spaulding Ave,6
rain,weekday,rainy,Public Rack - California & 87th,1
rain,weekday,rainy,Public Rack - California Ave & Cortez St,41
rain,weekday,rainy,Public Rack - California Ave & Devon Ave - NE,4
rain,weekday,rainy,Public Rack - California Ave & Devon Ave - NW,2
rain,weekday,rainy,Public Rack - California Ave & Pershing Rd,1
rain,weekday,rainy,Public Rack - California Ave & Touhy Ave - NW,2
rain,weekday,rainy,Public Rack - Calumet Ave & 103rd St,2
rain,weekday,rainy,Public Rack - Calumet Ave & 51st St,1
rain,weekday,rainy,Public Rack - Calumet Ave & Garfield Blvd,2
rain,weekday,rainy,Public Rack - Campbell Ave & Pratt Blvd,6
rain,weekday,rainy,Public Rack - Canfield & Victoria,2
rain,weekday,rainy,Public Rack - Central & Berteau,1
rain,weekday,rainy,Public Rack - Central & Leland,4
rain,weekday,rainy,Public Rack - Central & Prescott,1
rain,weekday,rainy,Public Rack - Central Ave & Corcoran Pl,1
rain,weekday,rainy,Public Rack - Central Ave & George St,1
rain,weekday,rainy,Public Rack - Central Ave & Lawrence Ave,6
rain,weekday,rainy,Public Rack - Central Ave & North Ave,2
rain,weekday,rainy,Public Rack - Central Ave & Pensacola Ave,5
rain,weekday,rainy,Public Rack - Central Park & Peterson,8
rain,weekday,rainy,Public Rack - Central Park Ave & Fillmore St,3
rain,weekday,rainy,Public Rack - Central Park Ave & Ogden Ave,1
rain,weekday,rainy,Public Rack - Champlain Ave & 65th St,19
rain,weekday,rainy,Public Rack - Chappel Ave & 71st St,1
rain,weekday,rainy,Public Rack - Chase Ave & Touhy Ave - NW,3
rain,weekday,rainy,Public Rack - Chopin Park,1
rain,weekday,rainy,Public Rack - Christiana & Lincoln,8
rain,weekday,rainy,Public Rack - Christiana Ave & 55th St,2
rain,weekday,rainy,Public Rack - Christiana Ave & Belmont Ave,85
rain,weekday,rainy,Public Rack - Christiana Ave & Bryn Mawr Ave,2
rain,weekday,rainy,Public Rack - Christiana Ave & Lawrence Ave,2
rain,weekday,rainy,Public Rack - Cicero & 64th,1
rain,weekday,rainy,Public Rack - Cicero Ave & Altgeld St,2
rain,weekday,rainy,Public Rack - Cicero Ave & Belle Plaine Ave,15
rain,weekday,rainy,Public Rack - Cicero Ave & Cortland St - midblock,7
rain,weekday,rainy,Public Rack - Cicero Ave & North Ave,9
rain,weekday,rainy,Public Rack - Cicero Ave & Wrightwood Ave,3
rain,weekday,rainy,Public Rack - Clyde Ave & 87th St,2
rain,weekday,rainy,Public Rack - Columbus & 79th,2
rain,weekday,rainy,Public Rack - Cornell Ave & 87th Pl,2
rain,weekday,rainy,Public Rack - Cottage Grove & 84th St,1
rain,weekday,rainy,Public Rack - Cottage Grove & 85th St,1
rain,weekday,rainy,Public Rack - Cottage Grove & 86th St,1
rain,weekday,rainy,Public Rack - Cottage Grove Ave & 89th Pl,1
rain,weekday,rainy,Public Rack - Cottage Grove Ave & 92nd St,2
rain,weekday,rainy,Public Rack - Damen & 81st,3
rain,weekday,rainy,Public Rack - Damen Ave & 47th St,3
rain,weekday,rainy,Public Rack - Delphina & Foster,6
rain,weekday,rainy,Public Rack - Division St & Christiana Ave,2
rain,weekday,rainy,Public Rack - Drake Ave & Leland Ave,51
rain,weekday,rainy,Public Rack - Drexel Ave & 87th St,1
rain,weekday,rainy,Public Rack - East End Ave & 75th St,1
rain,weekday,rainy,Public Rack - East End Ave & 87th St,1
rain,weekday,rainy,Public Rack - Eli Whitney Public School,3
rain,weekday,rainy,Public Rack - Elston Ave & Gunnison St,1
rain,weekday,rainy,Public Rack - Elston Ave & Kenneth Ave,4
rain,weekday,rainy,Public Rack - Emerald Ave & 43rd St,44
rain,weekday,rainy,Public Rack - Emerald Ave & 45th St,4
rain,weekday,rainy,Public Rack - Emil G Hirch Metropolitan High School,1
rain,weekday,rainy,Public Rack - Evans Ave & 63rd St,35
rain,weekday,rainy,Public Rack - Ewing Ave & 106th St,1
rain,weekday,rainy,Public Rack - Ewing Ave & 107th St,2
rain,weekday,rainy,Public Rack - Ewing Ave & 95th St,2
rain,weekday,rainy,Public Rack - Ewing Ave & Indianapolis Ave,5
rain,weekday,rainy,Public Rack - Exchange Ave & 73rd Pl,3
rain,weekday,rainy,Public Rack - Ford City Mall,3
rain,weekday,rainy,Public Rack - Forest Glen & Peterson,1
rain,weekday,rainy,Public Rack - Forest Glen Station,10
rain,weekday,rainy,Public Rack - Forrestville Ave & 47th St,1
rain,weekday,rainy,Public Rack - Franklin Park,1
rain,weekday,rainy,Public Rack - Fullerton Ave & Narragansett Ave,2
rain,weekday,rainy,Public Rack - Green St & 103rd St,1
rain,weekday,rainy,Public Rack - Greenwood Ave & Lake Park Ave,9
rain,weekday,rainy,Public Rack - Haft Ave & Milwaukee Ave,2
rain,weekday,rainy,Public Rack - Hale Ave & 111th St,2
rain,weekday,rainy,Public Rack - Halsted St & 63rd St,5
rain,weekday,rainy,Public Rack - Halsted St & 76th St,2
rain,weekday,rainy,Public Rack - Halsted St & 95th St - SE,3
rain,weekday,rainy,Public Rack - Halsted St & 95th St - SW,1
rain,weekday,rainy,Public Rack - Hamilton Ave & 95th St,3
rain,weekday,rainy,Public Rack - Hamlin Ave & Chicago Ave,2
rain,weekday,rainy,Public Rack - Hamlin Ave & Fullerton Ave,25
rain,weekday,rainy,Public Rack - Hamlin Ave & Madison St,1
rain,weekday,rainy,Public Rack - Hamlin Ave & Montrose Ave,72
rain,weekday,rainy,Public Rack - Harlem & Palatine,2
rain,weekday,rainy,Public Rack - Harlem & Summerdale,2
rain,weekday,rainy,Public Rack - Harlem and W. 59th,2
rain,weekday,rainy,Public Rack - Harold Washington Park,27
rain,weekday,rainy,Public Rack - Harper Ave & 63rd St,2
rain,weekday,rainy,Public Rack - Harvey Ave & North Ave,1
rain,weekday,rainy,Public Rack - Hiawatha & Mendota,4
rain,weekday,rainy,Public Rack - Hiawatha Park,1
rain,weekday,rainy,Public Rack - Holbrook St & Milwaukee Ave,3
rain,weekday,rainy,Public Rack - Hollywood Park,24
rain,weekday,rainy,Public Rack - Homan & 77th,1
rain,weekday,rainy,Public Rack - Homan & 79th,1
rain,weekday,rainy,Public Rack - Homan Ave & Lake St,1
rain,weekday,rainy,Public Rack - Homan Ave & Roosevelt,1
rain,weekday,rainy,Public Rack - Homewood Ave & Monterey Ave,1
rain,weekday,rainy,Public Rack - Houston Ave & 131st St,2
rain,weekday,rainy,Public Rack - Houston Ave & 91st St,5
rain,weekday,rainy,Public Rack - Hoyne Ave & 110th Pl,4
rain,weekday,rainy,Public Rack - Hoyne Ave & 51st St,2
rain,weekday,rainy,Public Rack - Hyde Park Blvd & 53rd St,44
rain,weekday,rainy,Public Rack - Hyde Park Blvd & 55th St,101
rain,weekday,rainy,Public Rack - Imlay & Milwaukee,2
rain,weekday,rainy,Public Rack - Independence Blvd & Roosevelt,2
rain,weekday,rainy,Public Rack - Irving Park Rd & Austin Ave,1
rain,weekday,rainy,Public Rack - Irving Park Rd & Leclaire Ave,10
rain,weekday,rainy,Public Rack - Irving Park Rd & Melvina Ave,1
rain,weekday,rainy,Public Rack - Irving Park Rd & Menard Ave,1
rain,weekday,rainy,Public Rack - Jeffery Blvd & 67th St,4
rain,weekday,rainy,Public Rack - Jeffery Blvd & 83rd St,3
rain,weekday,rainy,Public Rack - Jeffrey Blvd & 71st St,1
rain,weekday,rainy,Public Rack - Jensen Park,59
rain,weekday,rainy,Public Rack - Jonathan Y Scammon Public School,47
rain,weekday,rainy,Public Rack - Justine St & 87th St,30
rain,weekday,rainy,Public Rack - Karlov Ave & 26th St,3
rain,weekday,rainy,Public Rack - Karlov Ave & Kamerling Ave,32
rain,weekday,rainy,Public Rack - Karlov Ave & Lawrence Ave,2
rain,weekday,rainy,Public Rack - Karlov Ave & Milwaukee Ave,24
rain,weekday,rainy,Public Rack - Keating & Peterson,33
rain,weekday,rainy,Public Rack - Kedvale Ave & 26th St,1
rain,weekday,rainy,Public Rack - Kedvale Ave & 63rd St W,30
rain,weekday,rainy,Public Rack - Kedvale Ave & Addison St,1
rain,weekday,rainy,Public Rack - Kedvale Ave & Avondale Ave,2
rain,weekday,rainy,Public Rack - Kedvale Ave & Peterson Ave,1
rain,weekday,rainy,Public Rack - Kedzie & 103rd St - W,1
rain,weekday,rainy,Public Rack - Kedzie & 71st,1
rain,weekday,rainy,Public Rack - Kedzie & 73rd,1
rain,weekday,rainy,Public Rack - Kedzie Ave & 54th Pl,1
rain,weekday,rainy,Public Rack - Kedzie Ave & 54th St - SE,1
rain,weekday,rainy,Public Rack - Kedzie Ave & 58th St,3
rain,weekday,rainy,Public Rack - Kedzie Ave & 60th St,1
rain,weekday,rainy,Public Rack - Kedzie Ave & 61st Pl E,3
rain,weekday,rainy,Public Rack - Kedzie Ave & 61st Pl W,3
rain,weekday,rainy,Public Rack - Kedzie Ave & 62nd Pl,1
rain,weekday,rainy,Public Rack - Kedzie Ave & 63rd St,3
rain,weekday,rainy,Public Rack - Kedzie Ave & 64th St - SE,5
rain,weekday,rainy,Public Rack - Kedzie Ave & 64th St - SW,4
rain,weekday,rainy,Public Rack - Kedzie Ave & 83rd St,1
rain,weekday,rainy,Public Rack - Kedzie Ave & Archer Ave,3
rain,weekday,rainy,Public Rack - Kedzie Ave & Argyle St,78
rain,weekday,rainy,Public Rack - Kedzie Ave & Chicago Ave,7
rain,weekday,rainy,Public Rack - Kedzie Ave & Walnut St,6
rain,weekday,rainy,Public Rack - Keeler Ave & 26th St,1
rain,weekday,rainy,Public Rack - Keeler Ave & 55th St,1
rain,weekday,rainy,Public Rack - Kenneth & Carmen,19
rain,weekday,rainy,Public Rack - Kenton & Lawrence,6
rain,weekday,rainy,Public Rack - Kenton Ave & Palmer St,2
rain,weekday,rainy,Public Rack - Keystone Ave & Irving Park Rd,34
rain,weekday,rainy,Public Rack - Keystone Ave & North Ave,11
rain,weekday,rainy,Public Rack - Kildare Ave & North Ave,1
rain,weekday,rainy,Public Rack - Kildare Ave & Washignton Blvd,4
rain,weekday,rainy,Public Rack - Kilpatrick & Elston,13
rain,weekday,rainy,Public Rack - Kimball & Ardmore,13
rain,weekday,rainy,Public Rack - Kimball Ave & Carmen Ave,10
rain,weekday,rainy,Public Rack - Kimball Ave & Lawrence Ave,17
rain,weekday,rainy,Public Rack - Kimbark Ave & 67th St,13
rain,weekday,rainy,Public Rack - King Dr & 115th St,7
rain,weekday,rainy,Public Rack - King Dr & 71st St,1
rain,weekday,rainy,Public Rack - King Dr & Oakwood Blvd,7
rain,weekday,rainy,Public Rack - Kingston Ave & 75th St,1
rain,weekday,rainy,Public Rack - Kinzua Ave & Devon Ave,1
rain,weekday,rainy,Public Rack - Kolin Ave & Archer Ave,2
rain,weekday,rainy,Public Rack - Komensky Ave & 26th St,3
rain,weekday,rainy,Public Rack - Komensky Ave & 59th St,3
rain,weekday,rainy,Public Rack - Komensky Ave & 63rd St,5
rain,weekday,rainy,Public Rack - Kostner & Bryn Mawr,1
rain,weekday,rainy,Public Rack - Kostner Ave & 16th St,1
rain,weekday,rainy,Public Rack - Kostner Ave & Armitage Ave,15
rain,weekday,rainy,Public Rack - Kostner Ave & North Ave,3
rain,weekday,rainy,Public Rack - Kostner Ave & Wrightwood Ave,2
rain,weekday,rainy,Public Rack - Lafayette Ave & 119th St,1
rain,weekday,rainy,Public Rack - Lafayette Ave & 87th St - NW,1
rain,weekday,rainy,Public Rack - Lafayette Ave & 87th St SW,1
rain,weekday,rainy,Public Rack - Lafayette Ave & 95th St,4
rain,weekday,rainy,Public Rack - Laflin St & 51st St,2
rain,weekday,rainy,Public Rack - Laflin St & 79th St,1
rain,weekday,rainy,Public Rack - Laflin St &51st ST,2
rain,weekday,rainy,Public Rack - Langley Ave & 105th Pl,4
rain,weekday,rainy,Public Rack - Langley Ave & 49th St,35
rain,weekday,rainy,Public Rack - Langley Ave & 79th St,1
rain,weekday,rainy,Public Rack - Langley Ave & 87th St,1
rain,weekday,rainy,Public Rack - Langley Ave & Oakwood Blvd,3
rain,weekday,rainy,Public Rack - Laporte Ave & Armitage Ave,1
rain,weekday,rainy,Public Rack - Laramie Ave & Belmont Ave,6
rain,weekday,rainy,Public Rack - Laramie Ave & Fullerton Ave,1
rain,weekday,rainy,Public Rack - Laramie Ave & Grand Ave,4
rain,weekday,rainy,Public Rack - Laramie Ave & Warwick Ave,2
rain,weekday,rainy,Public Rack - Laramine Ave & Winnemac Ave,1
rain,weekday,rainy,Public Rack - Lavergne Ave & Belle Plaine Ave,16
rain,weekday,rainy,Public Rack - Lawndale Ave & 23rd St,1
rain,weekday,rainy,Public Rack - Lawndale Ave & Diversey Ave,17
rain,weekday,rainy,Public Rack - Lawndale Ave & Polk St,1
rain,weekday,rainy,Public Rack - Lawrence Ave & Kimball Ave,13
rain,weekday,rainy,Public Rack - Leamington & Elston,26
rain,weekday,rainy,Public Rack - Leclaire Ave & Division St,1
rain,weekday,rainy,Public Rack - Legler Regional Library,3
rain,weekday,rainy,Public Rack - Lemont Ave & Keating Ave,2
rain,weekday,rainy,Public Rack - Leoti Ave & Central Ave (south),1
rain,weekday,rainy,Public Rack - Linder & Elston,3
rain,weekday,rainy,Public Rack - Linder Ave & 64th Pl,4
rain,weekday,rainy,Public Rack - Linder Ave & Belmont Ave,1
rain,weekday,rainy,Public Rack - Lockwood & Archer,4
rain,weekday,rainy,Public Rack - Lockwood Ave & Diversey Ave,10
rain,weekday,rainy,Public Rack - Longwood Dr & 111th St,1
rain,weekday,rainy,Public Rack - Loomis Blvd & 47th St,4
rain,weekday,rainy,Public Rack - Loomis St & 87th St,3
rain,weekday,rainy,Public Rack - Lotus Ave & Lawrence Ave,5
rain,weekday,rainy,Public Rack - Lowe Park,1
rain,weekday,rainy,Public Rack - Lowell Ave & Elston Ave,15
rain,weekday,rainy,Public Rack - Lynch & Elston,8
rain,weekday,rainy,Public Rack - Mackinaw Ave & 106th St,2
rain,weekday,rainy,Public Rack - Mackinaw Ave & 108th St,2
rain,weekday,rainy,Public Rack - Mango & Higgins,18
rain,weekday,rainy,Public Rack - Marquette Rd & 67th St,1
rain,weekday,rainy,Public Rack - Martin Luther King Dr & 44th St,2
rain,weekday,rainy,Public Rack - Maryland Ave & 87th ST,1
rain,weekday,rainy,Public Rack - Mason Ave & Milwaukee Ave,1
rain,weekday,rainy,Public Rack - Mason Ave & Roosevelt Rd,1
rain,weekday,rainy,Public Rack - May St & 78th St,1
rain,weekday,rainy,Public Rack - Melvina & Foster,4
rain,weekday,rainy,Public Rack - Melvina Ave & Belmont Ave,3
rain,weekday,rainy,Public Rack - Melvina Ave & Montrose Ave,9
rain,weekday,rainy,Public Rack - Menard Ave & Adams Blvd,1
rain,weekday,rainy,Public Rack - Menard Ave & Belmont Ave,2
rain,weekday,rainy,Public Rack - Menard Ave & Dakin St - midblock,3
rain,weekday,rainy,Public Rack - Miami Ave & Milwaukee Ave,1
rain,weekday,rainy,Public Rack - Michigan Ave & 107th St,2
rain,weekday,rainy,Public Rack - Michigan Ave & 96th St,1
rain,weekday,rainy,Public Rack - Milwaukee Ave & Addison St,5
rain,weekday,rainy,Public Rack - Milwaukee Ave & Catalpa Ave,6
rain,weekday,rainy,Public Rack - Milwaukee Ave & Culyer Ave,4
rain,weekday,rainy,Public Rack - Milwaukee Ave & Diversey Ave,77
rain,weekday,rainy,Public Rack - Milwaukee Ave & Haussen Ct,77
rain,weekday,rainy,Public Rack - Milwaukee Ave & Higgins Ave,33
rain,weekday,rainy,Public Rack - Milwaukee Ave & Kennedy Expy,7
rain,weekday,rainy,Public Rack - Milwaukee Ave & Lawrence Ave,3
rain,weekday,rainy,Public Rack - Milwaukee Ave & Leland Ave,1
rain,weekday,rainy,Public Rack - Milwaukee Ave & Pensacola Ave,11
rain,weekday,rainy,Public Rack - Milwaukee Ave & School St,16
rain,weekday,rainy,Public Rack - Milwaukee Ave & Sunnyside Ave,5
rain,weekday,rainy,Public Rack - Milwaukee Ave & Warner Ave,7
rain,weekday,rainy,Public Rack - Milwaukee Ave & Waveland Ave,4
rain,weekday,rainy,Public Rack - Minnehaha Ave & Devon Ave,3
rain,weekday,rainy,Public Rack - Minuteman Park,5
rain,weekday,rainy,Public Rack - Mobile Ave & Archer Ave,1
rain,weekday,rainy,Public Rack - Mont Clare Ave & Higgins Ave,3
rain,weekday,rainy,Public Rack - Monticello & Lawrence,8
rain,weekday,rainy,Public Rack - Monticello Ave & Belmont Ave,67
rain,weekday,rainy,Public Rack - Morgan St & 95th St,1
rain,weekday,rainy,Public Rack - Mozart Elementary School,3
rain,weekday,rainy,Public Rack - Mulligan & Northwest Hwy,11
rain,weekday,rainy,Public Rack - Mulligan Ave & 56th St,1
rain,weekday,rainy,Public Rack - N Narragansett Ave & Grand Ave,1
rain,weekday,rainy,Public Rack - N. Oakview and W. Gregory St,4
rain,weekday,rainy,Public Rack - Nagel & Higgins,10
rain,weekday,rainy,Public Rack - Nagle Ave & Belmont Ave,2
rain,weekday,rainy,Public Rack - Narragansett Ave & Fullerton Ave,1
rain,weekday,rainy,Public Rack - Nashotah & Northwest Hwy,22
rain,weekday,rainy,Public Rack - Natoma Ave & 61st St,4
rain,weekday,rainy,Public Rack - Natoma Ave & Bryn Mawr Ave,29
rain,weekday,rainy,Public Rack - Neenah & Archer,1
rain,weekday,rainy,Public Rack - Neola & Northwest Hwy,1
rain,weekday,rainy,Public Rack - Neva Ave & Grand Ave,1
rain,weekday,rainy,Public Rack - New England Ave & Irving Park Rd,1
rain,weekday,rainy,Public Rack - Newcastle & Archer,1
rain,weekday,rainy,Public Rack - Newcastle Ave & Belmont Ave,1
rain,weekday,rainy,Public Rack - Nina Ave & Avondale Ave,4
rain,weekday,rainy,Public Rack - Nordica & Archer,1
rain,weekday,rainy,Public Rack - Nordica Ave & Addison St,2
rain,weekday,rainy,Public Rack - Normal Blvd & 61st Pl,2
rain,weekday,rainy,Public Rack - Normandy Ave & Archer Ave,1
rain,weekday,rainy,Public Rack - Normandy Ave & Raven St,2
rain,weekday,rainy,Public Rack - Northwest Hwy & Bryn Mawr,3
rain,weekday,rainy,Public Rack - Northwest Hwy & Highland Ave,1
rain,weekday,rainy,Public Rack - Northwest Hwy & Neva Ave,4
rain,weekday,rainy,Public Rack - Northwest Hwy & Overhill Ave,1
rain,weekday,rainy,Public Rack - Northwest Hwy & Raven St,2
rain,weekday,rainy,Public Rack - Norwood Park,7
rain,weekday,rainy,Public Rack - Norwood Park Station,12
rain,weekday,rainy,Public Rack - Oak Park & Higgins,14
rain,weekday,rainy,Public Rack - Oak Park Ave & Foster Ave,2
rain,weekday,rainy,Public Rack - Octavia Ave & Touhy Ave,3
rain,weekday,rainy,Public Rack - Odell & Talcott,9
rain,weekday,rainy,Public Rack - Oglesby Ave & 95th St,2
rain,weekday,rainy,Public Rack - Oketo & Northwest Hwy,4
rain,weekday,rainy,Public Rack - Oketo & Talcott,3
rain,weekday,rainy,Public Rack - Olmstead Ave & Oliphant Ave,6
rain,weekday,rainy,Public Rack - Osceola Ave & Touhy Ave,4
rain,weekday,rainy,Public Rack - Ottowa Ave & Touhy Ave,1
rain,weekday,rainy,Public Rack - Overhill Ave & Touhy Ave,3
rain,weekday,rainy,Public Rack - Ozanam Ave & Devon Ave,2
rain,weekday,rainy,Public Rack - Ozark Ave & Addison St,2
rain,weekday,rainy,Public Rack - Ozman & Talcott,2
rain,weekday,rainy,Public Rack - Parkside & 63rd,5
rain,weekday,rainy,Public Rack - Parkside & Archer,1
rain,weekday,rainy,Public Rack - Parkside & Elston,4
rain,weekday,rainy,Public Rack - Penn Elementary School / KIPP Ascend Middle School,5
rain,weekday,rainy,Public Rack - Peterson Ave & Drake Ave,14
rain,weekday,rainy,Public Rack - Peterson Ave & Milwaukee Ave,2
rain,weekday,rainy,Public Rack - Peterson Park,16
rain,weekday,rainy,Public Rack - Piotrowski Park,1
rain,weekday,rainy,Public Rack - Plainfield Ave & Irving Park Rd,1
rain,weekday,rainy,Public Rack - Prairie Ave & 47th St,21
rain,weekday,rainy,Public Rack - Prairie Ave & 85th St,1
rain,weekday,rainy,Public Rack - Prairie Ave & Garfield Blvd N,14
rain,weekday,rainy,Public Rack - Prairie Ave & Garfield Blvd S,3
rain,weekday,rainy,Public Rack - Pratt Ave & Odell Ave,4
rain,weekday,rainy,Public Rack - Pulaski & 52nd,1
rain,weekday,rainy,Public Rack - Pulaski & 74th,1
rain,weekday,rainy,Public Rack - Pulaski & 84th,1
rain,weekday,rainy,Public Rack - Pulaski & Ardmore,8
rain,weekday,rainy,Public Rack - Pulaski & Rosemont,1
rain,weekday,rainy,Public Rack - Pulaski Rd & 15th St,2
rain,weekday,rainy,Public Rack - Pulaski Rd & 44th St,20
rain,weekday,rainy,Public Rack - Pulaski Rd & 51st Rd,1
rain,weekday,rainy,Public Rack - Pulaski Rd & 5th Ave,2
rain,weekday,rainy,Public Rack - Pulaski Rd & 65th St,1
rain,weekday,rainy,Public Rack - Pulaski Rd & Armitage Ave,5
rain,weekday,rainy,Public Rack - Pulaski Rd & Flournoy St,1
rain,weekday,rainy,Public Rack - Pulaski Rd & Fullerton Ave,12
rain,weekday,rainy,Public Rack - Pulaski Rd & Grenshaw St,1
rain,weekday,rainy,Public Rack - Pulaski Rd & Lake St,1
rain,weekday,rainy,Public Rack - Pulaski Rd & Roosevelt Rd,1
rain,weekday,rainy,Public Rack - Pullman - Planet Fitness,1
rain,weekday,rainy,Public Rack - Pullman - Walmart,1
rain,weekday,rainy,Public Rack - Pullman Community Center,1
rain,weekday,rainy,Public Rack - Racine Ave & 74th St,2
rain,weekday,rainy,Public Rack - Richard Daley College,13
rain,weekday,rainy,Public Rack - Rockwell & Division,54
rain,weekday,rainy,Public Rack - Rockwell Ave & 71st St,1
rain,weekday,rainy,Public Rack - Rockwell Ave & Touhy Ave,5
rain,weekday,rainy,Public Rack - Roswell B. Mason Elementary School,1
rain,weekday,rainy,Public Rack - Rutherford Ave & Belmont Ave,4
rain,weekday,rainy,Public Rack - S Kostner Ave & W 18th Pl,1
rain,weekday,rainy,Public Rack - S Menard & W 63rd,2
rain,weekday,rainy,Public Rack - S. Kilpatrick and W. 79th,1
rain,weekday,rainy,Public Rack - S. New England/ W. 65th,1
rain,weekday,rainy,Public Rack - Sacramento Ave & Devon Ave,3
rain,weekday,rainy,Public Rack - Sacramento Blvd & Washington Blvd,2
rain,weekday,rainy,Public Rack - Saginaw Ave & 93rd St,1
rain,weekday,rainy,Public Rack - Sawyer Ave & 111th St,2
rain,weekday,rainy,Public Rack - Sawyer Ave & Bryn Mawr Ave - SE,5
rain,weekday,rainy,Public Rack - Sawyer Ave & Bryn Mawr Ave - SW,1
rain,weekday,rainy,Public Rack - Sawyer Ave & Lawrence Ave,10
rain,weekday,rainy,Public Rack - Sayer & Northwest Hwy,4
rain,weekday,rainy,Public Rack - Sayre Ave & 59th St,1
rain,weekday,rainy,Public Rack - South Shore Dr & 71st St,20
rain,weekday,rainy,Public Rack - Spaulding Ave & Bryn Mawr Ave,8
rain,weekday,rainy,Public Rack - Spaulding Ave & Evergreen Ave,81
rain,weekday,rainy,Public Rack - Spaulding Ave & North Ave,35
rain,weekday,rainy,Public Rack - Springfield & 71st,1
rain,weekday,rainy,Public Rack - Springfield & 79th,1
rain,weekday,rainy,Public Rack - Springfield Ave & Lawrence Ave,20
rain,weekday,rainy,Public Rack - St Louis & Lincoln,10
rain,weekday,rainy,Public Rack - St Louis Ave & Berteau Ave,9
rain,weekday,rainy,Public Rack - State ST & 42nd St,2
rain,weekday,rainy,Public Rack - Stewart Ave & 123rd St,1
rain,weekday,rainy,Public Rack - Stony Island & 87th St,2
rain,weekday,rainy,Public Rack - Stony Island Ave & 86th St,1
rain,weekday,rainy,Public Rack - Strohacker Park,1
rain,weekday,rainy,Public Rack - Talman Ave & 51st St,3
rain,weekday,rainy,Public Rack - Talman Ave & Pershing Rd,3
rain,weekday,rainy,Public Rack - The Montessori School of Englewood,1
rain,weekday,rainy,Public Rack - Throop St & 109th Pl,1
rain,weekday,rainy,Public Rack - Throop St & 58th St,3
rain,weekday,rainy,Public Rack - Torrence Ave & 98th St,1
rain,weekday,rainy,Public Rack - Touhy Ave & Oconto Ave,3
rain,weekday,rainy,Public Rack - Tripp Ave & North Ave,2
rain,weekday,rainy,Public Rack - Troy & 71st,1
rain,weekday,rainy,Public Rack - Trumbull Ave & 111th St,3
rain,weekday,rainy,Public Rack - Tuley (Murray) Park,1
rain,weekday,rainy,Public Rack - Vincennes Ave & 87th St,1
rain,weekday,rainy,Public Rack - Vincennes Ave & 91st St,1
rain,weekday,rainy,Public Rack - Vincennes Ave & 95th Pl,1
rain,weekday,rainy,Public Rack - Vincennes Ave & 95th St,1
rain,weekday,rainy,Public Rack - W. Talcott & N. Oriole,2
rain,weekday,rainy,Public Rack - Wabash Ave & 87th St,1
rain,weekday,rainy,Public Rack - Walden Pkwy & 103rd St,18
rain,weekday,rainy,Public Rack - Walden Pkwy & 99th St,2
rain,weekday,rainy,Public Rack - Washington Park Ct & 51st St,8
rain,weekday,rainy,Public Rack - Washtenaw Ave & Devon Ave,53
rain,weekday,rainy,Public Rack - Washtenaw Ave & Superior St,124
rain,weekday,rainy,Public Rack - Wentworth Ave & 103rd St,6
rain,weekday,rainy,Public Rack - Wentworth Ave & 79th St,1
rain,weekday,rainy,Public Rack - Wentworth Park,1
rain,weekday,rainy,Public Rack - West Chatham Park,1
rain,weekday,rainy,Public Rack - Western Ave & 100th St,5
rain,weekday,rainy,Public Rack - Western Ave & 111th St - NW,1
rain,weekday,rainy,Public Rack - Western Ave & 116th St,2
rain,weekday,rainy,Public Rack - Western Ave & 118th St,1
rain,weekday,rainy,Public Rack - Western Ave & 47th Pl,14
rain,weekday,rainy,Public Rack - Western Ave & 92nd Pl,12
rain,weekday,rainy,Public Rack - Western Ave & 96th St,1
rain,weekday,rainy,Public Rack - Western Ave & Devon Ave,42
rain,weekday,rainy,Public Rack - Western Ave & Jarvis Ave,7
rain,weekday,rainy,Public Rack - Western Blvd & 49th St,13
rain,weekday,rainy,Public Rack - Western Blvd & 53rd St,1
rain,weekday,rainy,Public Rack - Whipple St & 63rd St,10
rain,weekday,rainy,Public Rack - Wilbur Wright College North,1
rain,weekday,rainy,Public Rack - Wilbur Wright College South,19
rain,weekday,rainy,Public Rack - William J Onahan Public School,3
rain,weekday,rainy,Public Rack - William Rainey Harper High School,1
rain,weekday,rainy,Public Rack - Winchester Ave & 87th St,1
rain,weekday,rainy,Public Rack - Winona St & Elston Ave,1
rain,weekday,rainy,Public Rack - Wolcott Ave & 56th St,2
rain,weekday,rainy,Public Rack - Wolcott Ave & 61st St,4
rain,weekday,rainy,Public Rack - Wood St & 103rd St,1
rain,weekday,rainy,Public Rack - Woodlawn Ave & 63rd St N,99
rain,weekday,rainy,Public Rack - Woodlawn Ave & 63rd St S,25
rain,weekday,rainy,Public Rack - Wrightwood Metra Station,2
rain,weekday,rainy,Public Rack - Zapata Academy,1
rain,weekday,rainy,Pulaski Rd & 51st St,110
rain,weekday,rainy,Pulaski Rd & 54th St,20
rain,weekday,rainy,Pulaski Rd & 60th Pl,13
rain,weekday,rainy,Pulaski Rd & 60th St,3
rain,weekday,rainy,Pulaski Rd & 68th St,9
rain,weekday,rainy,Pulaski Rd & 75th St,22
rain,weekday,rainy,Pulaski Rd & 84th St,10
rain,weekday,rainy,Pulaski Rd & Ann Lurie Pl,37
rain,weekday,rainy,Pulaski Rd & Congress Pkwy,27
rain,weekday,rainy,Pulaski Rd & Eddy St,100
rain,weekday,rainy,Pulaski Rd & Lake St,17
rain,weekday,rainy,Racine Ave & 115th St,9
rain,weekday,rainy,Racine Ave & 13th St,230
rain,weekday,rainy,Racine Ave & 15th St,550
rain,weekday,rainy,Racine Ave & 18th St,1054
rain,weekday,rainy,Racine Ave & 35th St,169
rain,weekday,rainy,Racine Ave & 57th St,5
rain,weekday,rainy,Racine Ave & 61st St,4
rain,weekday,rainy,Racine Ave & 65th St,11
rain,weekday,rainy,Racine Ave & Belmont Ave,1629
rain,weekday,rainy,Racine Ave & Broadway,148
rain,weekday,rainy,Racine Ave & Congress Pkwy,981
rain,weekday,rainy,Racine Ave & Fullerton Ave,1872
rain,weekday,rainy,Racine Ave & Garfield Blvd,10
rain,weekday,rainy,Racine Ave & Randolph St,714
rain,weekday,rainy,Racine Ave & Washington Blvd,864
rain,weekday,rainy,Racine Ave & Webster Ave,90
rain,weekday,rainy,Racine Ave & Wrightwood Ave,1067
rain,weekday,rainy,Racine/Eddy Corral,60
rain,weekday,rainy,Rainbow - Beach,4
rain,weekday,rainy,Rainbow Beach,15
rain,weekday,rainy,Ravenswood Ave & Berteau Ave,766
rain,weekday,rainy,Ravenswood Ave & Irving Park Rd,807
rain,weekday,rainy,Ravenswood Ave & Lawrence Ave,3382
rain,weekday,rainy,Rhodes Ave & 32nd St,662
rain,weekday,rainy,Rhodes Ave & 71st St,2
rain,weekday,rainy,Richmond St & 59th St,38
rain,weekday,rainy,Richmond St & Diversey Ave,465
rain,weekday,rainy,Richmond St & Lincoln Ave,56
rain,weekday,rainy,Ridge Blvd & Howard St,113
rain,weekday,rainy,Ridge Blvd & Touhy Ave,163
rain,weekday,rainy,Ritchie Ct & Banks St,1877
rain,weekday,rainy,Rockwell Ave & Logan Blvd,50
rain,weekday,rainy,Rockwell St & 47th St,18
rain,weekday,rainy,Rockwell St & 57th St,36
rain,weekday,rainy,Rockwell St & 63rd St,2
rain,weekday,rainy,Rockwell St & Archer Ave,102
rain,weekday,rainy,Rockwell St & Cermak Rd,63
rain,weekday,rainy,Rockwell St & Division St,1
rain,weekday,rainy,Rockwell St & Eastwood Ave,525
rain,weekday,rainy,Rockwell St & Fletcher St,256
rain,weekday,rainy,Rockwell/Irving Park Hub,19
rain,weekday,rainy,Roscoe & Harlem,12
rain,weekday,rainy,Rush St & Cedar St,2417
rain,weekday,rainy,Rush St & Hubbard St,1855
rain,weekday,rainy,Rush St & Illinois St,139
rain,weekday,rainy,Rush St & Superior St,2444
rain,weekday,rainy,S Michigan Ave & E 118th St,3
rain,weekday,rainy,S Wentworth Ave & W 111th St,5
rain,weekday,rainy,SCOOTERS CLASSIC - 2132 W Hubbard ST,21
rain,weekday,rainy,Sacramento Ave & 25th St,8
rain,weekday,rainy,Sacramento Ave & 51st St,19
rain,weekday,rainy,Sacramento Ave & Linden Pl,3
rain,weekday,rainy,Sacramento Ave & Lunt Ave,61
rain,weekday,rainy,Sacramento Ave & Lyndale St,39
rain,weekday,rainy,Sacramento Ave & Pratt Blvd,43
rain,weekday,rainy,Sacramento Blvd & Addison St,139
rain,weekday,rainy,Sacramento Blvd & Franklin Blvd,61
rain,weekday,rainy,Sacramento Blvd & Fulton Ave,63
rain,weekday,rainy,Sacramento Blvd & Polk St,4
rain,weekday,rainy,Sangamon St & Adams St,164
rain,weekday,rainy,Sangamon St & Lake St,1934
rain,weekday,rainy,Sangamon St & Washington Blvd,1648
rain,weekday,rainy,Sawyer Ave & Fullerton Ave,4
rain,weekday,rainy,Sawyer Ave & Irving Park Rd,278
rain,weekday,rainy,Sayre Ave & Diversey Ave,23
rain,weekday,rainy,Scottsdale Park,8
rain,weekday,rainy,Sedgwick St & Chicago Ave,33
rain,weekday,rainy,Sedgwick St & Huron St,2492
rain,weekday,rainy,Sedgwick St & North Ave,2028
rain,weekday,rainy,Sedgwick St & North Ave*,15
rain,weekday,rainy,Sedgwick St & Schiller St,678
rain,weekday,rainy,Sedgwick St & Webster Ave,1969
rain,weekday,rainy,Seeley Ave & Garfield Blvd,13
rain,weekday,rainy,Seeley Ave & Roscoe St,855
rain,weekday,rainy,Seminary Ave & Belden Ave,93
rain,weekday,rainy,Shabbona Park,54
rain,weekday,rainy,Shedd Aquarium,2659
rain,weekday,rainy,Sheffield Ave & Addison St,959
rain,weekday,rainy,Sheffield Ave & Fletcher St,73
rain,weekday,rainy,Sheffield Ave & Fullerton Ave,3230
rain,weekday,rainy,Sheffield Ave & Fullerton Ave*,23
rain,weekday,rainy,Sheffield Ave & Kingsbury St,2009
rain,weekday,rainy,Sheffield Ave & Kingsbury St*,18
rain,weekday,rainy,Sheffield Ave & Waveland Ave,2494
rain,weekday,rainy,Sheffield Ave & Webster Ave,2257
rain,weekday,rainy,Sheffield Ave & Wellington Ave,2240
rain,weekday,rainy,Sheffield Ave & Willow St,1474
rain,weekday,rainy,Sheffield Ave & Wrightwood Ave,2360
rain,weekday,rainy,Sheffield/Cornelia Corral,55
rain,weekday,rainy,Sheffield/Newport Corral,151
rain,weekday,rainy,Sheridan Rd & Argyle St,1234
rain,weekday,rainy,Sheridan Rd & Berwyn Ave,38
rain,weekday,rainy,Sheridan Rd & Buena Ave,1614
rain,weekday,rainy,Sheridan Rd & Columbia Ave,515
rain,weekday,rainy,Sheridan Rd & Greenleaf Ave,301
rain,weekday,rainy,Sheridan Rd & Irving Park Rd,2380
rain,weekday,rainy,Sheridan Rd & Lawrence Ave,877
rain,weekday,rainy,Sheridan Rd & Loyola Ave,638
rain,weekday,rainy,Sheridan Rd & Montrose Ave,2050
rain,weekday,rainy,Sheridan Rd & Noyes St (NU),1069
rain,weekday,rainy,Shields Ave & 28th Pl,304
rain,weekday,rainy,Shields Ave & 31st St,585
rain,weekday,rainy,Shields Ave & 43rd St,43
rain,weekday,rainy,Shore Dr & 53rd St,11
rain,weekday,rainy,Shore Dr & 55th St,1807
rain,weekday,rainy,Smith Park,402
rain,weekday,rainy,South Chicago Ave & 83rd St,9
rain,weekday,rainy,South Chicago Ave & Elliot Ave,2
rain,weekday,rainy,South Shore Dr & 67th St,146
rain,weekday,rainy,South Shore Dr & 71st St,188
rain,weekday,rainy,South Shore Dr & 74th St,81
rain,weekday,rainy,Southport Ave & Belmont Ave,1499
rain,weekday,rainy,Southport Ave & Clark St,605
rain,weekday,rainy,Southport Ave & Clybourn Ave,1074
rain,weekday,rainy,Southport Ave & Grace St,41
rain,weekday,rainy,Southport Ave & Irving Park Rd,1240
rain,weekday,rainy,Southport Ave & Roscoe St,2477
rain,weekday,rainy,Southport Ave & Waveland Ave,2732
rain,weekday,rainy,Southport Ave & Waveland Ave*,11
rain,weekday,rainy,Southport Ave & Wellington Ave,1856
rain,weekday,rainy,Southport Ave & Wrightwood Ave,1481
rain,weekday,rainy,Southport Ave & Wrightwood Ave*,6
rain,weekday,rainy,Spaulding Ave & 16th St,14
rain,weekday,rainy,Spaulding Ave & 63rd,9
rain,weekday,rainy,Spaulding Ave & Armitage Ave,910
rain,weekday,rainy,Spaulding Ave & Division St,330
rain,weekday,rainy,Spaulding Ave & Milwaukee Ave,6
rain,weekday,rainy,Springfield Ave & 47th St,9
rain,weekday,rainy,Springfield Ave & 71st St,13
rain,weekday,rainy,Springfield Ave & North Ave,107
rain,weekday,rainy,St Clair St & Ohio St,155
rain,weekday,rainy,St Louis Ave & 51st St,11
rain,weekday,rainy,St Louis Ave & 59th St,32
rain,weekday,rainy,St Louis Ave & Foster Ave,77
rain,weekday,rainy,St Louis Ave & Norman Bobbins Pl,13
rain,weekday,rainy,St. Clair St & Erie St,4013
rain,weekday,rainy,St. Clair St & Erie St 1,9
rain,weekday,rainy,St. Clair St & Erie St 2,27
rain,weekday,rainy,St. Louis & 71st St,16
rain,weekday,rainy,St. Louis Ave & Balmoral Ave,180
rain,weekday,rainy,St. Louis Ave & Fullerton Ave,542
rain,weekday,rainy,State St & 111th St,3
rain,weekday,rainy,State St & 123rd St,4
rain,weekday,rainy,State St & 127th St,4
rain,weekday,rainy,State St & 19th St,474
rain,weekday,rainy,State St & 29th St,95
rain,weekday,rainy,State St & 33rd St,1174
rain,weekday,rainy,State St & 35th St,572
rain,weekday,rainy,State St & 45th St,16
rain,weekday,rainy,State St & 54th St,46
rain,weekday,rainy,State St & 76th St,14
rain,weekday,rainy,State St & 79th St,27
rain,weekday,rainy,State St & 95th St,63
rain,weekday,rainy,State St & Chicago Ave,4722
rain,weekday,rainy,State St & Harrison St,1279
rain,weekday,rainy,State St & Kinzie St,2627
rain,weekday,rainy,State St & Pearson St,1312
rain,weekday,rainy,State St & Pershing Rd,13
rain,weekday,rainy,State St & Randolph St,2220
rain,weekday,rainy,State St & Van Buren St,1361
rain,weekday,rainy,Stave St & Armitage Ave,749
rain,weekday,rainy,Steelworkers Park,28
rain,weekday,rainy,Stetson Ave & South Water St,1822
rain,weekday,rainy,Stewart Ave & 123rd St,14
rain,weekday,rainy,Stewart Ave & 63rd St,3
rain,weekday,rainy,Stewart Ave & 83rd St,25
rain,weekday,rainy,Stockton Dr & Wrightwood Ave,2027
rain,weekday,rainy,Stony Island Ave & 63rd St,83
rain,weekday,rainy,Stony Island Ave & 64th St,29
rain,weekday,rainy,Stony Island Ave & 67th St,48
rain,weekday,rainy,Stony Island Ave & 71st St,75
rain,weekday,rainy,Stony Island Ave & 75th St,53
rain,weekday,rainy,Stony Island Ave & 82nd St,10
rain,weekday,rainy,Stony Island Ave & 90th St,8
rain,weekday,rainy,Stony Island Ave & South Chicago Ave,4
rain,weekday,rainy,Streeter Dr & Grand Ave,5418
rain,weekday,rainy,Streeter Dr/Grand Ave,726
rain,weekday,rainy,Summit Ave & 86th St,8
rain,weekday,rainy,Talman Ave & Addison St,550
rain,weekday,rainy,The Salt Shed,95
rain,weekday,rainy,Theater on the Lake,3572
rain,weekday,rainy,Throop St & 52nd St,7
rain,weekday,rainy,Throop St & 99th St,11
rain,weekday,rainy,Throop St & Taylor St,1001
rain,weekday,rainy,Torrence Ave & 106th St,3
rain,weekday,rainy,Torrence Ave & 126th Pl,2
rain,weekday,rainy,Tripp Ave & 15th St,21
rain,weekday,rainy,Tripp Ave & 31st St,8
rain,weekday,rainy,Tripp Ave & 65th St,31
rain,weekday,rainy,Troy Ave & 27th St,3
rain,weekday,rainy,Troy St & Elston Ave,431
rain,weekday,rainy,Troy St & Grace St,183
rain,weekday,rainy,Troy St & Jackson Blvd,7
rain,weekday,rainy,Troy St & North Ave,257
rain,weekday,rainy,Union Ave & Root St,44
rain,weekday,rainy,University Ave & 57th St,4311
rain,weekday,rainy,University Ave & 59th St,1382
rain,weekday,rainy,University Ave & 65th St,93
rain,weekday,rainy,University Library (NU),469
rain,weekday,rainy,Valli Produce - Evanston Plaza,129
rain,weekday,rainy,Vernon Ave & 107th St,10
rain,weekday,rainy,Vernon Ave & 75th St,27
rain,weekday,rainy,Vernon Ave & 79th St,11
rain,weekday,rainy,Vincennes Ave & 104th St,25
rain,weekday,rainy,Vincennes Ave & 107th St,23
rain,weekday,rainy,Vincennes Ave & 75th St,9
rain,weekday,rainy,Vincennes Ave & 79th St,27
rain,weekday,rainy,Vincennes Ave & 95th St,24
rain,weekday,rainy,Virginia Ave & Catalpa Ave,86
rain,weekday,rainy,W 103rd St & S Avers Ave,11
rain,weekday,rainy,W Armitage Ave & N Sheffield Ave,705
rain,weekday,rainy,W Washington Blvd & N Peoria St,179
rain,weekday,rainy,Wabansia & Milwaukee,194
rain,weekday,rainy,Wabash Ave & 16th St,1339
rain,weekday,rainy,Wabash Ave & 49th St,15
rain,weekday,rainy,Wabash Ave & 59th St,7
rain,weekday,rainy,Wabash Ave & 83rd St,11
rain,weekday,rainy,Wabash Ave & 87th St,35
rain,weekday,rainy,Wabash Ave & 9th St,2245
rain,weekday,rainy,Wabash Ave & Adams St,1857
rain,weekday,rainy,Wabash Ave & Cermak Rd,481
rain,weekday,rainy,Wabash Ave & Grand Ave,3908
rain,weekday,rainy,Wabash Ave & Jackson Blvd,98
rain,weekday,rainy,Wabash Ave & Roosevelt Rd,3188
rain,weekday,rainy,Wabash Ave & Wacker Pl,1784
rain,weekday,rainy,Wabash Ave & Washington St,299
rain,weekday,rainy,Wacker Dr & Randolph St,217
rain,weekday,rainy,Wacker Dr & Washington St,2156
rain,weekday,rainy,Wacker Dr & Washington St Corral,472
rain,weekday,rainy,Walden Pkwy & 100th St,64
rain,weekday,rainy,Wallace St & 28th St,24
rain,weekday,rainy,Wallace St & 35th St,235
rain,weekday,rainy,Wallace St & Pershing Rd,60
rain,weekday,rainy,Walsh Park,1069
rain,weekday,rainy,Warren Park East,160
rain,weekday,rainy,Warren Park West,212
rain,weekday,rainy,Washtenaw Ave & Lawrence Ave,489
rain,weekday,rainy,Washtenaw Ave & Ogden Ave,75
rain,weekday,rainy,Washtenaw Ave & Peterson Ave,41
rain,weekday,rainy,Washtenaw Ave & Polk St,40
rain,weekday,rainy,Waveland/Racine,68
rain,weekday,rainy,Waveland/Racine Corral,112
rain,weekday,rainy,Waveland/Wilton Corral,5
rain,weekday,rainy,Wellington Ave & Mulligan Ave,15
rain,weekday,rainy,Wells St & 19th St,252
rain,weekday,rainy,Wells St & Concord Ln,4468
rain,weekday,rainy,Wells St & Elm St,4507
rain,weekday,rainy,Wells St & Evergreen Ave,2338
rain,weekday,rainy,Wells St & Hubbard St,4198
rain,weekday,rainy,Wells St & Huron St,4321
rain,weekday,rainy,Wells St & Institute Pl,1186
rain,weekday,rainy,Wells St & Madison St,345
rain,weekday,rainy,Wells St & Polk St,1965
rain,weekday,rainy,Wells St & Randolph St,2694
rain,weekday,rainy,Wells St & Randolph St Corral,280
rain,weekday,rainy,Wells St & Walton St,2214
rain,weekday,rainy,Wells St & Washington St,408
rain,weekday,rainy,Wentworth Ave & 104th St,1
rain,weekday,rainy,Wentworth Ave & 107th St,8
rain,weekday,rainy,Wentworth Ave & 24th St,305
rain,weekday,rainy,Wentworth Ave & 33rd St,339
rain,weekday,rainy,Wentworth Ave & 35th St,349
rain,weekday,rainy,Wentworth Ave & 63rd St,33
rain,weekday,rainy,Wentworth Ave & 92nd St,16
rain,weekday,rainy,Wentworth Ave & Cermak Rd,8
rain,weekday,rainy,Wentworth Ave & Cermak Rd*,995
rain,weekday,rainy,Western Ave & 101st St,14
rain,weekday,rainy,Western Ave & 104th St,13
rain,weekday,rainy,Western Ave & 111th St,7
rain,weekday,rainy,Western Ave & 21st St,204
rain,weekday,rainy,Western Ave & 24th St,121
rain,weekday,rainy,Western Ave & 28th St,24
rain,weekday,rainy,Western Ave & 43rd St,45
rain,weekday,rainy,Western Ave & 62nd St,5
rain,weekday,rainy,Western Ave & 79th St,7
rain,weekday,rainy,Western Ave & 81st St,1
rain,weekday,rainy,Western Ave & Ardmore Ave,73
rain,weekday,rainy,Western Ave & Berteau Ave,221
rain,weekday,rainy,Western Ave & Congress Pkwy,289
rain,weekday,rainy,Western Ave & Division St,817
rain,weekday,rainy,Western Ave & Fillmore St,400
rain,weekday,rainy,Western Ave & Grace St,315
rain,weekday,rainy,Western Ave & Granville Ave,284
rain,weekday,rainy,Western Ave & Gunnison St,66
rain,weekday,rainy,Western Ave & Howard St,182
rain,weekday,rainy,Western Ave & Lake St,101
rain,weekday,rainy,Western Ave & Leland Ave,778
rain,weekday,rainy,Western Ave & Lunt Ave,266
rain,weekday,rainy,Western Ave & Lyndale St,50
rain,weekday,rainy,Western Ave & Monroe St,210
rain,weekday,rainy,Western Ave & Roscoe St,487
rain,weekday,rainy,Western Ave & Wabansia Ave,53
rain,weekday,rainy,Western Ave & Walton St,1060
rain,weekday,rainy,Western Ave & Winnebago Ave,1471
rain,weekday,rainy,Western Blvd & 48th Pl,69
rain,weekday,rainy,Whipple St & Roosevelt Rd,2
rain,weekday,rainy,Whipple/Irving Park,125
rain,weekday,rainy,Wilton Ave & Addison St,575
rain,weekday,rainy,Wilton Ave & Belmont Ave,3742
rain,weekday,rainy,Wilton Ave & Diversey Pkwy,2020
rain,weekday,rainy,Wilton Ave & Diversey Pkwy*,981
rain,weekday,rainy,Winchester (Ravenswood) Ave & Balmoral Ave,341
rain,weekday,rainy,Winchester Ave & Elston Ave,515
rain,weekday,rainy,Winthrop Ave & Lawrence Ave,996
rain,weekday,rainy,Wolcott (Ravenswood) Ave & Montrose Ave,833
rain,weekday,rainy,Wolcott Ave & Fargo Ave,103
rain,weekday,rainy,Wolcott Ave & Polk St,1591
rain,weekday,rainy,Wood St & 33rd St,56
rain,weekday,rainy,Wood St & 35th St,125
rain,weekday,rainy,Wood St & 84th St,5
rain,weekday,rainy,Wood St & Augusta Blvd,1114
rain,weekday,rainy,Wood St & Beach Ave,312
rain,weekday,rainy,Wood St & Chicago Ave,1264
rain,weekday,rainy,Wood St & Cortland St,50
rain,weekday,rainy,Wood St & Hubbard St,776
rain,weekday,rainy,Wood St & Milwaukee Ave,1646
rain,weekday,rainy,Wood St & Milwaukee Ave*,13
rain,weekday,rainy,Wood St & Taylor St (Temp),1093
rain,weekday,rainy,Wood St & Walnut St,33
rain,weekday,rainy,Wood St & Webster Ave,484
rain,weekday,rainy,Woodlawn & 103rd,3
rain,weekday,rainy,Woodlawn Ave & 55th St,1532
rain,weekday,rainy,Woodlawn Ave & 58th St,1655
rain,weekday,rainy,Woodlawn Ave & 75th St,15
rain,weekday,rainy,Woodlawn Ave & Lake Park Ave,218
rain,weekday,rainy,Yates Blvd & 75th St,22
rain,weekday,rainy,Yates Blvd & 93rd St,7
rain,weekend,dry,2112 W Peterson Ave,160
rain,weekend,dry,21st St & Pulaski Rd,14
rain,weekend,dry,63rd St Beach,508
rain,weekend,dry,900 W Harrison St,919
rain,weekend,dry,Aberdeen St & 103rd St,10
rain,weekend,dry,Aberdeen St & Carroll Ave,755
rain,weekend,dry,Aberdeen St & Jackson Blvd,2252
rain,weekend,dry,Aberdeen St & Monroe St,1179
rain,weekend,dry,Aberdeen St & Randolph St,1779
rain,weekend,dry,Ada St & 113th Place,3
rain,weekend,dry,Ada St & Washington Blvd,898
rain,weekend,dry,Addison Red Line,178
rain,weekend,dry,Addison Red Line Corral,2
rain,weekend,dry,Addison/Racine,97
rain,weekend,dry,Addison/Racine Corral,218
rain,weekend,dry,Addison/Sheffield SE Corral,86
rain,weekend,dry,Addison/Sheffield SW Corral,131
rain,weekend,dry,Addison/Wilton Corral,118
rain,weekend,dry,Adler Planetarium,3491
rain,weekend,dry,Albany Ave & 16th St,18
rain,weekend,dry,Albany Ave & 26th St,48
rain,weekend,dry,Albany Ave & Belmont Ave,145
rain,weekend,dry,Albany Ave & Bloomingdale Ave,741
rain,weekend,dry,Albany Ave & Douglas Blvd,32
rain,weekend,dry,Albany Ave & Montrose Ave,425
rain,weekend,dry,Altgeld Gardens,7
rain,weekend,dry,Archer & Wentworth,270
rain,weekend,dry,Archer (Damen) Ave & 37th St,69
rain,weekend,dry,Archer Ave & 43rd St,11
rain,weekend,dry,Archer Ave & 49th St,7
rain,weekend,dry,Archer Ave & Homan Ave,14
rain,weekend,dry,Archer Ave & Wentworth Ave,406
rain,weekend,dry,Artesian Ave & 55th St,20
rain,weekend,dry,Artesian Ave & 71st St,6
rain,weekend,dry,Artesian Ave & Hubbard St,373
rain,weekend,dry,Artesian Ave & Marquette Rd,11
rain,weekend,dry,Ashland Ave & 13th St,703
rain,weekend,dry,Ashland Ave & 50th St,49
rain,weekend,dry,Ashland Ave & 63rd St,8
rain,weekend,dry,Ashland Ave & 66th St,10
rain,weekend,dry,Ashland Ave & 74th St,10
rain,weekend,dry,Ashland Ave & 78th St,7
rain,weekend,dry,Ashland Ave & Archer Ave,190
rain,weekend,dry,Ashland Ave & Augusta Blvd,1011
rain,weekend,dry,Ashland Ave & Belle Plaine Ave,586
rain,weekend,dry,Ashland Ave & Blackhawk St,1589
rain,weekend,dry,Ashland Ave & Chicago Ave,1115
rain,weekend,dry,Ashland Ave & Division St,2474
rain,weekend,dry,Ashland Ave & Garfield Blvd,12
rain,weekend,dry,Ashland Ave & Grace St,1084
rain,weekend,dry,Ashland Ave & Grand Ave,856
rain,weekend,dry,Ashland Ave & Lake St,884
rain,weekend,dry,Ashland Ave & McDowell Ave,48
rain,weekend,dry,Ashland Ave & Pershing Rd,53
rain,weekend,dry,Ashland Ave & Wellington Ave,1315
rain,weekend,dry,Ashland Ave & Wrightwood Ave,1038
rain,weekend,dry,Augusta Blvd & Laramie Ave,7
rain,weekend,dry,Austin Ave & Milwaukee Ave,34
rain,weekend,dry,Austin Blvd & Chicago Ave,27
rain,weekend,dry,Austin Blvd & Lake St,79
rain,weekend,dry,Austin Blvd & Madison St,47
rain,weekend,dry,Ave L & 114th,10
rain,weekend,dry,Avenue O & 118th St,13
rain,weekend,dry,Avenue O & 134th St,12
rain,weekend,dry,Avers Ave & 16th St,12
rain,weekend,dry,Avers Ave & Belmont Ave,522
rain,weekend,dry,Avers Ave & Foster Ave,70
rain,weekend,dry,Avondale Ave & Irving Park Rd,403
rain,weekend,dry,Baltimore Ave & 133rd St,12
rain,weekend,dry,Baltimore Ave & 87th St,16
rain,weekend,dry,Bennett Ave & 79th St,5
rain,weekend,dry,Benson Ave & Church St,965
rain,weekend,dry,Bernard St & Elston Ave,193
rain,weekend,dry,Bernard St & Peterson Ave,44
rain,weekend,dry,Big Marsh Park,90
rain,weekend,dry,Bissell St & Armitage Ave*,2896
rain,weekend,dry,Blackstone Ave & 59th St,1464
rain,weekend,dry,Blackstone Ave & Hyde Park Blvd,826
rain,weekend,dry,Blue Island Ave & 18th St,1049
rain,weekend,dry,Bosworth Ave & Howard St,130
rain,weekend,dry,Bradley Park,7
rain,weekend,dry,Broadway & Argyle St,1467
rain,weekend,dry,Broadway & Barry Ave,4558
rain,weekend,dry,Broadway & Belmont Ave,3001
rain,weekend,dry,Broadway & Berwyn Ave,1606
rain,weekend,dry,Broadway & Cornelia Ave,4589
rain,weekend,dry,Broadway & Cuyler Ave,155
rain,weekend,dry,Broadway & Granville Ave,1665
rain,weekend,dry,Broadway & Oakdale Ave,1051
rain,weekend,dry,Broadway & Ridge Ave,1228
rain,weekend,dry,Broadway & Roscoe Ave,215
rain,weekend,dry,Broadway & Sheridan Rd,3116
rain,weekend,dry,Broadway & Sunnyside Ave,582
rain,weekend,dry,Broadway & Thorndale Ave,1645
rain,weekend,dry,Broadway & Waveland Ave,4233
rain,weekend,dry,Broadway & Wilson Ave,2073
rain,weekend,dry,Buckingham Fountain,2645
rain,weekend,dry,Budlong Woods Library,168
rain,weekend,dry,Burley Ave & 85th St,15
rain,weekend,dry,Burley Ave & 91st St,8
rain,weekend,dry,Burling St & Armitage Ave,275
rain,weekend,dry,Burling St & Diversey Pkwy,2421
rain,weekend,dry,Burling St & Diversey Pkwy*,10
rain,weekend,dry,Burnham Greenway & 105th St,33
rain,weekend,dry,Burnham Greenway & 112th St,74
rain,weekend,dry,Burnham Harbor,2513
rain,weekend,dry,California & 16th St,47
rain,weekend,dry,California Ave & 21st St,148
rain,weekend,dry,California Ave & 23rd Pl,76
rain,weekend,dry,California Ave & 26th St,14
rain,weekend,dry,California Ave & 29th St,4
rain,weekend,dry,California Ave & 36th St,14
rain,weekend,dry,California Ave & 41st St,65
rain,weekend,dry,California Ave & 71st St,22
rain,weekend,dry,California Ave & Altgeld St,671
rain,weekend,dry,California Ave & Byron St,589
rain,weekend,dry,California Ave & Cortez St,1188
rain,weekend,dry,California Ave & Division St,897
rain,weekend,dry,California Ave & Fletcher St,644
rain,weekend,dry,California Ave & Francis Pl,980
rain,weekend,dry,California Ave & Granville Ave,211
rain,weekend,dry,California Ave & Lake St,82
rain,weekend,dry,California Ave & Madison St,31
rain,weekend,dry,California Ave & Marquette Rd,25
rain,weekend,dry,California Ave & Milwaukee Ave,2209
rain,weekend,dry,California Ave & Montrose Ave,838
rain,weekend,dry,California Ave & North Ave,840
rain,weekend,dry,California Ave & Touhy Ave,57
rain,weekend,dry,California Ave & Winona St,49
rain,weekend,dry,Calumet Ave & 18th St,1996
rain,weekend,dry,Calumet Ave & 21st St,1049
rain,weekend,dry,Calumet Ave & 33rd St,674
rain,weekend,dry,Calumet Ave & 35th St,297
rain,weekend,dry,Calumet Ave & 51st St,120
rain,weekend,dry,Calumet Ave & 71st St,11
rain,weekend,dry,Calumet Park,48
rain,weekend,dry,Campbell Ave & 51st St,28
rain,weekend,dry,Campbell Ave & Augusta Blvd,504
rain,weekend,dry,Campbell Ave & Fullerton Ave,608
rain,weekend,dry,Campbell Ave & Irving Park Rd,141
rain,weekend,dry,Campbell Ave & Montrose Ave,725
rain,weekend,dry,Campbell Ave & North Ave,1111
rain,weekend,dry,Canal St & Adams St,1219
rain,weekend,dry,Canal St & Harrison St,279
rain,weekend,dry,Canal St & Jackson Blvd,637
rain,weekend,dry,Canal St & Madison St,1799
rain,weekend,dry,Canal St & Monroe St,445
rain,weekend,dry,Canal St & Taylor St,952
rain,weekend,dry,Cannon Dr & Fullerton Ave,1467
rain,weekend,dry,Carpenter St & 63rd St,1
rain,weekend,dry,Carpenter St & Fulton St,166
rain,weekend,dry,Carpenter St & Huron St,1397
rain,weekend,dry,Central & Elston,30
rain,weekend,dry,Central Ave & Altgeld St,49
rain,weekend,dry,Central Ave & Chicago Ave,60
rain,weekend,dry,Central Ave & Harrison St,11
rain,weekend,dry,Central Ave & Lake St,53
rain,weekend,dry,Central Ave & Madison St,18
rain,weekend,dry,Central Ave & Parker Ave,22
rain,weekend,dry,Central Ave & Roscoe St,10
rain,weekend,dry,Central Ave & Wellington Ave,17
rain,weekend,dry,Central Park & Augusta Blvd,72
rain,weekend,dry,Central Park Ave & 24th St,63
rain,weekend,dry,Central Park Ave & 66th St,7
rain,weekend,dry,Central Park Ave & Ardmore Ave,104
rain,weekend,dry,Central Park Ave & Bloomingdale Ave,457
rain,weekend,dry,Central Park Ave & Douglas Blvd,15
rain,weekend,dry,Central Park Ave & Elbridge Ave,740
rain,weekend,dry,Central Park Ave & North Ave,260
rain,weekend,dry,Central Park Ave & Ogden Ave,136
rain,weekend,dry,Central Park Ave & Ohio St,44
rain,weekend,dry,Central Park Ave & Washington Blvd,37
rain,weekend,dry,Central Park Blvd & 5th Ave,85
rain,weekend,dry,Central St & Girard Ave,217
rain,weekend,dry,Central St Metra,303
rain,weekend,dry,Cherry Ave & Blackhawk St,108
rain,weekend,dry,Chicago Ave & Sheridan Rd,1070
rain,weekend,dry,Chicago Ave & Washington St,604
rain,weekend,dry,Chicago State University,19
rain,weekend,dry,Christiana Ave & Lawrence Ave,355
rain,weekend,dry,Cicero Ave & Flournoy St,8
rain,weekend,dry,Cicero Ave & Lake St,15
rain,weekend,dry,Cicero Ave & Quincy St,7
rain,weekend,dry,Cicero Ave & Roscoe Ave,43
rain,weekend,dry,Cicero Ave & Wellington Ave,11
rain,weekend,dry,Cicero Ave & Wrightwood Ave,82
rain,weekend,dry,Cityfront Plaza Dr & Pioneer Ct,2116
rain,weekend,dry,Claremont Ave & Hirsch St,435
rain,weekend,dry,Clarendon Ave & Gordon Ter,2878
rain,weekend,dry,Clarendon Ave & Junior Ter,2799
rain,weekend,dry,Clarendon Ave & Leland Ave,1657
rain,weekend,dry,Clark St & 9th St (AMLI),834
rain,weekend,dry,Clark St & Arlington Pl,1144
rain,weekend,dry,Clark St & Armitage Ave,6175
rain,weekend,dry,Clark St & Berwyn Ave,2686
rain,weekend,dry,Clark St & Bryn Mawr Ave,1735
rain,weekend,dry,Clark St & Chicago Ave,2282
rain,weekend,dry,Clark St & Columbia Ave,519
rain,weekend,dry,Clark St & Drummond Pl,3367
rain,weekend,dry,Clark St & Eddy St,537
rain,weekend,dry,Clark St & Elm St,6014
rain,weekend,dry,Clark St & Elmdale Ave,603
rain,weekend,dry,Clark St & Fletcher St,222
rain,weekend,dry,Clark St & Grace St,2574
rain,weekend,dry,Clark St & Ida B Wells Dr,852
rain,weekend,dry,Clark St & Jarvis Ave,281
rain,weekend,dry,Clark St & Lake St,2469
rain,weekend,dry,Clark St & Leland Ave,1818
rain,weekend,dry,Clark St & Lincoln Ave,6317
rain,weekend,dry,Clark St & Lunt Ave,579
rain,weekend,dry,Clark St & Montrose Ave,1494
rain,weekend,dry,Clark St & Newport St,4224
rain,weekend,dry,Clark St & North Ave,2767
rain,weekend,dry,Clark St & Schiller St,3332
rain,weekend,dry,Clark St & Schreiber Ave,734
rain,weekend,dry,Clark St & Touhy Ave,189
rain,weekend,dry,Clark St & Washington St,24
rain,weekend,dry,Clark St & Wellington Ave,2714
rain,weekend,dry,Clark St & Winnemac Ave,3196
rain,weekend,dry,Clark St & Wrightwood Ave,4069
rain,weekend,dry,Clark/Eddy,256
rain,weekend,dry,Clark/Newport,167
rain,weekend,dry,Clark/Newport Corral,311
rain,weekend,dry,Clark/Racine,57
rain,weekend,dry,Clark/Racine Corral,86
rain,weekend,dry,Clifton Ave & Armitage Ave,2005
rain,weekend,dry,Clinton St & 18th St,591
rain,weekend,dry,Clinton St & Jackson Blvd,1618
rain,weekend,dry,Clinton St & Lake St,2105
rain,weekend,dry,Clinton St & Madison St,2896
rain,weekend,dry,Clinton St & Polk St,209
rain,weekend,dry,Clinton St & Roosevelt Rd,1156
rain,weekend,dry,Clinton St & Tilden St,693
rain,weekend,dry,Clinton St & Washington Blvd,1042
rain,weekend,dry,Clybourn Ave & Division St,956
rain,weekend,dry,Clyde Ave & 87th St,16
rain,weekend,dry,Columbus Ave & 79th St,7
rain,weekend,dry,Columbus Ave & 83rd Pl,5
rain,weekend,dry,Columbus Dr & Randolph St,3283
rain,weekend,dry,Commercial Ave & 100th St,4
rain,weekend,dry,Commercial Ave & 130th St,20
rain,weekend,dry,Commercial Ave & 83rd St,40
rain,weekend,dry,Commercial Ave & 90th St,15
rain,weekend,dry,Commercial Ave & 97th St,12
rain,weekend,dry,Conservatory Dr & Lake St,132
rain,weekend,dry,Constance Ave & 95th St,14
rain,weekend,dry,Cornell Ave & Hyde Park Blvd,1333
rain,weekend,dry,Cottage Grove Ave & 111th Pl,21
rain,weekend,dry,Cottage Grove Ave & 43rd St,151
rain,weekend,dry,Cottage Grove Ave & 47th St,117
rain,weekend,dry,Cottage Grove Ave & 49th St,26
rain,weekend,dry,Cottage Grove Ave & 51st St,151
rain,weekend,dry,Cottage Grove Ave & 63rd St,165
rain,weekend,dry,Cottage Grove Ave & 67th St,91
rain,weekend,dry,Cottage Grove Ave & 71st St,9
rain,weekend,dry,Cottage Grove Ave & 78th St,6
rain,weekend,dry,Cottage Grove Ave & 83rd St,44
rain,weekend,dry,Cottage Grove Ave & Oakwood Blvd,268
rain,weekend,dry,Cumberland Ave & Catherine Ave,47
rain,weekend,dry,Daley Center Plaza,2229
rain,weekend,dry,Daley Center Plaza Corral,3
rain,weekend,dry,Damen Ave & 33rd St,3
rain,weekend,dry,Damen Ave & 51st St,13
rain,weekend,dry,Damen Ave & 59th St,22
rain,weekend,dry,Damen Ave & 74th St,11
rain,weekend,dry,Damen Ave & 77th St,13
rain,weekend,dry,Damen Ave & 81st St,19
rain,weekend,dry,Damen Ave & 87th St,29
rain,weekend,dry,Damen Ave & Charleston St,1179
rain,weekend,dry,Damen Ave & Chicago Ave,2312
rain,weekend,dry,Damen Ave & Clybourn Ave,943
rain,weekend,dry,Damen Ave & Cortland St,2551
rain,weekend,dry,Damen Ave & Cullerton St,491
rain,weekend,dry,Damen Ave & Division St,1805
rain,weekend,dry,Damen Ave & Evergreen Ave,70
rain,weekend,dry,Damen Ave & Foster Ave,1070
rain,weekend,dry,Damen Ave & Grand Ave,822
rain,weekend,dry,Damen Ave & Lake St,626
rain,weekend,dry,Damen Ave & Leland Ave,1310
rain,weekend,dry,Damen Ave & Madison St,409
rain,weekend,dry,Damen Ave & Melrose Ave,870
rain,weekend,dry,Damen Ave & Ohio St,77
rain,weekend,dry,Damen Ave & Pershing Rd,42
rain,weekend,dry,Damen Ave & Pierce Ave,3131
rain,weekend,dry,Damen Ave & St Paul Ave,233
rain,weekend,dry,Damen Ave & Sunnyside Ave,792
rain,weekend,dry,Damen Ave & Thomas St (Augusta Blvd),1490
rain,weekend,dry,Damen Ave & Wabansia Ave,610
rain,weekend,dry,Damen Ave & Wellington Ave,1006
rain,weekend,dry,Damen Ave & Wicker Park Ave,1405
rain,weekend,dry,Damen Ave/Coulter St,103
rain,weekend,dry,Dan Ryan Woods & 83rd St,70
rain,weekend,dry,Dauphin Ave & 103rd St,14
rain,weekend,dry,Dauphin Ave & 87th St,18
rain,weekend,dry,Dayton St & North Ave,2210
rain,weekend,dry,Dearborn Pkwy & Delaware Pl,4160
rain,weekend,dry,Dearborn St & Adams St,1084
rain,weekend,dry,Dearborn St & Adams St Corral,35
rain,weekend,dry,Dearborn St & Division St,714
rain,weekend,dry,Dearborn St & Erie St,4166
rain,weekend,dry,Dearborn St & Madison St,26
rain,weekend,dry,Dearborn St & Maple St,615
rain,weekend,dry,Dearborn St & Monroe St,1610
rain,weekend,dry,Dearborn St & Van Buren St,1127
rain,weekend,dry,Dearborn St & Washington St,19
rain,weekend,dry,Delano Ct & Roosevelt Rd,1375
rain,weekend,dry,Desplaines St & Jackson Blvd,1880
rain,weekend,dry,Desplaines St & Kinzie St,3852
rain,weekend,dry,Desplaines St & Randolph St,1170
rain,weekend,dry,Dodge Ave & Church St,120
rain,weekend,dry,Dodge Ave & Main St,119
rain,weekend,dry,Dodge Ave & Mulford St,120
rain,weekend,dry,Dorchester Ave & 49th St,240
rain,weekend,dry,Dorchester Ave & 53rd St,71
rain,weekend,dry,Dorchester Ave & 63rd St,175
rain,weekend,dry,Doty Ave & 111th St,7
rain,weekend,dry,Drake Ave & Addison St,220
rain,weekend,dry,Drake Ave & Montrose Ave,254
rain,weekend,dry,Drexel Ave & 60th St,820
rain,weekend,dry,DuSable Lake Shore Dr & Belmont Ave,4381
rain,weekend,dry,DuSable Lake Shore Dr & Diversey Pkwy,5038
rain,weekend,dry,DuSable Lake Shore Dr & Monroe St,12402
rain,weekend,dry,DuSable Lake Shore Dr & North Blvd,10936
rain,weekend,dry,DuSable Lake Shore Dr & Wellington Ave,4412
rain,weekend,dry,DuSable Museum,132
rain,weekend,dry,Dusable Harbor,6144
rain,weekend,dry,East End Ave & 87th St,14
rain,weekend,dry,Eastlake Ter & Howard St,344
rain,weekend,dry,Eberhart Ave & 131st St,3
rain,weekend,dry,Eberhart Ave & 61st St,61
rain,weekend,dry,Eberhart Ave & 91st St,11
rain,weekend,dry,Eckhart Park,1235
rain,weekend,dry,Eddy/Seminary Corral,238
rain,weekend,dry,Edgebrook Metra,74
rain,weekend,dry,Eggleston Ave & 111th St,3
rain,weekend,dry,Eggleston Ave & 115th St,2
rain,weekend,dry,Eggleston Ave & 69th St,11
rain,weekend,dry,Eggleston Ave & 92nd St,15
rain,weekend,dry,Elizabeth St & 47th St,12
rain,weekend,dry,Elizabeth St & 92nd St,8
rain,weekend,dry,Elizabeth St & Fulton St,692
rain,weekend,dry,Elizabeth St & Randolph St,1600
rain,weekend,dry,Ellis Ave & 53rd St,1019
rain,weekend,dry,Ellis Ave & 55th St,2965
rain,weekend,dry,Ellis Ave & 58th St,700
rain,weekend,dry,Ellis Ave & 60th St,3246
rain,weekend,dry,Ellis Ave & 83rd St,11
rain,weekend,dry,Elmwood Ave & Austin St,217
rain,weekend,dry,Elston Ave & Carmen Ave,68
rain,weekend,dry,Elston Ave & Cortland St,1488
rain,weekend,dry,Elston Ave & George St,333
rain,weekend,dry,Elston Ave & Henderson St,131
rain,weekend,dry,Elston Ave & Wabansia Ave,476
rain,weekend,dry,Emerald Ave & 28th St,361
rain,weekend,dry,Emerald Ave & 31st St,752
rain,weekend,dry,Evans Ave & 75th St,10
rain,weekend,dry,Evanston Civic Center,343
rain,weekend,dry,Ewing Ave & 106th St,36
rain,weekend,dry,Ewing Ave & 97th St,10
rain,weekend,dry,Ewing Ave & 98th St,16
rain,weekend,dry,Ewing Ave & Burnham Greenway,20
rain,weekend,dry,Exchange Ave & 79th St,41
rain,weekend,dry,Fairbanks Ct & Grand Ave,3299
rain,weekend,dry,Fairbanks St & Superior St,1000
rain,weekend,dry,Fairfield Ave & 44th St,60
rain,weekend,dry,Fairfield Ave & Pratt Blvd,71
rain,weekend,dry,Fairfield Ave & Roosevelt Rd,66
rain,weekend,dry,Farragut Ave & Central Ave,59
rain,weekend,dry,Federal St & Polk St,3132
rain,weekend,dry,Field Blvd & South Water St,2900
rain,weekend,dry,Field Museum,3024
rain,weekend,dry,Financial Pl & Ida B Wells Dr,1163
rain,weekend,dry,Fort Dearborn Dr & 31st St,472
rain,weekend,dry,Fort Dearborn Dr & 31st St*,1419
rain,weekend,dry,Francisco Ave & 47th St,36
rain,weekend,dry,Francisco Ave & 85th St,17
rain,weekend,dry,Francisco Ave & Bloomingdale Ave,196
rain,weekend,dry,Francisco Ave & Chicago Ave,413
rain,weekend,dry,Francisco Ave & Foster Ave,403
rain,weekend,dry,Francisco Ave & Hollywood Ave,12
rain,weekend,dry,Francisco Ave & Montrose Ave,201
rain,weekend,dry,Franciso Ave & Bloomingdale Ave,8
rain,weekend,dry,Franklin St & Adams St,716
rain,weekend,dry,Franklin St & Adams St (Temp),69
rain,weekend,dry,Franklin St & Adams St Corral,32
rain,weekend,dry,Franklin St & Chicago Ave,1808
rain,weekend,dry,Franklin St & Chicago Ave*,35
rain,weekend,dry,Franklin St & Illinois St,2406
rain,weekend,dry,Franklin St & Jackson Blvd,1969
rain,weekend,dry,Franklin St & Lake St,1301
rain,weekend,dry,Franklin St & Madison St,56
rain,weekend,dry,Franklin St & Monroe St,557
rain,weekend,dry,Franklin St & Monroe St Corral,3
rain,weekend,dry,Franklin St & Washington St,304
rain,weekend,dry,Fullerton & Monitor,7
rain,weekend,dry,Fulton Market,635
rain,weekend,dry,Glenwood Ave & Morse Ave,1039
rain,weekend,dry,Glenwood Ave & Touhy Ave,345
rain,weekend,dry,Grace St & Central Ave,38
rain,weekend,dry,Grace St & Cicero Ave,59
rain,weekend,dry,Grace/Sheffield,70
rain,weekend,dry,Grace/Sheffield Corral,84
rain,weekend,dry,Granville Ave & Clark St,47
rain,weekend,dry,Granville Ave & Pulaski Rd,15
rain,weekend,dry,Green St & Chicago Ave,260
rain,weekend,dry,Green St & Lake St,748
rain,weekend,dry,Green St & Madison St,3387
rain,weekend,dry,Green St & Randolph St*,1715
rain,weekend,dry,Green St & Washington Blvd,1423
rain,weekend,dry,Greenview Ave & Diversey Pkwy,1184
rain,weekend,dry,Greenview Ave & Fullerton Ave,1597
rain,weekend,dry,Greenview Ave & Jarvis Ave,642
rain,weekend,dry,Greenwood Ave & 47th St,321
rain,weekend,dry,Greenwood Ave & 79th St,10
rain,weekend,dry,Greenwood Ave & 91st St,3
rain,weekend,dry,Greenwood Ave & 97th St,10
rain,weekend,dry,Griffin Museum of Science and Industry,1661
rain,weekend,dry,Hale Ave & 107th St,13
rain,weekend,dry,Halsted St & 104th St,14
rain,weekend,dry,Halsted St & 111th St,5
rain,weekend,dry,Halsted St & 119th St,9
rain,weekend,dry,Halsted St & 123rd St,4
rain,weekend,dry,Halsted St & 18th St,833
rain,weekend,dry,Halsted St & 21st St,448
rain,weekend,dry,Halsted St & 35th St,459
rain,weekend,dry,Halsted St & 37th St,98
rain,weekend,dry,Halsted St & 47th Pl,55
rain,weekend,dry,Halsted St & 51st St,57
rain,weekend,dry,Halsted St & 56th St,10
rain,weekend,dry,Halsted St & 59th St,15
rain,weekend,dry,Halsted St & 63rd St,12
rain,weekend,dry,Halsted St & 69th St,16
rain,weekend,dry,Halsted St & 73rd St,7
rain,weekend,dry,Halsted St & 78th St,22
rain,weekend,dry,Halsted St & 83rd St,7
rain,weekend,dry,Halsted St & 93rd St,7
rain,weekend,dry,Halsted St & 96th St,48
rain,weekend,dry,Halsted St & Archer Ave,531
rain,weekend,dry,Halsted St & Armitage Ave,508
rain,weekend,dry,Halsted St & Belden St,485
rain,weekend,dry,Halsted St & Clybourn Ave,3250
rain,weekend,dry,Halsted St & Court Pl,19
rain,weekend,dry,Halsted St & Dickens Ave,2690
rain,weekend,dry,Halsted St & Dickens Ave*,28
rain,weekend,dry,Halsted St & Fulton St,2326
rain,weekend,dry,Halsted St & Lake St,238
rain,weekend,dry,Halsted St & Maxwell St,1203
rain,weekend,dry,Halsted St & Melrose St,87
rain,weekend,dry,Halsted St & North Branch St,156
rain,weekend,dry,Halsted St & Polk St,1419
rain,weekend,dry,Halsted St & Roosevelt Rd,599
rain,weekend,dry,Halsted St & Roscoe St,3462
rain,weekend,dry,Halsted St & Willow St,1734
rain,weekend,dry,Halsted St & Wrightwood Ave,3211
rain,weekend,dry,Hamilton Park,13
rain,weekend,dry,Hamlin Ave & 62nd Pl,6
rain,weekend,dry,Hamlin Ave & Grand Ave,30
rain,weekend,dry,Hampden Ct & Diversey Ave,489
rain,weekend,dry,Hampden Ct & Diversey Pkwy,1105
rain,weekend,dry,Harding Ave & 26th St,21
rain,weekend,dry,Harding Ave & 31st St,7
rain,weekend,dry,Harding Ave & Chicago Ave,10
rain,weekend,dry,Harding Ave & Division St,31
rain,weekend,dry,Harlem Ave & Bloomingdale Ave,20
rain,weekend,dry,Harlem Ave & Grace St,17
rain,weekend,dry,Harlem Ave & Irving Park Rd,40
rain,weekend,dry,Harper Ave & 55th St,104
rain,weekend,dry,Harper Ave & 59th St,353
rain,weekend,dry,Hastings LWS,102
rain,weekend,dry,Hastings St Depot LWS,13
rain,weekend,dry,Hegewisch Metra Station,8
rain,weekend,dry,Hermitage Ave & Polk St,445
rain,weekend,dry,Higgins Ave & Austin Ave,58
rain,weekend,dry,Homan Ave & 26th St,26
rain,weekend,dry,Homan Ave & 65th St,11
rain,weekend,dry,Homan Ave & 77th St,9
rain,weekend,dry,Homan Ave & Arthington Ave,12
rain,weekend,dry,Homan Ave & Fillmore St,8
rain,weekend,dry,Homewood Ave & 115th St,14
rain,weekend,dry,Honore St & Division St,2120
rain,weekend,dry,Houston Ave & 92nd St,28
rain,weekend,dry,Hoyne Ave & 34th St,65
rain,weekend,dry,Hoyne Ave & 47th St,105
rain,weekend,dry,Hoyne Ave & Balmoral Ave,554
rain,weekend,dry,Hubbard St Depot,3
rain,weekend,dry,Hudson Ave & Armitage Ave,565
rain,weekend,dry,Humboldt Blvd & Armitage Ave,1028
rain,weekend,dry,Hyacinth Ave & Milwaukee Ave,55
rain,weekend,dry,Indiana Ave & 103rd St,17
rain,weekend,dry,Indiana Ave & 133rd St,3
rain,weekend,dry,Indiana Ave & 26th St,466
rain,weekend,dry,Indiana Ave & 31st St,417
rain,weekend,dry,Indiana Ave & 40th St,74
rain,weekend,dry,Indiana Ave & Roosevelt Rd,4934
rain,weekend,dry,Jefferson St & Monroe St,1031
rain,weekend,dry,Jeffery Blvd & 67th St,101
rain,weekend,dry,Jeffery Blvd & 71st St,109
rain,weekend,dry,Jeffery Blvd & 76th St,19
rain,weekend,dry,Karlov Ave & Armitage Ave,116
rain,weekend,dry,Karlov Ave & Fillmore St,12
rain,weekend,dry,Karlov Ave & Lawrence Ave,98
rain,weekend,dry,Karlov Ave & Madison St,14
rain,weekend,dry,Kedvale Ave & Peterson Ave,40
rain,weekend,dry,Kedzie Ave & 104th St,8
rain,weekend,dry,Kedzie Ave & 110th St,20
rain,weekend,dry,Kedzie Ave & 21st St,124
rain,weekend,dry,Kedzie Ave & 24th St,32
rain,weekend,dry,Kedzie Ave & 38th Pl,10
rain,weekend,dry,Kedzie Ave & 38th St,1
rain,weekend,dry,Kedzie Ave & 45th St,4
rain,weekend,dry,Kedzie Ave & 48th Pl,129
rain,weekend,dry,Kedzie Ave & 52nd St,14
rain,weekend,dry,Kedzie Ave & 54th Pl,41
rain,weekend,dry,Kedzie Ave & 57th St,100
rain,weekend,dry,Kedzie Ave & 60th St,36
rain,weekend,dry,Kedzie Ave & 66th Pl,12
rain,weekend,dry,Kedzie Ave & 73rd St,7
rain,weekend,dry,Kedzie Ave & 83rd St,11
rain,weekend,dry,Kedzie Ave & Archer Ave,31
rain,weekend,dry,Kedzie Ave & Armitage Ave,164
rain,weekend,dry,Kedzie Ave & Bryn Mawr Ave,182
rain,weekend,dry,Kedzie Ave & Chicago Ave,151
rain,weekend,dry,Kedzie Ave & Foster Ave,207
rain,weekend,dry,Kedzie Ave & George St,315
rain,weekend,dry,Kedzie Ave & Harrison St,23
rain,weekend,dry,Kedzie Ave & Jackson Blvd,35
rain,weekend,dry,Kedzie Ave & Lake St,104
rain,weekend,dry,Kedzie Ave & Leland Ave,415
rain,weekend,dry,Kedzie Ave & Milwaukee Ave,2559
rain,weekend,dry,Kedzie Ave & Palmer Ct,930
rain,weekend,dry,Kedzie Ave & Redfield Dr,14
rain,weekend,dry,Kedzie Ave & Roosevelt Rd,20
rain,weekend,dry,Keeler Ave & Carmen Ave,107
rain,weekend,dry,Keeler Ave & Roosevelt Rd,4
rain,weekend,dry,Kenmore Ave & School St,79
rain,weekend,dry,Kenneth Ave & 50th St,5
rain,weekend,dry,Kenneth Ave & Lawrence Ave,124
rain,weekend,dry,Kenosha Ave & Wellington Ave,66
rain,weekend,dry,Kenton Ave & Madison St,9
rain,weekend,dry,Kenwood Ave & 57th St,51
rain,weekend,dry,Keystone Ave & Fullerton Ave,181
rain,weekend,dry,Keystone Ave & Montrose Ave,167
rain,weekend,dry,Kilbourn Ave & 49th St,4
rain,weekend,dry,Kilbourn Ave & Belden Ave,127
rain,weekend,dry,Kilbourn Ave & Diversey Ave,89
rain,weekend,dry,Kilbourn Ave & Irving Park Rd,75
rain,weekend,dry,Kilbourn Ave & Milwaukee Ave,58
rain,weekend,dry,Kilbourn Ave & Roscoe St,78
rain,weekend,dry,Kildare & Cermak,6
rain,weekend,dry,Kildare Ave & 26th St,11
rain,weekend,dry,Kildare Ave & 47th St,7
rain,weekend,dry,Kildare Ave & 55th St,14
rain,weekend,dry,Kildare Ave & 85th St (Kostner Ave & 87th St TEMPORARY),4
rain,weekend,dry,Kildare Ave & Archer Ave,9
rain,weekend,dry,Kildare Ave & Chicago Ave,9
rain,weekend,dry,Kildare Ave & Division St,23
rain,weekend,dry,Kildare Ave & Montrose Ave,110
rain,weekend,dry,Kildare Ave & North Ave,62
rain,weekend,dry,Kilpatrick Ave & Grand Ave,40
rain,weekend,dry,Kilpatrick Ave & Parker Ave,35
rain,weekend,dry,Kimball Ave & Belmont Ave,720
rain,weekend,dry,Kimbark Ave & 53rd St,2589
rain,weekend,dry,Kingsbury St & Erie St,3081
rain,weekend,dry,Kingsbury St & Kinzie St,6239
rain,weekend,dry,Kingsbury St & Kinzie St 1,99
rain,weekend,dry,Kingsbury St & Kinzie St 2,65
rain,weekend,dry,Knox Ave & Marquette Ave,24
rain,weekend,dry,Knox Ave & Montrose Ave,160
rain,weekend,dry,Komensky Ave & 31st St,6
rain,weekend,dry,Komensky Ave & 47th St,17
rain,weekend,dry,Komensky Ave & 55th St,3
rain,weekend,dry,Kosciuszko Park,511
rain,weekend,dry,Kostner Ave & 63rd St,27
rain,weekend,dry,Kostner Ave & Adams St,12
rain,weekend,dry,Kostner Ave & Belmont Ave,80
rain,weekend,dry,Kostner Ave & Bryn Mawr Ave,126
rain,weekend,dry,Kostner Ave & Devon Ave,52
rain,weekend,dry,Kostner Ave & Lake St,11
rain,weekend,dry,Kostner Ave & Wrightwood Ave,88
rain,weekend,dry,La Villita Park,23
rain,weekend,dry,LaSalle Dr & Huron St,2065
rain,weekend,dry,LaSalle St & Adams St,591
rain,weekend,dry,LaSalle St & Adams St Corral,18
rain,weekend,dry,LaSalle St & Calhoun Pl,165
rain,weekend,dry,LaSalle St & Calhoun Pl Corral,22
rain,weekend,dry,LaSalle St & Illinois St,3675
rain,weekend,dry,LaSalle St & Jackson Blvd,611
rain,weekend,dry,LaSalle St & Jackson Blvd Corral,43
rain,weekend,dry,LaSalle St & Washington St,620
rain,weekend,dry,LaSalle St & Washington St Corral,10
rain,weekend,dry,LaSalle St & Washington St Corral N,40
rain,weekend,dry,Laflin St & 115th St,8
rain,weekend,dry,Laflin St & Cullerton St,480
rain,weekend,dry,Lake Park Ave & 35th St,497
rain,weekend,dry,Lake Park Ave & 47th St,447
rain,weekend,dry,Lake Park Ave & 53rd St,1344
rain,weekend,dry,Lake Park Ave & 56th St,976
rain,weekend,dry,Lakefront Trail & Bryn Mawr Ave,3966
rain,weekend,dry,Lakefront Trail & Wilson Ave,2262
rain,weekend,dry,Lakeview Ave & Fullerton Pkwy,3632
rain,weekend,dry,Lamon Ave & 47th St,10
rain,weekend,dry,Lamon Ave & Armitage Ave,9
rain,weekend,dry,Lamon Ave & Belmont Ave,40
rain,weekend,dry,Lamon Ave & Chicago Ave,19
rain,weekend,dry,Laramie Ave & Addison St,45
rain,weekend,dry,Laramie Ave & Bloomingdale Ave,25
rain,weekend,dry,Laramie Ave & Gladys Ave,3
rain,weekend,dry,Laramie Ave & Irving Park Rd,110
rain,weekend,dry,Laramie Ave & Kinzie St,17
rain,weekend,dry,Laramie Ave & Madison St,12
rain,weekend,dry,Larrabee St & Armitage Ave,1811
rain,weekend,dry,Larrabee St & Chicago Ave,20
rain,weekend,dry,Larrabee St & Clybourn Ave,167
rain,weekend,dry,Larrabee St & Division St,1870
rain,weekend,dry,Larrabee St & Kingsbury St,1821
rain,weekend,dry,Larrabee St & Kingsbury St 1,117
rain,weekend,dry,Larrabee St & Kingsbury St 2,52
rain,weekend,dry,Larrabee St & Menomonee St,975
rain,weekend,dry,Larrabee St & North Ave,1079
rain,weekend,dry,Larrabee St & Oak St,1160
rain,weekend,dry,Larrabee St & Webster Ave,3837
rain,weekend,dry,Latrobe Ave & Chicago Ave,22
rain,weekend,dry,Lavergne Ave & 44th St,7
rain,weekend,dry,Lavergne Ave & 46th St,19
rain,weekend,dry,Lavergne Ave & Diversey Ave,60
rain,weekend,dry,Lavergne Ave & Division St,23
rain,weekend,dry,Lavergne Ave & Fullerton Ave,62
rain,weekend,dry,Lavergne Ave & Lawrence Ave,51
rain,weekend,dry,Lawler Ave & 50th St,36
rain,weekend,dry,Lawler Ave & North Ave,11
rain,weekend,dry,Lawndale Ave & 111th St,35
rain,weekend,dry,Lawndale Ave & 16th St,16
rain,weekend,dry,Lawndale Ave & 30th St,46
rain,weekend,dry,Lawndale Ave & 59th St,19
rain,weekend,dry,Le Mai Ave & Devon Ave,15
rain,weekend,dry,Leamington Ave & Hirsch St,8
rain,weekend,dry,Leavitt St & Addison St,615
rain,weekend,dry,Leavitt St & Archer Ave,171
rain,weekend,dry,Leavitt St & Armitage Ave,1150
rain,weekend,dry,Leavitt St & Augusta Blvd,148
rain,weekend,dry,Leavitt St & Belmont Ave,879
rain,weekend,dry,Leavitt St & Chicago Ave,975
rain,weekend,dry,Leavitt St & Division St,701
rain,weekend,dry,Leavitt St & Hirsch St,171
rain,weekend,dry,Leavitt St & Lawrence Ave,744
rain,weekend,dry,Leavitt St & North Ave,1140
rain,weekend,dry,Leavitt St/North Ave,377
rain,weekend,dry,Leclaire Ave & Belmont Ave,44
rain,weekend,dry,Lexington St & California Ave,38
rain,weekend,dry,Lincoln Ave & Addison St,820
rain,weekend,dry,Lincoln Ave & Balmoral Ave,136
rain,weekend,dry,Lincoln Ave & Belle Plaine Ave,1002
rain,weekend,dry,Lincoln Ave & Byron St,985
rain,weekend,dry,Lincoln Ave & Dickens Ave,553
rain,weekend,dry,Lincoln Ave & Diversey Pkwy,2326
rain,weekend,dry,Lincoln Ave & Fullerton Ave,3414
rain,weekend,dry,Lincoln Ave & Melrose St,2050
rain,weekend,dry,Lincoln Ave & Montana St,411
rain,weekend,dry,Lincoln Ave & Peterson Ave,143
rain,weekend,dry,Lincoln Ave & Roscoe St*,1600
rain,weekend,dry,Lincoln Ave & Sunnyside Ave,1323
rain,weekend,dry,Lincoln Ave & Waveland Ave,1032
rain,weekend,dry,Lincoln Ave & Winona St,479
rain,weekend,dry,Lincoln Park Conservatory,3538
rain,weekend,dry,Lincolnwood Dr & Central St,96
rain,weekend,dry,Linder Ave & Montrose Ave,59
rain,weekend,dry,Lock St & 31st St,92
rain,weekend,dry,Lockwood Ave & Grand Ave,48
rain,weekend,dry,Lockwood Ave & Wrightwood Ave,100
rain,weekend,dry,Logan Blvd & Elston Ave,899
rain,weekend,dry,Long & Irving Park,43
rain,weekend,dry,Long Ave & Belden Ave,6
rain,weekend,dry,Long Ave & Belmont Ave,50
rain,weekend,dry,Long Ave & Diversey Ave,31
rain,weekend,dry,Long Ave & North Ave,35
rain,weekend,dry,Loomis Blvd & 84th St,12
rain,weekend,dry,Loomis St & 89th St,7
rain,weekend,dry,Loomis St & 95th St,10
rain,weekend,dry,Loomis St & Archer Ave,215
rain,weekend,dry,Loomis St & Jackson Blvd,777
rain,weekend,dry,Loomis St & Lexington St,2154
rain,weekend,dry,Loomis St & Lexington St*,35
rain,weekend,dry,Lowell Ave & Armitage Ave,107
rain,weekend,dry,Lynch Ave & Elston Ave,36
rain,weekend,dry,MLK Jr Dr & 29th St,1071
rain,weekend,dry,MLK Jr Dr & 47th St,118
rain,weekend,dry,MLK Jr Dr & 56th St,42
rain,weekend,dry,MLK Jr Dr & 63rd St,43
rain,weekend,dry,MLK Jr Dr & 83rd St,33
rain,weekend,dry,MLK Jr Dr & Pershing Rd,261
rain,weekend,dry,MTV Hubbard St,1
rain,weekend,dry,Major Ave & Addison St,32
rain,weekend,dry,Major Ave & Bloomingdale Ave,10
rain,weekend,dry,Major Taylor Trail & 111th St,5
rain,weekend,dry,Major Taylor Trail & 115th St,7
rain,weekend,dry,Major Taylor Trail & 124th St,2
rain,weekend,dry,Malcolm X College,194
rain,weekend,dry,Malden St & Wilson Ave,126
rain,weekend,dry,Mango Ave & Diversey Ave,6
rain,weekend,dry,Mango Ave & Grand Ave,2
rain,weekend,dry,Mango Ave & North Ave,44
rain,weekend,dry,Manistee Ave & 95th St,3
rain,weekend,dry,Manor Ave & Leland Ave,308
rain,weekend,dry,Maplewood Ave & 59th St,17
rain,weekend,dry,Maplewood Ave & Peterson Ave,127
rain,weekend,dry,Marine Dr & Ainslie St,1906
rain,weekend,dry,Marmora Ave & Belmont Ave,11
rain,weekend,dry,Marmora Ave & Irving Park Rd,59
rain,weekend,dry,Marquette Ave & 89th St,4
rain,weekend,dry,Marshfield Ave & 44th St,47
rain,weekend,dry,Marshfield Ave & 59th St,1
rain,weekend,dry,Marshfield Ave & Diversey Pkwy,45
rain,weekend,dry,Marshfield Ave & Wabansia Ave,45
rain,weekend,dry,Martin Luther King Dr & 111th St,2
rain,weekend,dry,Martin Luther King Dr & 87th St,18
rain,weekend,dry,Mason Ave & Belmont Ave,12
rain,weekend,dry,Mason Ave & Grand Ave,32
rain,weekend,dry,Mason Ave & Montrose Ave,46
rain,weekend,dry,May St & 69th St,6
rain,weekend,dry,May St & Cullerton St,427
rain,weekend,dry,May St & Hubbard St,57
rain,weekend,dry,May St & Taylor St,1451
rain,weekend,dry,Mayfield Ave & Roosevelt Rd,10
rain,weekend,dry,McClurg Ct & Erie St,2032
rain,weekend,dry,McClurg Ct & Ohio St,4704
rain,weekend,dry,McCormick Blvd & Devon Ave,245
rain,weekend,dry,McCormick Place,1628
rain,weekend,dry,Meade Ave & Addison St,27
rain,weekend,dry,Meade Ave & Diversey Ave,20
rain,weekend,dry,Meade Ave & Fullerton Ave,72
rain,weekend,dry,Melvina Ave & Giddings Ave,67
rain,weekend,dry,Menard Ave & Lawrence Ave,64
rain,weekend,dry,Menard Ave & Milwaukee Ave,16
rain,weekend,dry,Menard Ave & North Ave,5
rain,weekend,dry,Merrimac Park,56
rain,weekend,dry,Michigan Ave & 105th St,19
rain,weekend,dry,Michigan Ave & 108th St,4
rain,weekend,dry,Michigan Ave & 113th St,3
rain,weekend,dry,Michigan Ave & 114th St,3
rain,weekend,dry,Michigan Ave & 11th St,132
rain,weekend,dry,Michigan Ave & 14th St,2216
rain,weekend,dry,Michigan Ave & 18th St,1688
rain,weekend,dry,Michigan Ave & 71st St,8
rain,weekend,dry,Michigan Ave & 8th St,4183
rain,weekend,dry,Michigan Ave & Ida B Wells Dr,1504
rain,weekend,dry,Michigan Ave & Jackson Blvd,2625
rain,weekend,dry,Michigan Ave & Lake St,3182
rain,weekend,dry,Michigan Ave & Madison St,1540
rain,weekend,dry,Michigan Ave & Oak St,9819
rain,weekend,dry,Michigan Ave & Pearson St,1663
rain,weekend,dry,Michigan Ave & Washington St,3845
rain,weekend,dry,Midway Orange Line,52
rain,weekend,dry,Mies van der Rohe Way & Chestnut St,2929
rain,weekend,dry,Mies van der Rohe Way & Chicago Ave,2261
rain,weekend,dry,Millard Ave & 26th St,46
rain,weekend,dry,Millennium Park,7388
rain,weekend,dry,Milwaukee & Fullerton,18
rain,weekend,dry,Milwaukee Ave & Agatite Ave,108
rain,weekend,dry,Milwaukee Ave & Ainslie St,275
rain,weekend,dry,Milwaukee Ave & Armitage Ave,301
rain,weekend,dry,Milwaukee Ave & Cuyler Ave,135
rain,weekend,dry,Milwaukee Ave & Diversey Ave,4
rain,weekend,dry,Milwaukee Ave & Fullerton Ave,1030
rain,weekend,dry,Milwaukee Ave & Grand Ave,2221
rain,weekend,dry,Milwaukee Ave & Highland Ave,95
rain,weekend,dry,Milwaukee Ave & Rockwell St,869
rain,weekend,dry,Milwaukee Ave & The 606,1917
rain,weekend,dry,Milwaukee Ave & Wabansia Ave,389
rain,weekend,dry,Milwaukee Ave & Wabansia Ave*,24
rain,weekend,dry,Monitor Ave & Division St,10
rain,weekend,dry,Monticello Ave & Chicago Ave,28
rain,weekend,dry,Monticello Ave & Irving Park Rd,402
rain,weekend,dry,Monticello Ave & Lawrence Ave,203
rain,weekend,dry,Montrose Harbor,5775
rain,weekend,dry,Morgan Ave & 14th Pl,636
rain,weekend,dry,Morgan St & 18th St,1031
rain,weekend,dry,Morgan St & 31st St,688
rain,weekend,dry,Morgan St & Hubbard St,257
rain,weekend,dry,Morgan St & Lake St*,2024
rain,weekend,dry,Morgan St & Pershing Rd,16
rain,weekend,dry,Morgan St & Polk St,1148
rain,weekend,dry,Mozart St & 55th St,23
rain,weekend,dry,Mozart St & 79th St,17
rain,weekend,dry,Mozart St & Jackson Blvd,61
rain,weekend,dry,Mulligan Ave & Archer Ave,19
rain,weekend,dry,N Carpenter St & W Lake St,189
rain,weekend,dry,N Clark St & W Elm St,29
rain,weekend,dry,N Damen Ave & W Chicago Ave,189
rain,weekend,dry,N Green St & W Lake St,660
rain,weekend,dry,N Paulina St & Lincoln Ave,277
rain,weekend,dry,N Shore Channel Trail & Argyle St,116
rain,weekend,dry,N Southport Ave & W Newport Ave,412
rain,weekend,dry,Nagle Ave & Belmont Ave,19
rain,weekend,dry,Narragansett Ave & McLean Ave,30
rain,weekend,dry,Narragansett Ave & Montrose Ave,20
rain,weekend,dry,Narragansett Ave & North Ave,45
rain,weekend,dry,Narragansett Ave & School St,13
rain,weekend,dry,Narragansett Ave & Wrightwood Ave,105
rain,weekend,dry,Navy Pier,12172
rain,weekend,dry,New St & Illinois St,4577
rain,weekend,dry,Newcastle Ave & Irving Park Rd,11
rain,weekend,dry,Noble St & Milwaukee Ave,1338
rain,weekend,dry,Noble St & Ohio St,427
rain,weekend,dry,Noble St & Potomac Ave,44
rain,weekend,dry,Nordica Ave & Medill Ave,22
rain,weekend,dry,Normal Ave & Archer Ave,171
rain,weekend,dry,North Ave & New England Ave,20
rain,weekend,dry,North Boundary Park,136
rain,weekend,dry,Oak Park & Wellington,31
rain,weekend,dry,Oakley Ave & Irving Park Rd,430
rain,weekend,dry,Oakley Ave & Lyndale St,41
rain,weekend,dry,Oakley Ave & Touhy Ave,134
rain,weekend,dry,Oconto Ave & Belmont Ave,24
rain,weekend,dry,Ogden Ave & Chicago Ave,1984
rain,weekend,dry,Ogden Ave & Congress Pkwy,528
rain,weekend,dry,Ogden Ave & Race Ave,1508
rain,weekend,dry,Ogden Ave & Roosevelt Rd,213
rain,weekend,dry,Oglesby Ave & 100th St,32
rain,weekend,dry,Oketo Ave & Addison St,19
rain,weekend,dry,Olive Harvey College,1
rain,weekend,dry,Orange Ave & Addison St,23
rain,weekend,dry,Oriole Ave & Irving Park Rd,9
rain,weekend,dry,Orleans St & Chestnut St (NEXT Apts),1227
rain,weekend,dry,Orleans St & Elm St,926
rain,weekend,dry,Orleans St & Hubbard St,1342
rain,weekend,dry,Orleans St & Merchandise Mart Plaza,2151
rain,weekend,dry,Overhill Ave & Belmont Ave,23
rain,weekend,dry,Panama Ave & Grace St,16
rain,weekend,dry,Parkside Ave & Armitage Ave,3
rain,weekend,dry,Parnell Ave & 127th St,4
rain,weekend,dry,Parnell Ave & 31st St,68
rain,weekend,dry,Paulina Ave & 87th St,14
rain,weekend,dry,Paulina Ave & North Ave,1340
rain,weekend,dry,Paulina St & 18th St,854
rain,weekend,dry,Paulina St & Adams St,100
rain,weekend,dry,Paulina St & Cortland St,192
rain,weekend,dry,Paulina St & Division St,353
rain,weekend,dry,Paulina St & Flournoy St,673
rain,weekend,dry,Paulina St & Howard St,344
rain,weekend,dry,Paulina St & Montrose Ave,988
rain,weekend,dry,Peoria St & Jackson Blvd,1954
rain,weekend,dry,Peoria St & Kinzie St,358
rain,weekend,dry,Perry Ave & 69th St,34
rain,weekend,dry,Pershing Rd & Sacramento Ave,42
rain,weekend,dry,Peterson/Ridge Metra,442
rain,weekend,dry,Phillips Ave & 79th St,16
rain,weekend,dry,Phillips Ave & 83rd St,12
rain,weekend,dry,Pine Ave & Division St,38
rain,weekend,dry,Pine Grove Ave & Irving Park Rd,3124
rain,weekend,dry,Pine Grove Ave & Waveland Ave,3897
rain,weekend,dry,Pine Grove Ave & Wellington Ave,176
rain,weekend,dry,Ping Tom Park (East),148
rain,weekend,dry,Plainfield & Irving Park,1
rain,weekend,dry,Portage Park,102
rain,weekend,dry,Prairie Ave & 43rd St,118
rain,weekend,dry,Prairie Ave & Garfield Blvd,200
rain,weekend,dry,Princeton Ave & 47th St,84
rain,weekend,dry,Princeton Ave & 95th St,6
rain,weekend,dry,Princeton Ave & Garfield Blvd,72
rain,weekend,dry,Prospect Sq & 91st St,54
rain,weekend,dry,Public Rack - 10101 S Stony Island Ave,1
rain,weekend,dry,Public Rack - 10557 S Western Ave,2
rain,weekend,dry,Public Rack - 111th St - Morgan Park Metra,1
rain,weekend,dry,Public Rack - 4810 Keeler Ave,1
rain,weekend,dry,Public Rack - 532 E 43rd St,10
rain,weekend,dry,Public Rack - 63rd Pl & Narraganssett Ave,4
rain,weekend,dry,Public Rack - 63rd St and Nagle Ave,1
rain,weekend,dry,Public Rack - 63rd St and Natoma Ave,1
rain,weekend,dry,Public Rack - 83rd St (Avalon Park) Metra,1
rain,weekend,dry,Public Rack - 85th Pl & Pulaski Rd,2
rain,weekend,dry,Public Rack - Abbott Park,1
rain,weekend,dry,Public Rack - Aida Food Market,1
rain,weekend,dry,Public Rack - Al Raby School,2
rain,weekend,dry,Public Rack - Albany Ave & 103rd St,1
rain,weekend,dry,Public Rack - Ashland Ave & 45th St  S,1
rain,weekend,dry,Public Rack - Ashland Ave & 63rd St,1
rain,weekend,dry,Public Rack - Ashland Ave & 71st St,5
rain,weekend,dry,Public Rack - Ashland Ave & 76th St,1
rain,weekend,dry,Public Rack - Ashland Ave & 83rd St,21
rain,weekend,dry,Public Rack - Austin Ave & Roscoe St,4
rain,weekend,dry,Public Rack - Austin Ave & Wrightwood Ave,1
rain,weekend,dry,Public Rack - Austin Blvd & North Ave,21
rain,weekend,dry,Public Rack - Avenue J & 112th St,1
rain,weekend,dry,Public Rack - Avers & Granville,2
rain,weekend,dry,Public Rack - Avers & Lawrence,9
rain,weekend,dry,Public Rack - Avers Ave & Irving Park Rd,27
rain,weekend,dry,Public Rack - Avers Ave & Ogden Ave,2
rain,weekend,dry,Public Rack - Avondale Ave & Addison St,5
rain,weekend,dry,Public Rack - Baltimore Ave & 132nd St,1
rain,weekend,dry,Public Rack - Baltimore Ave & 134th St,1
rain,weekend,dry,Public Rack - Bell Ave & 95th St,1
rain,weekend,dry,Public Rack - Bensley Ave & 103rd St,1
rain,weekend,dry,Public Rack - Bernard St & Foster Ave,9
rain,weekend,dry,Public Rack - Bishop St & 46th St,2
rain,weekend,dry,Public Rack - Bradley Park,1
rain,weekend,dry,Public Rack - Brooks Park,1
rain,weekend,dry,Public Rack - Bryn Mawr Ave & Milwaukee Ave,1
rain,weekend,dry,Public Rack - Bryn Mawr Ave & Spaulding Ave,4
rain,weekend,dry,Public Rack - Buffalo Ave & 133rd St,1
rain,weekend,dry,Public Rack - California & 71st,1
rain,weekend,dry,Public Rack - California Ave & Cortez St,57
rain,weekend,dry,Public Rack - California Ave & Devon Ave - NE,8
rain,weekend,dry,Public Rack - California Ave & Devon Ave - NW,5
rain,weekend,dry,Public Rack - California Ave & Ogden Ave,1
rain,weekend,dry,Public Rack - California Ave & Pershing Rd,6
rain,weekend,dry,Public Rack - California Ave & Touhy Ave - SW,1
rain,weekend,dry,Public Rack - Calumet Ave & 51st St,5
rain,weekend,dry,Public Rack - Calumet Ave & 71st St,1
rain,weekend,dry,Public Rack - Campbell Ave & Pratt Blvd,15
rain,weekend,dry,Public Rack - Canfield & Victoria,1
rain,weekend,dry,Public Rack - Central & Berteau,2
rain,weekend,dry,Public Rack - Central & Leland,3
rain,weekend,dry,Public Rack - Central & Prescott,2
rain,weekend,dry,Public Rack - Central Ave & Corcoran Pl,2
rain,weekend,dry,Public Rack - Central Ave & George St,1
rain,weekend,dry,Public Rack - Central Ave & Lawrence Ave,15
rain,weekend,dry,Public Rack - Central Ave & North Ave,3
rain,weekend,dry,Public Rack - Central Ave & Pensacola Ave,3
rain,weekend,dry,Public Rack - Central Park & Bryn Mawr,1
rain,weekend,dry,Public Rack - Central Park & Peterson,2
rain,weekend,dry,Public Rack - Central Park Ave & 16th St,1
rain,weekend,dry,Public Rack - Central Park Ave & Fillmore St,2
rain,weekend,dry,Public Rack - Central Park Ave & Fulton Blvd,4
rain,weekend,dry,Public Rack - Champlain Ave & 65th St,2
rain,weekend,dry,Public Rack - Chappel Ave & 71st St,3
rain,weekend,dry,Public Rack - Chase Ave & Touhy Ave - NE,2
rain,weekend,dry,Public Rack - Chopin Park,4
rain,weekend,dry,Public Rack - Christiana & Lincoln,5
rain,weekend,dry,Public Rack - Christiana Ave & 55th St,1
rain,weekend,dry,Public Rack - Christiana Ave & Belmont Ave,62
rain,weekend,dry,Public Rack - Christiana Ave & Bryn Mawr Ave,3
rain,weekend,dry,Public Rack - Christiana Ave & Lawrence Ave,6
rain,weekend,dry,Public Rack - Cicero & 64th,1
rain,weekend,dry,Public Rack - Cicero Ave & Belle Plaine Ave,27
rain,weekend,dry,Public Rack - Cicero Ave & North Ave,2
rain,weekend,dry,Public Rack - Cicero Ave & Roscoe St,3
rain,weekend,dry,Public Rack - Cicero Ave & Wrightwood Ave,3
rain,weekend,dry,Public Rack - Clyde Ave & 87th St,1
rain,weekend,dry,Public Rack - Commercial Ave & 89th St,1
rain,weekend,dry,Public Rack - Cornell Ave & 87th Pl,1
rain,weekend,dry,Public Rack - Cottage Grove & 84th St,1
rain,weekend,dry,Public Rack - Cottage Grove & 85th St,1
rain,weekend,dry,Public Rack - Cottage Grove & 86th St,2
rain,weekend,dry,Public Rack - Cumberland & Catherine,1
rain,weekend,dry,Public Rack - Damen & 87th,1
rain,weekend,dry,Public Rack - Damen Ave & 47th St,1
rain,weekend,dry,Public Rack - Delphina & Foster,9
rain,weekend,dry,Public Rack - Devon Ave & Central Ave,2
rain,weekend,dry,Public Rack - Division St & Christiana Ave,1
rain,weekend,dry,Public Rack - Drake Ave & Leland Ave,15
rain,weekend,dry,Public Rack - Eberhart Ave & 61st St,1
rain,weekend,dry,Public Rack - Eli Whitney Public School,2
rain,weekend,dry,Public Rack - Elston Ave & Gunnison St,2
rain,weekend,dry,Public Rack - Elston Ave & Kenneth Ave,2
rain,weekend,dry,Public Rack - Emerald Ave & 43rd St,32
rain,weekend,dry,Public Rack - Emerald Ave & 45th St,3
rain,weekend,dry,Public Rack - Evans Ave & 63rd St,9
rain,weekend,dry,Public Rack - Ewing Ave & Indianapolis Ave,1
rain,weekend,dry,Public Rack - Exchange Ave & 131st St,1
rain,weekend,dry,Public Rack - Exchange Ave & 73rd Pl,3
rain,weekend,dry,Public Rack - Fairfield Ave & 63rd St,1
rain,weekend,dry,Public Rack - Ford City Mall,1
rain,weekend,dry,Public Rack - Forest Glen & Peterson,4
rain,weekend,dry,Public Rack - Forest Glen Station,7
rain,weekend,dry,Public Rack - Forrestville Ave & 47th St,3
rain,weekend,dry,Public Rack - Foster Ave & Drake Ave,1
rain,weekend,dry,Public Rack - Fullerton Ave & Narragansett Ave,7
rain,weekend,dry,Public Rack - Garfield Park Conservatory,24
rain,weekend,dry,Public Rack - Green St & 103rd St,1
rain,weekend,dry,Public Rack - Greenwood Ave & Lake Park Ave,8
rain,weekend,dry,Public Rack - Haft Ave & Milwaukee Ave,3
rain,weekend,dry,Public Rack - Hale Ave & 111th St,1
rain,weekend,dry,Public Rack - Halsted St & 41st St,2
rain,weekend,dry,Public Rack - Halsted St & 76th St,2
rain,weekend,dry,Public Rack - Halsted St & 95th St - SE,6
rain,weekend,dry,Public Rack - Halsted St & 95th St - SW,5
rain,weekend,dry,Public Rack - Hamilton Ave & 95th St,1
rain,weekend,dry,Public Rack - Hamlin Ave & Chicago Ave,1
rain,weekend,dry,Public Rack - Hamlin Ave & Fullerton Ave,22
rain,weekend,dry,Public Rack - Hamlin Ave & Madison St,2
rain,weekend,dry,Public Rack - Hamlin Ave & Montrose Ave,63
rain,weekend,dry,Public Rack - Harlem & Palatine,3
rain,weekend,dry,Public Rack - Harlem & Summerdale,2
rain,weekend,dry,Public Rack - Harlem and W. 59th,1
rain,weekend,dry,Public Rack - Harold Washington Park,42
rain,weekend,dry,Public Rack - Harper Ave & 63rd St,4
rain,weekend,dry,Public Rack - Harvard Ave & 119th St,1
rain,weekend,dry,Public Rack - Harvey Ave & North Ave,1
rain,weekend,dry,Public Rack - Hiawatha & Mendota,5
rain,weekend,dry,Public Rack - Hiawatha Ave & Minnehaha Ave,2
rain,weekend,dry,Public Rack - Hiawatha Park,1
rain,weekend,dry,Public Rack - Holbrook St & Milwaukee Ave,3
rain,weekend,dry,Public Rack - Hollywood Park,24
rain,weekend,dry,Public Rack - Homan Ave & Lake St,9
rain,weekend,dry,Public Rack - Houston Ave & 130th St,1
rain,weekend,dry,Public Rack - Houston Ave & 131st St,1
rain,weekend,dry,Public Rack - Houston Ave & 91st St,7
rain,weekend,dry,Public Rack - Hoyne Ave & 110th Pl,1
rain,weekend,dry,Public Rack - Hyde Park Blvd & 53rd St,56
rain,weekend,dry,Public Rack - Hyde Park Blvd & 55th St,97
rain,weekend,dry,Public Rack - Imlay & Milwaukee,2
rain,weekend,dry,Public Rack - Independence Blvd & Roosevelt,7
rain,weekend,dry,Public Rack - Indiana Ave & 111th St,2
rain,weekend,dry,Public Rack - Irving Park Rd & Austin Ave,4
rain,weekend,dry,Public Rack - Irving Park Rd & Leclaire Ave,10
rain,weekend,dry,Public Rack - Irving Park Rd & Menard Ave,1
rain,weekend,dry,Public Rack - Jeffery Blvd & 67th St,1
rain,weekend,dry,Public Rack - Jeffery Blvd & 83rd St,1
rain,weekend,dry,Public Rack - Jeffrey Blvd & 71st St,5
rain,weekend,dry,Public Rack - Jensen Park,28
rain,weekend,dry,Public Rack - Jonathan Y Scammon Public School,53
rain,weekend,dry,Public Rack - Justine St & 87th St,28
rain,weekend,dry,Public Rack - Karlov Ave & Kamerling Ave,12
rain,weekend,dry,Public Rack - Karlov Ave & Lawrence Ave,5
rain,weekend,dry,Public Rack - Karlov Ave & Milwaukee Ave,25
rain,weekend,dry,Public Rack - Keating & Peterson,27
rain,weekend,dry,Public Rack - Kedvale Ave & 63rd St W,14
rain,weekend,dry,Public Rack - Kedvale Ave & Avondale Ave,2
rain,weekend,dry,Public Rack - Kedzie Ave & 54th St - SE,1
rain,weekend,dry,Public Rack - Kedzie Ave & 58th St,5
rain,weekend,dry,Public Rack - Kedzie Ave & 61st Pl W,2
rain,weekend,dry,Public Rack - Kedzie Ave & 64th St - SE,1
rain,weekend,dry,Public Rack - Kedzie Ave & 64th St - SW,9
rain,weekend,dry,Public Rack - Kedzie Ave & Argyle St,96
rain,weekend,dry,Public Rack - Kedzie Ave & Arthington St,2
rain,weekend,dry,Public Rack - Kedzie Ave & Chicago Ave,9
rain,weekend,dry,Public Rack - Kedzie Ave & Pershing Rd,1
rain,weekend,dry,Public Rack - Kedzie Ave & Walnut St,2
rain,weekend,dry,Public Rack - Kenneth & Carmen,13
rain,weekend,dry,Public Rack - Kenton & Lawrence,5
rain,weekend,dry,Public Rack - Kenton Ave & Palmer St,12
rain,weekend,dry,Public Rack - Keystone Ave & Irving Park Rd,19
rain,weekend,dry,Public Rack - Keystone Ave & North Ave,4
rain,weekend,dry,Public Rack - Kildare Ave & 63rd St,1
rain,weekend,dry,Public Rack - Kildare Ave & North Ave,5
rain,weekend,dry,Public Rack - Kilpatrick & Elston,4
rain,weekend,dry,Public Rack - Kimball & Ardmore,20
rain,weekend,dry,Public Rack - Kimball Ave & Carmen Ave,8
rain,weekend,dry,Public Rack - Kimball Ave & Lawrence Ave,15
rain,weekend,dry,Public Rack - Kimbark Ave & 67th St,16
rain,weekend,dry,Public Rack - King Dr & Oakwood Blvd,3
rain,weekend,dry,Public Rack - Kingston Ave & 75th St,5
rain,weekend,dry,Public Rack - Komensky Ave & 59th St,6
rain,weekend,dry,Public Rack - Komensky Ave & 63rd St,2
rain,weekend,dry,Public Rack - Kostner & Bryn Mawr,6
rain,weekend,dry,Public Rack - Kostner & Peterson,1
rain,weekend,dry,Public Rack - Kostner Ave & 16th St,2
rain,weekend,dry,Public Rack - Kostner Ave & Armitage Ave,19
rain,weekend,dry,Public Rack - Kostner Ave & Diversey Ave,2
rain,weekend,dry,Public Rack - Kostner Ave & North Ave,3
rain,weekend,dry,Public Rack - Lafayette Ave & 87th St - NW,1
rain,weekend,dry,Public Rack - Lafayette Ave & 95th St,8
rain,weekend,dry,Public Rack - Laflin St &51st ST,1
rain,weekend,dry,Public Rack - Lake Shore Dr & Hayes Dr,30
rain,weekend,dry,Public Rack - Langley Ave & 105th Pl,1
rain,weekend,dry,Public Rack - Langley Ave & 49th St,14
rain,weekend,dry,Public Rack - Langley Ave & Oakwood Blvd,7
rain,weekend,dry,Public Rack - Laramie Ave & Belmont Ave,8
rain,weekend,dry,Public Rack - Laramie Ave & Warwick Ave,1
rain,weekend,dry,Public Rack - Laramine Ave & Winnemac Ave,3
rain,weekend,dry,Public Rack - Lavergne Ave & Belle Plaine Ave,1
rain,weekend,dry,Public Rack - Lawndale Ave & 23rd St,2
rain,weekend,dry,Public Rack - Lawndale Ave & 63rd St,1
rain,weekend,dry,Public Rack - Lawndale Ave & Diversey Ave,39
rain,weekend,dry,Public Rack - Lawrence Ave & Kimball Ave,2
rain,weekend,dry,Public Rack - Leader & Caldwell,4
rain,weekend,dry,Public Rack - Leamington & Elston,26
rain,weekend,dry,Public Rack - Leclaire Ave & Division St,8
rain,weekend,dry,Public Rack - Legler Regional Library,1
rain,weekend,dry,Public Rack - Lemont Ave & Keating Ave,1
rain,weekend,dry,Public Rack - Linder & Elston,8
rain,weekend,dry,Public Rack - Linder Ave & 64th Pl,3
rain,weekend,dry,Public Rack - Linder Ave & Archer Ave,2
rain,weekend,dry,Public Rack - Lockwood & Archer,7
rain,weekend,dry,Public Rack - Lockwood Ave & Diversey Ave,3
rain,weekend,dry,Public Rack - Loomis St & 87th St,7
rain,weekend,dry,Public Rack - Lorel Ave & Grand Ave,4
rain,weekend,dry,Public Rack - Lotus Ave & Lawrence Ave,5
rain,weekend,dry,Public Rack - Lowe Park,2
rain,weekend,dry,Public Rack - Lowell Ave & Elston Ave,30
rain,weekend,dry,Public Rack - Lynch & Elston,2
rain,weekend,dry,Public Rack - Mango & Higgins,23
rain,weekend,dry,Public Rack - Marquette Rd & 67th St,6
rain,weekend,dry,Public Rack - Marshfield Ave & 45th St,1
rain,weekend,dry,Public Rack - Martin Luther King Dr & 44th St,1
rain,weekend,dry,Public Rack - Mason Ave & Archer Ave,1
rain,weekend,dry,Public Rack - Mason Ave & Milwaukee Ave,2
rain,weekend,dry,Public Rack - Mason Ave & Roosevelt Rd,2
rain,weekend,dry,Public Rack - McVicker Ave & Grand Ave,1
rain,weekend,dry,Public Rack - Melvina & Foster,2
rain,weekend,dry,Public Rack - Melvina Ave & Belmont Ave,1
rain,weekend,dry,Public Rack - Menard Ave & Adams Blvd,1
rain,weekend,dry,Public Rack - Menard Ave & Belmont Ave,1
rain,weekend,dry,Public Rack - Menard Ave & Dakin St - midblock,4
rain,weekend,dry,Public Rack - Menard Ave & Grand Ave,5
rain,weekend,dry,Public Rack - Miami Ave & Milwaukee Ave,2
rain,weekend,dry,Public Rack - Michigan Ave & 113th St,2
rain,weekend,dry,Public Rack - Michigan Ave & 119th St,2
rain,weekend,dry,Public Rack - Michigan Ave & 96th St,1
rain,weekend,dry,Public Rack - Midway Orange Line,1
rain,weekend,dry,Public Rack - Milwaukee Ave & Addison St,5
rain,weekend,dry,Public Rack - Milwaukee Ave & Catalpa Ave,2
rain,weekend,dry,Public Rack - Milwaukee Ave & Culyer Ave,9
rain,weekend,dry,Public Rack - Milwaukee Ave & Diversey Ave,68
rain,weekend,dry,Public Rack - Milwaukee Ave & Haussen Ct,52
rain,weekend,dry,Public Rack - Milwaukee Ave & Higgins Ave,8
rain,weekend,dry,Public Rack - Milwaukee Ave & Kennedy Expy,16
rain,weekend,dry,Public Rack - Milwaukee Ave & Lawrence Ave,3
rain,weekend,dry,Public Rack - Milwaukee Ave & Leland Ave,10
rain,weekend,dry,Public Rack - Milwaukee Ave & Pensacola Ave,12
rain,weekend,dry,Public Rack - Milwaukee Ave & School St,5
rain,weekend,dry,Public Rack - Milwaukee Ave & Sunnyside Ave,2
rain,weekend,dry,Public Rack - Milwaukee Ave & Warner Ave,1
rain,weekend,dry,Public Rack - Milwaukee Ave & Waveland Ave,1
rain,weekend,dry,Public Rack - Minuteman Park,10
rain,weekend,dry,Public Rack - Mont Clare Ave & Higgins Ave,6
rain,weekend,dry,Public Rack - Monticello & Lawrence,4
rain,weekend,dry,Public Rack - Monticello Ave & Belmont Ave,65
rain,weekend,dry,Public Rack - Montrose Ave & Lavergne Ave,4
rain,weekend,dry,Public Rack - Mozart Elementary School,5
rain,weekend,dry,Public Rack - Mulligan & Northwest Hwy,7
rain,weekend,dry,Public Rack - Mulligan Ave & 56th St,1
rain,weekend,dry,Public Rack - N Narragansett Ave & Grand Ave,1
rain,weekend,dry,Public Rack - N. Oakview and W. Gregory St,8
rain,weekend,dry,Public Rack - Nagel & Higgins,15
rain,weekend,dry,Public Rack - Narragansett Ave & Fullerton Ave,8
rain,weekend,dry,Public Rack - Nashotah & Northwest Hwy,15
rain,weekend,dry,Public Rack - Natoma Ave & 61st St,4
rain,weekend,dry,Public Rack - Natoma Ave & Bryn Mawr Ave,5
rain,weekend,dry,Public Rack - Neenah & Archer,2
rain,weekend,dry,Public Rack - Neola & Northwest Hwy,1
rain,weekend,dry,Public Rack - Newcastle & Archer,1
rain,weekend,dry,Public Rack - Newcastle Ave & Belmont Ave,2
rain,weekend,dry,Public Rack - Nordica & Archer,3
rain,weekend,dry,Public Rack - Nordica Ave & Higgins Ave,1
rain,weekend,dry,Public Rack - Northwest Hwy & Bryn Mawr,3
rain,weekend,dry,Public Rack - Northwest Hwy & Neva Ave,5
rain,weekend,dry,Public Rack - Norwood Park,1
rain,weekend,dry,Public Rack - Norwood Park Station,4
rain,weekend,dry,Public Rack - Oak Park & Higgins,6
rain,weekend,dry,Public Rack - Oak Park Ave & Foster Ave,2
rain,weekend,dry,Public Rack - Octavia Ave & Touhy Ave,5
rain,weekend,dry,Public Rack - Odell & Talcott,2
rain,weekend,dry,Public Rack - Oglesby Ave & 95th St,2
rain,weekend,dry,Public Rack - Oketo & Northwest Hwy,3
rain,weekend,dry,Public Rack - Oketo & Talcott,6
rain,weekend,dry,Public Rack - Olmstead Ave & Oliphant Ave,15
rain,weekend,dry,Public Rack - Orville T Bright School,1
rain,weekend,dry,Public Rack - Osceola Ave & Touhy Ave,4
rain,weekend,dry,Public Rack - Ottowa Ave & Touhy Ave,5
rain,weekend,dry,Public Rack - Overhill Ave & Touhy Ave,3
rain,weekend,dry,Public Rack - Ozanam Ave & Devon Ave,2
rain,weekend,dry,Public Rack - Ozark Ave & Addison St,1
rain,weekend,dry,Public Rack - Ozman & Talcott,2
rain,weekend,dry,Public Rack - Parkside & 63rd,4
rain,weekend,dry,Public Rack - Parkside & Archer,1
rain,weekend,dry,Public Rack - Penn Elementary School / KIPP Ascend Middle School,15
rain,weekend,dry,Public Rack - Peterson Ave & Drake Ave,10
rain,weekend,dry,Public Rack - Peterson Ave & Milwaukee Ave,1
rain,weekend,dry,Public Rack - Peterson Park,11
rain,weekend,dry,Public Rack - Plainfield Ave & Irving Park Rd,3
rain,weekend,dry,Public Rack - Prairie Ave & 47th St,16
rain,weekend,dry,Public Rack - Prairie Ave & Garfield Blvd N,8
rain,weekend,dry,Public Rack - Prairie Ave & Garfield Blvd S,2
rain,weekend,dry,Public Rack - Pulaski & 52nd,1
rain,weekend,dry,Public Rack - Pulaski & 84th,2
rain,weekend,dry,Public Rack - Pulaski & Ardmore,6
rain,weekend,dry,Public Rack - Pulaski & Rosemont,9
rain,weekend,dry,Public Rack - Pulaski Rd & 44th St,12
rain,weekend,dry,Public Rack - Pulaski Rd & 65th St,3
rain,weekend,dry,Public Rack - Pulaski Rd & 85th St,1
rain,weekend,dry,Public Rack - Pulaski Rd & Armitage Ave,6
rain,weekend,dry,Public Rack - Pulaski Rd & Fullerton Ave,4
rain,weekend,dry,Public Rack - Pulaski Rd & Lexington St,1
rain,weekend,dry,Public Rack - Pulaski Rd & Roosevelt Rd,2
rain,weekend,dry,Public Rack - Pullman - Planet Fitness,2
rain,weekend,dry,Public Rack - Pullman - Ross Dress for Less,1
rain,weekend,dry,Public Rack - Pullman Community Center,1
rain,weekend,dry,Public Rack - Racine Ave & 74th St,2
rain,weekend,dry,Public Rack - Richard Daley College,1
rain,weekend,dry,Public Rack - Rockwell & Division,42
rain,weekend,dry,Public Rack - Rockwell Ave & Touhy Ave,8
rain,weekend,dry,Public Rack - Rutherford Ave & Belmont Ave,3
rain,weekend,dry,Public Rack - S. Kilpatrick and W. 79th,5
rain,weekend,dry,Public Rack - Sacramento Ave & Devon Ave,9
rain,weekend,dry,Public Rack - Sawyer Ave & 111th St,1
rain,weekend,dry,Public Rack - Sawyer Ave & Bryn Mawr Ave - SE,6
rain,weekend,dry,Public Rack - Sawyer Ave & Bryn Mawr Ave - SW,3
rain,weekend,dry,Public Rack - Sawyer Ave & Chicago Ave,2
rain,weekend,dry,Public Rack - Sawyer Ave & Lawrence Ave,10
rain,weekend,dry,Public Rack - Sayer & Northwest Hwy,3
rain,weekend,dry,Public Rack - South Shore Dr & 71st St,29
rain,weekend,dry,Public Rack - Spaulding Ave & Bryn Mawr Ave,12
rain,weekend,dry,Public Rack - Spaulding Ave & Evergreen Ave,50
rain,weekend,dry,Public Rack - Spaulding Ave & Foster Ave,2
rain,weekend,dry,Public Rack - Spaulding Ave & North Ave,34
rain,weekend,dry,Public Rack - Springfield & 71st,1
rain,weekend,dry,Public Rack - Springfield & 79th,2
rain,weekend,dry,Public Rack - Springfield Ave & Lawrence Ave,39
rain,weekend,dry,Public Rack - St Louis & 83rd,1
rain,weekend,dry,Public Rack - St Louis & Lincoln,2
rain,weekend,dry,Public Rack - St Louis Ave & Berteau Ave,6
rain,weekend,dry,Public Rack - St Louis Ave & Flournoy St,2
rain,weekend,dry,Public Rack - State ST & 42nd St,8
rain,weekend,dry,Public Rack - Stony Island Ave & 86th St,1
rain,weekend,dry,Public Rack - Talman Ave & 51st St,4
rain,weekend,dry,Public Rack - The Montessori School of Englewood,1
rain,weekend,dry,Public Rack - Torrence Ave  & 106th St,1
rain,weekend,dry,Public Rack - Torrence Ave & 98th St,1
rain,weekend,dry,Public Rack - Touhy Ave & Oconto Ave,7
rain,weekend,dry,Public Rack - Tripp Ave & North Ave,1
rain,weekend,dry,Public Rack - Trumbull Ave & 111th St,2
rain,weekend,dry,Public Rack - Vincennes Ave & 95th Pl,1
rain,weekend,dry,Public Rack - Wabash Ave & 87th St,1
rain,weekend,dry,Public Rack - Walden Pkwy & 103rd St,12
rain,weekend,dry,Public Rack - Waller Ave & Chicago Ave,2
rain,weekend,dry,Public Rack - Washington Park Ct & 51st St,5
rain,weekend,dry,Public Rack - Washtenaw Ave & Devon Ave,42
rain,weekend,dry,Public Rack - Washtenaw Ave & Superior St,112
rain,weekend,dry,Public Rack - Wentworth Ave & 79th St,1
rain,weekend,dry,Public Rack - Western Ave & 100th St,3
rain,weekend,dry,Public Rack - Western Ave & 105th St,1
rain,weekend,dry,Public Rack - Western Ave & 107th St,1
rain,weekend,dry,Public Rack - Western Ave & 116th St,1
rain,weekend,dry,Public Rack - Western Ave & 118th St,2
rain,weekend,dry,Public Rack - Western Ave & 47th Pl,17
rain,weekend,dry,Public Rack - Western Ave & 92nd Pl,16
rain,weekend,dry,Public Rack - Western Ave & 96th St,1
rain,weekend,dry,Public Rack - Western Ave & Devon Ave,41
rain,weekend,dry,Public Rack - Western Ave & Jarvis Ave,11
rain,weekend,dry,Public Rack - Western Blvd & 49th St,5
rain,weekend,dry,Public Rack - Western Blvd & 53rd St,1
rain,weekend,dry,Public Rack - Whipple St & 63rd St,11
rain,weekend,dry,Public Rack - Wilbur Wright College South,1
rain,weekend,dry,Public Rack - William J Onahan Public School,2
rain,weekend,dry,Public Rack - Wood St & 103rd St,3
rain,weekend,dry,Public Rack - Wood St & 47th St,2
rain,weekend,dry,Public Rack - Woodlawn Ave & 63rd St N,77
rain,weekend,dry,Public Rack - Woodlawn Ave & 63rd St S,24
rain,weekend,dry,Public Rack - Yates Ave & 100th St,3
rain,weekend,dry,Pulaski Rd & 51st St,94
rain,weekend,dry,Pulaski Rd & 54th St,22
rain,weekend,dry,Pulaski Rd & 60th Pl,14
rain,weekend,dry,Pulaski Rd & 60th St,9
rain,weekend,dry,Pulaski Rd & 68th St,26
rain,weekend,dry,Pulaski Rd & 75th St,6
rain,weekend,dry,Pulaski Rd & 84th St,10
rain,weekend,dry,Pulaski Rd & Ann Lurie Pl,21
rain,weekend,dry,Pulaski Rd & Congress Pkwy,17
rain,weekend,dry,Pulaski Rd & Eddy St,100
rain,weekend,dry,Pulaski Rd & Lake St,15
rain,weekend,dry,Racine Ave & 115th St,20
rain,weekend,dry,Racine Ave & 13th St,171
rain,weekend,dry,Racine Ave & 15th St,496
rain,weekend,dry,Racine Ave & 18th St,1060
rain,weekend,dry,Racine Ave & 35th St,180
rain,weekend,dry,Racine Ave & 57th St,7
rain,weekend,dry,Racine Ave & 61st St,5
rain,weekend,dry,Racine Ave & 65th St,20
rain,weekend,dry,Racine Ave & Belmont Ave,2423
rain,weekend,dry,Racine Ave & Broadway,265
rain,weekend,dry,Racine Ave & Congress Pkwy,719
rain,weekend,dry,Racine Ave & Fullerton Ave,2093
rain,weekend,dry,Racine Ave & Garfield Blvd,11
rain,weekend,dry,Racine Ave & Randolph St,666
rain,weekend,dry,Racine Ave & Washington Blvd,836
rain,weekend,dry,Racine Ave & Webster Ave,163
rain,weekend,dry,Racine Ave & Wrightwood Ave,1383
rain,weekend,dry,Racine/Eddy Corral,157
rain,weekend,dry,Rainbow - Beach,14
rain,weekend,dry,Rainbow Beach,46
rain,weekend,dry,Ravenswood Ave & Berteau Ave,915
rain,weekend,dry,Ravenswood Ave & Irving Park Rd,1026
rain,weekend,dry,Ravenswood Ave & Lawrence Ave,2571
rain,weekend,dry,Rhodes Ave & 32nd St,663
rain,weekend,dry,Rhodes Ave & 71st St,4
rain,weekend,dry,Richmond St & 59th St,43
rain,weekend,dry,Richmond St & Diversey Ave,625
rain,weekend,dry,Richmond St & Lincoln Ave,48
rain,weekend,dry,Ridge Blvd & Howard St,163
rain,weekend,dry,Ridge Blvd & Touhy Ave,171
rain,weekend,dry,Ritchie Ct & Banks St,2359
rain,weekend,dry,Rockwell Ave & Logan Blvd,109
rain,weekend,dry,Rockwell St & 47th St,20
rain,weekend,dry,Rockwell St & 57th St,31
rain,weekend,dry,Rockwell St & 63rd St,9
rain,weekend,dry,Rockwell St & Archer Ave,96
rain,weekend,dry,Rockwell St & Cermak Rd,78
rain,weekend,dry,Rockwell St & Eastwood Ave,548
rain,weekend,dry,Rockwell St & Fletcher St,414
rain,weekend,dry,Rockwell/Irving Park Hub,47
rain,weekend,dry,Roscoe & Harlem,5
rain,weekend,dry,Rush St & Cedar St,3140
rain,weekend,dry,Rush St & Hubbard St,1498
rain,weekend,dry,Rush St & Illinois St,299
rain,weekend,dry,Rush St & Superior St,2356
rain,weekend,dry,S Michigan Ave & E 118th St,2
rain,weekend,dry,SCOOTERS CLASSIC - 2132 W Hubbard ST,25
rain,weekend,dry,Sacramento Ave & 25th St,18
rain,weekend,dry,Sacramento Ave & 51st St,6
rain,weekend,dry,Sacramento Ave & Linden Pl,6
rain,weekend,dry,Sacramento Ave & Lunt Ave,54
rain,weekend,dry,Sacramento Ave & Lyndale St,86
rain,weekend,dry,Sacramento Ave & Pratt Blvd,40
rain,weekend,dry,Sacramento Blvd & Addison St,180
rain,weekend,dry,Sacramento Blvd & Franklin Blvd,50
rain,weekend,dry,Sacramento Blvd & Fulton Ave,77
rain,weekend,dry,Sacramento Blvd & Polk St,6
rain,weekend,dry,Sangamon St & Adams St,241
rain,weekend,dry,Sangamon St & Lake St,1630
rain,weekend,dry,Sangamon St & Washington Blvd,1373
rain,weekend,dry,Sawyer Ave & Fullerton Ave,6
rain,weekend,dry,Sawyer Ave & Irving Park Rd,244
rain,weekend,dry,Sayre Ave & Diversey Ave,41
rain,weekend,dry,Scottsdale Park,8
rain,weekend,dry,Sedgwick St & Chicago Ave,76
rain,weekend,dry,Sedgwick St & Huron St,1964
rain,weekend,dry,Sedgwick St & North Ave,2250
rain,weekend,dry,Sedgwick St & North Ave*,17
rain,weekend,dry,Sedgwick St & Schiller St,749
rain,weekend,dry,Sedgwick St & Webster Ave,2465
rain,weekend,dry,Seeley Ave & Garfield Blvd,14
rain,weekend,dry,Seeley Ave & Roscoe St,1083
rain,weekend,dry,Seminary Ave & Belden Ave,187
rain,weekend,dry,Shabbona Park,69
rain,weekend,dry,Shedd Aquarium,5663
rain,weekend,dry,Sheffield Ave & Addison St,1736
rain,weekend,dry,Sheffield Ave & Fletcher St,142
rain,weekend,dry,Sheffield Ave & Fullerton Ave,2617
rain,weekend,dry,Sheffield Ave & Fullerton Ave*,38
rain,weekend,dry,Sheffield Ave & Kingsbury St,2398
rain,weekend,dry,Sheffield Ave & Kingsbury St*,21
rain,weekend,dry,Sheffield Ave & Waveland Ave,3216
rain,weekend,dry,Sheffield Ave & Webster Ave,2874
rain,weekend,dry,Sheffield Ave & Wellington Ave,2601
rain,weekend,dry,Sheffield Ave & Willow St,1756
rain,weekend,dry,Sheffield Ave & Wrightwood Ave,2875
rain,weekend,dry,Sheffield/Cornelia Corral,123
rain,weekend,dry,Sheffield/Newport Corral,292
rain,weekend,dry,Sheridan Rd & Argyle St,1932
rain,weekend,dry,Sheridan Rd & Berwyn Ave,100
rain,weekend,dry,Sheridan Rd & Buena Ave,2149
rain,weekend,dry,Sheridan Rd & Columbia Ave,581
rain,weekend,dry,Sheridan Rd & Greenleaf Ave,516
rain,weekend,dry,Sheridan Rd & Irving Park Rd,2854
rain,weekend,dry,Sheridan Rd & Lawrence Ave,1198
rain,weekend,dry,Sheridan Rd & Loyola Ave,826
rain,weekend,dry,Sheridan Rd & Montrose Ave,2787
rain,weekend,dry,Sheridan Rd & Noyes St (NU),935
rain,weekend,dry,Shields Ave & 28th Pl,330
rain,weekend,dry,Shields Ave & 31st St,698
rain,weekend,dry,Shields Ave & 43rd St,39
rain,weekend,dry,Shields Ave & 57th St,3
rain,weekend,dry,Shore Dr & 53rd St,22
rain,weekend,dry,Shore Dr & 55th St,2825
rain,weekend,dry,Smith Park,367
rain,weekend,dry,South Chicago Ave & 83rd St,7
rain,weekend,dry,South Chicago Ave & Elliot Ave,3
rain,weekend,dry,South Shore Dr & 67th St,230
rain,weekend,dry,South Shore Dr & 71st St,344
rain,weekend,dry,South Shore Dr & 74th St,115
rain,weekend,dry,Southport Ave & Belmont Ave,1948
rain,weekend,dry,Southport Ave & Clark St,722
rain,weekend,dry,Southport Ave & Clybourn Ave,1070
rain,weekend,dry,Southport Ave & Grace St,94
rain,weekend,dry,Southport Ave & Irving Park Rd,1525
rain,weekend,dry,Southport Ave & Roscoe St,3399
rain,weekend,dry,Southport Ave & Waveland Ave,3963
rain,weekend,dry,Southport Ave & Waveland Ave*,42
rain,weekend,dry,Southport Ave & Wellington Ave,2713
rain,weekend,dry,Southport Ave & Wrightwood Ave,1926
rain,weekend,dry,Southport Ave & Wrightwood Ave*,19
rain,weekend,dry,Spaulding Ave & 16th St,30
rain,weekend,dry,Spaulding Ave & 63rd,22
rain,weekend,dry,Spaulding Ave & Armitage Ave,1043
rain,weekend,dry,Spaulding Ave & Division St,416
rain,weekend,dry,Spaulding Ave & Milwaukee Ave,10
rain,weekend,dry,Springfield Ave & 47th St,3
rain,weekend,dry,Springfield Ave & 71st St,8
rain,weekend,dry,Springfield Ave & 80th St,12
rain,weekend,dry,Springfield Ave & North Ave,86
rain,weekend,dry,St Clair St & Ohio St,357
rain,weekend,dry,St Louis Ave & 51st St,9
rain,weekend,dry,St Louis Ave & 59th St,36
rain,weekend,dry,St Louis Ave & Foster Ave,83
rain,weekend,dry,St Louis Ave & Norman Bobbins Pl,20
rain,weekend,dry,St. Clair St & Erie St,2839
rain,weekend,dry,St. Clair St & Erie St 1,19
rain,weekend,dry,St. Clair St & Erie St 2,25
rain,weekend,dry,St. Louis & 71st St,17
rain,weekend,dry,St. Louis Ave & Balmoral Ave,127
rain,weekend,dry,St. Louis Ave & Fullerton Ave,673
rain,weekend,dry,State St & 111th St,11
rain,weekend,dry,State St & 123rd St,1
rain,weekend,dry,State St & 127th St,1
rain,weekend,dry,State St & 19th St,588
rain,weekend,dry,State St & 29th St,98
rain,weekend,dry,State St & 33rd St,882
rain,weekend,dry,State St & 35th St,434
rain,weekend,dry,State St & 45th St,41
rain,weekend,dry,State St & 54th St,30
rain,weekend,dry,State St & 76th St,9
rain,weekend,dry,State St & 79th St,30
rain,weekend,dry,State St & 95th St,57
rain,weekend,dry,State St & Chicago Ave,4895
rain,weekend,dry,State St & Harrison St,1446
rain,weekend,dry,State St & Kinzie St,2181
rain,weekend,dry,State St & Pearson St,1315
rain,weekend,dry,State St & Pershing Rd,41
rain,weekend,dry,State St & Randolph St,2603
rain,weekend,dry,State St & Van Buren St,1195
rain,weekend,dry,Stave St & Armitage Ave,841
rain,weekend,dry,Steelworkers Park,72
rain,weekend,dry,Steelworkers Park (Updated),1
rain,weekend,dry,Stetson Ave & South Water St,1629
rain,weekend,dry,Stewart Ave & 123rd St,30
rain,weekend,dry,Stewart Ave & 63rd St,6
rain,weekend,dry,Stewart Ave & 83rd St,16
rain,weekend,dry,Stockton Dr & Wrightwood Ave,3121
rain,weekend,dry,Stony Island Ave & 63rd St,214
rain,weekend,dry,Stony Island Ave & 64th St,53
rain,weekend,dry,Stony Island Ave & 67th St,65
rain,weekend,dry,Stony Island Ave & 71st St,73
rain,weekend,dry,Stony Island Ave & 75th St,79
rain,weekend,dry,Stony Island Ave & 82nd St,8
rain,weekend,dry,Stony Island Ave & 90th St,14
rain,weekend,dry,Stony Island Ave & South Chicago Ave,3
rain,weekend,dry,Streeter Dr & Grand Ave,8026
rain,weekend,dry,Streeter Dr/Grand Ave,757
rain,weekend,dry,Summit Ave & 86th St,4
rain,weekend,dry,Talman Ave & Addison St,821
rain,weekend,dry,The Salt Shed,391
rain,weekend,dry,Theater on the Lake,9113
rain,weekend,dry,Throop St & 52nd St,11
rain,weekend,dry,Throop St & 99th St,8
rain,weekend,dry,Throop St & Taylor St,1050
rain,weekend,dry,Torrence Ave & 106th St,1
rain,weekend,dry,Torrence Ave & 126th Pl,10
rain,weekend,dry,Tripp Ave & 15th St,13
rain,weekend,dry,Tripp Ave & 31st St,19
rain,weekend,dry,Tripp Ave & 65th St,19
rain,weekend,dry,Troy Ave & 27th St,9
rain,weekend,dry,Troy St & Elston Ave,474
rain,weekend,dry,Troy St & Grace St,117
rain,weekend,dry,Troy St & Jackson Blvd,15
rain,weekend,dry,Troy St & North Ave,493
rain,weekend,dry,Union Ave & Root St,48
rain,weekend,dry,University Ave & 57th St,3367
rain,weekend,dry,University Ave & 59th St,692
rain,weekend,dry,University Ave & 65th St,103
rain,weekend,dry,University Library (NU),437
rain,weekend,dry,Valli Produce - Evanston Plaza,172
rain,weekend,dry,Vernon Ave & 107th St,10
rain,weekend,dry,Vernon Ave & 75th St,22
rain,weekend,dry,Vernon Ave & 79th St,23
rain,weekend,dry,Vincennes Ave & 104th St,10
rain,weekend,dry,Vincennes Ave & 107th St,11
rain,weekend,dry,Vincennes Ave & 75th St,2
rain,weekend,dry,Vincennes Ave & 79th St,21
rain,weekend,dry,Vincennes Ave & 95th St,26
rain,weekend,dry,Virginia Ave & Catalpa Ave,57
rain,weekend,dry,W 103rd St & S Avers Ave,16
rain,weekend,dry,W Armitage Ave & N Sheffield Ave,924
rain,weekend,dry,W Washington Blvd & N Peoria St,161
rain,weekend,dry,Wabansia & Milwaukee,321
rain,weekend,dry,Wabash Ave & 16th St,1404
rain,weekend,dry,Wabash Ave & 49th St,18
rain,weekend,dry,Wabash Ave & 59th St,27
rain,weekend,dry,Wabash Ave & 83rd St,9
rain,weekend,dry,Wabash Ave & 87th St,39
rain,weekend,dry,Wabash Ave & 9th St,2496
rain,weekend,dry,Wabash Ave & Adams St,1620
rain,weekend,dry,Wabash Ave & Cermak Rd,743
rain,weekend,dry,Wabash Ave & Grand Ave,4503
rain,weekend,dry,Wabash Ave & Jackson Blvd,47
rain,weekend,dry,Wabash Ave & Roosevelt Rd,3608
rain,weekend,dry,Wabash Ave & Wacker Pl,2346
rain,weekend,dry,Wabash Ave & Washington St,538
rain,weekend,dry,Wacker Dr & Randolph St,127
rain,weekend,dry,Wacker Dr & Washington St,555
rain,weekend,dry,Wacker Dr & Washington St Corral,21
rain,weekend,dry,Walden Pkwy & 100th St,42
rain,weekend,dry,Wallace St & 28th St,77
rain,weekend,dry,Wallace St & 35th St,263
rain,weekend,dry,Wallace St & Pershing Rd,65
rain,weekend,dry,Walsh Park,1154
rain,weekend,dry,Warren Park East,187
rain,weekend,dry,Warren Park West,272
rain,weekend,dry,Washtenaw Ave & Lawrence Ave,489
rain,weekend,dry,Washtenaw Ave & Ogden Ave,57
rain,weekend,dry,Washtenaw Ave & Peterson Ave,49
rain,weekend,dry,Washtenaw Ave & Polk St,43
rain,weekend,dry,Waveland/Racine,81
rain,weekend,dry,Waveland/Racine Corral,228
rain,weekend,dry,Waveland/Wilton Corral,32
rain,weekend,dry,Wellington Ave & Mulligan Ave,23
rain,weekend,dry,Wells St & 19th St,527
rain,weekend,dry,Wells St & Concord Ln,6600
rain,weekend,dry,Wells St & Elm St,5765
rain,weekend,dry,Wells St & Evergreen Ave,3176
rain,weekend,dry,Wells St & Hubbard St,3288
rain,weekend,dry,Wells St & Huron St,4283
rain,weekend,dry,Wells St & Institute Pl,1449
rain,weekend,dry,Wells St & Madison St,180
rain,weekend,dry,Wells St & Polk St,1991
rain,weekend,dry,Wells St & Randolph St,1404
rain,weekend,dry,Wells St & Randolph St Corral,58
rain,weekend,dry,Wells St & Walton St,2524
rain,weekend,dry,Wells St & Washington St,297
rain,weekend,dry,Wentworth Ave & 104th St,2
rain,weekend,dry,Wentworth Ave & 107th St,8
rain,weekend,dry,Wentworth Ave & 24th St,469
rain,weekend,dry,Wentworth Ave & 33rd St,378
rain,weekend,dry,Wentworth Ave & 35th St,386
rain,weekend,dry,Wentworth Ave & 63rd St,49
rain,weekend,dry,Wentworth Ave & 92nd St,3
rain,weekend,dry,Wentworth Ave & Cermak Rd,29
rain,weekend,dry,Wentworth Ave & Cermak Rd*,1909
rain,weekend,dry,Western Ave & 101st St,11
rain,weekend,dry,Western Ave & 104th St,16
rain,weekend,dry,Western Ave & 111th St,28
rain,weekend,dry,Western Ave & 21st St,207
rain,weekend,dry,Western Ave & 24th St,187
rain,weekend,dry,Western Ave & 28th St,33
rain,weekend,dry,Western Ave & 43rd St,31
rain,weekend,dry,Western Ave & 62nd St,9
rain,weekend,dry,Western Ave & 79th St,16
rain,weekend,dry,Western Ave & 81st St,5
rain,weekend,dry,Western Ave & Ardmore Ave,82
rain,weekend,dry,Western Ave & Berteau Ave,185
rain,weekend,dry,Western Ave & Congress Pkwy,321
rain,weekend,dry,Western Ave & Division St,873
rain,weekend,dry,Western Ave & Fillmore St,442
rain,weekend,dry,Western Ave & Grace St,246
rain,weekend,dry,Western Ave & Granville Ave,223
rain,weekend,dry,Western Ave & Gunnison St,114
rain,weekend,dry,Western Ave & Howard St,184
rain,weekend,dry,Western Ave & Lake St,78
rain,weekend,dry,Western Ave & Leland Ave,1106
rain,weekend,dry,Western Ave & Lunt Ave,292
rain,weekend,dry,Western Ave & Lyndale St,108
rain,weekend,dry,Western Ave & Monroe St,241
rain,weekend,dry,Western Ave & Roscoe St,548
rain,weekend,dry,Western Ave & Wabansia Ave,172
rain,weekend,dry,Western Ave & Walton St,1098
rain,weekend,dry,Western Ave & Winnebago Ave,1468
rain,weekend,dry,Western Blvd & 48th Pl,89
rain,weekend,dry,Whipple St & Roosevelt Rd,7
rain,weekend,dry,Whipple/Irving Park,165
rain,weekend,dry,Wilton Ave & Addison St,1046
rain,weekend,dry,Wilton Ave & Belmont Ave,4613
rain,weekend,dry,Wilton Ave & Diversey Pkwy,2056
rain,weekend,dry,Wilton Ave & Diversey Pkwy*,834
rain,weekend,dry,Winchester (Ravenswood) Ave & Balmoral Ave,371
rain,weekend,dry,Winchester Ave & Elston Ave,550
rain,weekend,dry,Winthrop Ave & Lawrence Ave,1300
rain,weekend,dry,Wolcott (Ravenswood) Ave & Montrose Ave,1208
rain,weekend,dry,Wolcott Ave & Fargo Ave,116
rain,weekend,dry,Wolcott Ave & Polk St,827
rain,weekend,dry,Wood St & 33rd St,48
rain,weekend,dry,Wood St & 35th St,124
rain,weekend,dry,Wood St & 84th St,7
rain,weekend,dry,Wood St & Augusta Blvd,1061
rain,weekend,dry,Wood St & Beach Ave,697
rain,weekend,dry,Wood St & Chicago Ave,1240
rain,weekend,dry,Wood St & Cortland St,100
rain,weekend,dry,Wood St & Hubbard St,593
rain,weekend,dry,Wood St & Milwaukee Ave,2062
rain,weekend,dry,Wood St & Milwaukee Ave*,24
rain,weekend,dry,Wood St & Taylor St (Temp),440
rain,weekend,dry,Wood St & Walnut St,52
rain,weekend,dry,Wood St & Webster Ave,512
rain,weekend,dry,Woodlawn & 103rd,8
rain,weekend,dry,Woodlawn Ave & 55th St,1608
rain,weekend,dry,Woodlawn Ave & 58th St,1327
rain,weekend,dry,Woodlawn Ave & 75th St,11
rain,weekend,dry,Woodlawn Ave & Lake Park Ave,290
rain,weekend,dry,Yates Blvd & 75th St,24
rain,weekend,dry,Yates Blvd & 93rd St,11
rain,weekend,rainy,2112 W Peterson Ave,74
rain,weekend,rainy,21st St & Pulaski Rd,2
rain,weekend,rainy,63rd St Beach,131
rain,weekend,rainy,900 W Harrison St,351
rain,weekend,rainy,Aberdeen St & 103rd St,4
rain,weekend,rainy,Aberdeen St & Carroll Ave,354
rain,weekend,rainy,Aberdeen St & Jackson Blvd,916
rain,weekend,rainy,Aberdeen St & Monroe St,482
rain,weekend,rainy,Aberdeen St & Randolph St,770
rain,weekend,rainy,Ada St & 113th Place,1
rain,weekend,rainy,Ada St & Washington Blvd,462
rain,weekend,rainy,Addison Red Line,29
rain,weekend,rainy,Addison Red Line Corral,5
rain,weekend,rainy,Addison/Racine,12
rain,weekend,rainy,Addison/Racine Corral,97
rain,weekend,rainy,Addison/Sheffield SE Corral,40
rain,weekend,rainy,Addison/Sheffield SW Corral,49
rain,weekend,rainy,Addison/Wilton Corral,73
rain,weekend,rainy,Adler Planetarium,1385
rain,weekend,rainy,Albany Ave & 16th St,54
rain,weekend,rainy,Albany Ave & 26th St,8
rain,weekend,rainy,Albany Ave & Belmont Ave,65
rain,weekend,rainy,Albany Ave & Bloomingdale Ave,367
rain,weekend,rainy,Albany Ave & Douglas Blvd,39
rain,weekend,rainy,Albany Ave & Montrose Ave,160
rain,weekend,rainy,Altgeld Gardens,4
rain,weekend,rainy,Archer & Wentworth,96
rain,weekend,rainy,Archer (Damen) Ave & 37th St,24
rain,weekend,rainy,Archer Ave & 43rd St,3
rain,weekend,rainy,Archer Ave & 49th St,4
rain,weekend,rainy,Archer Ave & Homan Ave,5
rain,weekend,rainy,Archer Ave & Wentworth Ave,159
rain,weekend,rainy,Artesian Ave & 55th St,6
rain,weekend,rainy,Artesian Ave & 71st St,5
rain,weekend,rainy,Artesian Ave & Hubbard St,151
rain,weekend,rainy,Artesian Ave & Marquette Rd,7
rain,weekend,rainy,Ashland Ave & 13th St,262
rain,weekend,rainy,Ashland Ave & 50th St,17
rain,weekend,rainy,Ashland Ave & 63rd St,5
rain,weekend,rainy,Ashland Ave & 66th St,4
rain,weekend,rainy,Ashland Ave & 74th St,3
rain,weekend,rainy,Ashland Ave & 78th St,7
rain,weekend,rainy,Ashland Ave & Archer Ave,78
rain,weekend,rainy,Ashland Ave & Augusta Blvd,385
rain,weekend,rainy,Ashland Ave & Belle Plaine Ave,255
rain,weekend,rainy,Ashland Ave & Blackhawk St,640
rain,weekend,rainy,Ashland Ave & Chicago Ave,544
rain,weekend,rainy,Ashland Ave & Division St,1069
rain,weekend,rainy,Ashland Ave & Garfield Blvd,1
rain,weekend,rainy,Ashland Ave & Grace St,425
rain,weekend,rainy,Ashland Ave & Grand Ave,391
rain,weekend,rainy,Ashland Ave & Lake St,346
rain,weekend,rainy,Ashland Ave & McDowell Ave,28
rain,weekend,rainy,Ashland Ave & Pershing Rd,34
rain,weekend,rainy,Ashland Ave & Wellington Ave,539
rain,weekend,rainy,Ashland Ave & Wrightwood Ave,468
rain,weekend,rainy,Augusta Blvd & Laramie Ave,3
rain,weekend,rainy,Austin Ave & Milwaukee Ave,11
rain,weekend,rainy,Austin Blvd & Chicago Ave,11
rain,weekend,rainy,Austin Blvd & Lake St,26
rain,weekend,rainy,Austin Blvd & Madison St,22
rain,weekend,rainy,Ave L & 114th,1
rain,weekend,rainy,Avenue O & 118th St,3
rain,weekend,rainy,Avenue O & 134th St,8
rain,weekend,rainy,Avers Ave & 16th St,5
rain,weekend,rainy,Avers Ave & Belmont Ave,221
rain,weekend,rainy,Avers Ave & Foster Ave,16
rain,weekend,rainy,Avondale Ave & Irving Park Rd,175
rain,weekend,rainy,Baltimore Ave & 133rd St,5
rain,weekend,rainy,Baltimore Ave & 87th St,5
rain,weekend,rainy,Bennett Ave & 79th St,2
rain,weekend,rainy,Benson Ave & Church St,469
rain,weekend,rainy,Bernard St & Elston Ave,85
rain,weekend,rainy,Bernard St & Peterson Ave,21
rain,weekend,rainy,Big Marsh Park,31
rain,weekend,rainy,Bissell St & Armitage Ave*,1102
rain,weekend,rainy,Blackstone Ave & 59th St,550
rain,weekend,rainy,Blackstone Ave & Hyde Park Blvd,329
rain,weekend,rainy,Blue Island Ave & 18th St,482
rain,weekend,rainy,Bosworth Ave & Howard St,72
rain,weekend,rainy,Bradley Park,7
rain,weekend,rainy,Broadway & Argyle St,579
rain,weekend,rainy,Broadway & Barry Ave,1730
rain,weekend,rainy,Broadway & Belmont Ave,1187
rain,weekend,rainy,Broadway & Berwyn Ave,576
rain,weekend,rainy,Broadway & Cornelia Ave,1717
rain,weekend,rainy,Broadway & Cuyler Ave,46
rain,weekend,rainy,Broadway & Granville Ave,670
rain,weekend,rainy,Broadway & Oakdale Ave,390
rain,weekend,rainy,Broadway & Ridge Ave,436
rain,weekend,rainy,Broadway & Roscoe Ave,77
rain,weekend,rainy,Broadway & Sheridan Rd,1170
rain,weekend,rainy,Broadway & Sunnyside Ave,214
rain,weekend,rainy,Broadway & Thorndale Ave,619
rain,weekend,rainy,Broadway & Waveland Ave,1649
rain,weekend,rainy,Broadway & Wilson Ave,835
rain,weekend,rainy,Buckingham Fountain,953
rain,weekend,rainy,Budlong Woods Library,84
rain,weekend,rainy,Burley Ave & 85th St,10
rain,weekend,rainy,Burley Ave & 91st St,9
rain,weekend,rainy,Burling St & Armitage Ave,79
rain,weekend,rainy,Burling St & Diversey Pkwy,1060
rain,weekend,rainy,Burnham Greenway & 105th St,8
rain,weekend,rainy,Burnham Greenway & 112th St,20
rain,weekend,rainy,Burnham Harbor,1041
rain,weekend,rainy,California & 16th St,50
rain,weekend,rainy,California Ave & 21st St,89
rain,weekend,rainy,California Ave & 23rd Pl,42
rain,weekend,rainy,California Ave & 26th St,6
rain,weekend,rainy,California Ave & 36th St,5
rain,weekend,rainy,California Ave & 41st St,23
rain,weekend,rainy,California Ave & 71st St,12
rain,weekend,rainy,California Ave & Altgeld St,258
rain,weekend,rainy,California Ave & Byron St,195
rain,weekend,rainy,California Ave & Cortez St,454
rain,weekend,rainy,California Ave & Division St,356
rain,weekend,rainy,California Ave & Fletcher St,277
rain,weekend,rainy,California Ave & Francis Pl,384
rain,weekend,rainy,California Ave & Granville Ave,96
rain,weekend,rainy,California Ave & Lake St,33
rain,weekend,rainy,California Ave & Madison St,19
rain,weekend,rainy,California Ave & Marquette Rd,8
rain,weekend,rainy,California Ave & Milwaukee Ave,895
rain,weekend,rainy,California Ave & Montrose Ave,284
rain,weekend,rainy,California Ave & North Ave,311
rain,weekend,rainy,California Ave & Touhy Ave,17
rain,weekend,rainy,California Ave & Winona St,36
rain,weekend,rainy,Calumet Ave & 18th St,821
rain,weekend,rainy,Calumet Ave & 21st St,450
rain,weekend,rainy,Calumet Ave & 33rd St,262
rain,weekend,rainy,Calumet Ave & 35th St,143
rain,weekend,rainy,Calumet Ave & 51st St,55
rain,weekend,rainy,Calumet Ave & 71st St,3
rain,weekend,rainy,Calumet Park,17
rain,weekend,rainy,Campbell Ave & 51st St,8
rain,weekend,rainy,Campbell Ave & Augusta Blvd,183
rain,weekend,rainy,Campbell Ave & Fullerton Ave,262
rain,weekend,rainy,Campbell Ave & Irving Park Rd,61
rain,weekend,rainy,Campbell Ave & Montrose Ave,239
rain,weekend,rainy,Campbell Ave & North Ave,474
rain,weekend,rainy,Canal St & Adams St,528
rain,weekend,rainy,Canal St & Harrison St,128
rain,weekend,rainy,Canal St & Jackson Blvd,211
rain,weekend,rainy,Canal St & Madison St,809
rain,weekend,rainy,Canal St & Monroe St,229
rain,weekend,rainy,Canal St & Taylor St,378
rain,weekend,rainy,Cannon Dr & Fullerton Ave,624
rain,weekend,rainy,Carpenter St & Fulton St,21
rain,weekend,rainy,Carpenter St & Huron St,585
rain,weekend,rainy,Central & Elston,10
rain,weekend,rainy,Central Ave & Altgeld St,11
rain,weekend,rainy,Central Ave & Chicago Ave,15
rain,weekend,rainy,Central Ave & Harrison St,9
rain,weekend,rainy,Central Ave & Lake St,15
rain,weekend,rainy,Central Ave & Madison St,8
rain,weekend,rainy,Central Ave & Parker Ave,7
rain,weekend,rainy,Central Ave & Roscoe St,9
rain,weekend,rainy,Central Ave & Wellington Ave,9
rain,weekend,rainy,Central Park & Augusta Blvd,31
rain,weekend,rainy,Central Park Ave & 24th St,25
rain,weekend,rainy,Central Park Ave & 66th St,1
rain,weekend,rainy,Central Park Ave & Ardmore Ave,39
rain,weekend,rainy,Central Park Ave & Bloomingdale Ave,210
rain,weekend,rainy,Central Park Ave & Douglas Blvd,13
rain,weekend,rainy,Central Park Ave & Elbridge Ave,322
rain,weekend,rainy,Central Park Ave & North Ave,95
rain,weekend,rainy,Central Park Ave & Ogden Ave,47
rain,weekend,rainy,Central Park Ave & Ohio St,12
rain,weekend,rainy,Central Park Ave & Washington Blvd,17
rain,weekend,rainy,Central Park Blvd & 5th Ave,24
rain,weekend,rainy,Central St & Girard Ave,100
rain,weekend,rainy,Central St Metra,129
rain,weekend,rainy,Cherry Ave & Blackhawk St,45
rain,weekend,rainy,Chicago Ave & Sheridan Rd,414
rain,weekend,rainy,Chicago Ave & Washington St,232
rain,weekend,rainy,Chicago State University,10
rain,weekend,rainy,Christiana Ave & Lawrence Ave,152
rain,weekend,rainy,Cicero Ave & Flournoy St,2
rain,weekend,rainy,Cicero Ave & Lake St,2
rain,weekend,rainy,Cicero Ave & Quincy St,2
rain,weekend,rainy,Cicero Ave & Roscoe Ave,20
rain,weekend,rainy,Cicero Ave & Wellington Ave,8
rain,weekend,rainy,Cicero Ave & Wrightwood Ave,34
rain,weekend,rainy,Cityfront Plaza Dr & Pioneer Ct,922
rain,weekend,rainy,Claremont Ave & Hirsch St,163
rain,weekend,rainy,Clarendon Ave & Gordon Ter,1156
rain,weekend,rainy,Clarendon Ave & Junior Ter,1078
rain,weekend,rainy,Clarendon Ave & Leland Ave,580
rain,weekend,rainy,Clark St & 9th St (AMLI),353
rain,weekend,rainy,Clark St & Arlington Pl,349
rain,weekend,rainy,Clark St & Armitage Ave,2452
rain,weekend,rainy,Clark St & Berwyn Ave,1039
rain,weekend,rainy,Clark St & Bryn Mawr Ave,675
rain,weekend,rainy,Clark St & Chicago Ave,867
rain,weekend,rainy,Clark St & Columbia Ave,174
rain,weekend,rainy,Clark St & Drummond Pl,1397
rain,weekend,rainy,Clark St & Eddy St,228
rain,weekend,rainy,Clark St & Elm St,2541
rain,weekend,rainy,Clark St & Elmdale Ave,247
rain,weekend,rainy,Clark St & Fletcher St,48
rain,weekend,rainy,Clark St & Grace St,991
rain,weekend,rainy,Clark St & Ida B Wells Dr,376
rain,weekend,rainy,Clark St & Jarvis Ave,126
rain,weekend,rainy,Clark St & Lake St,1082
rain,weekend,rainy,Clark St & Leland Ave,798
rain,weekend,rainy,Clark St & Lincoln Ave,2521
rain,weekend,rainy,Clark St & Lunt Ave,204
rain,weekend,rainy,Clark St & Montrose Ave,630
rain,weekend,rainy,Clark St & Newport St,1716
rain,weekend,rainy,Clark St & North Ave,1080
rain,weekend,rainy,Clark St & Schiller St,1406
rain,weekend,rainy,Clark St & Schreiber Ave,287
rain,weekend,rainy,Clark St & Touhy Ave,87
rain,weekend,rainy,Clark St & Washington St,2
rain,weekend,rainy,Clark St & Wellington Ave,1109
rain,weekend,rainy,Clark St & Winnemac Ave,1200
rain,weekend,rainy,Clark St & Wrightwood Ave,1633
rain,weekend,rainy,Clark/Eddy,36
rain,weekend,rainy,Clark/Newport,22
rain,weekend,rainy,Clark/Newport Corral,102
rain,weekend,rainy,Clark/Racine,6
rain,weekend,rainy,Clark/Racine Corral,39
rain,weekend,rainy,Clifton Ave & Armitage Ave,802
rain,weekend,rainy,Clinton St & 18th St,223
rain,weekend,rainy,Clinton St & Jackson Blvd,684
rain,weekend,rainy,Clinton St & Lake St,868
rain,weekend,rainy,Clinton St & Madison St,1161
rain,weekend,rainy,Clinton St & Polk St,75
rain,weekend,rainy,Clinton St & Roosevelt Rd,449
rain,weekend,rainy,Clinton St & Tilden St,282
rain,weekend,rainy,Clinton St & Washington Blvd,447
rain,weekend,rainy,Clybourn Ave & Division St,357
rain,weekend,rainy,Clyde Ave & 87th St,10
rain,weekend,rainy,Columbus Ave & 79th St,3
rain,weekend,rainy,Columbus Ave & 83rd Pl,3
rain,weekend,rainy,Columbus Dr & Randolph St,1393
rain,weekend,rainy,Commercial Ave & 100th St,1
rain,weekend,rainy,Commercial Ave & 130th St,5
rain,weekend,rainy,Commercial Ave & 83rd St,12
rain,weekend,rainy,Commercial Ave & 90th St,2
rain,weekend,rainy,Commercial Ave & 97th St,4
rain,weekend,rainy,Conservatory Dr & Lake St,47
rain,weekend,rainy,Constance Ave & 95th St,6
rain,weekend,rainy,Cornell Ave & Hyde Park Blvd,523
rain,weekend,rainy,Cottage Grove Ave & 111th Pl,7
rain,weekend,rainy,Cottage Grove Ave & 43rd St,74
rain,weekend,rainy,Cottage Grove Ave & 47th St,45
rain,weekend,rainy,Cottage Grove Ave & 49th St,11
rain,weekend,rainy,Cottage Grove Ave & 51st St,79
rain,weekend,rainy,Cottage Grove Ave & 63rd St,55
rain,weekend,rainy,Cottage Grove Ave & 67th St,46
rain,weekend,rainy,Cottage Grove Ave & 71st St,6
rain,weekend,rainy,Cottage Grove Ave & 78th St,3
rain,weekend,rainy,Cottage Grove Ave & 83rd St,12
rain,weekend,rainy,Cottage Grove Ave & Oakwood Blvd,105
rain,weekend,rainy,Cumberland Ave & Catherine Ave,32
rain,weekend,rainy,Daley Center Plaza,1037
rain,weekend,rainy,Daley Center Plaza Corral,9
rain,weekend,rainy,Damen Ave & 33rd St,5
rain,weekend,rainy,Damen Ave & 51st St,2
rain,weekend,rainy,Damen Ave & 59th St,8
rain,weekend,rainy,Damen Ave & 74th St,2
rain,weekend,rainy,Damen Ave & 77th St,4
rain,weekend,rainy,Damen Ave & 81st St,14
rain,weekend,rainy,Damen Ave & 87th St,4
rain,weekend,rainy,Damen Ave & Charleston St,490
rain,weekend,rainy,Damen Ave & Chicago Ave,997
rain,weekend,rainy,Damen Ave & Clybourn Ave,386
rain,weekend,rainy,Damen Ave & Cortland St,1000
rain,weekend,rainy,Damen Ave & Cullerton St,213
rain,weekend,rainy,Damen Ave & Division St,767
rain,weekend,rainy,Damen Ave & Evergreen Ave,19
rain,weekend,rainy,Damen Ave & Foster Ave,466
rain,weekend,rainy,Damen Ave & Grand Ave,370
rain,weekend,rainy,Damen Ave & Lake St,255
rain,weekend,rainy,Damen Ave & Leland Ave,550
rain,weekend,rainy,Damen Ave & Madison St,209
rain,weekend,rainy,Damen Ave & Melrose Ave,393
rain,weekend,rainy,Damen Ave & Ohio St,18
rain,weekend,rainy,Damen Ave & Pershing Rd,29
rain,weekend,rainy,Damen Ave & Pierce Ave,1266
rain,weekend,rainy,Damen Ave & St Paul Ave,37
rain,weekend,rainy,Damen Ave & Sunnyside Ave,364
rain,weekend,rainy,Damen Ave & Thomas St (Augusta Blvd),630
rain,weekend,rainy,Damen Ave & Wabansia Ave,212
rain,weekend,rainy,Damen Ave & Wellington Ave,418
rain,weekend,rainy,Damen Ave & Wicker Park Ave,553
rain,weekend,rainy,Damen Ave/Coulter St,63
rain,weekend,rainy,Dan Ryan Woods & 83rd St,22
rain,weekend,rainy,Dauphin Ave & 103rd St,3
rain,weekend,rainy,Dauphin Ave & 87th St,1
rain,weekend,rainy,Dayton St & North Ave,913
rain,weekend,rainy,Dearborn Pkwy & Delaware Pl,1764
rain,weekend,rainy,Dearborn St & Adams St,454
rain,weekend,rainy,Dearborn St & Adams St Corral,12
rain,weekend,rainy,Dearborn St & Division St,238
rain,weekend,rainy,Dearborn St & Erie St,1846
rain,weekend,rainy,Dearborn St & Madison St,9
rain,weekend,rainy,Dearborn St & Maple St,180
rain,weekend,rainy,Dearborn St & Monroe St,749
rain,weekend,rainy,Dearborn St & Van Buren St,537
rain,weekend,rainy,Dearborn St & Washington St,4
rain,weekend,rainy,Delano Ct & Roosevelt Rd,551
rain,weekend,rainy,Desplaines St & Jackson Blvd,777
rain,weekend,rainy,Desplaines St & Kinzie St,1505
rain,weekend,rainy,Desplaines St & Randolph St,472
rain,weekend,rainy,Dodge Ave & Church St,52
rain,weekend,rainy,Dodge Ave & Main St,44
rain,weekend,rainy,Dodge Ave & Mulford St,55
rain,weekend,rainy,Dorchester Ave & 49th St,92
rain,weekend,rainy,Dorchester Ave & 53rd St,21
rain,weekend,rainy,Dorchester Ave & 63rd St,88
rain,weekend,rainy,Doty Ave & 111th St,4
rain,weekend,rainy,Drake Ave & Addison St,78
rain,weekend,rainy,Drake Ave & Montrose Ave,119
rain,weekend,rainy,Drexel Ave & 60th St,318
rain,weekend,rainy,DuSable Lake Shore Dr & Belmont Ave,1765
rain,weekend,rainy,DuSable Lake Shore Dr & Diversey Pkwy,2006
rain,weekend,rainy,DuSable Lake Shore Dr & Monroe St,4816
rain,weekend,rainy,DuSable Lake Shore Dr & North Blvd,4004
rain,weekend,rainy,DuSable Lake Shore Dr & Wellington Ave,1475
rain,weekend,rainy,DuSable Museum,38
rain,weekend,rainy,Dusable Harbor,2617
rain,weekend,rainy,East End Ave & 87th St,9
rain,weekend,rainy,Eastlake Ter & Howard St,121
rain,weekend,rainy,Eberhart Ave & 131st St,2
rain,weekend,rainy,Eberhart Ave & 61st St,14
rain,weekend,rainy,Eberhart Ave & 91st St,11
rain,weekend,rainy,Eckhart Park,535
rain,weekend,rainy,Eddy/Seminary Corral,104
rain,weekend,rainy,Edgebrook Metra,17
rain,weekend,rainy,Eggleston Ave & 111th St,3
rain,weekend,rainy,Eggleston Ave & 115th St,1
rain,weekend,rainy,Eggleston Ave & 69th St,7
rain,weekend,rainy,Eggleston Ave & 92nd St,8
rain,weekend,rainy,Elizabeth St & 47th St,6
rain,weekend,rainy,Elizabeth St & 92nd St,3
rain,weekend,rainy,Elizabeth St & Fulton St,288
rain,weekend,rainy,Elizabeth St & Randolph St,639
rain,weekend,rainy,Ellis Ave & 53rd St,451
rain,weekend,rainy,Ellis Ave & 55th St,1123
rain,weekend,rainy,Ellis Ave & 58th St,235
rain,weekend,rainy,Ellis Ave & 60th St,1171
rain,weekend,rainy,Ellis Ave & 83rd St,6
rain,weekend,rainy,Elmwood Ave & Austin St,84
rain,weekend,rainy,Elston Ave & Carmen Ave,27
rain,weekend,rainy,Elston Ave & Cortland St,637
rain,weekend,rainy,Elston Ave & George St,107
rain,weekend,rainy,Elston Ave & Henderson St,65
rain,weekend,rainy,Elston Ave & Wabansia Ave,228
rain,weekend,rainy,Emerald Ave & 28th St,147
rain,weekend,rainy,Emerald Ave & 31st St,316
rain,weekend,rainy,Evans Ave & 75th St,5
rain,weekend,rainy,Evanston Civic Center,109
rain,weekend,rainy,Ewing Ave & 106th St,8
rain,weekend,rainy,Ewing Ave & 98th St,9
rain,weekend,rainy,Ewing Ave & Burnham Greenway,6
rain,weekend,rainy,Exchange Ave & 79th St,15
rain,weekend,rainy,Fairbanks Ct & Grand Ave,1324
rain,weekend,rainy,Fairbanks St & Superior St,393
rain,weekend,rainy,Fairfield Ave & 44th St,26
rain,weekend,rainy,Fairfield Ave & Pratt Blvd,33
rain,weekend,rainy,Fairfield Ave & Roosevelt Rd,46
rain,weekend,rainy,Farragut Ave & Central Ave,25
rain,weekend,rainy,Federal St & Polk St,1231
rain,weekend,rainy,Field Blvd & South Water St,1206
rain,weekend,rainy,Field Museum,1583
rain,weekend,rainy,Financial Pl & Ida B Wells Dr,451
rain,weekend,rainy,Fort Dearborn Dr & 31st St,189
rain,weekend,rainy,Fort Dearborn Dr & 31st St*,515
rain,weekend,rainy,Francisco Ave & 47th St,9
rain,weekend,rainy,Francisco Ave & 85th St,9
rain,weekend,rainy,Francisco Ave & Bloomingdale Ave,66
rain,weekend,rainy,Francisco Ave & Chicago Ave,158
rain,weekend,rainy,Francisco Ave & Foster Ave,183
rain,weekend,rainy,Francisco Ave & Hollywood Ave,5
rain,weekend,rainy,Francisco Ave & Montrose Ave,81
rain,weekend,rainy,Franklin St & Adams St,283
rain,weekend,rainy,Franklin St & Adams St (Temp),62
rain,weekend,rainy,Franklin St & Adams St Corral,9
rain,weekend,rainy,Franklin St & Chicago Ave,754
rain,weekend,rainy,Franklin St & Illinois St,978
rain,weekend,rainy,Franklin St & Jackson Blvd,799
rain,weekend,rainy,Franklin St & Lake St,614
rain,weekend,rainy,Franklin St & Madison St,8
rain,weekend,rainy,Franklin St & Monroe St,217
rain,weekend,rainy,Franklin St & Monroe St Corral,1
rain,weekend,rainy,Franklin St & Washington St,99
rain,weekend,rainy,Fullerton & Monitor,2
rain,weekend,rainy,Fulton Market,248
rain,weekend,rainy,Glenwood Ave & Morse Ave,407
rain,weekend,rainy,Glenwood Ave & Touhy Ave,132
rain,weekend,rainy,Grace St & Central Ave,10
rain,weekend,rainy,Grace St & Cicero Ave,30
rain,weekend,rainy,Grace/Sheffield,5
rain,weekend,rainy,Grace/Sheffield Corral,55
rain,weekend,rainy,Granville Ave & Clark St,8
rain,weekend,rainy,Granville Ave & Pulaski Rd,4
rain,weekend,rainy,Green St & Chicago Ave,112
rain,weekend,rainy,Green St & Lake St,276
rain,weekend,rainy,Green St & Madison St,1409
rain,weekend,rainy,Green St & Randolph St*,644
rain,weekend,rainy,Green St & Washington Blvd,535
rain,weekend,rainy,Greenview Ave & Diversey Pkwy,481
rain,weekend,rainy,Greenview Ave & Fullerton Ave,706
rain,weekend,rainy,Greenview Ave & Jarvis Ave,247
rain,weekend,rainy,Greenwood Ave & 47th St,124
rain,weekend,rainy,Greenwood Ave & 79th St,1
rain,weekend,rainy,Greenwood Ave & 91st St,5
rain,weekend,rainy,Greenwood Ave & 97th St,6
rain,weekend,rainy,Griffin Museum of Science and Industry,573
rain,weekend,rainy,Hale Ave & 107th St,5
rain,weekend,rainy,Halsted St & 104th St,10
rain,weekend,rainy,Halsted St & 111th St,3
rain,weekend,rainy,Halsted St & 119th St,3
rain,weekend,rainy,Halsted St & 123rd St,3
rain,weekend,rainy,Halsted St & 18th St,318
rain,weekend,rainy,Halsted St & 21st St,152
rain,weekend,rainy,Halsted St & 35th St,213
rain,weekend,rainy,Halsted St & 37th St,46
rain,weekend,rainy,Halsted St & 47th Pl,20
rain,weekend,rainy,Halsted St & 51st St,21
rain,weekend,rainy,Halsted St & 56th St,4
rain,weekend,rainy,Halsted St & 59th St,7
rain,weekend,rainy,Halsted St & 63rd St,4
rain,weekend,rainy,Halsted St & 69th St,10
rain,weekend,rainy,Halsted St & 73rd St,2
rain,weekend,rainy,Halsted St & 78th St,7
rain,weekend,rainy,Halsted St & 83rd St,1
rain,weekend,rainy,Halsted St & 93rd St,3
rain,weekend,rainy,Halsted St & 96th St,20
rain,weekend,rainy,Halsted St & Archer Ave,216
rain,weekend,rainy,Halsted St & Armitage Ave,126
rain,weekend,rainy,Halsted St & Belden St,155
rain,weekend,rainy,Halsted St & Clybourn Ave,1379
rain,weekend,rainy,Halsted St & Dickens Ave,1189
rain,weekend,rainy,Halsted St & Fulton St,974
rain,weekend,rainy,Halsted St & Lake St,99
rain,weekend,rainy,Halsted St & Maxwell St,492
rain,weekend,rainy,Halsted St & Melrose St,25
rain,weekend,rainy,Halsted St & North Branch St,61
rain,weekend,rainy,Halsted St & Polk St,461
rain,weekend,rainy,Halsted St & Roosevelt Rd,254
rain,weekend,rainy,Halsted St & Roscoe St,1520
rain,weekend,rainy,Halsted St & Willow St,779
rain,weekend,rainy,Halsted St & Wrightwood Ave,1292
rain,weekend,rainy,Hamilton Park,7
rain,weekend,rainy,Hamlin Ave & 62nd Pl,9
rain,weekend,rainy,Hamlin Ave & Grand Ave,7
rain,weekend,rainy,Hampden Ct & Diversey Ave,241
rain,weekend,rainy,Hampden Ct & Diversey Pkwy,346
rain,weekend,rainy,Harding Ave & 26th St,10
rain,weekend,rainy,Harding Ave & 31st St,3
rain,weekend,rainy,Harding Ave & Chicago Ave,7
rain,weekend,rainy,Harding Ave & Division St,7
rain,weekend,rainy,Harlem Ave & Bloomingdale Ave,15
rain,weekend,rainy,Harlem Ave & Grace St,8
rain,weekend,rainy,Harlem Ave & Irving Park Rd,32
rain,weekend,rainy,Harper Ave & 55th St,27
rain,weekend,rainy,Harper Ave & 59th St,162
rain,weekend,rainy,Hastings LWS,65
rain,weekend,rainy,Hastings St Depot LWS,4
rain,weekend,rainy,Hegewisch Metra Station,3
rain,weekend,rainy,Hermitage Ave & Polk St,161
rain,weekend,rainy,Higgins Ave & Austin Ave,20
rain,weekend,rainy,Homan Ave & 26th St,9
rain,weekend,rainy,Homan Ave & 65th St,1
rain,weekend,rainy,Homan Ave & 77th St,3
rain,weekend,rainy,Homan Ave & Arthington Ave,8
rain,weekend,rainy,Homan Ave & Fillmore St,2
rain,weekend,rainy,Homewood Ave & 115th St,10
rain,weekend,rainy,Honore St & Division St,863
rain,weekend,rainy,Houston Ave & 92nd St,8
rain,weekend,rainy,Hoyne Ave & 34th St,31
rain,weekend,rainy,Hoyne Ave & 47th St,42
rain,weekend,rainy,Hoyne Ave & Balmoral Ave,230
rain,weekend,rainy,Hudson Ave & Armitage Ave,141
rain,weekend,rainy,Humboldt Blvd & Armitage Ave,468
rain,weekend,rainy,Hyacinth Ave & Milwaukee Ave,28
rain,weekend,rainy,Indiana Ave & 103rd St,13
rain,weekend,rainy,Indiana Ave & 133rd St,2
rain,weekend,rainy,Indiana Ave & 26th St,184
rain,weekend,rainy,Indiana Ave & 31st St,160
rain,weekend,rainy,Indiana Ave & 40th St,24
rain,weekend,rainy,Indiana Ave & Roosevelt Rd,2049
rain,weekend,rainy,Jefferson St & Monroe St,422
rain,weekend,rainy,Jeffery Blvd & 67th St,47
rain,weekend,rainy,Jeffery Blvd & 71st St,31
rain,weekend,rainy,Jeffery Blvd & 76th St,4
rain,weekend,rainy,Karlov Ave & Armitage Ave,43
rain,weekend,rainy,Karlov Ave & Fillmore St,1
rain,weekend,rainy,Karlov Ave & Lawrence Ave,33
rain,weekend,rainy,Karlov Ave & Madison St,5
rain,weekend,rainy,Kedvale Ave & Peterson Ave,13
rain,weekend,rainy,Kedzie Ave & 104th St,6
rain,weekend,rainy,Kedzie Ave & 110th St,6
rain,weekend,rainy,Kedzie Ave & 21st St,57
rain,weekend,rainy,Kedzie Ave & 24th St,10
rain,weekend,rainy,Kedzie Ave & 38th Pl,3
rain,weekend,rainy,Kedzie Ave & 48th Pl,57
rain,weekend,rainy,Kedzie Ave & 52nd St,6
rain,weekend,rainy,Kedzie Ave & 54th Pl,13
rain,weekend,rainy,Kedzie Ave & 57th St,49
rain,weekend,rainy,Kedzie Ave & 60th St,18
rain,weekend,rainy,Kedzie Ave & 66th Pl,4
rain,weekend,rainy,Kedzie Ave & 73rd St,6
rain,weekend,rainy,Kedzie Ave & 83rd St,6
rain,weekend,rainy,Kedzie Ave & Archer Ave,22
rain,weekend,rainy,Kedzie Ave & Armitage Ave,68
rain,weekend,rainy,Kedzie Ave & Bryn Mawr Ave,77
rain,weekend,rainy,Kedzie Ave & Chicago Ave,72
rain,weekend,rainy,Kedzie Ave & Foster Ave,73
rain,weekend,rainy,Kedzie Ave & George St,137
rain,weekend,rainy,Kedzie Ave & Harrison St,4
rain,weekend,rainy,Kedzie Ave & Jackson Blvd,14
rain,weekend,rainy,Kedzie Ave & Lake St,24
rain,weekend,rainy,Kedzie Ave & Leland Ave,149
rain,weekend,rainy,Kedzie Ave & Milwaukee Ave,1041
rain,weekend,rainy,Kedzie Ave & Palmer Ct,373
rain,weekend,rainy,Kedzie Ave & Redfield Dr,3
rain,weekend,rainy,Kedzie Ave & Roosevelt Rd,9
rain,weekend,rainy,Keeler Ave & Carmen Ave,48
rain,weekend,rainy,Keeler Ave & Roosevelt Rd,4
rain,weekend,rainy,Kenmore Ave & School St,7
rain,weekend,rainy,Kenneth Ave & 50th St,1
rain,weekend,rainy,Kenneth Ave & Lawrence Ave,57
rain,weekend,rainy,Kenosha Ave & Wellington Ave,18
rain,weekend,rainy,Kenton Ave & Madison St,2
rain,weekend,rainy,Kenwood Ave & 57th St,7
rain,weekend,rainy,Keystone Ave & Fullerton Ave,53
rain,weekend,rainy,Keystone Ave & Montrose Ave,67
rain,weekend,rainy,Kilbourn Ave & 49th St,3
rain,weekend,rainy,Kilbourn Ave & Belden Ave,39
rain,weekend,rainy,Kilbourn Ave & Diversey Ave,44
rain,weekend,rainy,Kilbourn Ave & Irving Park Rd,28
rain,weekend,rainy,Kilbourn Ave & Milwaukee Ave,13
rain,weekend,rainy,Kilbourn Ave & Roscoe St,26
rain,weekend,rainy,Kildare & Cermak,4
rain,weekend,rainy,Kildare Ave & 26th St,2
rain,weekend,rainy,Kildare Ave & 47th St,2
rain,weekend,rainy,Kildare Ave & 55th St,5
rain,weekend,rainy,Kildare Ave & 85th St (Kostner Ave & 87th St TEMPORARY),7
rain,weekend,rainy,Kildare Ave & Archer Ave,2
rain,weekend,rainy,Kildare Ave & Chicago Ave,6
rain,weekend,rainy,Kildare Ave & Division St,6
rain,weekend,rainy,Kildare Ave & Montrose Ave,55
rain,weekend,rainy,Kildare Ave & North Ave,24
rain,weekend,rainy,Kilpatrick Ave & Grand Ave,18
rain,weekend,rainy,Kilpatrick Ave & Parker Ave,15
rain,weekend,rainy,Kimball Ave & Belmont Ave,317
rain,weekend,rainy,Kimbark Ave & 53rd St,968
rain,weekend,rainy,Kingsbury St & Erie St,1258
rain,weekend,rainy,Kingsbury St & Kinzie St,2680
rain,weekend,rainy,Kingsbury St & Kinzie St 1,7
rain,weekend,rainy,Kingsbury St & Kinzie St 2,9
rain,weekend,rainy,Knox Ave & Marquette Ave,7
rain,weekend,rainy,Knox Ave & Montrose Ave,60
rain,weekend,rainy,Komensky Ave & 31st St,7
rain,weekend,rainy,Komensky Ave & 47th St,7
rain,weekend,rainy,Komensky Ave & 55th St,3
rain,weekend,rainy,Kosciuszko Park,173
rain,weekend,rainy,Kostner Ave & 63rd St,4
rain,weekend,rainy,Kostner Ave & Adams St,4
rain,weekend,rainy,Kostner Ave & Belmont Ave,28
rain,weekend,rainy,Kostner Ave & Bryn Mawr Ave,32
rain,weekend,rainy,Kostner Ave & Devon Ave,30
rain,weekend,rainy,Kostner Ave & Lake St,2
rain,weekend,rainy,Kostner Ave & Wrightwood Ave,63
rain,weekend,rainy,La Villita Park,11
rain,weekend,rainy,LaSalle Dr & Huron St,776
rain,weekend,rainy,LaSalle St & Adams St,256
rain,weekend,rainy,LaSalle St & Adams St Corral,7
rain,weekend,rainy,LaSalle St & Calhoun Pl,37
rain,weekend,rainy,LaSalle St & Calhoun Pl Corral,10
rain,weekend,rainy,LaSalle St & Illinois St,1577
rain,weekend,rainy,LaSalle St & Jackson Blvd,265
rain,weekend,rainy,LaSalle St & Jackson Blvd Corral,24
rain,weekend,rainy,LaSalle St & Washington St,302
rain,weekend,rainy,LaSalle St & Washington St Corral,2
rain,weekend,rainy,LaSalle St & Washington St Corral N,5
rain,weekend,rainy,Laflin St & 115th St,4
rain,weekend,rainy,Laflin St & Cullerton St,232
rain,weekend,rainy,Lake Park Ave & 35th St,221
rain,weekend,rainy,Lake Park Ave & 47th St,179
rain,weekend,rainy,Lake Park Ave & 53rd St,554
rain,weekend,rainy,Lake Park Ave & 56th St,347
rain,weekend,rainy,Lakefront Trail & Bryn Mawr Ave,1191
rain,weekend,rainy,Lakefront Trail & Wilson Ave,810
rain,weekend,rainy,Lakeview Ave & Fullerton Pkwy,1508
rain,weekend,rainy,Lamon Ave & 47th St,9
rain,weekend,rainy,Lamon Ave & Armitage Ave,7
rain,weekend,rainy,Lamon Ave & Belmont Ave,8
rain,weekend,rainy,Lamon Ave & Chicago Ave,8
rain,weekend,rainy,Laramie Ave & Addison St,21
rain,weekend,rainy,Laramie Ave & Bloomingdale Ave,10
rain,weekend,rainy,Laramie Ave & Gladys Ave,4
rain,weekend,rainy,Laramie Ave & Irving Park Rd,47
rain,weekend,rainy,Laramie Ave & Kinzie St,9
rain,weekend,rainy,Laramie Ave & Madison St,4
rain,weekend,rainy,Larrabee St & Armitage Ave,736
rain,weekend,rainy,Larrabee St & Chicago Ave,18
rain,weekend,rainy,Larrabee St & Clybourn Ave,69
rain,weekend,rainy,Larrabee St & Division St,696
rain,weekend,rainy,Larrabee St & Kingsbury St,776
rain,weekend,rainy,Larrabee St & Kingsbury St 1,18
rain,weekend,rainy,Larrabee St & Kingsbury St 2,4
rain,weekend,rainy,Larrabee St & Menomonee St,397
rain,weekend,rainy,Larrabee St & North Ave,377
rain,weekend,rainy,Larrabee St & Oak St,482
rain,weekend,rainy,Larrabee St & Webster Ave,1550
rain,weekend,rainy,Latrobe Ave & Chicago Ave,6
rain,weekend,rainy,Lavergne Ave & 44th St,3
rain,weekend,rainy,Lavergne Ave & 46th St,3
rain,weekend,rainy,Lavergne Ave & Diversey Ave,16
rain,weekend,rainy,Lavergne Ave & Division St,6
rain,weekend,rainy,Lavergne Ave & Fullerton Ave,19
rain,weekend,rainy,Lavergne Ave & Lawrence Ave,27
rain,weekend,rainy,Lawler Ave & 50th St,10
rain,weekend,rainy,Lawler Ave & North Ave,9
rain,weekend,rainy,Lawndale Ave & 111th St,5
rain,weekend,rainy,Lawndale Ave & 16th St,6
rain,weekend,rainy,Lawndale Ave & 30th St,17
rain,weekend,rainy,Lawndale Ave & 59th St,9
rain,weekend,rainy,Le Mai Ave & Devon Ave,4
rain,weekend,rainy,Leamington Ave & Hirsch St,8
rain,weekend,rainy,Leavitt St & Addison St,244
rain,weekend,rainy,Leavitt St & Archer Ave,56
rain,weekend,rainy,Leavitt St & Armitage Ave,481
rain,weekend,rainy,Leavitt St & Augusta Blvd,63
rain,weekend,rainy,Leavitt St & Belmont Ave,389
rain,weekend,rainy,Leavitt St & Chicago Ave,420
rain,weekend,rainy,Leavitt St & Division St,237
rain,weekend,rainy,Leavitt St & Hirsch St,51
rain,weekend,rainy,Leavitt St & Lawrence Ave,317
rain,weekend,rainy,Leavitt St & North Ave,441
rain,weekend,rainy,Leavitt St/North Ave,150
rain,weekend,rainy,Leclaire Ave & Belmont Ave,19
rain,weekend,rainy,Lexington St & California Ave,20
rain,weekend,rainy,Lincoln Ave & Addison St,376
rain,weekend,rainy,Lincoln Ave & Balmoral Ave,49
rain,weekend,rainy,Lincoln Ave & Belle Plaine Ave,435
rain,weekend,rainy,Lincoln Ave & Byron St,405
rain,weekend,rainy,Lincoln Ave & Dickens Ave,159
rain,weekend,rainy,Lincoln Ave & Diversey Pkwy,967
rain,weekend,rainy,Lincoln Ave & Fullerton Ave,1494
rain,weekend,rainy,Lincoln Ave & Melrose St,733
rain,weekend,rainy,Lincoln Ave & Montana St,156
rain,weekend,rainy,Lincoln Ave & Peterson Ave,72
rain,weekend,rainy,Lincoln Ave & Roscoe St*,605
rain,weekend,rainy,Lincoln Ave & Sunnyside Ave,492
rain,weekend,rainy,Lincoln Ave & Waveland Ave,378
rain,weekend,rainy,Lincoln Ave & Winona St,180
rain,weekend,rainy,Lincoln Park Conservatory,1365
rain,weekend,rainy,Lincolnwood Dr & Central St,44
rain,weekend,rainy,Linder Ave & Montrose Ave,21
rain,weekend,rainy,Lock St & 31st St,28
rain,weekend,rainy,Lockwood Ave & Grand Ave,15
rain,weekend,rainy,Lockwood Ave & Wrightwood Ave,50
rain,weekend,rainy,Logan Blvd & Elston Ave,408
rain,weekend,rainy,Long & Irving Park,19
rain,weekend,rainy,Long Ave & Belden Ave,1
rain,weekend,rainy,Long Ave & Belmont Ave,18
rain,weekend,rainy,Long Ave & Diversey Ave,23
rain,weekend,rainy,Long Ave & North Ave,17
rain,weekend,rainy,Loomis Blvd & 84th St,5
rain,weekend,rainy,Loomis St & 89th St,5
rain,weekend,rainy,Loomis St & 95th St,4
rain,weekend,rainy,Loomis St & Archer Ave,84
rain,weekend,rainy,Loomis St & Jackson Blvd,341
rain,weekend,rainy,Loomis St & Lexington St,876
rain,weekend,rainy,Lowell Ave & Armitage Ave,29
rain,weekend,rainy,Lynch Ave & Elston Ave,10
rain,weekend,rainy,MLK Jr Dr & 29th St,441
rain,weekend,rainy,MLK Jr Dr & 47th St,43
rain,weekend,rainy,MLK Jr Dr & 56th St,21
rain,weekend,rainy,MLK Jr Dr & 63rd St,13
rain,weekend,rainy,MLK Jr Dr & 83rd St,9
rain,weekend,rainy,MLK Jr Dr & Pershing Rd,105
rain,weekend,rainy,Major Ave & Addison St,9
rain,weekend,rainy,Major Ave & Bloomingdale Ave,5
rain,weekend,rainy,Major Taylor Trail & 111th St,2
rain,weekend,rainy,Major Taylor Trail & 115th St,6
rain,weekend,rainy,Malcolm X College,102
rain,weekend,rainy,Malden St & Wilson Ave,38
rain,weekend,rainy,Mango Ave & Diversey Ave,4
rain,weekend,rainy,Mango Ave & North Ave,9
rain,weekend,rainy,Manor Ave & Leland Ave,105
rain,weekend,rainy,Maplewood Ave & 59th St,5
rain,weekend,rainy,Maplewood Ave & Peterson Ave,59
rain,weekend,rainy,Marine Dr & Ainslie St,676
rain,weekend,rainy,Marmora Ave & Belmont Ave,3
rain,weekend,rainy,Marmora Ave & Irving Park Rd,16
rain,weekend,rainy,Marquette Ave & 89th St,5
rain,weekend,rainy,Marshfield Ave & 44th St,29
rain,weekend,rainy,Marshfield Ave & 59th St,1
rain,weekend,rainy,Marshfield Ave & Diversey Pkwy,17
rain,weekend,rainy,Marshfield Ave & Wabansia Ave,5
rain,weekend,rainy,Martin Luther King Dr & 111th St,1
rain,weekend,rainy,Martin Luther King Dr & 87th St,1
rain,weekend,rainy,Mason Ave & Belmont Ave,4
rain,weekend,rainy,Mason Ave & Grand Ave,5
rain,weekend,rainy,Mason Ave & Montrose Ave,17
rain,weekend,rainy,May St & 69th St,2
rain,weekend,rainy,May St & Cullerton St,180
rain,weekend,rainy,May St & Hubbard St,17
rain,weekend,rainy,May St & Taylor St,636
rain,weekend,rainy,Mayfield Ave & Roosevelt Rd,9
rain,weekend,rainy,McClurg Ct & Erie St,807
rain,weekend,rainy,McClurg Ct & Ohio St,1947
rain,weekend,rainy,McCormick Blvd & Devon Ave,106
rain,weekend,rainy,McCormick Place,579
rain,weekend,rainy,Meade Ave & Addison St,4
rain,weekend,rainy,Meade Ave & Diversey Ave,5
rain,weekend,rainy,Meade Ave & Fullerton Ave,24
rain,weekend,rainy,Melvina Ave & Giddings Ave,25
rain,weekend,rainy,Menard Ave & Lawrence Ave,31
rain,weekend,rainy,Menard Ave & Milwaukee Ave,14
rain,weekend,rainy,Menard Ave & North Ave,6
rain,weekend,rainy,Merrimac Park,26
rain,weekend,rainy,Michigan Ave & 105th St,10
rain,weekend,rainy,Michigan Ave & 108th St,2
rain,weekend,rainy,Michigan Ave & 11th St,34
rain,weekend,rainy,Michigan Ave & 14th St,874
rain,weekend,rainy,Michigan Ave & 18th St,714
rain,weekend,rainy,Michigan Ave & 71st St,5
rain,weekend,rainy,Michigan Ave & 8th St,1969
rain,weekend,rainy,Michigan Ave & Ida B Wells Dr,669
rain,weekend,rainy,Michigan Ave & Jackson Blvd,990
rain,weekend,rainy,Michigan Ave & Lake St,1362
rain,weekend,rainy,Michigan Ave & Madison St,684
rain,weekend,rainy,Michigan Ave & Oak St,3652
rain,weekend,rainy,Michigan Ave & Pearson St,730
rain,weekend,rainy,Michigan Ave & Washington St,1711
rain,weekend,rainy,Midway Orange Line,37
rain,weekend,rainy,Mies van der Rohe Way & Chestnut St,1236
rain,weekend,rainy,Mies van der Rohe Way & Chicago Ave,986
rain,weekend,rainy,Millard Ave & 26th St,19
rain,weekend,rainy,Millennium Park,2968
rain,weekend,rainy,Milwaukee & Fullerton,19
rain,weekend,rainy,Milwaukee Ave & Agatite Ave,40
rain,weekend,rainy,Milwaukee Ave & Ainslie St,108
rain,weekend,rainy,Milwaukee Ave & Armitage Ave,124
rain,weekend,rainy,Milwaukee Ave & Cuyler Ave,61
rain,weekend,rainy,Milwaukee Ave & Diversey Ave,4
rain,weekend,rainy,Milwaukee Ave & Fullerton Ave,426
rain,weekend,rainy,Milwaukee Ave & Grand Ave,918
rain,weekend,rainy,Milwaukee Ave & Highland Ave,38
rain,weekend,rainy,Milwaukee Ave & Rockwell St,346
rain,weekend,rainy,Milwaukee Ave & The 606,696
rain,weekend,rainy,Milwaukee Ave & Wabansia Ave,167
rain,weekend,rainy,Monitor Ave & Division St,4
rain,weekend,rainy,Monticello Ave & Chicago Ave,14
rain,weekend,rainy,Monticello Ave & Irving Park Rd,159
rain,weekend,rainy,Monticello Ave & Lawrence Ave,80
rain,weekend,rainy,Montrose Harbor,1942
rain,weekend,rainy,Morgan Ave & 14th Pl,256
rain,weekend,rainy,Morgan St & 18th St,430
rain,weekend,rainy,Morgan St & 31st St,291
rain,weekend,rainy,Morgan St & Hubbard St,92
rain,weekend,rainy,Morgan St & Lake St*,809
rain,weekend,rainy,Morgan St & Pershing Rd,10
rain,weekend,rainy,Morgan St & Polk St,436
rain,weekend,rainy,Mozart St & 55th St,12
rain,weekend,rainy,Mozart St & 79th St,5
rain,weekend,rainy,Mozart St & Jackson Blvd,24
rain,weekend,rainy,Mulligan Ave & Archer Ave,7
rain,weekend,rainy,N Carpenter St & W Lake St,79
rain,weekend,rainy,N Clark St & W Elm St,8
rain,weekend,rainy,N Damen Ave & W Chicago Ave,86
rain,weekend,rainy,N Green St & W Lake St,351
rain,weekend,rainy,N Paulina St & Lincoln Ave,111
rain,weekend,rainy,N Shore Channel Trail & Argyle St,44
rain,weekend,rainy,N Southport Ave & W Newport Ave,214
rain,weekend,rainy,NEW HASTINGS,1
rain,weekend,rainy,Nagle Ave & Belmont Ave,6
rain,weekend,rainy,Narragansett Ave & McLean Ave,8
rain,weekend,rainy,Narragansett Ave & Montrose Ave,12
rain,weekend,rainy,Narragansett Ave & North Ave,24
rain,weekend,rainy,Narragansett Ave & School St,3
rain,weekend,rainy,Narragansett Ave & Wrightwood Ave,36
rain,weekend,rainy,Navy Pier,3445
rain,weekend,rainy,New St & Illinois St,1847
rain,weekend,rainy,Newcastle Ave & Irving Park Rd,3
rain,weekend,rainy,Noble St & Milwaukee Ave,539
rain,weekend,rainy,Noble St & Ohio St,107
rain,weekend,rainy,Noble St & Potomac Ave,10
rain,weekend,rainy,Nordica Ave & Medill Ave,7
rain,weekend,rainy,Normal Ave & Archer Ave,72
rain,weekend,rainy,North Ave & New England Ave,3
rain,weekend,rainy,North Boundary Park,49
rain,weekend,rainy,Oak Park & Wellington,6
rain,weekend,rainy,Oakley Ave & Irving Park Rd,171
rain,weekend,rainy,Oakley Ave & Lyndale St,14
rain,weekend,rainy,Oakley Ave & Touhy Ave,43
rain,weekend,rainy,Oconto Ave & Belmont Ave,4
rain,weekend,rainy,Ogden Ave & Chicago Ave,787
rain,weekend,rainy,Ogden Ave & Congress Pkwy,194
rain,weekend,rainy,Ogden Ave & Race Ave,575
rain,weekend,rainy,Ogden Ave & Roosevelt Rd,90
rain,weekend,rainy,Oglesby Ave & 100th St,11
rain,weekend,rainy,Oketo Ave & Addison St,6
rain,weekend,rainy,Orange Ave & Addison St,11
rain,weekend,rainy,Oriole Ave & Irving Park Rd,8
rain,weekend,rainy,Orleans St & Chestnut St (NEXT Apts),528
rain,weekend,rainy,Orleans St & Elm St,381
rain,weekend,rainy,Orleans St & Hubbard St,555
rain,weekend,rainy,Orleans St & Merchandise Mart Plaza,923
rain,weekend,rainy,Overhill Ave & Belmont Ave,8
rain,weekend,rainy,Panama Ave & Grace St,7
rain,weekend,rainy,Parkside Ave & Armitage Ave,3
rain,weekend,rainy,Parnell Ave & 31st St,21
rain,weekend,rainy,Paulina Ave & 87th St,2
rain,weekend,rainy,Paulina Ave & North Ave,557
rain,weekend,rainy,Paulina St & 18th St,375
rain,weekend,rainy,Paulina St & Adams St,13
rain,weekend,rainy,Paulina St & Cortland St,31
rain,weekend,rainy,Paulina St & Division St,49
rain,weekend,rainy,Paulina St & Flournoy St,268
rain,weekend,rainy,Paulina St & Howard St,146
rain,weekend,rainy,Paulina St & Montrose Ave,409
rain,weekend,rainy,Peoria St & Jackson Blvd,807
rain,weekend,rainy,Peoria St & Kinzie St,151
rain,weekend,rainy,Perry Ave & 69th St,14
rain,weekend,rainy,Pershing Rd & Sacramento Ave,10
rain,weekend,rainy,Peterson/Ridge Metra,175
rain,weekend,rainy,Phillips Ave & 79th St,7
rain,weekend,rainy,Phillips Ave & 83rd St,8
rain,weekend,rainy,Pine Ave & Division St,12
rain,weekend,rainy,Pine Grove Ave & Irving Park Rd,1287
rain,weekend,rainy,Pine Grove Ave & Waveland Ave,1501
rain,weekend,rainy,Pine Grove Ave & Wellington Ave,11
rain,weekend,rainy,Ping Tom Park (East),65
rain,weekend,rainy,Plainfield & Irving Park,1
rain,weekend,rainy,Portage Park,25
rain,weekend,rainy,Prairie Ave & 43rd St,47
rain,weekend,rainy,Prairie Ave & Garfield Blvd,84
rain,weekend,rainy,Princeton Ave & 47th St,36
rain,weekend,rainy,Princeton Ave & 95th St,7
rain,weekend,rainy,Princeton Ave & Garfield Blvd,31
rain,weekend,rainy,Prospect Sq & 91st St,18
rain,weekend,rainy,Public Rack - 532 E 43rd St,4
rain,weekend,rainy,Public Rack - 61st St & Melvina Ave,1
rain,weekend,rainy,Public Rack - 63rd Pl & Narraganssett Ave,2
rain,weekend,rainy,Public Rack - 63rd St & Meade Ave,1
rain,weekend,rainy,Public Rack - 63rd St and Nagle Ave,4
rain,weekend,rainy,Public Rack - 63rd St and Natoma Ave,2
rain,weekend,rainy,Public Rack - 82nd st & Kedzie Ave,1
rain,weekend,rainy,Public Rack - 83rd Pl & Kedzie Ave N,1
rain,weekend,rainy,Public Rack - 83rd Pl & Kedzie Ave S,1
rain,weekend,rainy,Public Rack - 83rd St (Avalon Park) Metra,1
rain,weekend,rainy,Public Rack - 85th Pl & Pulaski Rd,1
rain,weekend,rainy,Public Rack - Al Raby School,2
rain,weekend,rainy,Public Rack - Albany Ave & 63rd St,1
rain,weekend,rainy,Public Rack - Artesian & 71st,1
rain,weekend,rainy,Public Rack - Ashburn Metra,1
rain,weekend,rainy,Public Rack - Ashland Ave & 45th St,1
rain,weekend,rainy,Public Rack - Ashland Ave & 46th St,1
rain,weekend,rainy,Public Rack - Ashland Ave & 76th St,1
rain,weekend,rainy,Public Rack - Ashland Ave & 83rd St,7
rain,weekend,rainy,Public Rack - Austin & 62nd,1
rain,weekend,rainy,Public Rack - Austin Ave & Archer Ave,1
rain,weekend,rainy,Public Rack - Austin Ave & Roscoe St,1
rain,weekend,rainy,Public Rack - Austin Blvd & North Ave,11
rain,weekend,rainy,Public Rack - Ave N & 106th St,2
rain,weekend,rainy,Public Rack - Avenue J & 106th St,1
rain,weekend,rainy,Public Rack - Avenue J & 112th St,1
rain,weekend,rainy,Public Rack - Avers & Lawrence,5
rain,weekend,rainy,Public Rack - Avers Ave & Irving Park Rd,12
rain,weekend,rainy,Public Rack - Avers Ave & Ogden Ave,1
rain,weekend,rainy,Public Rack - Bensley Ave & 103rd St,1
rain,weekend,rainy,Public Rack - Bernard St & Foster Ave,4
rain,weekend,rainy,Public Rack - Brandon Ave & 91st St,2
rain,weekend,rainy,Public Rack - Brooks Park,1
rain,weekend,rainy,Public Rack - Bryn Mawr Ave & Spaulding Ave,4
rain,weekend,rainy,Public Rack - Buffalo Ave & 89th St,1
rain,weekend,rainy,Public Rack - Burnside Academy,1
rain,weekend,rainy,Public Rack - California & 71st,1
rain,weekend,rainy,Public Rack - California & 82nd,1
rain,weekend,rainy,Public Rack - California & 87th,2
rain,weekend,rainy,Public Rack - California Ave & Cortez St,29
rain,weekend,rainy,Public Rack - California Ave & Devon Ave - NE,2
rain,weekend,rainy,Public Rack - California Ave & Ogden Ave,23
rain,weekend,rainy,Public Rack - California Ave & Pershing Rd,2
rain,weekend,rainy,Public Rack - California Ave & Touhy Ave - midblock,1
rain,weekend,rainy,Public Rack - Calumet Ave & 51st St,2
rain,weekend,rainy,Public Rack - Calumet Ave & 71st St,1
rain,weekend,rainy,Public Rack - Campbell Ave & Pratt Blvd,4
rain,weekend,rainy,Public Rack - Canfield & Victoria,2
rain,weekend,rainy,Public Rack - Central & Berteau,1
rain,weekend,rainy,Public Rack - Central & Leland,1
rain,weekend,rainy,Public Rack - Central Ave & Lawrence Ave,6
rain,weekend,rainy,Public Rack - Central Ave & North Ave,1
rain,weekend,rainy,Public Rack - Central Ave & Pensacola Ave,1
rain,weekend,rainy,Public Rack - Central Park & Bryn Mawr,1
rain,weekend,rainy,Public Rack - Central Park & Peterson,2
rain,weekend,rainy,Public Rack - Central Park Ave & Fillmore St,1
rain,weekend,rainy,Public Rack - Central Park Ave & Fulton Blvd,1
rain,weekend,rainy,Public Rack - Champlain Ave & 134th St,1
rain,weekend,rainy,Public Rack - Champlain Ave & 65th St,7
rain,weekend,rainy,Public Rack - Chappel Ave & 71st St,1
rain,weekend,rainy,Public Rack - Chase Ave & Touhy Ave - NE,1
rain,weekend,rainy,Public Rack - Chopin Park,1
rain,weekend,rainy,Public Rack - Christiana & Lincoln,2
rain,weekend,rainy,Public Rack - Christiana Ave & Belmont Ave,30
rain,weekend,rainy,Public Rack - Christiana Ave & Bryn Mawr Ave,4
rain,weekend,rainy,Public Rack - Christiana Ave & Lawrence Ave,1
rain,weekend,rainy,Public Rack - Cicero & 64th,3
rain,weekend,rainy,Public Rack - Cicero Ave & Belle Plaine Ave,14
rain,weekend,rainy,Public Rack - Cicero Ave & North Ave,1
rain,weekend,rainy,Public Rack - Claremont Ave & 71st St,1
rain,weekend,rainy,Public Rack - Columbus & 79th,1
rain,weekend,rainy,Public Rack - Corliss Ave & 133rd St,1
rain,weekend,rainy,Public Rack - Cottage Grove & 84th St,1
rain,weekend,rainy,Public Rack - Cottage Grove & 85th St,1
rain,weekend,rainy,Public Rack - Cottage Grove & 86th St,1
rain,weekend,rainy,Public Rack - Cottage Grove Ave & 87th St,2
rain,weekend,rainy,Public Rack - Cottage Grove Ave & 89th Pl,1
rain,weekend,rainy,Public Rack - Cottage Grove Ave & 91st St,1
rain,weekend,rainy,Public Rack - Cottage Grove Ave & 92nd St,2
rain,weekend,rainy,Public Rack - Cottage Grove Ave & 98th St,1
rain,weekend,rainy,Public Rack - Cumberland & Catherine,1
rain,weekend,rainy,Public Rack - Damen Ave & 47th St,1
rain,weekend,rainy,Public Rack - Delphina & Foster,6
rain,weekend,rainy,Public Rack - Devon Ave & Kinzua Ave,1
rain,weekend,rainy,Public Rack - Division St & Christiana Ave,1
rain,weekend,rainy,Public Rack - Drake Ave & Leland Ave,9
rain,weekend,rainy,Public Rack - Drexel Ave & 87th St,1
rain,weekend,rainy,Public Rack - Eberhart Ave & 131st St,1
rain,weekend,rainy,Public Rack - Eberhart Ave & 61st St,1
rain,weekend,rainy,Public Rack - Eli Whitney Public School,1
rain,weekend,rainy,Public Rack - Ellis Ave & 132nd Pl,1
rain,weekend,rainy,Public Rack - Ellis Ave & Doty Ave,1
rain,weekend,rainy,Public Rack - Elston Ave & Gunnison St,2
rain,weekend,rainy,Public Rack - Emerald Ave & 43rd St,8
rain,weekend,rainy,Public Rack - Emerald Ave & 45th St,1
rain,weekend,rainy,Public Rack - Emil G Hirch Metropolitan High School,1
rain,weekend,rainy,Public Rack - Ewing Ave & 106th St NW,1
rain,weekend,rainy,Public Rack - Ewing Ave & 95th St,2
rain,weekend,rainy,Public Rack - Ford City Mall,1
rain,weekend,rainy,Public Rack - Forest Glen & Peterson,1
rain,weekend,rainy,Public Rack - Forest Glen Station,1
rain,weekend,rainy,Public Rack - Forrestville Ave & 47th St,1
rain,weekend,rainy,Public Rack - Fullerton Ave & Narragansett Ave,4
rain,weekend,rainy,Public Rack - Garfield Park Conservatory,1
rain,weekend,rainy,Public Rack - Green St & 103rd St,1
rain,weekend,rainy,Public Rack - Greenwood Ave & 87th St,1
rain,weekend,rainy,Public Rack - Greenwood Ave & Lake Park Ave,3
rain,weekend,rainy,Public Rack - Haft Ave & Milwaukee Ave,1
rain,weekend,rainy,Public Rack - Halsted St & 41st St,1
rain,weekend,rainy,Public Rack - Halsted St & 63rd St,1
rain,weekend,rainy,Public Rack - Halsted St & 95th St - SE,1
rain,weekend,rainy,Public Rack - Hamilton Park,1
rain,weekend,rainy,Public Rack - Hamlin & 72nd,1
rain,weekend,rainy,Public Rack - Hamlin Ave & Fullerton Ave,13
rain,weekend,rainy,Public Rack - Hamlin Ave & Montrose Ave,27
rain,weekend,rainy,Public Rack - Harlem & Palatine,3
rain,weekend,rainy,Public Rack - Harlem & Summerdale,1
rain,weekend,rainy,Public Rack - Harold Washington Park,14
rain,weekend,rainy,Public Rack - Hiawatha & Mendota,1
rain,weekend,rainy,Public Rack - Hollywood Park,8
rain,weekend,rainy,Public Rack - Homan & 77th,1
rain,weekend,rainy,Public Rack - Homan & 79th,1
rain,weekend,rainy,Public Rack - Homewood Ave & Monterey Ave,1
rain,weekend,rainy,Public Rack - Houston Ave & 131st St,3
rain,weekend,rainy,Public Rack - Houston Ave & 91st St,4
rain,weekend,rainy,Public Rack - Hoyne Ave & 110th Pl,1
rain,weekend,rainy,Public Rack - Hyde Park Blvd & 53rd St,24
rain,weekend,rainy,Public Rack - Hyde Park Blvd & 55th St,34
rain,weekend,rainy,Public Rack - Independence Blvd & Roosevelt,4
rain,weekend,rainy,Public Rack - Ingleside Ave & 79th St,1
rain,weekend,rainy,Public Rack - Irving Park Rd & Austin Ave,1
rain,weekend,rainy,Public Rack - Irving Park Rd & Leclaire Ave,5
rain,weekend,rainy,Public Rack - Irving Park Rd & Melvina Ave,1
rain,weekend,rainy,Public Rack - Irving Park Rd & Menard Ave,1
rain,weekend,rainy,Public Rack - Jeffery Blvd & 67th St,4
rain,weekend,rainy,Public Rack - Jeffery Blvd & 83rd St,2
rain,weekend,rainy,Public Rack - Jeffrey Blvd & 71st St,2
rain,weekend,rainy,Public Rack - Jensen Park,13
rain,weekend,rainy,Public Rack - Jonathan Y Scammon Public School,20
rain,weekend,rainy,Public Rack - Justine St & 87th St,6
rain,weekend,rainy,Public Rack - Karlov Ave & 26th St,1
rain,weekend,rainy,Public Rack - Karlov Ave & Kamerling Ave,5
rain,weekend,rainy,Public Rack - Karlov Ave & Lawrence Ave,2
rain,weekend,rainy,Public Rack - Karlov Ave & Milwaukee Ave,10
rain,weekend,rainy,Public Rack - Keating & Peterson,10
rain,weekend,rainy,Public Rack - Kedvale Ave & 63rd St E,1
rain,weekend,rainy,Public Rack - Kedvale Ave & 63rd St W,5
rain,weekend,rainy,Public Rack - Kedvale Ave & Avondale Ave,1
rain,weekend,rainy,Public Rack - Kedzie & 71st,1
rain,weekend,rainy,Public Rack - Kedzie & 73rd,1
rain,weekend,rainy,Public Rack - Kedzie Ave & 54th St - SE,1
rain,weekend,rainy,Public Rack - Kedzie Ave & 64th St - SE,3
rain,weekend,rainy,Public Rack - Kedzie Ave & 83rd St,1
rain,weekend,rainy,Public Rack - Kedzie Ave & Argyle St,30
rain,weekend,rainy,Public Rack - Kedzie Ave & Chicago Ave,2
rain,weekend,rainy,Public Rack - Keef Ave & South Chicago Ave,1
rain,weekend,rainy,Public Rack - Kenneth & Carmen,8
rain,weekend,rainy,Public Rack - Kenton Ave & Palmer St,3
rain,weekend,rainy,Public Rack - Keystone Ave & Irving Park Rd,13
rain,weekend,rainy,Public Rack - Keystone Ave & North Ave,3
rain,weekend,rainy,Public Rack - Kildare Ave & North Ave,1
rain,weekend,rainy,Public Rack - Kilpatrick & Elston,2
rain,weekend,rainy,Public Rack - Kimball & Ardmore,6
rain,weekend,rainy,Public Rack - Kimball Ave & Carmen Ave,8
rain,weekend,rainy,Public Rack - Kimball Ave & Lawrence Ave,11
rain,weekend,rainy,Public Rack - Kimbark Ave & 67th St,5
rain,weekend,rainy,Public Rack - King Dr & 83rd St,1
rain,weekend,rainy,Public Rack - King Dr & Oakwood Blvd,3
rain,weekend,rainy,Public Rack - Kostner & 83rd,1
rain,weekend,rainy,Public Rack - Kostner & Bryn Mawr,1
rain,weekend,rainy,Public Rack - Kostner & Peterson,1
rain,weekend,rainy,Public Rack - Kostner Ave & Armitage Ave,7
rain,weekend,rainy,Public Rack - Kostner Ave & Diversey Ave,1
rain,weekend,rainy,Public Rack - Kostner Ave & North Ave,2
rain,weekend,rainy,Public Rack - Lafayette Ave & 87th St - NW,2
rain,weekend,rainy,Public Rack - Lafayette Ave & 87th St SW,1
rain,weekend,rainy,Public Rack - Lafayette Ave & 95th St,4
rain,weekend,rainy,Public Rack - Lake Park Ave & 44th St,1
rain,weekend,rainy,Public Rack - Lamon Ave & Archer Ave,1
rain,weekend,rainy,Public Rack - Langley Ave & 105th Pl,1
rain,weekend,rainy,Public Rack - Langley Ave & 49th St,7
rain,weekend,rainy,Public Rack - Langley Ave & 79th St,1
rain,weekend,rainy,Public Rack - Langley Ave & 87th St,1
rain,weekend,rainy,Public Rack - Langley Ave & Oakwood Blvd,1
rain,weekend,rainy,Public Rack - Laramie Ave & Belmont Ave,3
rain,weekend,rainy,Public Rack - Laramie Ave & Warwick Ave,1
rain,weekend,rainy,Public Rack - Lawndale Ave & 63rd St,1
rain,weekend,rainy,Public Rack - Lawndale Ave & Diversey Ave,12
rain,weekend,rainy,Public Rack - Lawndale Ave & Polk St,1
rain,weekend,rainy,Public Rack - Lawndale Ave & Roosevelt,1
rain,weekend,rainy,Public Rack - Lawrence Ave & Kimball Ave,2
rain,weekend,rainy,Public Rack - Leamington & Elston,11
rain,weekend,rainy,Public Rack - Linder & Elston,2
rain,weekend,rainy,Public Rack - Linder Ave & 64th Pl,5
rain,weekend,rainy,Public Rack - Linder Ave & Archer Ave,4
rain,weekend,rainy,Public Rack - Lockwood & Archer,2
rain,weekend,rainy,Public Rack - Lockwood Ave & Diversey Ave,2
rain,weekend,rainy,Public Rack - Loomis St & 87th St,3
rain,weekend,rainy,Public Rack - Lorel Ave & Grand Ave,3
rain,weekend,rainy,Public Rack - Lotus Ave & Lawrence Ave,3
rain,weekend,rainy,Public Rack - Lowell Ave & Elston Ave,5
rain,weekend,rainy,Public Rack - Mango & Higgins,8
rain,weekend,rainy,Public Rack - Maplewood Ave & 63rd St,1
rain,weekend,rainy,Public Rack - Marquette Rd & 67th St,1
rain,weekend,rainy,Public Rack - Martin Luther King Dr & 69th St,2
rain,weekend,rainy,Public Rack - Maryland Ave & 87th ST,1
rain,weekend,rainy,Public Rack - Mason & Archer,1
rain,weekend,rainy,Public Rack - Melvina & Foster,5
rain,weekend,rainy,Public Rack - Melvina Ave & Montrose Ave,2
rain,weekend,rainy,Public Rack - Menard Ave & Belmont Ave,2
rain,weekend,rainy,Public Rack - Menard Ave & Dakin St - midblock,5
rain,weekend,rainy,Public Rack - Michigan Ave & 119th St,2
rain,weekend,rainy,Public Rack - Michigan Ave & 67th St,1
rain,weekend,rainy,Public Rack - Midway Orange Line,1
rain,weekend,rainy,Public Rack - Milwaukee Ave & Addison St,2
rain,weekend,rainy,Public Rack - Milwaukee Ave & Catalpa Ave,4
rain,weekend,rainy,Public Rack - Milwaukee Ave & Culyer Ave,11
rain,weekend,rainy,Public Rack - Milwaukee Ave & Diversey Ave,28
rain,weekend,rainy,Public Rack - Milwaukee Ave & Haussen Ct,25
rain,weekend,rainy,Public Rack - Milwaukee Ave & Higgins Ave,3
rain,weekend,rainy,Public Rack - Milwaukee Ave & Kennedy Expy,3
rain,weekend,rainy,Public Rack - Milwaukee Ave & Leland Ave,1
rain,weekend,rainy,Public Rack - Milwaukee Ave & Pensacola Ave,3
rain,weekend,rainy,Public Rack - Milwaukee Ave & School St,8
rain,weekend,rainy,Public Rack - Milwaukee Ave & Sunnyside Ave,1
rain,weekend,rainy,Public Rack - Milwaukee Ave & Warner Ave,3
rain,weekend,rainy,Public Rack - Milwaukee Ave & Waveland Ave,1
rain,weekend,rainy,Public Rack - Minuteman Park,6
rain,weekend,rainy,Public Rack - Mont Clare Ave & Higgins Ave,3
rain,weekend,rainy,Public Rack - Monticello & Lawrence,2
rain,weekend,rainy,Public Rack - Monticello Ave & Belmont Ave,35
rain,weekend,rainy,Public Rack - Montrose Ave & Lavergne Ave,2
rain,weekend,rainy,Public Rack - Mozart & 79th,1
rain,weekend,rainy,Public Rack - Mozart Elementary School,1
rain,weekend,rainy,Public Rack - Mulligan & Northwest Hwy,2
rain,weekend,rainy,Public Rack - Mulligan Ave & 56th St,1
rain,weekend,rainy,Public Rack - N. Oakview and W. Gregory St,1
rain,weekend,rainy,Public Rack - Nagel & Higgins,2
rain,weekend,rainy,Public Rack - Narragansett Ave & Fullerton Ave,1
rain,weekend,rainy,Public Rack - Nashotah & Northwest Hwy,9
rain,weekend,rainy,Public Rack - Natoma Ave & 61st St,2
rain,weekend,rainy,Public Rack - Natoma Ave & Bryn Mawr Ave,2
rain,weekend,rainy,Public Rack - Neola & Northwest Hwy,1
rain,weekend,rainy,Public Rack - Neva & Foster,2
rain,weekend,rainy,Public Rack - Neva Ave & Grand Ave,2
rain,weekend,rainy,Public Rack - Newcastle Ave & Belden Ave,1
rain,weekend,rainy,Public Rack - Nordica & Archer,1
rain,weekend,rainy,Public Rack - Nordica Ave & Addison St,1
rain,weekend,rainy,Public Rack - Nordica Ave & Higgins Ave,1
rain,weekend,rainy,Public Rack - Normal Ave & 72nd St,1
rain,weekend,rainy,Public Rack - Normal Blvd & 61st Pl,2
rain,weekend,rainy,Public Rack - Northwest Hwy & Bryn Mawr,1
rain,weekend,rainy,Public Rack - Northwest Hwy & Neva Ave,1
rain,weekend,rainy,Public Rack - Norwood Park,3
rain,weekend,rainy,Public Rack - Norwood Park Station,2
rain,weekend,rainy,Public Rack - Oak Park & Higgins,3
rain,weekend,rainy,Public Rack - Oak Park Ave & Foster Ave,2
rain,weekend,rainy,Public Rack - Oakley & 79th Pl,1
rain,weekend,rainy,Public Rack - Octavia Ave & Touhy Ave,1
rain,weekend,rainy,Public Rack - Odell & Talcott,2
rain,weekend,rainy,Public Rack - Oketo & Northwest Hwy,1
rain,weekend,rainy,Public Rack - Olmstead Ave & Oliphant Ave,1
rain,weekend,rainy,Public Rack - Ottowa Ave & Touhy Ave,2
rain,weekend,rainy,Public Rack - Overhill Ave & Touhy Ave,1
rain,weekend,rainy,Public Rack - Ozark Ave & Addison St,1
rain,weekend,rainy,Public Rack - Ozman & Talcott,1
rain,weekend,rainy,Public Rack - Parkside & 63rd,1
rain,weekend,rainy,Public Rack - Penn Elementary School / KIPP Ascend Middle School,3
rain,weekend,rainy,Public Rack - Peoria St & 60th St,1
rain,weekend,rainy,Public Rack - Peterson Ave & Drake Ave,6
rain,weekend,rainy,Public Rack - Peterson Ave & Milwaukee Ave,1
rain,weekend,rainy,Public Rack - Peterson Park,3
rain,weekend,rainy,Public Rack - Plainfield Ave & Irving Park Rd,1
rain,weekend,rainy,Public Rack - Prairie Ave & 47th St,10
rain,weekend,rainy,Public Rack - Prairie Ave & 78th St,1
rain,weekend,rainy,Public Rack - Prairie Ave & 85th St,1
rain,weekend,rainy,Public Rack - Prairie Ave & Garfield Blvd N,1
rain,weekend,rainy,Public Rack - Prairie Ave & Garfield Blvd S,2
rain,weekend,rainy,Public Rack - Pulaski & 74th,1
rain,weekend,rainy,Public Rack - Pulaski & 84th,1
rain,weekend,rainy,Public Rack - Pulaski & Ardmore,1
rain,weekend,rainy,Public Rack - Pulaski & Rosemont,4
rain,weekend,rainy,Public Rack - Pulaski Rd & 15th St,1
rain,weekend,rainy,Public Rack - Pulaski Rd & 44th St,6
rain,weekend,rainy,Public Rack - Pulaski Rd & 65th St,1
rain,weekend,rainy,Public Rack - Pulaski Rd & 83rd St,1
rain,weekend,rainy,Public Rack - Pulaski Rd & 85th St,1
rain,weekend,rainy,Public Rack - Pulaski Rd & Armitage Ave,4
rain,weekend,rainy,Public Rack - Pulaski Rd & Flournoy St,1
rain,weekend,rainy,Public Rack - Pulaski Rd & Fullerton Ave,1
rain,weekend,rainy,Public Rack - Pulaski Rd & Lake St,1
rain,weekend,rainy,Public Rack - Pullman - Planet Fitness,1
rain,weekend,rainy,Public Rack - Racine Ave & 83rd St,1
rain,weekend,rainy,Public Rack - Rhodes Ave & 79th St,1
rain,weekend,rainy,Public Rack - Richard Daley College,2
rain,weekend,rainy,Public Rack - Rockwell & 111th St,1
rain,weekend,rainy,Public Rack - Rockwell & Division,18
rain,weekend,rainy,Public Rack - Rockwell Ave & 71st St,2
rain,weekend,rainy,Public Rack - Rockwell Ave & Touhy Ave,3
rain,weekend,rainy,Public Rack - Rutherford Ave & Belmont Ave,4
rain,weekend,rainy,Public Rack - S Menard & W 63rd,1
rain,weekend,rainy,Public Rack - S. Kilpatrick and W. 79th,5
rain,weekend,rainy,Public Rack - S. New England/ W. 65th,1
rain,weekend,rainy,Public Rack - Sacramento & 71st,1
rain,weekend,rainy,Public Rack - Sacramento Ave & Devon Ave,7
rain,weekend,rainy,Public Rack - Sawyer Ave & Bryn Mawr Ave - SE,11
rain,weekend,rainy,Public Rack - Sawyer Ave & Bryn Mawr Ave - SW,1
rain,weekend,rainy,Public Rack - Sawyer Ave & Lawrence Ave,3
rain,weekend,rainy,Public Rack - Sayer & Northwest Hwy,2
rain,weekend,rainy,Public Rack - South Shore Dr & 71st St,11
rain,weekend,rainy,Public Rack - Spaulding Ave & 71st St,1
rain,weekend,rainy,Public Rack - Spaulding Ave & Bryn Mawr Ave,2
rain,weekend,rainy,Public Rack - Spaulding Ave & Evergreen Ave,18
rain,weekend,rainy,Public Rack - Spaulding Ave & North Ave,12
rain,weekend,rainy,Public Rack - Springfield & 71st,1
rain,weekend,rainy,Public Rack - Springfield & 79th,1
rain,weekend,rainy,Public Rack - Springfield Ave & Lawrence Ave,19
rain,weekend,rainy,Public Rack - St Louis & 83rd,1
rain,weekend,rainy,Public Rack - St Louis & Columbus,1
rain,weekend,rainy,Public Rack - St Louis & Lincoln,4
rain,weekend,rainy,Public Rack - St Louis Ave & Berteau Ave,6
rain,weekend,rainy,Public Rack - St Louis Ave & Flournoy St,1
rain,weekend,rainy,Public Rack - State ST & 42nd St,2
rain,weekend,rainy,Public Rack - Talman Ave & 51st St,3
rain,weekend,rainy,Public Rack - Talman Ave & Pershing Rd,1
rain,weekend,rainy,Public Rack - Torrence Ave  & 106th St,1
rain,weekend,rainy,Public Rack - Torrence Ave & 98th St,1
rain,weekend,rainy,Public Rack - Touhy Ave & Oconto Ave,3
rain,weekend,rainy,Public Rack - Troy & 71st,1
rain,weekend,rainy,Public Rack - Trumbull Ave & 111th St,1
rain,weekend,rainy,Public Rack - Tuley (Murray) Park,1
rain,weekend,rainy,Public Rack - Vincennes Ave & 87th St,1
rain,weekend,rainy,Public Rack - Wabash Ave & 87th St,2
rain,weekend,rainy,Public Rack - Walden Pkwy & 103rd St,8
rain,weekend,rainy,Public Rack - Washington Park Ct & 51st St,3
rain,weekend,rainy,Public Rack - Washtenaw Ave & Devon Ave,22
rain,weekend,rainy,Public Rack - Washtenaw Ave & Superior St,47
rain,weekend,rainy,Public Rack - Wentworth Ave & 103rd St,2
rain,weekend,rainy,Public Rack - Wentworth Ave & 79th St,1
rain,weekend,rainy,Public Rack - West Chatham Park,1
rain,weekend,rainy,Public Rack - Western & 74th,1
rain,weekend,rainy,Public Rack - Western & 79th,1
rain,weekend,rainy,Public Rack - Western & 83rd,1
rain,weekend,rainy,Public Rack - Western Ave & 106th St - West,1
rain,weekend,rainy,Public Rack - Western Ave & 110th St,1
rain,weekend,rainy,Public Rack - Western Ave & 118th St,1
rain,weekend,rainy,Public Rack - Western Ave & 47th Pl,9
rain,weekend,rainy,Public Rack - Western Ave & 79th St,1
rain,weekend,rainy,Public Rack - Western Ave & 92nd Pl,4
rain,weekend,rainy,Public Rack - Western Ave & Devon Ave,15
rain,weekend,rainy,Public Rack - Western Ave & Jarvis Ave,4
rain,weekend,rainy,Public Rack - Western Blvd & 49th St,1
rain,weekend,rainy,Public Rack - Whipple St & 63rd St,4
rain,weekend,rainy,Public Rack - William J Onahan Public School,3
rain,weekend,rainy,Public Rack - Wood St & 47th St,2
rain,weekend,rainy,Public Rack - Woodlawn Ave & 63rd St N,29
rain,weekend,rainy,Public Rack - Woodlawn Ave & 63rd St S,5
rain,weekend,rainy,Public Rack - Wrightwood Metra Station,1
rain,weekend,rainy,Public Rack - Yates Ave & 100th St,1
rain,weekend,rainy,Pulaski Rd & 51st St,42
rain,weekend,rainy,Pulaski Rd & 54th St,4
rain,weekend,rainy,Pulaski Rd & 60th Pl,2
rain,weekend,rainy,Pulaski Rd & 60th St,1
rain,weekend,rainy,Pulaski Rd & 68th St,11
rain,weekend,rainy,Pulaski Rd & 75th St,1
rain,weekend,rainy,Pulaski Rd & 84th St,8
rain,weekend,rainy,Pulaski Rd & Ann Lurie Pl,8
rain,weekend,rainy,Pulaski Rd & Congress Pkwy,9
rain,weekend,rainy,Pulaski Rd & Eddy St,48
rain,weekend,rainy,Pulaski Rd & Lake St,7
rain,weekend,rainy,Racine Ave & 115th St,4
rain,weekend,rainy,Racine Ave & 13th St,61
rain,weekend,rainy,Racine Ave & 15th St,212
rain,weekend,rainy,Racine Ave & 18th St,482
rain,weekend,rainy,Racine Ave & 35th St,57
rain,weekend,rainy,Racine Ave & 57th St,6
rain,weekend,rainy,Racine Ave & 61st St,4
rain,weekend,rainy,Racine Ave & 65th St,9
rain,weekend,rainy,Racine Ave & Belmont Ave,992
rain,weekend,rainy,Racine Ave & Broadway,95
rain,weekend,rainy,Racine Ave & Congress Pkwy,226
rain,weekend,rainy,Racine Ave & Fullerton Ave,772
rain,weekend,rainy,Racine Ave & Garfield Blvd,5
rain,weekend,rainy,Racine Ave & Randolph St,255
rain,weekend,rainy,Racine Ave & Washington Blvd,360
rain,weekend,rainy,Racine Ave & Webster Ave,43
rain,weekend,rainy,Racine Ave & Wrightwood Ave,536
rain,weekend,rainy,Racine/Eddy Corral,78
rain,weekend,rainy,Rainbow - Beach,4
rain,weekend,rainy,Rainbow Beach,9
rain,weekend,rainy,Ravenswood Ave & Berteau Ave,379
rain,weekend,rainy,Ravenswood Ave & Irving Park Rd,473
rain,weekend,rainy,Ravenswood Ave & Lawrence Ave,1076
rain,weekend,rainy,Rhodes Ave & 32nd St,293
rain,weekend,rainy,Richmond St & 59th St,16
rain,weekend,rainy,Richmond St & Diversey Ave,289
rain,weekend,rainy,Richmond St & Lincoln Ave,19
rain,weekend,rainy,Ridge Blvd & Howard St,65
rain,weekend,rainy,Ridge Blvd & Touhy Ave,93
rain,weekend,rainy,Ritchie Ct & Banks St,976
rain,weekend,rainy,Rockwell Ave & Logan Blvd,30
rain,weekend,rainy,Rockwell St & 47th St,6
rain,weekend,rainy,Rockwell St & 57th St,11
rain,weekend,rainy,Rockwell St & 63rd St,2
rain,weekend,rainy,Rockwell St & Archer Ave,36
rain,weekend,rainy,Rockwell St & Cermak Rd,20
rain,weekend,rainy,Rockwell St & Eastwood Ave,220
rain,weekend,rainy,Rockwell St & Fletcher St,174
rain,weekend,rainy,Rockwell/Irving Park Hub,15
rain,weekend,rainy,Roscoe & Harlem,2
rain,weekend,rainy,Rush St & Cedar St,1322
rain,weekend,rainy,Rush St & Hubbard St,709
rain,weekend,rainy,Rush St & Illinois St,61
rain,weekend,rainy,Rush St & Superior St,906
rain,weekend,rainy,S Aberdeen St & W 106th St,4
rain,weekend,rainy,S Michigan Ave & E 118th St,1
rain,weekend,rainy,SCOOTERS CLASSIC - 2132 W Hubbard ST,10
rain,weekend,rainy,Sacramento Ave & 25th St,3
rain,weekend,rainy,Sacramento Ave & 51st St,6
rain,weekend,rainy,Sacramento Ave & Linden Pl,3
rain,weekend,rainy,Sacramento Ave & Lunt Ave,29
rain,weekend,rainy,Sacramento Ave & Lyndale St,32
rain,weekend,rainy,Sacramento Ave & Pratt Blvd,16
rain,weekend,rainy,Sacramento Blvd & Addison St,68
rain,weekend,rainy,Sacramento Blvd & Franklin Blvd,33
rain,weekend,rainy,Sacramento Blvd & Fulton Ave,39
rain,weekend,rainy,Sacramento Blvd & Polk St,6
rain,weekend,rainy,Sangamon St & Adams St,72
rain,weekend,rainy,Sangamon St & Lake St,800
rain,weekend,rainy,Sangamon St & Washington Blvd,555
rain,weekend,rainy,Sawyer Ave & Irving Park Rd,107
rain,weekend,rainy,Sayre Ave & Diversey Ave,20
rain,weekend,rainy,Scottsdale Park,11
rain,weekend,rainy,Sedgwick St & Chicago Ave,15
rain,weekend,rainy,Sedgwick St & Huron St,776
rain,weekend,rainy,Sedgwick St & North Ave,956
rain,weekend,rainy,Sedgwick St & Schiller St,287
rain,weekend,rainy,Sedgwick St & Webster Ave,1106
rain,weekend,rainy,Seeley Ave & Garfield Blvd,8
rain,weekend,rainy,Seeley Ave & Roscoe St,453
rain,weekend,rainy,Seminary Ave & Belden Ave,53
rain,weekend,rainy,Shabbona Park,22
rain,weekend,rainy,Shedd Aquarium,2652
rain,weekend,rainy,Sheffield Ave & Addison St,700
rain,weekend,rainy,Sheffield Ave & Fletcher St,25
rain,weekend,rainy,Sheffield Ave & Fullerton Ave,1222
rain,weekend,rainy,Sheffield Ave & Kingsbury St,1006
rain,weekend,rainy,Sheffield Ave & Waveland Ave,1206
rain,weekend,rainy,Sheffield Ave & Webster Ave,1183
rain,weekend,rainy,Sheffield Ave & Wellington Ave,1074
rain,weekend,rainy,Sheffield Ave & Willow St,732
rain,weekend,rainy,Sheffield Ave & Wrightwood Ave,1270
rain,weekend,rainy,Sheffield/Cornelia Corral,55
rain,weekend,rainy,Sheffield/Newport Corral,169
rain,weekend,rainy,Sheridan Rd & Argyle St,679
rain,weekend,rainy,Sheridan Rd & Berwyn Ave,17
rain,weekend,rainy,Sheridan Rd & Buena Ave,829
rain,weekend,rainy,Sheridan Rd & Columbia Ave,217
rain,weekend,rainy,Sheridan Rd & Greenleaf Ave,215
rain,weekend,rainy,Sheridan Rd & Irving Park Rd,1118
rain,weekend,rainy,Sheridan Rd & Lawrence Ave,458
rain,weekend,rainy,Sheridan Rd & Loyola Ave,332
rain,weekend,rainy,Sheridan Rd & Montrose Ave,1123
rain,weekend,rainy,Sheridan Rd & Noyes St (NU),402
rain,weekend,rainy,Shields Ave & 28th Pl,151
rain,weekend,rainy,Shields Ave & 31st St,277
rain,weekend,rainy,Shields Ave & 43rd St,17
rain,weekend,rainy,Shields Ave & 57th St,3
rain,weekend,rainy,Shore Dr & 53rd St,1
rain,weekend,rainy,Shore Dr & 55th St,985
rain,weekend,rainy,Smith Park,159
rain,weekend,rainy,South Shore Dr & 67th St,89
rain,weekend,rainy,South Shore Dr & 71st St,141
rain,weekend,rainy,South Shore Dr & 74th St,38
rain,weekend,rainy,Southport Ave & Belmont Ave,752
rain,weekend,rainy,Southport Ave & Clark St,291
rain,weekend,rainy,Southport Ave & Clybourn Ave,404
rain,weekend,rainy,Southport Ave & Grace St,25
rain,weekend,rainy,Southport Ave & Irving Park Rd,657
rain,weekend,rainy,Southport Ave & Roscoe St,1438
rain,weekend,rainy,Southport Ave & Waveland Ave,1603
rain,weekend,rainy,Southport Ave & Wellington Ave,1025
rain,weekend,rainy,Southport Ave & Wrightwood Ave,799
rain,weekend,rainy,Spaulding Ave & 16th St,8
rain,weekend,rainy,Spaulding Ave & 63rd,6
rain,weekend,rainy,Spaulding Ave & Armitage Ave,429
rain,weekend,rainy,Spaulding Ave & Division St,154
rain,weekend,rainy,Spaulding Ave & Milwaukee Ave,2
rain,weekend,rainy,Springfield Ave & 47th St,1
rain,weekend,rainy,Springfield Ave & 71st St,3
rain,weekend,rainy,Springfield Ave & 80th St,3
rain,weekend,rainy,Springfield Ave & North Ave,39
rain,weekend,rainy,St Clair St & Ohio St,82
rain,weekend,rainy,St Louis Ave & 51st St,4
rain,weekend,rainy,St Louis Ave & 59th St,10
rain,weekend,rainy,St Louis Ave & Foster Ave,30
rain,weekend,rainy,St Louis Ave & Norman Bobbins Pl,10
rain,weekend,rainy,St. Clair St & Erie St,1191
rain,weekend,rainy,St. Clair St & Erie St 2,5
rain,weekend,rainy,St. Louis & 71st St,5
rain,weekend,rainy,St. Louis Ave & Balmoral Ave,62
rain,weekend,rainy,St. Louis Ave & Fullerton Ave,275
rain,weekend,rainy,State St & 111th St,1
rain,weekend,rainy,State St & 123rd St,1
rain,weekend,rainy,State St & 127th St,1
rain,weekend,rainy,State St & 19th St,219
rain,weekend,rainy,State St & 29th St,44
rain,weekend,rainy,State St & 33rd St,354
rain,weekend,rainy,State St & 35th St,174
rain,weekend,rainy,State St & 45th St,6
rain,weekend,rainy,State St & 54th St,7
rain,weekend,rainy,State St & 76th St,4
rain,weekend,rainy,State St & 79th St,14
rain,weekend,rainy,State St & 95th St,33
rain,weekend,rainy,State St & Chicago Ave,2071
rain,weekend,rainy,State St & Harrison St,606
rain,weekend,rainy,State St & Kinzie St,960
rain,weekend,rainy,State St & Pearson St,558
rain,weekend,rainy,State St & Pershing Rd,10
rain,weekend,rainy,State St & Randolph St,1019
rain,weekend,rainy,State St & Van Buren St,466
rain,weekend,rainy,Stave St & Armitage Ave,377
rain,weekend,rainy,Steelworkers Park,35
rain,weekend,rainy,Steelworkers Park (Updated),7
rain,weekend,rainy,Stetson Ave & South Water St,642
rain,weekend,rainy,Stewart Ave & 123rd St,7
rain,weekend,rainy,Stewart Ave & 63rd St,7
rain,weekend,rainy,Stewart Ave & 83rd St,5
rain,weekend,rainy,Stockton Dr & Wrightwood Ave,1243
rain,weekend,rainy,Stony Island Ave & 63rd St,72
rain,weekend,rainy,Stony Island Ave & 64th St,15
rain,weekend,rainy,Stony Island Ave & 67th St,24
rain,weekend,rainy,Stony Island Ave & 71st St,31
rain,weekend,rainy,Stony Island Ave & 75th St,35
rain,weekend,rainy,Stony Island Ave & 82nd St,7
rain,weekend,rainy,Stony Island Ave & 90th St,4
rain,weekend,rainy,Streeter Dr & Grand Ave,4045
rain,weekend,rainy,Streeter Dr/Grand Ave,591
rain,weekend,rainy,Summit Ave & 86th St,2
rain,weekend,rainy,Talman Ave & Addison St,316
rain,weekend,rainy,The Salt Shed,164
rain,weekend,rainy,Theater on the Lake,3331
rain,weekend,rainy,Throop St & 52nd St,7
rain,weekend,rainy,Throop St & 99th St,2
rain,weekend,rainy,Throop St & Taylor St,429
rain,weekend,rainy,Torrence Ave & 106th St,3
rain,weekend,rainy,Torrence Ave & 126th Pl,5
rain,weekend,rainy,Tripp Ave & 15th St,7
rain,weekend,rainy,Tripp Ave & 31st St,7
rain,weekend,rainy,Tripp Ave & 65th St,10
rain,weekend,rainy,Troy St & Elston Ave,211
rain,weekend,rainy,Troy St & Grace St,41
rain,weekend,rainy,Troy St & North Ave,179
rain,weekend,rainy,Union Ave & Root St,21
rain,weekend,rainy,University Ave & 57th St,1184
rain,weekend,rainy,University Ave & 59th St,283
rain,weekend,rainy,University Ave & 65th St,31
rain,weekend,rainy,University Library (NU),148
rain,weekend,rainy,Valli Produce - Evanston Plaza,51
rain,weekend,rainy,Vernon Ave & 107th St,4
rain,weekend,rainy,Vernon Ave & 75th St,9
rain,weekend,rainy,Vernon Ave & 79th St,7
rain,weekend,rainy,Vincennes Ave & 104th St,9
rain,weekend,rainy,Vincennes Ave & 107th St,7
rain,weekend,rainy,Vincennes Ave & 75th St,2
rain,weekend,rainy,Vincennes Ave & 79th St,7
rain,weekend,rainy,Vincennes Ave & 95th St,10
rain,weekend,rainy,Virginia Ave & Catalpa Ave,34
rain,weekend,rainy,W 103rd St & S Avers Ave,2
rain,weekend,rainy,W Armitage Ave & N Sheffield Ave,350
rain,weekend,rainy,W Washington Blvd & N Peoria St,58
rain,weekend,rainy,Wabansia & Milwaukee,155
rain,weekend,rainy,Wabash Ave & 16th St,504
rain,weekend,rainy,Wabash Ave & 49th St,8
rain,weekend,rainy,Wabash Ave & 59th St,5
rain,weekend,rainy,Wabash Ave & 83rd St,5
rain,weekend,rainy,Wabash Ave & 87th St,21
rain,weekend,rainy,Wabash Ave & 9th St,1079
rain,weekend,rainy,Wabash Ave & Adams St,670
rain,weekend,rainy,Wabash Ave & Cermak Rd,311
rain,weekend,rainy,Wabash Ave & Grand Ave,1910
rain,weekend,rainy,Wabash Ave & Jackson Blvd,16
rain,weekend,rainy,Wabash Ave & Roosevelt Rd,1516
rain,weekend,rainy,Wabash Ave & Wacker Pl,952
rain,weekend,rainy,Wabash Ave & Washington St,177
rain,weekend,rainy,Wacker Dr & Randolph St,28
rain,weekend,rainy,Wacker Dr & Washington St,188
rain,weekend,rainy,Wacker Dr & Washington St Corral,4
rain,weekend,rainy,Walden Pkwy & 100th St,13
rain,weekend,rainy,Wallace St & 28th St,31
rain,weekend,rainy,Wallace St & 35th St,123
rain,weekend,rainy,Wallace St & Pershing Rd,28
rain,weekend,rainy,Walsh Park,508
rain,weekend,rainy,Warren Park East,70
rain,weekend,rainy,Warren Park West,103
rain,weekend,rainy,Washtenaw Ave & Lawrence Ave,191
rain,weekend,rainy,Washtenaw Ave & Ogden Ave,75
rain,weekend,rainy,Washtenaw Ave & Peterson Ave,10
rain,weekend,rainy,Washtenaw Ave & Polk St,19
rain,weekend,rainy,Waveland/Racine,6
rain,weekend,rainy,Waveland/Racine Corral,103
rain,weekend,rainy,Waveland/Wilton Corral,13
rain,weekend,rainy,Wellington Ave & Mulligan Ave,8
rain,weekend,rainy,Wells St & 19th St,160
rain,weekend,rainy,Wells St & Concord Ln,2619
rain,weekend,rainy,Wells St & Elm St,2348
rain,weekend,rainy,Wells St & Evergreen Ave,1196
rain,weekend,rainy,Wells St & Hubbard St,1317
rain,weekend,rainy,Wells St & Huron St,1769
rain,weekend,rainy,Wells St & Institute Pl,569
rain,weekend,rainy,Wells St & Madison St,31
rain,weekend,rainy,Wells St & Polk St,835
rain,weekend,rainy,Wells St & Randolph St,644
rain,weekend,rainy,Wells St & Randolph St Corral,33
rain,weekend,rainy,Wells St & Walton St,1038
rain,weekend,rainy,Wells St & Washington St,133
rain,weekend,rainy,Wentworth Ave & 104th St,1
rain,weekend,rainy,Wentworth Ave & 107th St,5
rain,weekend,rainy,Wentworth Ave & 24th St,245
rain,weekend,rainy,Wentworth Ave & 33rd St,184
rain,weekend,rainy,Wentworth Ave & 35th St,191
rain,weekend,rainy,Wentworth Ave & 63rd St,20
rain,weekend,rainy,Wentworth Ave & 92nd St,1
rain,weekend,rainy,Wentworth Ave & Cermak Rd*,692
rain,weekend,rainy,Western Ave & 101st St,7
rain,weekend,rainy,Western Ave & 104th St,12
rain,weekend,rainy,Western Ave & 111th St,15
rain,weekend,rainy,Western Ave & 21st St,93
rain,weekend,rainy,Western Ave & 24th St,66
rain,weekend,rainy,Western Ave & 28th St,10
rain,weekend,rainy,Western Ave & 43rd St,13
rain,weekend,rainy,Western Ave & 62nd St,6
rain,weekend,rainy,Western Ave & 79th St,7
rain,weekend,rainy,Western Ave & 81st St,2
rain,weekend,rainy,Western Ave & Ardmore Ave,29
rain,weekend,rainy,Western Ave & Berteau Ave,77
rain,weekend,rainy,Western Ave & Congress Pkwy,139
rain,weekend,rainy,Western Ave & Division St,326
rain,weekend,rainy,Western Ave & Fillmore St,192
rain,weekend,rainy,Western Ave & Grace St,83
rain,weekend,rainy,Western Ave & Granville Ave,109
rain,weekend,rainy,Western Ave & Gunnison St,32
rain,weekend,rainy,Western Ave & Howard St,93
rain,weekend,rainy,Western Ave & Lake St,36
rain,weekend,rainy,Western Ave & Leland Ave,445
rain,weekend,rainy,Western Ave & Lunt Ave,114
rain,weekend,rainy,Western Ave & Lyndale St,30
rain,weekend,rainy,Western Ave & Monroe St,116
rain,weekend,rainy,Western Ave & Roscoe St,230
rain,weekend,rainy,Western Ave & Wabansia Ave,55
rain,weekend,rainy,Western Ave & Walton St,484
rain,weekend,rainy,Western Ave & Winnebago Ave,623
rain,weekend,rainy,Western Blvd & 48th Pl,21
rain,weekend,rainy,Whipple St & Roosevelt Rd,5
rain,weekend,rainy,Whipple/Irving Park,71
rain,weekend,rainy,Wilton Ave & Addison St,430
rain,weekend,rainy,Wilton Ave & Belmont Ave,1994
rain,weekend,rainy,Wilton Ave & Diversey Pkwy,870
rain,weekend,rainy,Wilton Ave & Diversey Pkwy*,435
rain,weekend,rainy,Winchester (Ravenswood) Ave & Balmoral Ave,152
rain,weekend,rainy,Winchester Ave & Elston Ave,171
rain,weekend,rainy,Winthrop Ave & Lawrence Ave,537
rain,weekend,rainy,Wolcott (Ravenswood) Ave & Montrose Ave,484
rain,weekend,rainy,Wolcott Ave & Fargo Ave,38
rain,weekend,rainy,Wolcott Ave & Polk St,317
rain,weekend,rainy,Wood St & 33rd St,29
rain,weekend,rainy,Wood St & 35th St,51
rain,weekend,rainy,Wood St & 84th St,2
rain,weekend,rainy,Wood St & Augusta Blvd,426
rain,weekend,rainy,Wood St & Beach Ave,215
rain,weekend,rainy,Wood St & Chicago Ave,558
rain,weekend,rainy,Wood St & Cortland St,21
rain,weekend,rainy,Wood St & Hubbard St,279
rain,weekend,rainy,Wood St & Milwaukee Ave,784
rain,weekend,rainy,Wood St & Taylor St (Temp),176
rain,weekend,rainy,Wood St & Walnut St,17
rain,weekend,rainy,Wood St & Webster Ave,221
rain,weekend,rainy,Woodlawn & 103rd,2
rain,weekend,rainy,Woodlawn Ave & 55th St,551
rain,weekend,rainy,Woodlawn Ave & 58th St,482
rain,weekend,rainy,Woodlawn Ave & 75th St,2
rain,weekend,rainy,Woodlawn Ave & Lake Park Ave,111
rain,weekend,rainy,Yates Blvd & 75th St,12
rain,weekend,rainy,Yates Blvd & 93rd St,7
snow,weekday,no_snow,2112 W Peterson Ave,554
snow,weekday,no_snow,21st St & Pulaski Rd,60
snow,weekday,no_snow,63rd St Beach,583
snow,weekday,no_snow,900 W Harrison St,6389
snow,weekday,no_snow,Aberdeen St & 103rd St,33
snow,weekday,no_snow,Aberdeen St & Carroll Ave,3860
snow,weekday,no_snow,Aberdeen St & Jackson Blvd,9410
snow,weekday,no_snow,Aberdeen St & Monroe St,5661
snow,weekday,no_snow,Aberdeen St & Randolph St,8152
snow,weekday,no_snow,Ada St & 113th Place,4
snow,weekday,no_snow,Ada St & Washington Blvd,5000
snow,weekday,no_snow,Addison Red Line,390
snow,weekday,no_snow,Addison Red Line Corral,30
snow,weekday,no_snow,Addison/Racine,176
snow,weekday,no_snow,Addison/Racine Corral,687
snow,weekday,no_snow,Addison/Sheffield SE Corral,250
snow,weekday,no_snow,Addison/Sheffield SW Corral,342
snow,weekday,no_snow,Addison/Wilton Corral,379
snow,weekday,no_snow,Adler Planetarium,7703
snow,weekday,no_snow,Albany Ave & 16th St,59
snow,weekday,no_snow,Albany Ave & 26th St,148
snow,weekday,no_snow,Albany Ave & Belmont Ave,443
snow,weekday,no_snow,Albany Ave & Bloomingdale Ave,2823
snow,weekday,no_snow,Albany Ave & Douglas Blvd,104
snow,weekday,no_snow,Albany Ave & Montrose Ave,1520
snow,weekday,no_snow,Altgeld Gardens,22
snow,weekday,no_snow,Archer & Wentworth,537
snow,weekday,no_snow,Archer (Damen) Ave & 37th St,277
snow,weekday,no_snow,Archer Ave & 43rd St,37
snow,weekday,no_snow,Archer Ave & 49th St,60
snow,weekday,no_snow,Archer Ave & Homan Ave,58
snow,weekday,no_snow,Archer Ave & Wentworth Ave,786
snow,weekday,no_snow,Artesian Ave & 55th St,64
snow,weekday,no_snow,Artesian Ave & 71st St,43
snow,weekday,no_snow,Artesian Ave & Hubbard St,3890
snow,weekday,no_snow,Artesian Ave & Marquette Rd,30
snow,weekday,no_snow,Ashland Ave & 13th St,2129
snow,weekday,no_snow,Ashland Ave & 50th St,108
snow,weekday,no_snow,Ashland Ave & 63rd St,44
snow,weekday,no_snow,Ashland Ave & 66th St,48
snow,weekday,no_snow,Ashland Ave & 74th St,44
snow,weekday,no_snow,Ashland Ave & 78th St,42
snow,weekday,no_snow,Ashland Ave & Archer Ave,767
snow,weekday,no_snow,Ashland Ave & Augusta Blvd,4344
snow,weekday,no_snow,Ashland Ave & Belle Plaine Ave,1685
snow,weekday,no_snow,Ashland Ave & Blackhawk St,5203
snow,weekday,no_snow,Ashland Ave & Chicago Ave,5014
snow,weekday,no_snow,Ashland Ave & Division St,10093
snow,weekday,no_snow,Ashland Ave & Garfield Blvd,36
snow,weekday,no_snow,Ashland Ave & Grace St,3541
snow,weekday,no_snow,Ashland Ave & Grand Ave,3510
snow,weekday,no_snow,Ashland Ave & Lake St,3492
snow,weekday,no_snow,Ashland Ave & McDowell Ave,182
snow,weekday,no_snow,Ashland Ave & Pershing Rd,319
snow,weekday,no_snow,Ashland Ave & Wellington Ave,4222
snow,weekday,no_snow,Ashland Ave & Wrightwood Ave,3839
snow,weekday,no_snow,Augusta Blvd & Laramie Ave,68
snow,weekday,no_snow,Austin Ave & Milwaukee Ave,114
snow,weekday,no_snow,Austin Blvd & Chicago Ave,72
snow,weekday,no_snow,Austin Blvd & Lake St,231
snow,weekday,no_snow,Austin Blvd & Madison St,185
snow,weekday,no_snow,Ave L & 114th,91
snow,weekday,no_snow,Avenue L & 114th St,3
snow,weekday,no_snow,Avenue O & 118th St,15
snow,weekday,no_snow,Avenue O & 134th St,20
snow,weekday,no_snow,Avers Ave & 16th St,73
snow,weekday,no_snow,Avers Ave & Belmont Ave,1887
snow,weekday,no_snow,Avers Ave & Foster Ave,148
snow,weekday,no_snow,Avondale Ave & Irving Park Rd,2054
snow,weekday,no_snow,Baltimore Ave & 133rd St,41
snow,weekday,no_snow,Baltimore Ave & 87th St,52
snow,weekday,no_snow,Bennett Ave & 79th St,16
snow,weekday,no_snow,Benson Ave & Church St,4558
snow,weekday,no_snow,Bernard St & Elston Ave,736
snow,weekday,no_snow,Bernard St & Peterson Ave,171
snow,weekday,no_snow,Big Marsh Park,127
snow,weekday,no_snow,Bissell St & Armitage Ave*,7547
snow,weekday,no_snow,Blackstone Ave & 59th St,6089
snow,weekday,no_snow,Blackstone Ave & Hyde Park Blvd,3057
snow,weekday,no_snow,Blue Island Ave & 18th St,3295
snow,weekday,no_snow,Bosworth Ave & Howard St,513
snow,weekday,no_snow,Bradley Park,45
snow,weekday,no_snow,Broadway & Argyle St,4160
snow,weekday,no_snow,Broadway & Barry Ave,11703
snow,weekday,no_snow,Broadway & Belmont Ave,9083
snow,weekday,no_snow,Broadway & Berwyn Ave,4841
snow,weekday,no_snow,Broadway & Cornelia Ave,12882
snow,weekday,no_snow,Broadway & Cuyler Ave,319
snow,weekday,no_snow,Broadway & Granville Ave,4220
snow,weekday,no_snow,Broadway & Oakdale Ave,2577
snow,weekday,no_snow,Broadway & Ridge Ave,3151
snow,weekday,no_snow,Broadway & Roscoe Ave,587
snow,weekday,no_snow,Broadway & Sheridan Rd,8764
snow,weekday,no_snow,Broadway & Sunnyside Ave,1675
snow,weekday,no_snow,Broadway & Thorndale Ave,4058
snow,weekday,no_snow,Broadway & Waveland Ave,12311
snow,weekday,no_snow,Broadway & Wilson Ave,6529
snow,weekday,no_snow,Buckingham Fountain,6282
snow,weekday,no_snow,Budlong Woods Library,441
snow,weekday,no_snow,Burley Ave & 85th St,42
snow,weekday,no_snow,Burley Ave & 91st St,11
snow,weekday,no_snow,Burling St & Armitage Ave,596
snow,weekday,no_snow,Burling St & Diversey Pkwy,7203
snow,weekday,no_snow,Burling St & Diversey Pkwy*,8
snow,weekday,no_snow,Burnham Greenway & 105th St,61
snow,weekday,no_snow,Burnham Greenway & 112th St,118
snow,weekday,no_snow,Burnham Harbor,5018
snow,weekday,no_snow,California & 16th St,156
snow,weekday,no_snow,California Ave & 21st St,681
snow,weekday,no_snow,California Ave & 23rd Pl,358
snow,weekday,no_snow,California Ave & 26th St,159
snow,weekday,no_snow,California Ave & 29th St,15
snow,weekday,no_snow,California Ave & 36th St,57
snow,weekday,no_snow,California Ave & 41st St,218
snow,weekday,no_snow,California Ave & 71st St,109
snow,weekday,no_snow,California Ave & Altgeld St,2112
snow,weekday,no_snow,California Ave & Byron St,1699
snow,weekday,no_snow,California Ave & Cortez St,3668
snow,weekday,no_snow,California Ave & Division St,2276
snow,weekday,no_snow,California Ave & Fletcher St,2111
snow,weekday,no_snow,California Ave & Francis Pl,2597
snow,weekday,no_snow,California Ave & Granville Ave,817
snow,weekday,no_snow,California Ave & Lake St,568
snow,weekday,no_snow,California Ave & Madison St,134
snow,weekday,no_snow,California Ave & Marquette Rd,73
snow,weekday,no_snow,California Ave & Milwaukee Ave,7111
snow,weekday,no_snow,California Ave & Montrose Ave,2199
snow,weekday,no_snow,California Ave & North Ave,2418
snow,weekday,no_snow,California Ave & Touhy Ave,214
snow,weekday,no_snow,California Ave & Winona St,329
snow,weekday,no_snow,Calumet Ave & 18th St,5190
snow,weekday,no_snow,Calumet Ave & 21st St,3408
snow,weekday,no_snow,Calumet Ave & 33rd St,2725
snow,weekday,no_snow,Calumet Ave & 35th St,907
snow,weekday,no_snow,Calumet Ave & 51st St,451
snow,weekday,no_snow,Calumet Ave & 71st St,30
snow,weekday,no_snow,Calumet Park,87
snow,weekday,no_snow,Campbell Ave & 51st St,77
snow,weekday,no_snow,Campbell Ave & Augusta Blvd,1883
snow,weekday,no_snow,Campbell Ave & Fullerton Ave,1583
snow,weekday,no_snow,Campbell Ave & Irving Park Rd,485
snow,weekday,no_snow,Campbell Ave & Montrose Ave,2355
snow,weekday,no_snow,Campbell Ave & North Ave,3793
snow,weekday,no_snow,Canal St & Adams St,18939
snow,weekday,no_snow,Canal St & Harrison St,2364
snow,weekday,no_snow,Canal St & Jackson Blvd,10508
snow,weekday,no_snow,Canal St & Madison St,25460
snow,weekday,no_snow,Canal St & Monroe St,8298
snow,weekday,no_snow,Canal St & Taylor St,3604
snow,weekday,no_snow,Cannon Dr & Fullerton Ave,2727
snow,weekday,no_snow,Carpenter St & 63rd St,16
snow,weekday,no_snow,Carpenter St & Fulton St,849
snow,weekday,no_snow,Carpenter St & Huron St,5856
snow,weekday,no_snow,Central & Elston,104
snow,weekday,no_snow,Central Ave & Altgeld St,167
snow,weekday,no_snow,Central Ave & Chicago Ave,98
snow,weekday,no_snow,Central Ave & Harrison St,26
snow,weekday,no_snow,Central Ave & Lake St,111
snow,weekday,no_snow,Central Ave & Madison St,53
snow,weekday,no_snow,Central Ave & Parker Ave,126
snow,weekday,no_snow,Central Ave & Roscoe St,89
snow,weekday,no_snow,Central Ave & Wellington Ave,80
snow,weekday,no_snow,Central Park & Augusta Blvd,225
snow,weekday,no_snow,Central Park Ave & 24th St,170
snow,weekday,no_snow,Central Park Ave & 66th St,15
snow,weekday,no_snow,Central Park Ave & Ardmore Ave,355
snow,weekday,no_snow,Central Park Ave & Bloomingdale Ave,1548
snow,weekday,no_snow,Central Park Ave & Douglas Blvd,60
snow,weekday,no_snow,Central Park Ave & Elbridge Ave,2023
snow,weekday,no_snow,Central Park Ave & North Ave,839
snow,weekday,no_snow,Central Park Ave & Ogden Ave,325
snow,weekday,no_snow,Central Park Ave & Ohio St,83
snow,weekday,no_snow,Central Park Ave & Washington Blvd,65
snow,weekday,no_snow,Central Park Blvd & 5th Ave,151
snow,weekday,no_snow,Central St & Girard Ave,591
snow,weekday,no_snow,Central St Metra,824
snow,weekday,no_snow,Cherry Ave & Blackhawk St,1642
snow,weekday,no_snow,Chicago Ave & Sheridan Rd,3429
snow,weekday,no_snow,Chicago Ave & Washington St,1934
snow,weekday,no_snow,Chicago State University,172
snow,weekday,no_snow,Christiana Ave & Lawrence Ave,1360
snow,weekday,no_snow,Cicero Ave & Flournoy St,41
snow,weekday,no_snow,Cicero Ave & Lake St,42
snow,weekday,no_snow,Cicero Ave & Quincy St,37
snow,weekday,no_snow,Cicero Ave & Roscoe Ave,146
snow,weekday,no_snow,Cicero Ave & Wellington Ave,61
snow,weekday,no_snow,Cicero Ave & Wrightwood Ave,224
snow,weekday,no_snow,Cityfront Plaza Dr & Pioneer Ct,7826
snow,weekday,no_snow,Claremont Ave & Hirsch St,1537
snow,weekday,no_snow,Clarendon Ave & Gordon Ter,8943
snow,weekday,no_snow,Clarendon Ave & Junior Ter,7259
snow,weekday,no_snow,Clarendon Ave & Leland Ave,4427
snow,weekday,no_snow,Clark St & 9th St (AMLI),2774
snow,weekday,no_snow,Clark St & Arlington Pl,2549
snow,weekday,no_snow,Clark St & Armitage Ave,15152
snow,weekday,no_snow,Clark St & Berwyn Ave,7166
snow,weekday,no_snow,Clark St & Bryn Mawr Ave,4882
snow,weekday,no_snow,Clark St & Chicago Ave,7667
snow,weekday,no_snow,Clark St & Columbia Ave,1567
snow,weekday,no_snow,Clark St & Drummond Pl,10073
snow,weekday,no_snow,Clark St & Eddy St,1425
snow,weekday,no_snow,Clark St & Elm St,20280
snow,weekday,no_snow,Clark St & Elmdale Ave,1780
snow,weekday,no_snow,Clark St & Fletcher St,496
snow,weekday,no_snow,Clark St & Grace St,6607
snow,weekday,no_snow,Clark St & Ida B Wells Dr,6017
snow,weekday,no_snow,Clark St & Jarvis Ave,870
snow,weekday,no_snow,Clark St & Lake St,13925
snow,weekday,no_snow,Clark St & Leland Ave,5347
snow,weekday,no_snow,Clark St & Lincoln Ave,14264
snow,weekday,no_snow,Clark St & Lunt Ave,2821
snow,weekday,no_snow,Clark St & Montrose Ave,4736
snow,weekday,no_snow,Clark St & Newport St,10985
snow,weekday,no_snow,Clark St & North Ave,6575
snow,weekday,no_snow,Clark St & Schiller St,9632
snow,weekday,no_snow,Clark St & Schreiber Ave,2070
snow,weekday,no_snow,Clark St & Touhy Ave,551
snow,weekday,no_snow,Clark St & Washington St,98
snow,weekday,no_snow,Clark St & Wellington Ave,8804
snow,weekday,no_snow,Clark St & Winnemac Ave,8642
snow,weekday,no_snow,Clark St & Wrightwood Ave,11354
snow,weekday,no_snow,Clark/Eddy,543
snow,weekday,no_snow,Clark/Newport,356
snow,weekday,no_snow,Clark/Newport Corral,570
snow,weekday,no_snow,Clark/Racine,135
snow,weekday,no_snow,Clark/Racine Corral,414
snow,weekday,no_snow,Clifton Ave & Armitage Ave,7085
snow,weekday,no_snow,Clinton St & 18th St,2316
snow,weekday,no_snow,Clinton St & Jackson Blvd,20557
snow,weekday,no_snow,Clinton St & Lake St,14446
snow,weekday,no_snow,Clinton St & Madison St,24131
snow,weekday,no_snow,Clinton St & Polk St,842
snow,weekday,no_snow,Clinton St & Roosevelt Rd,3856
snow,weekday,no_snow,Clinton St & Tilden St,4810
snow,weekday,no_snow,Clinton St & Washington Blvd,27920
snow,weekday,no_snow,Clybourn Ave & Division St,3589
snow,weekday,no_snow,Clyde Ave & 87th St,73
snow,weekday,no_snow,Columbus Ave & 79th St,71
snow,weekday,no_snow,Columbus Ave & 83rd Pl,19
snow,weekday,no_snow,Columbus Dr & Randolph St,14257
snow,weekday,no_snow,Commercial Ave & 100th St,16
snow,weekday,no_snow,Commercial Ave & 130th St,65
snow,weekday,no_snow,Commercial Ave & 83rd St,94
snow,weekday,no_snow,Commercial Ave & 90th St,28
snow,weekday,no_snow,Commercial Ave & 97th St,40
snow,weekday,no_snow,Conservatory Dr & Lake St,267
snow,weekday,no_snow,Constance Ave & 95th St,29
snow,weekday,no_snow,Cornell Ave & Hyde Park Blvd,4303
snow,weekday,no_snow,Cottage Grove Ave & 111th Pl,25
snow,weekday,no_snow,Cottage Grove Ave & 43rd St,380
snow,weekday,no_snow,Cottage Grove Ave & 47th St,416
snow,weekday,no_snow,Cottage Grove Ave & 49th St,101
snow,weekday,no_snow,Cottage Grove Ave & 51st St,497
snow,weekday,no_snow,Cottage Grove Ave & 63rd St,652
snow,weekday,no_snow,Cottage Grove Ave & 67th St,355
snow,weekday,no_snow,Cottage Grove Ave & 71st St,40
snow,weekday,no_snow,Cottage Grove Ave & 78th St,26
snow,weekday,no_snow,Cottage Grove Ave & 83rd St,136
snow,weekday,no_snow,Cottage Grove Ave & Oakwood Blvd,698
snow,weekday,no_snow,Cumberland Ave & Catherine Ave,169
snow,weekday,no_snow,Daley Center Plaza,17650
snow,weekday,no_snow,Daley Center Plaza Corral,52
snow,weekday,no_snow,Damen Ave & 33rd St,23
snow,weekday,no_snow,Damen Ave & 51st St,55
snow,weekday,no_snow,Damen Ave & 59th St,57
snow,weekday,no_snow,Damen Ave & 74th St,27
snow,weekday,no_snow,Damen Ave & 77th St,36
snow,weekday,no_snow,Damen Ave & 81st St,89
snow,weekday,no_snow,Damen Ave & 87th St,42
snow,weekday,no_snow,Damen Ave & Charleston St,3566
snow,weekday,no_snow,Damen Ave & Chicago Ave,6777
snow,weekday,no_snow,Damen Ave & Clybourn Ave,2721
snow,weekday,no_snow,Damen Ave & Cortland St,6779
snow,weekday,no_snow,Damen Ave & Cullerton St,1780
snow,weekday,no_snow,Damen Ave & Division St,5509
snow,weekday,no_snow,Damen Ave & Evergreen Ave,174
snow,weekday,no_snow,Damen Ave & Foster Ave,3375
snow,weekday,no_snow,Damen Ave & Grand Ave,3261
snow,weekday,no_snow,Damen Ave & Lake St,3037
snow,weekday,no_snow,Damen Ave & Leland Ave,4326
snow,weekday,no_snow,Damen Ave & Madison St,1732
snow,weekday,no_snow,Damen Ave & Melrose Ave,2691
snow,weekday,no_snow,Damen Ave & Ohio St,211
snow,weekday,no_snow,Damen Ave & Pershing Rd,211
snow,weekday,no_snow,Damen Ave & Pierce Ave,8884
snow,weekday,no_snow,Damen Ave & St Paul Ave,534
snow,weekday,no_snow,Damen Ave & Sunnyside Ave,2714
snow,weekday,no_snow,Damen Ave & Thomas St (Augusta Blvd),5161
snow,weekday,no_snow,Damen Ave & Wabansia Ave,1935
snow,weekday,no_snow,Damen Ave & Wellington Ave,3202
snow,weekday,no_snow,Damen Ave & Wicker Park Ave,3489
snow,weekday,no_snow,Damen Ave/Coulter St,419
snow,weekday,no_snow,Dan Ryan Woods & 83rd St,142
snow,weekday,no_snow,Dauphin Ave & 103rd St,62
snow,weekday,no_snow,Dauphin Ave & 87th St,62
snow,weekday,no_snow,Dayton St & North Ave,7907
snow,weekday,no_snow,Dearborn Pkwy & Delaware Pl,15172
snow,weekday,no_snow,Dearborn St & Adams St,8600
snow,weekday,no_snow,Dearborn St & Adams St Corral,521
snow,weekday,no_snow,Dearborn St & Division St,1770
snow,weekday,no_snow,Dearborn St & Erie St,15633
snow,weekday,no_snow,Dearborn St & Madison St,309
snow,weekday,no_snow,Dearborn St & Maple St,1985
snow,weekday,no_snow,Dearborn St & Monroe St,13095
snow,weekday,no_snow,Dearborn St & Van Buren St,4137
snow,weekday,no_snow,Dearborn St & Washington St,85
snow,weekday,no_snow,Delano Ct & Roosevelt Rd,3745
snow,weekday,no_snow,Desplaines St & Jackson Blvd,8864
snow,weekday,no_snow,Desplaines St & Kinzie St,13831
snow,weekday,no_snow,Desplaines St & Randolph St,4919
snow,weekday,no_snow,Dodge Ave & Church St,503
snow,weekday,no_snow,Dodge Ave & Main St,508
snow,weekday,no_snow,Dodge Ave & Mulford St,293
snow,weekday,no_snow,Dorchester Ave & 49th St,747
snow,weekday,no_snow,Dorchester Ave & 53rd St,180
snow,weekday,no_snow,Dorchester Ave & 63rd St,618
snow,weekday,no_snow,Doty Ave & 111th St,33
snow,weekday,no_snow,Drake Ave & Addison St,1462
snow,weekday,no_snow,Drake Ave & Montrose Ave,965
snow,weekday,no_snow,Drexel Ave & 60th St,3252
snow,weekday,no_snow,DuSable Lake Shore Dr & Belmont Ave,10593
snow,weekday,no_snow,DuSable Lake Shore Dr & Diversey Pkwy,12251
snow,weekday,no_snow,DuSable Lake Shore Dr & Monroe St,20626
snow,weekday,no_snow,DuSable Lake Shore Dr & North Blvd,19663
snow,weekday,no_snow,DuSable Lake Shore Dr & Wellington Ave,9447
snow,weekday,no_snow,DuSable Museum,408
snow,weekday,no_snow,Dusable Harbor,11682
snow,weekday,no_snow,East End Ave & 87th St,32
snow,weekday,no_snow,Eastlake Ter & Howard St,994
snow,weekday,no_snow,Eberhart Ave & 131st St,6
snow,weekday,no_snow,Eberhart Ave & 61st St,209
snow,weekday,no_snow,Eberhart Ave & 91st St,31
snow,weekday,no_snow,Eckhart Park,4780
snow,weekday,no_snow,Eddy/Seminary Corral,800
snow,weekday,no_snow,Edgebrook Metra,300
snow,weekday,no_snow,Eggleston Ave & 111th St,39
snow,weekday,no_snow,Eggleston Ave & 115th St,25
snow,weekday,no_snow,Eggleston Ave & 69th St,51
snow,weekday,no_snow,Eggleston Ave & 92nd St,40
snow,weekday,no_snow,Elizabeth St & 47th St,73
snow,weekday,no_snow,Elizabeth St & 92nd St,21
snow,weekday,no_snow,Elizabeth St & Fulton St,5530
snow,weekday,no_snow,Elizabeth St & Randolph St,7193
snow,weekday,no_snow,Ellis Ave & 53rd St,4211
snow,weekday,no_snow,Ellis Ave & 55th St,12552
snow,weekday,no_snow,Ellis Ave & 58th St,6679
snow,weekday,no_snow,Ellis Ave & 60th St,12628
snow,weekday,no_snow,Ellis Ave & 83rd St,56
snow,weekday,no_snow,Elmwood Ave & Austin St,771
snow,weekday,no_snow,Elston Ave & Carmen Ave,182
snow,weekday,no_snow,Elston Ave & Cortland St,8694
snow,weekday,no_snow,Elston Ave & George St,1084
snow,weekday,no_snow,Elston Ave & Henderson St,695
snow,weekday,no_snow,Elston Ave & Wabansia Ave,2007
snow,weekday,no_snow,Emerald Ave & 28th St,1068
snow,weekday,no_snow,Emerald Ave & 31st St,2450
snow,weekday,no_snow,Evans Ave & 75th St,17
snow,weekday,no_snow,Evanston Civic Center,1006
snow,weekday,no_snow,Ewing Ave & 106th St,84
snow,weekday,no_snow,Ewing Ave & 97th St,17
snow,weekday,no_snow,Ewing Ave & 98th St,38
snow,weekday,no_snow,Ewing Ave & Burnham Greenway,65
snow,weekday,no_snow,Exchange Ave & 79th St,120
snow,weekday,no_snow,Fairbanks Ct & Grand Ave,10846
snow,weekday,no_snow,Fairbanks St & Superior St,4965
snow,weekday,no_snow,Fairfield Ave & 44th St,250
snow,weekday,no_snow,Fairfield Ave & Pratt Blvd,296
snow,weekday,no_snow,Fairfield Ave & Roosevelt Rd,183
snow,weekday,no_snow,Farragut Ave & Central Ave,184
snow,weekday,no_snow,Federal St & Polk St,11256
snow,weekday,no_snow,Field Blvd & South Water St,8186
snow,weekday,no_snow,Field Museum,5491
snow,weekday,no_snow,Financial Pl & Ida B Wells Dr,6593
snow,weekday,no_snow,Fort Dearborn Dr & 31st St,782
snow,weekday,no_snow,Fort Dearborn Dr & 31st St*,2255
snow,weekday,no_snow,Francisco Ave & 47th St,79
snow,weekday,no_snow,Francisco Ave & 85th St,81
snow,weekday,no_snow,Francisco Ave & Bloomingdale Ave,668
snow,weekday,no_snow,Francisco Ave & Chicago Ave,1356
snow,weekday,no_snow,Francisco Ave & Foster Ave,1652
snow,weekday,no_snow,Francisco Ave & Hollywood Ave,51
snow,weekday,no_snow,Francisco Ave & Montrose Ave,846
snow,weekday,no_snow,Franciso Ave & Bloomingdale Ave,7
snow,weekday,no_snow,Franklin St & Adams St,6901
snow,weekday,no_snow,Franklin St & Adams St (Temp),1337
snow,weekday,no_snow,Franklin St & Adams St Corral,1790
snow,weekday,no_snow,Franklin St & Chicago Ave,8831
snow,weekday,no_snow,Franklin St & Chicago Ave*,52
snow,weekday,no_snow,Franklin St & Illinois St,9193
snow,weekday,no_snow,Franklin St & Jackson Blvd,11712
snow,weekday,no_snow,Franklin St & Lake St,10772
snow,weekday,no_snow,Franklin St & Madison St,357
snow,weekday,no_snow,Franklin St & Monroe St,18106
snow,weekday,no_snow,Franklin St & Monroe St Corral,197
snow,weekday,no_snow,Franklin St & Washington St,3586
snow,weekday,no_snow,Fullerton & Monitor,30
snow,weekday,no_snow,Fulton Market,2885
snow,weekday,no_snow,Glenwood Ave & Morse Ave,2886
snow,weekday,no_snow,Glenwood Ave & Touhy Ave,1051
snow,weekday,no_snow,Grace St & Central Ave,118
snow,weekday,no_snow,Grace St & Cicero Ave,222
snow,weekday,no_snow,Grace/Sheffield,89
snow,weekday,no_snow,Grace/Sheffield Corral,378
snow,weekday,no_snow,Granville Ave & Clark St,104
snow,weekday,no_snow,Granville Ave & Pulaski Rd,89
snow,weekday,no_snow,Green St & 86th St,2
snow,weekday,no_snow,Green St & Chicago Ave,1151
snow,weekday,no_snow,Green St & Lake St,2872
snow,weekday,no_snow,Green St & Madison St,12860
snow,weekday,no_snow,Green St & Randolph St*,6135
snow,weekday,no_snow,Green St & Washington Blvd,4816
snow,weekday,no_snow,Greenview Ave & Diversey Pkwy,3878
snow,weekday,no_snow,Greenview Ave & Fullerton Ave,5546
snow,weekday,no_snow,Greenview Ave & Jarvis Ave,1964
snow,weekday,no_snow,Greenwood Ave & 47th St,1081
snow,weekday,no_snow,Greenwood Ave & 79th St,32
snow,weekday,no_snow,Greenwood Ave & 91st St,19
snow,weekday,no_snow,Greenwood Ave & 97th St,30
snow,weekday,no_snow,Griffin Museum of Science and Industry,3224
snow,weekday,no_snow,Hale Ave & 107th St,107
snow,weekday,no_snow,Halsted St & 104th St,56
snow,weekday,no_snow,Halsted St & 111th St,23
snow,weekday,no_snow,Halsted St & 119th St,16
snow,weekday,no_snow,Halsted St & 123rd St,17
snow,weekday,no_snow,Halsted St & 18th St,2842
snow,weekday,no_snow,Halsted St & 21st St,1647
snow,weekday,no_snow,Halsted St & 35th St,1582
snow,weekday,no_snow,Halsted St & 37th St,454
snow,weekday,no_snow,Halsted St & 47th Pl,174
snow,weekday,no_snow,Halsted St & 51st St,215
snow,weekday,no_snow,Halsted St & 56th St,32
snow,weekday,no_snow,Halsted St & 59th St,51
snow,weekday,no_snow,Halsted St & 63rd St,85
snow,weekday,no_snow,Halsted St & 69th St,103
snow,weekday,no_snow,Halsted St & 73rd St,26
snow,weekday,no_snow,Halsted St & 78th St,45
snow,weekday,no_snow,Halsted St & 83rd St,15
snow,weekday,no_snow,Halsted St & 93rd St,33
snow,weekday,no_snow,Halsted St & 96th St,129
snow,weekday,no_snow,Halsted St & Archer Ave,1568
snow,weekday,no_snow,Halsted St & Armitage Ave,1045
snow,weekday,no_snow,Halsted St & Belden St,1328
snow,weekday,no_snow,Halsted St & Clybourn Ave,11962
snow,weekday,no_snow,Halsted St & Court Pl,50
snow,weekday,no_snow,Halsted St & Dickens Ave,7537
snow,weekday,no_snow,Halsted St & Dickens Ave*,27
snow,weekday,no_snow,Halsted St & Fulton St,10332
snow,weekday,no_snow,Halsted St & Lake St,877
snow,weekday,no_snow,Halsted St & Maxwell St,6380
snow,weekday,no_snow,Halsted St & Melrose St,236
snow,weekday,no_snow,Halsted St & North Branch St,851
snow,weekday,no_snow,Halsted St & Polk St,7517
snow,weekday,no_snow,Halsted St & Roosevelt Rd,4238
snow,weekday,no_snow,Halsted St & Roscoe St,9267
snow,weekday,no_snow,Halsted St & Willow St,5815
snow,weekday,no_snow,Halsted St & Wrightwood Ave,9016
snow,weekday,no_snow,Hamilton Park,38
snow,weekday,no_snow,Hamlin Ave & 62nd Pl,33
snow,weekday,no_snow,Hamlin Ave & Grand Ave,81
snow,weekday,no_snow,Hampden Ct & Diversey Ave,1771
snow,weekday,no_snow,Hampden Ct & Diversey Pkwy,2809
snow,weekday,no_snow,Harding Ave & 26th St,86
snow,weekday,no_snow,Harding Ave & 31st St,42
snow,weekday,no_snow,Harding Ave & Chicago Ave,101
snow,weekday,no_snow,Harding Ave & Division St,95
snow,weekday,no_snow,Harlem Ave & Bloomingdale Ave,102
snow,weekday,no_snow,Harlem Ave & Grace St,32
snow,weekday,no_snow,Harlem Ave & Irving Park Rd,118
snow,weekday,no_snow,Harper Ave & 55th St,256
snow,weekday,no_snow,Harper Ave & 59th St,1635
snow,weekday,no_snow,Hastings LWS,227
snow,weekday,no_snow,Hastings St Depot LWS,18
snow,weekday,no_snow,Hegewisch Metra Station,37
snow,weekday,no_snow,Hermitage Ave & Polk St,4638
snow,weekday,no_snow,Higgins Ave & Austin Ave,151
snow,weekday,no_snow,Homan Ave & 26th St,64
snow,weekday,no_snow,Homan Ave & 65th St,17
snow,weekday,no_snow,Homan Ave & 77th St,20
snow,weekday,no_snow,Homan Ave & Arthington Ave,59
snow,weekday,no_snow,Homan Ave & Fillmore St,60
snow,weekday,no_snow,Homewood Ave & 115th St,30
snow,weekday,no_snow,Honore St & Division St,6846
snow,weekday,no_snow,Houston Ave & 92nd St,67
snow,weekday,no_snow,Hoyne Ave & 34th St,179
snow,weekday,no_snow,Hoyne Ave & 47th St,375
snow,weekday,no_snow,Hoyne Ave & Balmoral Ave,1355
snow,weekday,no_snow,Hubbard St Depot,18
snow,weekday,no_snow,Hudson Ave & Armitage Ave,1286
snow,weekday,no_snow,Humboldt Blvd & Armitage Ave,2943
snow,weekday,no_snow,Hyacinth Ave & Milwaukee Ave,213
snow,weekday,no_snow,Indiana Ave & 103rd St,56
snow,weekday,no_snow,Indiana Ave & 133rd St,9
snow,weekday,no_snow,Indiana Ave & 26th St,1779
snow,weekday,no_snow,Indiana Ave & 31st St,1442
snow,weekday,no_snow,Indiana Ave & 40th St,212
snow,weekday,no_snow,Indiana Ave & Roosevelt Rd,13662
snow,weekday,no_snow,Jefferson St & Monroe St,4459
snow,weekday,no_snow,Jeffery Blvd & 67th St,309
snow,weekday,no_snow,Jeffery Blvd & 71st St,278
snow,weekday,no_snow,Jeffery Blvd & 76th St,47
snow,weekday,no_snow,Karlov Ave & Armitage Ave,713
snow,weekday,no_snow,Karlov Ave & Fillmore St,31
snow,weekday,no_snow,Karlov Ave & Lawrence Ave,351
snow,weekday,no_snow,Karlov Ave & Madison St,34
snow,weekday,no_snow,Kedvale Ave & Peterson Ave,104
snow,weekday,no_snow,Kedzie Ave & 104th St,23
snow,weekday,no_snow,Kedzie Ave & 110th St,18
snow,weekday,no_snow,Kedzie Ave & 21st St,390
snow,weekday,no_snow,Kedzie Ave & 24th St,77
snow,weekday,no_snow,Kedzie Ave & 38th Pl,52
snow,weekday,no_snow,Kedzie Ave & 45th St,19
snow,weekday,no_snow,Kedzie Ave & 48th Pl,519
snow,weekday,no_snow,Kedzie Ave & 52nd St,65
snow,weekday,no_snow,Kedzie Ave & 54th Pl,125
snow,weekday,no_snow,Kedzie Ave & 57th St,401
snow,weekday,no_snow,Kedzie Ave & 60th St,117
snow,weekday,no_snow,Kedzie Ave & 66th Pl,64
snow,weekday,no_snow,Kedzie Ave & 73rd St,27
snow,weekday,no_snow,Kedzie Ave & 83rd St,35
snow,weekday,no_snow,Kedzie Ave & Archer Ave,124
snow,weekday,no_snow,Kedzie Ave & Armitage Ave,528
snow,weekday,no_snow,Kedzie Ave & Bryn Mawr Ave,619
snow,weekday,no_snow,Kedzie Ave & Chicago Ave,496
snow,weekday,no_snow,Kedzie Ave & Foster Ave,753
snow,weekday,no_snow,Kedzie Ave & George St,1004
snow,weekday,no_snow,Kedzie Ave & Harrison St,93
snow,weekday,no_snow,Kedzie Ave & Jackson Blvd,93
snow,weekday,no_snow,Kedzie Ave & Lake St,329
snow,weekday,no_snow,Kedzie Ave & Leland Ave,1359
snow,weekday,no_snow,Kedzie Ave & Milwaukee Ave,6731
snow,weekday,no_snow,Kedzie Ave & Palmer Ct,2838
snow,weekday,no_snow,Kedzie Ave & Redfield Dr,70
snow,weekday,no_snow,Kedzie Ave & Roosevelt Rd,90
snow,weekday,no_snow,Keeler Ave & Carmen Ave,221
snow,weekday,no_snow,Keeler Ave & Roosevelt Rd,51
snow,weekday,no_snow,Kenmore Ave & School St,121
snow,weekday,no_snow,Kenneth Ave & 50th St,43
snow,weekday,no_snow,Kenneth Ave & Lawrence Ave,419
snow,weekday,no_snow,Kenosha Ave & Wellington Ave,226
snow,weekday,no_snow,Kenton Ave & Madison St,47
snow,weekday,no_snow,Kenwood Ave & 57th St,139
snow,weekday,no_snow,Keystone Ave & Fullerton Ave,908
snow,weekday,no_snow,Keystone Ave & Montrose Ave,764
snow,weekday,no_snow,Kilbourn Ave & 49th St,63
snow,weekday,no_snow,Kilbourn Ave & Belden Ave,446
snow,weekday,no_snow,Kilbourn Ave & Diversey Ave,287
snow,weekday,no_snow,Kilbourn Ave & Irving Park Rd,464
snow,weekday,no_snow,Kilbourn Ave & Milwaukee Ave,317
snow,weekday,no_snow,Kilbourn Ave & Roscoe St,267
snow,weekday,no_snow,Kildare & Cermak,18
snow,weekday,no_snow,Kildare Ave & 26th St,62
snow,weekday,no_snow,Kildare Ave & 47th St,58
snow,weekday,no_snow,Kildare Ave & 55th St,36
snow,weekday,no_snow,Kildare Ave & 85th St (Kostner Ave & 87th St TEMPORARY),14
snow,weekday,no_snow,Kildare Ave & Archer Ave,40
snow,weekday,no_snow,Kildare Ave & Chicago Ave,79
snow,weekday,no_snow,Kildare Ave & Division St,114
snow,weekday,no_snow,Kildare Ave & Montrose Ave,404
snow,weekday,no_snow,Kildare Ave & North Ave,229
snow,weekday,no_snow,Kilpatrick Ave & Grand Ave,246
snow,weekday,no_snow,Kilpatrick Ave & Parker Ave,132
snow,weekday,no_snow,Kimball Ave & Belmont Ave,2760
snow,weekday,no_snow,Kimbark Ave & 53rd St,9345
snow,weekday,no_snow,Kingsbury St & Erie St,14190
snow,weekday,no_snow,Kingsbury St & Kinzie St,30002
snow,weekday,no_snow,Kingsbury St & Kinzie St 1,449
snow,weekday,no_snow,Kingsbury St & Kinzie St 2,219
snow,weekday,no_snow,Knox Ave & Marquette Ave,46
snow,weekday,no_snow,Knox Ave & Montrose Ave,665
snow,weekday,no_snow,Komensky Ave & 31st St,151
snow,weekday,no_snow,Komensky Ave & 47th St,110
snow,weekday,no_snow,Komensky Ave & 55th St,30
snow,weekday,no_snow,Kosciuszko Park,1545
snow,weekday,no_snow,Kostner Ave & 63rd St,133
snow,weekday,no_snow,Kostner Ave & Adams St,55
snow,weekday,no_snow,Kostner Ave & Belmont Ave,216
snow,weekday,no_snow,Kostner Ave & Bryn Mawr Ave,195
snow,weekday,no_snow,Kostner Ave & Devon Ave,147
snow,weekday,no_snow,Kostner Ave & Lake St,48
snow,weekday,no_snow,Kostner Ave & Wrightwood Ave,456
snow,weekday,no_snow,La Villita Park,63
snow,weekday,no_snow,LaSalle Dr & Huron St,6745
snow,weekday,no_snow,LaSalle St & Adams St,4272
snow,weekday,no_snow,LaSalle St & Adams St Corral,595
snow,weekday,no_snow,LaSalle St & Calhoun Pl,1809
snow,weekday,no_snow,LaSalle St & Calhoun Pl Corral,605
snow,weekday,no_snow,LaSalle St & Illinois St,13898
snow,weekday,no_snow,LaSalle St & Jackson Blvd,13335
snow,weekday,no_snow,LaSalle St & Jackson Blvd Corral,1159
snow,weekday,no_snow,LaSalle St & Washington St,5679
snow,weekday,no_snow,LaSalle St & Washington St Corral,441
snow,weekday,no_snow,LaSalle St & Washington St Corral N,464
snow,weekday,no_snow,LaSalle St & Washington St Corral S,9
snow,weekday,no_snow,Laflin St & 115th St,17
snow,weekday,no_snow,Laflin St & Cullerton St,1856
snow,weekday,no_snow,Lake Park Ave & 35th St,1397
snow,weekday,no_snow,Lake Park Ave & 47th St,1469
snow,weekday,no_snow,Lake Park Ave & 53rd St,4734
snow,weekday,no_snow,Lake Park Ave & 56th St,5140
snow,weekday,no_snow,Lakefront Trail & Bryn Mawr Ave,6753
snow,weekday,no_snow,Lakefront Trail & Wilson Ave,4047
snow,weekday,no_snow,Lakeview Ave & Fullerton Pkwy,9948
snow,weekday,no_snow,Lamon Ave & 47th St,34
snow,weekday,no_snow,Lamon Ave & Armitage Ave,96
snow,weekday,no_snow,Lamon Ave & Belmont Ave,146
snow,weekday,no_snow,Lamon Ave & Chicago Ave,57
snow,weekday,no_snow,Laramie Ave & Addison St,160
snow,weekday,no_snow,Laramie Ave & Bloomingdale Ave,177
snow,weekday,no_snow,Laramie Ave & Gladys Ave,13
snow,weekday,no_snow,Laramie Ave & Irving Park Rd,239
snow,weekday,no_snow,Laramie Ave & Kinzie St,95
snow,weekday,no_snow,Laramie Ave & Madison St,59
snow,weekday,no_snow,Larrabee St & Armitage Ave,4998
snow,weekday,no_snow,Larrabee St & Chicago Ave,103
snow,weekday,no_snow,Larrabee St & Clybourn Ave,769
snow,weekday,no_snow,Larrabee St & Division St,6366
snow,weekday,no_snow,Larrabee St & Kingsbury St,15193
snow,weekday,no_snow,Larrabee St & Kingsbury St 1,939
snow,weekday,no_snow,Larrabee St & Kingsbury St 2,651
snow,weekday,no_snow,Larrabee St & Menomonee St,3798
snow,weekday,no_snow,Larrabee St & North Ave,3685
snow,weekday,no_snow,Larrabee St & Oak St,5057
snow,weekday,no_snow,Larrabee St & Webster Ave,9791
snow,weekday,no_snow,Lasalle St & Washington St,24
snow,weekday,no_snow,Latrobe Ave & Chicago Ave,48
snow,weekday,no_snow,Lavergne Ave & 44th St,5
snow,weekday,no_snow,Lavergne Ave & 46th St,21
snow,weekday,no_snow,Lavergne Ave & Diversey Ave,92
snow,weekday,no_snow,Lavergne Ave & Division St,90
snow,weekday,no_snow,Lavergne Ave & Fullerton Ave,221
snow,weekday,no_snow,Lavergne Ave & Lawrence Ave,217
snow,weekday,no_snow,Lawler Ave & 50th St,99
snow,weekday,no_snow,Lawler Ave & North Ave,102
snow,weekday,no_snow,Lawndale Ave & 111th St,42
snow,weekday,no_snow,Lawndale Ave & 16th St,38
snow,weekday,no_snow,Lawndale Ave & 30th St,104
snow,weekday,no_snow,Lawndale Ave & 59th St,69
snow,weekday,no_snow,Le Mai Ave & Devon Ave,52
snow,weekday,no_snow,Leamington Ave & Hirsch St,77
snow,weekday,no_snow,Leavitt St & Addison St,1718
snow,weekday,no_snow,Leavitt St & Archer Ave,695
snow,weekday,no_snow,Leavitt St & Armitage Ave,3449
snow,weekday,no_snow,Leavitt St & Augusta Blvd,606
snow,weekday,no_snow,Leavitt St & Belmont Ave,2980
snow,weekday,no_snow,Leavitt St & Chicago Ave,3519
snow,weekday,no_snow,Leavitt St & Division St,2778
snow,weekday,no_snow,Leavitt St & Hirsch St,432
snow,weekday,no_snow,Leavitt St & Lawrence Ave,2392
snow,weekday,no_snow,Leavitt St & North Ave,3617
snow,weekday,no_snow,Leavitt St/North Ave,1368
snow,weekday,no_snow,Leclaire Ave & Belmont Ave,166
snow,weekday,no_snow,Lexington St & California Ave,134
snow,weekday,no_snow,Lincoln Ave & Addison St,2686
snow,weekday,no_snow,Lincoln Ave & Balmoral Ave,548
snow,weekday,no_snow,Lincoln Ave & Belle Plaine Ave,3290
snow,weekday,no_snow,Lincoln Ave & Byron St,2942
snow,weekday,no_snow,Lincoln Ave & Dickens Ave,1331
snow,weekday,no_snow,Lincoln Ave & Diversey Pkwy,6614
snow,weekday,no_snow,Lincoln Ave & Fullerton Ave,11365
snow,weekday,no_snow,Lincoln Ave & Melrose St,6798
snow,weekday,no_snow,Lincoln Ave & Montana St,1004
snow,weekday,no_snow,Lincoln Ave & Peterson Ave,461
snow,weekday,no_snow,Lincoln Ave & Roscoe St*,6039
snow,weekday,no_snow,Lincoln Ave & Sunnyside Ave,3798
snow,weekday,no_snow,Lincoln Ave & Waveland Ave,3047
snow,weekday,no_snow,Lincoln Ave & Winona St,1569
snow,weekday,no_snow,Lincoln Park Conservatory,7901
snow,weekday,no_snow,Lincolnwood Dr & Central St,395
snow,weekday,no_snow,Linder Ave & Montrose Ave,239
snow,weekday,no_snow,Lock St & 31st St,233
snow,weekday,no_snow,Lockwood Ave & Grand Ave,254
snow,weekday,no_snow,Lockwood Ave & Wrightwood Ave,314
snow,weekday,no_snow,Logan Blvd & Elston Ave,3339
snow,weekday,no_snow,Long & Irving Park,228
snow,weekday,no_snow,Long Ave & Belden Ave,43
snow,weekday,no_snow,Long Ave & Belmont Ave,143
snow,weekday,no_snow,Long Ave & Diversey Ave,156
snow,weekday,no_snow,Long Ave & North Ave,128
snow,weekday,no_snow,Loomis Blvd & 84th St,57
snow,weekday,no_snow,Loomis St & 89th St,23
snow,weekday,no_snow,Loomis St & 95th St,28
snow,weekday,no_snow,Loomis St & Archer Ave,605
snow,weekday,no_snow,Loomis St & Jackson Blvd,3758
snow,weekday,no_snow,Loomis St & Lexington St,8970
snow,weekday,no_snow,Loomis St & Lexington St*,72
snow,weekday,no_snow,Lowell Ave & Armitage Ave,339
snow,weekday,no_snow,Lynch Ave & Elston Ave,137
snow,weekday,no_snow,MLK Jr Dr & 29th St,4026
snow,weekday,no_snow,MLK Jr Dr & 47th St,421
snow,weekday,no_snow,MLK Jr Dr & 56th St,128
snow,weekday,no_snow,MLK Jr Dr & 63rd St,127
snow,weekday,no_snow,MLK Jr Dr & 83rd St,90
snow,weekday,no_snow,MLK Jr Dr & Pershing Rd,782
snow,weekday,no_snow,MTV Hubbard St,2
snow,weekday,no_snow,Madison St & Wells St,12
snow,weekday,no_snow,Major Ave & Addison St,71
snow,weekday,no_snow,Major Ave & Bloomingdale Ave,22
snow,weekday,no_snow,Major Taylor Trail & 111th St,21
snow,weekday,no_snow,Major Taylor Trail & 115th St,30
snow,weekday,no_snow,Major Taylor Trail & 124th St,7
snow,weekday,no_snow,Malcolm X College,1507
snow,weekday,no_snow,Malden St & Wilson Ave,342
snow,weekday,no_snow,Mango Ave & Diversey Ave,35
snow,weekday,no_snow,Mango Ave & Grand Ave,7
snow,weekday,no_snow,Mango Ave & North Ave,74
snow,weekday,no_snow,Manistee Ave & 95th St,12
snow,weekday,no_snow,Manor Ave & Leland Ave,1042
snow,weekday,no_snow,Maplewood Ave & 59th St,46
snow,weekday,no_snow,Maplewood Ave & Peterson Ave,608
snow,weekday,no_snow,Marine Dr & Ainslie St,3985
snow,weekday,no_snow,Marmora Ave & Belmont Ave,36
snow,weekday,no_snow,Marmora Ave & Irving Park Rd,138
snow,weekday,no_snow,Marquette Ave & 89th St,19
snow,weekday,no_snow,Marshfield Ave & 44th St,178
snow,weekday,no_snow,Marshfield Ave & 59th St,22
snow,weekday,no_snow,Marshfield Ave & Diversey Pkwy,156
snow,weekday,no_snow,Marshfield Ave & Wabansia Ave,101
snow,weekday,no_snow,Martin Luther King Dr & 111th St,31
snow,weekday,no_snow,Martin Luther King Dr & 87th St,44
snow,weekday,no_snow,Mason Ave & Belmont Ave,33
snow,weekday,no_snow,Mason Ave & Grand Ave,122
snow,weekday,no_snow,Mason Ave & Montrose Ave,187
snow,weekday,no_snow,May St & 69th St,16
snow,weekday,no_snow,May St & Cullerton St,1723
snow,weekday,no_snow,May St & Hubbard St,224
snow,weekday,no_snow,May St & Taylor St,5823
snow,weekday,no_snow,Mayfield Ave & Roosevelt Rd,52
snow,weekday,no_snow,McClurg Ct & Erie St,10422
snow,weekday,no_snow,McClurg Ct & Ohio St,14917
snow,weekday,no_snow,McCormick Blvd & Devon Ave,730
snow,weekday,no_snow,McCormick Place,3828
snow,weekday,no_snow,Meade Ave & Addison St,69
snow,weekday,no_snow,Meade Ave & Diversey Ave,48
snow,weekday,no_snow,Meade Ave & Fullerton Ave,166
snow,weekday,no_snow,Melvina Ave & Giddings Ave,268
snow,weekday,no_snow,Menard Ave & Lawrence Ave,197
snow,weekday,no_snow,Menard Ave & Milwaukee Ave,59
snow,weekday,no_snow,Menard Ave & North Ave,16
snow,weekday,no_snow,Merrimac Park,150
snow,weekday,no_snow,Michigan Ave & 105th St,50
snow,weekday,no_snow,Michigan Ave & 108th St,8
snow,weekday,no_snow,Michigan Ave & 113th St,10
snow,weekday,no_snow,Michigan Ave & 114th St,12
snow,weekday,no_snow,Michigan Ave & 11th St,381
snow,weekday,no_snow,Michigan Ave & 14th St,7069
snow,weekday,no_snow,Michigan Ave & 18th St,5572
snow,weekday,no_snow,Michigan Ave & 71st St,35
snow,weekday,no_snow,Michigan Ave & 8th St,9743
snow,weekday,no_snow,Michigan Ave & Ida B Wells Dr,4343
snow,weekday,no_snow,Michigan Ave & Jackson Blvd,7707
snow,weekday,no_snow,Michigan Ave & Lake St,13996
snow,weekday,no_snow,Michigan Ave & Madison St,5535
snow,weekday,no_snow,Michigan Ave & Oak St,21012
snow,weekday,no_snow,Michigan Ave & Pearson St,5880
snow,weekday,no_snow,Michigan Ave & Washington St,15778
snow,weekday,no_snow,Midway Orange Line,382
snow,weekday,no_snow,Mies van der Rohe Way & Chestnut St,9971
snow,weekday,no_snow,Mies van der Rohe Way & Chicago Ave,8945
snow,weekday,no_snow,Millard Ave & 26th St,147
snow,weekday,no_snow,Millennium Park,16912
snow,weekday,no_snow,Milwaukee & Fullerton,44
snow,weekday,no_snow,Milwaukee Ave & Agatite Ave,275
snow,weekday,no_snow,Milwaukee Ave & Ainslie St,1297
snow,weekday,no_snow,Milwaukee Ave & Armitage Ave,670
snow,weekday,no_snow,Milwaukee Ave & Cuyler Ave,475
snow,weekday,no_snow,Milwaukee Ave & Diversey Ave,10
snow,weekday,no_snow,Milwaukee Ave & Fullerton Ave,2411
snow,weekday,no_snow,Milwaukee Ave & Grand Ave,8814
snow,weekday,no_snow,Milwaukee Ave & Highland Ave,132
snow,weekday,no_snow,Milwaukee Ave & Rockwell St,2542
snow,weekday,no_snow,Milwaukee Ave & The 606,5377
snow,weekday,no_snow,Milwaukee Ave & Wabansia Ave,1343
snow,weekday,no_snow,Milwaukee Ave & Wabansia Ave*,34
snow,weekday,no_snow,Monitor Ave & Division St,42
snow,weekday,no_snow,Monticello Ave & Chicago Ave,120
snow,weekday,no_snow,Monticello Ave & Irving Park Rd,1468
snow,weekday,no_snow,Monticello Ave & Lawrence Ave,660
snow,weekday,no_snow,Montrose Harbor,10007
snow,weekday,no_snow,Morgan Ave & 14th Pl,3343
snow,weekday,no_snow,Morgan St & 18th St,3504
snow,weekday,no_snow,Morgan St & 31st St,2379
snow,weekday,no_snow,Morgan St & Hubbard St,1150
snow,weekday,no_snow,Morgan St & Lake St*,8478
snow,weekday,no_snow,Morgan St & Pershing Rd,123
snow,weekday,no_snow,Morgan St & Polk St,8849
snow,weekday,no_snow,Mozart St & 55th St,60
snow,weekday,no_snow,Mozart St & 79th St,25
snow,weekday,no_snow,Mozart St & Jackson Blvd,202
snow,weekday,no_snow,Mulligan Ave & Archer Ave,48
snow,weekday,no_snow,N Carpenter St & W Lake St,2642
snow,weekday,no_snow,N Clark St & W Elm St,80
snow,weekday,no_snow,N Damen Ave & W Chicago Ave,705
snow,weekday,no_snow,N Green St & W Lake St,3951
snow,weekday,no_snow,N Paulina St & Lincoln Ave,1108
snow,weekday,no_snow,N Shore Channel Trail & Argyle St,480
snow,weekday,no_snow,N Southport Ave & W Newport Ave,1737
snow,weekday,no_snow,NAVY PIER,165
snow,weekday,no_snow,NEW HASTINGS,1
snow,weekday,no_snow,Nagle Ave & Belmont Ave,108
snow,weekday,no_snow,Narragansett Ave & McLean Ave,111
snow,weekday,no_snow,Narragansett Ave & Montrose Ave,192
snow,weekday,no_snow,Narragansett Ave & North Ave,75
snow,weekday,no_snow,Narragansett Ave & School St,55
snow,weekday,no_snow,Narragansett Ave & Wrightwood Ave,304
snow,weekday,no_snow,Navy Pier,19046
snow,weekday,no_snow,New St & Illinois St,13449
snow,weekday,no_snow,Newcastle Ave & Irving Park Rd,20
snow,weekday,no_snow,Noble St & Milwaukee Ave,4984
snow,weekday,no_snow,Noble St & Ohio St,1439
snow,weekday,no_snow,Noble St & Potomac Ave,74
snow,weekday,no_snow,Nordica Ave & Medill Ave,135
snow,weekday,no_snow,Normal Ave & Archer Ave,643
snow,weekday,no_snow,North Ave & New England Ave,24
snow,weekday,no_snow,North Boundary Park,367
snow,weekday,no_snow,Oak Park & Wellington,201
snow,weekday,no_snow,Oakley Ave & Irving Park Rd,1578
snow,weekday,no_snow,Oakley Ave & Lyndale St,97
snow,weekday,no_snow,Oakley Ave & Touhy Ave,436
snow,weekday,no_snow,Oconto Ave & Belmont Ave,46
snow,weekday,no_snow,Ogden Ave & Chicago Ave,7333
snow,weekday,no_snow,Ogden Ave & Congress Pkwy,2054
snow,weekday,no_snow,Ogden Ave & Race Ave,5454
snow,weekday,no_snow,Ogden Ave & Roosevelt Rd,982
snow,weekday,no_snow,Oglesby Ave & 100th St,61
snow,weekday,no_snow,Oketo Ave & Addison St,43
snow,weekday,no_snow,Olive Harvey College,36
snow,weekday,no_snow,Orange Ave & Addison St,69
snow,weekday,no_snow,Oriole Ave & Irving Park Rd,30
snow,weekday,no_snow,Orleans St & Chestnut St (NEXT Apts),4917
snow,weekday,no_snow,Orleans St & Elm St,3556
snow,weekday,no_snow,Orleans St & Hubbard St,6364
snow,weekday,no_snow,Orleans St & Merchandise Mart Plaza,16328
snow,weekday,no_snow,Overhill Ave & Belmont Ave,63
snow,weekday,no_snow,Panama Ave & Grace St,51
snow,weekday,no_snow,Parkside Ave & Armitage Ave,30
snow,weekday,no_snow,Parnell Ave & 127th St,21
snow,weekday,no_snow,Parnell Ave & 31st St,218
snow,weekday,no_snow,Paulina Ave & 87th St,31
snow,weekday,no_snow,Paulina Ave & North Ave,4477
snow,weekday,no_snow,Paulina St & 18th St,3057
snow,weekday,no_snow,Paulina St & Adams St,263
snow,weekday,no_snow,Paulina St & Cortland St,545
snow,weekday,no_snow,Paulina St & Division St,1087
snow,weekday,no_snow,Paulina St & Flournoy St,6723
snow,weekday,no_snow,Paulina St & Howard St,1537
snow,weekday,no_snow,Paulina St & Montrose Ave,3206
snow,weekday,no_snow,Peoria St & Jackson Blvd,9799
snow,weekday,no_snow,Peoria St & Kinzie St,1921
snow,weekday,no_snow,Perry Ave & 69th St,145
snow,weekday,no_snow,Pershing Rd & Sacramento Ave,121
snow,weekday,no_snow,Peterson/Ridge Metra,2607
snow,weekday,no_snow,Phillips Ave & 79th St,48
snow,weekday,no_snow,Phillips Ave & 83rd St,72
snow,weekday,no_snow,Pine Ave & Division St,112
snow,weekday,no_snow,Pine Grove Ave & Irving Park Rd,8767
snow,weekday,no_snow,Pine Grove Ave & Waveland Ave,10758
snow,weekday,no_snow,Pine Grove Ave & Wellington Ave,302
snow,weekday,no_snow,Ping Tom Park (East),431
snow,weekday,no_snow,Plainfield & Irving Park,1
snow,weekday,no_snow,Portage Park,264
snow,weekday,no_snow,Prairie Ave & 43rd St,481
snow,weekday,no_snow,Prairie Ave & Garfield Blvd,1006
snow,weekday,no_snow,Princeton Ave & 47th St,225
snow,weekday,no_snow,Princeton Ave & 95th St,20
snow,weekday,no_snow,Princeton Ave & Garfield Blvd,192
snow,weekday,no_snow,Prospect Sq & 91st St,82
snow,weekday,no_snow,Public Rack - 10101 S Stony Island Ave,4
snow,weekday,no_snow,Public Rack - 10557 S Western Ave,2
snow,weekday,no_snow,Public Rack - 111th St - Morgan Park Metra,18
snow,weekday,no_snow,Public Rack - 2302 S Pulaski Rd,6
snow,weekday,no_snow,Public Rack - 4810 Keeler Ave,6
snow,weekday,no_snow,Public Rack - 532 E 43rd St,17
snow,weekday,no_snow,Public Rack - 53rd St & Indiana Ave,2
snow,weekday,no_snow,Public Rack - 56th St & Mulligan Ave,4
snow,weekday,no_snow,Public Rack - 61st St & Melvina Ave,2
snow,weekday,no_snow,Public Rack - 63rd & Western Ave N,4
snow,weekday,no_snow,Public Rack - 63rd Pl & Narraganssett Ave,5
snow,weekday,no_snow,Public Rack - 63rd St & Meade Ave,1
snow,weekday,no_snow,Public Rack - 63rd St and Nagle Ave,12
snow,weekday,no_snow,Public Rack - 63rd St and Natoma Ave,1
snow,weekday,no_snow,Public Rack - 82nd st & Kedzie Ave,1
snow,weekday,no_snow,Public Rack - 83rd Pl & Kedzie Ave N,1
snow,weekday,no_snow,Public Rack - 83rd Pl & Kedzie Ave S,1
snow,weekday,no_snow,Public Rack - 83rd St (Avalon Park) Metra,3
snow,weekday,no_snow,Public Rack - 85th Pl & Pulaski Rd,4
snow,weekday,no_snow,Public Rack - Ada St & 119th St,4
snow,weekday,no_snow,Public Rack - Ada St & 79th St,1
snow,weekday,no_snow,Public Rack - Ada St & 95th St,1
snow,weekday,no_snow,Public Rack - Aida Food Market,3
snow,weekday,no_snow,Public Rack - Al Raby School,2
snow,weekday,no_snow,Public Rack - Albany Ave & 103rd St,1
snow,weekday,no_snow,Public Rack - Albany Ave & 63rd St,1
snow,weekday,no_snow,Public Rack - Archer Park,2
snow,weekday,no_snow,Public Rack - Artesian & 71st,2
snow,weekday,no_snow,Public Rack - Ashburn Metra,1
snow,weekday,no_snow,Public Rack - Ashland Ave & 45th St,1
snow,weekday,no_snow,Public Rack - Ashland Ave & 45th St  S,1
snow,weekday,no_snow,Public Rack - Ashland Ave & 46th St,9
snow,weekday,no_snow,Public Rack - Ashland Ave & 63rd St,9
snow,weekday,no_snow,Public Rack - Ashland Ave & 71st St,11
snow,weekday,no_snow,Public Rack - Ashland Ave & 76th St,3
snow,weekday,no_snow,Public Rack - Ashland Ave & 83rd St,37
snow,weekday,no_snow,Public Rack - Ashland Ave & 91st St,1
snow,weekday,no_snow,Public Rack - Austin & 62nd,1
snow,weekday,no_snow,Public Rack - Austin & Higgins,1
snow,weekday,no_snow,Public Rack - Austin Ave & Archer Ave,3
snow,weekday,no_snow,Public Rack - Austin Ave & Roscoe St,6
snow,weekday,no_snow,Public Rack - Austin Ave & Wellington Ave,2
snow,weekday,no_snow,Public Rack - Austin Ave & Wrightwood Ave,5
snow,weekday,no_snow,Public Rack - Austin Blvd & North Ave,19
snow,weekday,no_snow,Public Rack - Austin Branch Chicago Public Library,1
snow,weekday,no_snow,Public Rack - Ave L & 105th St,1
snow,weekday,no_snow,Public Rack - Ave N & 106th St,2
snow,weekday,no_snow,Public Rack - Avenue J & 106th St,2
snow,weekday,no_snow,Public Rack - Avenue J & 112th St,5
snow,weekday,no_snow,Public Rack - Avenue M & 132nd St,1
snow,weekday,no_snow,Public Rack - Avenue O & 118th St,1
snow,weekday,no_snow,Public Rack - Avers & Granville,12
snow,weekday,no_snow,Public Rack - Avers & Lawrence,38
snow,weekday,no_snow,Public Rack - Avers Ave & Archer Ave,3
snow,weekday,no_snow,Public Rack - Avers Ave & Irving Park Rd,74
snow,weekday,no_snow,Public Rack - Avers Ave & Ogden Ave,12
snow,weekday,no_snow,Public Rack - Avondale Ave & Addison St,17
snow,weekday,no_snow,Public Rack - Back of the Yards Park,2
snow,weekday,no_snow,Public Rack - Baltimore Ave & 132nd St,3
snow,weekday,no_snow,Public Rack - Baltimore Ave & 134th St,2
snow,weekday,no_snow,Public Rack - Bell Ave & 95th St,3
snow,weekday,no_snow,Public Rack - Bensley Ave & 103rd St,3
snow,weekday,no_snow,Public Rack - Bernard St & Foster Ave,20
snow,weekday,no_snow,Public Rack - Bishop St & 46th St,3
snow,weekday,no_snow,Public Rack - Bishop St & 81st St,1
snow,weekday,no_snow,Public Rack - Bradley Park,1
snow,weekday,no_snow,Public Rack - Brainerd Park,1
snow,weekday,no_snow,Public Rack - Brandon Ave & 91st St,5
snow,weekday,no_snow,Public Rack - Brighton Park Branch Chicago Library,2
snow,weekday,no_snow,Public Rack - Brooks Park,2
snow,weekday,no_snow,Public Rack - Bryn Mawr Ave & Milwaukee Ave,8
snow,weekday,no_snow,Public Rack - Bryn Mawr Ave & Spaulding Ave,27
snow,weekday,no_snow,Public Rack - Buffalo Ave & 133rd St,1
snow,weekday,no_snow,Public Rack - Buffalo Ave & 89th St,1
snow,weekday,no_snow,Public Rack - Burnside Academy,1
snow,weekday,no_snow,Public Rack - California & 71st,1
snow,weekday,no_snow,Public Rack - California & 82nd,1
snow,weekday,no_snow,Public Rack - California & 87th,1
snow,weekday,no_snow,Public Rack - California Ave & Cortez St,180
snow,weekday,no_snow,Public Rack - California Ave & Devon Ave - NE,15
snow,weekday,no_snow,Public Rack - California Ave & Devon Ave - NW,12
snow,weekday,no_snow,Public Rack - California Ave & Ogden Ave,14
snow,weekday,no_snow,Public Rack - California Ave & Pershing Rd,8
snow,weekday,no_snow,Public Rack - California Ave & Touhy Ave - NW,3
snow,weekday,no_snow,Public Rack - California Ave & Touhy Ave - SW,2
snow,weekday,no_snow,Public Rack - California Ave & Touhy Ave - midblock,1
snow,weekday,no_snow,Public Rack - Calumet Ave & 103rd St,3
snow,weekday,no_snow,Public Rack - Calumet Ave & 51st St,15
snow,weekday,no_snow,Public Rack - Calumet Ave & 71st St,2
snow,weekday,no_snow,Public Rack - Calumet Ave & Garfield Blvd,3
snow,weekday,no_snow,Public Rack - Campbell Ave & Pratt Blvd,54
snow,weekday,no_snow,Public Rack - Canfield & Victoria,4
snow,weekday,no_snow,Public Rack - Canty Elementary School,1
snow,weekday,no_snow,Public Rack - Central & Berteau,6
snow,weekday,no_snow,Public Rack - Central & Leland,21
snow,weekday,no_snow,Public Rack - Central & Prescott,4
snow,weekday,no_snow,Public Rack - Central Ave & Congress Pkwy,1
snow,weekday,no_snow,Public Rack - Central Ave & Corcoran Pl,8
snow,weekday,no_snow,Public Rack - Central Ave & George St,3
snow,weekday,no_snow,Public Rack - Central Ave & Lawrence Ave,39
snow,weekday,no_snow,Public Rack - Central Ave & North Ave,3
snow,weekday,no_snow,Public Rack - Central Ave & Pensacola Ave,14
snow,weekday,no_snow,Public Rack - Central Park & Bryn Mawr,7
snow,weekday,no_snow,Public Rack - Central Park & Peterson,29
snow,weekday,no_snow,Public Rack - Central Park Ave & 16th St,2
snow,weekday,no_snow,Public Rack - Central Park Ave & Fillmore St,8
snow,weekday,no_snow,Public Rack - Central Park Ave & Fulton Blvd,5
snow,weekday,no_snow,Public Rack - Central Park Ave & Ogden Ave,2
snow,weekday,no_snow,Public Rack - Champlain Ave & 134th St,1
snow,weekday,no_snow,Public Rack - Champlain Ave & 65th St,81
snow,weekday,no_snow,Public Rack - Chappel Ave & 71st St,4
snow,weekday,no_snow,Public Rack - Chase Ave & Touhy Ave - NE,8
snow,weekday,no_snow,Public Rack - Chase Ave & Touhy Ave - NW,6
snow,weekday,no_snow,Public Rack - Chopin Park,5
snow,weekday,no_snow,Public Rack - Christiana & Lincoln,23
snow,weekday,no_snow,Public Rack - Christiana Ave & 111th St,1
snow,weekday,no_snow,Public Rack - Christiana Ave & 55th St,11
snow,weekday,no_snow,Public Rack - Christiana Ave & Archer Ave,1
snow,weekday,no_snow,Public Rack - Christiana Ave & Belmont Ave,327
snow,weekday,no_snow,Public Rack - Christiana Ave & Bryn Mawr Ave,3
snow,weekday,no_snow,Public Rack - Christiana Ave & Lawrence Ave,7
snow,weekday,no_snow,Public Rack - Cicero & 64th,10
snow,weekday,no_snow,Public Rack - Cicero & Rosemont,4
snow,weekday,no_snow,Public Rack - Cicero Ave & Altgeld St,6
snow,weekday,no_snow,Public Rack - Cicero Ave & Belle Plaine Ave,52
snow,weekday,no_snow,Public Rack - Cicero Ave & Cortland St - midblock,29
snow,weekday,no_snow,Public Rack - Cicero Ave & Le Moyne St - midblock,2
snow,weekday,no_snow,Public Rack - Cicero Ave & North Ave,23
snow,weekday,no_snow,Public Rack - Cicero Ave & Roscoe St,3
snow,weekday,no_snow,Public Rack - Cicero Ave & Wellington Ave,1
snow,weekday,no_snow,Public Rack - Cicero Ave & Wrightwood Ave,6
snow,weekday,no_snow,Public Rack - Claremont Ave & 71st St,1
snow,weekday,no_snow,Public Rack - Clyde Ave & 87th St,4
snow,weekday,no_snow,Public Rack - Colfax Ave & 83rd St,2
snow,weekday,no_snow,Public Rack - Columbus & 79th,2
snow,weekday,no_snow,Public Rack - Commercial Ave & 89th St,4
snow,weekday,no_snow,Public Rack - Corliss Ave & 103rd St,2
snow,weekday,no_snow,Public Rack - Cornell Ave & 87th Pl,2
snow,weekday,no_snow,Public Rack - Cottage Grove & 84th St,6
snow,weekday,no_snow,Public Rack - Cottage Grove & 85th St,3
snow,weekday,no_snow,Public Rack - Cottage Grove & 86th St,8
snow,weekday,no_snow,Public Rack - Cottage Grove Ave & 111th St,2
snow,weekday,no_snow,Public Rack - Cottage Grove Ave & 75th St,2
snow,weekday,no_snow,Public Rack - Cottage Grove Ave & 89th Pl,2
snow,weekday,no_snow,Public Rack - Cottage Grove Ave & 92nd St,7
snow,weekday,no_snow,Public Rack - Cottage Grove Ave & 98th St,1
snow,weekday,no_snow,Public Rack - Crandon Ave & 80th St,1
snow,weekday,no_snow,Public Rack - Cumberland & Catherine,4
snow,weekday,no_snow,Public Rack - Damen & 81st,3
snow,weekday,no_snow,Public Rack - Damen Ave & 47th St,6
snow,weekday,no_snow,Public Rack - Delphina & Foster,23
snow,weekday,no_snow,Public Rack - Devon Ave & Central Ave,2
snow,weekday,no_snow,Public Rack - Devon Ave & Kinzua Ave,3
snow,weekday,no_snow,Public Rack - Devon Ave & Minnehaha Ave (east),2
snow,weekday,no_snow,Public Rack - Devon Ave & Minnehaha Ave (west),1
snow,weekday,no_snow,Public Rack - Division St & Christiana Ave,9
snow,weekday,no_snow,Public Rack - Drake Ave & Leland Ave,202
snow,weekday,no_snow,Public Rack - Drexel Ave & 87th St,1
snow,weekday,no_snow,Public Rack - East End Ave & 75th St,2
snow,weekday,no_snow,Public Rack - East End Ave & 87th St,2
snow,weekday,no_snow,Public Rack - Eberhart Ave & 61st St,5
snow,weekday,no_snow,Public Rack - Eggleston Ave & 115th St,1
snow,weekday,no_snow,Public Rack - Eggleston Ave & 92nd St,1
snow,weekday,no_snow,Public Rack - Eli Whitney Public School,7
snow,weekday,no_snow,Public Rack - Elizabeth St & 115th St,1
snow,weekday,no_snow,Public Rack - Elston Ave & Gunnison St,5
snow,weekday,no_snow,Public Rack - Elston Ave & Kenneth Ave,5
snow,weekday,no_snow,Public Rack - Emerald Ave & 43rd St,160
snow,weekday,no_snow,Public Rack - Emerald Ave & 45th St,15
snow,weekday,no_snow,Public Rack - Emil G Hirch Metropolitan High School,2
snow,weekday,no_snow,Public Rack - Evans Ave & 63rd St,134
snow,weekday,no_snow,Public Rack - Ewing Ave & 101st St,1
snow,weekday,no_snow,Public Rack - Ewing Ave & 102nd St,1
snow,weekday,no_snow,Public Rack - Ewing Ave & 106th St,2
snow,weekday,no_snow,Public Rack - Ewing Ave & 106th St NW,1
snow,weekday,no_snow,Public Rack - Ewing Ave & 107th St,15
snow,weekday,no_snow,Public Rack - Ewing Ave & 112th St,1
snow,weekday,no_snow,Public Rack - Ewing Ave & 95th St,2
snow,weekday,no_snow,Public Rack - Ewing Ave & 96th St N,1
snow,weekday,no_snow,Public Rack - Ewing Ave & 96th St S,1
snow,weekday,no_snow,Public Rack - Ewing Ave & 99th St,7
snow,weekday,no_snow,Public Rack - Ewing Ave & Indianapolis Ave,16
snow,weekday,no_snow,Public Rack - Exchange Ave & 131st St,2
snow,weekday,no_snow,Public Rack - Exchange Ave & 73rd Pl,9
snow,weekday,no_snow,Public Rack - Fairfield Ave & 63rd St,1
snow,weekday,no_snow,Public Rack - Ford City Mall,10
snow,weekday,no_snow,Public Rack - Forest Glen & Peterson,14
snow,weekday,no_snow,Public Rack - Forest Glen Station,58
snow,weekday,no_snow,Public Rack - Forrestville Ave & 47th St,4
snow,weekday,no_snow,Public Rack - Foster Ave & Drake Ave,4
snow,weekday,no_snow,Public Rack - Franklin Park,1
snow,weekday,no_snow,Public Rack - Fullerton Ave & Lavergne Ave,3
snow,weekday,no_snow,Public Rack - Fullerton Ave & Narragansett Ave,12
snow,weekday,no_snow,Public Rack - Garfield Park Conservatory,5
snow,weekday,no_snow,Public Rack - Grand Ave & North Ave,1
snow,weekday,no_snow,Public Rack - Green St & 103rd St,2
snow,weekday,no_snow,Public Rack - Greenwood Ave & Lake Park Ave,37
snow,weekday,no_snow,Public Rack - Haft Ave & Milwaukee Ave,3
snow,weekday,no_snow,Public Rack - Hale Ave & 111th St,2
snow,weekday,no_snow,Public Rack - Halsted St & 102nd St,3
snow,weekday,no_snow,Public Rack - Halsted St & 113th St,2
snow,weekday,no_snow,Public Rack - Halsted St & 41st St,3
snow,weekday,no_snow,Public Rack - Halsted St & 63rd St,18
snow,weekday,no_snow,Public Rack - Halsted St & 76th St,4
snow,weekday,no_snow,Public Rack - Halsted St & 80th St,4
snow,weekday,no_snow,Public Rack - Halsted St & 94th St,1
snow,weekday,no_snow,Public Rack - Halsted St & 95th St - SE,7
snow,weekday,no_snow,Public Rack - Halsted St & 95th St - SW,2
snow,weekday,no_snow,Public Rack - Hamilton Ave & 95th St,3
snow,weekday,no_snow,Public Rack - Hamlin Ave & Chicago Ave,8
snow,weekday,no_snow,Public Rack - Hamlin Ave & Fullerton Ave,130
snow,weekday,no_snow,Public Rack - Hamlin Ave & Grand Ave,2
snow,weekday,no_snow,Public Rack - Hamlin Ave & Madison St,6
snow,weekday,no_snow,Public Rack - Hamlin Ave & Montrose Ave,288
snow,weekday,no_snow,Public Rack - Harding Ave & 47th St,1
snow,weekday,no_snow,Public Rack - Harlem & Palatine,13
snow,weekday,no_snow,Public Rack - Harlem & Summerdale,6
snow,weekday,no_snow,Public Rack - Harlem and W. 59th,4
snow,weekday,no_snow,Public Rack - Harold Washington Park,113
snow,weekday,no_snow,Public Rack - Harper Ave & 63rd St,4
snow,weekday,no_snow,Public Rack - Harriet E Sayre Public School,3
snow,weekday,no_snow,Public Rack - Harvard Ave & 119th St,1
snow,weekday,no_snow,Public Rack - Harvey Ave & North Ave,2
snow,weekday,no_snow,Public Rack - Hermitage & 83rd St,1
snow,weekday,no_snow,Public Rack - Hiawatha & Mendota,9
snow,weekday,no_snow,Public Rack - Hiawatha Ave & Minnehaha Ave,5
snow,weekday,no_snow,Public Rack - Hiawatha Park,3
snow,weekday,no_snow,Public Rack - Higgins Ave & Neva Ave,2
snow,weekday,no_snow,Public Rack - Holbrook St & Milwaukee Ave,10
snow,weekday,no_snow,Public Rack - Hollywood Park,78
snow,weekday,no_snow,Public Rack - Homan & 77th,1
snow,weekday,no_snow,Public Rack - Homan & 79th,2
snow,weekday,no_snow,Public Rack - Homan Ave & 111th St,2
snow,weekday,no_snow,Public Rack - Homan Ave & 26th St,2
snow,weekday,no_snow,Public Rack - Homan Ave & Lake St,2
snow,weekday,no_snow,Public Rack - Homan Ave & Roosevelt,4
snow,weekday,no_snow,Public Rack - Homewood Ave & Monterey Ave,1
snow,weekday,no_snow,Public Rack - Houston Ave & 130th St,2
snow,weekday,no_snow,Public Rack - Houston Ave & 131st St,10
snow,weekday,no_snow,Public Rack - Houston Ave & 91st St,20
snow,weekday,no_snow,Public Rack - Hoyne Ave & 110th Pl,6
snow,weekday,no_snow,Public Rack - Hoyne Ave & 51st St,6
snow,weekday,no_snow,Public Rack - Hyde Park Blvd & 53rd St,204
snow,weekday,no_snow,Public Rack - Hyde Park Blvd & 55th St,379
snow,weekday,no_snow,Public Rack - Imlay & Milwaukee,7
snow,weekday,no_snow,Public Rack - Independence Blvd & Roosevelt,12
snow,weekday,no_snow,Public Rack - Indiana Ave & 111th St,1
snow,weekday,no_snow,Public Rack - Ingleside Ave & 79th St,2
snow,weekday,no_snow,Public Rack - Irving Park Rd & Austin Ave,3
snow,weekday,no_snow,Public Rack - Irving Park Rd & Leclaire Ave,57
snow,weekday,no_snow,Public Rack - Irving Park Rd & Melvina Ave,5
snow,weekday,no_snow,Public Rack - Irving Park Rd & Menard Ave,7
snow,weekday,no_snow,Public Rack - Irving Park Rd & Parkside Ave,5
snow,weekday,no_snow,Public Rack - Jeffery Blvd & 67th St,21
snow,weekday,no_snow,Public Rack - Jeffery Blvd & 81st St,1
snow,weekday,no_snow,Public Rack - Jeffery Blvd & 83rd St,5
snow,weekday,no_snow,Public Rack - Jeffrey Blvd & 71st St,11
snow,weekday,no_snow,Public Rack - Jensen Park,202
snow,weekday,no_snow,Public Rack - Jonathan Y Scammon Public School,218
snow,weekday,no_snow,Public Rack - Justine St & 87th St,131
snow,weekday,no_snow,Public Rack - Karlov Ave & 26th St,5
snow,weekday,no_snow,Public Rack - Karlov Ave & Kamerling Ave,80
snow,weekday,no_snow,Public Rack - Karlov Ave & Lawrence Ave,11
snow,weekday,no_snow,Public Rack - Karlov Ave & Milwaukee Ave,96
snow,weekday,no_snow,Public Rack - Keating & Peterson,119
snow,weekday,no_snow,Public Rack - Kedvale Ave & 26th St,1
snow,weekday,no_snow,Public Rack - Kedvale Ave & 63rd St E,1
snow,weekday,no_snow,Public Rack - Kedvale Ave & 63rd St W,132
snow,weekday,no_snow,Public Rack - Kedvale Ave & Addison St,1
snow,weekday,no_snow,Public Rack - Kedvale Ave & Avondale Ave,5
snow,weekday,no_snow,Public Rack - Kedvale Ave & Peterson Ave,5
snow,weekday,no_snow,Public Rack - Kedzie & 103rd St - East,1
snow,weekday,no_snow,Public Rack - Kedzie & 103rd St - W,2
snow,weekday,no_snow,Public Rack - Kedzie & 71st,1
snow,weekday,no_snow,Public Rack - Kedzie & 73rd,1
snow,weekday,no_snow,Public Rack - Kedzie Ave & 54th Pl,1
snow,weekday,no_snow,Public Rack - Kedzie Ave & 54th St - SE,3
snow,weekday,no_snow,Public Rack - Kedzie Ave & 58th St,8
snow,weekday,no_snow,Public Rack - Kedzie Ave & 60th St,2
snow,weekday,no_snow,Public Rack - Kedzie Ave & 61st Pl E,3
snow,weekday,no_snow,Public Rack - Kedzie Ave & 61st Pl W,3
snow,weekday,no_snow,Public Rack - Kedzie Ave & 62nd Pl,1
snow,weekday,no_snow,Public Rack - Kedzie Ave & 63rd St,3
snow,weekday,no_snow,Public Rack - Kedzie Ave & 64th St - SE,16
snow,weekday,no_snow,Public Rack - Kedzie Ave & 64th St - SW,19
snow,weekday,no_snow,Public Rack - Kedzie Ave & 83rd St,2
snow,weekday,no_snow,Public Rack - Kedzie Ave & Archer Ave,10
snow,weekday,no_snow,Public Rack - Kedzie Ave & Argyle St,327
snow,weekday,no_snow,Public Rack - Kedzie Ave & Arthington St,3
snow,weekday,no_snow,Public Rack - Kedzie Ave & Chicago Ave,21
snow,weekday,no_snow,Public Rack - Kedzie Ave & Pershing Rd,2
snow,weekday,no_snow,Public Rack - Kedzie Ave & Walnut St,12
snow,weekday,no_snow,Public Rack - Keeler Ave & 26th St,3
snow,weekday,no_snow,Public Rack - Keeler Ave & 55th St,2
snow,weekday,no_snow,Public Rack - Kenneth & Carmen,57
snow,weekday,no_snow,Public Rack - Kenton & Lawrence,13
snow,weekday,no_snow,Public Rack - Kenton Ave & Palmer St,19
snow,weekday,no_snow,Public Rack - Keystone Ave & Irving Park Rd,102
snow,weekday,no_snow,Public Rack - Keystone Ave & North Ave,46
snow,weekday,no_snow,Public Rack - Kilbourn Ave & Fullerton Ave,1
snow,weekday,no_snow,Public Rack - Kildare Ave & Division Ave,1
snow,weekday,no_snow,Public Rack - Kildare Ave & North Ave,7
snow,weekday,no_snow,Public Rack - Kildare Ave & Washignton Blvd,8
snow,weekday,no_snow,Public Rack - Kilpatrick & Elston,47
snow,weekday,no_snow,Public Rack - Kimball & Ardmore,40
snow,weekday,no_snow,Public Rack - Kimball Ave & Carmen Ave,39
snow,weekday,no_snow,Public Rack - Kimball Ave & Lawrence Ave,63
snow,weekday,no_snow,Public Rack - Kimbark Ave & 67th St,65
snow,weekday,no_snow,Public Rack - King Dr & 115th St,27
snow,weekday,no_snow,Public Rack - King Dr & 71st St,2
snow,weekday,no_snow,Public Rack - King Dr & 83rd St,1
snow,weekday,no_snow,Public Rack - King Dr & Oakwood Blvd,18
snow,weekday,no_snow,Public Rack - Kingston Ave & 75th St,3
snow,weekday,no_snow,Public Rack - Kinzua Ave & Devon Ave,2
snow,weekday,no_snow,Public Rack - Kolin Ave & Archer Ave,6
snow,weekday,no_snow,Public Rack - Komensky Ave & 26th St,6
snow,weekday,no_snow,Public Rack - Komensky Ave & 59th St,23
snow,weekday,no_snow,Public Rack - Komensky Ave & 63rd St,16
snow,weekday,no_snow,Public Rack - Kostner & Bryn Mawr,4
snow,weekday,no_snow,Public Rack - Kostner & Peterson,10
snow,weekday,no_snow,Public Rack - Kostner Ave & 16th St,2
snow,weekday,no_snow,Public Rack - Kostner Ave & Armitage Ave,57
snow,weekday,no_snow,Public Rack - Kostner Ave & Diversey Ave,9
snow,weekday,no_snow,Public Rack - Kostner Ave & North Ave,13
snow,weekday,no_snow,Public Rack - Kostner Ave & Wrightwood Ave,8
snow,weekday,no_snow,Public Rack - Lafayette Ave & 119th St,4
snow,weekday,no_snow,Public Rack - Lafayette Ave & 87th St - NW,8
snow,weekday,no_snow,Public Rack - Lafayette Ave & 87th St SW,1
snow,weekday,no_snow,Public Rack - Lafayette Ave & 95th St,26
snow,weekday,no_snow,Public Rack - Laflin St & 51st St,5
snow,weekday,no_snow,Public Rack - Laflin St & 79th St,2
snow,weekday,no_snow,Public Rack - Laflin St &51st ST,4
snow,weekday,no_snow,Public Rack - Lake Shore Dr & Hayes Dr,2
snow,weekday,no_snow,Public Rack - Lamon Ave & Archer Ave,3
snow,weekday,no_snow,Public Rack - Langley Ave & 105th Pl,9
snow,weekday,no_snow,Public Rack - Langley Ave & 49th St,117
snow,weekday,no_snow,Public Rack - Langley Ave & 79th St,3
snow,weekday,no_snow,Public Rack - Langley Ave & 87th St,1
snow,weekday,no_snow,Public Rack - Langley Ave & Oakwood Blvd,18
snow,weekday,no_snow,Public Rack - Laporte Ave & Armitage Ave,2
snow,weekday,no_snow,Public Rack - Laramie Ave & Belmont Ave,28
snow,weekday,no_snow,Public Rack - Laramie Ave & Fullerton Ave,8
snow,weekday,no_snow,Public Rack - Laramie Ave & Grand Ave,12
snow,weekday,no_snow,Public Rack - Laramie Ave & Warwick Ave,4
snow,weekday,no_snow,Public Rack - Laramine Ave & Winnemac Ave,10
snow,weekday,no_snow,Public Rack - Lavergne & Lawrence,1
snow,weekday,no_snow,Public Rack - Lavergne Ave & Belle Plaine Ave,52
snow,weekday,no_snow,Public Rack - Lawndale & 63rd St,1
snow,weekday,no_snow,Public Rack - Lawndale Ave & 23rd St,4
snow,weekday,no_snow,Public Rack - Lawndale Ave & 63rd St,2
snow,weekday,no_snow,Public Rack - Lawndale Ave & Diversey Ave,78
snow,weekday,no_snow,Public Rack - Lawndale Ave & Polk St,5
snow,weekday,no_snow,Public Rack - Lawndale Ave & Roosevelt,1
snow,weekday,no_snow,Public Rack - Lawrence Ave & 103rd St,1
snow,weekday,no_snow,Public Rack - Lawrence Ave & Kimball Ave,51
snow,weekday,no_snow,Public Rack - Leader & Caldwell,3
snow,weekday,no_snow,Public Rack - Leamington & Elston,85
snow,weekday,no_snow,Public Rack - Leclaire Ave & Division St,10
snow,weekday,no_snow,Public Rack - Legler Regional Library,9
snow,weekday,no_snow,Public Rack - Lemont Ave & Keating Ave,3
snow,weekday,no_snow,Public Rack - Leoti Ave & Central Ave (north),3
snow,weekday,no_snow,Public Rack - Leoti Ave & Central Ave (south),3
snow,weekday,no_snow,Public Rack - Linder & 51st,1
snow,weekday,no_snow,Public Rack - Linder & Elston,13
snow,weekday,no_snow,Public Rack - Linder Ave & 51st St,1
snow,weekday,no_snow,Public Rack - Linder Ave & 64th Pl,12
snow,weekday,no_snow,Public Rack - Linder Ave & Archer Ave,2
snow,weekday,no_snow,Public Rack - Linder Ave & Belmont Ave,8
snow,weekday,no_snow,Public Rack - Lockwood & Archer,22
snow,weekday,no_snow,Public Rack - Lockwood Ave & Diversey Ave,26
snow,weekday,no_snow,Public Rack - Longwood Dr & 111th St,3
snow,weekday,no_snow,Public Rack - Longwood Dr & 95th St,1
snow,weekday,no_snow,Public Rack - Loomis Blvd & 47th St,4
snow,weekday,no_snow,Public Rack - Loomis St & 87th St,13
snow,weekday,no_snow,Public Rack - Lorel Ave & Grand Ave,2
snow,weekday,no_snow,Public Rack - Lotus Ave & Lawrence Ave,17
snow,weekday,no_snow,Public Rack - Lowe Ave & 94th St,2
snow,weekday,no_snow,Public Rack - Lowe Ave & 98th St,1
snow,weekday,no_snow,Public Rack - Lowe Park,9
snow,weekday,no_snow,Public Rack - Lowell Ave & Elston Ave,57
snow,weekday,no_snow,Public Rack - Lynch & Elston,28
snow,weekday,no_snow,Public Rack - Mackinaw Ave & 106th St,4
snow,weekday,no_snow,Public Rack - Mackinaw Ave & 108th St,6
snow,weekday,no_snow,Public Rack - Mango & Higgins,73
snow,weekday,no_snow,Public Rack - Maplewood Ave & 63rd St,2
snow,weekday,no_snow,Public Rack - Marquette Ave & 79th St,1
snow,weekday,no_snow,Public Rack - Marquette Ave & 83rd St,1
snow,weekday,no_snow,Public Rack - Marquette Rd & 67th St,14
snow,weekday,no_snow,Public Rack - Marshfield Ave & 45th St,3
snow,weekday,no_snow,Public Rack - Marshfield Ave & 87th St,3
snow,weekday,no_snow,Public Rack - Martin Luther King Dr & 44th St,7
snow,weekday,no_snow,Public Rack - Maryland Ave & 87th ST,7
snow,weekday,no_snow,Public Rack - Mason & Archer,1
snow,weekday,no_snow,Public Rack - Mason Ave & Archer Ave,2
snow,weekday,no_snow,Public Rack - Mason Ave & Milwaukee Ave,3
snow,weekday,no_snow,Public Rack - Mason Ave & Roosevelt Rd,3
snow,weekday,no_snow,Public Rack - May St & 78th St,2
snow,weekday,no_snow,Public Rack - May St & 87th St,1
snow,weekday,no_snow,Public Rack - McVicker & 52nd,3
snow,weekday,no_snow,Public Rack - McVicker Ave & Grand Ave,4
snow,weekday,no_snow,Public Rack - Meade Ave & Archer Ave,2
snow,weekday,no_snow,Public Rack - Melvina & Foster,14
snow,weekday,no_snow,Public Rack - Melvina Ave & Belmont Ave,11
snow,weekday,no_snow,Public Rack - Melvina Ave & Montrose Ave,11
snow,weekday,no_snow,Public Rack - Menard Ave & Adams Blvd,2
snow,weekday,no_snow,Public Rack - Menard Ave & Agusta Blvd,4
snow,weekday,no_snow,Public Rack - Menard Ave & Belmont Ave,12
snow,weekday,no_snow,Public Rack - Menard Ave & Dakin St - midblock,12
snow,weekday,no_snow,Public Rack - Menard Ave & Grand Ave,2
snow,weekday,no_snow,Public Rack - Menard Ave & Leland Ave,1
snow,weekday,no_snow,Public Rack - Miami Ave & Milwaukee Ave,1
snow,weekday,no_snow,Public Rack - Michigan Ave & 107th St,3
snow,weekday,no_snow,Public Rack - Michigan Ave & 113th St,1
snow,weekday,no_snow,Public Rack - Michigan Ave & 119th St,3
snow,weekday,no_snow,Public Rack - Michigan Ave & 96th St,5
snow,weekday,no_snow,Public Rack - Midway Orange Line,4
snow,weekday,no_snow,Public Rack - Milwaukee Ave & Addison St,15
snow,weekday,no_snow,Public Rack - Milwaukee Ave & Catalpa Ave,15
snow,weekday,no_snow,Public Rack - Milwaukee Ave & Culyer Ave,33
snow,weekday,no_snow,Public Rack - Milwaukee Ave & Diversey Ave,326
snow,weekday,no_snow,Public Rack - Milwaukee Ave & Haussen Ct,272
snow,weekday,no_snow,Public Rack - Milwaukee Ave & Higgins Ave,81
snow,weekday,no_snow,Public Rack - Milwaukee Ave & Kennedy Expy,25
snow,weekday,no_snow,Public Rack - Milwaukee Ave & Lawrence Ave,14
snow,weekday,no_snow,Public Rack - Milwaukee Ave & Leland Ave,4
snow,weekday,no_snow,Public Rack - Milwaukee Ave & Pensacola Ave,28
snow,weekday,no_snow,Public Rack - Milwaukee Ave & School St,43
snow,weekday,no_snow,Public Rack - Milwaukee Ave & Sunnyside Ave,12
snow,weekday,no_snow,Public Rack - Milwaukee Ave & Warner Ave,21
snow,weekday,no_snow,Public Rack - Milwaukee Ave & Waveland Ave,12
snow,weekday,no_snow,Public Rack - Minnehaha Ave & Devon Ave,6
snow,weekday,no_snow,Public Rack - Minuteman Park,40
snow,weekday,no_snow,Public Rack - Mobile Ave & Archer Ave,2
snow,weekday,no_snow,Public Rack - Mont Clare Ave & Higgins Ave,15
snow,weekday,no_snow,Public Rack - Monticello & Lawrence,29
snow,weekday,no_snow,Public Rack - Monticello Ave & Belmont Ave,221
snow,weekday,no_snow,Public Rack - Montrose Ave & Lavergne Ave,5
snow,weekday,no_snow,Public Rack - Morgan St & 87th St,1
snow,weekday,no_snow,Public Rack - Morgan St & 95th St,1
snow,weekday,no_snow,Public Rack - Mozart & 79th,1
snow,weekday,no_snow,Public Rack - Mozart Elementary School,16
snow,weekday,no_snow,Public Rack - Mt Greenwood Library - South,2
snow,weekday,no_snow,Public Rack - Mt Greenwood Library N,2
snow,weekday,no_snow,Public Rack - Mulligan & Northwest Hwy,22
snow,weekday,no_snow,Public Rack - Mulligan Ave & 56th St,3
snow,weekday,no_snow,Public Rack - N Narragansett Ave & Grand Ave,13
snow,weekday,no_snow,Public Rack - N Sayre Ave & W Belden Ave,4
snow,weekday,no_snow,Public Rack - N. Oakview and W. Gregory St,16
snow,weekday,no_snow,Public Rack - Nagel & Higgins,44
snow,weekday,no_snow,Public Rack - Nagle Ave & Belmont Ave,13
snow,weekday,no_snow,Public Rack - Narragansett Ave & Fullerton Ave,6
snow,weekday,no_snow,Public Rack - Nashotah & Northwest Hwy,82
snow,weekday,no_snow,Public Rack - Natoma Ave & 61st St,25
snow,weekday,no_snow,Public Rack - Natoma Ave & Bryn Mawr Ave,81
snow,weekday,no_snow,Public Rack - Neenah & Archer,2
snow,weekday,no_snow,Public Rack - Neenah & Dakin,3
snow,weekday,no_snow,Public Rack - Neola & Northwest Hwy,6
snow,weekday,no_snow,Public Rack - Neva & Foster,1
snow,weekday,no_snow,Public Rack - Neva Ave & Grand Ave,3
snow,weekday,no_snow,Public Rack - New England Ave & Irving Park Rd,2
snow,weekday,no_snow,Public Rack - Newcastle & Archer,2
snow,weekday,no_snow,Public Rack - Newcastle Ave & Belden Ave,2
snow,weekday,no_snow,Public Rack - Newcastle Ave & Belmont Ave,4
snow,weekday,no_snow,Public Rack - Newcastle Ave & Wellington Ave,1
snow,weekday,no_snow,Public Rack - Newland Ave & Diversey Ave,6
snow,weekday,no_snow,Public Rack - Nina Ave & Avondale Ave,8
snow,weekday,no_snow,Public Rack - Nordica & Archer,5
snow,weekday,no_snow,Public Rack - Nordica Ave & Addison St,6
snow,weekday,no_snow,Public Rack - Nordica Ave & Higgins Ave,3
snow,weekday,no_snow,Public Rack - Normal Blvd & 61st Pl,5
snow,weekday,no_snow,Public Rack - Normandy Ave & Archer Ave,3
snow,weekday,no_snow,Public Rack - Normandy Ave & Raven St,2
snow,weekday,no_snow,Public Rack - Northwest Hwy & Bryn Mawr,8
snow,weekday,no_snow,Public Rack - Northwest Hwy & Highland Ave,2
snow,weekday,no_snow,Public Rack - Northwest Hwy & Neva Ave,12
snow,weekday,no_snow,Public Rack - Northwest Hwy & Overhill Ave,2
snow,weekday,no_snow,Public Rack - Northwest Hwy & Raven St,3
snow,weekday,no_snow,Public Rack - Norwood Park,14
snow,weekday,no_snow,Public Rack - Norwood Park Station,24
snow,weekday,no_snow,Public Rack - Oak Park & Higgins,35
snow,weekday,no_snow,Public Rack - Oak Park Ave & Foster Ave,14
snow,weekday,no_snow,Public Rack - Oakley & 79th Pl,1
snow,weekday,no_snow,Public Rack - Octavia Ave & Touhy Ave,5
snow,weekday,no_snow,Public Rack - Odell & Talcott,20
snow,weekday,no_snow,Public Rack - Oglesby Ave & 105th St,1
snow,weekday,no_snow,Public Rack - Oglesby Ave & 95th St,6
snow,weekday,no_snow,Public Rack - Oketo & Northwest Hwy,7
snow,weekday,no_snow,Public Rack - Oketo & Talcott,12
snow,weekday,no_snow,Public Rack - Oketo Ave & Belmont Ave,2
snow,weekday,no_snow,Public Rack - Olmstead Ave & Oliphant Ave,27
snow,weekday,no_snow,Public Rack - Orville T Bright School,1
snow,weekday,no_snow,Public Rack - Osceola Ave & Touhy Ave,6
snow,weekday,no_snow,Public Rack - Ottowa Ave & Touhy Ave,15
snow,weekday,no_snow,Public Rack - Overhill Ave & Touhy Ave,14
snow,weekday,no_snow,Public Rack - Ozanam Ave & Devon Ave,5
snow,weekday,no_snow,Public Rack - Ozark Ave & Addison St,6
snow,weekday,no_snow,Public Rack - Ozman & Talcott,4
snow,weekday,no_snow,Public Rack - Park Manor Elementary School,1
snow,weekday,no_snow,Public Rack - Parkside & 63rd,21
snow,weekday,no_snow,Public Rack - Parkside & Archer,1
snow,weekday,no_snow,Public Rack - Parkside & Elston,25
snow,weekday,no_snow,Public Rack - Parnell Ave & 119th St,2
snow,weekday,no_snow,Public Rack - Parnell Ave & 98th St,1
snow,weekday,no_snow,Public Rack - Penn Elementary School / KIPP Ascend Middle School,19
snow,weekday,no_snow,Public Rack - Peoria St & 60th St,1
snow,weekday,no_snow,Public Rack - Peterson Ave & Drake Ave,47
snow,weekday,no_snow,Public Rack - Peterson Ave & Milwaukee Ave,15
snow,weekday,no_snow,Public Rack - Peterson Park,57
snow,weekday,no_snow,Public Rack - Piotrowski Park,1
snow,weekday,no_snow,Public Rack - Plainfield Ave & Irving Park Rd,5
snow,weekday,no_snow,Public Rack - Prairie Ave & 47th St,58
snow,weekday,no_snow,Public Rack - Prairie Ave & 78th St,1
snow,weekday,no_snow,Public Rack - Prairie Ave & 85th St,1
snow,weekday,no_snow,Public Rack - Prairie Ave & Garfield Blvd N,57
snow,weekday,no_snow,Public Rack - Prairie Ave & Garfield Blvd S,9
snow,weekday,no_snow,Public Rack - Pratt Ave & Odell Ave,7
snow,weekday,no_snow,Public Rack - Princeton Ave & 43rd St,2
snow,weekday,no_snow,Public Rack - Pulaski & 52nd,3
snow,weekday,no_snow,Public Rack - Pulaski & 74th,2
snow,weekday,no_snow,Public Rack - Pulaski & 84th,1
snow,weekday,no_snow,Public Rack - Pulaski & Ardmore,22
snow,weekday,no_snow,Public Rack - Pulaski & Rosemont,16
snow,weekday,no_snow,Public Rack - Pulaski Rd & 15th St,4
snow,weekday,no_snow,Public Rack - Pulaski Rd & 40th St,1
snow,weekday,no_snow,Public Rack - Pulaski Rd & 41st,3
snow,weekday,no_snow,Public Rack - Pulaski Rd & 44th St,85
snow,weekday,no_snow,Public Rack - Pulaski Rd & 51st Rd,2
snow,weekday,no_snow,Public Rack - Pulaski Rd & 5th Ave,4
snow,weekday,no_snow,Public Rack - Pulaski Rd & 65th St,2
snow,weekday,no_snow,Public Rack - Pulaski Rd & Armitage Ave,19
snow,weekday,no_snow,Public Rack - Pulaski Rd & Flournoy St,2
snow,weekday,no_snow,Public Rack - Pulaski Rd & Fullerton Ave,38
snow,weekday,no_snow,Public Rack - Pulaski Rd & Grenshaw St,2
snow,weekday,no_snow,Public Rack - Pulaski Rd & Lake St,9
snow,weekday,no_snow,Public Rack - Pulaski Rd & Polk St,2
snow,weekday,no_snow,Public Rack - Pulaski Rd & Roosevelt Rd,2
snow,weekday,no_snow,Public Rack - Pulaski Rd & Stevens Ave,3
snow,weekday,no_snow,Public Rack - Pullman - Planet Fitness,7
snow,weekday,no_snow,Public Rack - Pullman - Ross Dress for Less,2
snow,weekday,no_snow,Public Rack - Pullman - Walmart,6
snow,weekday,no_snow,Public Rack - Pullman Community Center,6
snow,weekday,no_snow,Public Rack - Racine Ave & 109th Pl,2
snow,weekday,no_snow,Public Rack - Racine Ave & 74th St,10
snow,weekday,no_snow,Public Rack - Rhodes Ave & 79th St,1
snow,weekday,no_snow,Public Rack - Richard Daley College,36
snow,weekday,no_snow,Public Rack - Rockwell & 111th St,5
snow,weekday,no_snow,Public Rack - Rockwell & Division,202
snow,weekday,no_snow,Public Rack - Rockwell Ave & 71st St,3
snow,weekday,no_snow,Public Rack - Rockwell Ave & Touhy Ave,28
snow,weekday,no_snow,Public Rack - Roswell B. Mason Elementary School,2
snow,weekday,no_snow,Public Rack - Rutherford & 53rd,1
snow,weekday,no_snow,Public Rack - Rutherford Ave & Belmont Ave,14
snow,weekday,no_snow,Public Rack - S Kostner Ave & W 18th Pl,1
snow,weekday,no_snow,Public Rack - S Menard & W 63rd,5
snow,weekday,no_snow,Public Rack - S. Kilpatrick and W. 79th,14
snow,weekday,no_snow,Public Rack - S. New England/ W. 65th,1
snow,weekday,no_snow,Public Rack - Sacramento & 71st,1
snow,weekday,no_snow,Public Rack - Sacramento Ave & Devon Ave,16
snow,weekday,no_snow,Public Rack - Sacramento Ave & Greenleaf Ave,1
snow,weekday,no_snow,Public Rack - Sacramento Blvd & Washington Blvd,11
snow,weekday,no_snow,Public Rack - Saginaw Ave & 93rd St,3
snow,weekday,no_snow,Public Rack - Sangamon St & 87th St,2
snow,weekday,no_snow,Public Rack - Sawyer Ave & 111th St,6
snow,weekday,no_snow,Public Rack - Sawyer Ave & Bryn Mawr Ave - SE,35
snow,weekday,no_snow,Public Rack - Sawyer Ave & Bryn Mawr Ave - SW,5
snow,weekday,no_snow,Public Rack - Sawyer Ave & Chicago Ave,3
snow,weekday,no_snow,Public Rack - Sawyer Ave & Lawrence Ave,34
snow,weekday,no_snow,Public Rack - Sayer & Northwest Hwy,5
snow,weekday,no_snow,Public Rack - Sayre Ave & 59th St,2
snow,weekday,no_snow,Public Rack - South Shore Dr & 71st St,105
snow,weekday,no_snow,Public Rack - Spaulding Ave & 71st St,1
snow,weekday,no_snow,Public Rack - Spaulding Ave & Bryn Mawr Ave,35
snow,weekday,no_snow,Public Rack - Spaulding Ave & Evergreen Ave,273
snow,weekday,no_snow,Public Rack - Spaulding Ave & Foster Ave,7
snow,weekday,no_snow,Public Rack - Spaulding Ave & North Ave,108
snow,weekday,no_snow,Public Rack - Springfield & 71st,1
snow,weekday,no_snow,Public Rack - Springfield & 79th,5
snow,weekday,no_snow,Public Rack - Springfield Ave & 63rd St,2
snow,weekday,no_snow,Public Rack - Springfield Ave & Lawrence Ave,69
snow,weekday,no_snow,Public Rack - St Louis & Lincoln,26
snow,weekday,no_snow,Public Rack - St Louis Ave & Berteau Ave,48
snow,weekday,no_snow,Public Rack - St Louis Ave & Flournoy St,4
snow,weekday,no_snow,Public Rack - State ST & 42nd St,13
snow,weekday,no_snow,Public Rack - State St & 47th st,3
snow,weekday,no_snow,Public Rack - Stewart Ave & 123rd St,1
snow,weekday,no_snow,Public Rack - Stony Is Ave & 73rd St,3
snow,weekday,no_snow,Public Rack - Stony Island & 87th St,3
snow,weekday,no_snow,Public Rack - Stony Island & 95th St,2
snow,weekday,no_snow,Public Rack - Stony Island Ave & 86th St,1
snow,weekday,no_snow,Public Rack - Strohacker Park,3
snow,weekday,no_snow,Public Rack - Talman Ave & 51st St,13
snow,weekday,no_snow,Public Rack - Talman Ave & Pershing Rd,4
snow,weekday,no_snow,Public Rack - The Montessori School of Englewood,5
snow,weekday,no_snow,Public Rack - Throop St & 109th Pl,1
snow,weekday,no_snow,Public Rack - Throop St & 58th St,5
snow,weekday,no_snow,Public Rack - Torrence Ave  & 106th St,1
snow,weekday,no_snow,Public Rack - Torrence Ave & 103rd St,1
snow,weekday,no_snow,Public Rack - Torrence Ave & 98th St,5
snow,weekday,no_snow,Public Rack - Touhy Ave & Oconto Ave,16
snow,weekday,no_snow,Public Rack - Tripp Ave & North Ave,5
snow,weekday,no_snow,Public Rack - Troy & 71st,2
snow,weekday,no_snow,Public Rack - Trumbull Ave & 111th St,18
snow,weekday,no_snow,Public Rack - Tuley (Murray) Park,1
snow,weekday,no_snow,Public Rack - Vincennes Ave & 77th St,4
snow,weekday,no_snow,Public Rack - Vincennes Ave & 87th St,1
snow,weekday,no_snow,Public Rack - Vincennes Ave & 91st St,2
snow,weekday,no_snow,Public Rack - Vincennes Ave & 95th Pl,2
snow,weekday,no_snow,Public Rack - Vincennes Ave & 95th St,1
snow,weekday,no_snow,Public Rack - W. Talcott & N. Oriole,3
snow,weekday,no_snow,Public Rack - Wabash Ave & 87th St,6
snow,weekday,no_snow,Public Rack - Walden Pkwy & 103rd St,51
snow,weekday,no_snow,Public Rack - Walden Pkwy & 99th St,6
snow,weekday,no_snow,Public Rack - Waller Ave & Chicago Ave,5
snow,weekday,no_snow,Public Rack - Washington Park Ct & 51st St,35
snow,weekday,no_snow,Public Rack - Washtenaw Ave & 63rd St,2
snow,weekday,no_snow,Public Rack - Washtenaw Ave & Devon Ave,155
snow,weekday,no_snow,Public Rack - Washtenaw Ave & Superior St,414
snow,weekday,no_snow,Public Rack - Wentworth Ave & 103rd St,11
snow,weekday,no_snow,Public Rack - Wentworth Ave & 79th St,2
snow,weekday,no_snow,Public Rack - Wentworth Park,11
snow,weekday,no_snow,Public Rack - West Chatham Park,2
snow,weekday,no_snow,Public Rack - Western & 74th,2
snow,weekday,no_snow,Public Rack - Western & 83rd,1
snow,weekday,no_snow,Public Rack - Western Ave & 100th St,18
snow,weekday,no_snow,Public Rack - Western Ave & 104th St - East,1
snow,weekday,no_snow,Public Rack - Western Ave & 104th St - West,1
snow,weekday,no_snow,Public Rack - Western Ave & 105th St,3
snow,weekday,no_snow,Public Rack - Western Ave & 106th St - East,2
snow,weekday,no_snow,Public Rack - Western Ave & 106th St - West,1
snow,weekday,no_snow,Public Rack - Western Ave & 107th Pl,2
snow,weekday,no_snow,Public Rack - Western Ave & 110th St,2
snow,weekday,no_snow,Public Rack - Western Ave & 111th St - NW,1
snow,weekday,no_snow,Public Rack - Western Ave & 111th St - SE,2
snow,weekday,no_snow,Public Rack - Western Ave & 111th St - SW,2
snow,weekday,no_snow,Public Rack - Western Ave & 116th St,2
snow,weekday,no_snow,Public Rack - Western Ave & 118th St,3
snow,weekday,no_snow,Public Rack - Western Ave & 47th Pl,85
snow,weekday,no_snow,Public Rack - Western Ave & 62nd St,1
snow,weekday,no_snow,Public Rack - Western Ave & 79th St,1
snow,weekday,no_snow,Public Rack - Western Ave & 92nd Pl,54
snow,weekday,no_snow,Public Rack - Western Ave & 96th St,7
snow,weekday,no_snow,Public Rack - Western Ave & 98th St,1
snow,weekday,no_snow,Public Rack - Western Ave & Devon Ave,161
snow,weekday,no_snow,Public Rack - Western Ave & Jarvis Ave,33
snow,weekday,no_snow,Public Rack - Western Blvd & 49th St,45
snow,weekday,no_snow,Public Rack - Western Blvd & 53rd St,1
snow,weekday,no_snow,Public Rack - Whipple St & 26th St,2
snow,weekday,no_snow,Public Rack - Whipple St & 63rd St,33
snow,weekday,no_snow,Public Rack - Wilbur Wright College North,3
snow,weekday,no_snow,Public Rack - Wilbur Wright College South,40
snow,weekday,no_snow,Public Rack - William J Onahan Public School,7
snow,weekday,no_snow,Public Rack - William Rainey Harper High School,1
snow,weekday,no_snow,Public Rack - Winchester Ave & 87th St,1
snow,weekday,no_snow,Public Rack - Winona St & Elston Ave,3
snow,weekday,no_snow,Public Rack - Wolcott Ave & 56th St,2
snow,weekday,no_snow,Public Rack - Wolcott Ave & 61st St,13
snow,weekday,no_snow,Public Rack - Wood St & 103rd St,11
snow,weekday,no_snow,Public Rack - Wood St & 47th St,5
snow,weekday,no_snow,Public Rack - Woodlawn Ave & 63rd St N,347
snow,weekday,no_snow,Public Rack - Woodlawn Ave & 63rd St S,77
snow,weekday,no_snow,Public Rack - Wrightwood Metra Station,5
snow,weekday,no_snow,Public Rack - Yates Ave & 100th St,2
snow,weekday,no_snow,Public Rack - Zapata Academy,1
snow,weekday,no_snow,Pulaski Rd & 51st St,460
snow,weekday,no_snow,Pulaski Rd & 54th St,80
snow,weekday,no_snow,Pulaski Rd & 60th Pl,36
snow,weekday,no_snow,Pulaski Rd & 60th St,18
snow,weekday,no_snow,Pulaski Rd & 68th St,28
snow,weekday,no_snow,Pulaski Rd & 75th St,62
snow,weekday,no_snow,Pulaski Rd & 84th St,33
snow,weekday,no_snow,Pulaski Rd & Ann Lurie Pl,128
snow,weekday,no_snow,Pulaski Rd & Congress Pkwy,123
snow,weekday,no_snow,Pulaski Rd & Eddy St,438
snow,weekday,no_snow,Pulaski Rd & Lake St,62
snow,weekday,no_snow,Racine Ave & 115th St,48
snow,weekday,no_snow,Racine Ave & 13th St,872
snow,weekday,no_snow,Racine Ave & 15th St,2133
snow,weekday,no_snow,Racine Ave & 18th St,4081
snow,weekday,no_snow,Racine Ave & 35th St,599
snow,weekday,no_snow,Racine Ave & 57th St,22
snow,weekday,no_snow,Racine Ave & 61st St,18
snow,weekday,no_snow,Racine Ave & 65th St,27
snow,weekday,no_snow,Racine Ave & Belmont Ave,6542
snow,weekday,no_snow,Racine Ave & Broadway,801
snow,weekday,no_snow,Racine Ave & Congress Pkwy,3966
snow,weekday,no_snow,Racine Ave & Fullerton Ave,7090
snow,weekday,no_snow,Racine Ave & Garfield Blvd,43
snow,weekday,no_snow,Racine Ave & Randolph St,2803
snow,weekday,no_snow,Racine Ave & Washington Blvd,3475
snow,weekday,no_snow,Racine Ave & Webster Ave,456
snow,weekday,no_snow,Racine Ave & Wrightwood Ave,4105
snow,weekday,no_snow,Racine/Eddy Corral,505
snow,weekday,no_snow,Rainbow - Beach,18
snow,weekday,no_snow,Rainbow Beach,70
snow,weekday,no_snow,Ravenswood Ave & Berteau Ave,2877
snow,weekday,no_snow,Ravenswood Ave & Irving Park Rd,3221
snow,weekday,no_snow,Ravenswood Ave & Lawrence Ave,13403
snow,weekday,no_snow,Rhodes Ave & 32nd St,2352
snow,weekday,no_snow,Rhodes Ave & 71st St,7
snow,weekday,no_snow,Richmond St & 59th St,123
snow,weekday,no_snow,Richmond St & Diversey Ave,1833
snow,weekday,no_snow,Richmond St & Lincoln Ave,216
snow,weekday,no_snow,Ridge Blvd & Howard St,438
snow,weekday,no_snow,Ridge Blvd & Touhy Ave,660
snow,weekday,no_snow,Ritchie Ct & Banks St,7262
snow,weekday,no_snow,Rockwell Ave & Logan Blvd,268
snow,weekday,no_snow,Rockwell St & 47th St,74
snow,weekday,no_snow,Rockwell St & 57th St,135
snow,weekday,no_snow,Rockwell St & 63rd St,17
snow,weekday,no_snow,Rockwell St & Archer Ave,394
snow,weekday,no_snow,Rockwell St & Cermak Rd,269
snow,weekday,no_snow,Rockwell St & Eastwood Ave,2255
snow,weekday,no_snow,Rockwell St & Fletcher St,1152
snow,weekday,no_snow,Rockwell/Irving Park Hub,130
snow,weekday,no_snow,Roscoe & Harlem,31
snow,weekday,no_snow,Rush St & Cedar St,9512
snow,weekday,no_snow,Rush St & Hubbard St,7106
snow,weekday,no_snow,Rush St & Illinois St,787
snow,weekday,no_snow,Rush St & Superior St,9283
snow,weekday,no_snow,S Aberdeen St & W 106th St,2
snow,weekday,no_snow,S Michigan Ave & E 118th St,8
snow,weekday,no_snow,S Wentworth Ave & W 111th St,10
snow,weekday,no_snow,SCOOTERS CLASSIC - 2132 W Hubbard ST,107
snow,weekday,no_snow,Sacramento Ave & 25th St,55
snow,weekday,no_snow,Sacramento Ave & 51st St,39
snow,weekday,no_snow,Sacramento Ave & Linden Pl,27
snow,weekday,no_snow,Sacramento Ave & Lunt Ave,233
snow,weekday,no_snow,Sacramento Ave & Lyndale St,260
snow,weekday,no_snow,Sacramento Ave & Pratt Blvd,176
snow,weekday,no_snow,Sacramento Blvd & Addison St,559
snow,weekday,no_snow,Sacramento Blvd & Franklin Blvd,234
snow,weekday,no_snow,Sacramento Blvd & Fulton Ave,208
snow,weekday,no_snow,Sacramento Blvd & Polk St,28
snow,weekday,no_snow,Sangamon St & Adams St,970
snow,weekday,no_snow,Sangamon St & Lake St,7323
snow,weekday,no_snow,Sangamon St & Washington Blvd,6170
snow,weekday,no_snow,Sawyer Ave & Fullerton Ave,20
snow,weekday,no_snow,Sawyer Ave & Irving Park Rd,1074
snow,weekday,no_snow,Sayre Ave & Diversey Ave,103
snow,weekday,no_snow,Scottsdale Park,33
snow,weekday,no_snow,Sedgwick St & Chicago Ave,209
snow,weekday,no_snow,Sedgwick St & Huron St,9856
snow,weekday,no_snow,Sedgwick St & North Ave,7944
snow,weekday,no_snow,Sedgwick St & North Ave*,32
snow,weekday,no_snow,Sedgwick St & Schiller St,2748
snow,weekday,no_snow,Sedgwick St & Webster Ave,7891
snow,weekday,no_snow,Seeley Ave & Garfield Blvd,49
snow,weekday,no_snow,Seeley Ave & Roscoe St,3386
snow,weekday,no_snow,Seminary Ave & Belden Ave,657
snow,weekday,no_snow,Shabbona Park,226
snow,weekday,no_snow,Shedd Aquarium,11079
snow,weekday,no_snow,Sheffield Ave & Addison St,4822
snow,weekday,no_snow,Sheffield Ave & Fletcher St,383
snow,weekday,no_snow,Sheffield Ave & Fullerton Ave,12154
snow,weekday,no_snow,Sheffield Ave & Fullerton Ave*,65
snow,weekday,no_snow,Sheffield Ave & Kingsbury St,8102
snow,weekday,no_snow,Sheffield Ave & Kingsbury St*,23
snow,weekday,no_snow,Sheffield Ave & Waveland Ave,9614
snow,weekday,no_snow,Sheffield Ave & Webster Ave,9015
snow,weekday,no_snow,Sheffield Ave & Wellington Ave,8952
snow,weekday,no_snow,Sheffield Ave & Willow St,5847
snow,weekday,no_snow,Sheffield Ave & Wrightwood Ave,9076
snow,weekday,no_snow,Sheffield/Cornelia Corral,386
snow,weekday,no_snow,Sheffield/Newport Corral,1089
snow,weekday,no_snow,Sheridan Rd & Argyle St,4735
snow,weekday,no_snow,Sheridan Rd & Berwyn Ave,229
snow,weekday,no_snow,Sheridan Rd & Buena Ave,6032
snow,weekday,no_snow,Sheridan Rd & Columbia Ave,1959
snow,weekday,no_snow,Sheridan Rd & Greenleaf Ave,1320
snow,weekday,no_snow,Sheridan Rd & Irving Park Rd,9254
snow,weekday,no_snow,Sheridan Rd & Lawrence Ave,3367
snow,weekday,no_snow,Sheridan Rd & Loyola Ave,2634
snow,weekday,no_snow,Sheridan Rd & Montrose Ave,8035
snow,weekday,no_snow,Sheridan Rd & Noyes St (NU),4491
snow,weekday,no_snow,Shields Ave & 28th Pl,1230
snow,weekday,no_snow,Shields Ave & 31st St,2292
snow,weekday,no_snow,Shields Ave & 43rd St,142
snow,weekday,no_snow,Shields Ave & 57th St,5
snow,weekday,no_snow,Shore Dr & 53rd St,49
snow,weekday,no_snow,Shore Dr & 55th St,7228
snow,weekday,no_snow,Smith Park,1589
snow,weekday,no_snow,South Chicago Ave & 83rd St,27
snow,weekday,no_snow,South Chicago Ave & Elliot Ave,6
snow,weekday,no_snow,South Shore Dr & 67th St,614
snow,weekday,no_snow,South Shore Dr & 71st St,768
snow,weekday,no_snow,South Shore Dr & 74th St,324
snow,weekday,no_snow,Southport Ave & Belmont Ave,5926
snow,weekday,no_snow,Southport Ave & Clark St,2367
snow,weekday,no_snow,Southport Ave & Clybourn Ave,4234
snow,weekday,no_snow,Southport Ave & Grace St,252
snow,weekday,no_snow,Southport Ave & Irving Park Rd,4729
snow,weekday,no_snow,Southport Ave & Roscoe St,9599
snow,weekday,no_snow,Southport Ave & Waveland Ave,11017
snow,weekday,no_snow,Southport Ave & Waveland Ave*,39
snow,weekday,no_snow,Southport Ave & Wellington Ave,7147
snow,weekday,no_snow,Southport Ave & Wrightwood Ave,5884
snow,weekday,no_snow,Southport Ave & Wrightwood Ave*,30
snow,weekday,no_snow,Spaulding Ave & 16th St,65
snow,weekday,no_snow,Spaulding Ave & 63rd,52
snow,weekday,no_snow,Spaulding Ave & Armitage Ave,3501
snow,weekday,no_snow,Spaulding Ave & Division St,1296
snow,weekday,no_snow,Spaulding Ave & Milwaukee Ave,19
snow,weekday,no_snow,Springfield Ave & 47th St,33
snow,weekday,no_snow,Springfield Ave & 71st St,47
snow,weekday,no_snow,Springfield Ave & 80th St,9
snow,weekday,no_snow,Springfield Ave & North Ave,392
snow,weekday,no_snow,St Clair St & Ohio St,970
snow,weekday,no_snow,St Louis Ave & 51st St,43
snow,weekday,no_snow,St Louis Ave & 59th St,116
snow,weekday,no_snow,St Louis Ave & Foster Ave,351
snow,weekday,no_snow,St Louis Ave & Norman Bobbins Pl,73
snow,weekday,no_snow,St. Clair St & Erie St,15171
snow,weekday,no_snow,St. Clair St & Erie St 1,81
snow,weekday,no_snow,St. Clair St & Erie St 2,123
snow,weekday,no_snow,St. Louis & 71st St,44
snow,weekday,no_snow,St. Louis Ave & Balmoral Ave,805
snow,weekday,no_snow,St. Louis Ave & Fullerton Ave,2021
snow,weekday,no_snow,State St & 111th St,22
snow,weekday,no_snow,State St & 123rd St,29
snow,weekday,no_snow,State St & 127th St,17
snow,weekday,no_snow,State St & 19th St,1874
snow,weekday,no_snow,State St & 29th St,338
snow,weekday,no_snow,State St & 33rd St,4099
snow,weekday,no_snow,State St & 35th St,2083
snow,weekday,no_snow,State St & 45th St,64
snow,weekday,no_snow,State St & 54th St,156
snow,weekday,no_snow,State St & 76th St,42
snow,weekday,no_snow,State St & 79th St,97
snow,weekday,no_snow,State St & 95th St,232
snow,weekday,no_snow,State St & Chicago Ave,18504
snow,weekday,no_snow,State St & Harrison St,4841
snow,weekday,no_snow,State St & Kinzie St,9861
snow,weekday,no_snow,State St & Pearson St,5299
snow,weekday,no_snow,State St & Pershing Rd,52
snow,weekday,no_snow,State St & Randolph St,8612
snow,weekday,no_snow,State St & Van Buren St,5386
snow,weekday,no_snow,Stave St & Armitage Ave,2976
snow,weekday,no_snow,Steelworkers Park,93
snow,weekday,no_snow,Steelworkers Park (Updated),16
snow,weekday,no_snow,Stetson Ave & South Water St,7032
snow,weekday,no_snow,Stewart Ave & 123rd St,78
snow,weekday,no_snow,Stewart Ave & 63rd St,28
snow,weekday,no_snow,Stewart Ave & 83rd St,69
snow,weekday,no_snow,Stockton Dr & Wrightwood Ave,8074
snow,weekday,no_snow,Stony Island Ave & 63rd St,372
snow,weekday,no_snow,Stony Island Ave & 64th St,126
snow,weekday,no_snow,Stony Island Ave & 67th St,191
snow,weekday,no_snow,Stony Island Ave & 71st St,288
snow,weekday,no_snow,Stony Island Ave & 75th St,194
snow,weekday,no_snow,Stony Island Ave & 82nd St,38
snow,weekday,no_snow,Stony Island Ave & 90th St,28
snow,weekday,no_snow,Stony Island Ave & South Chicago Ave,14
snow,weekday,no_snow,Streeter Dr & Grand Ave,17773
snow,weekday,no_snow,Streeter Dr/Grand Ave,2222
snow,weekday,no_snow,Summit Ave & 86th St,22
snow,weekday,no_snow,Talman Ave & Addison St,2036
snow,weekday,no_snow,The Salt Shed,874
snow,weekday,no_snow,Theater on the Lake,15358
snow,weekday,no_snow,Throop St & 52nd St,28
snow,weekday,no_snow,Throop St & 99th St,24
snow,weekday,no_snow,Throop St & Taylor St,3746
snow,weekday,no_snow,Torrence Ave & 106th St,10
snow,weekday,no_snow,Torrence Ave & 126th Pl,13
snow,weekday,no_snow,Tripp Ave & 15th St,81
snow,weekday,no_snow,Tripp Ave & 31st St,36
snow,weekday,no_snow,Tripp Ave & 65th St,137
snow,weekday,no_snow,Troy Ave & 27th St,26
snow,weekday,no_snow,Troy St & Elston Ave,1617
snow,weekday,no_snow,Troy St & Grace St,658
snow,weekday,no_snow,Troy St & Jackson Blvd,40
snow,weekday,no_snow,Troy St & North Ave,1168
snow,weekday,no_snow,Union Ave & Root St,179
snow,weekday,no_snow,University Ave & 57th St,15536
snow,weekday,no_snow,University Ave & 59th St,5161
snow,weekday,no_snow,University Ave & 65th St,378
snow,weekday,no_snow,University Library (NU),1816
snow,weekday,no_snow,Valli Produce - Evanston Plaza,534
snow,weekday,no_snow,Vernon Ave & 107th St,51
snow,weekday,no_snow,Vernon Ave & 75th St,76
snow,weekday,no_snow,Vernon Ave & 79th St,58
snow,weekday,no_snow,Vincennes Ave & 104th St,86
snow,weekday,no_snow,Vincennes Ave & 107th St,59
snow,weekday,no_snow,Vincennes Ave & 75th St,29
snow,weekday,no_snow,Vincennes Ave & 79th St,86
snow,weekday,no_snow,Vincennes Ave & 95th St,89
snow,weekday,no_snow,Virginia Ave & Catalpa Ave,251
snow,weekday,no_snow,W 103rd St & S Avers Ave,49
snow,weekday,no_snow,W Armitage Ave & N Sheffield Ave,2645
snow,weekday,no_snow,W Washington Blvd & N Peoria St,671
snow,weekday,no_snow,Wabansia & Milwaukee,945
snow,weekday,no_snow,Wabash Ave & 16th St,5054
snow,weekday,no_snow,Wabash Ave & 49th St,54
snow,weekday,no_snow,Wabash Ave & 59th St,58
snow,weekday,no_snow,Wabash Ave & 83rd St,40
snow,weekday,no_snow,Wabash Ave & 87th St,115
snow,weekday,no_snow,Wabash Ave & 9th St,8975
snow,weekday,no_snow,Wabash Ave & Adams St,6864
snow,weekday,no_snow,Wabash Ave & Cermak Rd,1931
snow,weekday,no_snow,Wabash Ave & Grand Ave,15141
snow,weekday,no_snow,Wabash Ave & Jackson Blvd,278
snow,weekday,no_snow,Wabash Ave & Roosevelt Rd,12297
snow,weekday,no_snow,Wabash Ave & Wacker Pl,7146
snow,weekday,no_snow,Wabash Ave & Washington St,1955
snow,weekday,no_snow,Wacker Dr & Randolph St,988
snow,weekday,no_snow,Wacker Dr & Washington St,8389
snow,weekday,no_snow,Wacker Dr & Washington St Corral,1911
snow,weekday,no_snow,Walden Pkwy & 100th St,211
snow,weekday,no_snow,Wallace St & 28th St,197
snow,weekday,no_snow,Wallace St & 35th St,845
snow,weekday,no_snow,Wallace St & Pershing Rd,257
snow,weekday,no_snow,Walsh Park,4104
snow,weekday,no_snow,Warren Park East,646
snow,weekday,no_snow,Warren Park West,781
snow,weekday,no_snow,Washtenaw Ave & Lawrence Ave,1924
snow,weekday,no_snow,Washtenaw Ave & Ogden Ave,314
snow,weekday,no_snow,Washtenaw Ave & Peterson Ave,159
snow,weekday,no_snow,Washtenaw Ave & Polk St,169
snow,weekday,no_snow,Waveland/Racine,192
snow,weekday,no_snow,Waveland/Racine Corral,740
snow,weekday,no_snow,Waveland/Wilton Corral,82
snow,weekday,no_snow,Wellington Ave & Mulligan Ave,60
snow,weekday,no_snow,Wells St & 19th St,997
snow,weekday,no_snow,Wells St & Concord Ln,17823
snow,weekday,no_snow,Wells St & Elm St,17609
snow,weekday,no_snow,Wells St & Evergreen Ave,9519
snow,weekday,no_snow,Wells St & Hubbard St,16162
snow,weekday,no_snow,Wells St & Huron St,17197
snow,weekday,no_snow,Wells St & Institute Pl,5081
snow,weekday,no_snow,Wells St & Madison St,1940
snow,weekday,no_snow,Wells St & Polk St,7278
snow,weekday,no_snow,Wells St & Randolph St,9989
snow,weekday,no_snow,Wells St & Randolph St Corral,1016
snow,weekday,no_snow,Wells St & Walton St,8984
snow,weekday,no_snow,Wells St & Washington St,1878
snow,weekday,no_snow,Wentworth Ave & 104th St,6
snow,weekday,no_snow,Wentworth Ave & 107th St,53
snow,weekday,no_snow,Wentworth Ave & 24th St,1114
snow,weekday,no_snow,Wentworth Ave & 33rd St,1217
snow,weekday,no_snow,Wentworth Ave & 35th St,1240
snow,weekday,no_snow,Wentworth Ave & 63rd St,146
snow,weekday,no_snow,Wentworth Ave & 92nd St,68
snow,weekday,no_snow,Wentworth Ave & Cermak Rd,56
snow,weekday,no_snow,Wentworth Ave & Cermak Rd*,4017
snow,weekday,no_snow,Western Ave & 101st St,50
snow,weekday,no_snow,Western Ave & 104th St,70
snow,weekday,no_snow,Western Ave & 111th St,52
snow,weekday,no_snow,Western Ave & 21st St,804
snow,weekday,no_snow,Western Ave & 24th St,492
snow,weekday,no_snow,Western Ave & 28th St,103
snow,weekday,no_snow,Western Ave & 43rd St,176
snow,weekday,no_snow,Western Ave & 62nd St,24
snow,weekday,no_snow,Western Ave & 79th St,35
snow,weekday,no_snow,Western Ave & 81st St,15
snow,weekday,no_snow,Western Ave & Ardmore Ave,293
snow,weekday,no_snow,Western Ave & Berteau Ave,919
snow,weekday,no_snow,Western Ave & Congress Pkwy,1149
snow,weekday,no_snow,Western Ave & Division St,2973
snow,weekday,no_snow,Western Ave & Fillmore St,1470
snow,weekday,no_snow,Western Ave & Grace St,1119
snow,weekday,no_snow,Western Ave & Granville Ave,1029
snow,weekday,no_snow,Western Ave & Gunnison St,288
snow,weekday,no_snow,Western Ave & Howard St,725
snow,weekday,no_snow,Western Ave & Lake St,341
snow,weekday,no_snow,Western Ave & Leland Ave,3212
snow,weekday,no_snow,Western Ave & Lunt Ave,1096
snow,weekday,no_snow,Western Ave & Lyndale St,287
snow,weekday,no_snow,Western Ave & Monroe St,871
snow,weekday,no_snow,Western Ave & Roscoe St,1883
snow,weekday,no_snow,Western Ave & Wabansia Ave,430
snow,weekday,no_snow,Western Ave & Walton St,4082
snow,weekday,no_snow,Western Ave & Winnebago Ave,5468
snow,weekday,no_snow,Western Blvd & 48th Pl,321
snow,weekday,no_snow,Whipple St & Roosevelt Rd,22
snow,weekday,no_snow,Whipple/Irving Park,565
snow,weekday,no_snow,Wilton Ave & Addison St,2549
snow,weekday,no_snow,Wilton Ave & Belmont Ave,14380
snow,weekday,no_snow,Wilton Ave & Diversey Pkwy,8248
snow,weekday,no_snow,Wilton Ave & Diversey Pkwy*,3562
snow,weekday,no_snow,Winchester (Ravenswood) Ave & Balmoral Ave,1402
snow,weekday,no_snow,Winchester Ave & Elston Ave,2122
snow,weekday,no_snow,Winthrop Ave & Lawrence Ave,3978
snow,weekday,no_snow,Wolcott (Ravenswood) Ave & Montrose Ave,3471
snow,weekday,no_snow,Wolcott Ave & Fargo Ave,376
snow,weekday,no_snow,Wolcott Ave & Polk St,6186
snow,weekday,no_snow,Wood St & 33rd St,176
snow,weekday,no_snow,Wood St & 35th St,510
snow,weekday,no_snow,Wood St & 84th St,14
snow,weekday,no_snow,Wood St & Augusta Blvd,4424
snow,weekday,no_snow,Wood St & Beach Ave,2116
snow,weekday,no_snow,Wood St & Chicago Ave,5000
snow,weekday,no_snow,Wood St & Cortland St,288
snow,weekday,no_snow,Wood St & Hubbard St,3036
snow,weekday,no_snow,Wood St & Milwaukee Ave,5891
snow,weekday,no_snow,Wood St & Milwaukee Ave*,37
snow,weekday,no_snow,Wood St & Taylor St (Temp),4326
snow,weekday,no_snow,Wood St & Walnut St,187
snow,weekday,no_snow,Wood St & Webster Ave,1863
snow,weekday,no_snow,Woodlawn & 103rd,14
snow,weekday,no_snow,Woodlawn Ave & 55th St,5986
snow,weekday,no_snow,Woodlawn Ave & 58th St,6145
snow,weekday,no_snow,Woodlawn Ave & 75th St,51
snow,weekday,no_snow,Woodlawn Ave & Lake Park Ave,833
snow,weekday,no_snow,Yates Blvd & 75th St,77
snow,weekday,no_snow,Yates Blvd & 93rd St,32
snow,weekday,snowy,2112 W Peterson Ave,7
snow,weekday,snowy,63rd St Beach,2
snow,weekday,snowy,900 W Harrison St,304
snow,weekday,snowy,Aberdeen St & 103rd St,1
snow,weekday,snowy,Aberdeen St & Carroll Ave,134
snow,weekday,snowy,Aberdeen St & Jackson Blvd,361
snow,weekday,snowy,Aberdeen St & Monroe St,204
snow,weekday,snowy,Aberdeen St & Randolph St,295
snow,weekday,snowy,Ada St & Washington Blvd,184
snow,weekday,snowy,Addison/Racine Corral,10
snow,weekday,snowy,Addison/Sheffield SW Corral,1
snow,weekday,snowy,Addison/Wilton Corral,6
snow,weekday,snowy,Adler Planetarium,59
snow,weekday,snowy,Albany Ave & 26th St,5
snow,weekday,snowy,Albany Ave & Belmont Ave,8
snow,weekday,snowy,Albany Ave & Bloomingdale Ave,68
snow,weekday,snowy,Albany Ave & Montrose Ave,29
snow,weekday,snowy,Archer & Wentworth,3
snow,weekday,snowy,Archer (Damen) Ave & 37th St,6
snow,weekday,snowy,Archer Ave & 49th St,1
snow,weekday,snowy,Archer Ave & Homan Ave,2
snow,weekday,snowy,Archer Ave & Wentworth Ave,16
snow,weekday,snowy,Artesian Ave & 55th St,1
snow,weekday,snowy,Artesian Ave & 71st St,1
snow,weekday,snowy,Artesian Ave & Hubbard St,140
snow,weekday,snowy,Artesian Ave & Marquette Rd,1
snow,weekday,snowy,Ashland Ave & 13th St,60
snow,weekday,snowy,Ashland Ave & 50th St,3
snow,weekday,snowy,Ashland Ave & 78th St,1
snow,weekday,snowy,Ashland Ave & Archer Ave,21
snow,weekday,snowy,Ashland Ave & Augusta Blvd,109
snow,weekday,snowy,Ashland Ave & Belle Plaine Ave,27
snow,weekday,snowy,Ashland Ave & Blackhawk St,107
snow,weekday,snowy,Ashland Ave & Chicago Ave,160
snow,weekday,snowy,Ashland Ave & Division St,114
snow,weekday,snowy,Ashland Ave & Grace St,77
snow,weekday,snowy,Ashland Ave & Grand Ave,74
snow,weekday,snowy,Ashland Ave & Lake St,85
snow,weekday,snowy,Ashland Ave & McDowell Ave,8
snow,weekday,snowy,Ashland Ave & Pershing Rd,9
snow,weekday,snowy,Ashland Ave & Wellington Ave,107
snow,weekday,snowy,Ashland Ave & Wrightwood Ave,89
snow,weekday,snowy,Augusta Blvd & Laramie Ave,2
snow,weekday,snowy,Austin Ave & Milwaukee Ave,1
snow,weekday,snowy,Austin Blvd & Lake St,2
snow,weekday,snowy,Austin Blvd & Madison St,2
snow,weekday,snowy,Avenue O & 134th St,1
snow,weekday,snowy,Avers Ave & Belmont Ave,28
snow,weekday,snowy,Avers Ave & Foster Ave,1
snow,weekday,snowy,Avondale Ave & Irving Park Rd,52
snow,weekday,snowy,Baltimore Ave & 133rd St,4
snow,weekday,snowy,Baltimore Ave & 87th St,2
snow,weekday,snowy,Benson Ave & Church St,156
snow,weekday,snowy,Bernard St & Elston Ave,22
snow,weekday,snowy,Bernard St & Peterson Ave,4
snow,weekday,snowy,Bissell St & Armitage Ave*,154
snow,weekday,snowy,Blackstone Ave & 59th St,409
snow,weekday,snowy,Blackstone Ave & Hyde Park Blvd,63
snow,weekday,snowy,Blue Island Ave & 18th St,83
snow,weekday,snowy,Bosworth Ave & Howard St,12
snow,weekday,snowy,Bradley Park,1
snow,weekday,snowy,Broadway & Argyle St,110
snow,weekday,snowy,Broadway & Barry Ave,210
snow,weekday,snowy,Broadway & Belmont Ave,206
snow,weekday,snowy,Broadway & Berwyn Ave,159
snow,weekday,snowy,Broadway & Cornelia Ave,274
snow,weekday,snowy,Broadway & Cuyler Ave,14
snow,weekday,snowy,Broadway & Granville Ave,84
snow,weekday,snowy,Broadway & Oakdale Ave,50
snow,weekday,snowy,Broadway & Ridge Ave,76
snow,weekday,snowy,Broadway & Roscoe Ave,52
snow,weekday,snowy,Broadway & Sheridan Rd,243
snow,weekday,snowy,Broadway & Sunnyside Ave,67
snow,weekday,snowy,Broadway & Thorndale Ave,70
snow,weekday,snowy,Broadway & Waveland Ave,325
snow,weekday,snowy,Broadway & Wilson Ave,174
snow,weekday,snowy,Buckingham Fountain,10
snow,weekday,snowy,Budlong Woods Library,10
snow,weekday,snowy,Burley Ave & 85th St,1
snow,weekday,snowy,Burling St & Diversey Pkwy,201
snow,weekday,snowy,Burling St & Diversey Pkwy*,13
snow,weekday,snowy,Burnham Greenway & 105th St,1
snow,weekday,snowy,Burnham Greenway & 112th St,1
snow,weekday,snowy,Burnham Harbor,31
snow,weekday,snowy,California & 16th St,6
snow,weekday,snowy,California Ave & 21st St,15
snow,weekday,snowy,California Ave & 23rd Pl,6
snow,weekday,snowy,California Ave & 26th St,2
snow,weekday,snowy,California Ave & 36th St,1
snow,weekday,snowy,California Ave & 41st St,2
snow,weekday,snowy,California Ave & Altgeld St,49
snow,weekday,snowy,California Ave & Byron St,25
snow,weekday,snowy,California Ave & Cortez St,74
snow,weekday,snowy,California Ave & Division St,61
snow,weekday,snowy,California Ave & Fletcher St,41
snow,weekday,snowy,California Ave & Francis Pl,58
snow,weekday,snowy,California Ave & Granville Ave,29
snow,weekday,snowy,California Ave & Lake St,18
snow,weekday,snowy,California Ave & Milwaukee Ave,184
snow,weekday,snowy,California Ave & Montrose Ave,41
snow,weekday,snowy,California Ave & North Ave,52
snow,weekday,snowy,California Ave & Touhy Ave,7
snow,weekday,snowy,California Ave & Winona St,10
snow,weekday,snowy,Calumet Ave & 18th St,120
snow,weekday,snowy,Calumet Ave & 21st St,50
snow,weekday,snowy,Calumet Ave & 33rd St,139
snow,weekday,snowy,Calumet Ave & 35th St,20
snow,weekday,snowy,Calumet Ave & 51st St,14
snow,weekday,snowy,Campbell Ave & Augusta Blvd,60
snow,weekday,snowy,Campbell Ave & Fullerton Ave,21
snow,weekday,snowy,Campbell Ave & Irving Park Rd,9
snow,weekday,snowy,Campbell Ave & Montrose Ave,65
snow,weekday,snowy,Campbell Ave & North Ave,128
snow,weekday,snowy,Canal St & Adams St,785
snow,weekday,snowy,Canal St & Harrison St,98
snow,weekday,snowy,Canal St & Jackson Blvd,470
snow,weekday,snowy,Canal St & Lake St,1
snow,weekday,snowy,Canal St & Madison St,1233
snow,weekday,snowy,Canal St & Monroe St,279
snow,weekday,snowy,Canal St & Taylor St,153
snow,weekday,snowy,Cannon Dr & Fullerton Ave,17
snow,weekday,snowy,Carpenter St & Fulton St,106
snow,weekday,snowy,Carpenter St & Huron St,154
snow,weekday,snowy,Central & Elston,1
snow,weekday,snowy,Central Ave & Altgeld St,4
snow,weekday,snowy,Central Ave & Chicago Ave,3
snow,weekday,snowy,Central Ave & Harrison St,3
snow,weekday,snowy,Central Ave & Lake St,1
snow,weekday,snowy,Central Ave & Madison St,1
snow,weekday,snowy,Central Ave & Parker Ave,3
snow,weekday,snowy,Central Ave & Roscoe St,2
snow,weekday,snowy,Central Ave & Wellington Ave,2
snow,weekday,snowy,Central Park & Augusta Blvd,12
snow,weekday,snowy,Central Park Ave & 24th St,2
snow,weekday,snowy,Central Park Ave & Ardmore Ave,4
snow,weekday,snowy,Central Park Ave & Bloomingdale Ave,29
snow,weekday,snowy,Central Park Ave & Elbridge Ave,27
snow,weekday,snowy,Central Park Ave & North Ave,13
snow,weekday,snowy,Central Park Ave & Ogden Ave,10
snow,weekday,snowy,Central Park Ave & Ohio St,3
snow,weekday,snowy,Central Park Blvd & 5th Ave,4
snow,weekday,snowy,Central St & Girard Ave,15
snow,weekday,snowy,Central St Metra,11
snow,weekday,snowy,Cherry Ave & Blackhawk St,33
snow,weekday,snowy,Chicago Ave & Sheridan Rd,116
snow,weekday,snowy,Chicago Ave & Washington St,37
snow,weekday,snowy,Chicago State University,4
snow,weekday,snowy,Christiana Ave & Lawrence Ave,39
snow,weekday,snowy,Cicero Ave & Roscoe Ave,3
snow,weekday,snowy,Cicero Ave & Wrightwood Ave,6
snow,weekday,snowy,Cityfront Plaza Dr & Pioneer Ct,247
snow,weekday,snowy,Claremont Ave & Hirsch St,40
snow,weekday,snowy,Clarendon Ave & Gordon Ter,231
snow,weekday,snowy,Clarendon Ave & Junior Ter,141
snow,weekday,snowy,Clarendon Ave & Leland Ave,128
snow,weekday,snowy,Clark St & 9th St (AMLI),71
snow,weekday,snowy,Clark St & Arlington Pl,107
snow,weekday,snowy,Clark St & Armitage Ave,255
snow,weekday,snowy,Clark St & Berwyn Ave,176
snow,weekday,snowy,Clark St & Bryn Mawr Ave,126
snow,weekday,snowy,Clark St & Chicago Ave,240
snow,weekday,snowy,Clark St & Columbia Ave,45
snow,weekday,snowy,Clark St & Drummond Pl,206
snow,weekday,snowy,Clark St & Eddy St,78
snow,weekday,snowy,Clark St & Elm St,530
snow,weekday,snowy,Clark St & Elmdale Ave,45
snow,weekday,snowy,Clark St & Fletcher St,16
snow,weekday,snowy,Clark St & Grace St,99
snow,weekday,snowy,Clark St & Ida B Wells Dr,231
snow,weekday,snowy,Clark St & Jarvis Ave,15
snow,weekday,snowy,Clark St & Lake St,464
snow,weekday,snowy,Clark St & Leland Ave,122
snow,weekday,snowy,Clark St & Lincoln Ave,270
snow,weekday,snowy,Clark St & Lunt Ave,76
snow,weekday,snowy,Clark St & Montrose Ave,102
snow,weekday,snowy,Clark St & Newport St,211
snow,weekday,snowy,Clark St & North Ave,78
snow,weekday,snowy,Clark St & Schiller St,203
snow,weekday,snowy,Clark St & Schreiber Ave,49
snow,weekday,snowy,Clark St & Touhy Ave,14
snow,weekday,snowy,Clark St & Washington St,32
snow,weekday,snowy,Clark St & Wellington Ave,207
snow,weekday,snowy,Clark St & Winnemac Ave,219
snow,weekday,snowy,Clark St & Wrightwood Ave,264
snow,weekday,snowy,Clark/Newport Corral,6
snow,weekday,snowy,Clark/Racine Corral,3
snow,weekday,snowy,Clifton Ave & Armitage Ave,181
snow,weekday,snowy,Clinton St & 18th St,70
snow,weekday,snowy,Clinton St & Jackson Blvd,856
snow,weekday,snowy,Clinton St & Lake St,642
snow,weekday,snowy,Clinton St & Madison St,973
snow,weekday,snowy,Clinton St & Polk St,23
snow,weekday,snowy,Clinton St & Roosevelt Rd,128
snow,weekday,snowy,Clinton St & Tilden St,187
snow,weekday,snowy,Clinton St & Washington Blvd,1180
snow,weekday,snowy,Clybourn Ave & Division St,140
snow,weekday,snowy,Columbus Ave & 79th St,6
snow,weekday,snowy,Columbus Dr & Randolph St,353
snow,weekday,snowy,Commercial Ave & 130th St,4
snow,weekday,snowy,Commercial Ave & 83rd St,1
snow,weekday,snowy,Commercial Ave & 90th St,1
snow,weekday,snowy,Conservatory Dr & Lake St,11
snow,weekday,snowy,Constance Ave & 95th St,1
snow,weekday,snowy,Cornell Ave & Hyde Park Blvd,125
snow,weekday,snowy,Cottage Grove Ave & 111th Pl,1
snow,weekday,snowy,Cottage Grove Ave & 43rd St,3
snow,weekday,snowy,Cottage Grove Ave & 47th St,12
snow,weekday,snowy,Cottage Grove Ave & 49th St,9
snow,weekday,snowy,Cottage Grove Ave & 51st St,10
snow,weekday,snowy,Cottage Grove Ave & 63rd St,35
snow,weekday,snowy,Cottage Grove Ave & 67th St,8
snow,weekday,snowy,Cottage Grove Ave & 83rd St,3
snow,weekday,snowy,Cottage Grove Ave & Oakwood Blvd,6
snow,weekday,snowy,Cumberland Ave & Catherine Ave,2
snow,weekday,snowy,Daley Center Plaza,599
snow,weekday,snowy,Damen Ave & 51st St,2
snow,weekday,snowy,Damen Ave & 59th St,1
snow,weekday,snowy,Damen Ave & 77th St,4
snow,weekday,snowy,Damen Ave & 81st St,2
snow,weekday,snowy,Damen Ave & 87th St,1
snow,weekday,snowy,Damen Ave & Charleston St,73
snow,weekday,snowy,Damen Ave & Chicago Ave,182
snow,weekday,snowy,Damen Ave & Clybourn Ave,61
snow,weekday,snowy,Damen Ave & Cortland St,131
snow,weekday,snowy,Damen Ave & Cullerton St,31
snow,weekday,snowy,Damen Ave & Division St,109
snow,weekday,snowy,Damen Ave & Evergreen Ave,16
snow,weekday,snowy,Damen Ave & Foster Ave,80
snow,weekday,snowy,Damen Ave & Grand Ave,32
snow,weekday,snowy,Damen Ave & Lake St,79
snow,weekday,snowy,Damen Ave & Leland Ave,92
snow,weekday,snowy,Damen Ave & Madison St,38
snow,weekday,snowy,Damen Ave & Melrose Ave,35
snow,weekday,snowy,Damen Ave & Ohio St,70
snow,weekday,snowy,Damen Ave & Pershing Rd,3
snow,weekday,snowy,Damen Ave & Pierce Ave,199
snow,weekday,snowy,Damen Ave & St Paul Ave,42
snow,weekday,snowy,Damen Ave & Sunnyside Ave,53
snow,weekday,snowy,Damen Ave & Thomas St (Augusta Blvd),108
snow,weekday,snowy,Damen Ave & Wabansia Ave,66
snow,weekday,snowy,Damen Ave & Wellington Ave,50
snow,weekday,snowy,Damen Ave & Wicker Park Ave,34
snow,weekday,snowy,Damen Ave/Coulter St,7
snow,weekday,snowy,Dan Ryan Woods & 83rd St,1
snow,weekday,snowy,Dauphin Ave & 103rd St,3
snow,weekday,snowy,Dauphin Ave & 87th St,1
snow,weekday,snowy,Dayton St & North Ave,185
snow,weekday,snowy,Dearborn Pkwy & Delaware Pl,385
snow,weekday,snowy,Dearborn St & Adams St,364
snow,weekday,snowy,Dearborn St & Adams St Corral,2
snow,weekday,snowy,Dearborn St & Division St,104
snow,weekday,snowy,Dearborn St & Erie St,425
snow,weekday,snowy,Dearborn St & Madison St,167
snow,weekday,snowy,Dearborn St & Maple St,160
snow,weekday,snowy,Dearborn St & Monroe St,293
snow,weekday,snowy,Dearborn St & Van Buren St,154
snow,weekday,snowy,Dearborn St & Washington St,54
snow,weekday,snowy,Delano Ct & Roosevelt Rd,92
snow,weekday,snowy,Desplaines St & Jackson Blvd,315
snow,weekday,snowy,Desplaines St & Kinzie St,467
snow,weekday,snowy,Desplaines St & Randolph St,131
snow,weekday,snowy,Dodge Ave & Church St,21
snow,weekday,snowy,Dodge Ave & Main St,13
snow,weekday,snowy,Dodge Ave & Mulford St,10
snow,weekday,snowy,Dorchester Ave & 49th St,26
snow,weekday,snowy,Dorchester Ave & 53rd St,64
snow,weekday,snowy,Dorchester Ave & 63rd St,14
snow,weekday,snowy,Drake Ave & Addison St,32
snow,weekday,snowy,Drake Ave & Montrose Ave,11
snow,weekday,snowy,Drexel Ave & 60th St,157
snow,weekday,snowy,DuSable Lake Shore Dr & Belmont Ave,118
snow,weekday,snowy,DuSable Lake Shore Dr & Diversey Pkwy,66
snow,weekday,snowy,DuSable Lake Shore Dr & Monroe St,72
snow,weekday,snowy,DuSable Lake Shore Dr & North Blvd,67
snow,weekday,snowy,DuSable Lake Shore Dr & Wellington Ave,95
snow,weekday,snowy,DuSable Museum,9
snow,weekday,snowy,Dusable Harbor,50
snow,weekday,snowy,Eastlake Ter & Howard St,14
snow,weekday,snowy,Eberhart Ave & 61st St,1
snow,weekday,snowy,Eckhart Park,132
snow,weekday,snowy,Eddy/Seminary Corral,4
snow,weekday,snowy,Edgebrook Metra,2
snow,weekday,snowy,Eggleston Ave & 115th St,1
snow,weekday,snowy,Eggleston Ave & 69th St,2
snow,weekday,snowy,Eggleston Ave & 92nd St,1
snow,weekday,snowy,Elizabeth St & Fulton St,214
snow,weekday,snowy,Elizabeth St & Randolph St,294
snow,weekday,snowy,Ellis Ave & 53rd St,190
snow,weekday,snowy,Ellis Ave & 55th St,536
snow,weekday,snowy,Ellis Ave & 58th St,329
snow,weekday,snowy,Ellis Ave & 60th St,620
snow,weekday,snowy,Ellis Ave & 83rd St,1
snow,weekday,snowy,Elmwood Ave & Austin St,6
snow,weekday,snowy,Elston Ave & Carmen Ave,5
snow,weekday,snowy,Elston Ave & Cortland St,285
snow,weekday,snowy,Elston Ave & George St,20
snow,weekday,snowy,Elston Ave & Henderson St,10
snow,weekday,snowy,Elston Ave & Wabansia Ave,38
snow,weekday,snowy,Emerald Ave & 28th St,39
snow,weekday,snowy,Emerald Ave & 31st St,82
snow,weekday,snowy,Evans Ave & 75th St,3
snow,weekday,snowy,Evanston Civic Center,38
snow,weekday,snowy,Ewing Ave & 106th St,1
snow,weekday,snowy,Ewing Ave & Burnham Greenway,1
snow,weekday,snowy,Exchange Ave & 79th St,1
snow,weekday,snowy,Fairbanks Ct & Grand Ave,310
snow,weekday,snowy,Fairbanks St & Superior St,189
snow,weekday,snowy,Fairfield Ave & 44th St,2
snow,weekday,snowy,Fairfield Ave & Pratt Blvd,4
snow,weekday,snowy,Fairfield Ave & Roosevelt Rd,2
snow,weekday,snowy,Farragut Ave & Central Ave,5
snow,weekday,snowy,Federal St & Polk St,376
snow,weekday,snowy,Field Blvd & South Water St,222
snow,weekday,snowy,Field Museum,30
snow,weekday,snowy,Financial Pl & Ida B Wells Dr,297
snow,weekday,snowy,Fort Dearborn Dr & 31st St,4
snow,weekday,snowy,Fort Dearborn Dr & 31st St*,8
snow,weekday,snowy,Francisco Ave & 47th St,1
snow,weekday,snowy,Francisco Ave & Bloomingdale Ave,12
snow,weekday,snowy,Francisco Ave & Chicago Ave,41
snow,weekday,snowy,Francisco Ave & Foster Ave,40
snow,weekday,snowy,Francisco Ave & Hollywood Ave,2
snow,weekday,snowy,Francisco Ave & Montrose Ave,14
snow,weekday,snowy,Franklin St & Adams St,216
snow,weekday,snowy,Franklin St & Adams St (Temp),164
snow,weekday,snowy,Franklin St & Adams St Corral,39
snow,weekday,snowy,Franklin St & Chicago Ave,248
snow,weekday,snowy,Franklin St & Chicago Ave*,65
snow,weekday,snowy,Franklin St & Illinois St,320
snow,weekday,snowy,Franklin St & Jackson Blvd,406
snow,weekday,snowy,Franklin St & Lake St,415
snow,weekday,snowy,Franklin St & Madison St,49
snow,weekday,snowy,Franklin St & Monroe St,597
snow,weekday,snowy,Franklin St & Washington St,139
snow,weekday,snowy,Fulton Market,130
snow,weekday,snowy,Glenwood Ave & Morse Ave,98
snow,weekday,snowy,Glenwood Ave & Touhy Ave,32
snow,weekday,snowy,Grace St & Central Ave,2
snow,weekday,snowy,Grace St & Cicero Ave,5
snow,weekday,snowy,Grace/Sheffield Corral,2
snow,weekday,snowy,Granville Ave & Clark St,10
snow,weekday,snowy,Granville Ave & Pulaski Rd,1
snow,weekday,snowy,Green St & Chicago Ave,80
snow,weekday,snowy,Green St & Lake St,51
snow,weekday,snowy,Green St & Madison St,420
snow,weekday,snowy,Green St & Randolph St*,154
snow,weekday,snowy,Green St & Washington Blvd,132
snow,weekday,snowy,Greenview Ave & Diversey Pkwy,69
snow,weekday,snowy,Greenview Ave & Fullerton Ave,149
snow,weekday,snowy,Greenview Ave & Jarvis Ave,60
snow,weekday,snowy,Greenwood Ave & 47th St,44
snow,weekday,snowy,Griffin Museum of Science and Industry,42
snow,weekday,snowy,Halsted St & 104th St,3
snow,weekday,snowy,Halsted St & 18th St,77
snow,weekday,snowy,Halsted St & 21st St,39
snow,weekday,snowy,Halsted St & 35th St,43
snow,weekday,snowy,Halsted St & 37th St,20
snow,weekday,snowy,Halsted St & 47th Pl,5
snow,weekday,snowy,Halsted St & 51st St,7
snow,weekday,snowy,Halsted St & 56th St,1
snow,weekday,snowy,Halsted St & 63rd St,5
snow,weekday,snowy,Halsted St & 69th St,14
snow,weekday,snowy,Halsted St & 73rd St,7
snow,weekday,snowy,Halsted St & 78th St,2
snow,weekday,snowy,Halsted St & 83rd St,1
snow,weekday,snowy,Halsted St & 96th St,12
snow,weekday,snowy,Halsted St & Archer Ave,56
snow,weekday,snowy,Halsted St & Armitage Ave,78
snow,weekday,snowy,Halsted St & Belden St,49
snow,weekday,snowy,Halsted St & Clybourn Ave,328
snow,weekday,snowy,Halsted St & Court Pl,9
snow,weekday,snowy,Halsted St & Dickens Ave,111
snow,weekday,snowy,Halsted St & Dickens Ave*,39
snow,weekday,snowy,Halsted St & Fulton St,210
snow,weekday,snowy,Halsted St & Lake St,34
snow,weekday,snowy,Halsted St & Maxwell St,179
snow,weekday,snowy,Halsted St & Melrose St,42
snow,weekday,snowy,Halsted St & North Branch St,19
snow,weekday,snowy,Halsted St & Polk St,332
snow,weekday,snowy,Halsted St & Roosevelt Rd,181
snow,weekday,snowy,Halsted St & Roscoe St,208
snow,weekday,snowy,Halsted St & Willow St,123
snow,weekday,snowy,Halsted St & Wrightwood Ave,208
snow,weekday,snowy,Hamlin Ave & Grand Ave,2
snow,weekday,snowy,Hampden Ct & Diversey Ave,26
snow,weekday,snowy,Hampden Ct & Diversey Pkwy,72
snow,weekday,snowy,Harding Ave & 26th St,3
snow,weekday,snowy,Harding Ave & Chicago Ave,6
snow,weekday,snowy,Harding Ave & Division St,3
snow,weekday,snowy,Harlem Ave & Bloomingdale Ave,1
snow,weekday,snowy,Harlem Ave & Irving Park Rd,1
snow,weekday,snowy,Harper Ave & 55th St,75
snow,weekday,snowy,Harper Ave & 59th St,69
snow,weekday,snowy,Hastings St Depot LWS,7
snow,weekday,snowy,Hegewisch Metra Station,1
snow,weekday,snowy,Hermitage Ave & Polk St,184
snow,weekday,snowy,Higgins Ave & Austin Ave,5
snow,weekday,snowy,Homan Ave & 26th St,2
snow,weekday,snowy,Homan Ave & Arthington Ave,1
snow,weekday,snowy,Homan Ave & Fillmore St,1
snow,weekday,snowy,Honore St & Division St,171
snow,weekday,snowy,Houston Ave & 92nd St,1
snow,weekday,snowy,Hoyne Ave & 34th St,1
snow,weekday,snowy,Hoyne Ave & 47th St,19
snow,weekday,snowy,Hoyne Ave & Balmoral Ave,57
snow,weekday,snowy,Hubbard St Depot,5
snow,weekday,snowy,Hudson Ave & Armitage Ave,61
snow,weekday,snowy,Humboldt Blvd & Armitage Ave,52
snow,weekday,snowy,Hyacinth Ave & Milwaukee Ave,1
snow,weekday,snowy,Indiana Ave & 26th St,37
snow,weekday,snowy,Indiana Ave & 31st St,38
snow,weekday,snowy,Indiana Ave & 40th St,3
snow,weekday,snowy,Indiana Ave & Roosevelt Rd,323
snow,weekday,snowy,Jefferson St & Monroe St,159
snow,weekday,snowy,Jeffery Blvd & 67th St,10
snow,weekday,snowy,Jeffery Blvd & 71st St,3
snow,weekday,snowy,Jeffery Blvd & 76th St,2
snow,weekday,snowy,Karlov Ave & Armitage Ave,41
snow,weekday,snowy,Karlov Ave & Fillmore St,1
snow,weekday,snowy,Karlov Ave & Lawrence Ave,5
snow,weekday,snowy,Kedvale Ave & Peterson Ave,2
snow,weekday,snowy,Kedzie Ave & 21st St,18
snow,weekday,snowy,Kedzie Ave & 24th St,2
snow,weekday,snowy,Kedzie Ave & 38th Pl,3
snow,weekday,snowy,Kedzie Ave & 45th St,2
snow,weekday,snowy,Kedzie Ave & 48th Pl,14
snow,weekday,snowy,Kedzie Ave & 54th Pl,1
snow,weekday,snowy,Kedzie Ave & 57th St,6
snow,weekday,snowy,Kedzie Ave & 60th St,2
snow,weekday,snowy,Kedzie Ave & 66th Pl,1
snow,weekday,snowy,Kedzie Ave & Archer Ave,3
snow,weekday,snowy,Kedzie Ave & Armitage Ave,36
snow,weekday,snowy,Kedzie Ave & Bryn Mawr Ave,15
snow,weekday,snowy,Kedzie Ave & Chicago Ave,12
snow,weekday,snowy,Kedzie Ave & Foster Ave,22
snow,weekday,snowy,Kedzie Ave & George St,16
snow,weekday,snowy,Kedzie Ave & Lake St,7
snow,weekday,snowy,Kedzie Ave & Leland Ave,41
snow,weekday,snowy,Kedzie Ave & Milwaukee Ave,165
snow,weekday,snowy,Kedzie Ave & Palmer Ct,73
snow,weekday,snowy,Kedzie Ave & Redfield Dr,1
snow,weekday,snowy,Kedzie Ave & Roosevelt Rd,1
snow,weekday,snowy,Keeler Ave & Carmen Ave,2
snow,weekday,snowy,Keeler Ave & Roosevelt Rd,1
snow,weekday,snowy,Kenmore Ave & School St,12
snow,weekday,snowy,Kenneth Ave & Lawrence Ave,13
snow,weekday,snowy,Kenosha Ave & Wellington Ave,4
snow,weekday,snowy,Kenwood Ave & 57th St,43
snow,weekday,snowy,Keystone Ave & Fullerton Ave,34
snow,weekday,snowy,Keystone Ave & Montrose Ave,13
snow,weekday,snowy,Kilbourn Ave & 49th St,2
snow,weekday,snowy,Kilbourn Ave & Belden Ave,20
snow,weekday,snowy,Kilbourn Ave & Diversey Ave,14
snow,weekday,snowy,Kilbourn Ave & Irving Park Rd,5
snow,weekday,snowy,Kilbourn Ave & Milwaukee Ave,14
snow,weekday,snowy,Kilbourn Ave & Roscoe St,2
snow,weekday,snowy,Kildare Ave & 47th St,1
snow,weekday,snowy,Kildare Ave & 55th St,3
snow,weekday,snowy,Kildare Ave & Archer Ave,2
snow,weekday,snowy,Kildare Ave & Division St,5
snow,weekday,snowy,Kildare Ave & Montrose Ave,6
snow,weekday,snowy,Kildare Ave & North Ave,4
snow,weekday,snowy,Kilpatrick Ave & Grand Ave,5
snow,weekday,snowy,Kilpatrick Ave & Parker Ave,2
snow,weekday,snowy,Kimball Ave & Belmont Ave,58
snow,weekday,snowy,Kimbark Ave & 53rd St,326
snow,weekday,snowy,Kingsbury St & Erie St,555
snow,weekday,snowy,Kingsbury St & Kinzie St,1092
snow,weekday,snowy,Kingsbury St & Kinzie St 1,64
snow,weekday,snowy,Kingsbury St & Kinzie St 2,63
snow,weekday,snowy,Knox Ave & Montrose Ave,11
snow,weekday,snowy,Komensky Ave & 31st St,8
snow,weekday,snowy,Komensky Ave & 47th St,9
snow,weekday,snowy,Komensky Ave & 55th St,1
snow,weekday,snowy,Kosciuszko Park,33
snow,weekday,snowy,Kostner Ave & Belmont Ave,3
snow,weekday,snowy,Kostner Ave & Devon Ave,1
snow,weekday,snowy,Kostner Ave & Wrightwood Ave,15
snow,weekday,snowy,LaSalle Dr & Huron St,212
snow,weekday,snowy,LaSalle St & Adams St,113
snow,weekday,snowy,LaSalle St & Adams St Corral,13
snow,weekday,snowy,LaSalle St & Calhoun Pl,89
snow,weekday,snowy,LaSalle St & Calhoun Pl Corral,36
snow,weekday,snowy,LaSalle St & Illinois St,362
snow,weekday,snowy,LaSalle St & Jackson Blvd,595
snow,weekday,snowy,LaSalle St & Jackson Blvd Corral,5
snow,weekday,snowy,LaSalle St & Washington St,237
snow,weekday,snowy,Laflin St & 115th St,1
snow,weekday,snowy,Laflin St & Cullerton St,58
snow,weekday,snowy,Lake Park Ave & 35th St,14
snow,weekday,snowy,Lake Park Ave & 47th St,44
snow,weekday,snowy,Lake Park Ave & 53rd St,92
snow,weekday,snowy,Lake Park Ave & 56th St,184
snow,weekday,snowy,Lakefront Trail & Bryn Mawr Ave,25
snow,weekday,snowy,Lakefront Trail & Wilson Ave,15
snow,weekday,snowy,Lakeview Ave & Fullerton Pkwy,184
snow,weekday,snowy,Lamon Ave & 47th St,1
snow,weekday,snowy,Lamon Ave & Armitage Ave,1
snow,weekday,snowy,Lamon Ave & Belmont Ave,12
snow,weekday,snowy,Lamon Ave & Chicago Ave,1
snow,weekday,snowy,Laramie Ave & Addison St,2
snow,weekday,snowy,Laramie Ave & Bloomingdale Ave,7
snow,weekday,snowy,Laramie Ave & Irving Park Rd,11
snow,weekday,snowy,Larrabee St & Armitage Ave,112
snow,weekday,snowy,Larrabee St & Clybourn Ave,31
snow,weekday,snowy,Larrabee St & Division St,247
snow,weekday,snowy,Larrabee St & Kingsbury St,428
snow,weekday,snowy,Larrabee St & Kingsbury St 1,376
snow,weekday,snowy,Larrabee St & Kingsbury St 2,148
snow,weekday,snowy,Larrabee St & Menomonee St,96
snow,weekday,snowy,Larrabee St & North Ave,93
snow,weekday,snowy,Larrabee St & Oak St,153
snow,weekday,snowy,Larrabee St & Webster Ave,178
snow,weekday,snowy,Latrobe Ave & Chicago Ave,2
snow,weekday,snowy,Lavergne Ave & Diversey Ave,2
snow,weekday,snowy,Lavergne Ave & Division St,1
snow,weekday,snowy,Lavergne Ave & Fullerton Ave,5
snow,weekday,snowy,Lawler Ave & 50th St,4
snow,weekday,snowy,Lawler Ave & North Ave,2
snow,weekday,snowy,Lawndale Ave & 111th St,2
snow,weekday,snowy,Lawndale Ave & 16th St,1
snow,weekday,snowy,Lawndale Ave & 30th St,4
snow,weekday,snowy,Lawndale Ave & 59th St,5
snow,weekday,snowy,Leavitt St & Addison St,33
snow,weekday,snowy,Leavitt St & Archer Ave,21
snow,weekday,snowy,Leavitt St & Armitage Ave,64
snow,weekday,snowy,Leavitt St & Augusta Blvd,40
snow,weekday,snowy,Leavitt St & Belmont Ave,45
snow,weekday,snowy,Leavitt St & Chicago Ave,88
snow,weekday,snowy,Leavitt St & Division St,93
snow,weekday,snowy,Leavitt St & Hirsch St,22
snow,weekday,snowy,Leavitt St & Lawrence Ave,47
snow,weekday,snowy,Leavitt St & North Ave,101
snow,weekday,snowy,Leavitt St/North Ave,27
snow,weekday,snowy,Leclaire Ave & Belmont Ave,4
snow,weekday,snowy,Lexington St & California Ave,5
snow,weekday,snowy,Lincoln Ave & Addison St,46
snow,weekday,snowy,Lincoln Ave & Balmoral Ave,9
snow,weekday,snowy,Lincoln Ave & Belle Plaine Ave,64
snow,weekday,snowy,Lincoln Ave & Byron St,53
snow,weekday,snowy,Lincoln Ave & Dickens Ave,46
snow,weekday,snowy,Lincoln Ave & Diversey Pkwy,180
snow,weekday,snowy,Lincoln Ave & Fullerton Ave,287
snow,weekday,snowy,Lincoln Ave & Melrose St,218
snow,weekday,snowy,Lincoln Ave & Montana St,36
snow,weekday,snowy,Lincoln Ave & Peterson Ave,9
snow,weekday,snowy,Lincoln Ave & Roscoe St*,154
snow,weekday,snowy,Lincoln Ave & Sunnyside Ave,75
snow,weekday,snowy,Lincoln Ave & Waveland Ave,77
snow,weekday,snowy,Lincoln Ave & Winona St,42
snow,weekday,snowy,Lincoln Park Conservatory,80
snow,weekday,snowy,Lincolnwood Dr & Central St,9
snow,weekday,snowy,Linder Ave & Montrose Ave,3
snow,weekday,snowy,Lock St & 31st St,11
snow,weekday,snowy,Lockwood Ave & Grand Ave,9
snow,weekday,snowy,Lockwood Ave & Wrightwood Ave,5
snow,weekday,snowy,Logan Blvd & Elston Ave,87
snow,weekday,snowy,Long & Irving Park,7
snow,weekday,snowy,Long Ave & Diversey Ave,1
snow,weekday,snowy,Long Ave & North Ave,2
snow,weekday,snowy,Loomis St & 89th St,1
snow,weekday,snowy,Loomis St & 95th St,2
snow,weekday,snowy,Loomis St & Archer Ave,14
snow,weekday,snowy,Loomis St & Jackson Blvd,110
snow,weekday,snowy,Loomis St & Lexington St,270
snow,weekday,snowy,Loomis St & Lexington St*,75
snow,weekday,snowy,Lowell Ave & Armitage Ave,7
snow,weekday,snowy,Lynch Ave & Elston Ave,1
snow,weekday,snowy,MLK Jr Dr & 29th St,97
snow,weekday,snowy,MLK Jr Dr & 47th St,10
snow,weekday,snowy,MLK Jr Dr & 56th St,1
snow,weekday,snowy,MLK Jr Dr & 63rd St,3
snow,weekday,snowy,MLK Jr Dr & 83rd St,1
snow,weekday,snowy,MLK Jr Dr & Pershing Rd,17
snow,weekday,snowy,Major Ave & Addison St,3
snow,weekday,snowy,Malcolm X College,78
snow,weekday,snowy,Malden St & Wilson Ave,35
snow,weekday,snowy,Mango Ave & Diversey Ave,2
snow,weekday,snowy,Mango Ave & North Ave,5
snow,weekday,snowy,Manor Ave & Leland Ave,19
snow,weekday,snowy,Maplewood Ave & 59th St,2
snow,weekday,snowy,Maplewood Ave & Peterson Ave,14
snow,weekday,snowy,Marine Dr & Ainslie St,66
snow,weekday,snowy,Marmora Ave & Irving Park Rd,7
snow,weekday,snowy,Marquette Ave & 89th St,2
snow,weekday,snowy,Marshfield Ave & 44th St,3
snow,weekday,snowy,Marshfield Ave & 59th St,1
snow,weekday,snowy,Marshfield Ave & Diversey Pkwy,15
snow,weekday,snowy,Marshfield Ave & Wabansia Ave,13
snow,weekday,snowy,Martin Luther King Dr & 111th St,1
snow,weekday,snowy,Mason Ave & Belmont Ave,1
snow,weekday,snowy,Mason Ave & Grand Ave,3
snow,weekday,snowy,Mason Ave & Montrose Ave,2
snow,weekday,snowy,May St & 69th St,1
snow,weekday,snowy,May St & Cullerton St,41
snow,weekday,snowy,May St & Hubbard St,66
snow,weekday,snowy,May St & Taylor St,177
snow,weekday,snowy,McClurg Ct & Erie St,324
snow,weekday,snowy,McClurg Ct & Ohio St,386
snow,weekday,snowy,McCormick Blvd & Devon Ave,9
snow,weekday,snowy,McCormick Place,38
snow,weekday,snowy,Meade Ave & Addison St,1
snow,weekday,snowy,Melvina Ave & Giddings Ave,6
snow,weekday,snowy,Menard Ave & Lawrence Ave,1
snow,weekday,snowy,Menard Ave & Milwaukee Ave,2
snow,weekday,snowy,Merrimac Park,5
snow,weekday,snowy,Michigan Ave & 11th St,85
snow,weekday,snowy,Michigan Ave & 14th St,199
snow,weekday,snowy,Michigan Ave & 18th St,168
snow,weekday,snowy,Michigan Ave & 71st St,1
snow,weekday,snowy,Michigan Ave & 8th St,152
snow,weekday,snowy,Michigan Ave & Ida B Wells Dr,116
snow,weekday,snowy,Michigan Ave & Jackson Blvd,196
snow,weekday,snowy,Michigan Ave & Lake St,408
snow,weekday,snowy,Michigan Ave & Madison St,158
snow,weekday,snowy,Michigan Ave & Oak St,145
snow,weekday,snowy,Michigan Ave & Pearson St,177
snow,weekday,snowy,Michigan Ave & Washington St,487
snow,weekday,snowy,Midway Orange Line,1
snow,weekday,snowy,Mies van der Rohe Way & Chestnut St,279
snow,weekday,snowy,Mies van der Rohe Way & Chicago Ave,306
snow,weekday,snowy,Millard Ave & 26th St,3
snow,weekday,snowy,Millennium Park,217
snow,weekday,snowy,Milwaukee Ave & Agatite Ave,10
snow,weekday,snowy,Milwaukee Ave & Ainslie St,20
snow,weekday,snowy,Milwaukee Ave & Armitage Ave,51
snow,weekday,snowy,Milwaukee Ave & Cuyler Ave,2
snow,weekday,snowy,Milwaukee Ave & Diversey Ave,4
snow,weekday,snowy,Milwaukee Ave & Fullerton Ave,52
snow,weekday,snowy,Milwaukee Ave & Grand Ave,257
snow,weekday,snowy,Milwaukee Ave & Highland Ave,2
snow,weekday,snowy,Milwaukee Ave & Rockwell St,32
snow,weekday,snowy,Milwaukee Ave & The 606,104
snow,weekday,snowy,Milwaukee Ave & Wabansia Ave,61
snow,weekday,snowy,Milwaukee Ave & Wabansia Ave*,38
snow,weekday,snowy,Monticello Ave & Chicago Ave,2
snow,weekday,snowy,Monticello Ave & Irving Park Rd,47
snow,weekday,snowy,Monticello Ave & Lawrence Ave,7
snow,weekday,snowy,Montrose Harbor,19
snow,weekday,snowy,Morgan Ave & 14th Pl,89
snow,weekday,snowy,Morgan St & 18th St,115
snow,weekday,snowy,Morgan St & 31st St,84
snow,weekday,snowy,Morgan St & Hubbard St,42
snow,weekday,snowy,Morgan St & Lake St*,280
snow,weekday,snowy,Morgan St & Pershing Rd,3
snow,weekday,snowy,Morgan St & Polk St,397
snow,weekday,snowy,Mozart St & Jackson Blvd,3
snow,weekday,snowy,N Carpenter St & W Lake St,45
snow,weekday,snowy,N Clark St & W Elm St,10
snow,weekday,snowy,N Damen Ave & W Chicago Ave,12
snow,weekday,snowy,N Green St & W Lake St,80
snow,weekday,snowy,N Paulina St & Lincoln Ave,39
snow,weekday,snowy,N Shore Channel Trail & Argyle St,15
snow,weekday,snowy,N Southport Ave & W Newport Ave,30
snow,weekday,snowy,Nagle Ave & Belmont Ave,6
snow,weekday,snowy,Narragansett Ave & McLean Ave,1
snow,weekday,snowy,Narragansett Ave & Montrose Ave,8
snow,weekday,snowy,Narragansett Ave & North Ave,1
snow,weekday,snowy,Narragansett Ave & Wrightwood Ave,3
snow,weekday,snowy,Navy Pier,114
snow,weekday,snowy,New St & Illinois St,420
snow,weekday,snowy,Noble St & Milwaukee Ave,127
snow,weekday,snowy,Noble St & Ohio St,81
snow,weekday,snowy,Noble St & Potomac Ave,6
snow,weekday,snowy,Nordica Ave & Medill Ave,4
snow,weekday,snowy,Normal Ave & Archer Ave,30
snow,weekday,snowy,North Boundary Park,5
snow,weekday,snowy,Oak Park & Wellington,3
snow,weekday,snowy,Oakley Ave & Irving Park Rd,44
snow,weekday,snowy,Oakley Ave & Lyndale St,9
snow,weekday,snowy,Oakley Ave & Touhy Ave,8
snow,weekday,snowy,Oconto Ave & Belmont Ave,2
snow,weekday,snowy,Ogden Ave & Chicago Ave,231
snow,weekday,snowy,Ogden Ave & Congress Pkwy,75
snow,weekday,snowy,Ogden Ave & Race Ave,122
snow,weekday,snowy,Ogden Ave & Roosevelt Rd,17
snow,weekday,snowy,Orange Ave & Addison St,1
snow,weekday,snowy,Orleans St & Chestnut St (NEXT Apts),147
snow,weekday,snowy,Orleans St & Elm St,123
snow,weekday,snowy,Orleans St & Hubbard St,252
snow,weekday,snowy,Orleans St & Merchandise Mart Plaza,537
snow,weekday,snowy,Panama Ave & Grace St,1
snow,weekday,snowy,Parkside Ave & Armitage Ave,1
snow,weekday,snowy,Parnell Ave & 31st St,4
snow,weekday,snowy,Paulina Ave & 87th St,2
snow,weekday,snowy,Paulina Ave & North Ave,66
snow,weekday,snowy,Paulina St & 18th St,58
snow,weekday,snowy,Paulina St & Adams St,15
snow,weekday,snowy,Paulina St & Cortland St,36
snow,weekday,snowy,Paulina St & Division St,161
snow,weekday,snowy,Paulina St & Flournoy St,231
snow,weekday,snowy,Paulina St & Howard St,48
snow,weekday,snowy,Paulina St & Montrose Ave,76
snow,weekday,snowy,Peoria St & Jackson Blvd,316
snow,weekday,snowy,Peoria St & Kinzie St,100
snow,weekday,snowy,Perry Ave & 69th St,13
snow,weekday,snowy,Pershing Rd & Sacramento Ave,2
snow,weekday,snowy,Peterson/Ridge Metra,93
snow,weekday,snowy,Phillips Ave & 83rd St,1
snow,weekday,snowy,Pine Ave & Division St,4
snow,weekday,snowy,Pine Grove Ave & Irving Park Rd,204
snow,weekday,snowy,Pine Grove Ave & Waveland Ave,179
snow,weekday,snowy,Pine Grove Ave & Wellington Ave,36
snow,weekday,snowy,Ping Tom Park (East),17
snow,weekday,snowy,Portage Park,4
snow,weekday,snowy,Prairie Ave & 43rd St,10
snow,weekday,snowy,Prairie Ave & Garfield Blvd,42
snow,weekday,snowy,Princeton Ave & 47th St,5
snow,weekday,snowy,Princeton Ave & 95th St,1
snow,weekday,snowy,Princeton Ave & Garfield Blvd,10
snow,weekday,snowy,Public Rack - 532 E 43rd St,1
snow,weekday,snowy,Public Rack - Ashland Ave & 63rd St,3
snow,weekday,snowy,Public Rack - Ashland Ave & 71st St,1
snow,weekday,snowy,Public Rack - Avers Ave & Irving Park Rd,3
snow,weekday,snowy,Public Rack - Avondale Ave & Addison St,5
snow,weekday,snowy,Public Rack - Bernard St & Foster Ave,1
snow,weekday,snowy,Public Rack - California Ave & Cortez St,7
snow,weekday,snowy,Public Rack - California Ave & Pershing Rd,2
snow,weekday,snowy,Public Rack - Central & Leland,1
snow,weekday,snowy,Public Rack - Central & Prescott,1
snow,weekday,snowy,Public Rack - Central Park & Bryn Mawr,1
snow,weekday,snowy,Public Rack - Central Park & Peterson,4
snow,weekday,snowy,Public Rack - Champlain Ave & 65th St,7
snow,weekday,snowy,Public Rack - Christiana Ave & Belmont Ave,7
snow,weekday,snowy,Public Rack - Cicero Ave & Belle Plaine Ave,2
snow,weekday,snowy,Public Rack - Division St & Christiana Ave,1
snow,weekday,snowy,Public Rack - Drake Ave & Leland Ave,8
snow,weekday,snowy,Public Rack - Eli Whitney Public School,1
snow,weekday,snowy,Public Rack - Emerald Ave & 43rd St,1
snow,weekday,snowy,Public Rack - Evans Ave & 63rd St,4
snow,weekday,snowy,Public Rack - Foster Ave & Drake Ave,1
snow,weekday,snowy,Public Rack - Greenwood Ave & Lake Park Ave,2
snow,weekday,snowy,Public Rack - Hamlin Ave & Fullerton Ave,2
snow,weekday,snowy,Public Rack - Hamlin Ave & Montrose Ave,4
snow,weekday,snowy,Public Rack - Harlem and W. 59th,1
snow,weekday,snowy,Public Rack - Harold Washington Park,5
snow,weekday,snowy,Public Rack - Hiawatha & Mendota,1
snow,weekday,snowy,Public Rack - Hollywood Park,3
snow,weekday,snowy,Public Rack - Homan Ave & Roosevelt,1
snow,weekday,snowy,Public Rack - Hoyne Ave & 51st St,1
snow,weekday,snowy,Public Rack - Hyde Park Blvd & 55th St,15
snow,weekday,snowy,Public Rack - Independence Blvd & Roosevelt,1
snow,weekday,snowy,Public Rack - Irving Park Rd & Leclaire Ave,1
snow,weekday,snowy,Public Rack - Jeffrey Blvd & 71st St,1
snow,weekday,snowy,Public Rack - Jensen Park,1
snow,weekday,snowy,Public Rack - Jonathan Y Scammon Public School,4
snow,weekday,snowy,Public Rack - Karlov Ave & Kamerling Ave,3
snow,weekday,snowy,Public Rack - Keating & Peterson,3
snow,weekday,snowy,Public Rack - Kedvale Ave & 63rd St W,2
snow,weekday,snowy,Public Rack - Kedzie & 103rd St - W,1
snow,weekday,snowy,Public Rack - Kedzie Ave & 54th St - SE,1
snow,weekday,snowy,Public Rack - Kedzie Ave & 64th St - SE,2
snow,weekday,snowy,Public Rack - Kedzie Ave & Argyle St,6
snow,weekday,snowy,Public Rack - Kedzie Ave & Walnut St,3
snow,weekday,snowy,Public Rack - Kenneth & Carmen,2
snow,weekday,snowy,Public Rack - Kenton & Lawrence,1
snow,weekday,snowy,Public Rack - Keystone Ave & Irving Park Rd,3
snow,weekday,snowy,Public Rack - Keystone Ave & North Ave,1
snow,weekday,snowy,Public Rack - Kilpatrick & Elston,2
snow,weekday,snowy,Public Rack - Kimball & Ardmore,6
snow,weekday,snowy,Public Rack - Kimball Ave & Carmen Ave,1
snow,weekday,snowy,Public Rack - King Dr & 115th St,1
snow,weekday,snowy,Public Rack - Kinzua Ave & Devon Ave,1
snow,weekday,snowy,Public Rack - Komensky Ave & 59th St,1
snow,weekday,snowy,Public Rack - Kostner Ave & North Ave,1
snow,weekday,snowy,Public Rack - Lafayette Ave & 95th St,1
snow,weekday,snowy,Public Rack - Langley Ave & 49th St,5
snow,weekday,snowy,Public Rack - Langley Ave & Oakwood Blvd,1
snow,weekday,snowy,Public Rack - Lawndale Ave & Diversey Ave,3
snow,weekday,snowy,Public Rack - Leamington & Elston,1
snow,weekday,snowy,Public Rack - Lockwood Ave & Diversey Ave,2
snow,weekday,snowy,Public Rack - Loomis Blvd & 47th St,1
snow,weekday,snowy,Public Rack - Lowell Ave & Elston Ave,1
snow,weekday,snowy,Public Rack - Menard Ave & Dakin St - midblock,1
snow,weekday,snowy,Public Rack - Milwaukee Ave & Addison St,1
snow,weekday,snowy,Public Rack - Milwaukee Ave & Diversey Ave,11
snow,weekday,snowy,Public Rack - Milwaukee Ave & Haussen Ct,1
snow,weekday,snowy,Public Rack - Milwaukee Ave & Higgins Ave,3
snow,weekday,snowy,Public Rack - Milwaukee Ave & School St,2
snow,weekday,snowy,Public Rack - Milwaukee Ave & Warner Ave,3
snow,weekday,snowy,Public Rack - Minuteman Park,1
snow,weekday,snowy,Public Rack - Monticello Ave & Belmont Ave,1
snow,weekday,snowy,Public Rack - Nashotah & Northwest Hwy,2
snow,weekday,snowy,Public Rack - Natoma Ave & Bryn Mawr Ave,3
snow,weekday,snowy,Public Rack - Oak Park & Higgins,1
snow,weekday,snowy,Public Rack - Odell & Talcott,1
snow,weekday,snowy,Public Rack - Olmstead Ave & Oliphant Ave,2
snow,weekday,snowy,Public Rack - Parkside & 63rd,2
snow,weekday,snowy,Public Rack - Parkside & Archer,1
snow,weekday,snowy,Public Rack - Parkside & Elston,2
snow,weekday,snowy,Public Rack - Penn Elementary School / KIPP Ascend Middle School,1
snow,weekday,snowy,Public Rack - Peterson Ave & Bernard Ave,1
snow,weekday,snowy,Public Rack - Peterson Ave & Drake Ave,1
snow,weekday,snowy,Public Rack - Prairie Ave & 47th St,7
snow,weekday,snowy,Public Rack - Prairie Ave & Garfield Blvd N,2
snow,weekday,snowy,Public Rack - Pulaski Rd & 44th St,5
snow,weekday,snowy,Public Rack - Pulaski Rd & Fullerton Ave,1
snow,weekday,snowy,Public Rack - Richmond St & Thorndale Ave,1
snow,weekday,snowy,Public Rack - Rockwell & Division,5
snow,weekday,snowy,Public Rack - South Shore Dr & 71st St,10
snow,weekday,snowy,Public Rack - Spaulding Ave & Bryn Mawr Ave,1
snow,weekday,snowy,Public Rack - Spaulding Ave & Evergreen Ave,7
snow,weekday,snowy,Public Rack - Spaulding Ave & Foster Ave,1
snow,weekday,snowy,Public Rack - Spaulding Ave & North Ave,3
snow,weekday,snowy,Public Rack - Springfield Ave & Lawrence Ave,1
snow,weekday,snowy,Public Rack - Talman Ave & 51st St,1
snow,weekday,snowy,Public Rack - Washtenaw Ave & Devon Ave,4
snow,weekday,snowy,Public Rack - Washtenaw Ave & Superior St,13
snow,weekday,snowy,Public Rack - Western Ave & 96th St,1
snow,weekday,snowy,Public Rack - Western Ave & Devon Ave,5
snow,weekday,snowy,Public Rack - Western Blvd & 49th St,4
snow,weekday,snowy,Public Rack - Whipple St & 63rd St,2
snow,weekday,snowy,Public Rack - Wilbur Wright College South,2
snow,weekday,snowy,Public Rack - Woodlawn Ave & 63rd St N,15
snow,weekday,snowy,Pulaski Rd & 51st St,13
snow,weekday,snowy,Pulaski Rd & 54th St,2
snow,weekday,snowy,Pulaski Rd & 75th St,1
snow,weekday,snowy,Pulaski Rd & Ann Lurie Pl,7
snow,weekday,snowy,Pulaski Rd & Congress Pkwy,9
snow,weekday,snowy,Pulaski Rd & Eddy St,8
snow,weekday,snowy,Pulaski Rd & Lake St,1
snow,weekday,snowy,Racine Ave & 115th St,2
snow,weekday,snowy,Racine Ave & 13th St,16
snow,weekday,snowy,Racine Ave & 15th St,39
snow,weekday,snowy,Racine Ave & 18th St,123
snow,weekday,snowy,Racine Ave & 35th St,16
snow,weekday,snowy,Racine Ave & Belmont Ave,129
snow,weekday,snowy,Racine Ave & Broadway,34
snow,weekday,snowy,Racine Ave & Congress Pkwy,198
snow,weekday,snowy,Racine Ave & Fullerton Ave,177
snow,weekday,snowy,Racine Ave & Randolph St,58
snow,weekday,snowy,Racine Ave & Washington Blvd,106
snow,weekday,snowy,Racine Ave & Webster Ave,29
snow,weekday,snowy,Racine Ave & Wrightwood Ave,121
snow,weekday,snowy,Racine/Eddy Corral,1
snow,weekday,snowy,Ravenswood Ave & Berteau Ave,81
snow,weekday,snowy,Ravenswood Ave & Irving Park Rd,65
snow,weekday,snowy,Ravenswood Ave & Lawrence Ave,423
snow,weekday,snowy,Rhodes Ave & 32nd St,77
snow,weekday,snowy,Rhodes Ave & 71st St,1
snow,weekday,snowy,Richmond St & 59th St,3
snow,weekday,snowy,Richmond St & Diversey Ave,30
snow,weekday,snowy,Richmond St & Lincoln Ave,6
snow,weekday,snowy,Ridge Blvd & Howard St,5
snow,weekday,snowy,Ridge Blvd & Touhy Ave,13
snow,weekday,snowy,Ritchie Ct & Banks St,192
snow,weekday,snowy,Rockwell Ave & Logan Blvd,15
snow,weekday,snowy,Rockwell St & 47th St,3
snow,weekday,snowy,Rockwell St & 57th St,1
snow,weekday,snowy,Rockwell St & Archer Ave,11
snow,weekday,snowy,Rockwell St & Cermak Rd,3
snow,weekday,snowy,Rockwell St & Division St,1
snow,weekday,snowy,Rockwell St & Eastwood Ave,43
snow,weekday,snowy,Rockwell St & Fletcher St,14
snow,weekday,snowy,Rockwell/Irving Park Hub,6
snow,weekday,snowy,Roscoe & Harlem,1
snow,weekday,snowy,Rush St & Cedar St,250
snow,weekday,snowy,Rush St & Hubbard St,278
snow,weekday,snowy,Rush St & Illinois St,49
snow,weekday,snowy,Rush St & Superior St,235
snow,weekday,snowy,SCOOTERS CLASSIC - 2132 W Hubbard ST,5
snow,weekday,snowy,Sacramento Ave & 51st St,1
snow,weekday,snowy,Sacramento Ave & Linden Pl,8
snow,weekday,snowy,Sacramento Ave & Lunt Ave,2
snow,weekday,snowy,Sacramento Ave & Lyndale St,7
snow,weekday,snowy,Sacramento Blvd & Addison St,7
snow,weekday,snowy,Sacramento Blvd & Franklin Blvd,10
snow,weekday,snowy,Sacramento Blvd & Fulton Ave,5
snow,weekday,snowy,Sacramento Blvd & Polk St,3
snow,weekday,snowy,Sangamon St & Adams St,48
snow,weekday,snowy,Sangamon St & Lake St,210
snow,weekday,snowy,Sangamon St & Washington Blvd,182
snow,weekday,snowy,Sawyer Ave & Fullerton Ave,8
snow,weekday,snowy,Sawyer Ave & Irving Park Rd,22
snow,weekday,snowy,Sayre Ave & Diversey Ave,1
snow,weekday,snowy,Sedgwick St & Chicago Ave,28
snow,weekday,snowy,Sedgwick St & Huron St,337
snow,weekday,snowy,Sedgwick St & North Ave,189
snow,weekday,snowy,Sedgwick St & North Ave*,42
snow,weekday,snowy,Sedgwick St & Schiller St,60
snow,weekday,snowy,Sedgwick St & Webster Ave,206
snow,weekday,snowy,Seeley Ave & Roscoe St,87
snow,weekday,snowy,Seminary Ave & Belden Ave,12
snow,weekday,snowy,Shedd Aquarium,112
snow,weekday,snowy,Sheffield Ave & Addison St,81
snow,weekday,snowy,Sheffield Ave & Fletcher St,25
snow,weekday,snowy,Sheffield Ave & Fullerton Ave,280
snow,weekday,snowy,Sheffield Ave & Fullerton Ave*,107
snow,weekday,snowy,Sheffield Ave & Kingsbury St,188
snow,weekday,snowy,Sheffield Ave & Kingsbury St*,45
snow,weekday,snowy,Sheffield Ave & Waveland Ave,152
snow,weekday,snowy,Sheffield Ave & Webster Ave,230
snow,weekday,snowy,Sheffield Ave & Wellington Ave,193
snow,weekday,snowy,Sheffield Ave & Willow St,182
snow,weekday,snowy,Sheffield Ave & Wrightwood Ave,173
snow,weekday,snowy,Sheffield/Cornelia Corral,5
snow,weekday,snowy,Sheffield/Newport Corral,3
snow,weekday,snowy,Sheridan Rd & Argyle St,102
snow,weekday,snowy,Sheridan Rd & Berwyn Ave,17
snow,weekday,snowy,Sheridan Rd & Buena Ave,157
snow,weekday,snowy,Sheridan Rd & Columbia Ave,53
snow,weekday,snowy,Sheridan Rd & Greenleaf Ave,17
snow,weekday,snowy,Sheridan Rd & Irving Park Rd,247
snow,weekday,snowy,Sheridan Rd & Lawrence Ave,68
snow,weekday,snowy,Sheridan Rd & Loyola Ave,44
snow,weekday,snowy,Sheridan Rd & Montrose Ave,191
snow,weekday,snowy,Sheridan Rd & Noyes St (NU),205
snow,weekday,snowy,Shields Ave & 28th Pl,67
snow,weekday,snowy,Shields Ave & 31st St,69
snow,weekday,snowy,Shields Ave & 43rd St,2
snow,weekday,snowy,Shore Dr & 53rd St,10
snow,weekday,snowy,Shore Dr & 55th St,168
snow,weekday,snowy,Smith Park,43
snow,weekday,snowy,South Shore Dr & 67th St,4
snow,weekday,snowy,South Shore Dr & 71st St,2
snow,weekday,snowy,South Shore Dr & 74th St,7
snow,weekday,snowy,Southport Ave & Belmont Ave,149
snow,weekday,snowy,Southport Ave & Clark St,56
snow,weekday,snowy,Southport Ave & Clybourn Ave,136
snow,weekday,snowy,Southport Ave & Grace St,38
snow,weekday,snowy,Southport Ave & Irving Park Rd,99
snow,weekday,snowy,Southport Ave & Roscoe St,215
snow,weekday,snowy,Southport Ave & Waveland Ave,200
snow,weekday,snowy,Southport Ave & Waveland Ave*,53
snow,weekday,snowy,Southport Ave & Wellington Ave,200
snow,weekday,snowy,Southport Ave & Wrightwood Ave,146
snow,weekday,snowy,Southport Ave & Wrightwood Ave*,35
snow,weekday,snowy,Spaulding Ave & 16th St,3
snow,weekday,snowy,Spaulding Ave & Armitage Ave,77
snow,weekday,snowy,Spaulding Ave & Division St,61
snow,weekday,snowy,Spaulding Ave & Milwaukee Ave,13
snow,weekday,snowy,Springfield Ave & 47th St,2
snow,weekday,snowy,Springfield Ave & 71st St,1
snow,weekday,snowy,Springfield Ave & North Ave,6
snow,weekday,snowy,St Clair St & Ohio St,86
snow,weekday,snowy,St Louis Ave & 51st St,1
snow,weekday,snowy,St Louis Ave & 59th St,8
snow,weekday,snowy,St Louis Ave & Foster Ave,10
snow,weekday,snowy,St. Clair St & Erie St,460
snow,weekday,snowy,St. Clair St & Erie St 1,25
snow,weekday,snowy,St. Clair St & Erie St 2,34
snow,weekday,snowy,St. Louis & 71st St,3
snow,weekday,snowy,St. Louis Ave & Balmoral Ave,18
snow,weekday,snowy,St. Louis Ave & Fullerton Ave,54
snow,weekday,snowy,State St & 123rd St,1
snow,weekday,snowy,State St & 19th St,41
snow,weekday,snowy,State St & 29th St,10
snow,weekday,snowy,State St & 33rd St,188
snow,weekday,snowy,State St & 35th St,67
snow,weekday,snowy,State St & 54th St,1
snow,weekday,snowy,State St & 76th St,1
snow,weekday,snowy,State St & 79th St,4
snow,weekday,snowy,State St & 95th St,3
snow,weekday,snowy,State St & Chicago Ave,680
snow,weekday,snowy,State St & Harrison St,105
snow,weekday,snowy,State St & Kinzie St,377
snow,weekday,snowy,State St & Pearson St,147
snow,weekday,snowy,State St & Randolph St,235
snow,weekday,snowy,State St & Van Buren St,153
snow,weekday,snowy,Stave St & Armitage Ave,69
snow,weekday,snowy,Stetson Ave & South Water St,161
snow,weekday,snowy,Stewart Ave & 123rd St,1
snow,weekday,snowy,Stockton Dr & Wrightwood Ave,166
snow,weekday,snowy,Stony Island Ave & 63rd St,2
snow,weekday,snowy,Stony Island Ave & 64th St,2
snow,weekday,snowy,Stony Island Ave & 67th St,3
snow,weekday,snowy,Stony Island Ave & 71st St,8
snow,weekday,snowy,Stony Island Ave & 75th St,6
snow,weekday,snowy,Stony Island Ave & 82nd St,1
snow,weekday,snowy,Streeter Dr & Grand Ave,81
snow,weekday,snowy,Streeter Dr/Grand Ave,9
snow,weekday,snowy,Talman Ave & Addison St,52
snow,weekday,snowy,The Salt Shed,21
snow,weekday,snowy,Theater on the Lake,49
snow,weekday,snowy,Throop St & 99th St,1
snow,weekday,snowy,Throop St & Taylor St,118
snow,weekday,snowy,Tripp Ave & 65th St,4
snow,weekday,snowy,Troy St & Elston Ave,55
snow,weekday,snowy,Troy St & Grace St,15
snow,weekday,snowy,Troy St & North Ave,31
snow,weekday,snowy,Union Ave & Root St,8
snow,weekday,snowy,University Ave & 57th St,861
snow,weekday,snowy,University Ave & 59th St,276
snow,weekday,snowy,University Ave & 65th St,13
snow,weekday,snowy,University Library (NU),104
snow,weekday,snowy,Valli Produce - Evanston Plaza,9
snow,weekday,snowy,Vernon Ave & 75th St,1
snow,weekday,snowy,Vernon Ave & 79th St,5
snow,weekday,snowy,Vincennes Ave & 104th St,3
snow,weekday,snowy,Vincennes Ave & 75th St,1
snow,weekday,snowy,Vincennes Ave & 79th St,1
snow,weekday,snowy,Vincennes Ave & 95th St,2
snow,weekday,snowy,Virginia Ave & Catalpa Ave,11
snow,weekday,snowy,W 103rd St & S Avers Ave,2
snow,weekday,snowy,W Armitage Ave & N Sheffield Ave,75
snow,weekday,snowy,W Washington Blvd & N Peoria St,11
snow,weekday,snowy,Wabash Ave & 16th St,142
snow,weekday,snowy,Wabash Ave & 59th St,2
snow,weekday,snowy,Wabash Ave & 87th St,3
snow,weekday,snowy,Wabash Ave & 9th St,279
snow,weekday,snowy,Wabash Ave & Adams St,253
snow,weekday,snowy,Wabash Ave & Cermak Rd,46
snow,weekday,snowy,Wabash Ave & Grand Ave,434
snow,weekday,snowy,Wabash Ave & Jackson Blvd,87
snow,weekday,snowy,Wabash Ave & Roosevelt Rd,401
snow,weekday,snowy,Wabash Ave & Wacker Pl,166
snow,weekday,snowy,Wabash Ave & Washington St,153
snow,weekday,snowy,Wacker Dr & Randolph St,115
snow,weekday,snowy,Wacker Dr & Washington St,392
snow,weekday,snowy,Wacker Dr & Washington St Corral,20
snow,weekday,snowy,Walden Pkwy & 100th St,1
snow,weekday,snowy,Wallace St & 28th St,3
snow,weekday,snowy,Wallace St & 35th St,19
snow,weekday,snowy,Wallace St & Pershing Rd,5
snow,weekday,snowy,Walsh Park,83
snow,weekday,snowy,Warren Park East,20
snow,weekday,snowy,Warren Park West,16
snow,weekday,snowy,Washtenaw Ave & Lawrence Ave,68
snow,weekday,snowy,Washtenaw Ave & Ogden Ave,4
snow,weekday,snowy,Washtenaw Ave & Peterson Ave,6
snow,weekday,snowy,Washtenaw Ave & Polk St,1
snow,weekday,snowy,Waveland/Racine Corral,4
snow,weekday,snowy,Wellington Ave & Mulligan Ave,1
snow,weekday,snowy,Wells St & 19th St,8
snow,weekday,snowy,Wells St & Concord Ln,493
snow,weekday,snowy,Wells St & Elm St,515
snow,weekday,snowy,Wells St & Evergreen Ave,222
snow,weekday,snowy,Wells St & Hubbard St,571
snow,weekday,snowy,Wells St & Huron St,492
snow,weekday,snowy,Wells St & Institute Pl,183
snow,weekday,snowy,Wells St & Madison St,130
snow,weekday,snowy,Wells St & Polk St,279
snow,weekday,snowy,Wells St & Randolph St,317
snow,weekday,snowy,Wells St & Randolph St Corral,15
snow,weekday,snowy,Wells St & Walton St,235
snow,weekday,snowy,Wells St & Washington St,80
snow,weekday,snowy,Wentworth Ave & 24th St,21
snow,weekday,snowy,Wentworth Ave & 33rd St,33
snow,weekday,snowy,Wentworth Ave & 35th St,31
snow,weekday,snowy,Wentworth Ave & 63rd St,2
snow,weekday,snowy,Wentworth Ave & 92nd St,1
snow,weekday,snowy,Wentworth Ave & Cermak Rd,3
snow,weekday,snowy,Wentworth Ave & Cermak Rd*,82
snow,weekday,snowy,Western Ave & 101st St,2
snow,weekday,snowy,Western Ave & 104th St,1
snow,weekday,snowy,Western Ave & 21st St,13
snow,weekday,snowy,Western Ave & 24th St,8
snow,weekday,snowy,Western Ave & 28th St,2
snow,weekday,snowy,Western Ave & 62nd St,1
snow,weekday,snowy,Western Ave & 79th St,2
snow,weekday,snowy,Western Ave & Ardmore Ave,6
snow,weekday,snowy,Western Ave & Berteau Ave,35
snow,weekday,snowy,Western Ave & Congress Pkwy,47
snow,weekday,snowy,Western Ave & Division St,71
snow,weekday,snowy,Western Ave & Fillmore St,61
snow,weekday,snowy,Western Ave & Grace St,37
snow,weekday,snowy,Western Ave & Granville Ave,46
snow,weekday,snowy,Western Ave & Gunnison St,19
snow,weekday,snowy,Western Ave & Howard St,20
snow,weekday,snowy,Western Ave & Lake St,4
snow,weekday,snowy,Western Ave & Leland Ave,84
snow,weekday,snowy,Western Ave & Lunt Ave,32
snow,weekday,snowy,Western Ave & Lyndale St,17
snow,weekday,snowy,Western Ave & Monroe St,32
snow,weekday,snowy,Western Ave & Roscoe St,50
snow,weekday,snowy,Western Ave & Wabansia Ave,14
snow,weekday,snowy,Western Ave & Walton St,86
snow,weekday,snowy,Western Ave & Winnebago Ave,134
snow,weekday,snowy,Western Blvd & 48th Pl,13
snow,weekday,snowy,Whipple/Irving Park,11
snow,weekday,snowy,Wilton Ave & Addison St,42
snow,weekday,snowy,Wilton Ave & Belmont Ave,356
snow,weekday,snowy,Wilton Ave & Diversey Pkwy,201
snow,weekday,snowy,Wilton Ave & Diversey Pkwy*,91
snow,weekday,snowy,Winchester (Ravenswood) Ave & Balmoral Ave,40
snow,weekday,snowy,Winchester Ave & Elston Ave,35
snow,weekday,snowy,Winthrop Ave & Lawrence Ave,58
snow,weekday,snowy,Wolcott (Ravenswood) Ave & Montrose Ave,64
snow,weekday,snowy,Wolcott Ave & Fargo Ave,3
snow,weekday,snowy,Wolcott Ave & Polk St,211
snow,weekday,snowy,Wood St & 33rd St,3
snow,weekday,snowy,Wood St & 35th St,11
snow,weekday,snowy,Wood St & Augusta Blvd,87
snow,weekday,snowy,Wood St & Beach Ave,104
snow,weekday,snowy,Wood St & Chicago Ave,163
snow,weekday,snowy,Wood St & Cortland St,11
snow,weekday,snowy,Wood St & Hubbard St,64
snow,weekday,snowy,Wood St & Milwaukee Ave,74
snow,weekday,snowy,Wood St & Milwaukee Ave*,49
snow,weekday,snowy,Wood St & Taylor St (Temp),167
snow,weekday,snowy,Wood St & Walnut St,2
snow,weekday,snowy,Wood St & Webster Ave,46
snow,weekday,snowy,Woodlawn Ave & 55th St,193
snow,weekday,snowy,Woodlawn Ave & 58th St,296
snow,weekday,snowy,Woodlawn Ave & Lake Park Ave,24
snow,weekend,no_snow,2112 W Peterson Ave,222
snow,weekend,no_snow,21st St & Pulaski Rd,15
snow,weekend,no_snow,63rd St Beach,636
snow,weekend,no_snow,900 W Harrison St,1237
snow,weekend,no_snow,Aberdeen St & 103rd St,14
snow,weekend,no_snow,Aberdeen St & Carroll Ave,1093
snow,weekend,no_snow,Aberdeen St & Jackson Blvd,3063
snow,weekend,no_snow,Aberdeen St & Monroe St,1622
snow,weekend,no_snow,Aberdeen St & Randolph St,2493
snow,weekend,no_snow,Ada St & 113th Place,2
snow,weekend,no_snow,Ada St & Washington Blvd,1328
snow,weekend,no_snow,Addison Red Line,207
snow,weekend,no_snow,Addison Red Line Corral,7
snow,weekend,no_snow,Addison/Racine,109
snow,weekend,no_snow,Addison/Racine Corral,314
snow,weekend,no_snow,Addison/Sheffield SE Corral,126
snow,weekend,no_snow,Addison/Sheffield SW Corral,179
snow,weekend,no_snow,Addison/Wilton Corral,189
snow,weekend,no_snow,Adler Planetarium,4856
snow,weekend,no_snow,Albany Ave & 16th St,72
snow,weekend,no_snow,Albany Ave & 26th St,53
snow,weekend,no_snow,Albany Ave & Belmont Ave,209
snow,weekend,no_snow,Albany Ave & Bloomingdale Ave,1080
snow,weekend,no_snow,Albany Ave & Douglas Blvd,71
snow,weekend,no_snow,Albany Ave & Montrose Ave,567
snow,weekend,no_snow,Altgeld Gardens,10
snow,weekend,no_snow,Archer & Wentworth,359
snow,weekend,no_snow,Archer (Damen) Ave & 37th St,93
snow,weekend,no_snow,Archer Ave & 43rd St,14
snow,weekend,no_snow,Archer Ave & 49th St,11
snow,weekend,no_snow,Archer Ave & Homan Ave,19
snow,weekend,no_snow,Archer Ave & Wentworth Ave,561
snow,weekend,no_snow,Artesian Ave & 55th St,26
snow,weekend,no_snow,Artesian Ave & 71st St,10
snow,weekend,no_snow,Artesian Ave & Hubbard St,512
snow,weekend,no_snow,Artesian Ave & Marquette Rd,17
snow,weekend,no_snow,Ashland Ave & 13th St,919
snow,weekend,no_snow,Ashland Ave & 50th St,63
snow,weekend,no_snow,Ashland Ave & 63rd St,12
snow,weekend,no_snow,Ashland Ave & 66th St,13
snow,weekend,no_snow,Ashland Ave & 74th St,12
snow,weekend,no_snow,Ashland Ave & 78th St,13
snow,weekend,no_snow,Ashland Ave & Archer Ave,266
snow,weekend,no_snow,Ashland Ave & Augusta Blvd,1375
snow,weekend,no_snow,Ashland Ave & Belle Plaine Ave,821
snow,weekend,no_snow,Ashland Ave & Blackhawk St,2191
snow,weekend,no_snow,Ashland Ave & Chicago Ave,1608
snow,weekend,no_snow,Ashland Ave & Division St,3461
snow,weekend,no_snow,Ashland Ave & Garfield Blvd,13
snow,weekend,no_snow,Ashland Ave & Grace St,1476
snow,weekend,no_snow,Ashland Ave & Grand Ave,1219
snow,weekend,no_snow,Ashland Ave & Lake St,1207
snow,weekend,no_snow,Ashland Ave & McDowell Ave,73
snow,weekend,no_snow,Ashland Ave & Pershing Rd,86
snow,weekend,no_snow,Ashland Ave & Wellington Ave,1810
snow,weekend,no_snow,Ashland Ave & Wrightwood Ave,1490
snow,weekend,no_snow,Augusta Blvd & Laramie Ave,8
snow,weekend,no_snow,Austin Ave & Milwaukee Ave,45
snow,weekend,no_snow,Austin Blvd & Chicago Ave,38
snow,weekend,no_snow,Austin Blvd & Lake St,105
snow,weekend,no_snow,Austin Blvd & Madison St,68
snow,weekend,no_snow,Ave L & 114th,11
snow,weekend,no_snow,Avenue O & 118th St,15
snow,weekend,no_snow,Avenue O & 134th St,19
snow,weekend,no_snow,Avers Ave & 16th St,17
snow,weekend,no_snow,Avers Ave & Belmont Ave,728
snow,weekend,no_snow,Avers Ave & Foster Ave,86
snow,weekend,no_snow,Avondale Ave & Irving Park Rd,573
snow,weekend,no_snow,Baltimore Ave & 133rd St,16
snow,weekend,no_snow,Baltimore Ave & 87th St,20
snow,weekend,no_snow,Bennett Ave & 79th St,7
snow,weekend,no_snow,Benson Ave & Church St,1393
snow,weekend,no_snow,Bernard St & Elston Ave,277
snow,weekend,no_snow,Bernard St & Peterson Ave,65
snow,weekend,no_snow,Big Marsh Park,121
snow,weekend,no_snow,Bissell St & Armitage Ave*,3934
snow,weekend,no_snow,Blackstone Ave & 59th St,1853
snow,weekend,no_snow,Blackstone Ave & Hyde Park Blvd,1126
snow,weekend,no_snow,Blue Island Ave & 18th St,1501
snow,weekend,no_snow,Bosworth Ave & Howard St,198
snow,weekend,no_snow,Bradley Park,13
snow,weekend,no_snow,Broadway & Argyle St,1999
snow,weekend,no_snow,Broadway & Barry Ave,6152
snow,weekend,no_snow,Broadway & Belmont Ave,4113
snow,weekend,no_snow,Broadway & Berwyn Ave,2122
snow,weekend,no_snow,Broadway & Cornelia Ave,6203
snow,weekend,no_snow,Broadway & Cuyler Ave,197
snow,weekend,no_snow,Broadway & Granville Ave,2295
snow,weekend,no_snow,Broadway & Oakdale Ave,1430
snow,weekend,no_snow,Broadway & Ridge Ave,1634
snow,weekend,no_snow,Broadway & Roscoe Ave,285
snow,weekend,no_snow,Broadway & Sheridan Rd,4187
snow,weekend,no_snow,Broadway & Sunnyside Ave,782
snow,weekend,no_snow,Broadway & Thorndale Ave,2213
snow,weekend,no_snow,Broadway & Waveland Ave,5738
snow,weekend,no_snow,Broadway & Wilson Ave,2851
snow,weekend,no_snow,Buckingham Fountain,3580
snow,weekend,no_snow,Budlong Woods Library,249
snow,weekend,no_snow,Burley Ave & 85th St,21
snow,weekend,no_snow,Burley Ave & 91st St,16
snow,weekend,no_snow,Burling St & Armitage Ave,354
snow,weekend,no_snow,Burling St & Diversey Pkwy,3416
snow,weekend,no_snow,Burnham Greenway & 105th St,39
snow,weekend,no_snow,Burnham Greenway & 112th St,93
snow,weekend,no_snow,Burnham Harbor,3537
snow,weekend,no_snow,California & 16th St,95
snow,weekend,no_snow,California Ave & 21st St,236
snow,weekend,no_snow,California Ave & 23rd Pl,117
snow,weekend,no_snow,California Ave & 26th St,19
snow,weekend,no_snow,California Ave & 29th St,4
snow,weekend,no_snow,California Ave & 36th St,19
snow,weekend,no_snow,California Ave & 41st St,88
snow,weekend,no_snow,California Ave & 71st St,33
snow,weekend,no_snow,California Ave & Altgeld St,909
snow,weekend,no_snow,California Ave & Byron St,771
snow,weekend,no_snow,California Ave & Cortez St,1610
snow,weekend,no_snow,California Ave & Division St,1232
snow,weekend,no_snow,California Ave & Fletcher St,904
snow,weekend,no_snow,California Ave & Francis Pl,1336
snow,weekend,no_snow,California Ave & Granville Ave,297
snow,weekend,no_snow,California Ave & Lake St,111
snow,weekend,no_snow,California Ave & Madison St,50
snow,weekend,no_snow,California Ave & Marquette Rd,32
snow,weekend,no_snow,California Ave & Milwaukee Ave,3040
snow,weekend,no_snow,California Ave & Montrose Ave,1108
snow,weekend,no_snow,California Ave & North Ave,1130
snow,weekend,no_snow,California Ave & Touhy Ave,73
snow,weekend,no_snow,California Ave & Winona St,85
snow,weekend,no_snow,Calumet Ave & 18th St,2787
snow,weekend,no_snow,Calumet Ave & 21st St,1485
snow,weekend,no_snow,Calumet Ave & 33rd St,891
snow,weekend,no_snow,Calumet Ave & 35th St,428
snow,weekend,no_snow,Calumet Ave & 51st St,171
snow,weekend,no_snow,Calumet Ave & 71st St,13
snow,weekend,no_snow,Calumet Park,64
snow,weekend,no_snow,Campbell Ave & 51st St,35
snow,weekend,no_snow,Campbell Ave & Augusta Blvd,673
snow,weekend,no_snow,Campbell Ave & Fullerton Ave,858
snow,weekend,no_snow,Campbell Ave & Irving Park Rd,200
snow,weekend,no_snow,Campbell Ave & Montrose Ave,930
snow,weekend,no_snow,Campbell Ave & North Ave,1552
snow,weekend,no_snow,Canal St & Adams St,1700
snow,weekend,no_snow,Canal St & Harrison St,396
snow,weekend,no_snow,Canal St & Jackson Blvd,817
snow,weekend,no_snow,Canal St & Madison St,2506
snow,weekend,no_snow,Canal St & Monroe St,650
snow,weekend,no_snow,Canal St & Taylor St,1292
snow,weekend,no_snow,Cannon Dr & Fullerton Ave,2075
snow,weekend,no_snow,Carpenter St & Fulton St,180
snow,weekend,no_snow,Carpenter St & Huron St,1965
snow,weekend,no_snow,Central & Elston,40
snow,weekend,no_snow,Central Ave & Altgeld St,58
snow,weekend,no_snow,Central Ave & Chicago Ave,66
snow,weekend,no_snow,Central Ave & Harrison St,20
snow,weekend,no_snow,Central Ave & Lake St,65
snow,weekend,no_snow,Central Ave & Madison St,26
snow,weekend,no_snow,Central Ave & Parker Ave,29
snow,weekend,no_snow,Central Ave & Roscoe St,18
snow,weekend,no_snow,Central Ave & Wellington Ave,25
snow,weekend,no_snow,Central Park & Augusta Blvd,100
snow,weekend,no_snow,Central Park Ave & 24th St,86
snow,weekend,no_snow,Central Park Ave & 66th St,7
snow,weekend,no_snow,Central Park Ave & Ardmore Ave,137
snow,weekend,no_snow,Central Park Ave & Bloomingdale Ave,663
snow,weekend,no_snow,Central Park Ave & Douglas Blvd,27
snow,weekend,no_snow,Central Park Ave & Elbridge Ave,1048
snow,weekend,no_snow,Central Park Ave & North Ave,347
snow,weekend,no_snow,Central Park Ave & Ogden Ave,181
snow,weekend,no_snow,Central Park Ave & Ohio St,52
snow,weekend,no_snow,Central Park Ave & Washington Blvd,54
snow,weekend,no_snow,Central Park Blvd & 5th Ave,107
snow,weekend,no_snow,Central St & Girard Ave,311
snow,weekend,no_snow,Central St Metra,426
snow,weekend,no_snow,Cherry Ave & Blackhawk St,150
snow,weekend,no_snow,Chicago Ave & Sheridan Rd,1455
snow,weekend,no_snow,Chicago Ave & Washington St,827
snow,weekend,no_snow,Chicago State University,29
snow,weekend,no_snow,Christiana Ave & Lawrence Ave,501
snow,weekend,no_snow,Cicero Ave & Flournoy St,10
snow,weekend,no_snow,Cicero Ave & Lake St,16
snow,weekend,no_snow,Cicero Ave & Quincy St,9
snow,weekend,no_snow,Cicero Ave & Roscoe Ave,63
snow,weekend,no_snow,Cicero Ave & Wellington Ave,19
snow,weekend,no_snow,Cicero Ave & Wrightwood Ave,113
snow,weekend,no_snow,Cityfront Plaza Dr & Pioneer Ct,2983
snow,weekend,no_snow,Claremont Ave & Hirsch St,594
snow,weekend,no_snow,Clarendon Ave & Gordon Ter,3948
snow,weekend,no_snow,Clarendon Ave & Junior Ter,3802
snow,weekend,no_snow,Clarendon Ave & Leland Ave,2194
snow,weekend,no_snow,Clark St & 9th St (AMLI),1171
snow,weekend,no_snow,Clark St & Arlington Pl,1466
snow,weekend,no_snow,Clark St & Armitage Ave,8544
snow,weekend,no_snow,Clark St & Berwyn Ave,3630
snow,weekend,no_snow,Clark St & Bryn Mawr Ave,2359
snow,weekend,no_snow,Clark St & Chicago Ave,3059
snow,weekend,no_snow,Clark St & Columbia Ave,676
snow,weekend,no_snow,Clark St & Drummond Pl,4685
snow,weekend,no_snow,Clark St & Eddy St,752
snow,weekend,no_snow,Clark St & Elm St,8317
snow,weekend,no_snow,Clark St & Elmdale Ave,836
snow,weekend,no_snow,Clark St & Fletcher St,266
snow,weekend,no_snow,Clark St & Grace St,3526
snow,weekend,no_snow,Clark St & Ida B Wells Dr,1203
snow,weekend,no_snow,Clark St & Jarvis Ave,397
snow,weekend,no_snow,Clark St & Lake St,3472
snow,weekend,no_snow,Clark St & Leland Ave,2564
snow,weekend,no_snow,Clark St & Lincoln Ave,8760
snow,weekend,no_snow,Clark St & Lunt Ave,760
snow,weekend,no_snow,Clark St & Montrose Ave,2087
snow,weekend,no_snow,Clark St & Newport St,5836
snow,weekend,no_snow,Clark St & North Ave,3801
snow,weekend,no_snow,Clark St & Schiller St,4675
snow,weekend,no_snow,Clark St & Schreiber Ave,996
snow,weekend,no_snow,Clark St & Touhy Ave,261
snow,weekend,no_snow,Clark St & Washington St,23
snow,weekend,no_snow,Clark St & Wellington Ave,3725
snow,weekend,no_snow,Clark St & Winnemac Ave,4312
snow,weekend,no_snow,Clark St & Wrightwood Ave,5581
snow,weekend,no_snow,Clark/Eddy,292
snow,weekend,no_snow,Clark/Newport,189
snow,weekend,no_snow,Clark/Newport Corral,412
snow,weekend,no_snow,Clark/Racine,63
snow,weekend,no_snow,Clark/Racine Corral,124
snow,weekend,no_snow,Clifton Ave & Armitage Ave,2761
snow,weekend,no_snow,Clinton St & 18th St,804
snow,weekend,no_snow,Clinton St & Jackson Blvd,2248
snow,weekend,no_snow,Clinton St & Lake St,2903
snow,weekend,no_snow,Clinton St & Madison St,3933
snow,weekend,no_snow,Clinton St & Polk St,281
snow,weekend,no_snow,Clinton St & Roosevelt Rd,1562
snow,weekend,no_snow,Clinton St & Tilden St,949
snow,weekend,no_snow,Clinton St & Washington Blvd,1459
snow,weekend,no_snow,Clybourn Ave & Division St,1265
snow,weekend,no_snow,Clyde Ave & 87th St,26
snow,weekend,no_snow,Columbus Ave & 79th St,10
snow,weekend,no_snow,Columbus Ave & 83rd Pl,8
snow,weekend,no_snow,Columbus Dr & Randolph St,4610
snow,weekend,no_snow,Commercial Ave & 100th St,4
snow,weekend,no_snow,Commercial Ave & 130th St,24
snow,weekend,no_snow,Commercial Ave & 83rd St,50
snow,weekend,no_snow,Commercial Ave & 90th St,16
snow,weekend,no_snow,Commercial Ave & 97th St,15
snow,weekend,no_snow,Conservatory Dr & Lake St,166
snow,weekend,no_snow,Constance Ave & 95th St,19
snow,weekend,no_snow,Cornell Ave & Hyde Park Blvd,1817
snow,weekend,no_snow,Cottage Grove Ave & 111th Pl,28
snow,weekend,no_snow,Cottage Grove Ave & 43rd St,223
snow,weekend,no_snow,Cottage Grove Ave & 47th St,156
snow,weekend,no_snow,Cottage Grove Ave & 49th St,36
snow,weekend,no_snow,Cottage Grove Ave & 51st St,227
snow,weekend,no_snow,Cottage Grove Ave & 63rd St,209
snow,weekend,no_snow,Cottage Grove Ave & 67th St,136
snow,weekend,no_snow,Cottage Grove Ave & 71st St,13
snow,weekend,no_snow,Cottage Grove Ave & 78th St,9
snow,weekend,no_snow,Cottage Grove Ave & 83rd St,54
snow,weekend,no_snow,Cottage Grove Ave & Oakwood Blvd,371
snow,weekend,no_snow,Cumberland Ave & Catherine Ave,79
snow,weekend,no_snow,Daley Center Plaza,3187
snow,weekend,no_snow,Daley Center Plaza Corral,12
snow,weekend,no_snow,Damen Ave & 33rd St,8
snow,weekend,no_snow,Damen Ave & 51st St,15
snow,weekend,no_snow,Damen Ave & 59th St,29
snow,weekend,no_snow,Damen Ave & 74th St,12
snow,weekend,no_snow,Damen Ave & 77th St,16
snow,weekend,no_snow,Damen Ave & 81st St,32
snow,weekend,no_snow,Damen Ave & 87th St,33
snow,weekend,no_snow,Damen Ave & Charleston St,1634
snow,weekend,no_snow,Damen Ave & Chicago Ave,3261
snow,weekend,no_snow,Damen Ave & Clybourn Ave,1293
snow,weekend,no_snow,Damen Ave & Cortland St,3498
snow,weekend,no_snow,Damen Ave & Cullerton St,696
snow,weekend,no_snow,Damen Ave & Division St,2528
snow,weekend,no_snow,Damen Ave & Evergreen Ave,88
snow,weekend,no_snow,Damen Ave & Foster Ave,1502
snow,weekend,no_snow,Damen Ave & Grand Ave,1175
snow,weekend,no_snow,Damen Ave & Lake St,860
snow,weekend,no_snow,Damen Ave & Leland Ave,1828
snow,weekend,no_snow,Damen Ave & Madison St,596
snow,weekend,no_snow,Damen Ave & Melrose Ave,1247
snow,weekend,no_snow,Damen Ave & Ohio St,89
snow,weekend,no_snow,Damen Ave & Pershing Rd,70
snow,weekend,no_snow,Damen Ave & Pierce Ave,4336
snow,weekend,no_snow,Damen Ave & St Paul Ave,265
snow,weekend,no_snow,Damen Ave & Sunnyside Ave,1136
snow,weekend,no_snow,Damen Ave & Thomas St (Augusta Blvd),2077
snow,weekend,no_snow,Damen Ave & Wabansia Ave,808
snow,weekend,no_snow,Damen Ave & Wellington Ave,1405
snow,weekend,no_snow,Damen Ave & Wicker Park Ave,1945
snow,weekend,no_snow,Damen Ave/Coulter St,164
snow,weekend,no_snow,Dan Ryan Woods & 83rd St,92
snow,weekend,no_snow,Dauphin Ave & 103rd St,17
snow,weekend,no_snow,Dauphin Ave & 87th St,18
snow,weekend,no_snow,Dayton St & North Ave,3053
snow,weekend,no_snow,Dearborn Pkwy & Delaware Pl,5806
snow,weekend,no_snow,Dearborn St & Adams St,1513
snow,weekend,no_snow,Dearborn St & Adams St Corral,47
snow,weekend,no_snow,Dearborn St & Division St,931
snow,weekend,no_snow,Dearborn St & Erie St,5871
snow,weekend,no_snow,Dearborn St & Madison St,28
snow,weekend,no_snow,Dearborn St & Maple St,768
snow,weekend,no_snow,Dearborn St & Monroe St,2322
snow,weekend,no_snow,Dearborn St & Van Buren St,1627
snow,weekend,no_snow,Dearborn St & Washington St,16
snow,weekend,no_snow,Delano Ct & Roosevelt Rd,1882
snow,weekend,no_snow,Desplaines St & Jackson Blvd,2578
snow,weekend,no_snow,Desplaines St & Kinzie St,5227
snow,weekend,no_snow,Desplaines St & Randolph St,1615
snow,weekend,no_snow,Dodge Ave & Church St,167
snow,weekend,no_snow,Dodge Ave & Main St,161
snow,weekend,no_snow,Dodge Ave & Mulford St,168
snow,weekend,no_snow,Dorchester Ave & 49th St,324
snow,weekend,no_snow,Dorchester Ave & 53rd St,68
snow,weekend,no_snow,Dorchester Ave & 63rd St,256
snow,weekend,no_snow,Doty Ave & 111th St,11
snow,weekend,no_snow,Drake Ave & Addison St,289
snow,weekend,no_snow,Drake Ave & Montrose Ave,363
snow,weekend,no_snow,Drexel Ave & 60th St,1093
snow,weekend,no_snow,DuSable Lake Shore Dr & Belmont Ave,6102
snow,weekend,no_snow,DuSable Lake Shore Dr & Diversey Pkwy,6998
snow,weekend,no_snow,DuSable Lake Shore Dr & Monroe St,17139
snow,weekend,no_snow,DuSable Lake Shore Dr & North Blvd,14895
snow,weekend,no_snow,DuSable Lake Shore Dr & Wellington Ave,5840
snow,weekend,no_snow,DuSable Museum,168
snow,weekend,no_snow,Dusable Harbor,8736
snow,weekend,no_snow,East End Ave & 87th St,22
snow,weekend,no_snow,Eastlake Ter & Howard St,461
snow,weekend,no_snow,Eberhart Ave & 131st St,4
snow,weekend,no_snow,Eberhart Ave & 61st St,74
snow,weekend,no_snow,Eberhart Ave & 91st St,21
snow,weekend,no_snow,Eckhart Park,1730
snow,weekend,no_snow,Eddy/Seminary Corral,341
snow,weekend,no_snow,Edgebrook Metra,90
snow,weekend,no_snow,Eggleston Ave & 111th St,6
snow,weekend,no_snow,Eggleston Ave & 115th St,3
snow,weekend,no_snow,Eggleston Ave & 69th St,17
snow,weekend,no_snow,Eggleston Ave & 92nd St,23
snow,weekend,no_snow,Elizabeth St & 47th St,17
snow,weekend,no_snow,Elizabeth St & 92nd St,11
snow,weekend,no_snow,Elizabeth St & Fulton St,967
snow,weekend,no_snow,Elizabeth St & Randolph St,2173
snow,weekend,no_snow,Ellis Ave & 53rd St,1422
snow,weekend,no_snow,Ellis Ave & 55th St,3892
snow,weekend,no_snow,Ellis Ave & 58th St,885
snow,weekend,no_snow,Ellis Ave & 60th St,4162
snow,weekend,no_snow,Ellis Ave & 83rd St,17
snow,weekend,no_snow,Elmwood Ave & Austin St,300
snow,weekend,no_snow,Elston Ave & Carmen Ave,95
snow,weekend,no_snow,Elston Ave & Cortland St,2088
snow,weekend,no_snow,Elston Ave & George St,431
snow,weekend,no_snow,Elston Ave & Henderson St,195
snow,weekend,no_snow,Elston Ave & Wabansia Ave,687
snow,weekend,no_snow,Emerald Ave & 28th St,492
snow,weekend,no_snow,Emerald Ave & 31st St,1035
snow,weekend,no_snow,Evans Ave & 75th St,15
snow,weekend,no_snow,Evanston Civic Center,444
snow,weekend,no_snow,Ewing Ave & 106th St,43
snow,weekend,no_snow,Ewing Ave & 97th St,9
snow,weekend,no_snow,Ewing Ave & 98th St,24
snow,weekend,no_snow,Ewing Ave & Burnham Greenway,23
snow,weekend,no_snow,Exchange Ave & 79th St,56
snow,weekend,no_snow,Fairbanks Ct & Grand Ave,4548
snow,weekend,no_snow,Fairbanks St & Superior St,1359
snow,weekend,no_snow,Fairfield Ave & 44th St,84
snow,weekend,no_snow,Fairfield Ave & Pratt Blvd,103
snow,weekend,no_snow,Fairfield Ave & Roosevelt Rd,112
snow,weekend,no_snow,Farragut Ave & Central Ave,84
snow,weekend,no_snow,Federal St & Polk St,4265
snow,weekend,no_snow,Field Blvd & South Water St,4041
snow,weekend,no_snow,Field Museum,4582
snow,weekend,no_snow,Financial Pl & Ida B Wells Dr,1579
snow,weekend,no_snow,Fort Dearborn Dr & 31st St,658
snow,weekend,no_snow,Fort Dearborn Dr & 31st St*,1926
snow,weekend,no_snow,Francisco Ave & 47th St,44
snow,weekend,no_snow,Francisco Ave & 85th St,26
snow,weekend,no_snow,Francisco Ave & Bloomingdale Ave,261
snow,weekend,no_snow,Francisco Ave & Chicago Ave,557
snow,weekend,no_snow,Francisco Ave & Foster Ave,574
snow,weekend,no_snow,Francisco Ave & Hollywood Ave,17
snow,weekend,no_snow,Francisco Ave & Montrose Ave,280
snow,weekend,no_snow,Franciso Ave & Bloomingdale Ave,8
snow,weekend,no_snow,Franklin St & Adams St,996
snow,weekend,no_snow,Franklin St & Adams St (Temp),119
snow,weekend,no_snow,Franklin St & Adams St Corral,41
snow,weekend,no_snow,Franklin St & Chicago Ave,2516
snow,weekend,no_snow,Franklin St & Illinois St,3292
snow,weekend,no_snow,Franklin St & Jackson Blvd,2690
snow,weekend,no_snow,Franklin St & Lake St,1873
snow,weekend,no_snow,Franklin St & Madison St,64
snow,weekend,no_snow,Franklin St & Monroe St,750
snow,weekend,no_snow,Franklin St & Monroe St Corral,4
snow,weekend,no_snow,Franklin St & Washington St,396
snow,weekend,no_snow,Fullerton & Monitor,9
snow,weekend,no_snow,Fulton Market,871
snow,weekend,no_snow,Glenwood Ave & Morse Ave,1421
snow,weekend,no_snow,Glenwood Ave & Touhy Ave,465
snow,weekend,no_snow,Grace St & Central Ave,46
snow,weekend,no_snow,Grace St & Cicero Ave,85
snow,weekend,no_snow,Grace/Sheffield,75
snow,weekend,no_snow,Grace/Sheffield Corral,139
snow,weekend,no_snow,Granville Ave & Clark St,54
snow,weekend,no_snow,Granville Ave & Pulaski Rd,18
snow,weekend,no_snow,Green St & Chicago Ave,366
snow,weekend,no_snow,Green St & Lake St,1015
snow,weekend,no_snow,Green St & Madison St,4687
snow,weekend,no_snow,Green St & Randolph St*,2309
snow,weekend,no_snow,Green St & Washington Blvd,1913
snow,weekend,no_snow,Greenview Ave & Diversey Pkwy,1648
snow,weekend,no_snow,Greenview Ave & Fullerton Ave,2263
snow,weekend,no_snow,Greenview Ave & Jarvis Ave,860
snow,weekend,no_snow,Greenwood Ave & 47th St,438
snow,weekend,no_snow,Greenwood Ave & 79th St,11
snow,weekend,no_snow,Greenwood Ave & 91st St,7
snow,weekend,no_snow,Greenwood Ave & 97th St,16
snow,weekend,no_snow,Griffin Museum of Science and Industry,2212
snow,weekend,no_snow,Hale Ave & 107th St,18
snow,weekend,no_snow,Halsted St & 104th St,23
snow,weekend,no_snow,Halsted St & 111th St,7
snow,weekend,no_snow,Halsted St & 119th St,11
snow,weekend,no_snow,Halsted St & 123rd St,6
snow,weekend,no_snow,Halsted St & 18th St,1131
snow,weekend,no_snow,Halsted St & 21st St,590
snow,weekend,no_snow,Halsted St & 35th St,658
snow,weekend,no_snow,Halsted St & 37th St,139
snow,weekend,no_snow,Halsted St & 47th Pl,72
snow,weekend,no_snow,Halsted St & 51st St,76
snow,weekend,no_snow,Halsted St & 56th St,13
snow,weekend,no_snow,Halsted St & 59th St,22
snow,weekend,no_snow,Halsted St & 63rd St,16
snow,weekend,no_snow,Halsted St & 69th St,21
snow,weekend,no_snow,Halsted St & 73rd St,8
snow,weekend,no_snow,Halsted St & 78th St,28
snow,weekend,no_snow,Halsted St & 83rd St,7
snow,weekend,no_snow,Halsted St & 93rd St,10
snow,weekend,no_snow,Halsted St & 96th St,65
snow,weekend,no_snow,Halsted St & Archer Ave,724
snow,weekend,no_snow,Halsted St & Armitage Ave,615
snow,weekend,no_snow,Halsted St & Belden St,632
snow,weekend,no_snow,Halsted St & Clybourn Ave,4501
snow,weekend,no_snow,Halsted St & Court Pl,15
snow,weekend,no_snow,Halsted St & Dickens Ave,3831
snow,weekend,no_snow,Halsted St & Fulton St,3231
snow,weekend,no_snow,Halsted St & Lake St,333
snow,weekend,no_snow,Halsted St & Maxwell St,1648
snow,weekend,no_snow,Halsted St & Melrose St,97
snow,weekend,no_snow,Halsted St & North Branch St,210
snow,weekend,no_snow,Halsted St & Polk St,1794
snow,weekend,no_snow,Halsted St & Roosevelt Rd,828
snow,weekend,no_snow,Halsted St & Roscoe St,4867
snow,weekend,no_snow,Halsted St & Willow St,2455
snow,weekend,no_snow,Halsted St & Wrightwood Ave,4417
snow,weekend,no_snow,Hamilton Park,19
snow,weekend,no_snow,Hamlin Ave & 62nd Pl,15
snow,weekend,no_snow,Hamlin Ave & Grand Ave,34
snow,weekend,no_snow,Hampden Ct & Diversey Ave,717
snow,weekend,no_snow,Hampden Ct & Diversey Pkwy,1433
snow,weekend,no_snow,Harding Ave & 26th St,31
snow,weekend,no_snow,Harding Ave & 31st St,9
snow,weekend,no_snow,Harding Ave & Chicago Ave,17
snow,weekend,no_snow,Harding Ave & Division St,38
snow,weekend,no_snow,Harlem Ave & Bloomingdale Ave,35
snow,weekend,no_snow,Harlem Ave & Grace St,25
snow,weekend,no_snow,Harlem Ave & Irving Park Rd,67
snow,weekend,no_snow,Harper Ave & 55th St,110
snow,weekend,no_snow,Harper Ave & 59th St,492
snow,weekend,no_snow,Hastings LWS,167
snow,weekend,no_snow,Hastings St Depot LWS,15
snow,weekend,no_snow,Hegewisch Metra Station,10
snow,weekend,no_snow,Hermitage Ave & Polk St,588
snow,weekend,no_snow,Higgins Ave & Austin Ave,77
snow,weekend,no_snow,Homan Ave & 26th St,34
snow,weekend,no_snow,Homan Ave & 65th St,12
snow,weekend,no_snow,Homan Ave & 77th St,11
snow,weekend,no_snow,Homan Ave & Arthington Ave,20
snow,weekend,no_snow,Homan Ave & Fillmore St,10
snow,weekend,no_snow,Homewood Ave & 115th St,23
snow,weekend,no_snow,Honore St & Division St,2924
snow,weekend,no_snow,Houston Ave & 92nd St,35
snow,weekend,no_snow,Hoyne Ave & 34th St,93
snow,weekend,no_snow,Hoyne Ave & 47th St,140
snow,weekend,no_snow,Hoyne Ave & Balmoral Ave,768
snow,weekend,no_snow,Hubbard St Depot,3
snow,weekend,no_snow,Hudson Ave & Armitage Ave,697
snow,weekend,no_snow,Humboldt Blvd & Armitage Ave,1482
snow,weekend,no_snow,Hyacinth Ave & Milwaukee Ave,81
snow,weekend,no_snow,Indiana Ave & 103rd St,30
snow,weekend,no_snow,Indiana Ave & 133rd St,2
snow,weekend,no_snow,Indiana Ave & 26th St,637
snow,weekend,no_snow,Indiana Ave & 31st St,556
snow,weekend,no_snow,Indiana Ave & 40th St,96
snow,weekend,no_snow,Indiana Ave & Roosevelt Rd,6891
snow,weekend,no_snow,Jefferson St & Monroe St,1398
snow,weekend,no_snow,Jeffery Blvd & 67th St,146
snow,weekend,no_snow,Jeffery Blvd & 71st St,136
snow,weekend,no_snow,Jeffery Blvd & 76th St,22
snow,weekend,no_snow,Karlov Ave & Armitage Ave,153
snow,weekend,no_snow,Karlov Ave & Fillmore St,13
snow,weekend,no_snow,Karlov Ave & Lawrence Ave,126
snow,weekend,no_snow,Karlov Ave & Madison St,18
snow,weekend,no_snow,Kedvale Ave & Peterson Ave,51
snow,weekend,no_snow,Kedzie Ave & 104th St,14
snow,weekend,no_snow,Kedzie Ave & 110th St,24
snow,weekend,no_snow,Kedzie Ave & 21st St,168
snow,weekend,no_snow,Kedzie Ave & 24th St,42
snow,weekend,no_snow,Kedzie Ave & 38th Pl,13
snow,weekend,no_snow,Kedzie Ave & 38th St,1
snow,weekend,no_snow,Kedzie Ave & 45th St,4
snow,weekend,no_snow,Kedzie Ave & 48th Pl,183
snow,weekend,no_snow,Kedzie Ave & 52nd St,20
snow,weekend,no_snow,Kedzie Ave & 54th Pl,52
snow,weekend,no_snow,Kedzie Ave & 57th St,149
snow,weekend,no_snow,Kedzie Ave & 60th St,52
snow,weekend,no_snow,Kedzie Ave & 66th Pl,15
snow,weekend,no_snow,Kedzie Ave & 73rd St,12
snow,weekend,no_snow,Kedzie Ave & 83rd St,17
snow,weekend,no_snow,Kedzie Ave & Archer Ave,53
snow,weekend,no_snow,Kedzie Ave & Armitage Ave,228
snow,weekend,no_snow,Kedzie Ave & Bryn Mawr Ave,257
snow,weekend,no_snow,Kedzie Ave & Chicago Ave,218
snow,weekend,no_snow,Kedzie Ave & Foster Ave,278
snow,weekend,no_snow,Kedzie Ave & George St,446
snow,weekend,no_snow,Kedzie Ave & Harrison St,27
snow,weekend,no_snow,Kedzie Ave & Jackson Blvd,49
snow,weekend,no_snow,Kedzie Ave & Lake St,125
snow,weekend,no_snow,Kedzie Ave & Leland Ave,546
snow,weekend,no_snow,Kedzie Ave & Milwaukee Ave,3543
snow,weekend,no_snow,Kedzie Ave & Palmer Ct,1280
snow,weekend,no_snow,Kedzie Ave & Redfield Dr,15
snow,weekend,no_snow,Kedzie Ave & Roosevelt Rd,29
snow,weekend,no_snow,Keeler Ave & Carmen Ave,151
snow,weekend,no_snow,Keeler Ave & Roosevelt Rd,8
snow,weekend,no_snow,Kenmore Ave & School St,85
snow,weekend,no_snow,Kenneth Ave & 50th St,6
snow,weekend,no_snow,Kenneth Ave & Lawrence Ave,178
snow,weekend,no_snow,Kenosha Ave & Wellington Ave,84
snow,weekend,no_snow,Kenton Ave & Madison St,11
snow,weekend,no_snow,Kenwood Ave & 57th St,46
snow,weekend,no_snow,Keystone Ave & Fullerton Ave,231
snow,weekend,no_snow,Keystone Ave & Montrose Ave,231
snow,weekend,no_snow,Kilbourn Ave & 49th St,7
snow,weekend,no_snow,Kilbourn Ave & Belden Ave,161
snow,weekend,no_snow,Kilbourn Ave & Diversey Ave,131
snow,weekend,no_snow,Kilbourn Ave & Irving Park Rd,103
snow,weekend,no_snow,Kilbourn Ave & Milwaukee Ave,71
snow,weekend,no_snow,Kilbourn Ave & Roscoe St,99
snow,weekend,no_snow,Kildare & Cermak,10
snow,weekend,no_snow,Kildare Ave & 26th St,13
snow,weekend,no_snow,Kildare Ave & 47th St,9
snow,weekend,no_snow,Kildare Ave & 55th St,19
snow,weekend,no_snow,Kildare Ave & 85th St (Kostner Ave & 87th St TEMPORARY),11
snow,weekend,no_snow,Kildare Ave & Archer Ave,11
snow,weekend,no_snow,Kildare Ave & Chicago Ave,15
snow,weekend,no_snow,Kildare Ave & Division St,28
snow,weekend,no_snow,Kildare Ave & Montrose Ave,158
snow,weekend,no_snow,Kildare Ave & North Ave,81
snow,weekend,no_snow,Kilpatrick Ave & Grand Ave,57
snow,weekend,no_snow,Kilpatrick Ave & Parker Ave,49
snow,weekend,no_snow,Kimball Ave & Belmont Ave,1015
snow,weekend,no_snow,Kimbark Ave & 53rd St,3439
snow,weekend,no_snow,Kingsbury St & Erie St,4223
snow,weekend,no_snow,Kingsbury St & Kinzie St,8613
snow,weekend,no_snow,Kingsbury St & Kinzie St 1,106
snow,weekend,no_snow,Kingsbury St & Kinzie St 2,74
snow,weekend,no_snow,Knox Ave & Marquette Ave,31
snow,weekend,no_snow,Knox Ave & Montrose Ave,215
snow,weekend,no_snow,Komensky Ave & 31st St,11
snow,weekend,no_snow,Komensky Ave & 47th St,23
snow,weekend,no_snow,Komensky Ave & 55th St,6
snow,weekend,no_snow,Kosciuszko Park,667
snow,weekend,no_snow,Kostner Ave & 63rd St,30
snow,weekend,no_snow,Kostner Ave & Adams St,16
snow,weekend,no_snow,Kostner Ave & Belmont Ave,106
snow,weekend,no_snow,Kostner Ave & Bryn Mawr Ave,156
snow,weekend,no_snow,Kostner Ave & Devon Ave,82
snow,weekend,no_snow,Kostner Ave & Lake St,13
snow,weekend,no_snow,Kostner Ave & Wrightwood Ave,148
snow,weekend,no_snow,La Villita Park,34
snow,weekend,no_snow,LaSalle Dr & Huron St,2784
snow,weekend,no_snow,LaSalle St & Adams St,831
snow,weekend,no_snow,LaSalle St & Adams St Corral,23
snow,weekend,no_snow,LaSalle St & Calhoun Pl,199
snow,weekend,no_snow,LaSalle St & Calhoun Pl Corral,30
snow,weekend,no_snow,LaSalle St & Illinois St,5140
snow,weekend,no_snow,LaSalle St & Jackson Blvd,860
snow,weekend,no_snow,LaSalle St & Jackson Blvd Corral,66
snow,weekend,no_snow,LaSalle St & Washington St,900
snow,weekend,no_snow,LaSalle St & Washington St Corral,12
snow,weekend,no_snow,LaSalle St & Washington St Corral N,45
snow,weekend,no_snow,Laflin St & 115th St,11
snow,weekend,no_snow,Laflin St & Cullerton St,697
snow,weekend,no_snow,Lake Park Ave & 35th St,717
snow,weekend,no_snow,Lake Park Ave & 47th St,610
snow,weekend,no_snow,Lake Park Ave & 53rd St,1852
snow,weekend,no_snow,Lake Park Ave & 56th St,1275
snow,weekend,no_snow,Lakefront Trail & Bryn Mawr Ave,5137
snow,weekend,no_snow,Lakefront Trail & Wilson Ave,3061
snow,weekend,no_snow,Lakeview Ave & Fullerton Pkwy,5066
snow,weekend,no_snow,Lamon Ave & 47th St,19
snow,weekend,no_snow,Lamon Ave & Armitage Ave,15
snow,weekend,no_snow,Lamon Ave & Belmont Ave,46
snow,weekend,no_snow,Lamon Ave & Chicago Ave,27
snow,weekend,no_snow,Laramie Ave & Addison St,66
snow,weekend,no_snow,Laramie Ave & Bloomingdale Ave,33
snow,weekend,no_snow,Laramie Ave & Gladys Ave,7
snow,weekend,no_snow,Laramie Ave & Irving Park Rd,150
snow,weekend,no_snow,Laramie Ave & Kinzie St,25
snow,weekend,no_snow,Laramie Ave & Madison St,16
snow,weekend,no_snow,Larrabee St & Armitage Ave,2505
snow,weekend,no_snow,Larrabee St & Chicago Ave,38
snow,weekend,no_snow,Larrabee St & Clybourn Ave,232
snow,weekend,no_snow,Larrabee St & Division St,2504
snow,weekend,no_snow,Larrabee St & Kingsbury St,2539
snow,weekend,no_snow,Larrabee St & Kingsbury St 1,108
snow,weekend,no_snow,Larrabee St & Kingsbury St 2,49
snow,weekend,no_snow,Larrabee St & Menomonee St,1350
snow,weekend,no_snow,Larrabee St & North Ave,1439
snow,weekend,no_snow,Larrabee St & Oak St,1601
snow,weekend,no_snow,Larrabee St & Webster Ave,5320
snow,weekend,no_snow,Latrobe Ave & Chicago Ave,26
snow,weekend,no_snow,Lavergne Ave & 44th St,10
snow,weekend,no_snow,Lavergne Ave & 46th St,21
snow,weekend,no_snow,Lavergne Ave & Diversey Ave,73
snow,weekend,no_snow,Lavergne Ave & Division St,28
snow,weekend,no_snow,Lavergne Ave & Fullerton Ave,80
snow,weekend,no_snow,Lavergne Ave & Lawrence Ave,78
snow,weekend,no_snow,Lawler Ave & 50th St,46
snow,weekend,no_snow,Lawler Ave & North Ave,20
snow,weekend,no_snow,Lawndale Ave & 111th St,40
snow,weekend,no_snow,Lawndale Ave & 16th St,21
snow,weekend,no_snow,Lawndale Ave & 30th St,62
snow,weekend,no_snow,Lawndale Ave & 59th St,27
snow,weekend,no_snow,Le Mai Ave & Devon Ave,19
snow,weekend,no_snow,Leamington Ave & Hirsch St,16
snow,weekend,no_snow,Leavitt St & Addison St,845
snow,weekend,no_snow,Leavitt St & Archer Ave,219
snow,weekend,no_snow,Leavitt St & Armitage Ave,1599
snow,weekend,no_snow,Leavitt St & Augusta Blvd,207
snow,weekend,no_snow,Leavitt St & Belmont Ave,1250
snow,weekend,no_snow,Leavitt St & Chicago Ave,1371
snow,weekend,no_snow,Leavitt St & Division St,914
snow,weekend,no_snow,Leavitt St & Hirsch St,222
snow,weekend,no_snow,Leavitt St & Lawrence Ave,1046
snow,weekend,no_snow,Leavitt St & North Ave,1550
snow,weekend,no_snow,Leavitt St/North Ave,518
snow,weekend,no_snow,Leclaire Ave & Belmont Ave,63
snow,weekend,no_snow,Lexington St & California Ave,57
snow,weekend,no_snow,Lincoln Ave & Addison St,1172
snow,weekend,no_snow,Lincoln Ave & Balmoral Ave,182
snow,weekend,no_snow,Lincoln Ave & Belle Plaine Ave,1401
snow,weekend,no_snow,Lincoln Ave & Byron St,1352
snow,weekend,no_snow,Lincoln Ave & Dickens Ave,704
snow,weekend,no_snow,Lincoln Ave & Diversey Pkwy,3238
snow,weekend,no_snow,Lincoln Ave & Fullerton Ave,4805
snow,weekend,no_snow,Lincoln Ave & Melrose St,2701
snow,weekend,no_snow,Lincoln Ave & Montana St,563
snow,weekend,no_snow,Lincoln Ave & Peterson Ave,212
snow,weekend,no_snow,Lincoln Ave & Roscoe St*,2158
snow,weekend,no_snow,Lincoln Ave & Sunnyside Ave,1785
snow,weekend,no_snow,Lincoln Ave & Waveland Ave,1368
snow,weekend,no_snow,Lincoln Ave & Winona St,643
snow,weekend,no_snow,Lincoln Park Conservatory,4869
snow,weekend,no_snow,Lincolnwood Dr & Central St,140
snow,weekend,no_snow,Linder Ave & Montrose Ave,80
snow,weekend,no_snow,Lock St & 31st St,119
snow,weekend,no_snow,Lockwood Ave & Grand Ave,63
snow,weekend,no_snow,Lockwood Ave & Wrightwood Ave,149
snow,weekend,no_snow,Logan Blvd & Elston Ave,1274
snow,weekend,no_snow,Long & Irving Park,60
snow,weekend,no_snow,Long Ave & Belden Ave,7
snow,weekend,no_snow,Long Ave & Belmont Ave,68
snow,weekend,no_snow,Long Ave & Diversey Ave,52
snow,weekend,no_snow,Long Ave & North Ave,52
snow,weekend,no_snow,Loomis Blvd & 84th St,17
snow,weekend,no_snow,Loomis St & 89th St,12
snow,weekend,no_snow,Loomis St & 95th St,13
snow,weekend,no_snow,Loomis St & Archer Ave,293
snow,weekend,no_snow,Loomis St & Jackson Blvd,1100
snow,weekend,no_snow,Loomis St & Lexington St,2960
snow,weekend,no_snow,Lowell Ave & Armitage Ave,130
snow,weekend,no_snow,Lynch Ave & Elston Ave,44
snow,weekend,no_snow,MLK Jr Dr & 29th St,1452
snow,weekend,no_snow,MLK Jr Dr & 47th St,160
snow,weekend,no_snow,MLK Jr Dr & 56th St,62
snow,weekend,no_snow,MLK Jr Dr & 63rd St,55
snow,weekend,no_snow,MLK Jr Dr & 83rd St,42
snow,weekend,no_snow,MLK Jr Dr & Pershing Rd,360
snow,weekend,no_snow,MTV Hubbard St,1
snow,weekend,no_snow,Major Ave & Addison St,41
snow,weekend,no_snow,Major Ave & Bloomingdale Ave,15
snow,weekend,no_snow,Major Taylor Trail & 111th St,7
snow,weekend,no_snow,Major Taylor Trail & 115th St,12
snow,weekend,no_snow,Major Taylor Trail & 124th St,1
snow,weekend,no_snow,Malcolm X College,280
snow,weekend,no_snow,Malden St & Wilson Ave,159
snow,weekend,no_snow,Mango Ave & Diversey Ave,10
snow,weekend,no_snow,Mango Ave & Grand Ave,2
snow,weekend,no_snow,Mango Ave & North Ave,52
snow,weekend,no_snow,Manistee Ave & 95th St,2
snow,weekend,no_snow,Manor Ave & Leland Ave,406
snow,weekend,no_snow,Maplewood Ave & 59th St,22
snow,weekend,no_snow,Maplewood Ave & Peterson Ave,183
snow,weekend,no_snow,Marine Dr & Ainslie St,2547
snow,weekend,no_snow,Marmora Ave & Belmont Ave,14
snow,weekend,no_snow,Marmora Ave & Irving Park Rd,69
snow,weekend,no_snow,Marquette Ave & 89th St,8
snow,weekend,no_snow,Marshfield Ave & 44th St,72
snow,weekend,no_snow,Marshfield Ave & 59th St,2
snow,weekend,no_snow,Marshfield Ave & Diversey Pkwy,58
snow,weekend,no_snow,Marshfield Ave & Wabansia Ave,49
snow,weekend,no_snow,Martin Luther King Dr & 111th St,3
snow,weekend,no_snow,Martin Luther King Dr & 87th St,19
snow,weekend,no_snow,Mason Ave & Belmont Ave,16
snow,weekend,no_snow,Mason Ave & Grand Ave,37
snow,weekend,no_snow,Mason Ave & Montrose Ave,62
snow,weekend,no_snow,May St & 69th St,7
snow,weekend,no_snow,May St & Cullerton St,594
snow,weekend,no_snow,May St & Hubbard St,60
snow,weekend,no_snow,May St & Taylor St,2038
snow,weekend,no_snow,Mayfield Ave & Roosevelt Rd,19
snow,weekend,no_snow,McClurg Ct & Erie St,2775
snow,weekend,no_snow,McClurg Ct & Ohio St,6547
snow,weekend,no_snow,McCormick Blvd & Devon Ave,346
snow,weekend,no_snow,McCormick Place,2189
snow,weekend,no_snow,Meade Ave & Addison St,30
snow,weekend,no_snow,Meade Ave & Diversey Ave,25
snow,weekend,no_snow,Meade Ave & Fullerton Ave,95
snow,weekend,no_snow,Melvina Ave & Giddings Ave,91
snow,weekend,no_snow,Menard Ave & Lawrence Ave,95
snow,weekend,no_snow,Menard Ave & Milwaukee Ave,30
snow,weekend,no_snow,Menard Ave & North Ave,11
snow,weekend,no_snow,Merrimac Park,79
snow,weekend,no_snow,Michigan Ave & 105th St,29
snow,weekend,no_snow,Michigan Ave & 108th St,6
snow,weekend,no_snow,Michigan Ave & 113th St,3
snow,weekend,no_snow,Michigan Ave & 114th St,3
snow,weekend,no_snow,Michigan Ave & 11th St,156
snow,weekend,no_snow,Michigan Ave & 14th St,3044
snow,weekend,no_snow,Michigan Ave & 18th St,2358
snow,weekend,no_snow,Michigan Ave & 71st St,12
snow,weekend,no_snow,Michigan Ave & 8th St,6118
snow,weekend,no_snow,Michigan Ave & Ida B Wells Dr,2147
snow,weekend,no_snow,Michigan Ave & Jackson Blvd,3592
snow,weekend,no_snow,Michigan Ave & Lake St,4483
snow,weekend,no_snow,Michigan Ave & Madison St,2186
snow,weekend,no_snow,Michigan Ave & Oak St,13420
snow,weekend,no_snow,Michigan Ave & Pearson St,2331
snow,weekend,no_snow,Michigan Ave & Washington St,5476
snow,weekend,no_snow,Midway Orange Line,85
snow,weekend,no_snow,Mies van der Rohe Way & Chestnut St,4072
snow,weekend,no_snow,Mies van der Rohe Way & Chicago Ave,3182
snow,weekend,no_snow,Millard Ave & 26th St,61
snow,weekend,no_snow,Millennium Park,10272
snow,weekend,no_snow,Milwaukee & Fullerton,37
snow,weekend,no_snow,Milwaukee Ave & Agatite Ave,144
snow,weekend,no_snow,Milwaukee Ave & Ainslie St,373
snow,weekend,no_snow,Milwaukee Ave & Armitage Ave,421
snow,weekend,no_snow,Milwaukee Ave & Cuyler Ave,193
snow,weekend,no_snow,Milwaukee Ave & Diversey Ave,7
snow,weekend,no_snow,Milwaukee Ave & Fullerton Ave,1423
snow,weekend,no_snow,Milwaukee Ave & Grand Ave,3079
snow,weekend,no_snow,Milwaukee Ave & Highland Ave,133
snow,weekend,no_snow,Milwaukee Ave & Rockwell St,1200
snow,weekend,no_snow,Milwaukee Ave & The 606,2594
snow,weekend,no_snow,Milwaukee Ave & Wabansia Ave,538
snow,weekend,no_snow,Monitor Ave & Division St,14
snow,weekend,no_snow,Monticello Ave & Chicago Ave,42
snow,weekend,no_snow,Monticello Ave & Irving Park Rd,544
snow,weekend,no_snow,Monticello Ave & Lawrence Ave,280
snow,weekend,no_snow,Montrose Harbor,7697
snow,weekend,no_snow,Morgan Ave & 14th Pl,878
snow,weekend,no_snow,Morgan St & 18th St,1435
snow,weekend,no_snow,Morgan St & 31st St,952
snow,weekend,no_snow,Morgan St & Hubbard St,349
snow,weekend,no_snow,Morgan St & Lake St*,2770
snow,weekend,no_snow,Morgan St & Pershing Rd,25
snow,weekend,no_snow,Morgan St & Polk St,1526
snow,weekend,no_snow,Mozart St & 55th St,34
snow,weekend,no_snow,Mozart St & 79th St,22
snow,weekend,no_snow,Mozart St & Jackson Blvd,82
snow,weekend,no_snow,Mulligan Ave & Archer Ave,24
snow,weekend,no_snow,N Carpenter St & W Lake St,262
snow,weekend,no_snow,N Clark St & W Elm St,31
snow,weekend,no_snow,N Damen Ave & W Chicago Ave,266
snow,weekend,no_snow,N Green St & W Lake St,992
snow,weekend,no_snow,N Paulina St & Lincoln Ave,381
snow,weekend,no_snow,N Shore Channel Trail & Argyle St,158
snow,weekend,no_snow,N Southport Ave & W Newport Ave,614
snow,weekend,no_snow,NEW HASTINGS,1
snow,weekend,no_snow,Nagle Ave & Belmont Ave,25
snow,weekend,no_snow,Narragansett Ave & McLean Ave,38
snow,weekend,no_snow,Narragansett Ave & Montrose Ave,32
snow,weekend,no_snow,Narragansett Ave & North Ave,67
snow,weekend,no_snow,Narragansett Ave & School St,15
snow,weekend,no_snow,Narragansett Ave & Wrightwood Ave,140
snow,weekend,no_snow,Navy Pier,15595
snow,weekend,no_snow,New St & Illinois St,6267
snow,weekend,no_snow,Newcastle Ave & Irving Park Rd,14
snow,weekend,no_snow,Noble St & Milwaukee Ave,1844
snow,weekend,no_snow,Noble St & Ohio St,526
snow,weekend,no_snow,Noble St & Potomac Ave,51
snow,weekend,no_snow,Nordica Ave & Medill Ave,29
snow,weekend,no_snow,Normal Ave & Archer Ave,234
snow,weekend,no_snow,North Ave & New England Ave,23
snow,weekend,no_snow,North Boundary Park,183
snow,weekend,no_snow,Oak Park & Wellington,36
snow,weekend,no_snow,Oakley Ave & Irving Park Rd,585
snow,weekend,no_snow,Oakley Ave & Lyndale St,54
snow,weekend,no_snow,Oakley Ave & Touhy Ave,172
snow,weekend,no_snow,Oconto Ave & Belmont Ave,27
snow,weekend,no_snow,Ogden Ave & Chicago Ave,2717
snow,weekend,no_snow,Ogden Ave & Congress Pkwy,708
snow,weekend,no_snow,Ogden Ave & Race Ave,2059
snow,weekend,no_snow,Ogden Ave & Roosevelt Rd,295
snow,weekend,no_snow,Oglesby Ave & 100th St,42
snow,weekend,no_snow,Oketo Ave & Addison St,25
snow,weekend,no_snow,Olive Harvey College,1
snow,weekend,no_snow,Orange Ave & Addison St,34
snow,weekend,no_snow,Oriole Ave & Irving Park Rd,17
snow,weekend,no_snow,Orleans St & Chestnut St (NEXT Apts),1709
snow,weekend,no_snow,Orleans St & Elm St,1279
snow,weekend,no_snow,Orleans St & Hubbard St,1835
snow,weekend,no_snow,Orleans St & Merchandise Mart Plaza,3011
snow,weekend,no_snow,Overhill Ave & Belmont Ave,31
snow,weekend,no_snow,Panama Ave & Grace St,23
snow,weekend,no_snow,Parkside Ave & Armitage Ave,6
snow,weekend,no_snow,Parnell Ave & 127th St,3
snow,weekend,no_snow,Parnell Ave & 31st St,89
snow,weekend,no_snow,Paulina Ave & 87th St,16
snow,weekend,no_snow,Paulina Ave & North Ave,1873
snow,weekend,no_snow,Paulina St & 18th St,1195
snow,weekend,no_snow,Paulina St & Adams St,111
snow,weekend,no_snow,Paulina St & Cortland St,217
snow,weekend,no_snow,Paulina St & Division St,384
snow,weekend,no_snow,Paulina St & Flournoy St,909
snow,weekend,no_snow,Paulina St & Howard St,477
snow,weekend,no_snow,Paulina St & Montrose Ave,1370
snow,weekend,no_snow,Peoria St & Jackson Blvd,2690
snow,weekend,no_snow,Peoria St & Kinzie St,506
snow,weekend,no_snow,Perry Ave & 69th St,46
snow,weekend,no_snow,Pershing Rd & Sacramento Ave,49
snow,weekend,no_snow,Peterson/Ridge Metra,605
snow,weekend,no_snow,Phillips Ave & 79th St,21
snow,weekend,no_snow,Phillips Ave & 83rd St,20
snow,weekend,no_snow,Pine Ave & Division St,50
snow,weekend,no_snow,Pine Grove Ave & Irving Park Rd,4328
snow,weekend,no_snow,Pine Grove Ave & Waveland Ave,5314
snow,weekend,no_snow,Pine Grove Ave & Wellington Ave,183
snow,weekend,no_snow,Ping Tom Park (East),202
snow,weekend,no_snow,Plainfield & Irving Park,2
snow,weekend,no_snow,Portage Park,125
snow,weekend,no_snow,Prairie Ave & 43rd St,163
snow,weekend,no_snow,Prairie Ave & Garfield Blvd,277
snow,weekend,no_snow,Princeton Ave & 47th St,116
snow,weekend,no_snow,Princeton Ave & 95th St,12
snow,weekend,no_snow,Princeton Ave & Garfield Blvd,101
snow,weekend,no_snow,Prospect Sq & 91st St,71
snow,weekend,no_snow,Public Rack - 10101 S Stony Island Ave,1
snow,weekend,no_snow,Public Rack - 10557 S Western Ave,2
snow,weekend,no_snow,Public Rack - 111th St - Morgan Park Metra,1
snow,weekend,no_snow,Public Rack - 4810 Keeler Ave,1
snow,weekend,no_snow,Public Rack - 532 E 43rd St,14
snow,weekend,no_snow,Public Rack - 61st St & Melvina Ave,1
snow,weekend,no_snow,Public Rack - 63rd Pl & Narraganssett Ave,6
snow,weekend,no_snow,Public Rack - 63rd St & Meade Ave,1
snow,weekend,no_snow,Public Rack - 63rd St and Nagle Ave,5
snow,weekend,no_snow,Public Rack - 63rd St and Natoma Ave,3
snow,weekend,no_snow,Public Rack - 82nd st & Kedzie Ave,1
snow,weekend,no_snow,Public Rack - 83rd Pl & Kedzie Ave N,1
snow,weekend,no_snow,Public Rack - 83rd Pl & Kedzie Ave S,1
snow,weekend,no_snow,Public Rack - 83rd St (Avalon Park) Metra,2
snow,weekend,no_snow,Public Rack - 85th Pl & Pulaski Rd,3
snow,weekend,no_snow,Public Rack - Abbott Park,1
snow,weekend,no_snow,Public Rack - Aida Food Market,1
snow,weekend,no_snow,Public Rack - Al Raby School,4
snow,weekend,no_snow,Public Rack - Albany Ave & 103rd St,1
snow,weekend,no_snow,Public Rack - Albany Ave & 63rd St,1
snow,weekend,no_snow,Public Rack - Artesian & 71st,1
snow,weekend,no_snow,Public Rack - Ashburn Metra,1
snow,weekend,no_snow,Public Rack - Ashland Ave & 45th St,1
snow,weekend,no_snow,Public Rack - Ashland Ave & 45th St  S,1
snow,weekend,no_snow,Public Rack - Ashland Ave & 46th St,1
snow,weekend,no_snow,Public Rack - Ashland Ave & 63rd St,1
snow,weekend,no_snow,Public Rack - Ashland Ave & 71st St,5
snow,weekend,no_snow,Public Rack - Ashland Ave & 76th St,2
snow,weekend,no_snow,Public Rack - Ashland Ave & 83rd St,28
snow,weekend,no_snow,Public Rack - Austin & 62nd,1
snow,weekend,no_snow,Public Rack - Austin Ave & Archer Ave,1
snow,weekend,no_snow,Public Rack - Austin Ave & Roscoe St,5
snow,weekend,no_snow,Public Rack - Austin Ave & Wrightwood Ave,1
snow,weekend,no_snow,Public Rack - Austin Blvd & North Ave,31
snow,weekend,no_snow,Public Rack - Ave N & 106th St,2
snow,weekend,no_snow,Public Rack - Avenue J & 112th St,2
snow,weekend,no_snow,Public Rack - Avers & Granville,2
snow,weekend,no_snow,Public Rack - Avers & Lawrence,14
snow,weekend,no_snow,Public Rack - Avers Ave & Irving Park Rd,37
snow,weekend,no_snow,Public Rack - Avers Ave & Ogden Ave,3
snow,weekend,no_snow,Public Rack - Avondale Ave & Addison St,5
snow,weekend,no_snow,Public Rack - Baltimore Ave & 132nd St,1
snow,weekend,no_snow,Public Rack - Baltimore Ave & 134th St,1
snow,weekend,no_snow,Public Rack - Bell Ave & 95th St,1
snow,weekend,no_snow,Public Rack - Bensley Ave & 103rd St,2
snow,weekend,no_snow,Public Rack - Bernard St & Foster Ave,13
snow,weekend,no_snow,Public Rack - Bishop St & 46th St,2
snow,weekend,no_snow,Public Rack - Bradley Park,1
snow,weekend,no_snow,Public Rack - Brandon Ave & 91st St,1
snow,weekend,no_snow,Public Rack - Brooks Park,2
snow,weekend,no_snow,Public Rack - Bryn Mawr Ave & Milwaukee Ave,1
snow,weekend,no_snow,Public Rack - Bryn Mawr Ave & Spaulding Ave,8
snow,weekend,no_snow,Public Rack - Buffalo Ave & 133rd St,1
snow,weekend,no_snow,Public Rack - Buffalo Ave & 89th St,1
snow,weekend,no_snow,Public Rack - Burnside Academy,1
snow,weekend,no_snow,Public Rack - California & 71st,2
snow,weekend,no_snow,Public Rack - California & 82nd,1
snow,weekend,no_snow,Public Rack - California & 87th,2
snow,weekend,no_snow,Public Rack - California Ave & Cortez St,85
snow,weekend,no_snow,Public Rack - California Ave & Devon Ave - NE,10
snow,weekend,no_snow,Public Rack - California Ave & Devon Ave - NW,4
snow,weekend,no_snow,Public Rack - California Ave & Ogden Ave,24
snow,weekend,no_snow,Public Rack - California Ave & Pershing Rd,8
snow,weekend,no_snow,Public Rack - California Ave & Touhy Ave - midblock,1
snow,weekend,no_snow,Public Rack - Calumet Ave & 51st St,7
snow,weekend,no_snow,Public Rack - Calumet Ave & 71st St,1
snow,weekend,no_snow,Public Rack - Campbell Ave & Pratt Blvd,18
snow,weekend,no_snow,Public Rack - Canfield & Victoria,3
snow,weekend,no_snow,Public Rack - Central & Berteau,3
snow,weekend,no_snow,Public Rack - Central & Leland,4
snow,weekend,no_snow,Public Rack - Central & Prescott,2
snow,weekend,no_snow,Public Rack - Central Ave & Corcoran Pl,2
snow,weekend,no_snow,Public Rack - Central Ave & George St,1
snow,weekend,no_snow,Public Rack - Central Ave & Lawrence Ave,21
snow,weekend,no_snow,Public Rack - Central Ave & North Ave,4
snow,weekend,no_snow,Public Rack - Central Ave & Pensacola Ave,4
snow,weekend,no_snow,Public Rack - Central Park & Bryn Mawr,2
snow,weekend,no_snow,Public Rack - Central Park & Peterson,4
snow,weekend,no_snow,Public Rack - Central Park Ave & 16th St,1
snow,weekend,no_snow,Public Rack - Central Park Ave & Fillmore St,3
snow,weekend,no_snow,Public Rack - Central Park Ave & Fulton Blvd,5
snow,weekend,no_snow,Public Rack - Champlain Ave & 134th St,1
snow,weekend,no_snow,Public Rack - Champlain Ave & 65th St,9
snow,weekend,no_snow,Public Rack - Chappel Ave & 71st St,4
snow,weekend,no_snow,Public Rack - Chase Ave & Touhy Ave - NE,3
snow,weekend,no_snow,Public Rack - Chopin Park,5
snow,weekend,no_snow,Public Rack - Christiana & Lincoln,7
snow,weekend,no_snow,Public Rack - Christiana Ave & 55th St,1
snow,weekend,no_snow,Public Rack - Christiana Ave & Belmont Ave,88
snow,weekend,no_snow,Public Rack - Christiana Ave & Bryn Mawr Ave,7
snow,weekend,no_snow,Public Rack - Christiana Ave & Lawrence Ave,7
snow,weekend,no_snow,Public Rack - Cicero & 64th,4
snow,weekend,no_snow,Public Rack - Cicero Ave & Belle Plaine Ave,41
snow,weekend,no_snow,Public Rack - Cicero Ave & North Ave,3
snow,weekend,no_snow,Public Rack - Cicero Ave & Roscoe St,3
snow,weekend,no_snow,Public Rack - Cicero Ave & Wrightwood Ave,3
snow,weekend,no_snow,Public Rack - Claremont Ave & 71st St,1
snow,weekend,no_snow,Public Rack - Clyde Ave & 87th St,1
snow,weekend,no_snow,Public Rack - Columbus & 79th,1
snow,weekend,no_snow,Public Rack - Commercial Ave & 89th St,1
snow,weekend,no_snow,Public Rack - Corliss Ave & 133rd St,1
snow,weekend,no_snow,Public Rack - Cornell Ave & 87th Pl,1
snow,weekend,no_snow,Public Rack - Cottage Grove & 84th St,2
snow,weekend,no_snow,Public Rack - Cottage Grove & 85th St,2
snow,weekend,no_snow,Public Rack - Cottage Grove & 86th St,3
snow,weekend,no_snow,Public Rack - Cottage Grove Ave & 87th St,2
snow,weekend,no_snow,Public Rack - Cottage Grove Ave & 89th Pl,1
snow,weekend,no_snow,Public Rack - Cottage Grove Ave & 91st St,1
snow,weekend,no_snow,Public Rack - Cottage Grove Ave & 92nd St,2
snow,weekend,no_snow,Public Rack - Cottage Grove Ave & 98th St,1
snow,weekend,no_snow,Public Rack - Cumberland & Catherine,2
snow,weekend,no_snow,Public Rack - Damen & 87th,1
snow,weekend,no_snow,Public Rack - Damen Ave & 47th St,2
snow,weekend,no_snow,Public Rack - Delphina & Foster,15
snow,weekend,no_snow,Public Rack - Devon Ave & Central Ave,2
snow,weekend,no_snow,Public Rack - Devon Ave & Kinzua Ave,1
snow,weekend,no_snow,Public Rack - Division St & Christiana Ave,2
snow,weekend,no_snow,Public Rack - Drake Ave & Leland Ave,23
snow,weekend,no_snow,Public Rack - Drexel Ave & 87th St,1
snow,weekend,no_snow,Public Rack - Eberhart Ave & 131st St,1
snow,weekend,no_snow,Public Rack - Eberhart Ave & 61st St,2
snow,weekend,no_snow,Public Rack - Eli Whitney Public School,3
snow,weekend,no_snow,Public Rack - Ellis Ave & 132nd Pl,1
snow,weekend,no_snow,Public Rack - Ellis Ave & Doty Ave,1
snow,weekend,no_snow,Public Rack - Elston Ave & Gunnison St,4
snow,weekend,no_snow,Public Rack - Elston Ave & Kenneth Ave,2
snow,weekend,no_snow,Public Rack - Emerald Ave & 43rd St,40
snow,weekend,no_snow,Public Rack - Emerald Ave & 45th St,4
snow,weekend,no_snow,Public Rack - Emil G Hirch Metropolitan High School,1
snow,weekend,no_snow,Public Rack - Evans Ave & 63rd St,9
snow,weekend,no_snow,Public Rack - Ewing Ave & 106th St NW,1
snow,weekend,no_snow,Public Rack - Ewing Ave & 95th St,2
snow,weekend,no_snow,Public Rack - Ewing Ave & Indianapolis Ave,1
snow,weekend,no_snow,Public Rack - Exchange Ave & 131st St,1
snow,weekend,no_snow,Public Rack - Exchange Ave & 73rd Pl,3
snow,weekend,no_snow,Public Rack - Fairfield Ave & 63rd St,1
snow,weekend,no_snow,Public Rack - Ford City Mall,2
snow,weekend,no_snow,Public Rack - Forest Glen & Peterson,5
snow,weekend,no_snow,Public Rack - Forest Glen Station,8
snow,weekend,no_snow,Public Rack - Forrestville Ave & 47th St,4
snow,weekend,no_snow,Public Rack - Foster Ave & Drake Ave,1
snow,weekend,no_snow,Public Rack - Fullerton Ave & Narragansett Ave,10
snow,weekend,no_snow,Public Rack - Garfield Park Conservatory,25
snow,weekend,no_snow,Public Rack - Green St & 103rd St,2
snow,weekend,no_snow,Public Rack - Greenwood Ave & 87th St,1
snow,weekend,no_snow,Public Rack - Greenwood Ave & Lake Park Ave,11
snow,weekend,no_snow,Public Rack - Haft Ave & Milwaukee Ave,4
snow,weekend,no_snow,Public Rack - Hale Ave & 111th St,1
snow,weekend,no_snow,Public Rack - Halsted St & 41st St,3
snow,weekend,no_snow,Public Rack - Halsted St & 63rd St,1
snow,weekend,no_snow,Public Rack - Halsted St & 76th St,2
snow,weekend,no_snow,Public Rack - Halsted St & 95th St - SE,6
snow,weekend,no_snow,Public Rack - Halsted St & 95th St - SW,5
snow,weekend,no_snow,Public Rack - Hamilton Ave & 95th St,1
snow,weekend,no_snow,Public Rack - Hamilton Park,1
snow,weekend,no_snow,Public Rack - Hamlin & 72nd,1
snow,weekend,no_snow,Public Rack - Hamlin Ave & Chicago Ave,1
snow,weekend,no_snow,Public Rack - Hamlin Ave & Fullerton Ave,34
snow,weekend,no_snow,Public Rack - Hamlin Ave & Madison St,2
snow,weekend,no_snow,Public Rack - Hamlin Ave & Montrose Ave,88
snow,weekend,no_snow,Public Rack - Harlem & Palatine,6
snow,weekend,no_snow,Public Rack - Harlem & Summerdale,3
snow,weekend,no_snow,Public Rack - Harlem and W. 59th,1
snow,weekend,no_snow,Public Rack - Harold Washington Park,54
snow,weekend,no_snow,Public Rack - Harper Ave & 63rd St,4
snow,weekend,no_snow,Public Rack - Harvard Ave & 119th St,1
snow,weekend,no_snow,Public Rack - Harvey Ave & North Ave,1
snow,weekend,no_snow,Public Rack - Hiawatha & Mendota,6
snow,weekend,no_snow,Public Rack - Hiawatha Ave & Minnehaha Ave,2
snow,weekend,no_snow,Public Rack - Hiawatha Park,1
snow,weekend,no_snow,Public Rack - Holbrook St & Milwaukee Ave,2
snow,weekend,no_snow,Public Rack - Hollywood Park,31
snow,weekend,no_snow,Public Rack - Homan & 77th,1
snow,weekend,no_snow,Public Rack - Homan & 79th,1
snow,weekend,no_snow,Public Rack - Homan Ave & Lake St,9
snow,weekend,no_snow,Public Rack - Homewood Ave & Monterey Ave,1
snow,weekend,no_snow,Public Rack - Houston Ave & 130th St,1
snow,weekend,no_snow,Public Rack - Houston Ave & 131st St,4
snow,weekend,no_snow,Public Rack - Houston Ave & 91st St,11
snow,weekend,no_snow,Public Rack - Hoyne Ave & 110th Pl,2
snow,weekend,no_snow,Public Rack - Hyde Park Blvd & 53rd St,77
snow,weekend,no_snow,Public Rack - Hyde Park Blvd & 55th St,129
snow,weekend,no_snow,Public Rack - Imlay & Milwaukee,2
snow,weekend,no_snow,Public Rack - Independence Blvd & Roosevelt,11
snow,weekend,no_snow,Public Rack - Indiana Ave & 111th St,2
snow,weekend,no_snow,Public Rack - Ingleside Ave & 79th St,1
snow,weekend,no_snow,Public Rack - Irving Park Rd & Austin Ave,5
snow,weekend,no_snow,Public Rack - Irving Park Rd & Leclaire Ave,15
snow,weekend,no_snow,Public Rack - Irving Park Rd & Melvina Ave,1
snow,weekend,no_snow,Public Rack - Irving Park Rd & Menard Ave,2
snow,weekend,no_snow,Public Rack - Jeffery Blvd & 67th St,4
snow,weekend,no_snow,Public Rack - Jeffery Blvd & 83rd St,3
snow,weekend,no_snow,Public Rack - Jeffrey Blvd & 71st St,7
snow,weekend,no_snow,Public Rack - Jensen Park,41
snow,weekend,no_snow,Public Rack - Jonathan Y Scammon Public School,72
snow,weekend,no_snow,Public Rack - Justine St & 87th St,34
snow,weekend,no_snow,Public Rack - Karlov Ave & 26th St,1
snow,weekend,no_snow,Public Rack - Karlov Ave & Kamerling Ave,17
snow,weekend,no_snow,Public Rack - Karlov Ave & Lawrence Ave,6
snow,weekend,no_snow,Public Rack - Karlov Ave & Milwaukee Ave,35
snow,weekend,no_snow,Public Rack - Keating & Peterson,32
snow,weekend,no_snow,Public Rack - Kedvale Ave & 63rd St E,1
snow,weekend,no_snow,Public Rack - Kedvale Ave & 63rd St W,19
snow,weekend,no_snow,Public Rack - Kedvale Ave & Avondale Ave,3
snow,weekend,no_snow,Public Rack - Kedzie & 71st,1
snow,weekend,no_snow,Public Rack - Kedzie & 73rd,1
snow,weekend,no_snow,Public Rack - Kedzie Ave & 54th St - SE,2
snow,weekend,no_snow,Public Rack - Kedzie Ave & 58th St,5
snow,weekend,no_snow,Public Rack - Kedzie Ave & 61st Pl W,2
snow,weekend,no_snow,Public Rack - Kedzie Ave & 64th St - SE,4
snow,weekend,no_snow,Public Rack - Kedzie Ave & 64th St - SW,9
snow,weekend,no_snow,Public Rack - Kedzie Ave & 83rd St,1
snow,weekend,no_snow,Public Rack - Kedzie Ave & Argyle St,123
snow,weekend,no_snow,Public Rack - Kedzie Ave & Arthington St,2
snow,weekend,no_snow,Public Rack - Kedzie Ave & Chicago Ave,11
snow,weekend,no_snow,Public Rack - Kedzie Ave & Pershing Rd,1
snow,weekend,no_snow,Public Rack - Kedzie Ave & Walnut St,2
snow,weekend,no_snow,Public Rack - Keef Ave & South Chicago Ave,1
snow,weekend,no_snow,Public Rack - Kenneth & Carmen,21
snow,weekend,no_snow,Public Rack - Kenton & Lawrence,5
snow,weekend,no_snow,Public Rack - Kenton Ave & Palmer St,15
snow,weekend,no_snow,Public Rack - Keystone Ave & Irving Park Rd,31
snow,weekend,no_snow,Public Rack - Keystone Ave & North Ave,6
snow,weekend,no_snow,Public Rack - Kildare Ave & 63rd St,1
snow,weekend,no_snow,Public Rack - Kildare Ave & North Ave,6
snow,weekend,no_snow,Public Rack - Kilpatrick & Elston,5
snow,weekend,no_snow,Public Rack - Kimball & Ardmore,24
snow,weekend,no_snow,Public Rack - Kimball Ave & Carmen Ave,15
snow,weekend,no_snow,Public Rack - Kimball Ave & Lawrence Ave,26
snow,weekend,no_snow,Public Rack - Kimbark Ave & 67th St,21
snow,weekend,no_snow,Public Rack - King Dr & 83rd St,1
snow,weekend,no_snow,Public Rack - King Dr & Oakwood Blvd,6
snow,weekend,no_snow,Public Rack - Kingston Ave & 75th St,4
snow,weekend,no_snow,Public Rack - Komensky Ave & 59th St,6
snow,weekend,no_snow,Public Rack - Komensky Ave & 63rd St,2
snow,weekend,no_snow,Public Rack - Kostner & 83rd,1
snow,weekend,no_snow,Public Rack - Kostner & Bryn Mawr,7
snow,weekend,no_snow,Public Rack - Kostner & Peterson,2
snow,weekend,no_snow,Public Rack - Kostner Ave & 16th St,2
snow,weekend,no_snow,Public Rack - Kostner Ave & Armitage Ave,24
snow,weekend,no_snow,Public Rack - Kostner Ave & Diversey Ave,3
snow,weekend,no_snow,Public Rack - Kostner Ave & North Ave,5
snow,weekend,no_snow,Public Rack - Lafayette Ave & 87th St - NW,3
snow,weekend,no_snow,Public Rack - Lafayette Ave & 87th St SW,1
snow,weekend,no_snow,Public Rack - Lafayette Ave & 95th St,12
snow,weekend,no_snow,Public Rack - Laflin St &51st ST,1
snow,weekend,no_snow,Public Rack - Lake Park Ave & 44th St,1
snow,weekend,no_snow,Public Rack - Lake Shore Dr & Hayes Dr,30
snow,weekend,no_snow,Public Rack - Lamon Ave & Archer Ave,1
snow,weekend,no_snow,Public Rack - Langley Ave & 105th Pl,2
snow,weekend,no_snow,Public Rack - Langley Ave & 49th St,21
snow,weekend,no_snow,Public Rack - Langley Ave & 79th St,1
snow,weekend,no_snow,Public Rack - Langley Ave & 87th St,1
snow,weekend,no_snow,Public Rack - Langley Ave & Oakwood Blvd,8
snow,weekend,no_snow,Public Rack - Laramie Ave & Belmont Ave,11
snow,weekend,no_snow,Public Rack - Laramie Ave & Warwick Ave,2
snow,weekend,no_snow,Public Rack - Laramine Ave & Winnemac Ave,3
snow,weekend,no_snow,Public Rack - Lavergne Ave & Belle Plaine Ave,1
snow,weekend,no_snow,Public Rack - Lawndale Ave & 23rd St,2
snow,weekend,no_snow,Public Rack - Lawndale Ave & 63rd St,2
snow,weekend,no_snow,Public Rack - Lawndale Ave & Diversey Ave,51
snow,weekend,no_snow,Public Rack - Lawndale Ave & Polk St,1
snow,weekend,no_snow,Public Rack - Lawndale Ave & Roosevelt,1
snow,weekend,no_snow,Public Rack - Lawrence Ave & Kimball Ave,4
snow,weekend,no_snow,Public Rack - Leader & Caldwell,4
snow,weekend,no_snow,Public Rack - Leamington & Elston,37
snow,weekend,no_snow,Public Rack - Leclaire Ave & Division St,8
snow,weekend,no_snow,Public Rack - Legler Regional Library,1
snow,weekend,no_snow,Public Rack - Lemont Ave & Keating Ave,1
snow,weekend,no_snow,Public Rack - Linder & Elston,10
snow,weekend,no_snow,Public Rack - Linder Ave & 64th Pl,8
snow,weekend,no_snow,Public Rack - Linder Ave & Archer Ave,6
snow,weekend,no_snow,Public Rack - Lockwood & Archer,9
snow,weekend,no_snow,Public Rack - Lockwood Ave & Diversey Ave,5
snow,weekend,no_snow,Public Rack - Loomis St & 87th St,10
snow,weekend,no_snow,Public Rack - Lorel Ave & Grand Ave,7
snow,weekend,no_snow,Public Rack - Lotus Ave & Lawrence Ave,8
snow,weekend,no_snow,Public Rack - Lowe Park,2
snow,weekend,no_snow,Public Rack - Lowell Ave & Elston Ave,33
snow,weekend,no_snow,Public Rack - Lynch & Elston,2
snow,weekend,no_snow,Public Rack - Mango & Higgins,31
snow,weekend,no_snow,Public Rack - Maplewood Ave & 63rd St,1
snow,weekend,no_snow,Public Rack - Marquette Rd & 67th St,7
snow,weekend,no_snow,Public Rack - Marshfield Ave & 45th St,1
snow,weekend,no_snow,Public Rack - Martin Luther King Dr & 44th St,1
snow,weekend,no_snow,Public Rack - Martin Luther King Dr & 69th St,2
snow,weekend,no_snow,Public Rack - Maryland Ave & 87th ST,1
snow,weekend,no_snow,Public Rack - Mason & Archer,1
snow,weekend,no_snow,Public Rack - Mason Ave & Archer Ave,1
snow,weekend,no_snow,Public Rack - Mason Ave & Milwaukee Ave,2
snow,weekend,no_snow,Public Rack - Mason Ave & Roosevelt Rd,2
snow,weekend,no_snow,Public Rack - McVicker Ave & Grand Ave,1
snow,weekend,no_snow,Public Rack - Melvina & Foster,7
snow,weekend,no_snow,Public Rack - Melvina Ave & Belmont Ave,1
snow,weekend,no_snow,Public Rack - Melvina Ave & Montrose Ave,2
snow,weekend,no_snow,Public Rack - Menard Ave & Adams Blvd,1
snow,weekend,no_snow,Public Rack - Menard Ave & Belmont Ave,2
snow,weekend,no_snow,Public Rack - Menard Ave & Dakin St - midblock,9
snow,weekend,no_snow,Public Rack - Menard Ave & Grand Ave,5
snow,weekend,no_snow,Public Rack - Michigan Ave & 113th St,2
snow,weekend,no_snow,Public Rack - Michigan Ave & 119th St,4
snow,weekend,no_snow,Public Rack - Michigan Ave & 67th St,1
snow,weekend,no_snow,Public Rack - Michigan Ave & 96th St,1
snow,weekend,no_snow,Public Rack - Midway Orange Line,2
snow,weekend,no_snow,Public Rack - Milwaukee Ave & Addison St,7
snow,weekend,no_snow,Public Rack - Milwaukee Ave & Catalpa Ave,6
snow,weekend,no_snow,Public Rack - Milwaukee Ave & Culyer Ave,20
snow,weekend,no_snow,Public Rack - Milwaukee Ave & Diversey Ave,93
snow,weekend,no_snow,Public Rack - Milwaukee Ave & Haussen Ct,76
snow,weekend,no_snow,Public Rack - Milwaukee Ave & Higgins Ave,10
snow,weekend,no_snow,Public Rack - Milwaukee Ave & Kennedy Expy,18
snow,weekend,no_snow,Public Rack - Milwaukee Ave & Lawrence Ave,3
snow,weekend,no_snow,Public Rack - Milwaukee Ave & Leland Ave,11
snow,weekend,no_snow,Public Rack - Milwaukee Ave & Pensacola Ave,15
snow,weekend,no_snow,Public Rack - Milwaukee Ave & School St,13
snow,weekend,no_snow,Public Rack - Milwaukee Ave & Sunnyside Ave,3
snow,weekend,no_snow,Public Rack - Milwaukee Ave & Warner Ave,4
snow,weekend,no_snow,Public Rack - Milwaukee Ave & Waveland Ave,2
snow,weekend,no_snow,Public Rack - Minuteman Park,16
snow,weekend,no_snow,Public Rack - Mont Clare Ave & Higgins Ave,9
snow,weekend,no_snow,Public Rack - Monticello & Lawrence,6
snow,weekend,no_snow,Public Rack - Monticello Ave & Belmont Ave,99
snow,weekend,no_snow,Public Rack - Montrose Ave & Lavergne Ave,6
snow,weekend,no_snow,Public Rack - Mozart & 79th,1
snow,weekend,no_snow,Public Rack - Mozart Elementary School,6
snow,weekend,no_snow,Public Rack - Mulligan & Northwest Hwy,8
snow,weekend,no_snow,Public Rack - Mulligan Ave & 56th St,2
snow,weekend,no_snow,Public Rack - N Narragansett Ave & Grand Ave,1
snow,weekend,no_snow,Public Rack - N. Oakview and W. Gregory St,9
snow,weekend,no_snow,Public Rack - Nagel & Higgins,17
snow,weekend,no_snow,Public Rack - Narragansett Ave & Fullerton Ave,9
snow,weekend,no_snow,Public Rack - Nashotah & Northwest Hwy,24
snow,weekend,no_snow,Public Rack - Natoma Ave & 61st St,6
snow,weekend,no_snow,Public Rack - Natoma Ave & Bryn Mawr Ave,7
snow,weekend,no_snow,Public Rack - Neenah & Archer,2
snow,weekend,no_snow,Public Rack - Neola & Northwest Hwy,2
snow,weekend,no_snow,Public Rack - Neva & Foster,2
snow,weekend,no_snow,Public Rack - Neva Ave & Grand Ave,2
snow,weekend,no_snow,Public Rack - Newcastle & Archer,1
snow,weekend,no_snow,Public Rack - Newcastle Ave & Belden Ave,1
snow,weekend,no_snow,Public Rack - Newcastle Ave & Belmont Ave,2
snow,weekend,no_snow,Public Rack - Nordica & Archer,4
snow,weekend,no_snow,Public Rack - Nordica Ave & Addison St,1
snow,weekend,no_snow,Public Rack - Nordica Ave & Higgins Ave,2
snow,weekend,no_snow,Public Rack - Normal Ave & 72nd St,1
snow,weekend,no_snow,Public Rack - Normal Blvd & 61st Pl,2
snow,weekend,no_snow,Public Rack - Northwest Hwy & Bryn Mawr,4
snow,weekend,no_snow,Public Rack - Northwest Hwy & Neva Ave,6
snow,weekend,no_snow,Public Rack - Norwood Park,4
snow,weekend,no_snow,Public Rack - Norwood Park Station,6
snow,weekend,no_snow,Public Rack - Oak Park & Higgins,9
snow,weekend,no_snow,Public Rack - Oak Park Ave & Foster Ave,4
snow,weekend,no_snow,Public Rack - Oakley & 79th Pl,1
snow,weekend,no_snow,Public Rack - Octavia Ave & Touhy Ave,6
snow,weekend,no_snow,Public Rack - Odell & Talcott,4
snow,weekend,no_snow,Public Rack - Oglesby Ave & 95th St,2
snow,weekend,no_snow,Public Rack - Oketo & Northwest Hwy,4
snow,weekend,no_snow,Public Rack - Oketo & Talcott,6
snow,weekend,no_snow,Public Rack - Olmstead Ave & Oliphant Ave,16
snow,weekend,no_snow,Public Rack - Orville T Bright School,1
snow,weekend,no_snow,Public Rack - Osceola Ave & Touhy Ave,4
snow,weekend,no_snow,Public Rack - Ottowa Ave & Touhy Ave,7
snow,weekend,no_snow,Public Rack - Overhill Ave & Touhy Ave,4
snow,weekend,no_snow,Public Rack - Ozanam Ave & Devon Ave,1
snow,weekend,no_snow,Public Rack - Ozark Ave & Addison St,2
snow,weekend,no_snow,Public Rack - Ozman & Talcott,3
snow,weekend,no_snow,Public Rack - Parkside & 63rd,5
snow,weekend,no_snow,Public Rack - Parkside & Archer,1
snow,weekend,no_snow,Public Rack - Penn Elementary School / KIPP Ascend Middle School,18
snow,weekend,no_snow,Public Rack - Peoria St & 60th St,1
snow,weekend,no_snow,Public Rack - Peterson Ave & Drake Ave,16
snow,weekend,no_snow,Public Rack - Peterson Ave & Milwaukee Ave,2
snow,weekend,no_snow,Public Rack - Peterson Park,14
snow,weekend,no_snow,Public Rack - Plainfield Ave & Irving Park Rd,4
snow,weekend,no_snow,Public Rack - Prairie Ave & 47th St,26
snow,weekend,no_snow,Public Rack - Prairie Ave & 78th St,1
snow,weekend,no_snow,Public Rack - Prairie Ave & 85th St,1
snow,weekend,no_snow,Public Rack - Prairie Ave & Garfield Blvd N,9
snow,weekend,no_snow,Public Rack - Prairie Ave & Garfield Blvd S,4
snow,weekend,no_snow,Public Rack - Pulaski & 52nd,1
snow,weekend,no_snow,Public Rack - Pulaski & 74th,1
snow,weekend,no_snow,Public Rack - Pulaski & 84th,3
snow,weekend,no_snow,Public Rack - Pulaski & Ardmore,7
snow,weekend,no_snow,Public Rack - Pulaski & Rosemont,13
snow,weekend,no_snow,Public Rack - Pulaski Rd & 15th St,1
snow,weekend,no_snow,Public Rack - Pulaski Rd & 44th St,18
snow,weekend,no_snow,Public Rack - Pulaski Rd & 65th St,4
snow,weekend,no_snow,Public Rack - Pulaski Rd & 83rd St,1
snow,weekend,no_snow,Public Rack - Pulaski Rd & 85th St,2
snow,weekend,no_snow,Public Rack - Pulaski Rd & Armitage Ave,10
snow,weekend,no_snow,Public Rack - Pulaski Rd & Flournoy St,1
snow,weekend,no_snow,Public Rack - Pulaski Rd & Fullerton Ave,5
snow,weekend,no_snow,Public Rack - Pulaski Rd & Lake St,1
snow,weekend,no_snow,Public Rack - Pulaski Rd & Lexington St,1
snow,weekend,no_snow,Public Rack - Pulaski Rd & Roosevelt Rd,2
snow,weekend,no_snow,Public Rack - Pullman - Planet Fitness,3
snow,weekend,no_snow,Public Rack - Pullman - Ross Dress for Less,1
snow,weekend,no_snow,Public Rack - Pullman Community Center,1
snow,weekend,no_snow,Public Rack - Racine Ave & 74th St,2
snow,weekend,no_snow,Public Rack - Racine Ave & 83rd St,1
snow,weekend,no_snow,Public Rack - Rhodes Ave & 79th St,1
snow,weekend,no_snow,Public Rack - Richard Daley College,3
snow,weekend,no_snow,Public Rack - Rockwell & 111th St,1
snow,weekend,no_snow,Public Rack - Rockwell & Division,60
snow,weekend,no_snow,Public Rack - Rockwell Ave & 71st St,2
snow,weekend,no_snow,Public Rack - Rockwell Ave & Touhy Ave,10
snow,weekend,no_snow,Public Rack - Rutherford Ave & Belmont Ave,7
snow,weekend,no_snow,Public Rack - S Menard & W 63rd,1
snow,weekend,no_snow,Public Rack - S. Kilpatrick and W. 79th,10
snow,weekend,no_snow,Public Rack - S. New England/ W. 65th,1
snow,weekend,no_snow,Public Rack - Sacramento & 71st,1
snow,weekend,no_snow,Public Rack - Sacramento Ave & Devon Ave,16
snow,weekend,no_snow,Public Rack - Sawyer Ave & 111th St,1
snow,weekend,no_snow,Public Rack - Sawyer Ave & Bryn Mawr Ave - SE,16
snow,weekend,no_snow,Public Rack - Sawyer Ave & Bryn Mawr Ave - SW,4
snow,weekend,no_snow,Public Rack - Sawyer Ave & Chicago Ave,2
snow,weekend,no_snow,Public Rack - Sawyer Ave & Lawrence Ave,13
snow,weekend,no_snow,Public Rack - Sayer & Northwest Hwy,5
snow,weekend,no_snow,Public Rack - South Shore Dr & 71st St,37
snow,weekend,no_snow,Public Rack - Spaulding Ave & 71st St,1
snow,weekend,no_snow,Public Rack - Spaulding Ave & Bryn Mawr Ave,14
snow,weekend,no_snow,Public Rack - Spaulding Ave & Evergreen Ave,68
snow,weekend,no_snow,Public Rack - Spaulding Ave & Foster Ave,2
snow,weekend,no_snow,Public Rack - Spaulding Ave & North Ave,45
snow,weekend,no_snow,Public Rack - Springfield & 71st,2
snow,weekend,no_snow,Public Rack - Springfield & 79th,3
snow,weekend,no_snow,Public Rack - Springfield Ave & Lawrence Ave,58
snow,weekend,no_snow,Public Rack - St Louis & 83rd,2
snow,weekend,no_snow,Public Rack - St Louis & Columbus,1
snow,weekend,no_snow,Public Rack - St Louis & Lincoln,6
snow,weekend,no_snow,Public Rack - St Louis Ave & Berteau Ave,12
snow,weekend,no_snow,Public Rack - St Louis Ave & Flournoy St,3
snow,weekend,no_snow,Public Rack - State ST & 42nd St,10
snow,weekend,no_snow,Public Rack - Stony Island Ave & 86th St,1
snow,weekend,no_snow,Public Rack - Talman Ave & 51st St,7
snow,weekend,no_snow,Public Rack - Talman Ave & Pershing Rd,1
snow,weekend,no_snow,Public Rack - The Montessori School of Englewood,1
snow,weekend,no_snow,Public Rack - Torrence Ave  & 106th St,2
snow,weekend,no_snow,Public Rack - Torrence Ave & 98th St,2
snow,weekend,no_snow,Public Rack - Touhy Ave & Oconto Ave,10
snow,weekend,no_snow,Public Rack - Tripp Ave & North Ave,1
snow,weekend,no_snow,Public Rack - Troy & 71st,1
snow,weekend,no_snow,Public Rack - Trumbull Ave & 111th St,3
snow,weekend,no_snow,Public Rack - Tuley (Murray) Park,1
snow,weekend,no_snow,Public Rack - Vincennes Ave & 87th St,1
snow,weekend,no_snow,Public Rack - Vincennes Ave & 95th Pl,1
snow,weekend,no_snow,Public Rack - Wabash Ave & 87th St,3
snow,weekend,no_snow,Public Rack - Walden Pkwy & 103rd St,20
snow,weekend,no_snow,Public Rack - Waller Ave & Chicago Ave,2
snow,weekend,no_snow,Public Rack - Washington Park Ct & 51st St,8
snow,weekend,no_snow,Public Rack - Washtenaw Ave & Devon Ave,62
snow,weekend,no_snow,Public Rack - Washtenaw Ave & Superior St,155
snow,weekend,no_snow,Public Rack - Wentworth Ave & 103rd St,2
snow,weekend,no_snow,Public Rack - Wentworth Ave & 79th St,2
snow,weekend,no_snow,Public Rack - West Chatham Park,1
snow,weekend,no_snow,Public Rack - Western & 74th,1
snow,weekend,no_snow,Public Rack - Western & 79th,1
snow,weekend,no_snow,Public Rack - Western & 83rd,1
snow,weekend,no_snow,Public Rack - Western Ave & 100th St,3
snow,weekend,no_snow,Public Rack - Western Ave & 105th St,1
snow,weekend,no_snow,Public Rack - Western Ave & 106th St - West,1
snow,weekend,no_snow,Public Rack - Western Ave & 107th St,1
snow,weekend,no_snow,Public Rack - Western Ave & 110th St,1
snow,weekend,no_snow,Public Rack - Western Ave & 116th St,1
snow,weekend,no_snow,Public Rack - Western Ave & 118th St,3
snow,weekend,no_snow,Public Rack - Western Ave & 47th Pl,26
snow,weekend,no_snow,Public Rack - Western Ave & 79th St,1
snow,weekend,no_snow,Public Rack - Western Ave & 92nd Pl,20
snow,weekend,no_snow,Public Rack - Western Ave & 96th St,1
snow,weekend,no_snow,Public Rack - Western Ave & Devon Ave,56
snow,weekend,no_snow,Public Rack - Western Ave & Jarvis Ave,15
snow,weekend,no_snow,Public Rack - Western Blvd & 49th St,6
snow,weekend,no_snow,Public Rack - Western Blvd & 53rd St,1
snow,weekend,no_snow,Public Rack - Whipple St & 63rd St,14
snow,weekend,no_snow,Public Rack - Wilbur Wright College South,1
snow,weekend,no_snow,Public Rack - William J Onahan Public School,5
snow,weekend,no_snow,Public Rack - Wood St & 103rd St,3
snow,weekend,no_snow,Public Rack - Wood St & 47th St,4
snow,weekend,no_snow,Public Rack - Woodlawn Ave & 63rd St N,101
snow,weekend,no_snow,Public Rack - Woodlawn Ave & 63rd St S,27
snow,weekend,no_snow,Public Rack - Wrightwood Metra Station,1
snow,weekend,no_snow,Public Rack - Yates Ave & 100th St,4
snow,weekend,no_snow,Pulaski Rd & 51st St,131
snow,weekend,no_snow,Pulaski Rd & 54th St,26
snow,weekend,no_snow,Pulaski Rd & 60th Pl,16
snow,weekend,no_snow,Pulaski Rd & 60th St,10
snow,weekend,no_snow,Pulaski Rd & 68th St,35
snow,weekend,no_snow,Pulaski Rd & 75th St,7
snow,weekend,no_snow,Pulaski Rd & 84th St,18
snow,weekend,no_snow,Pulaski Rd & Ann Lurie Pl,29
snow,weekend,no_snow,Pulaski Rd & Congress Pkwy,26
snow,weekend,no_snow,Pulaski Rd & Eddy St,147
snow,weekend,no_snow,Pulaski Rd & Lake St,20
snow,weekend,no_snow,Racine Ave & 115th St,23
snow,weekend,no_snow,Racine Ave & 13th St,226
snow,weekend,no_snow,Racine Ave & 15th St,695
snow,weekend,no_snow,Racine Ave & 18th St,1498
snow,weekend,no_snow,Racine Ave & 35th St,229
snow,weekend,no_snow,Racine Ave & 57th St,13
snow,weekend,no_snow,Racine Ave & 61st St,9
snow,weekend,no_snow,Racine Ave & 65th St,28
snow,weekend,no_snow,Racine Ave & Belmont Ave,3351
snow,weekend,no_snow,Racine Ave & Broadway,354
snow,weekend,no_snow,Racine Ave & Congress Pkwy,904
snow,weekend,no_snow,Racine Ave & Fullerton Ave,2787
snow,weekend,no_snow,Racine Ave & Garfield Blvd,16
snow,weekend,no_snow,Racine Ave & Randolph St,909
snow,weekend,no_snow,Racine Ave & Washington Blvd,1170
snow,weekend,no_snow,Racine Ave & Webster Ave,200
snow,weekend,no_snow,Racine Ave & Wrightwood Ave,1875
snow,weekend,no_snow,Racine/Eddy Corral,235
snow,weekend,no_snow,Rainbow - Beach,17
snow,weekend,no_snow,Rainbow Beach,55
snow,weekend,no_snow,Ravenswood Ave & Berteau Ave,1266
snow,weekend,no_snow,Ravenswood Ave & Irving Park Rd,1475
snow,weekend,no_snow,Ravenswood Ave & Lawrence Ave,3557
snow,weekend,no_snow,Rhodes Ave & 32nd St,921
snow,weekend,no_snow,Rhodes Ave & 71st St,3
snow,weekend,no_snow,Richmond St & 59th St,57
snow,weekend,no_snow,Richmond St & Diversey Ave,896
snow,weekend,no_snow,Richmond St & Lincoln Ave,65
snow,weekend,no_snow,Ridge Blvd & Howard St,222
snow,weekend,no_snow,Ridge Blvd & Touhy Ave,261
snow,weekend,no_snow,Ritchie Ct & Banks St,3277
snow,weekend,no_snow,Rockwell Ave & Logan Blvd,138
snow,weekend,no_snow,Rockwell St & 47th St,25
snow,weekend,no_snow,Rockwell St & 57th St,42
snow,weekend,no_snow,Rockwell St & 63rd St,10
snow,weekend,no_snow,Rockwell St & Archer Ave,130
snow,weekend,no_snow,Rockwell St & Cermak Rd,96
snow,weekend,no_snow,Rockwell St & Eastwood Ave,750
snow,weekend,no_snow,Rockwell St & Fletcher St,584
snow,weekend,no_snow,Rockwell/Irving Park Hub,61
snow,weekend,no_snow,Roscoe & Harlem,7
snow,weekend,no_snow,Rush St & Cedar St,4362
snow,weekend,no_snow,Rush St & Hubbard St,2157
snow,weekend,no_snow,Rush St & Illinois St,348
snow,weekend,no_snow,Rush St & Superior St,3203
snow,weekend,no_snow,S Aberdeen St & W 106th St,4
snow,weekend,no_snow,S Michigan Ave & E 118th St,3
snow,weekend,no_snow,SCOOTERS CLASSIC - 2132 W Hubbard ST,33
snow,weekend,no_snow,Sacramento Ave & 25th St,21
snow,weekend,no_snow,Sacramento Ave & 51st St,12
snow,weekend,no_snow,Sacramento Ave & Linden Pl,7
snow,weekend,no_snow,Sacramento Ave & Lunt Ave,82
snow,weekend,no_snow,Sacramento Ave & Lyndale St,118
snow,weekend,no_snow,Sacramento Ave & Pratt Blvd,56
snow,weekend,no_snow,Sacramento Blvd & Addison St,246
snow,weekend,no_snow,Sacramento Blvd & Franklin Blvd,83
snow,weekend,no_snow,Sacramento Blvd & Fulton Ave,111
snow,weekend,no_snow,Sacramento Blvd & Polk St,12
snow,weekend,no_snow,Sangamon St & Adams St,311
snow,weekend,no_snow,Sangamon St & Lake St,2387
snow,weekend,no_snow,Sangamon St & Washington Blvd,1881
snow,weekend,no_snow,Sawyer Ave & Fullerton Ave,6
snow,weekend,no_snow,Sawyer Ave & Irving Park Rd,341
snow,weekend,no_snow,Sayre Ave & Diversey Ave,61
snow,weekend,no_snow,Scottsdale Park,19
snow,weekend,no_snow,Sedgwick St & Chicago Ave,86
snow,weekend,no_snow,Sedgwick St & Huron St,2666
snow,weekend,no_snow,Sedgwick St & North Ave,3156
snow,weekend,no_snow,Sedgwick St & Schiller St,1013
snow,weekend,no_snow,Sedgwick St & Webster Ave,3518
snow,weekend,no_snow,Seeley Ave & Garfield Blvd,22
snow,weekend,no_snow,Seeley Ave & Roscoe St,1502
snow,weekend,no_snow,Seminary Ave & Belden Ave,240
snow,weekend,no_snow,Shabbona Park,88
snow,weekend,no_snow,Shedd Aquarium,8263
snow,weekend,no_snow,Sheffield Ave & Addison St,2415
snow,weekend,no_snow,Sheffield Ave & Fletcher St,165
snow,weekend,no_snow,Sheffield Ave & Fullerton Ave,3789
snow,weekend,no_snow,Sheffield Ave & Kingsbury St,3342
snow,weekend,no_snow,Sheffield Ave & Waveland Ave,4357
snow,weekend,no_snow,Sheffield Ave & Webster Ave,3956
snow,weekend,no_snow,Sheffield Ave & Wellington Ave,3626
snow,weekend,no_snow,Sheffield Ave & Willow St,2436
snow,weekend,no_snow,Sheffield Ave & Wrightwood Ave,4083
snow,weekend,no_snow,Sheffield/Cornelia Corral,177
snow,weekend,no_snow,Sheffield/Newport Corral,460
snow,weekend,no_snow,Sheridan Rd & Argyle St,2556
snow,weekend,no_snow,Sheridan Rd & Berwyn Ave,108
snow,weekend,no_snow,Sheridan Rd & Buena Ave,2929
snow,weekend,no_snow,Sheridan Rd & Columbia Ave,785
snow,weekend,no_snow,Sheridan Rd & Greenleaf Ave,718
snow,weekend,no_snow,Sheridan Rd & Irving Park Rd,3871
snow,weekend,no_snow,Sheridan Rd & Lawrence Ave,1630
snow,weekend,no_snow,Sheridan Rd & Loyola Ave,1134
snow,weekend,no_snow,Sheridan Rd & Montrose Ave,3815
snow,weekend,no_snow,Sheridan Rd & Noyes St (NU),1300
snow,weekend,no_snow,Shields Ave & 28th Pl,463
snow,weekend,no_snow,Shields Ave & 31st St,947
snow,weekend,no_snow,Shields Ave & 43rd St,54
snow,weekend,no_snow,Shields Ave & 57th St,6
snow,weekend,no_snow,Shore Dr & 53rd St,21
snow,weekend,no_snow,Shore Dr & 55th St,3776
snow,weekend,no_snow,Smith Park,523
snow,weekend,no_snow,South Chicago Ave & 83rd St,5
snow,weekend,no_snow,South Chicago Ave & Elliot Ave,3
snow,weekend,no_snow,South Shore Dr & 67th St,315
snow,weekend,no_snow,South Shore Dr & 71st St,479
snow,weekend,no_snow,South Shore Dr & 74th St,152
snow,weekend,no_snow,Southport Ave & Belmont Ave,2655
snow,weekend,no_snow,Southport Ave & Clark St,988
snow,weekend,no_snow,Southport Ave & Clybourn Ave,1441
snow,weekend,no_snow,Southport Ave & Grace St,106
snow,weekend,no_snow,Southport Ave & Irving Park Rd,2141
snow,weekend,no_snow,Southport Ave & Roscoe St,4740
snow,weekend,no_snow,Southport Ave & Waveland Ave,5501
snow,weekend,no_snow,Southport Ave & Wellington Ave,3673
snow,weekend,no_snow,Southport Ave & Wrightwood Ave,2699
snow,weekend,no_snow,Spaulding Ave & 16th St,38
snow,weekend,no_snow,Spaulding Ave & 63rd,28
snow,weekend,no_snow,Spaulding Ave & Armitage Ave,1436
snow,weekend,no_snow,Spaulding Ave & Division St,561
snow,weekend,no_snow,Spaulding Ave & Milwaukee Ave,9
snow,weekend,no_snow,Springfield Ave & 47th St,3
snow,weekend,no_snow,Springfield Ave & 71st St,9
snow,weekend,no_snow,Springfield Ave & 80th St,15
snow,weekend,no_snow,Springfield Ave & North Ave,125
snow,weekend,no_snow,St Clair St & Ohio St,421
snow,weekend,no_snow,St Louis Ave & 51st St,13
snow,weekend,no_snow,St Louis Ave & 59th St,46
snow,weekend,no_snow,St Louis Ave & Foster Ave,109
snow,weekend,no_snow,St Louis Ave & Norman Bobbins Pl,30
snow,weekend,no_snow,St. Clair St & Erie St,3944
snow,weekend,no_snow,St. Clair St & Erie St 1,19
snow,weekend,no_snow,St. Clair St & Erie St 2,30
snow,weekend,no_snow,St. Louis & 71st St,19
snow,weekend,no_snow,St. Louis Ave & Balmoral Ave,187
snow,weekend,no_snow,St. Louis Ave & Fullerton Ave,923
snow,weekend,no_snow,State St & 111th St,12
snow,weekend,no_snow,State St & 123rd St,1
snow,weekend,no_snow,State St & 127th St,1
snow,weekend,no_snow,State St & 19th St,799
snow,weekend,no_snow,State St & 29th St,135
snow,weekend,no_snow,State St & 33rd St,1173
snow,weekend,no_snow,State St & 35th St,589
snow,weekend,no_snow,State St & 45th St,46
snow,weekend,no_snow,State St & 54th St,37
snow,weekend,no_snow,State St & 76th St,13
snow,weekend,no_snow,State St & 79th St,41
snow,weekend,no_snow,State St & 95th St,88
snow,weekend,no_snow,State St & Chicago Ave,6733
snow,weekend,no_snow,State St & Harrison St,2018
snow,weekend,no_snow,State St & Kinzie St,3089
snow,weekend,no_snow,State St & Pearson St,1834
snow,weekend,no_snow,State St & Pershing Rd,51
snow,weekend,no_snow,State St & Randolph St,3539
snow,weekend,no_snow,State St & Van Buren St,1629
snow,weekend,no_snow,Stave St & Armitage Ave,1190
snow,weekend,no_snow,Steelworkers Park,107
snow,weekend,no_snow,Steelworkers Park (Updated),8
snow,weekend,no_snow,Stetson Ave & South Water St,2236
snow,weekend,no_snow,Stewart Ave & 123rd St,36
snow,weekend,no_snow,Stewart Ave & 63rd St,12
snow,weekend,no_snow,Stewart Ave & 83rd St,20
snow,weekend,no_snow,Stockton Dr & Wrightwood Ave,4304
snow,weekend,no_snow,Stony Island Ave & 63rd St,282
snow,weekend,no_snow,Stony Island Ave & 64th St,67
snow,weekend,no_snow,Stony Island Ave & 67th St,86
snow,weekend,no_snow,Stony Island Ave & 71st St,101
snow,weekend,no_snow,Stony Island Ave & 75th St,103
snow,weekend,no_snow,Stony Island Ave & 82nd St,15
snow,weekend,no_snow,Stony Island Ave & 90th St,17
snow,weekend,no_snow,Stony Island Ave & South Chicago Ave,3
snow,weekend,no_snow,Streeter Dr & Grand Ave,11957
snow,weekend,no_snow,Streeter Dr/Grand Ave,1337
snow,weekend,no_snow,Summit Ave & 86th St,6
snow,weekend,no_snow,Talman Ave & Addison St,1106
snow,weekend,no_snow,The Salt Shed,549
snow,weekend,no_snow,Theater on the Lake,12416
snow,weekend,no_snow,Throop St & 52nd St,17
snow,weekend,no_snow,Throop St & 99th St,10
snow,weekend,no_snow,Throop St & Taylor St,1439
snow,weekend,no_snow,Torrence Ave & 106th St,3
snow,weekend,no_snow,Torrence Ave & 126th Pl,14
snow,weekend,no_snow,Tripp Ave & 15th St,20
snow,weekend,no_snow,Tripp Ave & 31st St,26
snow,weekend,no_snow,Tripp Ave & 65th St,28
snow,weekend,no_snow,Troy Ave & 27th St,9
snow,weekend,no_snow,Troy St & Elston Ave,658
snow,weekend,no_snow,Troy St & Grace St,156
snow,weekend,no_snow,Troy St & Jackson Blvd,15
snow,weekend,no_snow,Troy St & North Ave,661
snow,weekend,no_snow,Union Ave & Root St,67
snow,weekend,no_snow,University Ave & 57th St,4241
snow,weekend,no_snow,University Ave & 59th St,931
snow,weekend,no_snow,University Ave & 65th St,128
snow,weekend,no_snow,University Library (NU),553
snow,weekend,no_snow,Valli Produce - Evanston Plaza,217
snow,weekend,no_snow,Vernon Ave & 107th St,14
snow,weekend,no_snow,Vernon Ave & 75th St,29
snow,weekend,no_snow,Vernon Ave & 79th St,28
snow,weekend,no_snow,Vincennes Ave & 104th St,19
snow,weekend,no_snow,Vincennes Ave & 107th St,18
snow,weekend,no_snow,Vincennes Ave & 75th St,4
snow,weekend,no_snow,Vincennes Ave & 79th St,28
snow,weekend,no_snow,Vincennes Ave & 95th St,36
snow,weekend,no_snow,Virginia Ave & Catalpa Ave,91
snow,weekend,no_snow,W 103rd St & S Avers Ave,18
snow,weekend,no_snow,W Armitage Ave & N Sheffield Ave,1255
snow,weekend,no_snow,W Washington Blvd & N Peoria St,210
snow,weekend,no_snow,Wabansia & Milwaukee,476
snow,weekend,no_snow,Wabash Ave & 16th St,1886
snow,weekend,no_snow,Wabash Ave & 49th St,26
snow,weekend,no_snow,Wabash Ave & 59th St,32
snow,weekend,no_snow,Wabash Ave & 83rd St,14
snow,weekend,no_snow,Wabash Ave & 87th St,60
snow,weekend,no_snow,Wabash Ave & 9th St,3500
snow,weekend,no_snow,Wabash Ave & Adams St,2240
snow,weekend,no_snow,Wabash Ave & Cermak Rd,1031
snow,weekend,no_snow,Wabash Ave & Grand Ave,6261
snow,weekend,no_snow,Wabash Ave & Jackson Blvd,59
snow,weekend,no_snow,Wabash Ave & Roosevelt Rd,5023
snow,weekend,no_snow,Wabash Ave & Wacker Pl,3248
snow,weekend,no_snow,Wabash Ave & Washington St,702
snow,weekend,no_snow,Wacker Dr & Randolph St,150
snow,weekend,no_snow,Wacker Dr & Washington St,713
snow,weekend,no_snow,Wacker Dr & Washington St Corral,25
snow,weekend,no_snow,Walden Pkwy & 100th St,54
snow,weekend,no_snow,Wallace St & 28th St,105
snow,weekend,no_snow,Wallace St & 35th St,376
snow,weekend,no_snow,Wallace St & Pershing Rd,91
snow,weekend,no_snow,Walsh Park,1642
snow,weekend,no_snow,Warren Park East,252
snow,weekend,no_snow,Warren Park West,365
snow,weekend,no_snow,Washtenaw Ave & Lawrence Ave,669
snow,weekend,no_snow,Washtenaw Ave & Ogden Ave,131
snow,weekend,no_snow,Washtenaw Ave & Peterson Ave,58
snow,weekend,no_snow,Washtenaw Ave & Polk St,61
snow,weekend,no_snow,Waveland/Racine,87
snow,weekend,no_snow,Waveland/Racine Corral,331
snow,weekend,no_snow,Waveland/Wilton Corral,44
snow,weekend,no_snow,Wellington Ave & Mulligan Ave,31
snow,weekend,no_snow,Wells St & 19th St,684
snow,weekend,no_snow,Wells St & Concord Ln,8992
snow,weekend,no_snow,Wells St & Elm St,7914
snow,weekend,no_snow,Wells St & Evergreen Ave,4280
snow,weekend,no_snow,Wells St & Hubbard St,4464
snow,weekend,no_snow,Wells St & Huron St,5912
snow,weekend,no_snow,Wells St & Institute Pl,1965
snow,weekend,no_snow,Wells St & Madison St,209
snow,weekend,no_snow,Wells St & Polk St,2736
snow,weekend,no_snow,Wells St & Randolph St,2014
snow,weekend,no_snow,Wells St & Randolph St Corral,87
snow,weekend,no_snow,Wells St & Walton St,3449
snow,weekend,no_snow,Wells St & Washington St,429
snow,weekend,no_snow,Wentworth Ave & 104th St,3
snow,weekend,no_snow,Wentworth Ave & 107th St,13
snow,weekend,no_snow,Wentworth Ave & 24th St,706
snow,weekend,no_snow,Wentworth Ave & 33rd St,545
snow,weekend,no_snow,Wentworth Ave & 35th St,568
snow,weekend,no_snow,Wentworth Ave & 63rd St,66
snow,weekend,no_snow,Wentworth Ave & 92nd St,4
snow,weekend,no_snow,Wentworth Ave & Cermak Rd,26
snow,weekend,no_snow,Wentworth Ave & Cermak Rd*,2552
snow,weekend,no_snow,Western Ave & 101st St,17
snow,weekend,no_snow,Western Ave & 104th St,27
snow,weekend,no_snow,Western Ave & 111th St,39
snow,weekend,no_snow,Western Ave & 21st St,289
snow,weekend,no_snow,Western Ave & 24th St,251
snow,weekend,no_snow,Western Ave & 28th St,43
snow,weekend,no_snow,Western Ave & 43rd St,44
snow,weekend,no_snow,Western Ave & 62nd St,15
snow,weekend,no_snow,Western Ave & 79th St,22
snow,weekend,no_snow,Western Ave & 81st St,7
snow,weekend,no_snow,Western Ave & Ardmore Ave,108
snow,weekend,no_snow,Western Ave & Berteau Ave,254
snow,weekend,no_snow,Western Ave & Congress Pkwy,449
snow,weekend,no_snow,Western Ave & Division St,1171
snow,weekend,no_snow,Western Ave & Fillmore St,609
snow,weekend,no_snow,Western Ave & Grace St,320
snow,weekend,no_snow,Western Ave & Granville Ave,329
snow,weekend,no_snow,Western Ave & Gunnison St,144
snow,weekend,no_snow,Western Ave & Howard St,271
snow,weekend,no_snow,Western Ave & Lake St,114
snow,weekend,no_snow,Western Ave & Leland Ave,1520
snow,weekend,no_snow,Western Ave & Lunt Ave,394
snow,weekend,no_snow,Western Ave & Lyndale St,136
snow,weekend,no_snow,Western Ave & Monroe St,344
snow,weekend,no_snow,Western Ave & Roscoe St,763
snow,weekend,no_snow,Western Ave & Wabansia Ave,224
snow,weekend,no_snow,Western Ave & Walton St,1552
snow,weekend,no_snow,Western Ave & Winnebago Ave,2044
snow,weekend,no_snow,Western Blvd & 48th Pl,110
snow,weekend,no_snow,Whipple St & Roosevelt Rd,12
snow,weekend,no_snow,Whipple/Irving Park,233
snow,weekend,no_snow,Wilton Ave & Addison St,1461
snow,weekend,no_snow,Wilton Ave & Belmont Ave,6495
snow,weekend,no_snow,Wilton Ave & Diversey Pkwy,2864
snow,weekend,no_snow,Wilton Ave & Diversey Pkwy*,1247
snow,weekend,no_snow,Winchester (Ravenswood) Ave & Balmoral Ave,517
snow,weekend,no_snow,Winchester Ave & Elston Ave,701
snow,weekend,no_snow,Winthrop Ave & Lawrence Ave,1805
snow,weekend,no_snow,Wolcott (Ravenswood) Ave & Montrose Ave,1667
snow,weekend,no_snow,Wolcott Ave & Fargo Ave,152
snow,weekend,no_snow,Wolcott Ave & Polk St,1086
snow,weekend,no_snow,Wood St & 33rd St,75
snow,weekend,no_snow,Wood St & 35th St,172
snow,weekend,no_snow,Wood St & 84th St,9
snow,weekend,no_snow,Wood St & Augusta Blvd,1459
snow,weekend,no_snow,Wood St & Beach Ave,900
snow,weekend,no_snow,Wood St & Chicago Ave,1769
snow,weekend,no_snow,Wood St & Cortland St,120
snow,weekend,no_snow,Wood St & Hubbard St,854
snow,weekend,no_snow,Wood St & Milwaukee Ave,2816
snow,weekend,no_snow,Wood St & Taylor St (Temp),598
snow,weekend,no_snow,Wood St & Walnut St,67
snow,weekend,no_snow,Wood St & Webster Ave,716
snow,weekend,no_snow,Woodlawn & 103rd,10
snow,weekend,no_snow,Woodlawn Ave & 55th St,2094
snow,weekend,no_snow,Woodlawn Ave & 58th St,1749
snow,weekend,no_snow,Woodlawn Ave & 75th St,12
snow,weekend,no_snow,Woodlawn Ave & Lake Park Ave,387
snow,weekend,no_snow,Yates Blvd & 75th St,33
snow,weekend,no_snow,Yates Blvd & 93rd St,17
snow,weekend,snowy,2112 W Peterson Ave,12
snow,weekend,snowy,21st St & Pulaski Rd,1
snow,weekend,snowy,63rd St Beach,3
snow,weekend,snowy,900 W Harrison St,33
snow,weekend,snowy,Aberdeen St & Carroll Ave,16
snow,weekend,snowy,Aberdeen St & Jackson Blvd,105
snow,weekend,snowy,Aberdeen St & Monroe St,39
snow,weekend,snowy,Aberdeen St & Randolph St,56
snow,weekend,snowy,Ada St & 113th Place,2
snow,weekend,snowy,Ada St & Washington Blvd,32
snow,weekend,snowy,Addison/Racine Corral,1
snow,weekend,snowy,Addison/Sheffield SW Corral,1
snow,weekend,snowy,Addison/Wilton Corral,2
snow,weekend,snowy,Adler Planetarium,20
snow,weekend,snowy,Albany Ave & 26th St,3
snow,weekend,snowy,Albany Ave & Belmont Ave,1
snow,weekend,snowy,Albany Ave & Bloomingdale Ave,28
snow,weekend,snowy,Albany Ave & Montrose Ave,18
snow,weekend,snowy,Altgeld Gardens,1
snow,weekend,snowy,Archer & Wentworth,7
snow,weekend,snowy,Archer Ave & Wentworth Ave,4
snow,weekend,snowy,Artesian Ave & 71st St,1
snow,weekend,snowy,Artesian Ave & Hubbard St,12
snow,weekend,snowy,Artesian Ave & Marquette Rd,1
snow,weekend,snowy,Ashland Ave & 13th St,46
snow,weekend,snowy,Ashland Ave & 50th St,3
snow,weekend,snowy,Ashland Ave & 63rd St,1
snow,weekend,snowy,Ashland Ave & 66th St,1
snow,weekend,snowy,Ashland Ave & 74th St,1
snow,weekend,snowy,Ashland Ave & 78th St,1
snow,weekend,snowy,Ashland Ave & Archer Ave,2
snow,weekend,snowy,Ashland Ave & Augusta Blvd,21
snow,weekend,snowy,Ashland Ave & Belle Plaine Ave,20
snow,weekend,snowy,Ashland Ave & Blackhawk St,38
snow,weekend,snowy,Ashland Ave & Chicago Ave,51
snow,weekend,snowy,Ashland Ave & Division St,82
snow,weekend,snowy,Ashland Ave & Grace St,33
snow,weekend,snowy,Ashland Ave & Grand Ave,28
snow,weekend,snowy,Ashland Ave & Lake St,23
snow,weekend,snowy,Ashland Ave & McDowell Ave,3
snow,weekend,snowy,Ashland Ave & Pershing Rd,1
snow,weekend,snowy,Ashland Ave & Wellington Ave,44
snow,weekend,snowy,Ashland Ave & Wrightwood Ave,16
snow,weekend,snowy,Augusta Blvd & Laramie Ave,2
snow,weekend,snowy,Austin Blvd & Madison St,1
snow,weekend,snowy,Avenue O & 118th St,1
snow,weekend,snowy,Avenue O & 134th St,1
snow,weekend,snowy,Avers Ave & Belmont Ave,15
snow,weekend,snowy,Avondale Ave & Irving Park Rd,5
snow,weekend,snowy,Baltimore Ave & 133rd St,1
snow,weekend,snowy,Baltimore Ave & 87th St,1
snow,weekend,snowy,Benson Ave & Church St,41
snow,weekend,snowy,Bernard St & Elston Ave,1
snow,weekend,snowy,Bissell St & Armitage Ave*,64
snow,weekend,snowy,Blackstone Ave & 59th St,161
snow,weekend,snowy,Blackstone Ave & Hyde Park Blvd,29
snow,weekend,snowy,Blue Island Ave & 18th St,30
snow,weekend,snowy,Bosworth Ave & Howard St,4
snow,weekend,snowy,Bradley Park,1
snow,weekend,snowy,Broadway & Argyle St,47
snow,weekend,snowy,Broadway & Barry Ave,136
snow,weekend,snowy,Broadway & Belmont Ave,75
snow,weekend,snowy,Broadway & Berwyn Ave,60
snow,weekend,snowy,Broadway & Cornelia Ave,103
snow,weekend,snowy,Broadway & Cuyler Ave,4
snow,weekend,snowy,Broadway & Granville Ave,40
snow,weekend,snowy,Broadway & Oakdale Ave,11
snow,weekend,snowy,Broadway & Ridge Ave,30
snow,weekend,snowy,Broadway & Roscoe Ave,7
snow,weekend,snowy,Broadway & Sheridan Rd,99
snow,weekend,snowy,Broadway & Sunnyside Ave,14
snow,weekend,snowy,Broadway & Thorndale Ave,51
snow,weekend,snowy,Broadway & Waveland Ave,144
snow,weekend,snowy,Broadway & Wilson Ave,57
snow,weekend,snowy,Buckingham Fountain,18
snow,weekend,snowy,Budlong Woods Library,3
snow,weekend,snowy,Burley Ave & 85th St,4
snow,weekend,snowy,Burley Ave & 91st St,1
snow,weekend,snowy,Burling St & Diversey Pkwy,65
snow,weekend,snowy,Burling St & Diversey Pkwy*,10
snow,weekend,snowy,Burnham Greenway & 105th St,2
snow,weekend,snowy,Burnham Greenway & 112th St,1
snow,weekend,snowy,Burnham Harbor,17
snow,weekend,snowy,California & 16th St,2
snow,weekend,snowy,California Ave & 21st St,1
snow,weekend,snowy,California Ave & 23rd Pl,1
snow,weekend,snowy,California Ave & 26th St,1
snow,weekend,snowy,California Ave & 71st St,1
snow,weekend,snowy,California Ave & Altgeld St,20
snow,weekend,snowy,California Ave & Byron St,13
snow,weekend,snowy,California Ave & Cortez St,32
snow,weekend,snowy,California Ave & Division St,21
snow,weekend,snowy,California Ave & Fletcher St,17
snow,weekend,snowy,California Ave & Francis Pl,28
snow,weekend,snowy,California Ave & Granville Ave,10
snow,weekend,snowy,California Ave & Lake St,4
snow,weekend,snowy,California Ave & Marquette Rd,1
snow,weekend,snowy,California Ave & Milwaukee Ave,64
snow,weekend,snowy,California Ave & Montrose Ave,14
snow,weekend,snowy,California Ave & North Ave,21
snow,weekend,snowy,California Ave & Touhy Ave,1
snow,weekend,snowy,Calumet Ave & 18th St,30
snow,weekend,snowy,Calumet Ave & 21st St,14
snow,weekend,snowy,Calumet Ave & 33rd St,45
snow,weekend,snowy,Calumet Ave & 35th St,12
snow,weekend,snowy,Calumet Ave & 51st St,4
snow,weekend,snowy,Calumet Ave & 71st St,1
snow,weekend,snowy,Calumet Park,1
snow,weekend,snowy,Campbell Ave & 51st St,1
snow,weekend,snowy,Campbell Ave & Augusta Blvd,14
snow,weekend,snowy,Campbell Ave & Fullerton Ave,12
snow,weekend,snowy,Campbell Ave & Irving Park Rd,2
snow,weekend,snowy,Campbell Ave & Montrose Ave,34
snow,weekend,snowy,Campbell Ave & North Ave,33
snow,weekend,snowy,Canal St & Adams St,47
snow,weekend,snowy,Canal St & Harrison St,11
snow,weekend,snowy,Canal St & Jackson Blvd,31
snow,weekend,snowy,Canal St & Madison St,102
snow,weekend,snowy,Canal St & Monroe St,24
snow,weekend,snowy,Canal St & Taylor St,38
snow,weekend,snowy,Cannon Dr & Fullerton Ave,16
snow,weekend,snowy,Carpenter St & 63rd St,1
snow,weekend,snowy,Carpenter St & Fulton St,7
snow,weekend,snowy,Carpenter St & Huron St,17
snow,weekend,snowy,Central Ave & Altgeld St,2
snow,weekend,snowy,Central Ave & Chicago Ave,9
snow,weekend,snowy,Central Ave & Lake St,3
snow,weekend,snowy,Central Ave & Roscoe St,1
snow,weekend,snowy,Central Ave & Wellington Ave,1
snow,weekend,snowy,Central Park & Augusta Blvd,3
snow,weekend,snowy,Central Park Ave & 24th St,2
snow,weekend,snowy,Central Park Ave & 66th St,1
snow,weekend,snowy,Central Park Ave & Ardmore Ave,6
snow,weekend,snowy,Central Park Ave & Bloomingdale Ave,4
snow,weekend,snowy,Central Park Ave & Douglas Blvd,1
snow,weekend,snowy,Central Park Ave & Elbridge Ave,14
snow,weekend,snowy,Central Park Ave & North Ave,8
snow,weekend,snowy,Central Park Ave & Ogden Ave,2
snow,weekend,snowy,Central Park Ave & Ohio St,4
snow,weekend,snowy,Central Park Blvd & 5th Ave,2
snow,weekend,snowy,Central St & Girard Ave,6
snow,weekend,snowy,Central St Metra,6
snow,weekend,snowy,Cherry Ave & Blackhawk St,3
snow,weekend,snowy,Chicago Ave & Sheridan Rd,29
snow,weekend,snowy,Chicago Ave & Washington St,9
snow,weekend,snowy,Christiana Ave & Lawrence Ave,6
snow,weekend,snowy,Cicero Ave & Lake St,1
snow,weekend,snowy,Cicero Ave & Wrightwood Ave,3
snow,weekend,snowy,Cityfront Plaza Dr & Pioneer Ct,55
snow,weekend,snowy,Claremont Ave & Hirsch St,4
snow,weekend,snowy,Clarendon Ave & Gordon Ter,86
snow,weekend,snowy,Clarendon Ave & Junior Ter,75
snow,weekend,snowy,Clarendon Ave & Leland Ave,43
snow,weekend,snowy,Clark St & 9th St (AMLI),16
snow,weekend,snowy,Clark St & Arlington Pl,27
snow,weekend,snowy,Clark St & Armitage Ave,83
snow,weekend,snowy,Clark St & Berwyn Ave,95
snow,weekend,snowy,Clark St & Bryn Mawr Ave,51
snow,weekend,snowy,Clark St & Chicago Ave,90
snow,weekend,snowy,Clark St & Columbia Ave,17
snow,weekend,snowy,Clark St & Drummond Pl,79
snow,weekend,snowy,Clark St & Eddy St,13
snow,weekend,snowy,Clark St & Elm St,238
snow,weekend,snowy,Clark St & Elmdale Ave,14
snow,weekend,snowy,Clark St & Fletcher St,4
snow,weekend,snowy,Clark St & Grace St,39
snow,weekend,snowy,Clark St & Ida B Wells Dr,25
snow,weekend,snowy,Clark St & Jarvis Ave,10
snow,weekend,snowy,Clark St & Lake St,79
snow,weekend,snowy,Clark St & Leland Ave,52
snow,weekend,snowy,Clark St & Lincoln Ave,78
snow,weekend,snowy,Clark St & Lunt Ave,23
snow,weekend,snowy,Clark St & Montrose Ave,37
snow,weekend,snowy,Clark St & Newport St,104
snow,weekend,snowy,Clark St & North Ave,46
snow,weekend,snowy,Clark St & Schiller St,63
snow,weekend,snowy,Clark St & Schreiber Ave,25
snow,weekend,snowy,Clark St & Touhy Ave,15
snow,weekend,snowy,Clark St & Washington St,3
snow,weekend,snowy,Clark St & Wellington Ave,98
snow,weekend,snowy,Clark St & Winnemac Ave,84
snow,weekend,snowy,Clark St & Wrightwood Ave,121
snow,weekend,snowy,Clark/Newport Corral,1
snow,weekend,snowy,Clark/Racine Corral,1
snow,weekend,snowy,Clifton Ave & Armitage Ave,46
snow,weekend,snowy,Clinton St & 18th St,10
snow,weekend,snowy,Clinton St & Jackson Blvd,54
snow,weekend,snowy,Clinton St & Lake St,70
snow,weekend,snowy,Clinton St & Madison St,124
snow,weekend,snowy,Clinton St & Polk St,3
snow,weekend,snowy,Clinton St & Roosevelt Rd,43
snow,weekend,snowy,Clinton St & Tilden St,26
snow,weekend,snowy,Clinton St & Washington Blvd,30
snow,weekend,snowy,Clybourn Ave & Division St,48
snow,weekend,snowy,Columbus Dr & Randolph St,66
snow,weekend,snowy,Commercial Ave & 100th St,1
snow,weekend,snowy,Commercial Ave & 130th St,1
snow,weekend,snowy,Commercial Ave & 83rd St,2
snow,weekend,snowy,Commercial Ave & 90th St,1
snow,weekend,snowy,Commercial Ave & 97th St,1
snow,weekend,snowy,Conservatory Dr & Lake St,13
snow,weekend,snowy,Constance Ave & 95th St,1
snow,weekend,snowy,Cornell Ave & Hyde Park Blvd,39
snow,weekend,snowy,Cottage Grove Ave & 43rd St,2
snow,weekend,snowy,Cottage Grove Ave & 47th St,6
snow,weekend,snowy,Cottage Grove Ave & 49th St,1
snow,weekend,snowy,Cottage Grove Ave & 51st St,3
snow,weekend,snowy,Cottage Grove Ave & 63rd St,11
snow,weekend,snowy,Cottage Grove Ave & 67th St,1
snow,weekend,snowy,Cottage Grove Ave & 71st St,2
snow,weekend,snowy,Cottage Grove Ave & 83rd St,2
snow,weekend,snowy,Cottage Grove Ave & Oakwood Blvd,2
snow,weekend,snowy,Daley Center Plaza,79
snow,weekend,snowy,Damen Ave & 59th St,1
snow,weekend,snowy,Damen Ave & 74th St,1
snow,weekend,snowy,Damen Ave & 77th St,1
snow,weekend,snowy,Damen Ave & 81st St,1
snow,weekend,snowy,Damen Ave & Charleston St,35
snow,weekend,snowy,Damen Ave & Chicago Ave,48
snow,weekend,snowy,Damen Ave & Clybourn Ave,36
snow,weekend,snowy,Damen Ave & Cortland St,53
snow,weekend,snowy,Damen Ave & Cullerton St,8
snow,weekend,snowy,Damen Ave & Division St,44
snow,weekend,snowy,Damen Ave & Evergreen Ave,1
snow,weekend,snowy,Damen Ave & Foster Ave,34
snow,weekend,snowy,Damen Ave & Grand Ave,17
snow,weekend,snowy,Damen Ave & Lake St,21
snow,weekend,snowy,Damen Ave & Leland Ave,32
snow,weekend,snowy,Damen Ave & Madison St,22
snow,weekend,snowy,Damen Ave & Melrose Ave,16
snow,weekend,snowy,Damen Ave & Ohio St,6
snow,weekend,snowy,Damen Ave & Pershing Rd,1
snow,weekend,snowy,Damen Ave & Pierce Ave,61
snow,weekend,snowy,Damen Ave & St Paul Ave,5
snow,weekend,snowy,Damen Ave & Sunnyside Ave,20
snow,weekend,snowy,Damen Ave & Thomas St (Augusta Blvd),43
snow,weekend,snowy,Damen Ave & Wabansia Ave,14
snow,weekend,snowy,Damen Ave & Wellington Ave,19
snow,weekend,snowy,Damen Ave & Wicker Park Ave,13
snow,weekend,snowy,Damen Ave/Coulter St,2
snow,weekend,snowy,Dauphin Ave & 87th St,1
snow,weekend,snowy,Dayton St & North Ave,70
snow,weekend,snowy,Dearborn Pkwy & Delaware Pl,118
snow,weekend,snowy,Dearborn St & Adams St,25
snow,weekend,snowy,Dearborn St & Division St,21
snow,weekend,snowy,Dearborn St & Erie St,141
snow,weekend,snowy,Dearborn St & Madison St,7
snow,weekend,snowy,Dearborn St & Maple St,27
snow,weekend,snowy,Dearborn St & Monroe St,37
snow,weekend,snowy,Dearborn St & Van Buren St,37
snow,weekend,snowy,Dearborn St & Washington St,7
snow,weekend,snowy,Delano Ct & Roosevelt Rd,44
snow,weekend,snowy,Desplaines St & Jackson Blvd,79
snow,weekend,snowy,Desplaines St & Kinzie St,130
snow,weekend,snowy,Desplaines St & Randolph St,27
snow,weekend,snowy,Dodge Ave & Church St,5
snow,weekend,snowy,Dodge Ave & Main St,2
snow,weekend,snowy,Dodge Ave & Mulford St,7
snow,weekend,snowy,Dorchester Ave & 49th St,8
snow,weekend,snowy,Dorchester Ave & 53rd St,24
snow,weekend,snowy,Dorchester Ave & 63rd St,7
snow,weekend,snowy,Drake Ave & Addison St,9
snow,weekend,snowy,Drake Ave & Montrose Ave,10
snow,weekend,snowy,Drexel Ave & 60th St,45
snow,weekend,snowy,DuSable Lake Shore Dr & Belmont Ave,44
snow,weekend,snowy,DuSable Lake Shore Dr & Diversey Pkwy,46
snow,weekend,snowy,DuSable Lake Shore Dr & Monroe St,79
snow,weekend,snowy,DuSable Lake Shore Dr & North Blvd,45
snow,weekend,snowy,DuSable Lake Shore Dr & Wellington Ave,47
snow,weekend,snowy,DuSable Museum,2
snow,weekend,snowy,Dusable Harbor,25
snow,weekend,snowy,East End Ave & 87th St,1
snow,weekend,snowy,Eastlake Ter & Howard St,4
snow,weekend,snowy,Eberhart Ave & 131st St,1
snow,weekend,snowy,Eberhart Ave & 61st St,1
snow,weekend,snowy,Eberhart Ave & 91st St,1
snow,weekend,snowy,Eckhart Park,40
snow,weekend,snowy,Eddy/Seminary Corral,1
snow,weekend,snowy,Edgebrook Metra,1
snow,weekend,snowy,Eggleston Ave & 69th St,1
snow,weekend,snowy,Elizabeth St & 47th St,1
snow,weekend,snowy,Elizabeth St & Fulton St,13
snow,weekend,snowy,Elizabeth St & Randolph St,66
snow,weekend,snowy,Ellis Ave & 53rd St,48
snow,weekend,snowy,Ellis Ave & 55th St,196
snow,weekend,snowy,Ellis Ave & 58th St,50
snow,weekend,snowy,Ellis Ave & 60th St,255
snow,weekend,snowy,Elmwood Ave & Austin St,1
snow,weekend,snowy,Elston Ave & Cortland St,37
snow,weekend,snowy,Elston Ave & George St,9
snow,weekend,snowy,Elston Ave & Henderson St,1
snow,weekend,snowy,Elston Ave & Wabansia Ave,17
snow,weekend,snowy,Emerald Ave & 28th St,16
snow,weekend,snowy,Emerald Ave & 31st St,33
snow,weekend,snowy,Evanston Civic Center,8
snow,weekend,snowy,Ewing Ave & 106th St,1
snow,weekend,snowy,Ewing Ave & 97th St,1
snow,weekend,snowy,Ewing Ave & 98th St,1
snow,weekend,snowy,Ewing Ave & Burnham Greenway,3
snow,weekend,snowy,Fairbanks Ct & Grand Ave,75
snow,weekend,snowy,Fairbanks St & Superior St,34
snow,weekend,snowy,Fairfield Ave & 44th St,2
snow,weekend,snowy,Fairfield Ave & Pratt Blvd,1
snow,weekend,snowy,Federal St & Polk St,98
snow,weekend,snowy,Field Blvd & South Water St,65
snow,weekend,snowy,Field Museum,25
snow,weekend,snowy,Financial Pl & Ida B Wells Dr,35
snow,weekend,snowy,Fort Dearborn Dr & 31st St,3
snow,weekend,snowy,Fort Dearborn Dr & 31st St*,8
snow,weekend,snowy,Francisco Ave & 47th St,1
snow,weekend,snowy,Francisco Ave & Bloomingdale Ave,1
snow,weekend,snowy,Francisco Ave & Chicago Ave,14
snow,weekend,snowy,Francisco Ave & Foster Ave,12
snow,weekend,snowy,Francisco Ave & Montrose Ave,2
snow,weekend,snowy,Franklin St & Adams St,3
snow,weekend,snowy,Franklin St & Adams St (Temp),12
snow,weekend,snowy,Franklin St & Chicago Ave,46
snow,weekend,snowy,Franklin St & Chicago Ave*,35
snow,weekend,snowy,Franklin St & Illinois St,92
snow,weekend,snowy,Franklin St & Jackson Blvd,78
snow,weekend,snowy,Franklin St & Lake St,42
snow,weekend,snowy,Franklin St & Monroe St,24
snow,weekend,snowy,Franklin St & Washington St,7
snow,weekend,snowy,Fulton Market,12
snow,weekend,snowy,Glenwood Ave & Morse Ave,25
snow,weekend,snowy,Glenwood Ave & Touhy Ave,12
snow,weekend,snowy,Grace St & Central Ave,2
snow,weekend,snowy,Grace St & Cicero Ave,4
snow,weekend,snowy,Granville Ave & Clark St,1
snow,weekend,snowy,Granville Ave & Pulaski Rd,1
snow,weekend,snowy,Green St & Chicago Ave,6
snow,weekend,snowy,Green St & Lake St,9
snow,weekend,snowy,Green St & Madison St,109
snow,weekend,snowy,Green St & Randolph St*,50
snow,weekend,snowy,Green St & Washington Blvd,45
snow,weekend,snowy,Greenview Ave & Diversey Pkwy,17
snow,weekend,snowy,Greenview Ave & Fullerton Ave,40
snow,weekend,snowy,Greenview Ave & Jarvis Ave,29
snow,weekend,snowy,Greenwood Ave & 47th St,7
snow,weekend,snowy,Greenwood Ave & 91st St,1
snow,weekend,snowy,Griffin Museum of Science and Industry,22
snow,weekend,snowy,Halsted St & 104th St,1
snow,weekend,snowy,Halsted St & 111th St,1
snow,weekend,snowy,Halsted St & 119th St,1
snow,weekend,snowy,Halsted St & 123rd St,1
snow,weekend,snowy,Halsted St & 18th St,20
snow,weekend,snowy,Halsted St & 21st St,10
snow,weekend,snowy,Halsted St & 35th St,14
snow,weekend,snowy,Halsted St & 37th St,5
snow,weekend,snowy,Halsted St & 47th Pl,3
snow,weekend,snowy,Halsted St & 51st St,2
snow,weekend,snowy,Halsted St & 56th St,1
snow,weekend,snowy,Halsted St & 69th St,5
snow,weekend,snowy,Halsted St & 73rd St,1
snow,weekend,snowy,Halsted St & 78th St,1
snow,weekend,snowy,Halsted St & 83rd St,1
snow,weekend,snowy,Halsted St & 96th St,3
snow,weekend,snowy,Halsted St & Archer Ave,23
snow,weekend,snowy,Halsted St & Armitage Ave,19
snow,weekend,snowy,Halsted St & Belden St,8
snow,weekend,snowy,Halsted St & Clybourn Ave,128
snow,weekend,snowy,Halsted St & Court Pl,4
snow,weekend,snowy,Halsted St & Dickens Ave,48
snow,weekend,snowy,Halsted St & Dickens Ave*,28
snow,weekend,snowy,Halsted St & Fulton St,69
snow,weekend,snowy,Halsted St & Lake St,4
snow,weekend,snowy,Halsted St & Maxwell St,47
snow,weekend,snowy,Halsted St & Melrose St,15
snow,weekend,snowy,Halsted St & North Branch St,7
snow,weekend,snowy,Halsted St & Polk St,86
snow,weekend,snowy,Halsted St & Roosevelt Rd,25
snow,weekend,snowy,Halsted St & Roscoe St,115
snow,weekend,snowy,Halsted St & Willow St,58
snow,weekend,snowy,Halsted St & Wrightwood Ave,86
snow,weekend,snowy,Hamilton Park,1
snow,weekend,snowy,Hamlin Ave & Grand Ave,3
snow,weekend,snowy,Hampden Ct & Diversey Ave,13
snow,weekend,snowy,Hampden Ct & Diversey Pkwy,18
snow,weekend,snowy,Harding Ave & 31st St,1
snow,weekend,snowy,Harlem Ave & Irving Park Rd,5
snow,weekend,snowy,Harper Ave & 55th St,21
snow,weekend,snowy,Harper Ave & 59th St,23
snow,weekend,snowy,Hastings St Depot LWS,2
snow,weekend,snowy,Hegewisch Metra Station,1
snow,weekend,snowy,Hermitage Ave & Polk St,18
snow,weekend,snowy,Higgins Ave & Austin Ave,1
snow,weekend,snowy,Homan Ave & 26th St,1
snow,weekend,snowy,Homan Ave & 77th St,1
snow,weekend,snowy,Homewood Ave & 115th St,1
snow,weekend,snowy,Honore St & Division St,59
snow,weekend,snowy,Houston Ave & 92nd St,1
snow,weekend,snowy,Hoyne Ave & 34th St,3
snow,weekend,snowy,Hoyne Ave & 47th St,7
snow,weekend,snowy,Hoyne Ave & Balmoral Ave,16
snow,weekend,snowy,Hudson Ave & Armitage Ave,9
snow,weekend,snowy,Humboldt Blvd & Armitage Ave,14
snow,weekend,snowy,Hyacinth Ave & Milwaukee Ave,2
snow,weekend,snowy,Indiana Ave & 133rd St,3
snow,weekend,snowy,Indiana Ave & 26th St,13
snow,weekend,snowy,Indiana Ave & 31st St,21
snow,weekend,snowy,Indiana Ave & 40th St,2
snow,weekend,snowy,Indiana Ave & Roosevelt Rd,92
snow,weekend,snowy,Jefferson St & Monroe St,55
snow,weekend,snowy,Jeffery Blvd & 67th St,2
snow,weekend,snowy,Jeffery Blvd & 71st St,4
snow,weekend,snowy,Jeffery Blvd & 76th St,1
snow,weekend,snowy,Karlov Ave & Armitage Ave,6
snow,weekend,snowy,Karlov Ave & Lawrence Ave,5
snow,weekend,snowy,Karlov Ave & Madison St,1
snow,weekend,snowy,Kedvale Ave & Peterson Ave,2
snow,weekend,snowy,Kedzie Ave & 110th St,2
snow,weekend,snowy,Kedzie Ave & 21st St,13
snow,weekend,snowy,Kedzie Ave & 48th Pl,3
snow,weekend,snowy,Kedzie Ave & 54th Pl,2
snow,weekend,snowy,Kedzie Ave & 60th St,2
snow,weekend,snowy,Kedzie Ave & 66th Pl,1
snow,weekend,snowy,Kedzie Ave & 73rd St,1
snow,weekend,snowy,Kedzie Ave & Armitage Ave,4
snow,weekend,snowy,Kedzie Ave & Bryn Mawr Ave,2
snow,weekend,snowy,Kedzie Ave & Chicago Ave,5
snow,weekend,snowy,Kedzie Ave & Foster Ave,2
snow,weekend,snowy,Kedzie Ave & George St,6
snow,weekend,snowy,Kedzie Ave & Lake St,3
snow,weekend,snowy,Kedzie Ave & Leland Ave,18
snow,weekend,snowy,Kedzie Ave & Milwaukee Ave,57
snow,weekend,snowy,Kedzie Ave & Palmer Ct,23
snow,weekend,snowy,Kedzie Ave & Redfield Dr,2
snow,weekend,snowy,Keeler Ave & Carmen Ave,4
snow,weekend,snowy,Kenmore Ave & School St,1
snow,weekend,snowy,Kenneth Ave & Lawrence Ave,3
snow,weekend,snowy,Kenwood Ave & 57th St,12
snow,weekend,snowy,Keystone Ave & Fullerton Ave,3
snow,weekend,snowy,Keystone Ave & Montrose Ave,3
snow,weekend,snowy,Kilbourn Ave & Belden Ave,5
snow,weekend,snowy,Kilbourn Ave & Diversey Ave,2
snow,weekend,snowy,Kilbourn Ave & Roscoe St,5
snow,weekend,snowy,Kildare Ave & Division St,1
snow,weekend,snowy,Kildare Ave & Montrose Ave,7
snow,weekend,snowy,Kildare Ave & North Ave,5
snow,weekend,snowy,Kilpatrick Ave & Grand Ave,1
snow,weekend,snowy,Kilpatrick Ave & Parker Ave,1
snow,weekend,snowy,Kimball Ave & Belmont Ave,22
snow,weekend,snowy,Kimbark Ave & 53rd St,118
snow,weekend,snowy,Kingsbury St & Erie St,116
snow,weekend,snowy,Kingsbury St & Kinzie St,306
snow,weekend,snowy,Knox Ave & Montrose Ave,5
snow,weekend,snowy,Komensky Ave & 31st St,2
snow,weekend,snowy,Komensky Ave & 47th St,1
snow,weekend,snowy,Kosciuszko Park,17
snow,weekend,snowy,Kostner Ave & 63rd St,1
snow,weekend,snowy,Kostner Ave & Belmont Ave,2
snow,weekend,snowy,Kostner Ave & Bryn Mawr Ave,2
snow,weekend,snowy,Kostner Ave & Wrightwood Ave,3
snow,weekend,snowy,LaSalle Dr & Huron St,57
snow,weekend,snowy,LaSalle St & Adams St,16
snow,weekend,snowy,LaSalle St & Adams St Corral,2
snow,weekend,snowy,LaSalle St & Calhoun Pl,3
snow,weekend,snowy,LaSalle St & Calhoun Pl Corral,2
snow,weekend,snowy,LaSalle St & Illinois St,112
snow,weekend,snowy,LaSalle St & Jackson Blvd,16
snow,weekend,snowy,LaSalle St & Jackson Blvd Corral,1
snow,weekend,snowy,LaSalle St & Washington St,22
snow,weekend,snowy,Laflin St & 115th St,1
snow,weekend,snowy,Laflin St & Cullerton St,15
snow,weekend,snowy,Lake Park Ave & 35th St,1
snow,weekend,snowy,Lake Park Ave & 47th St,16
snow,weekend,snowy,Lake Park Ave & 53rd St,46
snow,weekend,snowy,Lake Park Ave & 56th St,48
snow,weekend,snowy,Lakefront Trail & Bryn Mawr Ave,20
snow,weekend,snowy,Lakefront Trail & Wilson Ave,11
snow,weekend,snowy,Lakeview Ave & Fullerton Pkwy,74
snow,weekend,snowy,Lamon Ave & Armitage Ave,1
snow,weekend,snowy,Lamon Ave & Belmont Ave,2
snow,weekend,snowy,Laramie Ave & Bloomingdale Ave,2
snow,weekend,snowy,Laramie Ave & Irving Park Rd,7
snow,weekend,snowy,Laramie Ave & Kinzie St,1
snow,weekend,snowy,Larrabee St & Armitage Ave,42
snow,weekend,snowy,Larrabee St & Clybourn Ave,4
snow,weekend,snowy,Larrabee St & Division St,62
snow,weekend,snowy,Larrabee St & Kingsbury St,58
snow,weekend,snowy,Larrabee St & Kingsbury St 1,27
snow,weekend,snowy,Larrabee St & Kingsbury St 2,7
snow,weekend,snowy,Larrabee St & Menomonee St,22
snow,weekend,snowy,Larrabee St & North Ave,17
snow,weekend,snowy,Larrabee St & Oak St,41
snow,weekend,snowy,Larrabee St & Webster Ave,67
snow,weekend,snowy,Latrobe Ave & Chicago Ave,2
snow,weekend,snowy,Lavergne Ave & 46th St,1
snow,weekend,snowy,Lavergne Ave & Diversey Ave,3
snow,weekend,snowy,Lavergne Ave & Division St,1
snow,weekend,snowy,Lavergne Ave & Fullerton Ave,1
snow,weekend,snowy,Lawndale Ave & 16th St,1
snow,weekend,snowy,Lawndale Ave & 30th St,1
snow,weekend,snowy,Lawndale Ave & 59th St,1
snow,weekend,snowy,Leavitt St & Addison St,14
snow,weekend,snowy,Leavitt St & Archer Ave,8
snow,weekend,snowy,Leavitt St & Armitage Ave,32
snow,weekend,snowy,Leavitt St & Augusta Blvd,4
snow,weekend,snowy,Leavitt St & Belmont Ave,18
snow,weekend,snowy,Leavitt St & Chicago Ave,24
snow,weekend,snowy,Leavitt St & Division St,24
snow,weekend,snowy,Leavitt St & Lawrence Ave,15
snow,weekend,snowy,Leavitt St & North Ave,31
snow,weekend,snowy,Leavitt St/North Ave,9
snow,weekend,snowy,Lexington St & California Ave,1
snow,weekend,snowy,Lincoln Ave & Addison St,24
snow,weekend,snowy,Lincoln Ave & Balmoral Ave,3
snow,weekend,snowy,Lincoln Ave & Belle Plaine Ave,36
snow,weekend,snowy,Lincoln Ave & Byron St,38
snow,weekend,snowy,Lincoln Ave & Dickens Ave,8
snow,weekend,snowy,Lincoln Ave & Diversey Pkwy,55
snow,weekend,snowy,Lincoln Ave & Fullerton Ave,103
snow,weekend,snowy,Lincoln Ave & Melrose St,82
snow,weekend,snowy,Lincoln Ave & Montana St,4
snow,weekend,snowy,Lincoln Ave & Peterson Ave,3
snow,weekend,snowy,Lincoln Ave & Roscoe St*,47
snow,weekend,snowy,Lincoln Ave & Sunnyside Ave,30
snow,weekend,snowy,Lincoln Ave & Waveland Ave,42
snow,weekend,snowy,Lincoln Ave & Winona St,16
snow,weekend,snowy,Lincoln Park Conservatory,34
snow,weekend,snowy,Lock St & 31st St,1
snow,weekend,snowy,Lockwood Ave & Wrightwood Ave,1
snow,weekend,snowy,Logan Blvd & Elston Ave,33
snow,weekend,snowy,Long & Irving Park,2
snow,weekend,snowy,Long Ave & Diversey Ave,2
snow,weekend,snowy,Loomis St & 95th St,1
snow,weekend,snowy,Loomis St & Archer Ave,6
snow,weekend,snowy,Loomis St & Jackson Blvd,18
snow,weekend,snowy,Loomis St & Lexington St,70
snow,weekend,snowy,Loomis St & Lexington St*,35
snow,weekend,snowy,Lowell Ave & Armitage Ave,6
snow,weekend,snowy,Lynch Ave & Elston Ave,2
snow,weekend,snowy,MLK Jr Dr & 29th St,60
snow,weekend,snowy,MLK Jr Dr & 47th St,1
snow,weekend,snowy,MLK Jr Dr & 56th St,1
snow,weekend,snowy,MLK Jr Dr & 63rd St,1
snow,weekend,snowy,MLK Jr Dr & Pershing Rd,6
snow,weekend,snowy,Major Taylor Trail & 115th St,1
snow,weekend,snowy,Major Taylor Trail & 124th St,1
snow,weekend,snowy,Malcolm X College,16
snow,weekend,snowy,Malden St & Wilson Ave,5
snow,weekend,snowy,Mango Ave & North Ave,1
snow,weekend,snowy,Manistee Ave & 95th St,1
snow,weekend,snowy,Manor Ave & Leland Ave,7
snow,weekend,snowy,Maplewood Ave & Peterson Ave,3
snow,weekend,snowy,Marine Dr & Ainslie St,35
snow,weekend,snowy,Marmora Ave & Irving Park Rd,6
snow,weekend,snowy,Marquette Ave & 89th St,1
snow,weekend,snowy,Marshfield Ave & 44th St,4
snow,weekend,snowy,Marshfield Ave & Diversey Pkwy,4
snow,weekend,snowy,Marshfield Ave & Wabansia Ave,1
snow,weekend,snowy,Mason Ave & Montrose Ave,1
snow,weekend,snowy,May St & 69th St,1
snow,weekend,snowy,May St & Cullerton St,13
snow,weekend,snowy,May St & Hubbard St,14
snow,weekend,snowy,May St & Taylor St,49
snow,weekend,snowy,McClurg Ct & Erie St,64
snow,weekend,snowy,McClurg Ct & Ohio St,104
snow,weekend,snowy,McCormick Blvd & Devon Ave,5
snow,weekend,snowy,McCormick Place,18
snow,weekend,snowy,Meade Ave & Addison St,1
snow,weekend,snowy,Meade Ave & Fullerton Ave,1
snow,weekend,snowy,Melvina Ave & Giddings Ave,1
snow,weekend,snowy,Merrimac Park,3
snow,weekend,snowy,Michigan Ave & 11th St,10
snow,weekend,snowy,Michigan Ave & 14th St,46
snow,weekend,snowy,Michigan Ave & 18th St,44
snow,weekend,snowy,Michigan Ave & 71st St,1
snow,weekend,snowy,Michigan Ave & 8th St,34
snow,weekend,snowy,Michigan Ave & Ida B Wells Dr,26
snow,weekend,snowy,Michigan Ave & Jackson Blvd,23
snow,weekend,snowy,Michigan Ave & Lake St,61
snow,weekend,snowy,Michigan Ave & Madison St,38
snow,weekend,snowy,Michigan Ave & Oak St,51
snow,weekend,snowy,Michigan Ave & Pearson St,62
snow,weekend,snowy,Michigan Ave & Washington St,80
snow,weekend,snowy,Midway Orange Line,4
snow,weekend,snowy,Mies van der Rohe Way & Chestnut St,93
snow,weekend,snowy,Mies van der Rohe Way & Chicago Ave,65
snow,weekend,snowy,Millard Ave & 26th St,4
snow,weekend,snowy,Millennium Park,84
snow,weekend,snowy,Milwaukee Ave & Agatite Ave,4
snow,weekend,snowy,Milwaukee Ave & Ainslie St,10
snow,weekend,snowy,Milwaukee Ave & Armitage Ave,4
snow,weekend,snowy,Milwaukee Ave & Cuyler Ave,3
snow,weekend,snowy,Milwaukee Ave & Diversey Ave,1
snow,weekend,snowy,Milwaukee Ave & Fullerton Ave,33
snow,weekend,snowy,Milwaukee Ave & Grand Ave,60
snow,weekend,snowy,Milwaukee Ave & Rockwell St,15
snow,weekend,snowy,Milwaukee Ave & The 606,19
snow,weekend,snowy,Milwaukee Ave & Wabansia Ave,18
snow,weekend,snowy,Milwaukee Ave & Wabansia Ave*,24
snow,weekend,snowy,Monticello Ave & Irving Park Rd,17
snow,weekend,snowy,Monticello Ave & Lawrence Ave,3
snow,weekend,snowy,Montrose Harbor,20
snow,weekend,snowy,Morgan Ave & 14th Pl,14
snow,weekend,snowy,Morgan St & 18th St,26
snow,weekend,snowy,Morgan St & 31st St,27
snow,weekend,snowy,Morgan St & Lake St*,63
snow,weekend,snowy,Morgan St & Pershing Rd,1
snow,weekend,snowy,Morgan St & Polk St,58
snow,weekend,snowy,Mozart St & 55th St,1
snow,weekend,snowy,Mozart St & Jackson Blvd,3
snow,weekend,snowy,Mulligan Ave & Archer Ave,2
snow,weekend,snowy,N Carpenter St & W Lake St,6
snow,weekend,snowy,N Clark St & W Elm St,6
snow,weekend,snowy,N Damen Ave & W Chicago Ave,9
snow,weekend,snowy,N Green St & W Lake St,19
snow,weekend,snowy,N Paulina St & Lincoln Ave,7
snow,weekend,snowy,N Shore Channel Trail & Argyle St,2
snow,weekend,snowy,N Southport Ave & W Newport Ave,12
snow,weekend,snowy,Narragansett Ave & North Ave,2
snow,weekend,snowy,Narragansett Ave & School St,1
snow,weekend,snowy,Narragansett Ave & Wrightwood Ave,1
snow,weekend,snowy,Navy Pier,22
snow,weekend,snowy,New St & Illinois St,157
snow,weekend,snowy,Noble St & Milwaukee Ave,33
snow,weekend,snowy,Noble St & Ohio St,8
snow,weekend,snowy,Noble St & Potomac Ave,3
snow,weekend,snowy,Normal Ave & Archer Ave,9
snow,weekend,snowy,North Boundary Park,2
snow,weekend,snowy,Oak Park & Wellington,1
snow,weekend,snowy,Oakley Ave & Irving Park Rd,16
snow,weekend,snowy,Oakley Ave & Lyndale St,1
snow,weekend,snowy,Oakley Ave & Touhy Ave,5
snow,weekend,snowy,Oconto Ave & Belmont Ave,1
snow,weekend,snowy,Ogden Ave & Chicago Ave,54
snow,weekend,snowy,Ogden Ave & Congress Pkwy,14
snow,weekend,snowy,Ogden Ave & Race Ave,24
snow,weekend,snowy,Ogden Ave & Roosevelt Rd,8
snow,weekend,snowy,Oglesby Ave & 100th St,1
snow,weekend,snowy,Orleans St & Chestnut St (NEXT Apts),46
snow,weekend,snowy,Orleans St & Elm St,28
snow,weekend,snowy,Orleans St & Hubbard St,62
snow,weekend,snowy,Orleans St & Merchandise Mart Plaza,63
snow,weekend,snowy,Parnell Ave & 127th St,1
snow,weekend,snowy,Paulina Ave & North Ave,24
snow,weekend,snowy,Paulina St & 18th St,34
snow,weekend,snowy,Paulina St & Adams St,2
snow,weekend,snowy,Paulina St & Cortland St,6
snow,weekend,snowy,Paulina St & Division St,18
snow,weekend,snowy,Paulina St & Flournoy St,32
snow,weekend,snowy,Paulina St & Howard St,13
snow,weekend,snowy,Paulina St & Montrose Ave,27
snow,weekend,snowy,Peoria St & Jackson Blvd,71
snow,weekend,snowy,Peoria St & Kinzie St,3
snow,weekend,snowy,Perry Ave & 69th St,2
snow,weekend,snowy,Pershing Rd & Sacramento Ave,3
snow,weekend,snowy,Peterson/Ridge Metra,12
snow,weekend,snowy,Phillips Ave & 79th St,2
snow,weekend,snowy,Pine Grove Ave & Irving Park Rd,83
snow,weekend,snowy,Pine Grove Ave & Waveland Ave,84
snow,weekend,snowy,Pine Grove Ave & Wellington Ave,4
snow,weekend,snowy,Ping Tom Park (East),11
snow,weekend,snowy,Portage Park,2
snow,weekend,snowy,Prairie Ave & 43rd St,2
snow,weekend,snowy,Prairie Ave & Garfield Blvd,7
snow,weekend,snowy,Princeton Ave & 47th St,4
snow,weekend,snowy,Princeton Ave & 95th St,1
snow,weekend,snowy,Princeton Ave & Garfield Blvd,2
snow,weekend,snowy,Prospect Sq & 91st St,1
snow,weekend,snowy,Public Rack - Austin Blvd & North Ave,1
snow,weekend,snowy,Public Rack - Avenue J & 106th St,1
snow,weekend,snowy,Public Rack - Avers Ave & Irving Park Rd,2
snow,weekend,snowy,Public Rack - Brandon Ave & 91st St,1
snow,weekend,snowy,Public Rack - California Ave & Cortez St,1
snow,weekend,snowy,Public Rack - California Ave & Devon Ave - NW,1
snow,weekend,snowy,Public Rack - California Ave & Touhy Ave - SW,1
snow,weekend,snowy,Public Rack - Calumet Ave & 71st St,1
snow,weekend,snowy,Public Rack - Campbell Ave & Pratt Blvd,1
snow,weekend,snowy,Public Rack - Christiana Ave & Belmont Ave,4
snow,weekend,snowy,Public Rack - Drake Ave & Leland Ave,1
snow,weekend,snowy,Public Rack - Fullerton Ave & Narragansett Ave,1
snow,weekend,snowy,Public Rack - Halsted St & 95th St - SE,1
snow,weekend,snowy,Public Rack - Hamlin Ave & Fullerton Ave,1
snow,weekend,snowy,Public Rack - Hamlin Ave & Montrose Ave,2
snow,weekend,snowy,Public Rack - Harold Washington Park,2
snow,weekend,snowy,Public Rack - Holbrook St & Milwaukee Ave,1
snow,weekend,snowy,Public Rack - Hollywood Park,1
snow,weekend,snowy,Public Rack - Hyde Park Blvd & 53rd St,3
snow,weekend,snowy,Public Rack - Hyde Park Blvd & 55th St,2
snow,weekend,snowy,Public Rack - Jeffery Blvd & 67th St,1
snow,weekend,snowy,Public Rack - Jonathan Y Scammon Public School,1
snow,weekend,snowy,Public Rack - Karlov Ave & Lawrence Ave,1
snow,weekend,snowy,Public Rack - Keating & Peterson,5
snow,weekend,snowy,Public Rack - Kedzie Ave & Argyle St,3
snow,weekend,snowy,Public Rack - Keystone Ave & Irving Park Rd,1
snow,weekend,snowy,Public Rack - Keystone Ave & North Ave,1
snow,weekend,snowy,Public Rack - Kilpatrick & Elston,1
snow,weekend,snowy,Public Rack - Kimball & Ardmore,2
snow,weekend,snowy,Public Rack - Kimball Ave & Carmen Ave,1
snow,weekend,snowy,Public Rack - Kingston Ave & 75th St,1
snow,weekend,snowy,Public Rack - Kostner Ave & Armitage Ave,2
snow,weekend,snowy,Public Rack - Lowell Ave & Elston Ave,2
snow,weekend,snowy,Public Rack - Menard Ave & Belmont Ave,1
snow,weekend,snowy,Public Rack - Miami Ave & Milwaukee Ave,2
snow,weekend,snowy,Public Rack - Milwaukee Ave & Diversey Ave,3
snow,weekend,snowy,Public Rack - Milwaukee Ave & Haussen Ct,1
snow,weekend,snowy,Public Rack - Milwaukee Ave & Higgins Ave,1
snow,weekend,snowy,Public Rack - Milwaukee Ave & Kennedy Expy,1
snow,weekend,snowy,Public Rack - Monticello Ave & Belmont Ave,1
snow,weekend,snowy,Public Rack - Mulligan & Northwest Hwy,1
snow,weekend,snowy,Public Rack - Ozanam Ave & Devon Ave,1
snow,weekend,snowy,Public Rack - Rockwell Ave & Touhy Ave,1
snow,weekend,snowy,Public Rack - Sawyer Ave & Bryn Mawr Ave - SE,1
snow,weekend,snowy,Public Rack - South Shore Dr & 71st St,3
snow,weekend,snowy,Public Rack - Spaulding Ave & North Ave,1
snow,weekend,snowy,Public Rack - Washtenaw Ave & Devon Ave,2
snow,weekend,snowy,Public Rack - Washtenaw Ave & Superior St,4
snow,weekend,snowy,Public Rack - Whipple St & 63rd St,1
snow,weekend,snowy,Public Rack - Woodlawn Ave & 63rd St N,5
snow,weekend,snowy,Public Rack - Woodlawn Ave & 63rd St S,2
snow,weekend,snowy,Pulaski Rd & 51st St,5
snow,weekend,snowy,Pulaski Rd & 68th St,2
snow,weekend,snowy,Pulaski Rd & Eddy St,1
snow,weekend,snowy,Pulaski Rd & Lake St,2
snow,weekend,snowy,Racine Ave & 115th St,1
snow,weekend,snowy,Racine Ave & 13th St,6
snow,weekend,snowy,Racine Ave & 15th St,13
snow,weekend,snowy,Racine Ave & 18th St,44
snow,weekend,snowy,Racine Ave & 35th St,8
snow,weekend,snowy,Racine Ave & 65th St,1
snow,weekend,snowy,Racine Ave & Belmont Ave,64
snow,weekend,snowy,Racine Ave & Broadway,6
snow,weekend,snowy,Racine Ave & Congress Pkwy,41
snow,weekend,snowy,Racine Ave & Fullerton Ave,78
snow,weekend,snowy,Racine Ave & Randolph St,12
snow,weekend,snowy,Racine Ave & Washington Blvd,26
snow,weekend,snowy,Racine Ave & Webster Ave,6
snow,weekend,snowy,Racine Ave & Wrightwood Ave,44
snow,weekend,snowy,Rainbow - Beach,1
snow,weekend,snowy,Ravenswood Ave & Berteau Ave,28
snow,weekend,snowy,Ravenswood Ave & Irving Park Rd,24
snow,weekend,snowy,Ravenswood Ave & Lawrence Ave,90
snow,weekend,snowy,Rhodes Ave & 32nd St,35
snow,weekend,snowy,Rhodes Ave & 71st St,1
snow,weekend,snowy,Richmond St & 59th St,2
snow,weekend,snowy,Richmond St & Diversey Ave,18
snow,weekend,snowy,Richmond St & Lincoln Ave,2
snow,weekend,snowy,Ridge Blvd & Howard St,6
snow,weekend,snowy,Ridge Blvd & Touhy Ave,3
snow,weekend,snowy,Ritchie Ct & Banks St,58
snow,weekend,snowy,Rockwell Ave & Logan Blvd,1
snow,weekend,snowy,Rockwell St & 47th St,1
snow,weekend,snowy,Rockwell St & 63rd St,1
snow,weekend,snowy,Rockwell St & Archer Ave,2
snow,weekend,snowy,Rockwell St & Cermak Rd,2
snow,weekend,snowy,Rockwell St & Eastwood Ave,18
snow,weekend,snowy,Rockwell St & Fletcher St,4
snow,weekend,snowy,Rockwell/Irving Park Hub,1
snow,weekend,snowy,Rush St & Cedar St,100
snow,weekend,snowy,Rush St & Hubbard St,50
snow,weekend,snowy,Rush St & Illinois St,12
snow,weekend,snowy,Rush St & Superior St,59
snow,weekend,snowy,SCOOTERS CLASSIC - 2132 W Hubbard ST,2
snow,weekend,snowy,Sacramento Ave & Linden Pl,2
snow,weekend,snowy,Sacramento Ave & Lunt Ave,1
snow,weekend,snowy,Sacramento Blvd & Addison St,2
snow,weekend,snowy,Sacramento Blvd & Fulton Ave,5
snow,weekend,snowy,Sangamon St & Adams St,2
snow,weekend,snowy,Sangamon St & Lake St,43
snow,weekend,snowy,Sangamon St & Washington Blvd,47
snow,weekend,snowy,Sawyer Ave & Irving Park Rd,10
snow,weekend,snowy,Sedgwick St & Chicago Ave,5
snow,weekend,snowy,Sedgwick St & Huron St,74
snow,weekend,snowy,Sedgwick St & North Ave,50
snow,weekend,snowy,Sedgwick St & North Ave*,17
snow,weekend,snowy,Sedgwick St & Schiller St,23
snow,weekend,snowy,Sedgwick St & Webster Ave,53
snow,weekend,snowy,Seeley Ave & Roscoe St,34
snow,weekend,snowy,Shabbona Park,3
snow,weekend,snowy,Shedd Aquarium,52
snow,weekend,snowy,Sheffield Ave & Addison St,21
snow,weekend,snowy,Sheffield Ave & Fletcher St,2
snow,weekend,snowy,Sheffield Ave & Fullerton Ave,50
snow,weekend,snowy,Sheffield Ave & Fullerton Ave*,38
snow,weekend,snowy,Sheffield Ave & Kingsbury St,62
snow,weekend,snowy,Sheffield Ave & Kingsbury St*,21
snow,weekend,snowy,Sheffield Ave & Waveland Ave,65
snow,weekend,snowy,Sheffield Ave & Webster Ave,101
snow,weekend,snowy,Sheffield Ave & Wellington Ave,49
snow,weekend,snowy,Sheffield Ave & Willow St,52
snow,weekend,snowy,Sheffield Ave & Wrightwood Ave,62
snow,weekend,snowy,Sheffield/Cornelia Corral,1
snow,weekend,snowy,Sheffield/Newport Corral,1
snow,weekend,snowy,Sheridan Rd & Argyle St,55
snow,weekend,snowy,Sheridan Rd & Berwyn Ave,9
snow,weekend,snowy,Sheridan Rd & Buena Ave,49
snow,weekend,snowy,Sheridan Rd & Columbia Ave,13
snow,weekend,snowy,Sheridan Rd & Greenleaf Ave,13
snow,weekend,snowy,Sheridan Rd & Irving Park Rd,101
snow,weekend,snowy,Sheridan Rd & Lawrence Ave,26
snow,weekend,snowy,Sheridan Rd & Loyola Ave,24
snow,weekend,snowy,Sheridan Rd & Montrose Ave,95
snow,weekend,snowy,Sheridan Rd & Noyes St (NU),37
snow,weekend,snowy,Shields Ave & 28th Pl,18
snow,weekend,snowy,Shields Ave & 31st St,28
snow,weekend,snowy,Shields Ave & 43rd St,2
snow,weekend,snowy,Shore Dr & 53rd St,2
snow,weekend,snowy,Shore Dr & 55th St,34
snow,weekend,snowy,Smith Park,3
snow,weekend,snowy,South Chicago Ave & 83rd St,2
snow,weekend,snowy,South Shore Dr & 67th St,4
snow,weekend,snowy,South Shore Dr & 71st St,6
snow,weekend,snowy,South Shore Dr & 74th St,1
snow,weekend,snowy,Southport Ave & Belmont Ave,45
snow,weekend,snowy,Southport Ave & Clark St,25
snow,weekend,snowy,Southport Ave & Clybourn Ave,33
snow,weekend,snowy,Southport Ave & Grace St,13
snow,weekend,snowy,Southport Ave & Irving Park Rd,41
snow,weekend,snowy,Southport Ave & Roscoe St,97
snow,weekend,snowy,Southport Ave & Waveland Ave,65
snow,weekend,snowy,Southport Ave & Waveland Ave*,42
snow,weekend,snowy,Southport Ave & Wellington Ave,65
snow,weekend,snowy,Southport Ave & Wrightwood Ave,26
snow,weekend,snowy,Southport Ave & Wrightwood Ave*,19
snow,weekend,snowy,Spaulding Ave & Armitage Ave,36
snow,weekend,snowy,Spaulding Ave & Division St,9
snow,weekend,snowy,Spaulding Ave & Milwaukee Ave,3
snow,weekend,snowy,Springfield Ave & 47th St,1
snow,weekend,snowy,Springfield Ave & 71st St,2
snow,weekend,snowy,St Clair St & Ohio St,18
snow,weekend,snowy,St Louis Ave & Foster Ave,4
snow,weekend,snowy,St. Clair St & Erie St,86
snow,weekend,snowy,St. Louis & 71st St,3
snow,weekend,snowy,St. Louis Ave & Balmoral Ave,2
snow,weekend,snowy,St. Louis Ave & Fullerton Ave,25
snow,weekend,snowy,State St & 123rd St,1
snow,weekend,snowy,State St & 127th St,1
snow,weekend,snowy,State St & 19th St,8
snow,weekend,snowy,State St & 29th St,7
snow,weekend,snowy,State St & 33rd St,63
snow,weekend,snowy,State St & 35th St,19
snow,weekend,snowy,State St & 45th St,1
snow,weekend,snowy,State St & 79th St,3
snow,weekend,snowy,State St & 95th St,2
snow,weekend,snowy,State St & Chicago Ave,233
snow,weekend,snowy,State St & Harrison St,34
snow,weekend,snowy,State St & Kinzie St,52
snow,weekend,snowy,State St & Pearson St,39
snow,weekend,snowy,State St & Randolph St,83
snow,weekend,snowy,State St & Van Buren St,32
snow,weekend,snowy,Stave St & Armitage Ave,28
snow,weekend,snowy,Stetson Ave & South Water St,35
snow,weekend,snowy,Stewart Ave & 123rd St,1
snow,weekend,snowy,Stewart Ave & 63rd St,1
snow,weekend,snowy,Stewart Ave & 83rd St,1
snow,weekend,snowy,Stockton Dr & Wrightwood Ave,60
snow,weekend,snowy,Stony Island Ave & 63rd St,4
snow,weekend,snowy,Stony Island Ave & 64th St,1
snow,weekend,snowy,Stony Island Ave & 67th St,3
snow,weekend,snowy,Stony Island Ave & 71st St,3
snow,weekend,snowy,Stony Island Ave & 75th St,11
snow,weekend,snowy,Stony Island Ave & 90th St,1
snow,weekend,snowy,Streeter Dr & Grand Ave,114
snow,weekend,snowy,Streeter Dr/Grand Ave,11
snow,weekend,snowy,Talman Ave & Addison St,31
snow,weekend,snowy,The Salt Shed,6
snow,weekend,snowy,Theater on the Lake,28
snow,weekend,snowy,Throop St & 52nd St,1
snow,weekend,snowy,Throop St & Taylor St,40
snow,weekend,snowy,Torrence Ave & 106th St,1
snow,weekend,snowy,Torrence Ave & 126th Pl,1
snow,weekend,snowy,Tripp Ave & 65th St,1
snow,weekend,snowy,Troy St & Elston Ave,27
snow,weekend,snowy,Troy St & Grace St,2
snow,weekend,snowy,Troy St & North Ave,11
snow,weekend,snowy,Union Ave & Root St,2
snow,weekend,snowy,University Ave & 57th St,310
snow,weekend,snowy,University Ave & 59th St,44
snow,weekend,snowy,University Ave & 65th St,6
snow,weekend,snowy,University Library (NU),32
snow,weekend,snowy,Valli Produce - Evanston Plaza,6
snow,weekend,snowy,Vernon Ave & 75th St,2
snow,weekend,snowy,Vernon Ave & 79th St,2
snow,weekend,snowy,W Armitage Ave & N Sheffield Ave,19
snow,weekend,snowy,W Washington Blvd & N Peoria St,9
snow,weekend,snowy,Wabash Ave & 16th St,22
snow,weekend,snowy,Wabash Ave & 9th St,75
snow,weekend,snowy,Wabash Ave & Adams St,50
snow,weekend,snowy,Wabash Ave & Cermak Rd,23
snow,weekend,snowy,Wabash Ave & Grand Ave,152
snow,weekend,snowy,Wabash Ave & Jackson Blvd,4
snow,weekend,snowy,Wabash Ave & Roosevelt Rd,101
snow,weekend,snowy,Wabash Ave & Wacker Pl,50
snow,weekend,snowy,Wabash Ave & Washington St,13
snow,weekend,snowy,Wacker Dr & Randolph St,5
snow,weekend,snowy,Wacker Dr & Washington St,30
snow,weekend,snowy,Walden Pkwy & 100th St,1
snow,weekend,snowy,Wallace St & 28th St,3
snow,weekend,snowy,Wallace St & 35th St,10
snow,weekend,snowy,Wallace St & Pershing Rd,2
snow,weekend,snowy,Walsh Park,20
snow,weekend,snowy,Warren Park East,5
snow,weekend,snowy,Warren Park West,10
snow,weekend,snowy,Washtenaw Ave & Lawrence Ave,11
snow,weekend,snowy,Washtenaw Ave & Ogden Ave,1
snow,weekend,snowy,Washtenaw Ave & Peterson Ave,1
snow,weekend,snowy,Washtenaw Ave & Polk St,1
snow,weekend,snowy,Waveland/Wilton Corral,1
snow,weekend,snowy,Wells St & 19th St,3
snow,weekend,snowy,Wells St & Concord Ln,227
snow,weekend,snowy,Wells St & Elm St,199
snow,weekend,snowy,Wells St & Evergreen Ave,92
snow,weekend,snowy,Wells St & Hubbard St,141
snow,weekend,snowy,Wells St & Huron St,140
snow,weekend,snowy,Wells St & Institute Pl,53
snow,weekend,snowy,Wells St & Madison St,2
snow,weekend,snowy,Wells St & Polk St,90
snow,weekend,snowy,Wells St & Randolph St,34
snow,weekend,snowy,Wells St & Randolph St Corral,4
snow,weekend,snowy,Wells St & Walton St,113
snow,weekend,snowy,Wells St & Washington St,1
snow,weekend,snowy,Wentworth Ave & 24th St,8
snow,weekend,snowy,Wentworth Ave & 33rd St,17
snow,weekend,snowy,Wentworth Ave & 35th St,9
snow,weekend,snowy,Wentworth Ave & 63rd St,3
snow,weekend,snowy,Wentworth Ave & Cermak Rd,3
snow,weekend,snowy,Wentworth Ave & Cermak Rd*,49
snow,weekend,snowy,Western Ave & 101st St,1
snow,weekend,snowy,Western Ave & 104th St,1
snow,weekend,snowy,Western Ave & 111th St,4
snow,weekend,snowy,Western Ave & 21st St,11
snow,weekend,snowy,Western Ave & 24th St,2
snow,weekend,snowy,Western Ave & 79th St,1
snow,weekend,snowy,Western Ave & Ardmore Ave,3
snow,weekend,snowy,Western Ave & Berteau Ave,8
snow,weekend,snowy,Western Ave & Congress Pkwy,11
snow,weekend,snowy,Western Ave & Division St,28
snow,weekend,snowy,Western Ave & Fillmore St,25
snow,weekend,snowy,Western Ave & Grace St,9
snow,weekend,snowy,Western Ave & Granville Ave,3
snow,weekend,snowy,Western Ave & Gunnison St,2
snow,weekend,snowy,Western Ave & Howard St,6
snow,weekend,snowy,Western Ave & Leland Ave,31
snow,weekend,snowy,Western Ave & Lunt Ave,12
snow,weekend,snowy,Western Ave & Lyndale St,2
snow,weekend,snowy,Western Ave & Monroe St,13
snow,weekend,snowy,Western Ave & Roscoe St,15
snow,weekend,snowy,Western Ave & Wabansia Ave,3
snow,weekend,snowy,Western Ave & Walton St,30
snow,weekend,snowy,Western Ave & Winnebago Ave,47
snow,weekend,snowy,Whipple/Irving Park,3
snow,weekend,snowy,Wilton Ave & Addison St,15
snow,weekend,snowy,Wilton Ave & Belmont Ave,112
snow,weekend,snowy,Wilton Ave & Diversey Pkwy,62
snow,weekend,snowy,Wilton Ave & Diversey Pkwy*,22
snow,weekend,snowy,Winchester (Ravenswood) Ave & Balmoral Ave,6
snow,weekend,snowy,Winchester Ave & Elston Ave,20
snow,weekend,snowy,Winthrop Ave & Lawrence Ave,32
snow,weekend,snowy,Wolcott (Ravenswood) Ave & Montrose Ave,25
snow,weekend,snowy,Wolcott Ave & Fargo Ave,2
snow,weekend,snowy,Wolcott Ave & Polk St,58
snow,weekend,snowy,Wood St & 33rd St,2
snow,weekend,snowy,Wood St & 35th St,3
snow,weekend,snowy,Wood St & Augusta Blvd,28
snow,weekend,snowy,Wood St & Beach Ave,12
snow,weekend,snowy,Wood St & Chicago Ave,29
snow,weekend,snowy,Wood St & Cortland St,1
snow,weekend,snowy,Wood St & Hubbard St,18
snow,weekend,snowy,Wood St & Milwaukee Ave,30
snow,weekend,snowy,Wood St & Milwaukee Ave*,24
snow,weekend,snowy,Wood St & Taylor St (Temp),18
snow,weekend,snowy,Wood St & Walnut St,2
snow,weekend,snowy,Wood St & Webster Ave,17
snow,weekend,snowy,Woodlawn Ave & 55th St,65
snow,weekend,snowy,Woodlawn Ave & 58th St,60
snow,weekend,snowy,Woodlawn Ave & 75th St,1
snow,weekend,snowy,Woodlawn Ave & Lake Park Ave,14
snow,weekend,snowy,Yates Blvd & 75th St,3
snow,weekend,snowy,Yates Blvd & 93rd St,1
