end_station_name,end_lat,end_lng
2112 W Peterson Ave,41.99117799999999,-87.683593
21st St & Pulaski Rd,41.85357638068863,-87.72469529380317
63rd St Beach,41.78091096424803,-87.57632374763489
900 W Harrison St,41.874754,-87.649807
Aberdeen St & 103rd St,41.70704,-87.65022
Aberdeen St & Carroll Ave,41.88819,-87.65459
Aberdeen St & Jackson Blvd,41.87772613,-87.65478743
Aberdeen St & Monroe St,41.880381631942605,-87.65540930667021
Aberdeen St & Randolph St,41.88411416441933,-87.65426402007539
Ada St & 113th Place,41.68759,-87.65541
Ada St & Washington Blvd,41.88283,-87.661206
Addison Red Line,41.9472,-87.654
Addison Red Line Corral,41.9471976,-87.6539514
Addison/Racine,41.94729999999999,-87.6592
Addison/Racine Corral,41.9470683,-87.6593535
Addison/Sheffield SE Corral,41.9470281,-87.654252
Addison/Sheffield SW Corral,41.9469539,-87.65441230000002
Addison/Wilton Corral,41.9473827,-87.6531716
Adler Planetarium,41.866094999999994,-87.607267
Albany Ave & 16th St,41.85936,-87.70302
Albany Ave & 26th St,41.844507,-87.701655
Albany Ave & Belmont Ave,41.939638,-87.705263
Albany Ave & Bloomingdale Ave,41.91402671273,-87.70512646200001
Albany Ave & Douglas Blvd,41.86310853149135,-87.70312034955664
Albany Ave & Montrose Ave,41.96104100000001,-87.705866
Altgeld Gardens,41.65666552967373,-87.59880065917969
Archer & Wentworth,41.8546868,-87.6308531
Archer (Damen) Ave & 37th St,41.826712,-87.683144
Archer Ave & 43rd St,41.8154913,-87.7024412
Archer Ave & 49th St,41.80420000000001,-87.72082
Archer Ave & Homan Ave,41.81153,-87.70885
Archer Ave & Wentworth Ave,41.8546868,-87.6308531
Artesian Ave & 55th St,41.79402,-87.68577
Artesian Ave & 71st St,41.764345,-87.684417
Artesian Ave & Hubbard St,41.8895,-87.688257
Artesian Ave & Marquette Rd,41.77203,-87.684637
Ashland Ave & 13th St,41.86523400000001,-87.66650700000001
Ashland Ave & 50th St,41.803023,-87.664699
Ashland Ave & 63rd St,41.779374,-87.66484299999999
Ashland Ave & 66th St,41.774074,-87.663815
Ashland Ave & 74th St,41.75923602425868,-87.66347408294678
Ashland Ave & 78th St,41.75220484941116,-87.66369938850403
Ashland Ave & Archer Ave,41.83920868403,-87.6656098589
Ashland Ave & Augusta Blvd,41.89962082184989,-87.66838462985125
Ashland Ave & Belle Plaine Ave,41.9557944253819,-87.66915741480612
Ashland Ave & Blackhawk St,41.907066,-87.667252
Ashland Ave & Chicago Ave,41.89595435734305,-87.6677280664444
Ashland Ave & Division St,41.90318794361149,-87.66894633544676
Ashland Ave & Garfield Blvd,41.792822,-87.66442900000001
Ashland Ave & Grace St,41.950771514725965,-87.66872750341331
Ashland Ave & Grand Ave,41.891072,-87.666611
Ashland Ave & Lake St,41.88592,-87.66717
Ashland Ave & McDowell Ave,41.809719,-87.663477
Ashland Ave & Pershing Rd,41.823465,-87.665577
Ashland Ave & Wellington Ave,41.936083,-87.669807
Ashland Ave & Wrightwood Ave,41.92882999871071,-87.6685067415486
Augusta Blvd & Laramie Ave,41.8986607,-87.7554551
Austin Ave & Milwaukee Ave,41.98736,-87.77804999999998
Austin Blvd & Chicago Ave,41.894887,-87.774704
Austin Blvd & Lake St,41.88794379427211,-87.77427345514297
Austin Blvd & Madison St,41.880281,-87.774453
Ave L & 114th,41.68803,-87.53641
Avenue L & 114th St,41.6881169,-87.53654969999998
Avenue O & 118th St,41.68100145911039,-87.5379312226869
Avenue O & 134th St,41.6519026853208,-87.53955539376464
Avers Ave & 16th St,41.85909,-87.72121
Avers Ave & Belmont Ave,41.939408,-87.723574
Avers Ave & Foster Ave,41.97541,-87.72451999999998
Avondale Ave & Irving Park Rd,41.953393,-87.732002
Baltimore Ave & 133rd St,41.65349,-87.54703
Baltimore Ave & 87th St,41.73733560041666,-87.54851460456847
Bennett Ave & 79th St,41.751785,-87.578496
Benson Ave & Church St,42.048214,-87.683485
Bernard St & Elston Ave,41.949923,-87.713949
Bernard St & Peterson Ave,41.9904393,-87.715236
Big Marsh Park,41.68587705562333,-87.57382392883301
Bissell St & Armitage Ave*,41.9182955629354,-87.65218332409859
Blackstone Ave & 59th St,41.787877,-87.590461
Blackstone Ave & Hyde Park Blvd,41.802562,-87.590368
Blue Island Ave & 18th St,41.857556,-87.661535
Bosworth Ave & Howard St,42.019537,-87.669563
Bradley Park,41.717878301935,-87.56459176540375
Broadway & Argyle St,41.97423,-87.65977350000001
Broadway & Barry Ave,41.93758231600629,-87.6440978050232
Broadway & Belmont Ave,41.94010600392988,-87.6454510048789
Broadway & Berwyn Ave,41.97836100000001,-87.659789
Broadway & Cornelia Ave,41.945529,-87.646439
Broadway & Cuyler Ave,41.955417,-87.6515
Broadway & Granville Ave,41.9947796884,-87.6602845349
Broadway & Oakdale Ave,41.93558083163717,-87.64404965678466
Broadway & Ridge Ave,41.9840446107,-87.6602738295
Broadway & Roscoe Ave,41.94360000000001,-87.64532000000001
Broadway & Sheridan Rd,41.952833,-87.649993
Broadway & Sunnyside Ave,41.963419,-87.656069
Broadway & Thorndale Ave,41.98974251144,-87.6601406209
Broadway & Waveland Ave,41.949074,-87.648636
Broadway & Wilson Ave,41.965221,-87.658139
Buckingham Fountain,41.87130745884732,-87.62309887518705
Budlong Woods Library,41.98366470886,-87.6964225611
Burley Ave & 85th St,41.74117,-87.54518
Burley Ave & 91st St,41.73054,-87.54558
Burling St & Armitage Ave,41.918079999999996,-87.64728
Burling St & Diversey Pkwy,41.93314,-87.64776
Burling St & Diversey Pkwy*,41.93314,-87.64776
Burnham Greenway & 105th St,41.7045750872071,-87.52823173999786
Burnham Greenway & 112th St,41.69177385116831,-87.53043115139008
Burnham Harbor,41.85741178707404,-87.61379152536392
California & 16th St,41.859228,-87.695562
California Ave & 21st St,41.8537957934734,-87.69582286477088
California Ave & 23rd Pl,41.84910969176,-87.69513980680001
California Ave & 26th St,41.8436799145765,-87.69496858119965
California Ave & 29th St,41.840222,-87.694129
California Ave & 36th St,41.828098,-87.694684
California Ave & 41st St,41.81867,-87.69441
California Ave & 71st St,41.764748,-87.693121
California Ave & Altgeld St,41.92669,-87.697668
California Ave & Byron St,41.95216219326,-87.698051113
California Ave & Cortez St,41.900363,-87.696704
California Ave & Division St,41.903029000000004,-87.697474
California Ave & Fletcher St,41.93842879148,-87.698007756
California Ave & Francis Pl,41.91849116331977,-87.69742283132375
California Ave & Granville Ave,41.9941803,-87.6995596
California Ave & Lake St,41.88445395657,-87.6962981368
California Ave & Madison St,41.88098,-87.69598
California Ave & Marquette Rd,41.771611,-87.693331
California Ave & Milwaukee Ave,41.922695,-87.697153
California Ave & Montrose Ave,41.961068,-87.69543899999998
California Ave & North Ave,41.910044,-87.697167
California Ave & Touhy Ave,42.0120368,-87.7004371
California Ave & Winona St,41.97471199999999,-87.697852
Calumet Ave & 18th St,41.85761755293753,-87.61941075325012
Calumet Ave & 21st St,41.85418424947,-87.6191537415
Calumet Ave & 33rd St,41.834805689473676,-87.61795095789473
Calumet Ave & 35th St,41.831379,-87.618034
Calumet Ave & 51st St,41.80229465088,-87.6180535802
Calumet Ave & 71st St,41.76550800581,-87.616917925
Calumet Park,41.71370983035615,-87.53084421157837
Campbell Ave & 51st St,41.80094,-87.68676
Campbell Ave & Augusta Blvd,41.899578,-87.689497
Campbell Ave & Fullerton Ave,41.92463247165,-87.6893070063
Campbell Ave & Irving Park Rd,41.953634,-87.690782
Campbell Ave & Montrose Ave,41.96152399999999,-87.69117699999998
Campbell Ave & North Ave,41.910535,-87.689556
Canal St & Adams St,41.879255,-87.639904
Canal St & Harrison St,41.874255,-87.639573
Canal St & Jackson Blvd,41.878128645697444,-87.63996997065593
Canal St & Lake St,41.88597,-87.63999
Canal St & Madison St,41.882409,-87.639767
Canal St & Monroe St,41.8829056,-87.6397409
Canal St & Taylor St,41.870257,-87.639474
Cannon Dr & Fullerton Ave,41.9267559875,-87.6344287848
Carpenter St & 63rd St,41.77987,-87.650919
Carpenter St & Fulton St,41.88668,-87.65315
Carpenter St & Huron St,41.894556,-87.65344900000001
Central & Elston,41.9855,-87.7682
Central Ave & Altgeld St,41.9258119,-87.7663685
Central Ave & Chicago Ave,41.894958,-87.764902
Central Ave & Harrison St,41.872993,-87.764499
Central Ave & Lake St,41.887664,-87.765469
Central Ave & Madison St,41.880121,-87.763238
Central Ave & Parker Ave,41.9301785,-87.7661217
Central Ave & Roscoe St,41.942275,-87.76695
Central Ave & Wellington Ave,41.934905002777775,-87.76676849259259
Central Park & Augusta Blvd,41.8989108,-87.7164901
Central Park Ave & 24th St,41.8481,-87.715068
Central Park Ave & 66th St,41.773258,-87.713143
Central Park Ave & Ardmore Ave,41.9866081,-87.7187674
Central Park Ave & Bloomingdale Ave,41.914166,-87.716755
Central Park Ave & Douglas Blvd,41.86235,-87.71587
Central Park Ave & Elbridge Ave,41.93533728263,-87.71688929350002
Central Park Ave & North Ave,41.90965687563,-87.7166319516
Central Park Ave & Ogden Ave,41.854063503874464,-87.71511733531952
Central Park Ave & Ohio St,41.8918718,-87.7163879
Central Park Ave & Washington Blvd,41.8827476,-87.7153994
Central Park Blvd & 5th Ave,41.875679,-87.71547
Central St & Girard Ave,42.064313,-87.686152
Central St Metra,42.063598,-87.69873
Cherry Ave & Blackhawk St,41.907221,-87.655618
Chicago Ave & Sheridan Rd,42.050491,-87.677821
Chicago Ave & Washington St,42.032562,-87.679101
Chicago State University,41.71896342165455,-87.60829567909241
Christiana Ave & Lawrence Ave,41.96835449363001,-87.7118306675
Cicero Ave & Flournoy St,41.87213100000001,-87.746619
Cicero Ave & Lake St,41.886841,-87.745261
Cicero Ave & Quincy St,41.877613,-87.745405
Cicero Ave & Roscoe Ave,41.942427,-87.747315
Cicero Ave & Wellington Ave,41.93515,-87.74636
Cicero Ave & Wrightwood Ave,41.9279057,-87.7467295
Cityfront Plaza Dr & Pioneer Ct,41.890573,-87.622072
Claremont Ave & Hirsch St,41.907781,-87.685854
Clarendon Ave & Gordon Ter,41.95786652415175,-87.64950513839722
Clarendon Ave & Junior Ter,41.961004,-87.649603
Clarendon Ave & Leland Ave,41.967968,-87.65000100000002
Clark St & 9th St (AMLI),41.870816,-87.631246
Clark St & Arlington Pl,41.926939727841415,-87.64147979309305
Clark St & Armitage Ave,41.918305755767996,-87.63628183370878
Clark St & Berwyn Ave,41.978028844843585,-87.66836255860282
Clark St & Bryn Mawr Ave,41.983593,-87.669154
Clark St & Chicago Ave,41.89675,-87.63089
Clark St & Columbia Ave,42.00445062934,-87.6724024047
Clark St & Drummond Pl,41.931248,-87.644336
Clark St & Eddy St,41.94628,-87.65627
Clark St & Elm St,41.903017321641414,-87.63152289470456
Clark St & Elmdale Ave,41.99086044812557,-87.66972362995148
Clark St & Fletcher St,41.93894,-87.65030999999999
Clark St & Grace St,41.95078,-87.659172
Clark St & Ida B Wells Dr,41.8759326655,-87.6305845355
Clark St & Jarvis Ave,42.015963000000006,-87.675005
Clark St & Lake St,41.88602073203813,-87.63087535800302
Clark St & Leland Ave,41.967087841502305,-87.66729089029786
Clark St & Lincoln Ave,41.915689,-87.6346
Clark St & Lunt Ave,42.00901118058077,-87.67411172389984
Clark St & Montrose Ave,41.961588,-87.666036
Clark St & Newport St,41.94454,-87.654678
Clark St & North Ave,41.911974,-87.631942
Clark St & Schiller St,41.907993,-87.631501
Clark St & Schreiber Ave,41.999245,-87.671249
Clark St & Touhy Ave,42.01256011541,-87.6743671152
Clark St & Washington St,41.88301,-87.63100000000001
Clark St & Wellington Ave,41.9364968219,-87.6475386582
Clark St & Winnemac Ave,41.97334764047304,-87.6678554713726
Clark St & Wrightwood Ave,41.929546,-87.643118
Clark/Eddy,41.94659999999999,-87.65610000000001
Clark/Newport,41.9449,-87.65460000000002
Clark/Newport Corral,41.9449411,-87.654611
Clark/Racine,41.95049999999999,-87.65930000000002
Clark/Racine Corral,41.950436,-87.6593212
Clifton Ave & Armitage Ave,41.918216,-87.656936
Clinton St & 18th St,41.85795,-87.640826
Clinton St & Jackson Blvd,41.87831662050808,-87.64098109175531
Clinton St & Lake St,41.885637,-87.641823
Clinton St & Madison St,41.88275006331282,-87.64119022354309
Clinton St & Polk St,41.87146651779,-87.6409491327
Clinton St & Roosevelt Rd,41.8671177825,-87.6410879593
Clinton St & Tilden St,41.875885,-87.640795
Clinton St & Washington Blvd,41.883378993326986,-87.64117008864396
Clybourn Ave & Division St,41.904613,-87.640552
Clyde Ave & 87th St,41.73715146431056,-87.57274031639099
Columbus Ave & 79th St,41.749119,-87.704263
Columbus Ave & 83rd Pl,41.74134599999999,-87.713696
Columbus Dr & Randolph St,41.884728,-87.619521
Commercial Ave & 100th St,41.713317395477034,-87.55109757184982
Commercial Ave & 130th St,41.659150427597744,-87.55076229572296
Commercial Ave & 83rd St,41.744615,-87.551208
Commercial Ave & 90th St,41.73182347826087,-87.55225260869565
Commercial Ave & 97th St,41.71893,-87.55112
Conservatory Dr & Lake St,41.885502,-87.716866
Constance Ave & 95th St,41.72229074095262,-87.57896840572357
Cornell Ave & Hyde Park Blvd,41.802406,-87.586924
Cottage Grove Ave & 111th Pl,41.69170975847015,-87.61000156402588
Cottage Grove Ave & 43rd St,41.816499,-87.606582
Cottage Grove Ave & 47th St,41.809855,-87.606755
Cottage Grove Ave & 49th St,41.806273,-87.606643
Cottage Grove Ave & 51st St,41.803038,-87.606615
Cottage Grove Ave & 63rd St,41.78053094070882,-87.6059702038765
Cottage Grove Ave & 67th St,41.77372095205,-87.60563486
Cottage Grove Ave & 71st St,41.76571903697,-87.604959713
Cottage Grove Ave & 78th St,41.753174,-87.605026
Cottage Grove Ave & 83rd St,41.743441,-87.604836
Cottage Grove Ave & Oakwood Blvd,41.822985,-87.6071
Cumberland Ave & Catherine Ave,41.97732,-87.83674
Daley Center Plaza,41.88424087537072,-87.62963348535213
Daley Center Plaza Corral,41.8841951,-87.629701
Damen Ave & 33rd St,41.834108,-87.67559
Damen Ave & 51st St,41.800908,-87.674684
Damen Ave & 59th St,41.785861065132,-87.67414391040802
Damen Ave & 74th St,41.75927403933122,-87.67363429069519
Damen Ave & 77th St,41.75403254224914,-87.67335649122808
Damen Ave & 81st St,41.746534000000004,-87.67305500000002
Damen Ave & 87th St,41.736044,-87.672861
Damen Ave & Charleston St,41.920082,-87.677855
Damen Ave & Chicago Ave,41.89569719911461,-87.67713042376089
Damen Ave & Clybourn Ave,41.931931,-87.677856
Damen Ave & Cortland St,41.915983,-87.67733500000001
Damen Ave & Cullerton St,41.854966518753926,-87.67569959163664
Damen Ave & Division St,41.903266,-87.678435
Damen Ave & Evergreen Ave,41.90605,-87.67758
Damen Ave & Foster Ave,41.9758109755749,-87.67950989857908
Damen Ave & Grand Ave,41.89239445296271,-87.67688512802124
Damen Ave & Lake St,41.8849659,-87.6768354
Damen Ave & Leland Ave,41.967081,-87.679076
Damen Ave & Madison St,41.88137,-87.67493
Damen Ave & Melrose Ave,41.9406,-87.6785
Damen Ave & Ohio St,41.89239445296271,-87.67688512802124
Damen Ave & Pershing Rd,41.823192,-87.676597
Damen Ave & Pierce Ave,41.90913973176558,-87.6775313230267
Damen Ave & St Paul Ave,41.91301,-87.67778000000001
Damen Ave & Sunnyside Ave,41.96325,-87.679258
Damen Ave & Thomas St (Augusta Blvd),41.901315,-87.677409
Damen Ave & Wabansia Ave,41.91227003510449,-87.67728471402764
Damen Ave & Wellington Ave,41.93588,-87.67842000000002
Damen Ave & Wicker Park Ave,41.90881520000001,-87.6771937
Damen Ave/Coulter St,41.8492,-87.67564
Dan Ryan Woods & 83rd St,41.742805,-87.680177
Dauphin Ave & 103rd St,41.7072503677818,-87.60766267776489
Dauphin Ave & 87th St,41.73648,-87.601252
Dayton St & North Ave,41.9105780349,-87.6494219288
Dearborn Pkwy & Delaware Pl,41.898969,-87.629912
Dearborn St & Adams St,41.87936394102892,-87.62977936980188
Dearborn St & Adams St Corral,41.87939,-87.62988
Dearborn St & Division St,41.9043,-87.62991
Dearborn St & Erie St,41.893992,-87.629318
Dearborn St & Madison St,41.88206,-87.62963999999998
Dearborn St & Maple St,41.90191999999999,-87.63026
Dearborn St & Monroe St,41.881319815,-87.6295209193
Dearborn St & Van Buren St,41.876268,-87.629155
Dearborn St & Washington St,41.88299,-87.6293
Delano Ct & Roosevelt Rd,41.867491,-87.63219
Desplaines St & Jackson Blvd,41.87811890091227,-87.64394760131836
Desplaines St & Kinzie St,41.888716036,-87.6444478533
Desplaines St & Randolph St,41.883703000000004,-87.644238
Dodge Ave & Church St,42.048308,-87.698224
Dodge Ave & Main St,42.03463185161588,-87.69918769598006
Dodge Ave & Mulford St,42.023463,-87.699595
Dorchester Ave & 49th St,41.805772,-87.592464
Dorchester Ave & 53rd St,41.79943,-87.59227
Dorchester Ave & 63rd St,41.78040564570001,-87.5914159893
Doty Ave & 111th St,41.69501044938143,-87.59871482849121
Drake Ave & Addison St,41.947326,-87.717582
Drake Ave & Montrose Ave,41.96115407569,-87.7165690733
Drexel Ave & 60th St,41.785861,-87.604553
DuSable Lake Shore Dr & Belmont Ave,41.940775,-87.639192
DuSable Lake Shore Dr & Diversey Pkwy,41.932588,-87.636427
DuSable Lake Shore Dr & Monroe St,41.880958,-87.616743
DuSable Lake Shore Dr & North Blvd,41.911722,-87.626804
DuSable Lake Shore Dr & Wellington Ave,41.936688449499705,-87.63682901859283
DuSable Museum,41.79156801058,-87.6078521774
Dusable Harbor,41.88697599432289,-87.61281299950515
East End Ave & 87th St,41.73681521440671,-87.58280128240585
Eastlake Ter & Howard St,42.01920250193227,-87.66430288553238
Eberhart Ave & 131st St,41.658413151101065,-87.61071089698817
Eberhart Ave & 61st St,41.784071072761,-87.61448353528975
Eberhart Ave & 91st St,41.729285157254864,-87.6110315322876
Eckhart Park,41.89637337,-87.66098386
Eddy/Seminary Corral,41.9461279,-87.6566721
Edgebrook Metra,41.99751,-87.76539
Eggleston Ave & 111th St,41.69254,-87.63374
Eggleston Ave & 115th St,41.68507,-87.63361000000002
Eggleston Ave & 69th St,41.768898,-87.635876
Eggleston Ave & 92nd St,41.727575659299575,-87.63482809066771
Elizabeth St & 47th St,41.80839,-87.656526
Elizabeth St & 92nd St,41.72679896370119,-87.65429019927979
Elizabeth St & Fulton St,41.88678352528257,-87.65919419155264
Elizabeth St & Randolph St,41.884336,-87.658902
Ellis Ave & 53rd St,41.79933626261,-87.6009581145
Ellis Ave & 55th St,41.79430062054,-87.6014497734
Ellis Ave & 58th St,41.788746136093295,-87.60133399414377
Ellis Ave & 60th St,41.78509714636001,-87.6010727606
Ellis Ave & 83rd St,41.744123,-87.599034
Elmwood Ave & Austin St,42.02578400000001,-87.684107
Elston Ave & Carmen Ave,41.97354,-87.74955
Elston Ave & Cortland St,41.916433431898604,-87.66674637967343
Elston Ave & George St,41.934003,-87.690823
Elston Ave & Henderson St,41.941499,-87.701051
Elston Ave & Wabansia Ave,41.912919,-87.664169
Emerald Ave & 28th St,41.84358000000001,-87.64536800000002
Emerald Ave & 31st St,41.83819799627639,-87.64514298911445
Evans Ave & 75th St,41.75849,-87.60641
Evanston Civic Center,42.057044,-87.686554
Ewing Ave & 106th St,41.70266,-87.53564
Ewing Ave & 97th St,41.71981999999999,-87.53542
Ewing Ave & 98th St,41.71781,-87.53504
Ewing Ave & Burnham Greenway,41.70999,-87.5355
Exchange Ave & 79th St,41.75211500633265,-87.55200700025293
Fairbanks Ct & Grand Ave,41.89184737210993,-87.62058019638062
Fairbanks St & Superior St,41.895748,-87.620104
Fairfield Ave & 44th St,41.813617,-87.6932272
Fairfield Ave & Pratt Blvd,42.0044482,-87.69859730000002
Fairfield Ave & Roosevelt Rd,41.866624,-87.694521
Farragut Ave & Central Ave,41.976659999999995,-87.76823
Federal St & Polk St,41.872077632849994,-87.6295437729
Field Blvd & South Water St,41.88634906269,-87.6175165471
Field Museum,41.8653120005395,-87.61786701481803
Financial Pl & Ida B Wells Dr,41.8750236280333,-87.6330940425396
Fort Dearborn Dr & 31st St,41.83855595291223,-87.60821812148446
Fort Dearborn Dr & 31st St*,41.83867628233386,-87.60883195345701
Francisco Ave & 47th St,41.80849,-87.69673000000002
Francisco Ave & 85th St,41.738902,-87.695518
Francisco Ave & Bloomingdale Ave,41.9139595955414,-87.69938705732484
Francisco Ave & Chicago Ave,41.895745,-87.698653
Francisco Ave & Foster Ave,41.97563272521,-87.7014194389
Francisco Ave & Hollywood Ave,41.984746,-87.701593
Francisco Ave & Montrose Ave,41.9610471,-87.700901
Franciso Ave & Bloomingdale Ave,41.91396,-87.6994
Franklin St & Adams St,41.879434091400135,-87.63550400733948
Franklin St & Adams St (Temp),41.87943409140013,-87.63550400733948
Franklin St & Adams St Corral,41.87942,-87.63558
Franklin St & Chicago Ave,41.896792266987376,-87.63564033012628
Franklin St & Chicago Ave*,41.89679,-87.63564
Franklin St & Illinois St,41.89102335487364,-87.63548087376064
Franklin St & Jackson Blvd,41.87770795589999,-87.6353211408
Franklin St & Lake St,41.885836999999995,-87.63549999999998
Franklin St & Madison St,41.88139,-87.63542000000001
Franklin St & Monroe St,41.88031616332084,-87.63518440237203
Franklin St & Monroe St Corral,41.88056,-87.63524
Franklin St & Washington St,41.88318,-87.63511
Fullerton & Monitor,41.9237918,-87.7723116
Fulton Market,41.886871,-87.648089
Glenwood Ave & Morse Ave,42.00797192287,-87.6655023944
Glenwood Ave & Touhy Ave,42.012701,-87.666058
Grace St & Central Ave,41.9495327,-87.7672648
Grace St & Cicero Ave,41.94973,-87.74695
Grace/Sheffield,41.95120000000001,-87.6546
Grace/Sheffield Corral,41.9511586,-87.6546115
Granville Ave & Clark St,41.9944,-87.66983
Granville Ave & Pulaski Rd,41.9924402,-87.72890720000001
Green St & 86th St,41.73784847673341,-87.64489978551863
Green St & Chicago Ave,41.89466827448534,-87.64995936930755
Green St & Lake St,41.88558,-87.64841
Green St & Madison St,41.88185932803824,-87.64926373958588
Green St & Randolph St*,41.8836016120626,-87.64862672558314
Green St & Washington Blvd,41.883181305753524,-87.64872461685994
Greenview Ave & Diversey Pkwy,41.93258963429789,-87.66593635082245
Greenview Ave & Fullerton Ave,41.92533,-87.6658
Greenview Ave & Jarvis Ave,42.015962,-87.66857
Greenwood Ave & 47th St,41.809835,-87.59938299999999
Greenwood Ave & 79th St,41.75129139534884,-87.59752474418605
Greenwood Ave & 91st St,41.728264268162725,-87.59729862213135
Greenwood Ave & 97th St,41.71870315475741,-87.59703576564789
Griffin Museum of Science and Industry,41.79172820953,-87.583945009
Hale Ave & 107th St,41.69920616812768,-87.66891896724701
Halsted St & 104th St,41.70513978893236,-87.6424241065979
Halsted St & 111th St,41.69226255589166,-87.64261186122894
Halsted St & 119th St,41.67764,-87.64174
Halsted St & 123rd St,41.67096,-87.64154
Halsted St & 18th St,41.85750568031716,-87.64599144458771
Halsted St & 21st St,41.85377981072743,-87.6466029882431
Halsted St & 35th St,41.830661,-87.647172
Halsted St & 37th St,41.827059,-87.64572
Halsted St & 47th Pl,41.80813391481,-87.6456165545
Halsted St & 51st St,41.80183164049,-87.645213904
Halsted St & 56th St,41.79292964599,-87.6449900565
Halsted St & 59th St,41.787539,-87.644874
Halsted St & 63rd St,41.77938114228001,-87.6446208145
Halsted St & 69th St,41.76906172032,-87.6446135779
Halsted St & 73rd St,41.76160543804393,-87.64416097666071
Halsted St & 78th St,41.75248701249013,-87.6439021574879
Halsted St & 83rd St,41.74307,-87.64370000000001
Halsted St & 93rd St,41.72489,-87.64358
Halsted St & 96th St,41.71971218361882,-87.6430195569992
Halsted St & Archer Ave,41.847203,-87.646795
Halsted St & Armitage Ave,41.91823000000001,-87.64878999999999
Halsted St & Belden St,41.92365,-87.64894
Halsted St & Clybourn Ave,41.909668,-87.648128
Halsted St & Court Pl,41.883700000000005,-87.64721999999999
Halsted St & Dickens Ave,41.919936,-87.64883
Halsted St & Dickens Ave*,41.919936,-87.64883000000002
Halsted St & Fulton St,41.88685835666811,-87.64802209919087
Halsted St & Lake St,41.885760000000005,-87.64711
Halsted St & Maxwell St,41.864883,-87.64707099999998
Halsted St & Melrose St,41.94112,-87.64907000000001
Halsted St & North Branch St,41.89939028549696,-87.64854490756989
Halsted St & Polk St,41.87184,-87.64664
Halsted St & Roosevelt Rd,41.867324,-87.648625
Halsted St & Roscoe St,41.943667741716816,-87.64895781893892
Halsted St & Willow St,41.913865,-87.648755
Halsted St & Wrightwood Ave,41.929143,-87.64907700000002
Hamilton Park,41.76252,-87.63734000000001
Hamlin Ave & 62nd Pl,41.779953,-87.71782209999999
Hamlin Ave & Grand Ave,41.904034463325004,-87.72156312600833
Hampden Ct & Diversey Ave,41.9325593,-87.6423847
Hampden Ct & Diversey Pkwy,41.93247,-87.64242
Harding Ave & 26th St,41.844218,-87.723347
Harding Ave & 31st St,41.83672,-87.72303000000001
Harding Ave & Chicago Ave,41.895313,-87.724738
Harding Ave & Division St,41.9023453,-87.7250744
Harlem Ave & Bloomingdale Ave,41.91203,-87.80577
Harlem Ave & Grace St,41.94894,-87.80683
Harlem Ave & Irving Park Rd,41.95326,-87.80714
Harper Ave & 55th St,41.7953,-87.58833
Harper Ave & 59th St,41.78794281287001,-87.58831517019999
Hastings LWS,41.863516399999995,-87.6797485
Hastings St Depot LWS,41.8635164,-87.67974850000002
Hegewisch Metra Station,41.64850076266409,-87.54608988761902
Hermitage Ave & Polk St,41.871514,-87.669886
Higgins Ave & Austin Ave,41.97342,-87.77865
Homan Ave & 26th St,41.84425,-87.70983
Homan Ave & 65th St,41.775144,-87.708129
Homan Ave & 77th St,41.75374,-87.70751
Homan Ave & Arthington Ave,41.86963,-87.71055
Homan Ave & Fillmore St,41.868114,-87.71092569999999
Homewood Ave & 115th St,41.68459507202618,-87.67070800065994
Honore St & Division St,41.903119,-87.673935
Houston Ave & 92nd St,41.72820421535798,-87.54970014095306
Hoyne Ave & 34th St,41.8320245,-87.6778387
Hoyne Ave & 47th St,41.808227,-87.67718
Hoyne Ave & Balmoral Ave,41.979851,-87.681932
Hubbard St Depot,41.8897772,-87.680351
Hudson Ave & Armitage Ave,41.91818,-87.63999999999999
Humboldt Blvd & Armitage Ave,41.91751339399,-87.70180895549998
Hyacinth Ave & Milwaukee Ave,41.99282,-87.78377
Indiana Ave & 103rd St,41.70717027117756,-87.6184719800949
Indiana Ave & 133rd St,41.6538,-87.61719000000001
Indiana Ave & 26th St,41.845687,-87.622481
Indiana Ave & 31st St,41.838842,-87.621857
Indiana Ave & 40th St,41.821679964801916,-87.62159931493291
Indiana Ave & Roosevelt Rd,41.86788801019692,-87.6230410031074
Jefferson St & Monroe St,41.880329633634624,-87.64274597167967
Jeffery Blvd & 67th St,41.77351755125,-87.5771428255
Jeffery Blvd & 71st St,41.76663823695,-87.57645011409998
Jeffery Blvd & 76th St,41.75712006802,-87.5758393587
Karlov Ave & Armitage Ave,41.91748,-87.72895199999999
Karlov Ave & Fillmore St,41.86815,-87.7276
Karlov Ave & Lawrence Ave,41.967947,-87.730409
Karlov Ave & Madison St,41.88085,-87.727907
Kedvale Ave & Peterson Ave,41.9900762,-87.7317073
Kedzie Ave & 104th St,41.7037764,-87.70139519999998
Kedzie Ave & 110th St,41.69239474587557,-87.70096063613892
Kedzie Ave & 21st St,41.85353363213,-87.7050730318
Kedzie Ave & 24th St,41.848192999999995,-87.70541199999998
Kedzie Ave & 38th Pl,41.8235109,-87.7041017
Kedzie Ave & 38th St,41.8235109,-87.7041017
Kedzie Ave & 45th St,41.8113904,-87.7040052
Kedzie Ave & 48th Pl,41.8047581237684,-87.70421936879356
Kedzie Ave & 52nd St,41.79906,-87.70342
Kedzie Ave & 54th Pl,41.793637538888895,-87.70345380555557
Kedzie Ave & 57th St,41.78983,-87.7031
Kedzie Ave & 60th St,41.78458,-87.70319
Kedzie Ave & 66th Pl,41.772584,-87.703007
Kedzie Ave & 73rd St,41.760703,-87.702292
Kedzie Ave & 83rd St,41.742523,-87.702279
Kedzie Ave & Archer Ave,41.81447,-87.70411
Kedzie Ave & Armitage Ave,41.91759,-87.70685
Kedzie Ave & Bryn Mawr Ave,41.982229759115164,-87.70888656377792
Kedzie Ave & Chicago Ave,41.89546530305,-87.7061278837
Kedzie Ave & Foster Ave,41.975672,-87.709261
Kedzie Ave & George St,41.933886,-87.707262
Kedzie Ave & Harrison St,41.87359967462,-87.7048707493
Kedzie Ave & Jackson Blvd,41.877161,-87.706134
Kedzie Ave & Lake St,41.88460328501,-87.70630374359999
Kedzie Ave & Leland Ave,41.96668636205,-87.7080519806
Kedzie Ave & Milwaukee Ave,41.929083085060974,-87.70802510914633
Kedzie Ave & Palmer Ct,41.921525,-87.707322
Kedzie Ave & Redfield Dr,41.76523,-87.70316
Kedzie Ave & Roosevelt Rd,41.86649278172,-87.7064961757
Keeler Ave & Carmen Ave,41.974323,-87.7331
Keeler Ave & Roosevelt Rd,41.866402,-87.7300171
Kenmore Ave & School St,41.94166,-87.6556
Kenneth Ave & 50th St,41.8023156,-87.7344142
Kenneth Ave & Lawrence Ave,41.967943,-87.739983
Kenosha Ave & Wellington Ave,41.934457,-87.733795
Kenton Ave & Madison St,41.88042,-87.74107999999998
Kenwood Ave & 57th St,41.79153999999999,-87.59295
Keystone Ave & Fullerton Ave,41.92459,-87.72785
Keystone Ave & Montrose Ave,41.96110801623001,-87.7289701012
Kilbourn Ave & 49th St,41.80385,-87.73566
Kilbourn Ave & Belden Ave,41.922369,-87.739024
Kilbourn Ave & Diversey Ave,41.93179,-87.73934
Kilbourn Ave & Irving Park Rd,41.953733,-87.740569
Kilbourn Ave & Milwaukee Ave,41.94761930237381,-87.74001627636491
Kilbourn Ave & Roscoe St,41.942722,-87.739557
Kildare & Cermak,41.85141399999999,-87.73215000000002
Kildare Ave & 26th St,41.84431738489837,-87.73233669396876
Kildare Ave & 47th St,41.80762,-87.73084
Kildare Ave & 55th St,41.79332,-87.73059
Kildare Ave & 85th St (Kostner Ave & 87th St TEMPORARY),41.734929,-87.731187
Kildare Ave & Archer Ave,41.80034,-87.73079
Kildare Ave & Chicago Ave,41.8954357,-87.73348179999999
Kildare Ave & Division St,41.902393,-87.733598
Kildare Ave & Montrose Ave,41.96108,-87.73569
Kildare Ave & North Ave,41.9095392,-87.7338518
Kilpatrick Ave & Grand Ave,41.912732,-87.743636
Kilpatrick Ave & Parker Ave,41.930736,-87.744082
Kimball Ave & Belmont Ave,41.93939395344302,-87.71206766366959
Kimbark Ave & 53rd St,41.7994549,-87.59477789999998
Kingsbury St & Erie St,41.8939139,-87.6417358
Kingsbury St & Kinzie St,41.889172621529056,-87.63849963502554
Kingsbury St & Kinzie St 1,41.889070000000004,-87.63835
Kingsbury St & Kinzie St 2,41.889188,-87.638387
Knox Ave & Marquette Ave,41.77114,-87.73774
Knox Ave & Montrose Ave,41.960631,-87.745359
Komensky Ave & 31st St,41.836708,-87.725641
Komensky Ave & 47th St,41.80769,-87.72472
Komensky Ave & 55th St,41.793279,-87.72418899999998
Kosciuszko Park,41.93058537138,-87.7237773635
Kostner Ave & 63rd St,41.77875,-87.73246
Kostner Ave & Adams St,41.877917,-87.735737
Kostner Ave & Belmont Ave,41.939191,-87.737112
Kostner Ave & Bryn Mawr Ave,41.982765,-87.738094
Kostner Ave & Devon Ave,41.997032,-87.73837
Kostner Ave & Lake St,41.885928,-87.73541
Kostner Ave & Wrightwood Ave,41.927957,-87.735952
La Villita Park,41.83925,-87.70202
LaSalle Dr & Huron St,41.894877,-87.632326
LaSalle St & Adams St,41.87934437346,-87.6319852213
LaSalle St & Adams St Corral,41.87937994371794,-87.63207985027061
LaSalle St & Calhoun Pl,41.882664,-87.63253000000002
LaSalle St & Calhoun Pl Corral,41.88288,-87.63251
LaSalle St & Illinois St,41.890762,-87.631697
LaSalle St & Jackson Blvd,41.878166,-87.631929
LaSalle St & Jackson Blvd Corral,41.87816,-87.63204
LaSalle St & Washington St,41.88282761288388,-87.63241016237205
LaSalle St & Washington St Corral,41.88288,-87.63251
LaSalle St & Washington St Corral N,41.88288,-87.63251
LaSalle St & Washington St Corral S,41.88267,-87.63249
Laflin St & 115th St,41.68499,-87.65991
Laflin St & Cullerton St,41.85491457576575,-87.66355991363525
Lake Park Ave & 35th St,41.83127423549,-87.6087991946
Lake Park Ave & 47th St,41.809443,-87.591875
Lake Park Ave & 53rd St,41.79949429373001,-87.5864498959
Lake Park Ave & 56th St,41.791661314578,-87.58748949571235
Lakefront Trail & Bryn Mawr Ave,41.98404411519213,-87.65228122472763
Lakefront Trail & Wilson Ave,41.9668559,-87.6430926
Lakeview Ave & Fullerton Pkwy,41.925858,-87.638973
Lamon Ave & 47th St,41.80781,-87.74569
Lamon Ave & Armitage Ave,41.91676,-87.749458
Lamon Ave & Belmont Ave,41.9390108,-87.7492834
Lamon Ave & Chicago Ave,41.8950179,-87.7484986
Laramie Ave & Addison St,41.9456842,-87.75693440000002
Laramie Ave & Bloomingdale Ave,41.91432,-87.75572
Laramie Ave & Gladys Ave,41.875806,-87.75528499999999
Laramie Ave & Irving Park Rd,41.9533354,-87.75838439999998
Laramie Ave & Kinzie St,41.887832,-87.75552699999999
Laramie Ave & Madison St,41.880207,-87.755337
Larrabee St & Armitage Ave,41.918084,-87.643749
Larrabee St & Chicago Ave,41.89677,-87.6386
Larrabee St & Clybourn Ave,41.9066,-87.64322
Larrabee St & Division St,41.9034860737611,-87.64335349093417
Larrabee St & Kingsbury St,41.897764,-87.642884
Larrabee St & Kingsbury St 1,41.89777797048414,-87.64288463116276
Larrabee St & Kingsbury St 2,41.89758,-87.6429
Larrabee St & Menomonee St,41.91468,-87.64332
Larrabee St & North Ave,41.91021,-87.6435
Larrabee St & Oak St,41.90026748327433,-87.64269324050811
Larrabee St & Webster Ave,41.921822,-87.64414
Lasalle St & Washington St,41.8832351,-87.6321117
Latrobe Ave & Chicago Ave,41.894745,-87.756895
Lavergne Ave & 44th St,41.81311000000001,-87.74868999999998
Lavergne Ave & 46th St,41.80934,-87.7478312
Lavergne Ave & Diversey Ave,41.93128,-87.75141
Lavergne Ave & Division St,41.9021077,-87.7508698
Lavergne Ave & Fullerton Ave,41.924034,-87.751191
Lavergne Ave & Lawrence Ave,41.96775000000001,-87.75259000000001
Lawler Ave & 50th St,41.80217,-87.74893999999999
Lawler Ave & North Ave,41.90917540000001,-87.7522545
Lawndale Ave & 111th St,41.69131919221066,-87.71288573741913
Lawndale Ave & 16th St,41.8591606,-87.7176965
Lawndale Ave & 30th St,41.8389124,-87.7168955
Lawndale Ave & 59th St,41.78638,-87.71570000000001
Le Mai Ave & Devon Ave,41.99722,-87.75687
Leamington Ave & Hirsch St,41.9058405,-87.7548602
Leavitt St & Addison St,41.946655,-87.683359
Leavitt St & Archer Ave,41.82879201994,-87.6806044594
Leavitt St & Armitage Ave,41.917805,-87.68243699999998
Leavitt St & Augusta Blvd,41.89962,-87.68194
Leavitt St & Belmont Ave,41.939354,-87.683282
Leavitt St & Chicago Ave,41.895501,-87.682017
Leavitt St & Division St,41.90299699999999,-87.683825
Leavitt St & Hirsch St,41.90689,-87.68233
Leavitt St & Lawrence Ave,41.968885,-87.684001
Leavitt St & North Ave,41.91026962479713,-87.68234483279865
Leavitt St/North Ave,41.910077,-87.68230600000001
Leclaire Ave & Belmont Ave,41.939041,-87.754197
Lexington St & California Ave,41.8719938,-87.6958108
Lincoln Ave & Addison St,41.946176,-87.673308
Lincoln Ave & Balmoral Ave,41.979461,-87.693013
Lincoln Ave & Belle Plaine Ave,41.95600355078549,-87.68016144633293
Lincoln Ave & Byron St,41.952372,-87.677296
Lincoln Ave & Dickens Ave,41.920120000000004,-87.6416
Lincoln Ave & Diversey Pkwy,41.93222500062526,-87.65861701501092
Lincoln Ave & Fullerton Ave,41.924161029067626,-87.64638036489487
Lincoln Ave & Melrose St,41.9406,-87.669435
Lincoln Ave & Montana St,41.926570000000005,-87.65059999999998
Lincoln Ave & Peterson Ave,41.990267,-87.70857
Lincoln Ave & Roscoe St*,41.9433502470174,-87.67066776752472
Lincoln Ave & Sunnyside Ave,41.963004,-87.684781
Lincoln Ave & Waveland Ave,41.948797,-87.675278
Lincoln Ave & Winona St,41.97491129677,-87.6925025594
Lincoln Park Conservatory,41.92393131136619,-87.63582453131676
Lincolnwood Dr & Central St,42.064854,-87.715297
Linder Ave & Montrose Ave,41.96081,-87.76488
Lock St & 31st St,41.83796199975824,-87.65904880162913
Lockwood Ave & Grand Ave,41.9175941,-87.7584143
Lockwood Ave & Wrightwood Ave,41.927766,-87.758544
Logan Blvd & Elston Ave,41.929465,-87.684158
Long & Irving Park,41.953038,-87.7621632
Long Ave & Belden Ave,41.9227049,-87.760954
Long Ave & Belmont Ave,41.93833,-87.76166
Long Ave & Diversey Ave,41.93104,-87.76124
Long Ave & North Ave,41.9092147,-87.7609189
Loomis Blvd & 84th St,41.74148652861805,-87.65841007232666
Loomis St & 89th St,41.73237975329554,-87.65806943178177
Loomis St & 95th St,41.72148,-87.65774
Loomis St & Archer Ave,41.84163253965,-87.6574349533
Loomis St & Jackson Blvd,41.877945,-87.662007
Loomis St & Lexington St,41.87222873224032,-87.66136385500431
Loomis St & Lexington St*,41.87222873224032,-87.66136385500431
Lowell Ave & Armitage Ave,41.9170767,-87.7353543
Lynch Ave & Elston Ave,41.98096,-87.76149
MLK Jr Dr & 29th St,41.842052,-87.617
MLK Jr Dr & 47th St,41.809851,-87.616279
MLK Jr Dr & 56th St,41.79342945658,-87.6158532619
MLK Jr Dr & 63rd St,41.78008063659,-87.6159428567
MLK Jr Dr & 83rd St,41.743116,-87.6148
MLK Jr Dr & Pershing Rd,41.8246,-87.61678
MTV Hubbard St,41.8897772,-87.68035100000002
Madison St & Wells St,41.88199,-87.63418
Major Ave & Addison St,41.945975255652165,-87.77106542956521
Major Ave & Bloomingdale Ave,41.9125923,-87.7686995
Major Taylor Trail & 111th St,41.69211,-87.6489
Major Taylor Trail & 115th St,41.68493159519296,-87.6452887058258
Major Taylor Trail & 124th St,41.66869635332246,-87.63711333274841
Malcolm X College,41.877618,-87.673895
Malden St & Wilson Ave,41.96526,-87.66275
Mango Ave & Diversey Ave,41.9309625,-87.7698856
Mango Ave & Grand Ave,41.9196511,-87.7694171
Mango Ave & North Ave,41.90958,-87.7691175
Manistee Ave & 95th St,41.72259999999999,-87.55692
Manor Ave & Leland Ave,41.965875,-87.700825
Maplewood Ave & 59th St,41.7863375,-87.6874351
Maplewood Ave & Peterson Ave,41.99023602866999,-87.6933696402
Marine Dr & Ainslie St,41.9716,-87.650154
Marmora Ave & Belmont Ave,41.9382897,-87.7737692
Marmora Ave & Irving Park Rd,41.9531072,-87.7747326
Marquette Ave & 89th St,41.73366879071471,-87.55834221839905
Marshfield Ave & 44th St,41.81388181322957,-87.6664333618677
Marshfield Ave & 59th St,41.78683300000001,-87.666215
Marshfield Ave & Diversey Pkwy,41.93204,-87.6697
Marshfield Ave & Wabansia Ave,41.91218,-87.66888
Martin Luther King Dr & 111th St,41.69263895647179,-87.61367386484747
Martin Luther King Dr & 87th St,41.73677,-87.61438999999999
Mason Ave & Belmont Ave,41.938368200000006,-87.77250290000002
Mason Ave & Grand Ave,41.9204347,-87.7743901
Mason Ave & Montrose Ave,41.96056,-87.77588
May St & 69th St,41.768938,-87.652934
May St & Cullerton St,41.855136,-87.654127
May St & Hubbard St,41.89008,-87.65597
May St & Taylor St,41.86941940540373,-87.65523116767652
Mayfield Ave & Roosevelt Rd,41.86569,-87.77176
McClurg Ct & Erie St,41.89450300000001,-87.617854
McClurg Ct & Ohio St,41.892592119709725,-87.61728912591934
McCormick Blvd & Devon Ave,41.997197299082565,-87.71105704770642
McCormick Place,41.8513751729,-87.6188346489
Meade Ave & Addison St,41.94595,-87.77888
Meade Ave & Diversey Ave,41.93086,-87.77845
Meade Ave & Fullerton Ave,41.924751,-87.778272
Melvina Ave & Giddings Ave,41.96648,-87.78202000000002
Menard Ave & Lawrence Ave,41.96788,-87.77274
Menard Ave & Milwaukee Ave,41.98139,-87.77331
Menard Ave & North Ave,41.9097167,-87.7702037
Merrimac Park,41.95261,-87.78535
Michigan Ave & 105th St,41.70346,-87.62037
Michigan Ave & 108th St,41.69815,-87.62111000000002
Michigan Ave & 113th St,41.68905,-87.62079
Michigan Ave & 114th St,41.68701479467118,-87.62105226516724
Michigan Ave & 11th St,41.86959,-87.623961
Michigan Ave & 14th St,41.864059,-87.623727
Michigan Ave & 18th St,41.857926,-87.62433600000001
Michigan Ave & 71st St,41.765286,-87.621748
Michigan Ave & 8th St,41.87277296771354,-87.62398098838872
Michigan Ave & Ida B Wells Dr,41.876203,-87.624464
Michigan Ave & Jackson Blvd,41.878345598237544,-87.62415080552178
Michigan Ave & Lake St,41.886022,-87.624398
Michigan Ave & Madison St,41.882134,-87.625125
Michigan Ave & Oak St,41.90096039009614,-87.62377663865593
Michigan Ave & Pearson St,41.89766,-87.62351
Michigan Ave & Washington St,41.88398406449815,-87.62468397185215
Midway Orange Line,41.78692,-87.73892
Mies van der Rohe Way & Chestnut St,41.8985866514,-87.6219152258
Mies van der Rohe Way & Chicago Ave,41.89694462637082,-87.62175768613815
Millard Ave & 26th St,41.84453112462163,-87.71592199802399
Millennium Park,41.8810317,-87.62408432
Milwaukee & Fullerton,41.92469,-87.7006
Milwaukee Ave & Agatite Ave,41.9615,-87.75489
Milwaukee Ave & Ainslie St,41.96861,-87.76108
Milwaukee Ave & Armitage Ave,41.91771000000001,-87.68864
Milwaukee Ave & Cuyler Ave,41.95446799999999,-87.749594
Milwaukee Ave & Diversey Ave,41.93266,-87.71222
Milwaukee Ave & Fullerton Ave,41.924690375095686,-87.70058124521562
Milwaukee Ave & Grand Ave,41.891578,-87.648384
Milwaukee Ave & Highland Ave,41.99636,-87.78674
Milwaukee Ave & Rockwell St,41.92032879364165,-87.69308613427661
Milwaukee Ave & The 606,41.913754,-87.6826658
Milwaukee Ave & Wabansia Ave,41.912616,-87.68139430306123
Milwaukee Ave & Wabansia Ave*,41.912616,-87.681391
Monitor Ave & Division St,41.90192,-87.77178
Monticello Ave & Chicago Ave,41.895733029878045,-87.71760476158536
Monticello Ave & Irving Park Rd,41.95400483876,-87.7191281797
Monticello Ave & Lawrence Ave,41.96834806534399,-87.71898711572858
Montrose Harbor,41.963982,-87.638181
Morgan Ave & 14th Pl,41.86237799999999,-87.651062
Morgan St & 18th St,41.858086,-87.651073
Morgan St & 31st St,41.8378,-87.65114
Morgan St & Hubbard St,41.89012,-87.65251000000002
Morgan St & Lake St*,41.88549170626906,-87.65228927135468
Morgan St & Pershing Rd,41.823613,-87.650931
Morgan St & Polk St,41.871737,-87.65103
Mozart St & 55th St,41.79375,-87.69472
Mozart St & 79th St,41.749702,-87.69391700000001
Mozart St & Jackson Blvd,41.8775,-87.69740000000002
Mulligan Ave & Archer Ave,41.79296,-87.78052
N Carpenter St & W Lake St,41.885586,-87.6531893
N Clark St & W Elm St,41.90290100000001,-87.631282
N Damen Ave & W Chicago Ave,41.895809,-87.678519
N Green St & W Lake St,41.885579,-87.648484
N Paulina St & Lincoln Ave,41.943838,-87.671469
N Shore Channel Trail & Argyle St,41.972177,-87.702749
N Southport Ave & W Newport Ave,41.944018882992054,-87.66397501880483
NAVY PIER,41.892278,-87.612043
NEW HASTINGS,41.863605,-87.679764
Nagle Ave & Belmont Ave,41.93852,-87.78735
Narragansett Ave & McLean Ave,41.9159,-87.78511
Narragansett Ave & Montrose Ave,41.959978,-87.786928
Narragansett Ave & North Ave,41.909499999999994,-87.78491
Narragansett Ave & School St,41.940128,-87.7864806
Narragansett Ave & Wrightwood Ave,41.927290000000006,-87.78523
Navy Pier,41.892278,-87.612043
New St & Illinois St,41.89084704062381,-87.61861681938171
Newcastle Ave & Irving Park Rd,41.95256,-87.79755
Noble St & Milwaukee Ave,41.9007,-87.66260699999998
Noble St & Ohio St,41.89242000000001,-87.66205999999998
Noble St & Potomac Ave,41.90383473134329,-87.66286604477612
Nordica Ave & Medill Ave,41.92227,-87.80202
Normal Ave & Archer Ave,41.849526999999995,-87.640591
North Ave & New England Ave,41.9092204,-87.7971406
North Boundary Park,42.01302999999999,-87.70891
Oak Park & Wellington,41.934586,-87.7959613
Oakley Ave & Irving Park Rd,41.95434085219,-87.6860796243
Oakley Ave & Lyndale St,41.92261,-87.68513
Oakley Ave & Touhy Ave,42.012342,-87.688243
Oconto Ave & Belmont Ave,41.93783,-87.80788
Ogden Ave & Chicago Ave,41.896362458,-87.6540612729
Ogden Ave & Congress Pkwy,41.87501,-87.67328
Ogden Ave & Race Ave,41.891795,-87.658751
Ogden Ave & Roosevelt Rd,41.86650148316,-87.68469707
Oglesby Ave & 100th St,41.71339748442245,-87.56584167480469
Oketo Ave & Addison St,41.94496,-87.81189
Olive Harvey College,41.70958113526255,-87.59023368358612
Orange Ave & Addison St,41.94485,-87.82423
Oriole Ave & Irving Park Rd,41.95224,-87.81697000000001
Orleans St & Chestnut St (NEXT Apts),41.898203,-87.637536
Orleans St & Elm St,41.902924000000006,-87.637715
Orleans St & Hubbard St,41.890028,-87.636618
Orleans St & Merchandise Mart Plaza,41.888243,-87.63638999999999
Overhill Ave & Belmont Ave,41.93799,-87.81915
Panama Ave & Grace St,41.94766,-87.82925
Parkside Ave & Armitage Ave,41.916907,-87.767173
Parnell Ave & 127th St,41.66338,-87.63429000000001
Parnell Ave & 31st St,41.837911,-87.640279
Paulina Ave & 87th St,41.735629,-87.66552
Paulina Ave & North Ave,41.90985465216731,-87.66993016004562
Paulina St & 18th St,41.857901,-87.668745
Paulina St & Adams St,41.87862,-87.66913
Paulina St & Cortland St,41.91626,-87.67019
Paulina St & Division St,41.903552899999994,-87.67042920000002
Paulina St & Flournoy St,41.87306108789792,-87.66913488507271
Paulina St & Howard St,42.019159,-87.673573
Paulina St & Montrose Ave,41.961507,-87.67138699999998
Peoria St & Jackson Blvd,41.87764159627531,-87.64961779117584
Peoria St & Kinzie St,41.88896,-87.64973
Perry Ave & 69th St,41.76929308995,-87.62819592909999
Pershing Rd & Sacramento Ave,41.8223772681012,-87.69975413003766
Peterson/Ridge Metra,41.9918,-87.67488999999999
Phillips Ave & 79th St,41.75182,-87.565211
Phillips Ave & 83rd St,41.744531,-87.56506
Pine Ave & Division St,41.9019265060241,-87.76371771084338
Pine Grove Ave & Irving Park Rd,41.95436725508892,-87.64794502215663
Pine Grove Ave & Waveland Ave,41.94947274088333,-87.64645278453827
Pine Grove Ave & Wellington Ave,41.93650999999999,-87.64119
Ping Tom Park (East),41.8579886,-87.6319447
Plainfield & Irving Park,41.952037,-87.833283
Portage Park,41.95607,-87.76471999999998
Prairie Ave & 43rd St,41.81665889302,-87.61941246190001
Prairie Ave & Garfield Blvd,41.794852999999996,-87.618691
Princeton Ave & 47th St,41.80931770924,-87.633449288
Princeton Ave & 95th St,41.72175,-87.63075
Princeton Ave & Garfield Blvd,41.794982,-87.633124
Prospect Sq & 91st St,41.7282338,-87.6675239
Public Rack - 10101 S Stony Island Ave,41.70838,-87.581455
Public Rack - 10557 S Western Ave,41.701719,-87.68128
Public Rack - 111th St - Morgan Park Metra,41.692738,-87.670569
Public Rack - 2302 S Pulaski Rd,41.849437,-87.724879
Public Rack - 4810 Keeler Ave,41.9685781,-87.7330358
Public Rack - 532 E 43rd St,41.816847,-87.613294
Public Rack - 53rd St & Indiana Ave,41.798015,-87.620745
Public Rack - 56th St & Mulligan Ave,41.7905068,-87.7799326
Public Rack - 61st St & Melvina Ave,41.780658,-87.776651
Public Rack - 63rd & Western Ave N,41.779334,-87.683768
Public Rack - 63rd Pl & Narraganssett Ave,41.7765858,-87.7820753
Public Rack - 63rd St & Meade Ave,41.778672,-87.7748374
Public Rack - 63rd St and Nagle Ave,41.7776014,-87.7822158
Public Rack - 63rd St and Natoma Ave,41.777927,-87.7875789
Public Rack - 82nd st & Kedzie Ave,41.743336,-87.702362
Public Rack - 83rd Pl & Kedzie Ave N,41.7417227,-87.702287
Public Rack - 83rd Pl & Kedzie Ave S,41.741382,-87.702345
Public Rack - 83rd St (Avalon Park) Metra,41.743916,-87.598786
Public Rack - 85th Pl & Pulaski Rd,41.737389,-87.72133399999998
Public Rack - Abbott Park,41.721696,-87.622278
Public Rack - Ada St & 119th St,41.677326,-87.654473
Public Rack - Ada St & 79th St,41.750522,-87.657252
Public Rack - Ada St & 95th St,41.72158,-87.65612
Public Rack - Aida Food Market,41.749896,-87.643693
Public Rack - Al Raby School,41.886167,-87.71471100000001
Public Rack - Albany Ave & 103rd St,41.706747,-87.700047
Public Rack - Albany Ave & 63rd St,41.778906,-87.70084
Public Rack - Archer Park,41.803822,-87.73551
Public Rack - Artesian & 71st,41.764748,-87.684669
Public Rack - Ashburn Metra,41.7412,-87.71312
Public Rack - Ashland Ave & 45th St,41.811958,-87.664862
Public Rack - Ashland Ave & 45th St  S,41.811169,-87.66474
Public Rack - Ashland Ave & 46th St,41.810537,-87.665404
Public Rack - Ashland Ave & 63rd St,41.779127,-87.664039
Public Rack - Ashland Ave & 71st St,41.76577,-87.66433
Public Rack - Ashland Ave & 76th St,41.75596,-87.66391
Public Rack - Ashland Ave & 83rd St,41.742715,-87.663551
Public Rack - Ashland Ave & 91st St,41.728271,-87.662673
Public Rack - Austin & 62nd,41.77966,-87.771414
Public Rack - Austin & Higgins,41.973152,-87.77791
Public Rack - Austin Ave & Archer Ave,41.794209,-87.7716154
Public Rack - Austin Ave & Roscoe St,41.942196,-87.776472
Public Rack - Austin Ave & Wellington Ave,41.9352453,-87.776052
Public Rack - Austin Ave & Wrightwood Ave,41.927666,-87.775682
Public Rack - Austin Blvd & North Ave,41.90928099999999,-87.775613
Public Rack - Austin Branch Chicago Public Library,41.889161,-87.765738
Public Rack - Ave L & 105th St,41.703542,-87.536634
Public Rack - Ave N & 106th St,41.702616,-87.538744
Public Rack - Avenue J & 106th St,41.70261,-87.533531
Public Rack - Avenue J & 112th St,41.691844,-87.534181
Public Rack - Avenue M & 132nd St,41.655692,-87.537595
Public Rack - Avenue O & 118th St,41.681136,-87.54029
Public Rack - Avers & Granville,41.993947,-87.725095
Public Rack - Avers & Lawrence,41.96842,-87.72446
Public Rack - Avers Ave & Archer Ave,41.804487,-87.719584
Public Rack - Avers Ave & Irving Park Rd,41.953789,-87.724161
Public Rack - Avers Ave & Ogden Ave,41.852641999999996,-87.72103
Public Rack - Avondale Ave & Addison St,41.946549999999995,-87.719827
Public Rack - Back of the Yards Park,41.804381,-87.657742
Public Rack - Baltimore Ave & 132nd St,41.655201,-87.546942
Public Rack - Baltimore Ave & 134th St,41.651419,-87.547321
Public Rack - Bell Ave & 95th St,41.721188,-87.678786
Public Rack - Bensley Ave & 103rd St,41.7084,-87.56319
Public Rack - Bernard St & Foster Ave,41.9756353,-87.7126762
Public Rack - Bishop St & 46th St,41.80994,-87.661522
Public Rack - Bishop St & 81st St,41.745827,-87.659849
Public Rack - Bradley Park,41.718353,-87.564459
Public Rack - Brainerd Park,41.726942,-87.654896
Public Rack - Brandon Ave & 91st St,41.730218,-87.546758
Public Rack - Brighton Park Branch Chicago Library,41.815242,-87.702651
Public Rack - Brooks Park,42.0044152,-87.8070628
Public Rack - Bryn Mawr Ave & Milwaukee Ave,41.982934,-87.77443399999999
Public Rack - Bryn Mawr Ave & Spaulding Ave,41.9830926,-87.7115845
Public Rack - Buffalo Ave & 133rd St,41.65428,-87.543539
Public Rack - Buffalo Ave & 89th St,41.73341,-87.54454
Public Rack - Burnside Academy,41.728525,-87.608231
Public Rack - California & 71st,41.764618,-87.693452
Public Rack - California & 82nd,41.745283,-87.692588
Public Rack - California & 87th,41.73569,-87.69217199999999
Public Rack - California Ave & Cortez St,41.900105,-87.696817
Public Rack - California Ave & Devon Ave - NE,41.99826,-87.69948100000002
Public Rack - California Ave & Devon Ave - NW,41.998481,-87.69985
Public Rack - California Ave & Ogden Ave,41.8608706,-87.695681
Public Rack - California Ave & Pershing Rd,41.822632,-87.695024
Public Rack - California Ave & Touhy Ave - NW,42.012177,-87.699865
Public Rack - California Ave & Touhy Ave - SW,42.011867,-87.700407
Public Rack - California Ave & Touhy Ave - midblock,42.012207,-87.700474
Public Rack - Calumet Ave & 103rd St,41.707061,-87.61530899999998
Public Rack - Calumet Ave & 51st St,41.802221,-87.618457
Public Rack - Calumet Ave & 71st St,41.765537,-87.617305
Public Rack - Calumet Ave & Garfield Blvd,41.794886,-87.617415
Public Rack - Campbell Ave & Pratt Blvd,42.00507,-87.692643
Public Rack - Canfield & Victoria,41.985067,-87.823171
Public Rack - Canty Elementary School,41.947562,-87.829311
Public Rack - Central & Berteau,41.95689,-87.767329
Public Rack - Central & Leland,41.965408,-87.767339
Public Rack - Central & Prescott,41.992794,-87.765586
Public Rack - Central Ave & Congress Pkwy,41.87369,-87.764746
Public Rack - Central Ave & Corcoran Pl,41.887342,-87.765041
Public Rack - Central Ave & George St,41.9326579,-87.7662058
Public Rack - Central Ave & Lawrence Ave,41.9678641,-87.76759310000001
Public Rack - Central Ave & North Ave,41.909414000000005,-87.765817
Public Rack - Central Ave & Pensacola Ave,41.9600246,-87.7671371
Public Rack - Central Park & Bryn Mawr,41.982873,-87.719594
Public Rack - Central Park & Peterson,41.990093,-87.718753
Public Rack - Central Park Ave & 16th St,41.858938,-87.7157269
Public Rack - Central Park Ave & Fillmore St,41.8680617,-87.7153897
Public Rack - Central Park Ave & Fulton Blvd,41.8861512,-87.7155114
Public Rack - Central Park Ave & Ogden Ave,41.8543385,-87.7151584
Public Rack - Champlain Ave & 134th St,41.657379,-87.606444
Public Rack - Champlain Ave & 65th St,41.775904,-87.609301
Public Rack - Chappel Ave & 71st St,41.766366,-87.575287
Public Rack - Chase Ave & Touhy Ave - NE,42.014539,-87.6901359
Public Rack - Chase Ave & Touhy Ave - NW,42.014271,-87.690408
Public Rack - Chopin Park,41.942675,-87.761899
Public Rack - Christiana & Lincoln,41.99346,-87.712734
Public Rack - Christiana Ave & 111th St,41.69137,-87.704809
Public Rack - Christiana Ave & 55th St,41.793307,-87.707702
Public Rack - Christiana Ave & Archer Ave,41.81175,-87.707577
Public Rack - Christiana Ave & Belmont Ave,41.93917,-87.71169
Public Rack - Christiana Ave & Bryn Mawr Ave,41.982838,-87.71233
Public Rack - Christiana Ave & Lawrence Ave,41.968547,-87.712582
Public Rack - Cicero & 64th,41.77643,-87.742389
Public Rack - Cicero & Rosemont,41.995567,-87.74864
Public Rack - Cicero Ave & Altgeld St,41.925734,-87.746414
Public Rack - Cicero Ave & Belle Plaine Ave,41.955625,-87.747517
Public Rack - Cicero Ave & Cortland St - midblock,41.91582,-87.746074
Public Rack - Cicero Ave & Le Moyne St - midblock,41.906919,-87.74623
Public Rack - Cicero Ave & North Ave,41.909329,-87.74583800000002
Public Rack - Cicero Ave & Roscoe St,41.9424235,-87.74713000000001
Public Rack - Cicero Ave & Wellington Ave,41.935779,-87.746581
Public Rack - Cicero Ave & Wrightwood Ave,41.927944,-87.7466394
Public Rack - Claremont Ave & 71st St,41.764585,-87.682253
Public Rack - Clyde Ave & 87th St,41.73715,-87.57319
Public Rack - Colfax Ave & 83rd St,41.744818,-87.561055
Public Rack - Columbus & 79th,41.749218,-87.704409
Public Rack - Commercial Ave & 89th St,41.733543,-87.551152
Public Rack - Corliss Ave & 103rd St,41.707622,-87.60355
Public Rack - Corliss Ave & 133rd St,41.653138,-87.601057
Public Rack - Cornell Ave & 87th Pl,41.73688127,-87.58314552
Public Rack - Cottage Grove & 84th St,41.741957,-87.604839
Public Rack - Cottage Grove & 85th St,41.740086,-87.604743
Public Rack - Cottage Grove & 86th St,41.738409,-87.604822
Public Rack - Cottage Grove Ave & 111th St,41.692645,-87.609758
Public Rack - Cottage Grove Ave & 75th St,41.758739,-87.605769
Public Rack - Cottage Grove Ave & 87th St,41.736448,-87.60616
Public Rack - Cottage Grove Ave & 89th Pl,41.731767,-87.604899
Public Rack - Cottage Grove Ave & 91st St,41.72951,-87.603739
Public Rack - Cottage Grove Ave & 92nd St,41.727319,-87.604787
Public Rack - Cottage Grove Ave & 98th St,41.716172,-87.60435
Public Rack - Crandon Ave & 80th St,41.749519,-87.568831
Public Rack - Cumberland & Catherine,41.977363,-87.836748
Public Rack - Damen & 81st,41.746488,-87.673132
Public Rack - Damen & 87th,41.736037,-87.672691
Public Rack - Damen Ave & 47th St,41.808884,-87.67513
Public Rack - Delphina & Foster,41.9736,-87.841098
Public Rack - Devon Ave & Central Ave,41.997463,-87.764063
Public Rack - Devon Ave & Kinzua Ave,41.997459,-87.764556
Public Rack - Devon Ave & Minnehaha Ave (east),41.9974341,-87.7628164
Public Rack - Devon Ave & Minnehaha Ave (west),41.997384,-87.763064
Public Rack - Division St & Christiana Ave,41.90254,-87.71085
Public Rack - Drake Ave & Leland Ave,41.96598530000001,-87.71687599999998
Public Rack - Drexel Ave & 87th St,41.736783,-87.602241
Public Rack - East End Ave & 75th St,41.75893,-87.582861
Public Rack - East End Ave & 87th St,41.737054,-87.583998
Public Rack - Eberhart Ave & 131st St,41.65759,-87.610713
Public Rack - Eberhart Ave & 61st St,41.783745,-87.612919
Public Rack - Eggleston Ave & 115th St,41.68497,-87.633848
Public Rack - Eggleston Ave & 92nd St,41.726182,-87.63466
Public Rack - Eli Whitney Public School,41.840249,-87.725472
Public Rack - Elizabeth St & 115th St,41.684942,-87.65266
Public Rack - Ellis Ave & 132nd Pl,41.655139,-87.597597
Public Rack - Ellis Ave & Doty Ave,41.659119,-87.597052
Public Rack - Elston Ave & Gunnison St,41.9685781,-87.7405685
Public Rack - Elston Ave & Kenneth Ave,41.9676176,-87.7395673
Public Rack - Emerald Ave & 43rd St,41.81643,-87.64475399999999
Public Rack - Emerald Ave & 45th St,41.812381,-87.644633
Public Rack - Emil G Hirch Metropolitan High School,41.754442,-87.601745
Public Rack - Evans Ave & 63rd St,41.780506,-87.607519
Public Rack - Ewing Ave & 101st St,41.7117328,-87.5350591
Public Rack - Ewing Ave & 102nd St,41.709948,-87.535365
Public Rack - Ewing Ave & 106th St,41.7024928,-87.5351313
Public Rack - Ewing Ave & 106th St NW,41.70287,-87.535861
Public Rack - Ewing Ave & 107th St,41.700378,-87.53527600000001
Public Rack - Ewing Ave & 112th St,41.691979,-87.534912
Public Rack - Ewing Ave & 95th St,41.722376,-87.5358299
Public Rack - Ewing Ave & 96th St N,41.7215552,-87.5356904
Public Rack - Ewing Ave & 96th St S,41.720634,-87.53517
Public Rack - Ewing Ave & 99th St,41.715961400000005,-87.5351111
Public Rack - Ewing Ave & Indianapolis Ave,41.712353,-87.53545
Public Rack - Exchange Ave & 131st St,41.65717,-87.552594
Public Rack - Exchange Ave & 73rd Pl,41.76261263,-87.56381871
Public Rack - Fairfield Ave & 63rd St,41.77926,-87.692703
Public Rack - Ford City Mall,41.757154,-87.74140899999999
Public Rack - Forest Glen & Peterson,41.98986,-87.742921
Public Rack - Forest Glen Station,41.97871,-87.75552
Public Rack - Forrestville Ave & 47th St,41.809319,-87.612921
Public Rack - Foster Ave & Drake Ave,41.975563,-87.717352
Public Rack - Franklin Park,41.861493,-87.733404
Public Rack - Fullerton Ave & Lavergne Ave,41.92398,-87.75195000000001
Public Rack - Fullerton Ave & Narragansett Ave,41.923739,-87.785835
Public Rack - Garfield Park Conservatory,41.88658,-87.716646
Public Rack - Grand Ave & North Ave,41.909614,-87.734722
Public Rack - Green St & 103rd St,41.70665,-87.643422
Public Rack - Greenwood Ave & 87th St,41.736263,-87.596634
Public Rack - Greenwood Ave & Lake Park Ave,41.817372,-87.599576
Public Rack - Haft Ave & Milwaukee Ave,41.9955785,-87.78639940000001
Public Rack - Hale Ave & 111th St,41.691801,-87.671351
Public Rack - Halsted St & 102nd St,41.70794,-87.643177
Public Rack - Halsted St & 113th St,41.68851,-87.642512
Public Rack - Halsted St & 41st St,41.820147,-87.64568000000001
Public Rack - Halsted St & 63rd St,41.779945,-87.64137799999999
Public Rack - Halsted St & 76th St,41.756003,-87.64409
Public Rack - Halsted St & 80th St,41.748175,-87.644238
Public Rack - Halsted St & 94th St,41.723442,-87.643612
Public Rack - Halsted St & 95th St - SE,41.721004,-87.643031
Public Rack - Halsted St & 95th St - SW,41.720964,-87.64344700000001
Public Rack - Hamilton Ave & 95th St,41.720832,-87.676382
Public Rack - Hamilton Park,41.76335,-87.637499
Public Rack - Hamlin & 72nd,41.762566,-87.717515
Public Rack - Hamlin Ave & Chicago Ave,41.895201,-87.721541
Public Rack - Hamlin Ave & Fullerton Ave,41.924319,-87.721446
Public Rack - Hamlin Ave & Grand Ave,41.903738,-87.720287
Public Rack - Hamlin Ave & Madison St,41.880833,-87.720797
Public Rack - Hamlin Ave & Montrose Ave,41.96121600000001,-87.72241599999998
Public Rack - Harding Ave & 47th St,41.807749,-87.722579
Public Rack - Harlem & Palatine,41.995502,-87.806967
Public Rack - Harlem & Summerdale,41.977814,-87.80681
Public Rack - Harlem and W. 59th,41.78495,-87.8011
Public Rack - Harold Washington Park,41.801089,-87.58479100000001
Public Rack - Harper Ave & 63rd St,41.780728,-87.587566
Public Rack - Harriet E Sayre Public School,41.913547,-87.79876
Public Rack - Harvard Ave & 119th St,41.678227,-87.630775
Public Rack - Harvey Ave & North Ave,41.909264,-87.782265
Public Rack - Hermitage & 83rd St,41.743027,-87.666272
Public Rack - Hiawatha & Mendota,42.00699,-87.778007
Public Rack - Hiawatha Ave & Minnehaha Ave,41.9995224,-87.76048990000001
Public Rack - Hiawatha Park,41.944068,-87.827302
Public Rack - Higgins Ave & Neva Ave,41.980602,-87.8060476
Public Rack - Holbrook St & Milwaukee Ave,41.992273,-87.783303
Public Rack - Hollywood Park,41.98929,-87.71182
Public Rack - Homan & 77th,41.753451,-87.707037
Public Rack - Homan & 79th,41.749855,-87.707507
Public Rack - Homan Ave & 111th St,41.691578,-87.705842
Public Rack - Homan Ave & 26th St,41.84456,-87.710058
Public Rack - Homan Ave & Lake St,41.88474,-87.711357
Public Rack - Homan Ave & Roosevelt,41.86649,-87.710786
Public Rack - Homewood Ave & Monterey Ave,41.691691,-87.670161
Public Rack - Houston Ave & 130th St,41.658962,-87.54852799999999
Public Rack - Houston Ave & 131st St,41.656961,-87.54852100000001
Public Rack - Houston Ave & 91st St,41.72996400000001,-87.549645
Public Rack - Hoyne Ave & 110th Pl,41.692458,-87.674035
Public Rack - Hoyne Ave & 51st St,41.801001,-87.676773
Public Rack - Hyde Park Blvd & 53rd St,41.799468,-87.584206
Public Rack - Hyde Park Blvd & 55th St,41.795,-87.584113
Public Rack - Imlay & Milwaukee,41.998983,-87.78956
Public Rack - Independence Blvd & Roosevelt,41.8662123,-87.7184969
Public Rack - Indiana Ave & 111th St,41.692535,-87.617711
Public Rack - Ingleside Ave & 79th St,41.751448,-87.601136
Public Rack - Irving Park Rd & Austin Ave,41.953139,-87.777118
Public Rack - Irving Park Rd & Leclaire Ave,41.953418,-87.754841
Public Rack - Irving Park Rd & Melvina Ave,41.952869,-87.780728
Public Rack - Irving Park Rd & Menard Ave,41.9532339,-87.7721894
Public Rack - Irving Park Rd & Parkside Ave,41.9530544,-87.688832
Public Rack - Jeffery Blvd & 67th St,41.773259,-87.576664
Public Rack - Jeffery Blvd & 81st St,41.74927751,-87.57585394
Public Rack - Jeffery Blvd & 83rd St,41.744345,-87.575043
Public Rack - Jeffrey Blvd & 71st St,41.766333,-87.576154
Public Rack - Jensen Park,41.964864,-87.720774
Public Rack - Jonathan Y Scammon Public School,41.941612,-87.73237200000001
Public Rack - Justine St & 87th St,41.736019,-87.66243
Public Rack - Karlov Ave & 26th St,41.844287,-87.727078
Public Rack - Karlov Ave & Kamerling Ave,41.90562099999999,-87.72863600000001
Public Rack - Karlov Ave & Lawrence Ave,41.9683053,-87.7300646
Public Rack - Karlov Ave & Milwaukee Ave,41.942702,-87.730011
Public Rack - Keating & Peterson,41.990159,-87.747183
Public Rack - Kedvale Ave & 26th St,41.844265,-87.728103
Public Rack - Kedvale Ave & 63rd St E,41.778768,-87.725957
Public Rack - Kedvale Ave & 63rd St W,41.778760999999996,-87.726892
Public Rack - Kedvale Ave & Addison St,41.947174,-87.730837
Public Rack - Kedvale Ave & Avondale Ave,41.952874,-87.731229
Public Rack - Kedvale Ave & Peterson Ave,41.9902168,-87.7323063
Public Rack - Kedzie & 103rd St - East,41.705444,-87.701232
Public Rack - Kedzie & 103rd St - W,41.705247,-87.70142400000002
Public Rack - Kedzie & 71st,41.764315,-87.703028
Public Rack - Kedzie & 73rd,41.760696,-87.70238
Public Rack - Kedzie Ave & 54th Pl,41.794639,-87.703767
Public Rack - Kedzie Ave & 54th St - SE,41.794326,-87.703471
Public Rack - Kedzie Ave & 58th St,41.788263,-87.70357599999998
Public Rack - Kedzie Ave & 60th St,41.785235,-87.703131
Public Rack - Kedzie Ave & 61st Pl E,41.782281,-87.70304700000001
Public Rack - Kedzie Ave & 61st Pl W,41.78201,-87.7034
Public Rack - Kedzie Ave & 62nd Pl,41.780148,-87.703338
Public Rack - Kedzie Ave & 63rd St,41.778865,-87.703029
Public Rack - Kedzie Ave & 64th St - SE,41.776985,-87.702916
Public Rack - Kedzie Ave & 64th St - SW,41.777031,-87.703223
Public Rack - Kedzie Ave & 83rd St,41.7432437,-87.7021237
Public Rack - Kedzie Ave & Archer Ave,41.81359,-87.70478
Public Rack - Kedzie Ave & Argyle St,41.972097000000005,-87.708572
Public Rack - Kedzie Ave & Arthington St,41.8700949,-87.7062429
Public Rack - Kedzie Ave & Chicago Ave,41.89556,-87.70641
Public Rack - Kedzie Ave & Pershing Rd,41.822897,-87.704154
Public Rack - Kedzie Ave & Walnut St,41.885891,-87.706425
Public Rack - Keef Ave & South Chicago Ave,41.7707,-87.611706
Public Rack - Keeler Ave & 26th St,41.844058,-87.729873
Public Rack - Keeler Ave & 55th St,41.79304,-87.728214
Public Rack - Kenneth & Carmen,41.972642,-87.739239
Public Rack - Kenton & Lawrence,41.96798900000001,-87.743049
Public Rack - Kenton Ave & Palmer St,41.9206781,-87.7419523
Public Rack - Keystone Ave & Irving Park Rd,41.953449,-87.72963499999999
Public Rack - Keystone Ave & North Ave,41.909623,-87.727951
Public Rack - Kilbourn Ave & Fullerton Ave,41.924447,-87.73998
Public Rack - Kildare Ave & 63rd St,41.778442,-87.73047
Public Rack - Kildare Ave & Division Ave,41.902405,-87.732699
Public Rack - Kildare Ave & North Ave,41.909866,-87.73399
Public Rack - Kildare Ave & Washignton Blvd,41.881838,-87.733661
Public Rack - Kilpatrick & Elston,41.970023999999995,-87.74341
Public Rack - Kimball & Ardmore,41.98702399999999,-87.71397
Public Rack - Kimball Ave & Carmen Ave,41.973896,-87.713297
Public Rack - Kimball Ave & Lawrence Ave,41.96791249999999,-87.7134353
Public Rack - Kimbark Ave & 67th St,41.774045,-87.594322
Public Rack - King Dr & 115th St,41.685239,-87.613418
Public Rack - King Dr & 71st St,41.765862,-87.614787
Public Rack - King Dr & 83rd St,41.743616,-87.61457
Public Rack - King Dr & Oakwood Blvd,41.822827,-87.616486
Public Rack - Kingston Ave & 75th St,41.758905,-87.562188
Public Rack - Kinzua Ave & Devon Ave,41.9979207,-87.7653719
Public Rack - Kolin Ave & Archer Ave,41.800514,-87.731802
Public Rack - Komensky Ave & 26th St,41.844168,-87.726317
Public Rack - Komensky Ave & 59th St,41.78610903777778,-87.72361833555556
Public Rack - Komensky Ave & 63rd St,41.77882,-87.723599
Public Rack - Kostner & 83rd,41.742067,-87.731554
Public Rack - Kostner & Bryn Mawr,41.982741,-87.737548
Public Rack - Kostner & Peterson,41.98993,-87.73796699999998
Public Rack - Kostner Ave & 16th St,41.8588018,-87.7343019
Public Rack - Kostner Ave & Armitage Ave,41.917211,-87.736136
Public Rack - Kostner Ave & Diversey Ave,41.931803,-87.737285
Public Rack - Kostner Ave & North Ave,41.908816,-87.736463
Public Rack - Kostner Ave & Wrightwood Ave,41.92786,-87.735756
Public Rack - Lafayette Ave & 119th St,41.677853,-87.623447
Public Rack - Lafayette Ave & 87th St - NW,41.736354,-87.626741
Public Rack - Lafayette Ave & 87th St SW,41.736223,-87.626737
Public Rack - Lafayette Ave & 95th St,41.721787,-87.624939
Public Rack - Laflin St & 51st St,41.801354,-87.662076
Public Rack - Laflin St & 79th St,41.750326,-87.66168
Public Rack - Laflin St &51st ST,41.801354,-87.662076
Public Rack - Lake Park Ave & 44th St,41.814697,-87.598006
Public Rack - Lake Shore Dr & Hayes Dr,41.780581,-87.574562
Public Rack - Lamon Ave & Archer Ave,41.79823,-87.744952
Public Rack - Langley Ave & 105th Pl,41.702472,-87.606477
Public Rack - Langley Ave & 49th St,41.805218,-87.609076
Public Rack - Langley Ave & 79th St,41.751103,-87.607432
Public Rack - Langley Ave & 87th St,41.735828,-87.606981
Public Rack - Langley Ave & Oakwood Blvd,41.822838999999995,-87.609525
Public Rack - Laporte Ave & Armitage Ave,41.917047,-87.750008
Public Rack - Laramie Ave & Belmont Ave,41.9386855,-87.75563
Public Rack - Laramie Ave & Fullerton Ave,41.9240754,-87.7568589
Public Rack - Laramie Ave & Grand Ave,41.917002,-87.755972
Public Rack - Laramie Ave & Warwick Ave,41.948812,-87.75713
Public Rack - Laramine Ave & Winnemac Ave,41.9718249,-87.7575623
Public Rack - Lavergne & Lawrence,41.967912,-87.752496
Public Rack - Lavergne Ave & Belle Plaine Ave,41.9553079,-87.75178779999999
Public Rack - Lawndale & 63rd St,41.777732,-87.713878
Public Rack - Lawndale Ave & 23rd St,41.849956,-87.71671199999999
Public Rack - Lawndale Ave & 63rd St,41.7787155,-87.7140552
Public Rack - Lawndale Ave & Diversey Ave,41.931702,-87.719254
Public Rack - Lawndale Ave & Polk St,41.8707651,-87.7183735
Public Rack - Lawndale Ave & Roosevelt,41.866225,-87.717918
Public Rack - Lawrence Ave & 103rd St,41.707665,-87.608695
Public Rack - Lawrence Ave & Kimball Ave,41.968277,-87.71262899999999
Public Rack - Leader & Caldwell,41.991496,-87.754447
Public Rack - Leamington & Elston,41.977894,-87.75631500000001
Public Rack - Leclaire Ave & Division St,41.90205,-87.75304999999999
Public Rack - Legler Regional Library,41.879312,-87.725428
Public Rack - Lemont Ave & Keating Ave,41.9912674,-87.7469243
Public Rack - Leoti Ave & Central Ave (north),41.998262,-87.763663
Public Rack - Leoti Ave & Central Ave (south),41.998324,-87.76338400000002
Public Rack - Linder & 51st,41.799981,-87.759999
Public Rack - Linder & Elston,41.98355900000001,-87.76576999999999
Public Rack - Linder Ave & 51st St,41.799463,-87.759848
Public Rack - Linder Ave & 64th Pl,41.775524,-87.757972
Public Rack - Linder Ave & Archer Ave,41.796005,-87.759575
Public Rack - Linder Ave & Belmont Ave,41.938743,-87.763298
Public Rack - Lockwood & Archer,41.79668,-87.75516
Public Rack - Lockwood Ave & Diversey Ave,41.93154100000001,-87.75904
Public Rack - Longwood Dr & 111th St,41.69163,-87.671782
Public Rack - Longwood Dr & 95th St,41.720921,-87.669585
Public Rack - Loomis Blvd & 47th St,41.808746,-87.66026
Public Rack - Loomis St & 87th St,41.735465,-87.65758500000001
Public Rack - Lorel Ave & Grand Ave,41.9176685,-87.7595531
Public Rack - Lotus Ave & Lawrence Ave,41.9676535,-87.7636298
Public Rack - Lowe Ave & 94th St,41.724234,-87.639453
Public Rack - Lowe Ave & 98th St,41.715887,-87.639228
Public Rack - Lowe Park,41.799605,-87.641464
Public Rack - Lowell Ave & Elston Ave,41.96614,-87.737
Public Rack - Lynch & Elston,41.98093099999999,-87.76130200000001
Public Rack - Mackinaw Ave & 106th St,41.702557,-87.542728
Public Rack - Mackinaw Ave & 108th St,41.699008,-87.54283300000002
Public Rack - Mango & Higgins,41.971722,-87.77228800000002
Public Rack - Maplewood Ave & 63rd St,41.779343,-87.686763
Public Rack - Marquette Ave & 79th St,41.75163,-87.558707
Public Rack - Marquette Ave & 83rd St,41.74476,-87.558624
Public Rack - Marquette Rd & 67th St,41.773095,-87.612886
Public Rack - Marshfield Ave & 45th St,41.812343,-87.666239
Public Rack - Marshfield Ave & 87th St,41.735527,-87.663867
Public Rack - Martin Luther King Dr & 44th St,41.814445,-87.616265
Public Rack - Martin Luther King Dr & 69th St,41.769234,-87.615206
Public Rack - Maryland Ave & 87th ST,41.736995,-87.603968
Public Rack - Mason & Archer,41.79456,-87.77092
Public Rack - Mason Ave & Archer Ave,41.794199,-87.771388
Public Rack - Mason Ave & Milwaukee Ave,41.985683,-87.777065
Public Rack - Mason Ave & Roosevelt Rd,41.865608,-87.772389
Public Rack - May St & 78th St,41.752451,-87.652969
Public Rack - May St & 87th St,41.73556,-87.651701
Public Rack - McVicker & 52nd,41.797981,-87.773241
Public Rack - McVicker Ave & Grand Ave,41.921251,-87.776662
Public Rack - Meade Ave & Archer Ave,41.79405,-87.774078
Public Rack - Melvina & Foster,41.975596,-87.783484
Public Rack - Melvina Ave & Belmont Ave,41.9384207,-87.7813896
Public Rack - Melvina Ave & Montrose Ave,41.9588498,-87.7819167
Public Rack - Menard Ave & Adams Blvd,41.877684,-87.769356
Public Rack - Menard Ave & Agusta Blvd,41.898333,-87.770501
Public Rack - Menard Ave & Belmont Ave,41.9384526,-87.7711009
Public Rack - Menard Ave & Dakin St - midblock,41.951732,-87.772005
Public Rack - Menard Ave & Grand Ave,41.9197904,-87.7709818
Public Rack - Menard Ave & Leland Ave,41.965413,-87.772424
Public Rack - Miami Ave & Milwaukee Ave,41.991473,-87.782085
Public Rack - Michigan Ave & 107th St,41.699671,-87.621034
Public Rack - Michigan Ave & 113th St,41.688872,-87.620879
Public Rack - Michigan Ave & 119th St,41.677934,-87.620754
Public Rack - Michigan Ave & 67th St,41.772068,-87.621686
Public Rack - Michigan Ave & 96th St,41.718957,-87.62067
Public Rack - Midway Orange Line,41.785894,-87.73803100000002
Public Rack - Milwaukee Ave & Addison St,41.94651,-87.735721
Public Rack - Milwaukee Ave & Catalpa Ave,41.9772313,-87.7689731
Public Rack - Milwaukee Ave & Culyer Ave,41.9546801,-87.74942349999999
Public Rack - Milwaukee Ave & Diversey Ave,41.93123,-87.711501
Public Rack - Milwaukee Ave & Haussen Ct,41.937752,-87.721623
Public Rack - Milwaukee Ave & Higgins Ave,41.9685964,-87.7612092
Public Rack - Milwaukee Ave & Kennedy Expy,41.9712722,-87.7638869
Public Rack - Milwaukee Ave & Lawrence Ave,41.9673857,-87.7601699
Public Rack - Milwaukee Ave & Leland Ave,41.9661124,-87.7593376
Public Rack - Milwaukee Ave & Pensacola Ave,41.9595108,-87.7533958
Public Rack - Milwaukee Ave & School St,41.940648,-87.726087
Public Rack - Milwaukee Ave & Sunnyside Ave,41.9625222,-87.7560059
Public Rack - Milwaukee Ave & Warner Ave,41.9562591,-87.7507656
Public Rack - Milwaukee Ave & Waveland Ave,41.947472,-87.737875
Public Rack - Minnehaha Ave & Devon Ave,41.997456,-87.7619125
Public Rack - Minuteman Park,41.785333,-87.7626015
Public Rack - Mobile Ave & Archer Ave,41.7929013,-87.7802444
Public Rack - Mont Clare Ave & Higgins Ave,41.980602,-87.804963
Public Rack - Monticello & Lawrence,41.968214,-87.719541
Public Rack - Monticello Ave & Belmont Ave,41.939472,-87.718423
Public Rack - Montrose Ave & Lavergne Ave,41.960607,-87.7516346
Public Rack - Morgan St & 87th St,41.73577,-87.648133
Public Rack - Morgan St & 95th St,41.721215,-87.647435
Public Rack - Mozart & 79th,41.749713,-87.693932
Public Rack - Mozart Elementary School,41.921325,-87.722375
Public Rack - Mt Greenwood Library - South,41.692883,-87.701048
Public Rack - Mt Greenwood Library N,41.693027,-87.701054
Public Rack - Mulligan & Northwest Hwy,41.985317,-87.786721
Public Rack - Mulligan Ave & 56th St,41.790399,-87.780044
Public Rack - N Narragansett Ave & Grand Ave,41.9225804,-87.78497989999998
Public Rack - N Sayre Ave & W Belden Ave,41.921425,-87.800825
Public Rack - N. Oakview and W. Gregory St,41.9801,-87.84395999999998
Public Rack - Nagel & Higgins,41.976312,-87.78764
Public Rack - Nagle Ave & Belmont Ave,41.938201,-87.787415
Public Rack - Narragansett Ave & Fullerton Ave,41.92378,-87.7843998
Public Rack - Nashotah & Northwest Hwy,41.988141,-87.79144699999999
Public Rack - Natoma Ave & 61st St,41.78093599999999,-87.78764300000002
Public Rack - Natoma Ave & Bryn Mawr Ave,41.982886,-87.790461
Public Rack - Neenah & Archer,41.792142,-87.785406
Public Rack - Neenah & Dakin,41.951708,-87.790746
Public Rack - Neola & Northwest Hwy,41.990327,-87.795356
Public Rack - Neva & Foster,41.974849,-87.806023
Public Rack - Neva Ave & Grand Ave,41.923604,-87.804659
Public Rack - New England Ave & Irving Park Rd,41.7985042,-87.7985042
Public Rack - Newcastle & Archer,41.792309,-87.79287900000001
Public Rack - Newcastle Ave & Belden Ave,41.921017,-87.797388
Public Rack - Newcastle Ave & Belmont Ave,41.938022,-87.79609999999998
Public Rack - Newcastle Ave & Wellington Ave,41.934997,-87.795777
Public Rack - Newland Ave & Diversey Ave,41.93098,-87.79944
Public Rack - Nina Ave & Avondale Ave,41.9911458,-87.7991043
Public Rack - Nordica & Archer,41.792212,-87.797662
Public Rack - Nordica Ave & Addison St,41.945428,-87.803458
Public Rack - Nordica Ave & Higgins Ave,41.98012149,-87.80211339
Public Rack - Normal Ave & 72nd St,41.763584,-87.637213
Public Rack - Normal Blvd & 61st Pl,41.782314,-87.63735800000002
Public Rack - Normandy Ave & Archer Ave,41.7923026,-87.78878860000002
Public Rack - Normandy Ave & Raven St,41.993871,-87.792536
Public Rack - Northwest Hwy & Bryn Mawr,41.983008,-87.78263399999999
Public Rack - Northwest Hwy & Highland Ave,41.995867,-87.805223
Public Rack - Northwest Hwy & Neva Ave,41.9958546,-87.8050971
Public Rack - Northwest Hwy & Overhill Ave,42.0114922,-87.8126378
Public Rack - Northwest Hwy & Raven St,41.9927877,-87.799284
Public Rack - Norwood Park,41.986604,-87.79394
Public Rack - Norwood Park Station,41.9919,-87.79916
Public Rack - Oak Park & Higgins,41.978888,-87.796235
Public Rack - Oak Park Ave & Foster Ave,41.9746022,-87.8119558
Public Rack - Oakley & 79th Pl,41.749095,-87.679637
Public Rack - Octavia Ave & Touhy Ave,42.01173846,-87.80832137
Public Rack - Odell & Talcott,41.98731,-87.81023
Public Rack - Oglesby Ave & 105th St,41.704672,-87.565519
Public Rack - Oglesby Ave & 95th St,41.722484,-87.565738
Public Rack - Oketo & Northwest Hwy,42.000333,-87.812447
Public Rack - Oketo & Talcott,41.988596,-87.812525
Public Rack - Oketo Ave & Belmont Ave,41.938117,-87.811862
Public Rack - Olmstead Ave & Oliphant Ave,42.0023112,-87.8170946
Public Rack - Orville T Bright School,41.700168,-87.562148
Public Rack - Osceola Ave & Touhy Ave,42.0119181,-87.8126378
Public Rack - Ottowa Ave & Touhy Ave,42.0114922,-87.81820170000002
Public Rack - Overhill Ave & Touhy Ave,42.0114627,-87.81900973
Public Rack - Ozanam Ave & Devon Ave,41.9969968,-87.8213419
Public Rack - Ozark Ave & Addison St,41.945075,-87.820037
Public Rack - Ozman & Talcott,41.993027999999995,-87.82165899999998
Public Rack - Park Manor Elementary School,41.766863,-87.611467
Public Rack - Parkside & 63rd,41.77813199999999,-87.76303599999999
Public Rack - Parkside & Archer,41.795696,-87.76347500000001
Public Rack - Parkside & Elston,41.985467,-87.76958299999998
Public Rack - Parnell Ave & 119th St,41.67711,-87.635677
Public Rack - Parnell Ave & 98th St,41.715983,-87.637067
Public Rack - Penn Elementary School / KIPP Ascend Middle School,41.8586742,-87.7223835
Public Rack - Peoria St & 60th St,41.784872,-87.647482
Public Rack - Peterson Ave & Bernard Ave,41.990234,-87.715634
Public Rack - Peterson Ave & Drake Ave,41.990119,-87.717337
Public Rack - Peterson Ave & Milwaukee Ave,41.989826,-87.780929
Public Rack - Peterson Park,41.97871,-87.75552
Public Rack - Piotrowski Park,41.836682,-87.73083
Public Rack - Plainfield Ave & Irving Park Rd,41.952133,-87.83381700000001
Public Rack - Prairie Ave & 47th St,41.809497,-87.618997
Public Rack - Prairie Ave & 78th St,41.752229,-87.617995
Public Rack - Prairie Ave & 85th St,41.739986,-87.617645
Public Rack - Prairie Ave & Garfield Blvd N,41.79480875,-87.61890696
Public Rack - Prairie Ave & Garfield Blvd S,41.79434400000001,-87.619062
Public Rack - Pratt Ave & Odell Ave,42.0044152,-87.8110539
Public Rack - Princeton Ave & 43rd St,41.815883,-87.633718
Public Rack - Pulaski & 52nd,41.797244,-87.723377
Public Rack - Pulaski & 74th,41.757262,-87.72236600000001
Public Rack - Pulaski & 84th,41.739387,-87.721373
Public Rack - Pulaski & Ardmore,41.985797,-87.728336
Public Rack - Pulaski & Rosemont,41.995191,-87.728989
Public Rack - Pulaski Rd & 15th St,41.8603966,-87.7250977
Public Rack - Pulaski Rd & 40th St,41.81864,-87.72428
Public Rack - Pulaski Rd & 41st,41.81791,-87.72413
Public Rack - Pulaski Rd & 44th St,41.8129,-87.72249999999998
Public Rack - Pulaski Rd & 51st Rd,41.800111,-87.723537
Public Rack - Pulaski Rd & 5th Ave,41.8730082,-87.7252516
Public Rack - Pulaski Rd & 65th St,41.773551,-87.722805
Public Rack - Pulaski Rd & 83rd St,41.7413923,-87.7218231
Public Rack - Pulaski Rd & 85th St,41.7381,-87.721721
Public Rack - Pulaski Rd & Armitage Ave,41.91702,-87.72709599999999
Public Rack - Pulaski Rd & Flournoy St,41.8724252,-87.7253448
Public Rack - Pulaski Rd & Fullerton Ave,41.924618,-87.727398
Public Rack - Pulaski Rd & Grenshaw St,41.8670279,-87.7254644
Public Rack - Pulaski Rd & Lake St,41.885577,-87.72606
Public Rack - Pulaski Rd & Lexington St,41.8715832,-87.7252086
Public Rack - Pulaski Rd & Polk St,41.8703637,-87.7252556
Public Rack - Pulaski Rd & Roosevelt Rd,41.866103,-87.724463
Public Rack - Pulaski Rd & Stevens Ave,41.9910862,-87.72923099999998
Public Rack - Pullman - Planet Fitness,41.69782,-87.59779
Public Rack - Pullman - Ross Dress for Less,41.69868,-87.597
Public Rack - Pullman - Walmart,41.69696,-87.59829
Public Rack - Pullman Community Center,41.70427999999999,-87.59313
Public Rack - Racine Ave & 109th Pl,41.694835,-87.653041
Public Rack - Racine Ave & 74th St,41.759439,-87.65414600000001
Public Rack - Racine Ave & 83rd St,41.743367,-87.653661
Public Rack - Rhodes Ave & 79th St,41.751058,-87.611439
Public Rack - Richard Daley College,41.75486,-87.72364
Public Rack - Richmond St & Thorndale Ave,41.988931,-87.702785
Public Rack - Rockwell & 111th St,41.691359,-87.68572
Public Rack - Rockwell & Division,41.90282,-87.692397
Public Rack - Rockwell Ave & 71st St,41.764753,-87.688641
Public Rack - Rockwell Ave & Touhy Ave,42.012344,-87.695383
Public Rack - Roswell B. Mason Elementary School,41.8560219,-87.7298436
Public Rack - Rutherford & 53rd,41.795118,-87.790519
Public Rack - Rutherford Ave & Belmont Ave,41.938315,-87.793848
Public Rack - S Kostner Ave & W 18th Pl,41.8551905,-87.7345547
Public Rack - S Menard & W 63rd,41.77707,-87.76664
Public Rack - S. Kilpatrick and W. 79th,41.7493,-87.73958
Public Rack - S. New England/ W. 65th,41.77391,-87.79348
Public Rack - Sacramento & 71st,41.764396,-87.698106
Public Rack - Sacramento Ave & Devon Ave,41.997575,-87.704649
Public Rack - Sacramento Ave & Greenleaf Ave,42.009458,-87.704666
Public Rack - Sacramento Blvd & Washington Blvd,41.882994,-87.700036
Public Rack - Saginaw Ave & 93rd St,41.726199,-87.559252
Public Rack - Sangamon St & 87th St,41.73582,-87.646896
Public Rack - Sawyer Ave & 111th St,41.691411,-87.70229000000002
Public Rack - Sawyer Ave & Bryn Mawr Ave - SE,41.9830174,-87.7096999
Public Rack - Sawyer Ave & Bryn Mawr Ave - SW,41.982879,-87.710534
Public Rack - Sawyer Ave & Chicago Ave,41.8954597,-87.7080933
Public Rack - Sawyer Ave & Lawrence Ave,41.9683,-87.70943500000001
Public Rack - Sayer & Northwest Hwy,41.99434,-87.802532
Public Rack - Sayre Ave & 59th St,41.7846778,-87.7958126
Public Rack - South Shore Dr & 71st St,41.766206,-87.562789
Public Rack - Spaulding Ave & 71st St,41.7645054,-87.7064722
Public Rack - Spaulding Ave & Bryn Mawr Ave,41.982964,-87.711441
Public Rack - Spaulding Ave & Evergreen Ave,41.905317,-87.70952099999998
Public Rack - Spaulding Ave & Foster Ave,41.975921,-87.71041499999998
Public Rack - Spaulding Ave & North Ave,41.910138,-87.709553
Public Rack - Springfield & 71st,41.764196,-87.72011100000002
Public Rack - Springfield & 79th,41.749649,-87.721001
Public Rack - Springfield Ave & 63rd St,41.778582,-87.718925
Public Rack - Springfield Ave & Lawrence Ave,41.9683986,-87.7256873
Public Rack - St Louis & 83rd,41.742321,-87.70967
Public Rack - St Louis & Columbus,41.745416,-87.70894
Public Rack - St Louis & Lincoln,41.995652,-87.716328
Public Rack - St Louis Ave & Berteau Ave,41.95837300000001,-87.71568499999998
Public Rack - St Louis Ave & Flournoy St,41.8727811,-87.71315619999999
Public Rack - State ST & 42nd St,41.819067,-87.626417
Public Rack - State St & 47th st,41.809085,-87.627384
Public Rack - Stewart Ave & 123rd St,41.670563,-87.632188
Public Rack - Stony Is Ave & 73rd St,41.762265,-87.585469
Public Rack - Stony Island & 87th St,41.7367,-87.58581499999998
Public Rack - Stony Island & 95th St,41.72228,-87.584943
Public Rack - Stony Island Ave & 86th St,41.738473,-87.585851
Public Rack - Strohacker Park,41.79482,-87.73211199999999
Public Rack - Talman Ave & 51st St,41.800908,-87.690802
Public Rack - Talman Ave & Pershing Rd,41.822592,-87.690725
Public Rack - The Montessori School of Englewood,41.76766,-87.66780999999999
Public Rack - Throop St & 109th Pl,41.694944,-87.654377
Public Rack - Throop St & 58th St,41.788541,-87.65621
Public Rack - Torrence Ave  & 106th St,41.702566,-87.55992299999998
Public Rack - Torrence Ave & 103rd St,41.70843,-87.56026
Public Rack - Torrence Ave & 98th St,41.717059,-87.559986
Public Rack - Touhy Ave & Oconto Ave,42.011773899999994,-87.80766459999998
Public Rack - Tripp Ave & North Ave,41.90995395,-87.73271446
Public Rack - Troy & 71st,41.76433,-87.70193
Public Rack - Trumbull Ave & 111th St,41.691596,-87.707397
Public Rack - Tuley (Murray) Park,41.73034,-87.611734
Public Rack - Vincennes Ave & 77th St,41.75702837,-87.56497151
Public Rack - Vincennes Ave & 87th St,41.735607,-87.645345
Public Rack - Vincennes Ave & 91st St,41.728122,-87.648524
Public Rack - Vincennes Ave & 95th Pl,41.720562,-87.65097099999998
Public Rack - Vincennes Ave & 95th St,41.721168,-87.650663
Public Rack - W. Talcott & N. Oriole,41.990637,-87.816938
Public Rack - Wabash Ave & 87th St,41.736063,-87.622952
Public Rack - Walden Pkwy & 103rd St,41.706205,-87.66896500000001
Public Rack - Walden Pkwy & 99th St,41.71397,-87.667798
Public Rack - Waller Ave & Chicago Ave,41.894681,-87.768156
Public Rack - Washington Park Ct & 51st St,41.8021917,-87.6151444
Public Rack - Washtenaw Ave & 63rd St,41.77924,-87.691116
Public Rack - Washtenaw Ave & Devon Ave,41.997764,-87.697221
Public Rack - Washtenaw Ave & Superior St,41.894738,-87.69520399999999
Public Rack - Wentworth Ave & 103rd St,41.707257,-87.627826
Public Rack - Wentworth Ave & 79th St,41.750712,-87.629949
Public Rack - Wentworth Park,41.78878,-87.77963999999999
Public Rack - West Chatham Park,41.745834,-87.63156199999999
Public Rack - Western & 74th,41.759297,-87.683342
Public Rack - Western & 79th,41.750806,-87.682722
Public Rack - Western & 83rd,41.74385,-87.682864
Public Rack - Western Ave & 100th St,41.711666,-87.681963
Public Rack - Western Ave & 104th St - East,41.704366,-87.681733
Public Rack - Western Ave & 104th St - West,41.703952,-87.681953
Public Rack - Western Ave & 105th St,41.702609,-87.681492
Public Rack - Western Ave & 106th St - East,41.700576,-87.681294
Public Rack - Western Ave & 106th St - West,41.701379,-87.681826
Public Rack - Western Ave & 107th Pl,41.698022,-87.681175
Public Rack - Western Ave & 107th St,41.698728,-87.681558
Public Rack - Western Ave & 110th St,41.69442,-87.68154699999998
Public Rack - Western Ave & 111th St - NW,41.69197,-87.681659
Public Rack - Western Ave & 111th St - SE,41.691665,-87.681022
Public Rack - Western Ave & 111th St - SW,41.69161,-87.681523
Public Rack - Western Ave & 116th St,41.6824,-87.68104799999999
Public Rack - Western Ave & 118th St,41.678349,-87.680919
Public Rack - Western Ave & 47th Pl,41.808038,-87.68470899999998
Public Rack - Western Ave & 62nd St,41.780964,-87.683757
Public Rack - Western Ave & 79th St,41.750057,-87.682777
Public Rack - Western Ave & 92nd Pl,41.725538,-87.681968
Public Rack - Western Ave & 96th St,41.718621,-87.681516
Public Rack - Western Ave & 98th St,41.71525,-87.681698
Public Rack - Western Ave & Devon Ave,41.997579,-87.689713
Public Rack - Western Ave & Jarvis Ave,42.016398,-87.690376
Public Rack - Western Blvd & 49th St,41.80478,-87.683749
Public Rack - Western Blvd & 53rd St,41.796775,-87.683362
Public Rack - Whipple St & 26th St,41.843636,-87.701931
Public Rack - Whipple St & 63rd St,41.77888,-87.699811
Public Rack - Wilbur Wright College North,41.95904,-87.78965999999998
Public Rack - Wilbur Wright College South,41.95828,-87.78744999999999
Public Rack - William J Onahan Public School,41.993771,-87.7925631
Public Rack - William Rainey Harper High School,41.775267,-87.669156
Public Rack - Winchester Ave & 87th St,41.735989,-87.672181
Public Rack - Winona St & Elston Ave,41.9743427,-87.75038739999998
Public Rack - Wolcott Ave & 56th St,41.791198,-87.671949
Public Rack - Wolcott Ave & 61st St,41.782378,-87.671719
Public Rack - Wood St & 103rd St,41.706498,-87.667091
Public Rack - Wood St & 47th St,41.80864,-87.66997399999998
Public Rack - Woodlawn Ave & 63rd St N,41.78062099999999,-87.596033
Public Rack - Woodlawn Ave & 63rd St S,41.779484000000004,-87.596028
Public Rack - Wrightwood Metra Station,41.74891,-87.70369999999998
Public Rack - Yates Ave & 100th St,41.713437,-87.56440500000001
Public Rack - Zapata Academy,41.841655,-87.734366
Pulaski Rd & 51st St,41.800434,-87.7247496
Pulaski Rd & 54th St,41.79499,-87.72361
Pulaski Rd & 60th Pl,41.78314999999999,-87.72257
Pulaski Rd & 60th St,41.784186,-87.722564
Pulaski Rd & 68th St,41.769492215384616,-87.722888
Pulaski Rd & 75th St,41.75725,-87.72247
Pulaski Rd & 84th St,41.740407,-87.72190700000002
Pulaski Rd & Ann Lurie Pl,41.81644,-87.7248
Pulaski Rd & Congress Pkwy,41.87441021003816,-87.72609159350395
Pulaski Rd & Eddy St,41.946264,-87.731023
Pulaski Rd & Lake St,41.885409,-87.726491
Racine Ave & 115th St,41.68476,-87.65196
Racine Ave & 13th St,41.865054,-87.656959
Racine Ave & 15th St,41.861267,-87.656625
Racine Ave & 18th St,41.8583996,-87.6564226
Racine Ave & 35th St,41.83068856472101,-87.65621066093445
Racine Ave & 57th St,41.789696880483376,-87.65469789505005
Racine Ave & 61st St,41.783189,-87.654372
Racine Ave & 65th St,41.775393,-87.654308
Racine Ave & Belmont Ave,41.939743,-87.658865
Racine Ave & Broadway,41.968235,-87.65965479999998
Racine Ave & Congress Pkwy,41.87464,-87.65703
Racine Ave & Fullerton Ave,41.925566,-87.658416
Racine Ave & Garfield Blvd,41.794228,-87.655073
Racine Ave & Randolph St,41.884081224846845,-87.65692072930314
Racine Ave & Washington Blvd,41.883073,-87.656952
Racine Ave & Webster Ave,41.9216,-87.65859
Racine Ave & Wrightwood Ave,41.928887,-87.658971
Racine/Eddy Corral,41.9463404,-87.6591024
Rainbow - Beach,41.75787097864393,-87.54918257215735
Rainbow Beach,41.75787096522547,-87.54917675279042
Ravenswood Ave & Berteau Ave,41.957921,-87.673567
Ravenswood Ave & Irving Park Rd,41.95469,-87.67393
Ravenswood Ave & Lawrence Ave,41.968445,-87.674226
Rhodes Ave & 32nd St,41.836208000000006,-87.613533
Rhodes Ave & 71st St,41.766,-87.61172599999999
Richmond St & 59th St,41.78649,-87.69733
Richmond St & Diversey Ave,41.93190196886,-87.7011951301
Richmond St & Lincoln Ave,41.9881174,-87.7031754
Ridge Blvd & Howard St,42.019276,-87.68452
Ridge Blvd & Touhy Ave,42.01213227742,-87.6829126443
Ritchie Ct & Banks St,41.906866,-87.626217
Rockwell Ave & Logan Blvd,41.928110000000004,-87.69268
Rockwell St & 47th St,41.80853,-87.68942
Rockwell St & 57th St,41.79031,-87.68888
Rockwell St & 63rd St,41.7787905,-87.6885894
Rockwell St & Archer Ave,41.82272,-87.68982
Rockwell St & Cermak Rd,41.851644,-87.690621
Rockwell St & Division St,41.90275,-87.69202
Rockwell St & Eastwood Ave,41.96590013976,-87.69363849350002
Rockwell St & Fletcher St,41.93877151938426,-87.69298122576966
Rockwell/Irving Park Hub,41.954212,-87.69317000000001
Roscoe & Harlem,41.9416062,-87.8072964
Rush St & Cedar St,41.90230870122,-87.627690528
Rush St & Hubbard St,41.890173,-87.626185
Rush St & Illinois St,41.89087,-87.62584
Rush St & Superior St,41.89576474564,-87.6259080327
S Aberdeen St & W 106th St,41.701217,-87.649345
S Michigan Ave & E 118th St,41.679804,-87.620843
S Wentworth Ave & W 111th St,41.6926176,-87.6280518
SCOOTERS CLASSIC - 2132 W Hubbard ST,41.88996749470834,-87.6801560819149
Sacramento Ave & 25th St,41.846506,-87.700139
Sacramento Ave & 51st St,41.80068000000001,-87.69895
Sacramento Ave & Linden Pl,41.92575,-87.70258
Sacramento Ave & Lunt Ave,42.0082,-87.70461000000002
Sacramento Ave & Lyndale St,41.92235,-87.70241
Sacramento Ave & Pratt Blvd,42.00404000000001,-87.70473000000001
Sacramento Blvd & Addison St,41.94609,-87.702988
Sacramento Blvd & Franklin Blvd,41.89046879243862,-87.70260751247406
Sacramento Blvd & Fulton Ave,41.886528,-87.70167
Sacramento Blvd & Polk St,41.870959,-87.700259
Sangamon St & Adams St,41.879090000000005,-87.65128
Sangamon St & Lake St,41.88577925240433,-87.65102460980414
Sangamon St & Washington Blvd,41.883165,-87.6511
Sawyer Ave & Fullerton Ave,41.924479999999996,-87.70919999999998
Sawyer Ave & Irving Park Rd,41.953598557720426,-87.70931008347263
Sayre Ave & Diversey Ave,41.93098,-87.80106
Scottsdale Park,41.741966,-87.736179
Sedgwick St & Chicago Ave,41.89677,-87.6386
Sedgwick St & Huron St,41.894666,-87.638437
Sedgwick St & North Ave,41.910983,-87.638525
Sedgwick St & North Ave*,41.910983,-87.638525
Sedgwick St & Schiller St,41.907626,-87.638566
Sedgwick St & Webster Ave,41.922167,-87.638888
Seeley Ave & Garfield Blvd,41.79408699999999,-87.675478
Seeley Ave & Roscoe St,41.943403,-87.679618
Seminary Ave & Belden Ave,41.923390000000005,-87.65599
Shabbona Park,41.94480000000001,-87.79932
Shedd Aquarium,41.867225962011034,-87.61535540410257
Sheffield Ave & Addison St,41.947017,-87.654418
Sheffield Ave & Fletcher St,41.939009999999996,-87.65321000000002
Sheffield Ave & Fullerton Ave,41.9256163,-87.65365740000001
Sheffield Ave & Fullerton Ave*,41.9256163,-87.6536574
Sheffield Ave & Kingsbury St,41.91052201283299,-87.653106010569
Sheffield Ave & Kingsbury St*,41.910522,-87.653106
Sheffield Ave & Waveland Ave,41.949399,-87.654529
Sheffield Ave & Webster Ave,41.92154,-87.653818
Sheffield Ave & Wellington Ave,41.936253484169214,-87.6526620968688
Sheffield Ave & Willow St,41.913688,-87.652855
Sheffield Ave & Wrightwood Ave,41.928712,-87.653833
Sheffield/Cornelia Corral,41.9452875,-87.6542225
Sheffield/Newport Corral,41.9446132,-87.6542018
Sheridan Rd & Argyle St,41.97328682025978,-87.65475958585739
Sheridan Rd & Berwyn Ave,41.97828,-87.65529
Sheridan Rd & Buena Ave,41.958490957783354,-87.65498859932366
Sheridan Rd & Columbia Ave,42.004583,-87.661406
Sheridan Rd & Greenleaf Ave,42.01058656284,-87.66241209479999
Sheridan Rd & Irving Park Rd,41.954245,-87.654406
Sheridan Rd & Lawrence Ave,41.969516999999996,-87.654691
Sheridan Rd & Loyola Ave,42.00104377979,-87.6611982433
Sheridan Rd & Montrose Ave,41.96167,-87.65464
Sheridan Rd & Noyes St (NU),42.058239,-87.677432
Shields Ave & 28th Pl,41.842733,-87.635491
Shields Ave & 31st St,41.838464,-87.635406
Shields Ave & 43rd St,41.81620767856,-87.6348193497
Shields Ave & 57th St,41.79076,-87.6345
Shore Dr & 53rd St,41.79945,-87.58237
Shore Dr & 55th St,41.795212,-87.580715
Smith Park,41.892048,-87.689397
South Chicago Ave & 83rd St,41.743921,-87.575225
South Chicago Ave & Elliot Ave,41.747363,-87.580046
South Shore Dr & 67th St,41.773643,-87.567514
South Shore Dr & 71st St,41.7664094567,-87.5656875719
South Shore Dr & 74th St,41.76218896038,-87.55927465
Southport Ave & Belmont Ave,41.93947775040509,-87.6637476682663
Southport Ave & Clark St,41.957081,-87.664199
Southport Ave & Clybourn Ave,41.92126022238193,-87.66539180184805
Southport Ave & Grace St,41.95155,-87.66404
Southport Ave & Irving Park Rd,41.954177,-87.664358
Southport Ave & Roscoe St,41.943738999999994,-87.66402
Southport Ave & Waveland Ave,41.948226,-87.6640712
Southport Ave & Waveland Ave*,41.948226,-87.6640712
Southport Ave & Wellington Ave,41.93577461766458,-87.66360014677048
Southport Ave & Wrightwood Ave,41.92877300000001,-87.663913
Southport Ave & Wrightwood Ave*,41.928773,-87.663913
Spaulding Ave & 16th St,41.8590732,-87.7078929
Spaulding Ave & 63rd,41.7791655,-87.7056392
Spaulding Ave & Armitage Ave,41.91710803478932,-87.71022096276283
Spaulding Ave & Division St,41.90270659438,-87.709219571
Spaulding Ave & Milwaukee Ave,41.93089,-87.71072
Springfield Ave & 47th St,41.8080713,-87.7212202
Springfield Ave & 71st St,41.764484,-87.72002800000001
Springfield Ave & 80th St,41.74763,-87.71945
Springfield Ave & North Ave,41.910158,-87.723831
St Clair St & Ohio St,41.89238,-87.62264
St Louis Ave & 51st St,41.80095,-87.71104
St Louis Ave & 59th St,41.78589,-87.71057
St Louis Ave & Foster Ave,41.97598370000001,-87.7159844
St Louis Ave & Norman Bobbins Pl,41.79439000000001,-87.71132
St. Clair St & Erie St,41.89434700980045,-87.62280048612229
St. Clair St & Erie St 1,41.894400000000005,-87.62286
St. Clair St & Erie St 2,41.89445,-87.62268000000002
St. Louis & 71st St,41.764354,-87.71012099999999
St. Louis Ave & Balmoral Ave,41.98039423475,-87.7161149615
St. Louis Ave & Fullerton Ave,41.92481559681187,-87.71449506282805
State St & 111th St,41.692510000000006,-87.62287
State St & 123rd St,41.67064383687979,-87.62258648872375
State St & 127th St,41.66388,-87.622
State St & 19th St,41.856594,-87.627542
State St & 29th St,41.84170699999999,-87.626938
State St & 33rd St,41.834734,-87.625813
State St & 35th St,41.8310363140161,-87.62679755687714
State St & 45th St,41.813129999999994,-87.62585
State St & 54th St,41.796642,-87.625923
State St & 76th St,41.756971,-87.624621
State St & 79th St,41.750794,-87.624424
State St & 95th St,41.7218499,-87.6228544
State St & Chicago Ave,41.896617200407526,-87.62857854366302
State St & Harrison St,41.874053,-87.627716
State St & Kinzie St,41.8893754597427,-87.62707652193124
State St & Pearson St,41.897448,-87.62872199999998
State St & Pershing Rd,41.82301523798,-87.62656801850001
State St & Randolph St,41.88462107257936,-87.62783423066139
State St & Van Buren St,41.877181,-87.627844
Stave St & Armitage Ave,41.917741,-87.691392
Steelworkers Park,41.73793,-87.53091
Steelworkers Park (Updated),41.737947999999996,-87.53083599999998
Stetson Ave & South Water St,41.886835,-87.62232
Stewart Ave & 123rd St,41.6706,-87.63244
Stewart Ave & 63rd St,41.779835,-87.634774
Stewart Ave & 83rd St,41.743717,-87.634088
Stockton Dr & Wrightwood Ave,41.93132,-87.63874200000001
Stony Island Ave & 63rd St,41.780506,-87.586853
Stony Island Ave & 64th St,41.778881,-87.58664699999999
Stony Island Ave & 67th St,41.77345849948,-87.5853397391
Stony Island Ave & 71st St,41.7664929373,-87.58646087749999
Stony Island Ave & 75th St,41.7586696704,-87.586882871
Stony Island Ave & 82nd St,41.746559,-87.586005
Stony Island Ave & 90th St,41.73139494330236,-87.58574366569519
Stony Island Ave & South Chicago Ave,41.751173,-87.585337
Streeter Dr & Grand Ave,41.892278002970286,-87.61204300164603
Streeter Dr/Grand Ave,41.89240100000001,-87.612388
Summit Ave & 86th St,41.73784847673341,-87.64489978551863
Talman Ave & Addison St,41.9466358306,-87.69461475800001
The Salt Shed,41.90689,-87.65978
Theater on the Lake,41.926277,-87.630834
Throop St & 52nd St,41.799659,-87.657195
Throop St & 99th St,41.71414,-87.6547
Throop St & Taylor St,41.868968,-87.659141
Torrence Ave & 106th St,41.70280085022591,-87.55972623825073
Torrence Ave & 126th Pl,41.66631200825726,-87.55721569061278
Tripp Ave & 15th St,41.86077,-87.73136
Tripp Ave & 31st St,41.836966,-87.73050199999999
Tripp Ave & 65th St,41.77491,-87.72883
Troy Ave & 27th St,41.84265,-87.70401
Troy St & Elston Ave,41.94524356848,-87.7066499009
Troy St & Grace St,41.950244,-87.706489
Troy St & Jackson Blvd,41.87750499999999,-87.70485
Troy St & North Ave,41.909769301690005,-87.7052804871
Union Ave & Root St,41.819102,-87.643278
University Ave & 57th St,41.791478002955266,-87.59986050810642
University Ave & 59th St,41.787878,-87.598906
University Ave & 65th St,41.77694,-87.59842000000002
University Library (NU),42.052939,-87.673447
Valli Produce - Evanston Plaza,42.03974199999999,-87.699413
Vernon Ave & 107th St,41.70012137923888,-87.61225998401642
Vernon Ave & 75th St,41.758361,-87.614138
Vernon Ave & 79th St,41.75094,-87.61379
Vincennes Ave & 104th St,41.70492556499763,-87.65686810958869
Vincennes Ave & 107th St,41.69922,-87.65869
Vincennes Ave & 75th St,41.75797,-87.63121
Vincennes Ave & 79th St,41.750600000000006,-87.63409
Vincennes Ave & 95th St,41.72126,-87.65005
Virginia Ave & Catalpa Ave,41.9812456,-87.7048924
W 103rd St & S Avers Ave,41.705846,-87.717074
W Armitage Ave & N Sheffield Ave,41.917805,-87.653449
W Washington Blvd & N Peoria St,41.883043,-87.649931
Wabansia & Milwaukee,41.913754,-87.6826658
Wabash Ave & 16th St,41.86038402778688,-87.62581300235036
Wabash Ave & 49th St,41.80581,-87.6245
Wabash Ave & 59th St,41.78656330002277,-87.62392012393944
Wabash Ave & 83rd St,41.74335976225324,-87.62284398078917
Wabash Ave & 87th St,41.73655301831962,-87.62264415621758
Wabash Ave & 9th St,41.870769,-87.625734
Wabash Ave & Adams St,41.87947235235,-87.6256886059
Wabash Ave & Cermak Rd,41.852619,-87.626488
Wabash Ave & Grand Ave,41.891466,-87.62676099999999
Wabash Ave & Jackson Blvd,41.87801,-87.62599
Wabash Ave & Roosevelt Rd,41.867227,-87.625961
Wabash Ave & Wacker Pl,41.886875,-87.62603
Wabash Ave & Washington St,41.8832,-87.62662
Wacker Dr & Randolph St,41.88454,-87.63732
Wacker Dr & Washington St,41.88314336439022,-87.63724207878113
Wacker Dr & Washington St Corral,41.88316,-87.63736
Walden Pkwy & 100th St,41.71216410359803,-87.66773343086243
Wallace St & 28th St,41.843511,-87.6419
Wallace St & 35th St,41.83070705144085,-87.64125533401966
Wallace St & Pershing Rd,41.82348386197183,-87.6408699859155
Walsh Park,41.91461,-87.667968
Warren Park East,42.00454962194,-87.68066614509999
Warren Park West,42.001785,-87.688829
Washtenaw Ave & Lawrence Ave,41.9687297,-87.6962603
Washtenaw Ave & Ogden Ave,41.86193049278259,-87.69345045089722
Washtenaw Ave & Peterson Ave,41.99066,-87.697075
Washtenaw Ave & Polk St,41.8711028,-87.693683
Waveland/Racine,41.9491,-87.6593
Waveland/Racine Corral,41.9488214,-87.6592823
Waveland/Wilton Corral,41.9489031,-87.65314100000002
Wellington Ave & Mulligan Ave,41.93473,-87.78436
Wells St & 19th St,41.856802,-87.633879
Wells St & Concord Ln,41.912133,-87.634656
Wells St & Elm St,41.903222,-87.634324
Wells St & Evergreen Ave,41.90672457611039,-87.63482999967887
Wells St & Hubbard St,41.889906,-87.634266
Wells St & Huron St,41.89478399980203,-87.6343724037867
Wells St & Institute Pl,41.89737986072316,-87.63442039489746
Wells St & Madison St,41.88199,-87.63418
Wells St & Polk St,41.87273154226308,-87.63351649045944
Wells St & Randolph St,41.884295,-87.633963
Wells St & Randolph St Corral,41.88438,-87.63396
Wells St & Walton St,41.89993001,-87.63443007
Wells St & Washington St,41.883,-87.63396
Wentworth Ave & 104th St,41.705307996998194,-87.62921690940857
Wentworth Ave & 107th St,41.69989,-87.62785
Wentworth Ave & 24th St,41.85008369347577,-87.6321405172348
Wentworth Ave & 33rd St,41.83452988563,-87.6318229814
Wentworth Ave & 35th St,41.830777,-87.632504
Wentworth Ave & 63rd St,41.78007963264,-87.6297463052
Wentworth Ave & 92nd St,41.72714,-87.62886
Wentworth Ave & Cermak Rd,41.85308455741279,-87.63193130493164
Wentworth Ave & Cermak Rd*,41.853214418519656,-87.63187229633331
Western Ave & 101st St,41.71011,-87.68198
Western Ave & 104th St,41.70458710218908,-87.68120348453522
Western Ave & 111th St,41.691211034981045,-87.68129736185074
Western Ave & 21st St,41.854109,-87.685838
Western Ave & 24th St,41.84847,-87.68510899999998
Western Ave & 28th St,41.84151770807,-87.68513144089998
Western Ave & 43rd St,41.81574,-87.68489000000001
Western Ave & 62nd St,41.780985,-87.6834204
Western Ave & 79th St,41.750843,-87.682701
Western Ave & 81st St,41.746426,-87.683123
Western Ave & Ardmore Ave,41.9867636,-87.68987959999998
Western Ave & Berteau Ave,41.95774,-87.688273
Western Ave & Congress Pkwy,41.87474885079,-87.68644527569998
Western Ave & Division St,41.902893,-87.687275
Western Ave & Fillmore St,41.86856584535612,-87.68623408677644
Western Ave & Grace St,41.95037092929293,-87.68816057777777
Western Ave & Granville Ave,41.99416136902,-87.689438282
Western Ave & Gunnison St,41.96965951655629,-87.68953755099338
Western Ave & Howard St,42.018901,-87.690048
Western Ave & Lake St,41.884761555555556,-87.68648361002178
Western Ave & Leland Ave,41.96579395810278,-87.68859948272886
Western Ave & Lunt Ave,42.0085943972,-87.6904922389
Western Ave & Lyndale St,41.922599999999996,-87.68772000000001
Western Ave & Monroe St,41.88142526,-87.6866316818
Western Ave & Roscoe St,41.943034000000004,-87.687288
Western Ave & Wabansia Ave,41.91208,-87.68752
Western Ave & Walton St,41.89841768945,-87.6865960164
Western Ave & Winnebago Ave,41.915519999999994,-87.687022
Western Blvd & 48th Pl,41.805661,-87.683392
Whipple St & Roosevelt Rd,41.86655400000001,-87.701329
Whipple/Irving Park,41.954189,-87.704448
Wilton Ave & Addison St,41.947459,-87.653216
Wilton Ave & Belmont Ave,41.940231918108594,-87.65294373035431
Wilton Ave & Diversey Pkwy,41.93241798951903,-87.65270499568871
Wilton Ave & Diversey Pkwy*,41.932418,-87.652705
Winchester (Ravenswood) Ave & Balmoral Ave,41.979762,-87.67753
Winchester Ave & Elston Ave,41.92409085038,-87.6764600747
Winthrop Ave & Lawrence Ave,41.968812,-87.657659
Wolcott (Ravenswood) Ave & Montrose Ave,41.961406,-87.676169
Wolcott Ave & Fargo Ave,42.016977,-87.677725
Wolcott Ave & Polk St,41.871262,-87.673688
Wood St & 33rd St,41.83427,-87.6706
Wood St & 35th St,41.83010465416,-87.6702983089
Wood St & 84th St,41.741192,-87.668106
Wood St & Augusta Blvd,41.899181,-87.6722
Wood St & Beach Ave,41.907655,-87.672552
Wood St & Chicago Ave,41.895634,-87.672069
Wood St & Cortland St,41.915890000000005,-87.67281
Wood St & Hubbard St,41.889715,-87.671966
Wood St & Milwaukee Ave,41.90746150493701,-87.67240429168085
Wood St & Milwaukee Ave*,41.907655,-87.672552
Wood St & Taylor St (Temp),41.869265218438194,-87.67373085021973
Wood St & Walnut St,41.88417586306651,-87.67124295169083
Wood St & Webster Ave,41.92105672992757,-87.67279744148254
Woodlawn & 103rd,41.707338,-87.59399
Woodlawn Ave & 55th St,41.795264,-87.596471
Woodlawn Ave & 58th St,41.789381,-87.596479
Woodlawn Ave & 75th St,41.75916,-87.595751
Woodlawn Ave & Lake Park Ave,41.81409271048,-87.5970051479
Yates Blvd & 75th St,41.758768,-87.56644
Yates Blvd & 93rd St,41.726166390245105,-87.5662761926651
