start_station_id,start_station_name,weekday_count,weekend_count,total_start_count,start_lat,start_lng,weekday_system_share,weekend_system_share,share_difference_per_10k,weekend_trip_share_at_station
CHI01747,Navy Pier,19503,15596,35099,41.8922785003185,-87.61204377189962,0.00620844167254521,0.012771735124892108,65.63293452346898,0.4443431436793071
CHI00374,DuSable Lake Shore Dr & Monroe St,17272,13753,31025,41.8809601838986,-87.61674379509017,0.0054982415304415146,0.01126248225010523,57.64240719663716,0.4432876712328767
CHI00525,DuSable Lake Shore Dr & North Blvd,16202,11822,28024,41.911722323491084,-87.62680403928636,0.005157625594963723,0.009681165212007854,45.23539617044131,0.4218526976876963
CHI00420,Theater on the Lake,12611,9927,22538,41.92627653867793,-87.63083536804876,0.0040144930488882555,0.008129328967992048,41.14835919103792,0.4404561185553288
CHI00252,Michigan Ave & Oak St,17139,11273,28412,41.90096092130562,-87.62377573064832,0.005455903287994275,0.009231583102263961,37.75679814269686,0.3967689708573842
CHI00427,Montrose Harbor,8359,6317,14676,41.96398169029728,-87.63818106369146,0.0026609426211765064,0.0051730604503682645,25.12117829191758,0.43043063505042245
CHI01747,Streeter Dr & Grand Ave,11309,7393,18702,41.89227806240747,-87.61204319048456,0.0036000239386152783,0.006054208629028428,24.541846904131493,0.39530531493957866
CHI00531,Dusable Harbor,9548,6707,16255,41.88697499321519,-87.61281347934997,0.0030394401420018283,0.005492435719585238,24.529955775834097,0.4126115041525684
CHI00533,Shedd Aquarium,8979,6402,15381,41.86722734425666,-87.6153637186533,0.002858308864163638,0.005242667880838631,23.843590166749927,0.416227813536181
CHI01742,Millennium Park,13225,7799,21024,41.881033546926396,-87.62408464855633,0.004209949295975512,0.006386686473392764,21.767371774172524,0.37095700152207
CHI00413,Clark St & Lincoln Ave,11035,6924,17959,41.91569188129882,-87.6346007417589,0.0035128007925209655,0.005670139395021349,21.57338602500384,0.3855448521632608
CHI00474,Clark St & Armitage Ave,11504,6660,18164,41.91830588274652,-87.63628343090005,0.003662098805361231,0.005453946905089859,17.91848099728628,0.3666593261396168
13022,Streeter Dr & Grand Ave,6580,4695,11275,41.89227805037336,-87.61204291077419,0.0020946288368634304,0.0038447868948043376,17.501580579409072,0.4164079822616408
CHI00493,DuSable Lake Shore Dr & Diversey Pkwy,9106,5547,14653,41.93258641276308,-87.6364276923167,0.002898737110711002,0.004542499021401419,16.43761910690417,0.3785572920221115
CHI00255,DuSable Lake Shore Dr & Wellington Ave,7341,4834,12175,41.936690430086166,-87.63682827339991,0.0023368799834976354,0.003958615516397054,16.217355328994188,0.3970431211498973
CHI00298,Lakefront Trail & Bryn Mawr Ave,5449,4088,9537,41.98404391643144,-87.6522822700506,0.0017345946097369045,0.003347707950151253,16.131133404143483,0.42864632484009646
CHI00480,DuSable Lake Shore Dr & Belmont Ave,8117,4973,13090,41.94077334446538,-87.63919027556705,0.002583906119881529,0.00407244413798977,14.885380181082413,0.3799083269671505
CHI01163,Michigan Ave & 8th St,8365,5069,13434,41.87277042747161,-87.6239802023205,0.002662852617076382,0.004151059588873948,14.882069717975662,0.37732618728599077
CHI00626,Lincoln Park Conservatory,5601,3989,9590,41.92393678016597,-87.63582634814988,0.0017829811725337495,0.003266635766426944,14.836545938931945,0.4159541188738269
CHI01749,Field Museum,5579,3875,9454,41.86531195473487,-87.61787546142645,0.0017759778542342061,0.0031732799185019826,13.973020642677765,0.40987941612016077
CHI00396,Wells St & Concord Ln,13366,6844,20210,41.9121309910333,-87.63465756222936,0.004254834199622585,0.0056046265192845335,13.497923196619487,0.3386442355269669
CHI00360,Adler Planetarium,6592,4160,10752,41.86609591318238,-87.60726867562083,0.002098448828663181,0.0034066695383143863,13.082207096512052,0.3869047619047619
13300,DuSable Lake Shore Dr & Monroe St,4988,3523,8511,41.88095951211545,-87.6167436176876,0.0015878432580964726,0.002885023265259996,12.971800071635233,0.41393490776641995
CHI00450,Indiana Ave & Roosevelt Rd,10037,5313,15350,41.86789014229585,-87.62304131269632,0.0031951048078416792,0.004350873859871235,11.557690520295557,0.3461237785016287
CHI00390,Broadway & Barry Ave,8392,4669,13061,41.937584698110534,-87.6440972067236,0.0026714475986258216,0.0038234952101898726,11.520476115640509,0.35747645662659827
CHI01209,Lakefront Trail & Wilson Ave,3160,2590,5750,41.96685583498874,-87.6430927413255,0.0010059311739344134,0.0021209793519793895,11.150481780449761,0.4504347826086956
CHI00454,Larrabee St & Webster Ave,7090,4009,11099,41.921822321395155,-87.64413729180397,0.002256978488352845,0.0032830139853611477,10.260354970083029,0.3612037120461303
CHI00558,Burnham Harbor,4238,2873,7111,41.85741306785363,-87.61379218404808,0.001349093770612039,0.002352731149898373,10.03637379286334,0.4040219378427788
CHI00674,Clark St & Newport St,7255,3978,11233,41.94453929476166,-87.65467992307107,0.0023095033755994206,0.0032576277460131323,9.481243704137118,0.3541351375411733
CHI00354,Pine Grove Ave & Waveland Ave,8066,4284,12350,41.94946358574602,-87.64644955124932,0.002567671154732588,0.00350821449570645,9.405433409738619,0.3468825910931174
CHI00430,Broadway & Cornelia Ave,9858,4901,14759,41.94552840242346,-87.6464396518944,0.0031381232634953944,0.004013482549826637,8.753592863312425,0.33206856833118775
CHI00522,Stockton Dr & Wrightwood Ave,5849,3337,9186,41.931319925709126,-87.63873986743042,0.0018619276697286024,0.002732705829171901,8.707781594432987,0.363270193773133
CHI00473,Halsted St & Roscoe St,6722,3675,10397,41.943670519520325,-87.64894586647998,0.002139832073160483,0.003009497729159945,8.696656559994622,0.3534673463499086
CHI00469,Lakeview Ave & Fullerton Pkwy,7397,3919,11316,41.925867685220986,-87.63897325808513,0.002354706611896473,0.0032093120001572308,8.546053882607577,0.34632378932484975
CHI00279,New St & Illinois St,10654,5117,15771,41.89084387205841,-87.61861896108331,0.003391516052878873,0.004190367314316037,7.988512614371642,0.3244562805148691
CHI00287,Clark St & Wrightwood Ave,8404,4239,12643,41.92954677386214,-87.64312052090442,0.0026752675904255724,0.0034713635031044915,7.9609591267891915,0.33528434706952465
CHI00444,Clark St & North Ave,4934,2887,7821,41.91197322977592,-87.63194390581162,0.0015706532949975934,0.002364195903152316,7.935426081547225,0.36913438179260966
KA1503000064,Dusable Harbor,2869,2059,4928,41.88697531896417,-87.61281329795108,0.0009132963727904531,0.0016861376392762794,7.728412664858262,0.41781655844155846
CHI00314,Cannon Dr & Fullerton Ave,1864,1665,3529,41.92675560754005,-87.6344294574071,0.0005933720595613122,0.0013634867262724648,7.7011466671115265,0.4718050439217909
CHI00336,Southport Ave & Waveland Ave,8221,4132,12353,41.94822384647573,-87.66407069962924,0.002617012715479371,0.003383740031806501,7.667273163271303,0.33449364526835584
CHI00234,Southport Ave & Roscoe St,7089,3646,10735,41.94373844570619,-87.66401981437838,0.0022566601557028657,0.0029857493117053492,7.290891560024836,0.33963670237540755
CHI00540,Wells St & Elm St,13074,5971,19045,41.90321734827325,-87.63433616531098,0.004161881065828646,0.004889717262806539,7.278361969778931,0.313520609083749
CHI00617,Marine Dr & Ainslie St,3115,2099,5214,41.9716005658446,-87.65015465549018,0.0009916062046853474,0.0017188940771446868,7.272878724593395,0.40257000383582664
CHI00462,Clark St & Schiller St,7448,3783,11231,41.90799342956983,-87.63150276778599,0.0023709415770454146,0.003097940111404645,7.269985343592304,0.33683554447511355
15544,Shedd Aquarium,3010,2050,5060,41.86722700027204,-87.615362235439,0.0009581812764375266,0.0016787674407558876,7.205861643183609,0.4051383399209486
CHI02026,Fort Dearborn Dr & 31st St*,1750,1549,3299,41.83867340269574,-87.60882311499925,0.0005570821374636782,0.0012684930564540828,7.114109189904046,0.46953622309790843
CHI00496,Broadway & Waveland Ave,9167,4424,13591,41.94907447668462,-87.64863275286949,0.002918155402359736,0.0036228620282458763,7.047066258861401,0.32550952836435876
CHI00301,Clark St & Grace St,4736,2696,7432,41.95078381914601,-87.65917322999431,0.001507623430301703,0.00220778391233067,7.001604820289669,0.3627556512378902
CHI02022,Bissell St & Armitage Ave*,5346,2926,8272,41.91829997678992,-87.65218388985485,0.0017018063467890423,0.0023961334300740132,6.943270832849709,0.3537234042553192
CHI00504,Halsted St & Wrightwood Ave,6668,3431,10099,41.92914317145612,-87.6490799922003,0.0021226421100616036,0.0028096834581626587,6.8704134810105515,0.3397366075849094
CHI00353,Wilton Ave & Belmont Ave,10444,4888,15332,41.940228459546745,-87.65294453242016,0.0033246661963832317,0.004002836707519404,6.781705111361725,0.3188103313331594
CHI00482,Pine Grove Ave & Irving Park Rd,6718,3431,10149,41.954368854153614,-87.64794030029061,0.002138558742560566,0.0028096834581626587,6.711247156020927,0.33806286333628927
CHI00395,Clarendon Ave & Junior Ter,5696,3030,8726,41.9610035363469,-87.64959752653115,0.0018132227742817778,0.002481300168531873,6.680773942500952,0.34723813889525557
13029,Field Museum,1457,1382,2839,41.86531202508607,-87.61787447674665,0.00046381067101975955,0.0011317349283534812,6.679242573337217,0.48679112363508276
CHI00291,Halsted St & Dickens Ave,5166,2821,7987,41.91993657569442,-87.64883127143852,0.0016445064697927783,0.0023101477806694434,6.656413108766651,0.3531989482909728
CHI00394,Shore Dr & 55th St,5174,2821,7995,41.79521203748325,-87.58071903755025,0.001647053130992612,0.0023101477806694434,6.630946496768313,0.35284552845528455
CHI00495,Clark St & Winnemac Ave,6299,3239,9538,41.97334737757454,-87.66785448733023,0.0020051773622192623,0.002652452556394302,6.472751941750399,0.33958901237156636
CHI02025,Buckingham Fountain,5723,3014,8737,41.87001371131374,-87.62374893459588,0.0018218177558312176,0.0024681975933845096,6.46379837553292,0.3449696692228454
CHI00383,Field Blvd & South Water St,6502,3309,9811,41.88634845163236,-87.61751598833777,0.002069798890165049,0.0027097763226640154,6.399774324989663,0.33727448781979413
CHI00378,Kedzie Ave & Milwaukee Ave,4911,2674,7585,41.92912248091677,-87.70802175527092,0.0015633316440480708,0.0021897678715030455,6.264362274549748,0.35253790375741595
CHI02021,Wentworth Ave & Cermak Rd*,2725,1824,4549,41.85321338106087,-87.6318719011524,0.0008674564711934419,0.001493693566799385,6.2623709560594305,0.4009672455484722
CHI00476,Broadway & Sheridan Rd,6607,3316,9923,41.952832744019126,-87.64999415344218,0.00210322381841287,0.002715508699290987,6.122848808781168,0.33417313312506297
LF-005,DuSable Lake Shore Dr & North Blvd,3592,2141,5733,41.91172245353749,-87.62680418344148,0.001143450878725447,0.0017532883369065148,6.098374581810678,0.3734519448805163
CHI00465,Sheffield Ave & Wrightwood Ave,6643,3327,9970,41.92871079159,-87.65383314364914,0.002114683793812123,0.002724516719704799,6.0983292589267615,0.3337011033099298
TA1308000001,Theater on the Lake,2854,1825,4679,41.92627679520502,-87.63083471849482,0.0009085213830407644,0.001494512477746095,5.859910947053306,0.3900406069673007
CHI00330,McClurg Ct & Ohio St,11417,5152,16569,41.89259684402388,-87.61729120368288,0.0036344038648130367,0.004219029197450894,5.846253326378575,0.3109421208280524
CHI00411,Racine Ave & Belmont Ave,4938,2602,7540,41.93974071909245,-87.65886589847734,0.0015719266255975104,0.0021308062833399117,5.588796577424013,0.34509283819628644
CHI00281,Clark St & Elm St,14633,6367,21000,41.90296998767869,-87.63132637021751,0.004658161667146288,0.005214005997703774,5.5584433055748566,0.3031904761904762
CHI00236,Southport Ave & Wellington Ave,5215,2703,7918,41.93577456031783,-87.66360020550805,0.0016601047696417613,0.002213516288957641,5.5341151931587955,0.3413740843647386
CHI00388,Damen Ave & Cortland St,5092,2651,7743,41.91598345501246,-87.67733416234388,0.001620949853694314,0.002170932919728711,5.499830660343971,0.3423737569417538
CHI02054,Sheffield Ave & Addison St,4460,2405,6865,41.94701630841112,-87.6544150067831,0.0014197636189074315,0.0019694808268380048,5.497172079305733,0.3503277494537509
CHI00385,Clark St & Drummond Pl,7087,3413,10500,41.93124803779719,-87.64433432011518,0.0022560234904029073,0.002794943061121875,5.389195707189678,0.32504761904761903
CHI02039,Calumet Ave & 18th St,4057,2209,6266,41.85762014845633,-87.61941176281643,0.0012914755609657958,0.0018089742812828077,5.174987203170119,0.35253750398978617
TA1308000012,Montrose Harbor,1783,1322,3105,41.963981546448345,-87.63818105342749,0.0005675871149129933,0.0010826002715508699,5.150131566378765,0.42576489533011275
CHI00530,Clark St & Berwyn Ave,5255,2668,7923,41.978027316881686,-87.66827947129714,0.0016728380756409309,0.002184854405822784,5.1201633018185335,0.3367411334090622
13008,Millennium Park,4131,2225,6356,41.88103397799055,-87.62408468741326,0.00131503217706426,0.0018220768564301707,5.070446793659107,0.35006293266205163
CHI00327,Burling St & Diversey Pkwy,5237,2647,7884,41.93313886615203,-87.64775981228499,0.0016671080879413045,0.0021676572759418704,5.00549188000566,0.33574327752409944
CHI00310,Sheffield Ave & Waveland Ave,6288,3045,9333,41.94939381846942,-87.65452641589064,0.0020016757030694907,0.0024935838327325255,4.919081296630347,0.32626165220186437
CHI00270,Sheridan Rd & Argyle St,3536,1972,5508,41.97328676017287,-87.65475588463521,0.0011256242503266092,0.0016148923869124929,4.892681365858836,0.35802469135802467
CHI00290,Sheridan Rd & Montrose Ave,6059,2948,9007,41.961662188030125,-87.65463845410568,0.0019287775262242437,0.0024141494709016375,4.853719446773939,0.32730098812035086
CHI00574,Griffin Museum of Science and Industry,2642,1600,4242,41.79172915823806,-87.5839456416464,0.0008410348612451645,0.0013102575147363024,4.692226534911379,0.3771805752003772
CHI02057,Damen Ave & Pierce Ave,5203,2593,7796,41.90935906027046,-87.67775756250633,0.0016562847778420103,0.00212343608481952,4.671513069775099,0.33260646485377116
CHI00537,Rush St & Cedar St,7064,3311,10375,41.90231052416447,-87.6276979557675,0.0022487018394533845,0.002711414144557436,4.627123051040515,0.3191325301204819
CHI00393,Wells St & Evergreen Ave,7279,3394,10673,41.90672388967568,-87.63484430383708,0.002317143359198922,0.0027793837531343815,4.6224039393545935,0.31799868827883443
CHI00254,Damen Ave & Wicker Park Ave,3198,1793,4991,41.908812062607645,-87.67719084085105,0.0010180278146336246,0.001468307327451369,4.5027951281774445,0.3592466439591264
CHI00316,Damen Ave & Chicago Ave,4960,2476,7436,41.89568597407721,-87.67713495032064,0.0015789299438970538,0.002027623504054428,4.486935601573743,0.3329747175901022
CHI00544,Ritchie Ct & Banks St,5567,2698,8265,41.90686139955505,-87.62621607240742,0.0017721578624344553,0.00220942173422409,4.372638717896346,0.3264367816091954
13042,Michigan Ave & Oak St,4408,2243,6651,41.90096121317548,-87.62377566189093,0.0014032103211085107,0.001836817253470954,4.336069323624433,0.33724251992181625
CHI00563,Broadway & Granville Ave,3272,1796,5068,41.9947794571839,-87.66028493550323,0.0010415844307320888,0.0014707640602914995,4.291796295594107,0.35438042620363064
CHI00468,Sheridan Rd & Buena Ave,4619,2317,6936,41.95848904637889,-87.65499863759455,0.0014703785102541313,0.001897416663527508,4.270381532733767,0.3340542099192618
CHI00285,Lincoln Ave & Diversey Pkwy,4908,2424,7332,41.932223612479724,-87.65861995953877,0.001562376646098133,0.0019850401348254984,4.226634887273654,0.33060556464811786
CHI02055,Wilton Ave & Addison St,2577,1516,4093,41.94745940825102,-87.65321424652268,0.0008203432389965136,0.0012414689952126466,4.21125756216133,0.3703884681162961
CHI00365,Clarendon Ave & Leland Ave,3282,1790,5072,41.967966351323184,-87.65000318997905,0.0010447677572318812,0.0014658505946112384,4.2108283737935714,0.35291798107255523
CHI00607,McCormick Place,3435,1831,5266,41.85137770743077,-87.61883537406528,0.0010934726526787056,0.0014994259434263561,4.0595329074765045,0.3477022407899734
CHI00452,Michigan Ave & Jackson Blvd,5951,2809,8760,41.878543504105785,-87.62414549281367,0.0018943976000264852,0.002300320849308921,4.05923249282436,0.320662100456621
13179,Clark St & Lincoln Ave,3390,1809,5199,41.91569122072471,-87.63460043519196,0.0010791476834296396,0.001481409902598732,4.022622191690924,0.34795152914021926
CHI00239,Broadway & Belmont Ave,6602,3052,9654,41.94010508963892,-87.6454530894687,0.0021016321551629736,0.002499316209359497,3.976840541965233,0.31613838823285684
CHI00622,Milwaukee Ave & The 606,5493,2610,8103,41.913756199306526,-87.68266610379295,0.0017486012463359911,0.0021373575709135936,3.887563245776025,0.32210292484265085
CHI00571,Broadway & Thorndale Ave,3013,1645,4658,41.989742657786216,-87.66014077580428,0.0009591362743874643,0.001347108507338261,3.8797223295079677,0.3531558608844998
13146,Clark St & Armitage Ave,3792,1947,5739,41.91830586543153,-87.63628339005096,0.001207117408721296,0.001594419613244738,3.8730220452344217,0.3392577104025091
15541.1.1,Buckingham Fountain,1383,1010,2393,41.87636887077666,-87.6205544002091,0.00044025405492129543,0.0008271000561772909,3.8684600125599546,0.4220643543669035
TA1309000039,DuSable Lake Shore Dr & Diversey Pkwy,2634,1487,4121,41.932587062840426,-87.63642747761192,0.0008384882000453305,0.001217720577758051,3.7923237771272054,0.36083474884736716
15545,Burnham Harbor,1077,881,1958,41.85741327183125,-87.61379238465165,0.00034284426402764656,0.0007214605440516766,3.7861628002403003,0.44994892747701737
CHI00243,Michigan Ave & 18th St,3992,2010,6002,41.85792550419008,-87.6243352972669,0.001270783938717145,0.00164601100288748,3.75227064170335,0.3348883705431523
CHI00494,Lincoln Ave & Fullerton Ave,8312,3682,11994,41.924162186679254,-87.6463791390857,0.002645980986627482,0.003015230105786916,3.6924911915943395,0.3069868267467067
CHI02109,Clark St & Arlington Pl,2688,1495,4183,41.92693863260991,-87.64148534202475,0.0008556781631442097,0.0012242718653317326,3.6859370218752283,0.35739899593593116
CHI00335,Southport Ave & Belmont Ave,4271,2102,6373,41.93947641793525,-87.66374791082563,0.0013595987480613542,0.0017213508099848175,3.6175206192346323,0.32982896595010197
CHI00455,Clarendon Ave & Gordon Ter,6570,2989,9559,41.95786564274709,-87.64950353104392,0.0020914455103636376,0.002447724819716755,3.562793093531175,0.3126896118840883
CHI00269,Honore St & Division St,4545,2193,6738,41.90311879233037,-87.67393270774095,0.0014468218941556673,0.0017958717061354445,3.490498119797772,0.3254674977738201
CHI00304,Sheridan Rd & Irving Park Rd,7098,3175,10273,41.95424541724804,-87.65440624572166,0.002259525149552679,0.0026000422558048503,3.4051710625217138,0.30906259125863916
13137,Broadway & Barry Ave,3133,1627,4760,41.93758507757606,-87.64409773434959,0.0009973361923849738,0.0013323681102974775,3.3503191791250377,0.34180672268907564
CHI00507,Sheffield Ave & Webster Ave,6137,2786,8923,41.921543579835934,-87.65381825311975,0.0019536074729226247,0.0022814858975345868,3.278784246119621,0.312226829541634
CHI00416,Wabash Ave & Wacker Pl,5826,2664,8490,41.886873079230696,-87.6260306075473,0.0018546060187790796,0.0021815787620359435,3.2697274325686383,0.3137809187279152
CHI00250,Michigan Ave & Ida B Wells Dr,3772,1865,5637,41.876204713365105,-87.62446282992666,0.0012007507557217111,0.0015272689156145026,3.2651815989279154,0.33084974277097745
CHI00441,Larrabee St & Armitage Ave,3707,1838,5545,41.91808447511165,-87.6437488842061,0.00118005913347306,0.0015051583200533275,3.2509918658026744,0.33146979260595133
18001,Clark St & Newport St,1938,1150,3088,41.94453985069481,-87.65467874278647,0.0006169286756597763,0.0009417475887167175,3.2481891305694117,0.37240932642487046
CHI00307,California Ave & Milwaukee Ave,5079,2366,7445,41.92269410514816,-87.69715208315144,0.0016168115292445838,0.0019375432999163074,3.207317706717236,0.3177971793149765
CHI02087,Hampden Ct & Diversey Pkwy,2827,1487,4314,41.93247015745408,-87.64242586471812,0.0008999264014913248,0.001217720577758051,3.177941762667263,0.34469170143718125
TA1308000050,Wells St & Concord Ln,4944,2305,7249,41.91213039962622,-87.63465758163636,0.0015738366214973858,0.0018875897321669857,3.1375311066959997,0.3179748930887019
CHI00524,Wabash Ave & Roosevelt Rd,8920,3849,12769,41.86722579851823,-87.6259612201848,0.002839527237814863,0.0031519882338875175,3.1246099607265454,0.30143315843057406
CHI00289,Milwaukee Ave & Rockwell St,1780,1073,2853,41.920330161719,-87.69309005093346,0.0005666321169630556,0.0008786914458200328,3.120593288569772,0.37609533824044866
CHI00377,Clark St & Wellington Ave,6393,2863,9256,41.936496813816966,-87.64754025961125,0.0020351006313173116,0.0023445420404312714,3.0944140911395985,0.3093128781331029
623,Michigan Ave & 8th St,2652,1407,4059,41.872769742749725,-87.62398015944763,0.0008442181877449569,0.001152207702021236,3.0798951427627905,0.3466371027346637
CHI02088,Broadway & Oakdale Ave,2283,1257,3540,41.93558006096121,-87.64405102729565,0.0007267534399026156,0.0010293710600147077,3.0261762011209203,0.3550847457627119
13431,Adler Planetarium,1937,1111,3048,41.86609552811676,-87.60726802283213,0.000616610343009797,0.00090981006179502,2.93199718785223,0.364501312335958
CHI00311,Broadway & Argyle St,2942,1501,4443,41.97423165710469,-87.65977753613164,0.0009365346562389379,0.0012291853310119937,2.9265067477305577,0.33783479630880037
CHI00313,Wabash Ave & Grand Ave,11444,4803,16247,41.891464316874675,-87.62676062695874,0.0036429988463624764,0.003933229277049038,2.902304306865618,0.2956238074721487
CHI00461,Clark St & Leland Ave,4039,1924,5963,41.96708855767724,-87.66729731141616,0.0012857455732661694,0.0015755846614704037,2.8983908820423436,0.322656381016267
CHI00318,Damen Ave & Division St,4078,1939,6017,41.90326557148156,-87.67843688350924,0.00129816054661536,0.0015878683256710566,2.8970777905569665,0.32225361475818515
LP-,Lincoln Park Conservatory,1713,1019,2732,41.92393635775824,-87.63582610227655,0.0005453038294144462,0.0008344702546976827,2.8916642528323644,0.37298682284040996
TA1309000049,DuSable Lake Shore Dr & Belmont Ave,2294,1243,3537,41.94077330199993,-87.63918988433795,0.0007302550990523874,0.001017906306760765,2.876512077083777,0.3514277636415041
CHI02075,Milwaukee Ave & Fullerton Ave,1571,961,2532,41.92469024320285,-87.70059924029462,0.0005001005931173935,0.0007869734197884917,2.868728266710982,0.3795418641390205
CHI00274,Sheffield Ave & Wellington Ave,6550,2891,9441,41.93625418120567,-87.65266194913359,0.0020850788573640528,0.0023674715469391566,2.8239268957510384,0.3062175616989726
CHI00492,Sheridan Rd & Lawrence Ave,2412,1275,3687,41.96951597677037,-87.65469201656288,0.0007678183517499383,0.001044111457055491,2.7629310530555276,0.34580960130187144
CHI00222,Fort Dearborn Dr & 31st St,676,600,1276,41.838554771934355,-87.60822152614368,0.0002151928713859694,0.0004913465680261135,2.7615369664014406,0.4702194357366771
CHI00608,Clark St & Bryn Mawr Ave,3594,1734,5328,41.983592841043645,-87.66915428330033,0.0011440875440254055,0.0014199915815954678,2.7590403757006228,0.32545045045045046
CHI00487,Sedgwick St & Webster Ave,5892,2624,8516,41.92216861544793,-87.63888967948141,0.0018756159736777098,0.002148822324167536,2.732063504898262,0.30812588069516206
13127,Halsted St & Roscoe St,2087,1139,3226,41.94367056057404,-87.64894619162327,0.0006643602405066837,0.0009327395683029053,2.683793277962216,0.3530688158710477
CHI00337,Broadway & Ridge Ave,2329,1233,3562,41.98404101387524,-87.66027806776302,0.000741396741801661,0.001009717197293663,2.6832045549200205,0.34615384615384615
CHI00481,Southport Ave & Irving Park Rd,3466,1670,5136,41.954176036601716,-87.66435565684046,0.0011033409648280622,0.0013675812810060156,2.642403161779534,0.3251557632398754
CHI00329,Wood St & Milwaukee Ave,2838,1422,4260,41.90765576557449,-87.67254769072228,0.0009034280606410965,0.0011644913662218889,2.610633055807924,0.33380281690140845
CHI00315,63rd St Beach,473,502,975,41.78091140778989,-87.57632341277821,0.00015057134344018274,0.0004110932952485149,2.605219518083321,0.5148717948717949
CHI00339,Southport Ave & Wrightwood Ave,4179,1930,6109,41.928755173879715,-87.66390771529728,0.0013303121442632636,0.0015804981271506648,2.501859828874012,0.315927320347029
CHI00605,Fairbanks Ct & Grand Ave,8550,3623,12173,41.89184625349794,-87.62058147257493,0.0027217441573225425,0.002966914359931015,2.4517020260847238,0.2976258933705742
KA1503000074,Griffin Museum of Science and Industry,876,639,1515,41.791729136119095,-87.58394564257176,0.00027885940138181836,0.0005232840949478108,2.444246935659925,0.42178217821782177
CHI00342,Michigan Ave & 14th St,5536,2450,7986,41.864060352921676,-87.62372699383086,0.0017622895502850987,0.002006331819439963,2.4404226915486427,0.30678687703481095
TA1307000041,DuSable Lake Shore Dr & Wellington Ave,1976,1062,3038,41.93669045053069,-87.63682772139802,0.0006290253163589876,0.0008696834254062208,2.406581090472332,0.3495720868992758
13325,Broadway & Waveland Ave,3296,1571,4867,41.94907360518965,-87.6486332852448,0.0010492244143315906,0.001286509097281707,2.3728468295011633,0.3227861105403739
CHI00636,Humboldt Blvd & Armitage Ave,2289,1175,3464,41.91751339916918,-87.70180947717783,0.0007286634358024912,0.0009622203623844721,2.3355692658198097,0.33920323325635104
TA1307000142,Clark St & Drummond Pl,2483,1249,3732,41.93124827223366,-87.64433479705437,0.0007904199698984646,0.0010228197724410262,2.323998025425616,0.3346730975348339
13235,Southport Ave & Waveland Ave,2911,1405,4316,41.94822430434867,-87.6640700081762,0.0009266663440895814,0.0011505698801278156,2.239035360382342,0.32553290083410563
CHI00612,Delano Ct & Roosevelt Rd,3269,1538,4807,41.86749065222147,-87.63219024013011,0.001040629432782151,0.0012594850360402707,2.1885560325811966,0.3199500728104847
13277,Broadway & Belmont Ave,2232,1134,3366,41.94010528856919,-87.64545297666703,0.0007105184747536742,0.0009286450135693544,2.181265388156801,0.33689839572192515
CHI00435,Western Ave & Leland Ave,2435,1210,3645,41.96572109748516,-87.68848140357441,0.0007751400026994609,0.0009908822455193288,2.1574224281986796,0.3319615912208505
CHI02122,Clark St & Eddy St,1334,782,2116,41.946283514735725,-87.65626600265682,0.0004246557550723124,0.0006403883603273679,2.1573260525505544,0.3695652173913043
CHI00425,Lincoln Ave & Sunnyside Ave,2712,1316,4028,41.96300403384321,-87.68478166471117,0.0008633181467437117,0.0010776868058706088,2.143686591268971,0.32671300893743793
CHI00610,Talman Ave & Addison St,1467,832,2299,41.94663603072266,-87.69461498910894,0.000466993997519552,0.0006813339076628773,2.1433991014332525,0.3618964767290126
CHI00588,Streeter Dr/Grand Ave,1339,775,2114,41.89240068763123,-87.61238726219949,0.0004262474183222087,0.0006346559837003966,2.084085653781879,0.3666035950804163
13278,Broadway & Cornelia Ave,3211,1500,4711,41.945528460669806,-87.64643935551369,0.0010221661390833548,0.0012283664200652836,2.062002809819288,0.3184037359371683
CHI00272,Broadway & Wilson Ave,4711,2082,6793,41.965220403598146,-87.65814417993256,0.0014996651140522217,0.0017049725910506135,2.053074769983918,0.30649197703518327
CHI00408,Ashland Ave & Wellington Ave,2810,1339,4149,41.9360830184193,-87.6698083465832,0.0008945147464416777,0.0010965217576449431,2.0200701120326547,0.32272836828151363
13193,Larrabee St & Webster Ave,2693,1293,3986,41.921822257259144,-87.6441382216058,0.000857269826394106,0.0010588518540962744,2.015820277021683,0.3243853487205218
CHI00391,Winthrop Ave & Lawrence Ave,2968,1399,4367,41.968814373413366,-87.6576590041319,0.0009448113051383983,0.0011456564144475545,2.008451093091562,0.3203572246393405
PI00002,Streeter Dr/Grand Ave,853,574,1427,41.89240058607835,-87.61238702212513,0.00027153775043229576,0.0004700548834116485,1.9851713297935274,0.4022424667133847
CHI00512,California Ave & Francis Pl,2083,1051,3134,41.91849390816104,-87.69742507211258,0.0006630869099067667,0.0008606754049924087,1.9758849508564202,0.3353541799617103
13276,Stockton Dr & Wrightwood Ave,1964,1003,2967,41.93131978144608,-87.63874032181906,0.0006252053245592366,0.0008213676795503196,1.96162354991083,0.3380519042804179
TA1309000061,Halsted St & Wrightwood Ave,2437,1183,3620,41.92914323688913,-87.64907951207664,0.0007757766679994194,0.0009687716499581537,1.929949819587343,0.32679558011049725
chargingstx07,Wentworth Ave & Cermak Rd*,1010,627,1637,41.85321420467881,-87.63187219255525,0.00032151597647903714,0.0005134571635872885,1.9194118710825137,0.3830177153329261
CHI02125,Dearborn St & Division St,1926,982,2908,41.904300053861476,-87.62991350360076,0.0006131086838600253,0.0008041705496694057,1.9106186580938043,0.33768913342503437
CHI00506,Racine Ave & Wrightwood Ave,2828,1332,4160,41.928890353948944,-87.65897147332356,0.0009002447341413041,0.0010907893810179717,1.9054464687666763,0.32019230769230766
TA1309000035,Clark St & Winnemac Ave,2462,1188,3650,41.9733476911605,-87.66785489301719,0.0007837349842489005,0.0009728662046917046,1.8913122044280413,0.3254794520547945
TA1305000004,McCormick Place,1017,626,1643,41.85137726859648,-87.61883531929266,0.0003237443050288919,0.0005126382526405783,1.8889394761168643,0.3810103469263542
CHI00475,Seeley Ave & Roscoe St,2384,1153,3537,41.943402944956,-87.67961869958741,0.0007589050375505194,0.000944204321556848,1.8529928400632865,0.325982471020639
CHI00516,Damen Ave & Melrose Ave,1869,952,2821,41.940598995170994,-87.6785023833157,0.0005949637228112084,0.0007796032212681,1.8463949845689165,0.337468982630273
CHI00340,California Ave & Division St,1661,871,2532,41.90302893963001,-87.69747509366918,0.0005287505316155255,0.0007132714345845746,1.8452090296904913,0.3439968404423381
CHI01879,Lincoln Ave & Byron St,2156,1062,3218,41.952372065459265,-87.67729472318386,0.0006863251933552516,0.0008696834254062208,1.8335823205096915,0.3300186451211933
CHI00562,Clark St & Montrose Ave,3692,1657,5349,41.96158729116809,-87.66604298532091,0.0011752841437233715,0.0013569354386987833,1.8165129497541184,0.30977752851000184
CHI00550,Central Park Ave & Elbridge Ave,1553,824,2377,41.935337633557396,-87.71688831819348,0.0004943706054177671,0.0006747826200891958,1.8041201467142869,0.34665544804375265
KA1504000146,Clark St & Berwyn Ave,1987,991,2978,41.978030379491926,-87.66855764750403,0.0006325269755087593,0.0008115407481897974,1.7901377268103809,0.3327736736064473
CHI00467,Leavitt St & Armitage Ave,2503,1188,3691,41.917805078671734,-87.68244057988727,0.0007967866228980495,0.0009728662046917046,1.7607958179365513,0.3218639934976971
CHI00357,Wolcott (Ravenswood) Ave & Montrose Ave,2709,1267,3976,41.961407228200244,-87.67617216661459,0.000862363148793774,0.0010375601694818095,1.7519702068803558,0.31866197183098594
13102,Calumet Ave & 18th St,1277,710,1987,41.857620575868694,-87.61941203547747,0.0004065107940234955,0.0005814267721642343,1.7491597814073876,0.3573225968797182
13128,Clark St & North Ave,1553,816,2369,41.91197326159351,-87.63194401569399,0.0004943706054177671,0.0006682313325155143,1.738607270977472,0.344449134655973
CHI00251,State St & Randolph St,6663,2801,9464,41.884622219414084,-87.62784105531843,0.0021210504468117076,0.0022937695617352397,1.7271911492353207,0.2959636517328825
CHI02100,The Salt Shed,1061,623,1684,41.9068904652457,-87.65978080130687,0.00033775094162797866,0.0005101815198004478,1.724305781724691,0.36995249406175773
CHI00361,Clark St & Schreiber Ave,1470,780,2250,41.99924475103737,-87.67125283573581,0.0004679489954694897,0.0006387505384339475,1.7080154296445778,0.3466666666666667
639,Lakefront Trail & Wilson Ave,844,534,1378,41.96685626829684,-87.64309159561279,0.00026867275658248256,0.00043729844554324095,1.6862568896075838,0.3875181422351234
CHI00403,Damen Ave & Charleston St,2640,1232,3872,41.92008107616659,-87.67785831248712,0.000840398195945206,0.001008898286346953,1.6850009040174687,0.3181818181818182
CHI02006,Archer Ave & Wentworth Ave,715,483,1198,41.85468746629916,-87.63085251599472,0.00022760784473515997,0.0003955339872610213,1.6792614252586133,0.4031719532554257
CHI00700,California Ave & Cortez St,2521,1185,3706,41.9003631906085,-87.69670569426722,0.0008025166105976759,0.0009704094718515741,1.6789286125389817,0.3197517539125742
13124,Cannon Dr & Fullerton Ave,630,449,1079,41.926755963718534,-87.63442913614072,0.00020054956948692418,0.0003676910150728749,1.671414455859507,0.4161260426320667
KA1504000171,Marine Dr & Ainslie St,932,566,1498,41.97160059987323,-87.65015496714874,0.0002966860297806561,0.000463503595837967,1.6681756605731093,0.37783711615487314
TA1307000127,Clark St & Grace St,1869,926,2795,41.95078288894276,-87.65917328096413,0.0005949637228112084,0.0007583115366536351,1.6334781384242671,0.3313059033989267
CHI02032,Lake Park Ave & 35th St,975,578,1553,41.83127406107536,-87.60879931822916,0.0003103743337297636,0.0004733305271984893,1.629561934687257,0.37218287186091437
CHI02112,Lincoln Ave & Dickens Ave,1324,713,2037,41.92012092162046,-87.64160491115638,0.00042147242857252,0.0005838835050043648,1.624110764318448,0.35002454590083454
SL-005,Indiana Ave & Roosevelt Rd,4563,1972,6535,41.86788982891442,-87.62304125690044,0.0014525518818552937,0.0016148923869124929,1.6234050505719915,0.3017597551644989
TA1305000014,Clark St & Wrightwood Ave,3146,1421,4567,41.929546846779786,-87.64311987991871,0.001001474516834704,0.0011636724552751786,1.6219793844047463,0.31114517188526386
TA1307000126,Sheffield Ave & Waveland Ave,2611,1212,3823,41.94939623870402,-87.65452752776604,0.0008311665490958079,0.0009925200674127492,1.6135351831694127,0.31702851164007323
CHI00613,Glenwood Ave & Morse Ave,2182,1044,3226,42.00797182203771,-87.6655009414908,0.0006946018422547119,0.0008549430283654373,1.6034118611072539,0.3236205827650341
CHI00635,Spaulding Ave & Armitage Ave,2330,1101,3431,41.91710830171364,-87.71022267093419,0.0007417150744516402,0.0009016209523279181,1.5990587787627797,0.32089769746429614
CHI00782,Wells St & 19th St,849,525,1374,41.85680190840614,-87.6338783213325,0.00027026441983237875,0.00042992824702284927,1.5966382719047052,0.38209606986899564
CHI00300,California Ave & Montrose Ave,1525,786,2311,41.961068630043236,-87.6954394823915,0.00048545729121834817,0.0006436640041142086,1.5820671289586044,0.3401125054089139
CHI02111,Halsted St & Armitage Ave,1093,618,1711,41.91822921010253,-87.64878715319402,0.00034793758642731446,0.0005060869650668968,1.5814937863958236,0.3611922852133255
CHI02061,Clark/Newport Corral,563,411,974,41.94494330418624,-87.6546121554711,0.00017922128193831476,0.0003365723990978877,1.5735111715957295,0.4219712525667351
CHI00407,Halsted St & Willow St,4285,1856,6141,41.91386505222311,-87.64875732160968,0.0013640554051610636,0.0015198987170941109,1.5584331193304723,0.3022309070184009
CHI00634,Campbell Ave & Fullerton Ave,1018,586,1604,41.92463287089113,-87.68930761270502,0.0003240626376788711,0.0004798818147721708,1.5581917709329969,0.3653366583541147
CHI00478,Lincoln Ave & Addison St,1794,887,2681,41.94617604805037,-87.67330770480189,0.000571088774062765,0.0007263740097319377,1.5528523566917267,0.3308466989929131
chargingstx1,Bissell St & Armitage Ave*,1874,918,2792,41.91829887206421,-87.65218374042661,0.0005965553860611045,0.0007517602490799536,1.5520486301884902,0.32879656160458454
CHI00348,Damen Ave & Clybourn Ave,1906,930,2836,41.9319298988992,-87.67785448070448,0.0006067420308604405,0.0007615871804404758,1.5484514958003535,0.32792665726375175
13323,Broadway & Sheridan Rd,2362,1106,3468,41.95283300265321,-87.64999516488382,0.000751901719250976,0.0009057155070614691,1.5381378781049309,0.31891580161476357
15575,Broadway & Thorndale Ave,1043,593,1636,41.98974318762391,-87.66014087775952,0.00033202095392835225,0.00048561419139914213,1.5359323747078988,0.36246943765281175
CHI00414,Broadway & Berwyn Ave,3545,1564,5109,41.97836166365175,-87.65978781022842,0.0011284892441764225,0.0012807767206547357,1.5228747647831327,0.3061264435310237
chargingstx06,Fort Dearborn Dr & 31st St*,461,365,826,41.8386741861613,-87.60882503021912,0.0001467513516404318,0.000298902495549219,1.5215114390878717,0.44188861985472155
CHI00442,Kedzie Ave & Palmer Ct,2134,1014,3148,41.92152516215035,-87.70732283555712,0.0006793218750557082,0.0008303756999641317,1.5105382490842354,0.3221092757306226
13230,Racine Ave & Belmont Ave,1191,642,1833,41.93974183295791,-87.65886550667557,0.00037913418612528044,0.0005257408277879414,1.4660664166266097,0.3502454991816694
CHI00306,Dearborn Pkwy & Delaware Pl,11058,4475,15533,41.8989678594432,-87.6299143461423,0.003520122443470488,0.003664626486528096,1.4450404305760798,0.2880963110796369
TA1309000019,Lakeview Ave & Fullerton Pkwy,2585,1181,3766,41.92586601090819,-87.63897327405134,0.0008228899001963476,0.0009671338280647332,1.442439278683856,0.31359532660647904
13071,Southport Ave & Roscoe St,2570,1175,3745,41.94373877807318,-87.66401991384234,0.0008181149104466589,0.0009622203623844721,1.441054519378132,0.3137516688918558
13389,Clarendon Ave & Junior Ter,1824,883,2707,41.961003732107415,-87.64959926221822,0.0005806387535621423,0.000723098365945097,1.4245961238295461,0.3261913557443665
CHI00484,Damen Ave & Wellington Ave,2306,1069,3375,41.93588020953881,-87.67842094734227,0.0007340750908521383,0.0008754158020331921,1.4134071118105382,0.31674074074074077
TA1308000049,Wells St & Evergreen Ave,2855,1281,4136,41.90672418751004,-87.63484517198503,0.0009088397156907437,0.0010490249227357521,1.4018520704500845,0.3097195357833656
KA1504000135,Wells St & Elm St,5377,2261,7638,41.9032194684408,-87.63434085048122,0.001711674658938399,0.0018515576505117373,1.3988299157333843,0.2960199004975124
CHI02114,Lincoln Ave & Montana St,1031,568,1599,41.92657302367216,-87.65060127647692,0.0003282009621286013,0.0004651414177313874,1.3694045560278607,0.35522201375859913
TA1307000134,Wilton Ave & Belmont Ave,4090,1755,5845,41.94022908571442,-87.65294443025785,0.0013019805384151108,0.0014371887114763818,1.3520817306127098,0.30025662959794697
428,Milwaukee Ave & Fullerton Ave,540,375,915,41.924691564648334,-87.70055199756571,0.00017189963098879216,0.0003070916050163209,1.3519197402752874,0.4098360655737705
TA1307000006,Southport Ave & Wellington Ave,2193,1017,3210,41.935774643148534,-87.66360010418876,0.0006981035014044836,0.0008328324328042623,1.3472893139977868,0.3168224299065421
CHI00641,Troy St & North Ave,933,527,1460,41.90977095598207,-87.70528320961209,0.0002970043624306353,0.00043156606891626964,1.3456170648563432,0.36095890410958903
13133,Damen Ave & Cortland St,1823,872,2695,41.91597709683558,-87.67732740362129,0.0005803204209121631,0.0007140903455312848,1.3376992461912167,0.3235621521335807
CHI00560,Calumet Ave & 21st St,2582,1167,3749,41.85417960656121,-87.61915400392354,0.0008219349022464098,0.0009556690748107906,1.337341725643808,0.31128300880234727
13192,Halsted St & Dickens Ave,2058,963,3021,41.919936386157474,-87.64883104285713,0.0006551285936572856,0.000788611241681912,1.3348264802462646,0.3187686196623635
CHI00464,Lincoln Ave & Belle Plaine Ave,2378,1087,3465,41.95600364152978,-87.68016332750439,0.0007569950416506439,0.0008901561990739755,1.3316115742333166,0.3137085137085137
TA1307000150,Pine Grove Ave & Waveland Ave,2654,1194,3848,41.94946453671912,-87.64645062234086,0.0008448548530449154,0.0009777796703719656,1.329248173270502,0.3102910602910603
13059,Sheridan Rd & Argyle St,1235,641,1876,41.97328633318596,-87.65475553218758,0.0003931408227243672,0.0005249219168412312,1.3178109411686403,0.34168443496801704
CHI00258,Paulina Ave & North Ave,3315,1448,4763,41.909881279124015,-87.66993795198293,0.0010552727346811962,0.0011857830508363537,1.3051031615515751,0.3040100776821331
TA1309000036,Burling St & Diversey Pkwy,1458,726,2184,41.933139242352496,-87.64775987052909,0.0004641290036697388,0.0005945293473115972,1.3040034364185844,0.3324175824175824
CHI02110,Hudson Ave & Armitage Ave,1361,687,2048,41.91817328270689,-87.64000053889988,0.000433250736621752,0.0005625918203898999,1.2934108376814786,0.33544921875
TA1308000009,Shore Dr & 55th St,2205,1015,3220,41.79521184107967,-87.58072181280244,0.0007019234932042346,0.0008311946109108419,1.2927111770660729,0.31521739130434784
CHI00257,Sedgwick St & North Ave,6200,2566,8766,41.911001881294084,-87.63853326680004,0.001973662429871317,0.002101325489258345,1.2766305938702793,0.29272187999087385
CHI02034,Cornell Ave & Hyde Park Blvd,3101,1361,4462,41.802405938237854,-87.58692368554756,0.000987149547585638,0.0011145377984725672,1.2738825088692927,0.3050201703272075
CHI00309,Ravenswood Ave & Irving Park Rd,2355,1070,3425,41.954687774662716,-87.67392957303738,0.0007496733907011213,0.0008762347129799023,1.26561322278781,0.3124087591240876
CHI02131,Milwaukee Ave & Armitage Ave,719,433,1152,41.91771011437784,-87.68864045385494,0.00022888117533507695,0.00035458843992551185,1.2570726459043489,0.3758680555555556
CHI00254,Damen Ave & Pierce Ave,985,536,1521,41.90881234717883,-87.67719109303266,0.00031355766022955604,0.0004389362674366613,1.2537860720710527,0.3523997370151216
CHI00371,Sheridan Rd & Greenleaf Ave,1083,574,1657,42.01058685817503,-87.66241260313272,0.000344754259927522,0.0004700548834116485,1.2530062348412647,0.3464091732045866
CHI00621,Wabash Ave & Cermak Rd,1609,778,2387,41.85261857491486,-87.62649061436606,0.0005121972338166048,0.0006371127165405271,1.2491548272392232,0.3259321323837453
CHI02089,Broadway & Sunnyside Ave,1737,826,2563,41.96341898683663,-87.65607034616501,0.000552943813013948,0.0006764204419826161,1.2347662896866813,0.3222785797893094
CHI02111,Burling St & Armitage Ave,517,351,868,41.918077337341266,-87.64727953229043,0.00016457798003926953,0.00028743774229527633,1.228597622560068,0.4043778801843318
15576,Lakefront Trail & Bryn Mawr Ave,1197,615,1812,41.98404405143117,-87.65228240423548,0.00038104418202515594,0.0005036302322267663,1.2258605020161033,0.3394039735099338
CHI02105,Halsted St & Belden St,1292,650,1942,41.92365067062023,-87.64894271717729,0.00041128578377318416,0.0005322921153616229,1.2100633158843872,0.33470648815653964
TA1307000107,Sheridan Rd & Montrose Ave,2234,1016,3250,41.96166615863305,-87.65463875571353,0.0007111551400536326,0.0008320135218575521,1.2085838180391948,0.31261538461538463
CHI02119,Wood St & Milwaukee Ave,692,416,1108,41.906289858653274,-87.67151036679022,0.00022028619378563734,0.00034066695383143863,1.203807600458013,0.37545126353790614
CHI00628,California Ave & Altgeld St,1465,715,2180,41.92668891274657,-87.69767191589592,0.0004663573322195935,0.0005855213268977852,1.1916399467819168,0.32798165137614677
CHI00552,Richmond St & Diversey Ave,1347,668,2015,41.93190219419406,-87.70119661416147,0.0004287940795220426,0.0005470325124024062,1.1823843288036362,0.3315136476426799
CHI00333,Ashland Ave & Blackhawk St,3679,1574,5253,41.90706585903656,-87.66725179268202,0.0011711458192736413,0.0012889658301218376,1.1782001084819629,0.29963830192271085
CHI00240,Dayton St & North Ave,5750,2374,8124,41.91057944015879,-87.6494228512278,0.0018304127373806572,0.001944094587489989,1.136818501093317,0.2922205809945839
CHI00409,Wentworth Ave & 24th St,768,437,1205,41.85008400316867,-87.63214107866996,0.00024447947518405994,0.00035786408371235264,1.133846085282927,0.362655601659751
CHI00836,W Armitage Ave & N Sheffield Ave,2034,929,2963,41.91780931271774,-87.65344388480845,0.0006474886100577838,0.0007607682694937656,1.1327965943598182,0.31353358083023963
CHI00443,Blue Island Ave & 18th St,2392,1066,3458,41.85755325783252,-87.66153651771123,0.0007614516987503534,0.0008729590691930615,1.1150737044270813,0.3082706766917293
TA1307000064,Lincoln Ave & Diversey Pkwy,1817,840,2657,41.93222347468159,-87.65862103156154,0.0005784104250122876,0.0006878851952365589,1.0947477022427121,0.316146029356417
CHI00268,California Ave & North Ave,1740,810,2550,41.9100427205127,-87.69716604104417,0.0005538988109638858,0.0006633178668352532,1.0941905587136735,0.3176470588235294
CHI00463,Paulina St & Montrose Ave,2320,1035,3355,41.96150733325641,-87.67138875241845,0.0007385317479518478,0.0008475728298450456,1.0904108189319788,0.30849478390462
TA1307000136,Clark St & Wellington Ave,2386,1060,3446,41.93649676558729,-87.64754045053729,0.0007595417028504779,0.0008680456035128004,1.0850390066232254,0.3076030179918746
CHI00418,Mies van der Rohe Way & Chestnut St,7484,3040,10524,41.89858699596777,-87.62191558546554,0.0023824015524446674,0.0024894892779989746,1.0708772555430723,0.28886354998099584
CHI00535,California Ave & Byron St,1119,564,1683,41.95216210222009,-87.69805117729105,0.0003562142353267748,0.00046186577394454663,1.0565153861777181,0.33511586452762926
632,Clark St & Newport St,1090,549,1639,41.94453965875449,-87.65467894227658,0.0003469825884773767,0.0004495821097438938,1.0259952126651708,0.3349603416717511
CHI00380,Ashland Ave & Belle Plaine Ave,1227,602,1829,41.95567765814,-87.66930220586733,0.00039059416152453325,0.0004929843899195339,1.023902283950006,0.32914160743575727
TA1305000041,Damen Ave & Pierce Ave,2601,1134,3735,41.90881247809302,-87.67719153759471,0.0008279832225960155,0.0009286450135693544,1.0066179097333885,0.3036144578313253
KA1503000022,Clark St & Montrose Ave,1280,620,1900,41.961587560911504,-87.6660406086303,0.0004074657919734332,0.0005077247869603172,1.00258994986884,0.3263157894736842
CHI00576,Western Ave & Walton St,2770,1199,3969,41.89841850658995,-87.68659561694807,0.0008817814404425079,0.0009818742251055167,1.0009278466300882,0.30209120685311164
CHI00381,Damen Ave & Leland Ave,3247,1384,4631,41.967081931864854,-87.6790760630236,0.0010336261144826076,0.0011333727502469016,0.9974663576429402,0.2988555387605269
KA1504000133,Rush St & Cedar St,2756,1193,3949,41.90231080735664,-87.62769938282948,0.0008773247833427985,0.0009769607594252556,0.9963597608245709,0.30210179792352493
TA1309000014,Clark St & Leland Ave,1501,705,2206,41.967088745462085,-87.66729676436623,0.0004778173076188463,0.0005773322174306833,0.9951490981183702,0.31958295557570265
CHI00433,Southport Ave & Clark St,1852,841,2693,41.95708224079178,-87.66419977949325,0.0005895520677615613,0.000688704106183269,0.9915203842170779,0.3122911251392499
CHI00773,Hoyne Ave & Balmoral Ave,981,502,1483,41.9798522163089,-87.68193176909541,0.00031228432962963903,0.0004110932952485149,0.9880896561887585,0.3385030343897505
CHI00446,Lincoln Ave & Waveland Ave,2180,968,3148,41.94879684955898,-87.67527800441768,0.0006939651769547534,0.000792705796415463,0.9874061946070956,0.30749682337992373
CHI00366,Lake Park Ave & 47th St,910,474,1384,41.80944270964556,-87.59187475831945,0.00028968271148111267,0.00038816378874062963,0.9848107725951696,0.342485549132948
CHI00716,Walsh Park,3139,1340,4479,41.914607966417684,-87.66796834592277,0.0009992461882848492,0.0010973406685916534,0.9809448030680427,0.299173922750614
13324,Pine Grove Ave & Irving Park Rd,988,503,1491,41.95436811177766,-87.64793716230474,0.0003145126581794938,0.0004119122061952251,0.9739954801573129,0.33735747820254863
TA1309000027,Sheridan Rd & Buena Ave,1632,753,2385,41.958493411025714,-87.6549705258288,0.0005195188847661274,0.0006166399428727724,0.9712105810664496,0.31572327044025156
KA1504000151,Clark St & Bryn Mawr Ave,1310,627,1937,41.98359280483688,-87.66915415810246,0.00041701577147281057,0.0005134571635872885,0.9644139211447794,0.32369643779039753
CHI00529,Leavitt St & Addison St,1244,600,1844,41.946654027207146,-87.68335876481213,0.0003960058165741804,0.0004913465680261135,0.9534075145193309,0.32537960954446854
CHI01287,Greenview Ave & Jarvis Ave,1440,676,2116,42.01596233672472,-87.66857141506931,0.0004583990159701124,0.0005535837999760878,0.9518478400597543,0.31947069943289225
CHI00264,Sheffield Ave & Willow St,4281,1780,6061,41.913689737272136,-87.65285479227533,0.0013627820745611466,0.0014576614851441365,0.9487941058298989,0.2936809107408018
CHI00472,Leavitt St & Lawrence Ave,1783,803,2586,41.96888634707291,-87.6840039369179,0.0005675871149129933,0.0006575854902082818,0.8999837529528844,0.3105181747873163
TA1309000024,Clark St & Schiller St,2740,1175,3915,41.90799548862572,-87.6315031896018,0.0008722314609431305,0.0009622203623844721,0.8998890144134165,0.3001277139208174
TA1309000006,Larrabee St & Armitage Ave,1383,647,2030,41.91808432103622,-87.64374885325262,0.00044025405492129543,0.0005298353825214923,0.8958132760019689,0.3187192118226601
CHI02031,Stony Island Ave & 63rd St,283,219,502,41.780507828401504,-87.58684528264402,9.008813994412626e-05,0.00017934149732953141,0.8925335738540516,0.4362549800796813
CHI00273,Racine Ave & Fullerton Ave,4610,1901,6511,41.9255683555325,-87.6584170100296,0.0014675135164043181,0.0015567497096960693,0.8923619329175123,0.2919674397174013
CHI00616,California Ave & Fletcher St,1401,652,2053,41.93842919203135,-87.69800855684333,0.00044598404262092184,0.0005339299372550433,0.8794589463412142,0.3175840233804189
TA1308000022,Pine Grove Ave & Irving Park Rd,1331,624,1955,41.954342799275274,-87.6480391243267,0.0004237007571223747,0.000511000430747158,0.8729967362478323,0.31918158567774935
TA1309000023,Sheffield Ave & Wrightwood Ave,2541,1093,3634,41.92871111160582,-87.65383325817726,0.0008088832635972608,0.0008950696647542366,0.8618640115697583,0.3007705008255366
CHI02023,Sheffield Ave & Kingsbury St,6333,2567,8900,41.9105248044937,-87.65310982654228,0.0020160006723185567,0.002102144400205055,0.8614372788649837,0.2884269662921348
CHI00604,Wabash Ave & 16th St,3973,1647,5620,41.86038517027122,-87.62581277566564,0.0012647356183675392,0.0013487463292316815,0.8401071086414232,0.29306049822064056
15578,Broadway & Ridge Ave,770,401,1171,41.984044861674136,-87.66027410109014,0.00024511614048401844,0.0003283832896307858,0.8326714914676735,0.34244235695986336
CHI00297,Larrabee St & North Ave,2896,1227,4123,41.910180309725305,-87.6435209791186,0.0009218913543398927,0.0010048037316134019,0.8291237727350919,0.29759883579917534
CHI00382,Greenview Ave & Diversey Pkwy,2762,1173,3935,41.93259211792292,-87.66593715125435,0.0008792347792426739,0.0009605825404910517,0.8134776124837787,0.29809402795425666
TA1309000029,Leavitt St & Armitage Ave,1001,488,1489,41.917805058684685,-87.68244090507368,0.00031865098262922394,0.00039962854199457223,0.809775593653483,0.3277367360644728
CHI00219,St. Louis Ave & Fullerton Ave,1409,646,2055,41.92481766771809,-87.71449532269615,0.0004485307038207558,0.0005290164715747821,0.8048576775402636,0.3143552311435523
CHI01775,Federal St & Polk St,8360,3348,11708,41.87207797258405,-87.62954586276145,0.0026612609538264856,0.0027417138495857128,0.8045289575922716,0.28595831909805264
CHI00625,Damen Ave & Foster Ave,2645,1126,3771,41.97580309175458,-87.6795089044491,0.0008419898591951022,0.0009220937259956729,0.8010386680057066,0.29859453725802176
CHI00260,Wells St & Walton St,7086,2851,9937,41.89993192004712,-87.63443035111392,0.002255705157752928,0.002334715109070749,0.7900995131782107,0.286907517359364
CHI00752,Sheridan Rd & Loyola Ave,1983,865,2848,42.001045100194716,-87.66119954520038,0.0006312536449088423,0.0007083579689043135,0.7710432399547122,0.30372191011235955
CHI01774,State St & Harrison St,4006,1650,5656,41.87405057628851,-87.62771641840409,0.0012752405958168544,0.001351203062071812,0.7596246625495755,0.2917256011315417
TA1307000144,Wolcott (Ravenswood) Ave & Montrose Ave,855,424,1279,41.96140817928065,-87.67617410691231,0.0002721744157322542,0.00034721824140512017,0.7504382567286597,0.3315089913995309
13249,Ashland Ave & Belle Plaine Ave,521,294,815,41.95605799743656,-87.66883569354681,0.0001658513106391865,0.00024075981833279557,0.7490850769360907,0.36073619631901843
15645,Richmond St & Diversey Ave,444,262,706,41.931901952223775,-87.70119587523783,0.00014133969659078466,0.00021455466803806954,0.7321497144728488,0.37110481586402266
15622,California Ave & Montrose Ave,601,323,924,41.961068371327656,-87.69543897775829,0.00019131792263752607,0.00026450823578739107,0.73190313149865,0.3495670995670996
TA1307000166,Halsted St & Willow St,1573,698,2271,41.913865336143715,-87.64875725906776,0.000500737258417352,0.0005715998408037119,0.7086258238635994,0.30735358872743285
20254.0,W Armitage Ave & N Sheffield Ave,629,331,960,41.91781021126767,-87.65344266493487,0.00020023123683694493,0.00027105952336107256,0.7082828652412764,0.34479166666666666
15571,Broadway & Granville Ave,1026,485,1511,41.99477939953892,-87.66028495039832,0.0003266092988787051,0.0003971718091544417,0.7056251027573658,0.32097948378557245
13221,Wood St & Milwaukee Ave,2201,941,3142,41.907654255826145,-87.67255240465832,0.0007006501626043176,0.0007705952008542878,0.6994503824997022,0.29949077021005727
CHI00436,Indiana Ave & 31st St,840,411,1251,41.83884157368473,-87.62185699266244,0.00026739942598256555,0.0003365723990978877,0.6917297311532214,0.328537170263789
13259,California Ave & Francis Pl,872,423,1295,41.91849453188094,-87.69742675123248,0.0002775860707819014,0.00034639933045841,0.6881325967650858,0.32664092664092664
CHI02048,South Shore Dr & 71st St,622,325,947,41.76640949498697,-87.5656886170617,0.0001980029082870902,0.00026614605768081144,0.6814314939372125,0.34318901795142553
CHI00918,Milwaukee Ave & Fullerton Ave,327,210,537,41.92469165434143,-87.70055278533411,0.00010409477654321302,0.00017197129880913971,0.678765222659267,0.39106145251396646
13379,Clarendon Ave & Gordon Ter,2578,1084,3662,41.95786650898422,-87.64950493459261,0.0008206615716464928,0.000887699466233845,0.6703789458735215,0.2960131075914801
CHI00631,Clark St & Elmdale Ave,1307,589,1896,41.9908606837136,-87.66972130962645,0.0004160607735228728,0.00048233854761230133,0.6627777408942852,0.3106540084388186
CHI02137,Clark St & Fletcher St,515,280,795,41.938941269811735,-87.65031597634058,0.00016394131473931102,0.00022929506507885294,0.6535375033954192,0.3522012578616352
CHI02007,Hampden Ct & Diversey Ave,920,437,1357,41.93254990302791,-87.64239367585938,0.0002928660379809051,0.00035786408371235264,0.6499804573144752,0.3220338983050847
15644,Central Park Ave & Elbridge Ave,542,289,831,41.93533750089753,-87.71688823680245,0.00017253629628875063,0.00023666526359924464,0.6412896731049401,0.34777376654632974
CHI00428,Leavitt St & North Ave,2703,1129,3832,41.91020871750339,-87.68235397249781,0.0008604531528938985,0.0009245504588358034,0.6409730594190499,0.2946242171189979
CHI02040,MLK Jr Dr & Pershing Rd,602,312,914,41.824598031916715,-87.61678061823456,0.00019163625528750532,0.000255500215373579,0.6386396008607366,0.3413566739606127
TA1309000055,Emerald Ave & 31st St,703,351,1054,41.83819873469446,-87.64514283116026,0.00022378785293540902,0.00028743774229527633,0.6364988935986732,0.33301707779886147
CHI00341,Campbell Ave & North Ave,2802,1166,3968,41.910534988163995,-87.68955617935103,0.0008919680852418437,0.0009548501638640804,0.6288207862223676,0.2938508064516129
CHI02128,Broadway & Cuyler Ave,370,219,589,41.95541820017236,-87.65149912629201,0.00011778308049232054,0.00017934149732953141,0.6155841683721087,0.37181663837011886
TA1309000041,Sheridan Rd & Lawrence Ave,931,437,1368,41.96951625320122,-87.65469242212984,0.0002963676971306768,0.00035786408371235264,0.6149638658167582,0.3194444444444444
TA1306000032,Sheffield Ave & Willow St,1591,692,2283,41.91368931848083,-87.65285460567648,0.0005064672461169784,0.0005666863751234508,0.6021912900647242,0.30310994305738065
CHI00676,State St & 19th St,1440,633,2073,41.856593661113756,-87.62754236062675,0.0004583990159701124,0.0005183706292675496,0.5997161329743722,0.3053545586107091
KA1503000038,Shields Ave & 31st St,660,329,989,41.83846396484501,-87.63540600653033,0.0002100995489863015,0.0002694217014676522,0.5932215248135068,0.3326592517694641
CHI00400,Cottage Grove Ave & Oakwood Blvd,473,255,728,41.822984259331,-87.60709989786245,0.00015057134344018274,0.00020882229141109822,0.5825094797091548,0.35027472527472525
CHI00479,Morgan St & 18th St,2364,990,3354,41.8580863182555,-87.65107435675822,0.0007525383845509345,0.0008107218372430872,0.581834526921527,0.295169946332737
CHI02066,Sheffield/Newport Corral,1010,463,1473,41.94461032903794,-87.65420047756164,0.00032151597647903714,0.00037915576832681753,0.5763979184778039,0.3143245078071962
CHI00503,Ashland Ave & Grace St,2353,985,3338,41.950864319725035,-87.66875746825326,0.0007490367254011628,0.0008066272825095362,0.5759055710837349,0.2950868783702816
13268,Damen Ave & Wellington Ave,771,370,1141,41.93588041926532,-87.67842110715043,0.0002454344731339977,0.00030299705028276997,0.5756257714877229,0.32427695004382123
CHI00282,Western Ave & Winnebago Ave,3854,1565,5419,41.9155206601476,-87.68702335009645,0.0012268540330200091,0.0012815956316014458,0.5474159858143667,0.28879867134157594
CHI02069,Addison/Sheffield SW Corral,318,190,508,41.9469549363987,-87.654409681218,0.00010122978269339981,0.00015559307987493592,0.543632971815361,0.37401574803149606
13253,Lincoln Ave & Waveland Ave,821,385,1206,41.94879701978586,-87.67527822518764,0.0002613511056329599,0.00031528071448342276,0.5392960885046286,0.31923714759535654
13242,Milwaukee Ave & Rockwell St,714,343,1057,41.92032589714861,-87.6930760342903,0.00022728951208518072,0.00028088645472159484,0.5359694263641412,0.32450331125827814
13154,Sheffield Ave & Kingsbury St,2091,878,2969,41.91052373383815,-87.65310839401843,0.0006656335711066007,0.000719003811211546,0.5337024010494532,0.2957224654765914
CHI00471,Ravenswood Ave & Berteau Ave,2140,897,3037,41.95792095427393,-87.67356752153505,0.0006812318709555837,0.0007345631191990396,0.5333124824345584,0.2953572604543958
CHI00448,Wabash Ave & 9th St,6745,2687,9432,41.87076804107325,-87.6257368787868,0.0021471537241100056,0.002200413713810278,0.532599897002722,0.28488125530110264
CHI02158,Pine Grove Ave & Wellington Ave,332,194,526,41.93651119191475,-87.64122584748635,0.00010568643979310924,0.00015886872366177669,0.5318228386866745,0.3688212927756654
KA1706005007,Delano Ct & Roosevelt Rd,1313,574,1887,41.867490861830305,-87.63218989112113,0.0004179707694227483,0.0004700548834116485,0.5208411398890017,0.3041865394806571
TA1309000002,Michigan Ave & Jackson Blvd,2070,868,2938,41.877768858857124,-87.62416094417259,0.0006589485854570366,0.0007108147017444441,0.5186611628740746,0.29543907420013615
TA1309000018,Ravenswood Ave & Berteau Ave,818,380,1198,41.95792088277781,-87.67356699419027,0.0002603961076830222,0.00031118615974987183,0.5079005206684963,0.31719532554257096
TA1305000001,Wabash Ave & Cermak Rd,475,246,721,41.852619047029066,-87.62648956221805,0.00015120800874014124,0.00020145209289070651,0.5024408415056527,0.34119278779472956
CHI02107,Leavitt St & Hirsch St,483,249,732,41.90689929691826,-87.68232948452108,0.0001537546699399752,0.00020390882573083707,0.5015415579086188,0.3401639344262295
13191,Sedgwick St & Webster Ave,2176,907,3083,41.92216890770094,-87.63889010271829,0.0006926918463548365,0.0007427522286661414,0.500603823113049,0.2941939669153422
CHI02123,Kedzie Ave & Armitage Ave,607,297,904,41.91758939344767,-87.70685125135874,0.00019322791853740155,0.00024321655117292616,0.4998863263552461,0.32853982300884954
TA1309000025,Halsted St & Roscoe St,562,279,841,41.94363059917006,-87.6490846379364,0.00017890294928833554,0.00022847615413214276,0.4957320484380722,0.33174791914387636
CHI00334,Woodlawn Ave & Lake Park Ave,584,287,871,41.81409265243975,-87.59700519816407,0.00018590626758787892,0.00023502744170582424,0.49121174117945327,0.32950631458094143
17660,California Ave & Cortez St,961,433,1394,41.90036309327826,-87.69670604006212,0.0003059176766300542,0.00035458843992551185,0.48670763295457664,0.31061692969870874
CHI00556,Shields Ave & 31st St,1630,693,2323,41.83846387617064,-87.63540596808669,0.0005188822194661689,0.000567505286070161,0.48623066603992093,0.29832113646147224
CHI00622,Wabansia & Milwaukee,414,220,634,41.913756029893406,-87.68266606699312,0.0001317897170914073,0.0001801604082762416,0.483706911848343,0.3470031545741325
13288,Damen Ave & Charleston St,1012,452,1464,41.92008161165269,-87.67785776383596,0.00032215264177899564,0.00037014774791300543,0.47995106134009785,0.3087431693989071
CHI01881,McCormick Blvd & Devon Ave,488,247,735,41.99719970162249,-87.71104993597801,0.00015534633318987142,0.0002022710038374167,0.46924670647545286,0.3360544217687075
CHI00431,Morgan St & 31st St,1691,714,2405,41.837799783402545,-87.65114013890573,0.0005383005111149028,0.000584702415951075,0.4640190483617219,0.2968814968814969
CHI00566,Dorchester Ave & 63rd St,382,205,587,41.780405630161425,-87.59141540730108,0.00012160307229207148,0.00016787674407558876,0.4627367178351728,0.3492333901192504
CHI00751,Clark St & Touhy Ave,430,223,653,42.012561102396035,-87.67436485652196,0.00013688303949107523,0.00018261714111637216,0.4573410162529693,0.34150076569678406
CHI02153,Broadway & Roscoe Ave,631,301,932,41.94359924861844,-87.64532220176041,0.0002008679021369034,0.00024649219495976693,0.45624292822863527,0.3229613733905579
CHI00702,Central Park Ave & Bloomingdale Ave,1131,495,1626,41.914165580019834,-87.71675602432839,0.0003600342271265258,0.0004053609186215436,0.4532669149501781,0.3044280442804428
CHI00486,Emerald Ave & 31st St,1687,711,2398,41.83819826492849,-87.645142880592,0.0005370271805149858,0.0005822456831109444,0.4521850259595864,0.2964970809007506
CHI02071,Waveland/Racine Corral,714,332,1046,41.948828639727395,-87.65928159782482,0.00022728951208518072,0.00027187843430778275,0.44588922222602023,0.3173996175908222
13085,Kedzie Ave & Milwaukee Ave,1936,807,2743,41.92899912969442,-87.70803026736095,0.0006162920103598178,0.0006608611339951226,0.44569123635304847,0.2942034269048487
13354,Ashland Ave & 13th St,638,302,940,41.86523407123059,-87.66650700178728,0.00020309623068675813,0.0002473111059064771,0.44214875219718985,0.32127659574468087
CHI00387,Wallace St & 35th St,592,284,876,41.83070495295432,-87.6412566364268,0.00018845292878771287,0.0002325707088656937,0.44117780077980817,0.3242009132420091
23002,Lincoln Ave & Byron St,799,363,1162,41.952372099616206,-87.67729476614403,0.00025434778733341654,0.0002972646736557986,0.4291688632238207,0.3123924268502582
TA1309000037,Kimbark Ave & 53rd St,3179,1288,4467,41.7994583470452,-87.59477630551558,0.001011979494284019,0.0010547572993627235,0.4277780507870458,0.28833669129169465
13319,Ashland Ave & Grace St,1253,539,1792,41.95068751174364,-87.66869971532606,0.0003988708104239936,0.0004413930002767919,0.42522189852798276,0.30078125
CHI00754,Clark St & Columbia Ave,1104,481,1585,42.00445036397865,-87.67240264849606,0.00035143924557708617,0.00039389616536760093,0.42456919790514763,0.3034700315457413
TA1305000010,Michigan Ave & Ida B Wells Dr,991,437,1428,41.87620318625325,-87.62446192720849,0.0003154676561294315,0.00035786408371235264,0.42396427582921153,0.30602240896358546
TA1309000043,Southport Ave & Irving Park Rd,1448,614,2062,41.95417611767737,-87.66435574397254,0.00046094567716994635,0.0005028113212800561,0.4186564411010974,0.29776915615906885
T13243,Wabansia & Milwaukee,558,268,826,41.91375597422062,-87.68266590716865,0.00017762961868841856,0.00021946813371833066,0.418385150299121,0.324455205811138
13132,Damen Ave & Chicago Ave,1761,735,2496,41.895723624259325,-87.67711828719825,0.0005605837966134499,0.0006018995458319889,0.41315749218538983,0.29447115384615385
520,Greenview Ave & Jarvis Ave,617,290,907,42.01596249923698,-87.66857111712282,0.000196411245037194,0.00023748417454595483,0.4107292950876083,0.3197353914002205
CHI01097,Eastlake Ter & Howard St,826,371,1197,42.01920201808173,-87.66430312818936,0.00026294276888285615,0.00030381596122948016,0.40873192346624004,0.30994152046783624
TA1308000019,Racine Ave & Belmont Ave,575,273,848,41.93973840001172,-87.65887046350579,0.00018304127373806571,0.00022356268845188162,0.405214147138159,0.32193396226415094
TA1309000050,Lincoln Ave & Addison St,699,321,1020,41.94617605851089,-87.67330786326326,0.00022251452233549204,0.0002628704138939707,0.40355891558478657,0.31470588235294117
CHI00355,Calumet Ave & 35th St,627,293,920,41.83137909717727,-87.61803418848021,0.00019959457153698643,0.0002399409073860854,0.40346335849098963,0.3184782608695652
CHI02065,Eddy/Seminary Corral,868,386,1254,41.946130928275736,-87.65666872751133,0.0002763127401819844,0.000316099625430133,0.3978688524814859,0.3078149920255183
CHI00459,Damen Ave & Sunnyside Ave,2003,827,2830,41.96324979017092,-87.67926110884785,0.0006376202979084272,0.0006772393529293263,0.39619055020899147,0.29222614840989397
CHI00502,Cottage Grove Ave & 51st St,378,195,573,41.803037948021,-87.60661506386019,0.0001203297416921545,0.00015968763460848687,0.39357892916332365,0.3403141361256545
CHI00373,Emerald Ave & 28th St,816,365,1181,41.84357996952594,-87.64536889760495,0.0002597594423830637,0.000298902495549219,0.3914305316615529,0.3090601185436071
CHI02063,Addison/Wilton Corral,351,184,535,41.94738628866454,-87.65317489333673,0.0001117347601427149,0.00015067961419467477,0.38944854051959876,0.34392523364485983
KA1503000004,Lake Park Ave & 35th St,532,254,786,41.83127412201508,-87.608799470333,0.00016935296978895818,0.00020800338046438803,0.3865041067542985,0.3231552162849873
CHI02082,Rockwell St & Fletcher St,656,302,958,41.938849368670745,-87.69299004069407,0.00020882621838638453,0.0002473111059064771,0.3848488752009258,0.31524008350730687
13063,Sheridan Rd & Irving Park Rd,2529,1030,3559,41.95424498627834,-87.65440617732607,0.0008050632717975099,0.0008434782751114947,0.3841500331398481,0.28940713683618996
TA1307000156,Lincoln Ave & Sunnyside Ave,1089,470,1559,41.96300398430971,-87.68478134728608,0.0003466642558273975,0.00038488814495378883,0.3822388912639132,0.3014753046824888
CHI01768,Albany Ave & Montrose Ave,1020,443,1463,41.961040644966985,-87.70586533864976,0.0003246993029788296,0.00036277754939261376,0.3807824641378416,0.3028024606971975
CHI02060,Addison/Racine Corral,684,312,996,41.947072273725695,-87.65935210504057,0.0002177395325858034,0.000255500215373579,0.37760682787775585,0.3132530120481928
15651,Humboldt Blvd & Armitage Ave,852,377,1229,41.91751335141351,-87.7018088845597,0.0002712194177823165,0.0003087294269097413,0.37510009127424765,0.306753458096013
CHI00519,Wentworth Ave & 33rd St,897,394,1291,41.83452980470789,-87.63182277641903,0.0002855443870313825,0.0003226509130038145,0.3710652597243197,0.30518977536793185
TA1307000140,Western Ave & Leland Ave,782,349,1131,41.9659454442303,-87.689066700941,0.0002489361322837694,0.00028579992040185596,0.3686378811808657,0.30857648099027407
CHI01878,Clark/Eddy,353,182,535,41.94658865201213,-87.65610470338189,0.00011237142544267339,0.0001490417923012544,0.36670366858581016,0.3401869158878505
CHI02144,Racine Ave & Webster Ave,447,218,665,41.9215898673207,-87.65858190619336,0.00014229469454072238,0.0001785225863828212,0.3622789184209882,0.32781954887218046
CHI00739,Elmwood Ave & Austin St,528,249,777,42.0257841457971,-87.68410748281386,0.0001680796391890412,0.00020390882573083707,0.3582918654179587,0.3204633204633205
CHI00644,Spaulding Ave & Division St,971,421,1392,41.90270670868971,-87.70922017783946,0.00030910100312984664,0.0003447615085649896,0.3566050543514298,0.3024425287356322
13109,Broadway & Berwyn Ave,1378,579,1957,41.978362446520194,-87.65978723581591,0.00043866239167139923,0.0004741494381451995,0.3548704647380024,0.2958610117526827
TA1305000034,Honore St & Division St,1965,807,2772,41.90311887127389,-87.67393292164586,0.0006255236572092159,0.0006608611339951226,0.3533747678590674,0.2911255411255411
CHI01050,Sheridan Rd & Columbia Ave,1469,614,2083,42.0045825894104,-87.66140929409774,0.0004676306628195105,0.0005028113212800561,0.35180658460545583,0.29476716274603937
TA1307000119,Clarendon Ave & Leland Ave,1235,523,1758,41.96796715941769,-87.65000221214126,0.0003931408227243672,0.0004282904251294289,0.35149602405061703,0.2974971558589306
CHI00392,Normal Ave & Archer Ave,370,186,556,41.84952689660333,-87.64059099540287,0.00011778308049232054,0.00015231743608809517,0.34534355595774635,0.3345323741007194
CHI00421,Clifton Ave & Armitage Ave,5030,1997,7027,41.91821585006027,-87.65693887684228,0.0016012132293956008,0.0016353651605802476,0.3415193118464681,0.2841895545752099
CHI00247,South Shore Dr & 67th St,446,215,661,41.77364356598984,-87.56751060416799,0.00014197636189074313,0.00017606585354269064,0.3408949165194751,0.32526475037821484
13143,Damen Ave & Melrose Ave,673,303,976,41.94059839937778,-87.67850312544999,0.0002142378734360317,0.0002481300168531873,0.3389214341715561,0.3104508196721312
CHI00296,Damen Ave & Thomas St (Augusta Blvd),3696,1478,5174,41.90131618613713,-87.67741244406756,0.0011765574743232885,0.0012103503792376595,0.3379290491437102,0.2856590645535369
RP-009,Sheridan Rd & Loyola Ave,643,291,934,42.001046299623916,-87.66120075799716,0.00020468789393665436,0.00023830308549266502,0.3361519155601066,0.31156316916488225
CHI02073,Broadway & Oakdale Ave,350,177,527,41.93558632807573,-87.64404616676966,0.00011141642749273565,0.00014494723756770347,0.33530810074967826,0.33586337760910817
CHI02068,Racine/Eddy Corral,487,230,717,41.946338509522995,-87.65910403606222,0.00015502800053989217,0.0001883495177433435,0.3332151720345132,0.3207810320781032
TA1309000021,Paulina St & Montrose Ave,1035,443,1478,41.96150705196217,-87.6713882748147,0.0003294742927285183,0.00036277754939261376,0.33303256664095454,0.2997293640054127
13271,Damen Ave & Clybourn Ave,725,322,1047,41.93192929811006,-87.6778532780925,0.00023079117123495243,0.0002636893248406809,0.3289815360572846,0.30754536771728747
KA1503000007,Cornell Ave & Hyde Park Blvd,1353,566,1919,41.80240649279521,-87.58692377211088,0.0004307040754219181,0.000463503595837967,0.3279952041604893,0.2949452840020844
CHI02135,Damen Ave & St Paul Ave,559,257,816,41.91301256666153,-87.6777790894076,0.00017794795133839778,0.0002104601133045186,0.325121619661208,0.31495098039215685
CHI00412,Stave St & Armitage Ave,2064,842,2906,41.917741044210054,-87.6913938986803,0.0006570385895571611,0.0006895230171299792,0.3248442757281813,0.28974535443909155
13256,California Ave & Division St,640,287,927,41.90302917287773,-87.69747583328666,0.0002037328959867166,0.00023502744170582424,0.3129454571910764,0.30960086299892126
CHI02033,Wentworth Ave & 35th St,1149,484,1633,41.830777205001745,-87.63250394635178,0.0003657642148261522,0.0003963528982077315,0.3058868338157931,0.2963870177587263
CHI02138,Sheffield Ave & Fletcher St,403,194,597,41.939009410729724,-87.65321327962329,0.00012828805794163562,0.00015886872366177669,0.30580665720141065,0.3249581239530988
CHI01212,Clark St & Jarvis Ave,699,309,1008,42.01596292841495,-87.67500464853752,0.00022251452233549204,0.0002530434825334484,0.30528960197956373,0.30654761904761907
TA1308000013,Halsted St & Archer Ave,501,232,733,41.847202835653555,-87.64679569959651,0.0001594846576396016,0.00018998733963676386,0.3050268199716226,0.3165075034106412
CHI01143,Glenwood Ave & Touhy Ave,820,356,1176,42.01270287746385,-87.66605648937622,0.00026103277298298065,0.0002915322970288273,0.3049952404584667,0.30272108843537415
CHI00325,Western Ave & 24th St,378,184,562,41.8484691806811,-87.68511079705962,0.0001203297416921545,0.00015067961419467477,0.3034987250252027,0.3274021352313167
15623,Campbell Ave & Montrose Ave,659,293,952,41.96152450305207,-87.69117728397057,0.00020978121633632226,0.0002399409073860854,0.30159691049763127,0.3077731092436975
CHI00962,Avers Ave & Belmont Ave,1328,553,1881,41.93940779132035,-87.72357419328877,0.00042274575917243697,0.00045285775353073453,0.3011199435829756,0.29399255715045186
CHI00801,Western Ave & Lunt Ave,652,290,942,42.00859402406261,-87.6904912188718,0.00020755288778646756,0.00023748417454595483,0.29931286759487274,0.3078556263269639
CHI00958,Damen Ave & Wabansia Ave,629,281,910,41.91228062145963,-87.67732059087743,0.00020023123683694493,0.00023011397602556313,0.298827391886182,0.3087912087912088
15642,California Ave & Fletcher St,552,251,803,41.938429088296175,-87.69800788281134,0.00017571962278854308,0.00020554664762425744,0.2982702483571436,0.3125778331257783
CHI00328,Rhodes Ave & 32nd St,1527,630,2157,41.83622283870798,-87.61352958439006,0.00048609395651830667,0.0005159138964274191,0.2981993990911239,0.29207232267037553
CHI00637,Central Park Ave & North Ave,618,276,894,41.90965694221049,-87.71663334656631,0.00019672957768717322,0.00022601942129201217,0.2928984360483895,0.3087248322147651
CHI01076,Dearborn St & Van Buren St,3615,1441,5056,41.87626865906345,-87.62915667475504,0.0011507725296749697,0.0011800506742093825,0.29278144534412853,0.28500791139240506
CHI00424,Halsted St & 18th St,2276,920,3196,41.8575074097909,-87.6459958350249,0.000724525111352761,0.000753398070973374,0.28872959620613,0.2878598247809762
CHI00623,Kosciuszko Park,1142,479,1621,41.93058471644293,-87.72377857563518,0.0003635358862762975,0.00039225834347418056,0.28722457197883083,0.29549660703269587
TA1308000031,Logan Blvd & Elston Ave,852,366,1218,41.929464594622274,-87.68415792446986,0.0002712194177823165,0.0002997214064959292,0.2850198871361267,0.30049261083743845
KA1504000143,Leavitt St & Addison St,495,227,722,41.94665462995064,-87.68335894037935,0.00015757466173972615,0.0001858927849032129,0.2831812316348676,0.314404432132964
KA1504000126,Kedzie Ave & Leland Ave,398,189,587,41.966686796578585,-87.70805295810574,0.0001266963946917394,0.00015477416892822573,0.28077774236486336,0.3219761499148211
CHI00559,Lake Park Ave & 53rd St,3398,1355,4753,41.79949453341538,-87.58644981347312,0.0010816943446294736,0.0011096243327923061,0.2792998816283248,0.2850831054071113
20.0,Damen Ave & Wabansia Ave,620,275,895,41.91228168466534,-87.67732021678535,0.00019736624298713172,0.000225200510345302,0.2783426735817026,0.30726256983240224
CHI02117,Western Ave & Wabansia Ave,479,220,699,41.9120804191701,-87.68752165069974,0.00015248133934005822,0.0001801604082762416,0.2767906893618339,0.3147353361945637
CHI02038,Chicago Ave & Washington St,1506,619,2125,42.032567224187915,-87.67910316301838,0.0004794089708687425,0.000506905876013607,0.27496905144864503,0.2912941176470588
CHI00214,Campbell Ave & Montrose Ave,1622,664,2286,41.96152527809187,-87.69117741289244,0.0005163355582663349,0.0005437568686155655,0.27421310349230604,0.2904636920384952
KA1504000175,Glenwood Ave & Morse Ave,851,363,1214,42.00797189592496,-87.6655010640301,0.00027090108513233726,0.0002972646736557986,0.2636358852346136,0.2990115321252059
KA1504000148,Clark St & Elmdale Ave,482,219,701,41.990860157672216,-87.66972237982458,0.00015343633728999594,0.00017934149732953141,0.25905160039535474,0.3124108416547789
15648,Campbell Ave & Fullerton Ave,494,223,717,41.92463283341789,-87.68930773244982,0.0001572563290897469,0.00018261714111637216,0.2536081202662526,0.3110181311018131
CHI00262,Larrabee St & Menomonee St,2770,1107,3877,41.91468129514043,-87.64332099059601,0.0008817814404425079,0.0009065344180081792,0.2475297756567138,0.28553004900696416
15650,Spaulding Ave & Armitage Ave,998,418,1416,41.917108451146255,-87.71022314732713,0.00031769598467928624,0.000342304775724859,0.24608791045572762,0.2951977401129944
CHI02127,Racine Ave & Broadway,844,358,1202,41.968235081550645,-87.6596531641222,0.00026867275658248256,0.0002931701189222477,0.24497362339765133,0.2978369384359401
CHI02067,Sheffield/Cornelia Corral,381,178,559,41.94529510147597,-87.65421851636779,0.00012128473964209223,0.00014576614851441366,0.24481408872321428,0.3184257602862254
TA1308000035,Lake Park Ave & 47th St,390,181,571,41.809442707758734,-87.59187509668331,0.00012414973349190544,0.00014822288135454422,0.24073147862638772,0.3169877408056042
18067,Walsh Park,1202,496,1698,41.91460799457727,-87.66796858359331,0.00038263584527505214,0.0004061798295682538,0.23543984293201634,0.2921083627797409
CHI02042,Central St & Girard Ave,464,209,673,42.064312947532706,-87.68615197527512,0.00014770634959036954,0.0001711523878624295,0.23446038272059966,0.31054977711738485
CHI00292,Loomis St & Archer Ave,403,185,588,41.84163255038313,-87.65743508500724,0.00012828805794163562,0.00015149852514138499,0.23210467199749363,0.31462585034013607
13258,California Ave & North Ave,749,319,1068,41.91004305824954,-87.69716627566055,0.00023843115483445428,0.00026123259200055033,0.22801437166096047,0.29868913857677903
655,Hoyne Ave & Balmoral Ave,460,206,666,41.97985307036514,-87.68193239005251,0.00014643301899045256,0.00016869565502229894,0.22262636031846383,0.30930930930930933
CHI00924,Albany Ave & Belmont Ave,376,173,549,41.93964050641586,-87.70526334977382,0.00011969307639219602,0.0001416715937808627,0.21978517388666685,0.3151183970856102
13292,Kedzie Ave & Palmer Ct,932,389,1321,41.92152508268461,-87.70732311216837,0.0002966860297806561,0.00031855635827026356,0.21870328489607482,0.29447388342165026
KA1504000103,Western Ave & Walton St,1187,488,1675,41.89841845362587,-87.68659603549763,0.0003778608555253635,0.00039962854199457223,0.21767686469208744,0.29134328358208955
CHI00457,Noble St & Milwaukee Ave,3648,1444,5092,41.90069944139124,-87.66260740883553,0.0011612775071242847,0.001182507407049513,0.21229899925228302,0.2835820895522388
CHI00458,Clinton St & Polk St,538,235,773,41.871465929111366,-87.64094912330265,0.00017126296568883365,0.00019244407247689442,0.2118110678806076,0.3040103492884864
13229,Southport Ave & Belmont Ave,1730,698,2428,41.9394764606765,-87.66374822754668,0.0005507154844640933,0.0005715998408037119,0.20884356339618604,0.28747940691927515
CHI00928,Campbell Ave & Irving Park Rd,346,160,506,41.953633860494456,-87.69078215754354,0.00011014309689281867,0.00013102575147363026,0.20882654580811585,0.31620553359683795
CHI00232,Greenview Ave & Fullerton Ave,3911,1545,5456,41.925331819769276,-87.66580142607171,0.0012449989940688262,0.001265217412667242,0.20218418598415927,0.2831744868035191
13084,California Ave & Milwaukee Ave,2149,860,3009,41.92269467370687,-87.69715269175741,0.0006840968648053969,0.0007042634141707626,0.20166549365365655,0.2858092389498172
TA1308000005,Leavitt St & North Ave,1036,427,1463,41.910399613752176,-87.6823272874675,0.0003297926253784975,0.00034967497424525073,0.19882348866753233,0.291866028708134
TA1309000058,Lincoln Ave & Fullerton Ave,3126,1239,4365,41.92416182641972,-87.64637898622014,0.000995107863835119,0.0010146306629739243,0.19522799138805375,0.2838487972508591
CHI02041,Central St Metra,600,257,857,42.06360204078312,-87.69872940229965,0.00019099958998754682,0.0002104601133045186,0.19460523316971767,0.2998833138856476
CHI01776,Clark St & 9th St (AMLI),2413,961,3374,41.87081610564215,-87.63124210253405,0.0007681366843999175,0.0007869734197884917,0.18836735388574194,0.2848251333728512
CHI02085,Kedzie Ave & George St,566,243,809,41.93388673636829,-87.7072604282783,0.0001801762798882525,0.00019899536005057593,0.18819080162323418,0.3003708281829419
KA17018068,Leavitt St & Belmont Ave,690,291,981,41.939353540797285,-87.68328138234268,0.00021964952848567884,0.00023830308549266502,0.18653557006986174,0.2966360856269113
KA1504000078,Lincoln Ave & Winona St,382,171,553,41.97491131247773,-87.69250371836043,0.00012160307229207148,0.00014003377188744233,0.1843069959537085,0.3092224231464738
CHI00477,Lincoln Ave & Melrose St,4874,1917,6791,41.9405996124013,-87.66943775823398,0.0015515533359988388,0.0015698522848434323,0.18298948844593532,0.28228537770578704
CHI00275,Ogden Ave & Chicago Ave,5453,2142,7595,41.896362060945584,-87.65406222070018,0.0017358679403368213,0.001754107247853225,0.1823930751640359,0.2820276497695853
CHI00397,California Ave & 21st St,414,183,597,41.85379597833984,-87.69582361830932,0.0001317897170914073,0.0001498607032479646,0.1807098615655729,0.3065326633165829
CHI00614,Western Ave & Roscoe St,1312,532,1844,41.94303469122337,-87.68728822142144,0.00041765243677276907,0.0004356606236498206,0.18008186877051507,0.2885032537960954
CHI00615,Leavitt St & Belmont Ave,2269,904,3173,41.93935284420578,-87.68328112058984,0.0007222967828029062,0.0007402954958260109,0.17998713023104615,0.2849038764576111
CHI01751,Michigan Ave & Pearson St,4562,1795,6357,41.89765694294741,-87.6235095497535,0.0014522335492053143,0.0014699451493447894,0.17711600139475123,0.2823658958628284
13089,Damen Ave & Cullerton St,392,174,566,41.85496735266936,-87.67569697240984,0.00012478639879186392,0.0001424905047275729,0.1770410593570897,0.30742049469964666
CHI02043,Chicago Ave & Sheridan Rd,2517,1000,3517,42.050490860148045,-87.67782102778325,0.0008012432799977589,0.000818910946710189,0.1766766671243013,0.2843332385555872
515,Paulina St & Howard St,393,174,567,42.01915833955786,-87.67357239931319,0.00012510473144184317,0.0001424905047275729,0.17385773285729716,0.30687830687830686
CHI02143,St Clair St & Ohio St,1076,439,1515,41.89237755630876,-87.62264830494321,0.0003425259313776673,0.000359501905605773,0.16975974228105706,0.28976897689768977
CHI00426,Halsted St & Archer Ave,1363,550,1913,41.847202763205,-87.64679589373016,0.00043388740192171053,0.000450401020690604,0.16513618768893445,0.2875065342394145
TA1308000021,Winthrop Ave & Lawrence Ave,1055,430,1485,41.96881512455001,-87.6576586814668,0.00033584094572810315,0.0003521317070853813,0.16290761357278136,0.2895622895622896
TA1307000138,Wood St & Webster Ave,438,190,628,41.921056270044105,-87.67279747984432,0.00013942970069090918,0.00015559307987493592,0.16163379184026735,0.30254777070063693
15534,Field Blvd & South Water St,2373,942,3315,41.88634822851982,-87.61751664482169,0.0007554033784007477,0.000771414111800998,0.16010733400250365,0.2841628959276018
CHI00375,Western Ave & Division St,2301,914,3215,41.90289374596576,-87.68727926880015,0.000732483427602242,0.0007484846052931128,0.16001177690870777,0.2842923794712286
TA1305000037,Paulina Ave & North Ave,1171,474,1645,41.909873444795565,-87.66993541944547,0.00037276753312569553,0.00038816378874062963,0.15396255614934098,0.28814589665653495
CHI00602,Warren Park West,500,213,713,42.00178494011269,-87.6888289840635,0.00015916632498962234,0.00017442803164927027,0.15261706659647928,0.29873772791023845
CHI02086,Francisco Ave & Bloomingdale Ave,477,204,681,41.913960657297196,-87.69940019560435,0.00015184467404009971,0.00016705783312887857,0.15213159088778858,0.29955947136563876
15631,Troy St & Elston Ave,455,195,650,41.945243333778635,-87.70665006810962,0.00014484135574055633,0.00015968763460848687,0.14846278867930537,0.3
CHI00532,Canal St & Taylor St,2557,1012,3569,41.87025632091444,-87.63947406591505,0.0008139765859969287,0.0008287378780707114,0.14761292073782656,0.28355281591482207
CHI02025,Michigan Ave & 11th St,528,222,750,41.86959154378083,-87.6239608501853,0.0001680796391890412,0.00018179823016966197,0.1371859098062077,0.296
13108,Broadway & Argyle St,1259,506,1765,41.974230727268676,-87.65977524114564,0.0004007808063238691,0.0004143689390353557,0.1358813271148658,0.28668555240793203
TA1309000033,Sheffield Ave & Webster Ave,2703,1067,3770,41.92154175135647,-87.65381810462158,0.0008604531528938985,0.0008737779801397717,0.13324827245873253,0.2830238726790451
CHI00362,Ashland Ave & Grand Ave,2294,908,3202,41.891072055203104,-87.66661578964813,0.0007302550990523874,0.0007435711396128516,0.13316040560464254,0.2835727670206121
13150,Michigan Ave & 18th St,1587,633,2220,41.85792591647733,-87.62433506860604,0.0005051939155170614,0.0005183706292675496,0.13176713750488234,0.2851351351351351
E002,Chicago Ave & Washington St,496,208,704,42.03256242855418,-87.67910457958287,0.00015789299438970537,0.00017033347691571932,0.12440482526013946,0.29545454545454547
13294,Greenview Ave & Diversey Pkwy,1063,428,1491,41.93259213856473,-87.66593689214776,0.0003383876069279371,0.0003504938851919609,0.12106278264023812,0.2870556673373575
CHI01777,Monticello Ave & Lawrence Ave,509,212,721,41.9683912061272,-87.71879764813458,0.00016203131883943555,0.00017360912070256009,0.1157780186312454,0.29403606102635227
15628,California Ave & Byron St,440,185,625,41.95216171404562,-87.69805139781764,0.00014006636599086768,0.00015149852514138499,0.11432159150517304,0.296
CHI01041,Ridge Blvd & Howard St,404,171,575,42.01927516878865,-87.684520965794,0.00012860639059161487,0.00014003377188744233,0.11427381295827456,0.29739130434782607
CHI00833,N Paulina St & Lincoln Ave,837,339,1176,41.943836805649205,-87.67147287894076,0.0002664444280326278,0.0002776108109347541,0.11166382902126301,0.288265306122449
13208,Burling St & Diversey Pkwy,395,167,562,41.933140343141616,-87.64775977068695,0.00012574139674180167,0.00013675812810060156,0.11016731358799887,0.297153024911032
15643,Kosciuszko Park,510,210,720,41.93058492307848,-87.72377776399757,0.0001623496514894148,0.00017197129880913971,0.09621647319724917,0.2916666666666667
CHI00323,Halsted St & 21st St,1210,482,1692,41.85378068499094,-87.64660313679586,0.0003851825064748861,0.0003947150763143111,0.09532569839425026,0.2848699763593381
KA1504000156,Clark St & Schreiber Ave,568,232,800,41.99924461746305,-87.67125384618598,0.00018081294518821099,0.00018998733963676386,0.09174394448552872,0.29
CHI02120,Leavitt St & Augusta Blvd,632,256,888,41.899621261389385,-87.68193987204319,0.00020118623478688265,0.0002096412023578084,0.08454967570925749,0.2882882882882883
TA1308000046,Morgan St & 31st St,661,267,928,41.83779969811767,-87.65114036898409,0.00021041788163628076,0.00021864922277162047,0.08231341135339713,0.28771551724137934
CHI00379,Green St & Washington Blvd,3550,1390,4940,41.88318217747433,-87.64872751468523,0.0011300809074263187,0.0011382862159271627,0.08205308500844072,0.2813765182186235
CHI00943,Whipple/Irving Park,443,182,625,41.954188888625396,-87.70444712045844,0.0001410213639408054,0.0001490417923012544,0.08020428360448995,0.2912
CHI00267,Damen Ave & Cullerton St,1298,514,1812,41.85496682503298,-87.67569832932716,0.0004131957796730596,0.0004209202266090372,0.07724446935977562,0.2836644591611479
CHI00217,Washtenaw Ave & Lawrence Ave,1298,514,1812,41.96873093906336,-87.69625955817911,0.0004131957796730596,0.0004209202266090372,0.07724446935977562,0.2836644591611479
13266,Stave St & Armitage Ave,952,379,1331,41.91774088945405,-87.6913944216355,0.000303052682780241,0.00031036724880316164,0.07314566022920664,0.284748309541698
CHI00977,Valli Produce - Evanston Plaza,402,164,566,42.03974177615748,-87.6994130209315,0.00012796972529165637,0.000134301395260471,0.0633166996881463,0.28975265017667845
CHI02151,Malden St & Wilson Ave,402,164,566,41.96526266982653,-87.66274388178836,0.00012796972529165637,0.000134301395260471,0.0633166996881463,0.28975265017667845
CHI00422,Greenwood Ave & 47th St,873,347,1220,41.809833797486206,-87.59938123090683,0.0002779044034318806,0.0002841620985084356,0.0625769507655498,0.28442622950819674
13269,Ashland Ave & Wellington Ave,1236,488,1724,41.93608310176821,-87.66980852707881,0.00039345915537434645,0.00039962854199457223,0.06169386620225785,0.28306264501160094
15445,Wentworth Ave & 33rd St,416,169,585,41.83452988563,-87.6318229814,0.0001324263823913658,0.00013839594999402196,0.05969567602656157,0.28888888888888886
RP-008,Clark St & Columbia Ave,535,215,750,42.00445065845928,-87.67240247402619,0.00017030796773889593,0.00017606585354269064,0.05757885803794714,0.2866666666666667
TA1307000149,Ravenswood Ave & Irving Park Rd,922,365,1287,41.954688680123475,-87.67392971814482,0.0002935027032808636,0.000298902495549219,0.053997922683553655,0.2836052836052836
15646,California Ave & Altgeld St,649,258,907,41.926689465941664,-87.6976706855136,0.0002065978898365298,0.00021127902425122877,0.04681134414698967,0.2844542447629548
CHI00577,Kimball Ave & Belmont Ave,2013,788,2801,41.93939382708157,-87.71207043660306,0.0006408036244082196,0.000645301826007629,0.044982015994093905,0.28132809710817563
CHI00527,Dorchester Ave & 49th St,557,222,779,41.805772278918965,-87.59246388252782,0.0001773112860384393,0.00018179823016966197,0.04486944131222662,0.28498074454428757
CHI02133,Damen Ave & Wabansia Ave,745,295,1040,41.912251653172426,-87.67722092714766,0.0002371578242345373,0.00024157872927950576,0.044209050449684546,0.28365384615384615
CHI00639,Kedzie Ave & Leland Ave,915,361,1276,41.96668670325271,-87.708052434998,0.0002912743747310089,0.00029562685176237824,0.04352477031369323,0.2829153605015674
CHI00611,2112 W Peterson Ave,434,174,608,41.99117798503415,-87.68359313112468,0.0001381563700909922,0.0001424905047275729,0.04334134636580682,0.28618421052631576
CHI00646,Kedzie Ave & Bryn Mawr Ave,460,184,644,41.982230085337115,-87.70888699580851,0.00014643301899045256,0.00015067961419467477,0.04246595204222212,0.2857142857142857
CHI00768,Western Ave & Fillmore St,983,387,1370,41.868564144926715,-87.68623412654752,0.00031292099492959754,0.0003169185363768432,0.0399754144724565,0.2824817518248175
CHI00520,Blackstone Ave & Hyde Park Blvd,2154,842,2996,41.80256254642208,-87.59036622118701,0.0006856885280552931,0.0006895230171299792,0.038344890746861086,0.281041388518024
TA1308000043,Halsted St & 35th St,361,145,506,41.83066151025916,-87.64717136141113,0.00011491808664250734,0.00011874208727297741,0.03824000630470078,0.2865612648221344
13144,Seeley Ave & Roscoe St,994,391,1385,41.94340294464926,-87.67961881940937,0.00031642265407936924,0.00032019418016368393,0.0377152608431469,0.28231046931407944
CHI00888,Campbell Ave & Augusta Blvd,601,238,839,41.89957446027675,-87.68949611881041,0.00019131792263752607,0.000194900805317025,0.035828826794989305,0.2836710369487485
CHI00417,Damen Ave & Grand Ave,2266,885,3151,41.89239738028271,-87.67688663302945,0.0007213417848529685,0.0007247361878385173,0.03394402985548782,0.2808632180260235
CHI00483,Cityfront Plaza Dr & Pioneer Ct,6897,2685,9582,41.89056763525081,-87.62207251835048,0.002195540286906851,0.0021987758919168577,0.03235605010006807,0.2802128991859737
WL-008,Clinton St & Roosevelt Rd,1107,434,1541,41.86711807748201,-87.6410876484923,0.0003523942435270239,0.00035540735087222203,0.030131073451981124,0.28163530175210905
CHI00363,Ashland Ave & Archer Ave,549,217,766,41.839208514956084,-87.665609918536,0.00017476462483860536,0.00017770367543611102,0.029390505975056574,0.283289817232376
CHI00570,Troy St & Elston Ave,1051,412,1463,41.94524315448232,-87.70665008026077,0.0003345676151281862,0.0003373913100445979,0.02823694916411683,0.28161312371838687
CHI02052,Wilton Ave & Diversey Pkwy*,2569,1002,3571,41.93241785875952,-87.65270504522307,0.0008177965777966796,0.0008205487686036094,0.02752190806929789,0.28059367124054885
13224,Ashland Ave & Blackhawk St,1563,610,2173,41.907066063829255,-87.66725131449151,0.0004975539319175595,0.0004995356774932153,0.019817455756558675,0.28071790151863785
TA1307000113,Southport Ave & Wrightwood Ave,1792,699,2491,41.928773992888935,-87.66391190264466,0.0005704521087628065,0.0005724187517504221,0.01966642987615572,0.28061019670814935
CHI02141,Rush St & Illinois St,859,336,1195,41.89087050757389,-87.62584128804538,0.0002734477463321712,0.00027515407809462354,0.017063317624523358,0.28117154811715483
13215,Rhodes Ave & 32nd St,1034,404,1438,41.83622645443465,-87.61352858202034,0.00032915596007853905,0.0003308400224709164,0.016840623923773494,0.2809457579972184
644,Western Ave & Fillmore St,553,217,770,41.86856505899112,-87.68623466860342,0.00017603795543852233,0.00017770367543611102,0.016657199975886817,0.2818181818181818
CHI00645,Albany Ave & Bloomingdale Ave,2321,904,3225,41.91402483554522,-87.70512689352347,0.000738850080601827,0.0007402954958260109,0.014454152241839043,0.28031007751937986
15654,Spaulding Ave & Division St,392,154,546,41.90270640754206,-87.70922110738377,0.00012478639879186392,0.00012611228579336911,0.013258870015051959,0.28205128205128205
525,Glenwood Ave & Touhy Ave,369,145,514,42.012703549653196,-87.66605659200292,0.0001174647478423413,0.00011874208727297741,0.01277339430636113,0.2821011673151751
CHI00226,Wilton Ave & Diversey Pkwy,5867,2282,8149,41.93241779124108,-87.6527050336326,0.0018676576574282288,0.0018687547803926514,0.010971229644225321,0.2800343600441772
chargingstx5,Lincoln Ave & Roscoe St*,1698,661,2359,41.94330103619388,-87.67064147758812,0.0005405288396647575,0.0005413001357754349,0.007712961106774241,0.2802034760491734
CHI00657,Kedzie Ave & Chicago Ave,384,150,534,41.895465422376226,-87.70612845515178,0.00012223973759202997,0.00012283664200652837,0.005969044144984038,0.2808988764044944
CHI00352,Laflin St & Cullerton St,1386,539,1925,41.854911520252635,-87.66356577232122,0.0004412090528712332,0.0004413930002767919,0.0018394740555868934,0.28
CHI00652,Western Ave & Monroe St,604,235,839,41.881426866116904,-87.68663007538719,0.0001922729205874638,0.00019244407247689442,0.0017115188943062098,0.2800953516090584
CHI00497,Clinton St & Roosevelt Rd,2821,1096,3917,41.867118037620514,-87.64108744890493,0.0008980164055914493,0.0008975263975943672,-0.004900079970820721,0.279805973959663
15640,Avers Ave & Belmont Ave,488,189,677,41.939407753212436,-87.72357388331646,0.00015534633318987142,0.00015477416892822573,-0.005721642616456882,0.2791728212703102
13136,Damen Ave & Division St,1581,613,2194,41.903265667319815,-87.67843711501331,0.0005032839196171859,0.0005019924103333459,-0.01291509283839979,0.27939835916134914
CHI01767,Kedzie Ave & 48th Pl,435,167,602,41.804758102878594,-87.70421857134701,0.00013847470274097146,0.00013675812810060156,-0.01716574640369897,0.27740863787375414
TA1307000001,Greenview Ave & Fullerton Ave,1462,566,2028,41.92533133061104,-87.66580113031074,0.00046540233426965575,0.000463503595837967,-0.01898738431688749,0.27909270216962523
SL-013,State St & 19th St,477,183,660,41.85659365539547,-87.62754254849506,0.00015184467404009971,0.0001498607032479646,-0.01983970792135127,0.2772727272727273
CHI00922,Sacramento Blvd & Addison St,424,162,586,41.946090279224876,-87.70298808221301,0.00013497304359119975,0.00013266357336705063,-0.023094702241491228,0.2764505119453925
CHI02084,Elston Ave & George St,548,210,758,41.93400308549914,-87.69082317859679,0.0001744462921886261,0.00017197129880913971,-0.024749933794863933,0.2770448548812665
TA1309000042,Lincoln Ave & Melrose St,1994,772,2766,41.940599579676366,-87.66943749499501,0.000634755304058614,0.000632199250860266,-0.02556053198347983,0.27910339840925524
CHI00834,N Southport Ave & W Newport Ave,1248,482,1730,41.944019333892214,-87.66397653824298,0.0003972791471740974,0.0003947150763143111,-0.025640708597862848,0.2786127167630058
CHI01222,Evanston Civic Center,762,293,1055,42.057043578834694,-87.6865544245166,0.00024256947928418446,0.0002399409073860854,-0.02628571898099071,0.2777251184834123
KA1504000149,Damen Ave & Foster Ave,968,373,1341,41.97580179881635,-87.67950894773392,0.0003081460051799089,0.00030545378312290053,-0.026922220570083543,0.27815063385533184
TA1309000059,Racine Ave & Wrightwood Ave,1238,477,1715,41.92888735251942,-87.6589718850037,0.00039409582067430495,0.0003906205215807602,-0.03475299093544761,0.278134110787172
15621,Albany Ave & Montrose Ave,423,160,583,41.961040788805185,-87.70586580140113,0.0001346547109412205,0.00013102575147363026,-0.03628959467590244,0.274442538593482
CHI00593,Monticello Ave & Irving Park Rd,963,369,1332,41.95400466701245,-87.7191279135484,0.00030655434193001263,0.0003021781393360598,-0.043762025939528444,0.27702702702702703
CHI00882,N Damen Ave & W Chicago Ave,567,215,782,41.89581015008198,-87.67848541634704,0.00018049461253823176,0.00017606585354269064,-0.04428758995541119,0.2749360613810742
TA1305000002,Wabash Ave & Roosevelt Rd,3563,1379,4942,41.86722580470258,-87.62596124044994,0.0011342192318760489,0.0011292781955133508,-0.04941036362698069,0.2790368271954674
TA1308000047,Southport Ave & Clark St,757,288,1045,41.95708227805114,-87.66419990808478,0.00024097781603428826,0.00023584635265253446,-0.05131463381753801,0.2755980861244019
TA1309000010,Wabash Ave & 9th St,2779,1074,3853,41.87076852839073,-87.62573419374874,0.0008846464342923211,0.000879510356766743,-0.05136077525578066,0.2787438359719699
CHI02062,Grace/Sheffield Corral,372,138,510,41.95115985988387,-87.65461416569411,0.00011841974579227903,0.00011300971064600609,-0.0541003514627294,0.27058823529411763
13068,Western Ave & Winnebago Ave,1674,644,2318,41.915520992776045,-87.68702258314131,0.0005328888560652556,0.0005273786496813618,-0.05510206383893827,0.27782571182053495
CHI00308,Western Ave & 21st St,599,226,825,41.85410807336445,-87.68583807837742,0.00019068125733756757,0.00018507387395650272,-0.056073833810648524,0.2739393939393939
CHI00329,Wood St & Beach Ave,2171,837,3008,41.907654036044086,-87.67255182358298,0.0006911001831049402,0.0006854284623964282,-0.056717207085120284,0.27825797872340424
TA1309000032,Elston Ave & Wabansia Ave,515,193,708,41.912919145708564,-87.66416872228702,0.00016394131473931102,0.0001580498127150665,-0.05891502024244524,0.2725988700564972
KA1503000059,Lake Park Ave & 53rd St,1331,510,1841,41.799494655943136,-87.58644982993732,0.0004237007571223747,0.00041764458282219643,-0.06056174300178292,0.2770233568712656
CHI00664,Bosworth Ave & Howard St,369,136,505,42.019538006649604,-87.6695617494742,0.0001174647478423413,0.00011137188875258571,-0.060928590897555875,0.2693069306930693
CHI00548,Lincoln Ave & Winona St,1198,458,1656,41.97491097049567,-87.6925069085624,0.00038136251467513514,0.0003750612135932666,-0.06301301081868536,0.27657004830917875
13289,Eckhart Park,1375,526,1901,41.8963752370047,-87.66098486803659,0.0004377073937214615,0.00043074715796955946,-0.06960235751902023,0.2766964755391899
CHI00312,Paulina St & 18th St,2212,851,3063,41.857901367177696,-87.66874413820354,0.0007041518217540893,0.0006968932156503709,-0.07258606103718435,0.27783219066274895
TA1307000153,Emerald Ave & 28th St,378,138,516,41.84357998748449,-87.6453684632738,0.0001203297416921545,0.00011300971064600609,-0.07320031046148417,0.26744186046511625
13135,Blue Island Ave & 18th St,930,352,1282,41.85755338740404,-87.6615363398189,0.0002960493644806976,0.00028825665324198657,-0.07792711238711002,0.2745709828393136
CHI01988,Green St & Randolph St*,4524,1749,6273,41.88360147715327,-87.64862500619138,0.001440136908506103,0.0014322752457961207,-0.07861662709982442,0.27881396461023433
TA1307000124,Michigan Ave & 14th St,2124,816,2940,41.86406040022784,-87.6237268149371,0.0006761385485559158,0.0006682313325155143,-0.07907216040401528,0.27755102040816326
CHI00630,Winchester (Ravenswood) Ave & Balmoral Ave,1022,387,1409,41.97976255337923,-87.67753105302451,0.0003253359682787881,0.0003169185363768432,-0.0841743190194491,0.27466288147622425
15632,Talman Ave & Addison St,595,220,815,41.94663609134907,-87.69461500120647,0.0001894079267376506,0.0001801604082762416,-0.09247518461408992,0.26993865030674846
CHI00649,Leavitt St/North Ave,765,286,1051,41.91007665971045,-87.68230878722869,0.0002435244772341222,0.00023420853075911406,-0.09315946475008151,0.2721217887725975
CHI00733,Knox Ave & Montrose Ave,490,179,669,41.96063122904484,-87.74535942607821,0.00015598299848982992,0.00014658505946112384,-0.09397939028706076,0.26756352765321373
KA1504000093,Rockwell St & Eastwood Ave,593,219,812,41.96589902270551,-87.69363925062423,0.00018877126143769212,0.00017934149732953141,-0.09429764108160704,0.2697044334975369
13074,Broadway & Wilson Ave,2098,804,2902,41.96522046753362,-87.65814499350327,0.0006678618996564554,0.000658404401154992,-0.09457498501463457,0.27705031013094417
CHI02080,Francisco Ave & Chicago Ave,815,305,1120,41.89574466728669,-87.69865270261239,0.00025944110973308445,0.00024976783874660767,-0.09673270986476776,0.27232142857142855
CHI00237,Indiana Ave & 26th St,1330,505,1835,41.84568724910472,-87.62248185879035,0.00042338242447239547,0.00041355002808864545,-0.09832396383750025,0.27520435967302453
CHI00456,Racine Ave & 35th St,415,149,564,41.83068862883817,-87.65621060436153,0.00013210804974138655,0.00012201773105981817,-0.10090318681568378,0.2641843971631206
15634,Western Ave & Roscoe St,581,213,794,41.9430343646437,-87.68728804734732,0.00018495126963794116,0.00017442803164927027,-0.10523237988670892,0.2682619647355164
CHI00410,Logan Blvd & Elston Ave,2192,839,3031,41.92946459521414,-87.68415803831913,0.0006977851687545044,0.0006870662842898486,-0.10718884464655867,0.2768063345430551
CHI00575,Larrabee St & Division St,5382,2079,7461,41.90348734807462,-87.64335351094275,0.001713266322188295,0.001702515858210483,-0.10750463977812026,0.27864897466827504
CHI01214,Paulina St & Howard St,1111,418,1529,42.01915859387207,-87.67357275822017,0.00035366757412694087,0.000342304775724859,-0.11362798402081864,0.2733812949640288
CHI00620,Warren Park East,481,173,654,42.00454964703466,-87.68066556756717,0.00015311800464001672,0.0001416715937808627,-0.11446410859154016,0.26452599388379205
CHI00515,Ashland Ave & 13th St,1547,587,2134,41.86523427705048,-87.66650693191706,0.0004924606095178916,0.00048070072571888096,-0.11759883799010613,0.27507029053420806
CHI00404,Claremont Ave & Hirsch St,1133,426,1559,41.90778025042314,-87.68585611510456,0.0003606708924264843,0.00034885606329854054,-0.11814829127943731,0.27325208466966006
CHI00698,Bernard St & Elston Ave,526,190,716,41.94992287639886,-87.71394936969743,0.00016744297388908273,0.00015559307987493592,-0.11849894014146813,0.26536312849162014
KA1504000140,Winchester Ave & Elston Ave,509,183,692,41.92409072996187,-87.67645993081821,0.00016203131883943555,0.0001498607032479646,-0.1217061559147096,0.26445086705202314
CHI00319,Leavitt St & Archer Ave,522,188,710,41.82879017338987,-87.68060727855266,0.00016616964328916575,0.00015395525798151554,-0.12214385307650208,0.2647887323943662
(ARCHIVE)CHI02077,Clark St & Lake St,643,235,878,41.88602,-87.63087,0.00020468789393665436,0.00019244407247689442,-0.1224382145975994,0.26765375854214124
CHI00653,Western Ave & Congress Pkwy,942,351,1293,41.87474543316071,-87.68644396757018,0.00029986935628044853,0.00028743774229527633,-0.12431613985172196,0.271461716937355
CHI00793,Ridge Blvd & Touhy Ave,515,185,700,42.012131833286354,-87.68291384258886,0.00016394131473931102,0.00015149852514138499,-0.12442789597926038,0.2642857142857143
CHI00713,Leavitt St & Chicago Ave,2656,1017,3673,41.895499672509395,-87.68201512929055,0.0008454915183448739,0.0008328324328042623,-0.12659085540611636,0.2768853797985298
13243,Milwaukee Ave & Wabansia Ave,1329,501,1830,41.912616736225814,-87.68139181077787,0.0004230640918224162,0.0004102743843018047,-0.12789707520611518,0.27377049180327867
13058,Dayton St & North Ave,2248,858,3106,41.91057885533142,-87.64942266289117,0.0007156117971533421,0.0007026255922773422,-0.1298620487599994,0.2762395363811977
CHI00514,Shields Ave & 28th Pl,828,306,1134,41.84273376260216,-87.63549120322406,0.0002635794341828146,0.00025058674969331786,-0.1299268448949674,0.2698412698412698
13307,Laflin St & Cullerton St,525,188,713,41.85491354595753,-87.6635624598463,0.00016712464123910348,0.00015395525798151554,-0.13169383257587933,0.26367461430575034
13162,Halsted St & 21st St,480,170,650,41.85378037397409,-87.64660286669675,0.00015279967199003747,0.00013921486094073214,-0.13584811049305323,0.26153846153846155
CHI02106,Seminary Ave & Belden Ave,628,226,854,41.92338772907356,-87.65599191915258,0.00019991290418696568,0.00018507387395650272,-0.1483903023046296,0.2646370023419204
TA1306000006,Orleans St & Elm St,1146,427,1573,41.90292366930328,-87.63771752295655,0.0003648092168762144,0.00034967497424525073,-0.15134242630963696,0.27145581691036236
CHI00331,Wood St & Webster Ave,1368,513,1881,41.92105585072923,-87.67279732115752,0.0004354790651716068,0.000420101315662327,-0.15377749509279795,0.2727272727272727
KP1705001026,LaSalle Dr & Huron St,1988,754,2742,41.89487566790331,-87.63232644101822,0.0006328453081587385,0.0006174588538194825,-0.15386454339255934,0.274981765134938
CHI02124,Dearborn St & Maple St,2228,847,3075,41.90191203891506,-87.63026041357048,0.0007092451441537572,0.0006936175718635302,-0.1562757229022708,0.2754471544715447
TA1306000029,McClurg Ct & Ohio St,4070,1563,5633,41.89259957458773,-87.61728969239408,0.001295613885415526,0.0012799578097080254,-0.15656075707500558,0.2774720397656666
202480.0,Hampden Ct & Diversey Ave,687,247,934,41.93255010790064,-87.64239560683136,0.00021869453053574112,0.0002022710038374167,-0.16423526698324414,0.2644539614561028
TA1306000007,Larrabee St & Menomonee St,1037,383,1420,41.91468143375799,-87.64332125717064,0.00033011095802847675,0.0003136428925900024,-0.1646806543847436,0.2697183098591549
CHI00651,Kedzie Ave & Foster Ave,545,191,736,41.9756722706575,-87.70926136830231,0.00017349129423868836,0.0001564119908216461,-0.17079303417042255,0.2595108695652174
CHI00386,MLK Jr Dr & 29th St,2616,996,3612,41.84205166619431,-87.61699867170745,0.0008327582123457041,0.0008156353029233483,-0.1712290942235584,0.2757475083056478
CHI00351,Clark St & Chicago Ave,5930,2284,8214,41.89674792482336,-87.6308818419779,0.0018877126143769212,0.0018703926022860717,-0.17320012090849513,0.2780618456294132
TA1307000159,Paulina St & 18th St,906,331,1237,41.857901221327324,-87.66874466130605,0.0002884093808811957,0.00027105952336107256,-0.1734985752012316,0.2675828617623282
410,Campbell Ave & Augusta Blvd,528,184,712,41.89957396459182,-87.68949582567105,0.0001680796391890412,0.00015067961419467477,-0.17400024994366428,0.25842696629213485
TA1306000008,Larrabee St & North Ave,1169,433,1602,41.9102071713994,-87.64349924314402,0.0003721308678257371,0.00035458843992551185,-0.17542427900225238,0.2702871410736579
CHI00923,Elston Ave & Henderson St,523,181,704,41.94150124352345,-87.70103972233031,0.00016648797593914498,0.00014822288135454422,-0.1826509458460076,0.2571022727272727
TA1307000143,Sedgwick St & Schiller St,795,286,1081,41.90762705825033,-87.6385640690031,0.00025307445673349954,0.00023420853075911406,-0.18865925974385483,0.2645698427382054
chargingstx2,Wilton Ave & Diversey Pkwy*,1087,399,1486,41.93241809875827,-87.65270507376414,0.000346027590527439,0.0003267454677373654,-0.19282122790073597,0.26850605652759085
TA1307000005,Indiana Ave & 26th St,479,162,641,41.845687436106076,-87.62248193659498,0.00015248133934005822,0.00013266357336705063,-0.19817765973007587,0.25273010920436817
KA1503000065,Woodlawn Ave & Lake Park Ave,379,123,502,41.814092556633085,-87.59700543669751,0.00012064807434213374,0.00010072604644535326,-0.19922027896780484,0.2450199203187251
15443,Shields Ave & 28th Pl,385,125,510,41.84273371924852,-87.63549108781645,0.00012255807024200922,0.00010236386833877363,-0.2019420190323559,0.24509803921568626
TA1309000026,Lincoln Ave & Belle Plaine Ave,964,349,1313,41.95600423035669,-87.68016617481831,0.0003068726745799919,0.00028579992040185596,-0.21072754178135922,0.26580350342726583
CHI00303,Sedgwick St & Schiller St,2294,866,3160,41.90762749371572,-87.63856020622642,0.0007302550990523874,0.0007091768798510237,-0.21078219201363663,0.2740506329113924
CHI02059,Clark/Racine Corral,501,169,670,41.95043840756879,-87.6593170391854,0.0001594846576396016,0.00013839594999402196,-0.21088707645579638,0.25223880597014925
13296,Ashland Ave & Wrightwood Ave,1003,364,1367,41.9288296377519,-87.66850811478176,0.00031928764792918244,0.0002980835846025088,-0.2120406332667364,0.26627651792245793
KA150400009X,Kimball Ave & Belmont Ave,709,249,958,41.93939391699998,-87.71206902047327,0.0002256978488352845,0.00020390882573083707,-0.21789023104447422,0.2599164926931106
CHI01237,Smith Park,1009,365,1374,41.89204708359726,-87.68939731743485,0.0003211976438290579,0.000298902495549219,-0.22295148279838903,0.26564774381368267
TA1307000038,Sedgwick St & North Ave,2046,768,2814,41.910994269674305,-87.63852986366993,0.0006513086018575347,0.0006289236070734251,-0.22384994784109546,0.27292110874200426
331,Halsted St & Clybourn Ave,3477,1324,4801,41.90966598263131,-87.64812853570889,0.0011068426239778338,0.0010842380934442902,-0.226045305335436,0.2757758800249948
CHI00302,Christiana Ave & Lawrence Ave,998,360,1358,41.96835503457918,-87.71183062483988,0.00031769598467928624,0.00029480794081566806,-0.22888043863618185,0.2650957290132548
PI00003,Leavitt St/North Ave,638,220,858,41.91007722044053,-87.6823084930761,0.00020309623068675813,0.0001801604082762416,-0.2293582241051653,0.2564102564102564
KA1504000158,Oakley Ave & Irving Park Rd,485,160,645,41.95433954909923,-87.68608001171025,0.0001543913352399337,0.00013102575147363026,-0.23365583766303435,0.24806201550387597
CHI02104,Campbell Ave & Augusta Blvd,820,290,1110,41.89957416774504,-87.68949513291508,0.00026103277298298065,0.00023748417454595483,-0.23548598437025817,0.26126126126126126
KA1504000160,Francisco Ave & Foster Ave,437,141,578,41.975633151876586,-87.70141938158653,0.00013911136804092993,0.00011546644348613666,-0.23644924554793273,0.24394463667820068
TA1307000044,Clinton St & 18th St,597,203,800,41.85794906607978,-87.6408259665176,0.0001900445920376091,0.00016623892218216839,-0.2380566985544071,0.25375
CHI00317,Damen Ave & Madison St,1418,522,1940,41.881373355256805,-87.67492891570852,0.000451395697670569,0.00042747151418271866,-0.2392418348785033,0.2690721649484536
CHI00633,Manor Ave & Leland Ave,760,266,1026,41.96587496557867,-87.70082474425122,0.00024193281398422598,0.0002178303118249103,-0.24102502159315697,0.25925925925925924
KA1504000139,Monticello Ave & Irving Park Rd,512,169,681,41.95400498116599,-87.71912813225387,0.0001629863167893733,0.00013839594999402196,-0.24590366795351343,0.24816446402349487
KA1504000090,St. Louis Ave & Fullerton Ave,669,230,899,41.924816796663514,-87.71449529872422,0.0002129645428361147,0.0001883495177433435,-0.24615025092771226,0.25583982202447164
CHI01183,Wood St & Chicago Ave,3577,1359,4936,41.89563393884048,-87.67207052486539,0.0011386758889757583,0.0011128999765791469,-0.25775912396611406,0.27532414910858993
TA1308000002,Greenwood Ave & 47th St,415,129,544,41.809832099639344,-87.59938066575066,0.00013210804974138655,0.00010563951212561439,-0.26468537615772164,0.23713235294117646
13257,Campbell Ave & North Ave,1343,489,1832,41.91053499701603,-87.68955600884098,0.0004275207489221256,0.00040044745294128247,-0.2707329598084315,0.26692139737991266
CHI00227,Drake Ave & Montrose Ave,719,246,965,41.96115389776028,-87.7165701235021,0.00022888117533507695,0.00020145209289070651,-0.27429082444370434,0.2549222797927461
CHI00951,Francisco Ave & Montrose Ave,607,202,809,41.96104613062099,-87.70090187938101,0.00019322791853740155,0.0001654200112354582,-0.27807907301943346,0.24969097651421507
CHI01955,California Ave & Granville Ave,613,204,817,41.99417454375174,-87.69954695374325,0.000195137914437277,0.00016705783312887857,-0.28080081308398425,0.24969400244798043
CHI00669,Western Ave & Howard St,531,172,703,42.018901302327386,-87.69004821815965,0.00016903463713897895,0.00014085268283415252,-0.2818195430482644,0.24466571834992887
TA1308000036,Indiana Ave & 31st St,513,164,677,41.83884088702037,-87.62185709207488,0.00016330464943935255,0.000134301395260471,-0.2900325417888155,0.24224519940915806
CHI02132,Paulina St & Cortland St,581,190,771,41.916259257369575,-87.67019193518712,0.00018495126963794116,0.00015559307987493592,-0.2935818976300525,0.24643320363164722
TA1309000012,Damen Ave & Sunnyside Ave,846,293,1139,41.96324976491715,-87.67925978244725,0.000269309421882441,0.0002399409073860854,-0.29368514496355613,0.257243195785777
660,Sheridan Rd & Columbia Ave,593,194,787,42.00458137843219,-87.66141180990303,0.00018877126143769212,0.00015886872366177669,-0.29902537775915433,0.24650571791613723
KA1504000080,Washtenaw Ave & Lawrence Ave,570,185,755,41.968732225406775,-87.69625907850433,0.0001814496104881695,0.00015149852514138499,-0.299510853467845,0.24503311258278146
13163,Morgan St & 18th St,1082,384,1466,41.85808631192846,-87.6510752262597,0.00034443592727754276,0.0003144618035367126,-0.29974123740830183,0.26193724420190995
TA1308000006,Damen Ave & Grand Ave,900,313,1213,41.892397094089056,-87.67688692979618,0.0002864993849813202,0.00025631912632028916,-0.30180258661031056,0.258037922506183
22001,Wells St & Institute Pl,1520,554,2074,41.897380596693395,-87.6344222630606,0.00048386562796845197,0.0004536766644774447,-0.3018896349100725,0.26711668273866923
CHI00741,Dodge Ave & Church St,417,124,541,42.04830833251144,-87.69823102821505,0.00013274471504134505,0.00010154495739206344,-0.31199757649281606,0.22920517560073936
15655,Albany Ave & Bloomingdale Ave,911,316,1227,41.914025545399014,-87.70512685069718,0.0002900010441310919,0.0002587758591604197,-0.31225184970672204,0.2575387123064385
18058,Leavitt St & Chicago Ave,877,302,1179,41.895499986886584,-87.68201523150753,0.0002791777340317976,0.0002473111059064771,-0.31866628125320495,0.2561492790500424
15550,Canal St & Taylor St,1065,375,1440,41.870255646054005,-87.63947439696759,0.0003390242722278956,0.0003070916050163209,-0.31932667211574706,0.2604166666666667
TA1307000158,Damen Ave & Leland Ave,1272,455,1727,41.96708181919348,-87.67907628458893,0.00040491913077359926,0.00037260448075313604,-0.32314650020463215,0.26346265199768387
CHI00369,Oakley Ave & Irving Park Rd,1152,408,1560,41.95434000774385,-87.6860800991727,0.00036671921277608993,0.00033411566625775714,-0.3260354651833279,0.26153846153846155
KA1504000134,Ritchie Ct & Banks St,2053,758,2811,41.90686140717891,-87.62621396338925,0.0006535369304073894,0.0006207344976063233,-0.32802432801066106,0.2696549270722163
15546,Calumet Ave & 21st St,875,299,1174,41.85417997823701,-87.61915388948053,0.0002785410687318391,0.0002448543730663465,-0.33686695665492605,0.25468483816013626
CHI00581,Rockwell St & Eastwood Ave,1560,565,2125,41.965899363696124,-87.69363892195537,0.0004965989339676218,0.0004626846848912568,-0.3391424907636496,0.26588235294117646
TA1307000061,State St & Pearson St,1450,522,1972,41.897446302504775,-87.6287244855959,0.00046158234246990485,0.00042747151418271866,-0.3411082828718619,0.2647058823529412
CHI00643,Keystone Ave & Montrose Ave,560,176,736,41.96110712397431,-87.72897159353066,0.00017826628398837703,0.00014412832662099329,-0.3413795736738375,0.2391304347826087
13134,Damen Ave & Madison St,676,221,897,41.88137228246733,-87.67492944800284,0.0002151928713859694,0.00018097931922295179,-0.34213552163017624,0.2463768115942029
CHI00277,Racine Ave & 18th St,2984,1118,4102,41.85839995104888,-87.65642523633674,0.0009499046275380662,0.0009155424384219914,-0.34362189116074815,0.27254997562164796
TA1309000015,Leavitt St & Lawrence Ave,827,279,1106,41.96888596037805,-87.68400260108312,0.0002632611015328354,0.00022847615413214276,-0.34784947400692645,0.2522603978300181
13434,Ashland Ave & Grand Ave,1153,405,1558,41.89107212844221,-87.66661536290661,0.0003670375454260691,0.0003316589334176266,-0.3537861200844254,0.25994865211810014
CHI00640,LaSalle Dr & Huron St,5455,2077,7532,41.89487374365892,-87.63232576188929,0.00173650460563678,0.0017008780363170627,-0.3562656931971721,0.27575677110993096
CHI00346,Prairie Ave & Garfield Blvd,673,218,891,41.794852755103285,-87.61869293111201,0.0002142378734360317,0.0001785225863828212,-0.35715287053210487,0.244668911335578
KA1504000142,Drake Ave & Addison St,409,115,524,41.94732928497502,-87.71758237913988,0.0001301980538415111,9.417475887167174e-05,-0.3602329496983936,0.21946564885496184
13290,Noble St & Milwaukee Ave,1496,537,2033,41.90069968884468,-87.66260763369603,0.0004762256443689501,0.0004397551783833715,-0.3647046598557861,0.26414166256763405
TA1307000070,Damen Ave & Thomas St (Augusta Blvd),1558,561,2119,41.9013160821946,-87.67741268588361,0.0004959622686676633,0.0004594090411044161,-0.36553227563247204,0.26474752241623406
CHI00401,Halsted St & 35th St,1327,471,1798,41.8306614358065,-87.64717111257028,0.0004224274265224577,0.000385707055900499,-0.36720370621958703,0.26195773081201335
CHI00228,Racine Ave & 13th St,651,208,859,41.865053717267465,-87.65695975438176,0.0002072345551364883,0.00017033347691571932,-0.3690107822076899,0.2421420256111758
15529,Mies van der Rohe Way & Chestnut St,2825,1053,3878,41.898587291248894,-87.62191561448356,0.0008992897361913663,0.0008623132268858291,-0.36976509305537175,0.27153171738009285
13245,Claremont Ave & Hirsch St,519,156,675,41.90778044276831,-87.68585705306835,0.000165214645339228,0.0001277501076867895,-0.3746453765243851,0.2311111111111111
CHI00276,Ashland Ave & Wrightwood Ave,2824,1052,3876,41.92882978904938,-87.66850830714306,0.0008989714035413871,0.0008614943159391189,-0.37477087602268166,0.2714138286893705
CHI02083,Western Ave & Grace St,556,170,726,41.9503504684715,-87.68807867057086,0.00017699295338846006,0.00013921486094073214,-0.3777809244772792,0.23415977961432508
CHI00224,Calumet Ave & 33rd St,1620,583,2203,41.83472269322644,-87.61796888022413,0.0005156988929663764,0.0004774250819320402,-0.3827381103433617,0.2646391284611893
CHI00927,Western Ave & Berteau Ave,487,141,628,41.95773835855202,-87.68827798606331,0.00015502800053989217,0.00011546644348613666,-0.3956155705375551,0.22452229299363058
CHI00580,Ogden Ave & Roosevelt Rd,873,291,1164,41.86650144730711,-87.68469459020416,0.0002779044034318806,0.00023830308549266502,-0.3960131793921559,0.25
TA1306000013,New St & Illinois St,3708,1393,5101,41.89084463770882,-87.61861976907917,0.0011803774661230393,0.0011407429487672934,-0.39634517355745896,0.27308370907665164
24370,Milwaukee Ave & Ainslie St,398,106,504,41.96860977630282,-87.76107910813768,0.0001266963946917394,8.680456035128004e-05,-0.39891834340459353,0.21031746031746032
661,Evanston Civic Center,410,110,520,42.05704310803825,-87.68655449484947,0.00013051638649149032,9.00802041381208e-05,-0.4043618235336952,0.21153846153846154
657,Wood St & Augusta Blvd,1354,476,1830,41.89918078454898,-87.67220045848696,0.0004310224080718973,0.00038980161063405,-0.41220797437847323,0.26010928961748636
CHI00320,Racine Ave & Randolph St,2053,747,2800,41.88408141920812,-87.65692297990805,0.0006535369304073894,0.0006117264771925112,-0.4181045321487815,0.2667857142857143
13303,Clark St & Chicago Ave,2403,883,3286,41.89674892685778,-87.63088507767863,0.0007649533579001251,0.000723098365945097,-0.41854991955028126,0.26871576384662205
CHI01161,Halsted St & Clybourn Ave,8850,3389,12239,41.9096645492636,-87.64812886173654,0.0028172439523163157,0.0027752891984008307,-0.41954753915485027,0.27690170765585426
13139,Throop St & Taylor St,1198,414,1612,41.868964076347964,-87.65914009828965,0.00038136251467513514,0.00033902913193801826,-0.42333382737116876,0.25682382133995035
KA1503000070,Harper Ave & 59th St,699,220,919,41.787942341853146,-87.58831404928003,0.00022251452233549204,0.0001801604082762416,-0.4235411405925044,0.23939064200217627
13304,Racine Ave & 15th St,643,198,841,41.86126489958653,-87.6566182265891,0.00020468789393665436,0.00016214436744861743,-0.42543526488036926,0.23543400713436385
SL-009,Clark St & 9th St (AMLI),975,327,1302,41.870816645250564,-87.63124066078781,0.0003103743337297636,0.0002677838795742318,-0.4259045415553177,0.2511520737327189
TA1307000052,Sheffield Ave & Wellington Ave,2355,863,3218,41.93625409007055,-87.6526618286834,0.0007496733907011213,0.0007067201470108931,-0.4295324369022813,0.26817899316345556
CHI00584,Harper Ave & 59th St,1181,406,1587,41.78794242791784,-87.58831522699562,0.000375950859625488,0.00033247784436433677,-0.4347301526115121,0.25582860743541275
TA1307000163,Clifton Ave & Armitage Ave,1940,701,2641,41.91821608284945,-87.65693965037629,0.0006175653409597348,0.0005740565736438425,-0.43508767315892294,0.2654297614539947
605,University Library (NU),606,182,788,42.052939400525204,-87.67344482308046,0.0001929095858874223,0.0001490417923012544,-0.43867793586167897,0.23096446700507614
E008,Chicago Ave & Sheridan Rd,1106,376,1482,42.05049082787751,-87.67782159055177,0.00035207591087704467,0.0003079105159630311,-0.44165394914013584,0.25371120107962214
13099,Halsted St & 18th St,711,222,933,41.857506817462756,-87.64599792511552,0.000226334514135243,0.00018179823016966197,-0.44536283965581025,0.2379421221864952
CHI00338,Ashland Ave & Chicago Ave,3489,1301,4790,41.895954491337946,-87.66773118192599,0.0011106626157775848,0.0010654031416699559,-0.45259474107628994,0.27160751565762004
13155,Racine Ave & Randolph St,778,247,1025,41.88407909468046,-87.65691958790148,0.0002476628016838524,0.0002022710038374167,-0.4539179784643569,0.24097560975609755
KA1503000052,Ellis Ave & 53rd St,1507,530,2037,41.79933702247939,-87.60095939226451,0.00047972730351872176,0.0004340228017564002,-0.4570450176232156,0.2601865488463427
13241,Western Ave & Division St,976,323,1299,41.90289379199042,-87.68727788207877,0.00031069266637974284,0.00026450823578739107,-0.4618443059235176,0.24865280985373364
13053,Green St & Washington Blvd,1295,447,1742,41.883182024186056,-87.64872697307582,0.0004122407817231219,0.0003660531931794545,-0.4618758854366741,0.256601607347876
CHI00284,May St & Cullerton St,1266,435,1701,41.85513757116408,-87.65412835800785,0.0004030091348737238,0.0003562262618189322,-0.4678287305479159,0.25573192239858905
CHI00579,Sawyer Ave & Irving Park Rd,779,245,1024,41.95360125000276,-87.70930898199619,0.00024798113433383164,0.00020063318194399633,-0.47347952389835307,0.2392578125
TA1307000115,Clybourn Ave & Division St,1191,405,1596,41.90461259809396,-87.6405528364869,0.00037913418612528044,0.0003316589334176266,-0.4747525270765385,0.25375939849624063
CHI00599,Winchester Ave & Elston Ave,1459,509,1968,41.924089430030286,-87.67645954282756,0.00046444733631971805,0.00041682567187548624,-0.4762166444423181,0.25863821138211385
CHI00920,Troy St & Grace St,505,138,643,41.950244131267795,-87.7064858450327,0.00016075798823951857,0.00011300971064600609,-0.47748277593512484,0.21461897356143078
CHI00632,Halsted St & North Branch St,834,265,1099,41.89938975655782,-87.64854339118719,0.0002654894300826901,0.0002170114008782001,-0.48478029204490003,0.2411282984531392
CHI00659,St. Louis Ave & Balmoral Ave,541,150,691,41.98039239669339,-87.71611604099621,0.00017221796363877138,0.00012283664200652837,-0.4938132163224301,0.2170767004341534
658,Leavitt St & Division St,878,280,1158,41.90299802261174,-87.68382074600993,0.00027949606668177686,0.00022929506507885294,-0.5020100160292392,0.24179620034542315
624,Dearborn St & Van Buren St,1203,406,1609,41.87626918483651,-87.62915624559223,0.0003829541779250314,0.00033247784436433677,-0.5047633356069462,0.25233064014916096
CHI00638,Francisco Ave & Foster Ave,1241,420,1661,41.97563293378585,-87.70141919801043,0.0003950508186242427,0.00034394259761827943,-0.5110822100596327,0.25285972305839854
SL-007,State St & Harrison St,1356,464,1820,41.87405124708388,-87.62771673616189,0.00043165907337185583,0.0003799746792735277,-0.5168439409832811,0.2549450549450549
CHI01928,Wells St & Institute Pl,4222,1578,5800,41.897381116705155,-87.63442251552956,0.0013440004482123712,0.0012922414739086783,-0.5175897430369291,0.27206896551724136
SL-012,Wabash Ave & 16th St,1435,494,1929,41.8603853152585,-87.6258130598898,0.00045680735272021615,0.0004045420076748334,-0.5226534504538274,0.2560912389839295
CHI00235,Clinton St & 18th St,1842,652,2494,41.857948512328164,-87.64082613982946,0.0005863687412617687,0.0005339299372550433,-0.5243880400672548,0.26142742582197276
KA1504000117,Halsted St & North Branch St,415,97,512,41.899389108061165,-87.648542278463,0.00013210804974138655,7.943436183088834e-05,-0.526736879104982,0.189453125
CHI00587,Cottage Grove Ave & 63rd St,507,132,639,41.78053212142056,-87.6059721659337,0.00016139465353947707,0.00010809624496574496,-0.5329840857373211,0.20657276995305165
13398,Blackstone Ave & Hyde Park Blvd,1064,348,1412,41.80256346771482,-87.59036546952676,0.00033870593957791636,0.0002849810094551458,-0.5372493012277059,0.24645892351274787
CHI00788,Wood St & Augusta Blvd,3249,1196,4445,41.899179864110884,-87.67220044569272,0.001034262779782566,0.000979417492265386,-0.5484528751717996,0.26906636670416195
TA1307000129,State St & 35th St,704,206,910,41.831036688755624,-87.62679896975864,0.00022410618558538827,0.00016869565502229894,-0.5541053056308932,0.22637362637362637
CHI02103,Noble St & Ohio St,1553,536,2089,41.892421235500926,-87.66206098185476,0.0004943706054177671,0.0004389362674366613,-0.5543433798110576,0.25658209669698423
22005,Drexel Ave & 60th St,1351,456,1807,41.785859804463726,-87.6045542748048,0.00043006741012195963,0.00037342339169984623,-0.566440184221134,0.2523519645821804
13164,Racine Ave & 18th St,1264,422,1686,41.85839979497816,-87.65642465235109,0.0004023724695737653,0.0003455804195116998,-0.567920500620655,0.25029655990510086
13331,May St & Cullerton St,530,136,666,41.85513757835605,-87.6541284239732,0.0001687163044889997,0.00011137188875258571,-0.5734441573641399,0.2042042042042042
CHI00585,Ellis Ave & 53rd St,2890,1053,3943,41.79933683831362,-87.60095952813828,0.0009199813584400172,0.0008623132268858291,-0.576681315541881,0.2670555414658889
CHI02121,Halsted St & Lake St,953,296,1249,41.885812469905495,-87.64714019774223,0.00030337101543022023,0.00024239764022621597,-0.6097337520400425,0.23698959167333866
chargingstx3,Green St & Randolph St*,1664,572,2236,41.88360143076772,-87.64862493632484,0.0005297055295654632,0.0004684170615182281,-0.6128846804723508,0.2558139534883721
CHI00650,California Ave & Lake St,477,109,586,41.88445378976658,-87.69629858264962,0.00015184467404009971,8.92612931914106e-05,-0.6258338084868912,0.18600682593856654
TA1306000014,Wilton Ave & Diversey Pkwy,2030,712,2742,41.93241819512669,-87.6527050303115,0.0006462152794578668,0.0005830645940576546,-0.6315068540021216,0.25966447848285923
CHI01942,Milwaukee Ave & Ainslie St,986,303,1289,41.968609807269644,-87.76107981335302,0.0003138759928795353,0.0002481300168531873,-0.6574597602634799,0.23506594259115593
CHI01825,Karlov Ave & Armitage Ave,472,101,573,41.91747902906909,-87.72895343592756,0.00015025301079020351,8.27100056177291e-05,-0.6754300517247441,0.1762652705061082
CHI00787,Leavitt St & Division St,1997,689,2686,41.90299771280963,-87.68382096608258,0.0006357103020085517,0.0005642296422833202,-0.7148065972523143,0.2565152643335815
CHI01915,Michigan Ave & Madison St,4248,1564,5812,41.88212497639967,-87.62513585227553,0.0013522770971118316,0.0012807767206547357,-0.7150037645709592,0.2690984170681349
CHI00244,Paulina St & Division St,1219,386,1605,41.903553739365634,-87.67042992643718,0.0003880475003246993,0.000316099625430133,-0.7194787489456629,0.24049844236760123
CHI02096,Larrabee St & Clybourn Ave,871,250,1121,41.90660170381881,-87.64322077413814,0.00027726773813192216,0.00020472773667754726,-0.725400014543749,0.22301516503122212
KA1504000079,Larrabee St & Division St,1975,679,2654,41.90348718319182,-87.64335370775086,0.0006287069837090083,0.0005560405328162184,-0.7266645089278989,0.25584024114544085
CHI01837,Lincoln Ave & Roscoe St*,4259,1566,5825,41.94335000926858,-87.67066931527135,0.0013557787562616032,0.001282414542548156,-0.7336421371344714,0.2688412017167382
CHI00229,Ogden Ave & Race Ave,3850,1407,5257,41.89179401258462,-87.65875521333083,0.0012255807024200921,0.001152207702021236,-0.7337300039885614,0.26764314247669774
CHI00590,Western Ave & Granville Ave,765,206,971,41.99416131237402,-87.68943828683987,0.0002435244772341222,0.00016869565502229894,-0.7482882221182326,0.2121524201853759
CHI00606,Wells St & Polk St,5618,2092,7710,41.87273388893029,-87.63352366817566,0.0017883928275833968,0.0017131617005177156,-0.7523112706568115,0.27133592736705575
620,Orleans St & Chestnut St (NEXT Apts),1583,523,2106,41.898202290094524,-87.63753622341545,0.0005039205849171444,0.0004282904251294289,-0.7563015978771548,0.248338081671415
654,Racine Ave & Washington Blvd,1105,337,1442,41.88307264824918,-87.65695639078098,0.0003517575782270654,0.00027597298904133373,-0.7578458918573169,0.23370319001386963
CHI02142,Franklin St & Madison St,447,81,528,41.881385740382946,-87.63542319275821,0.00014229469454072238,6.633178668352531e-05,-0.7596290785719707,0.1534090909090909
20247.0,W Washington Blvd & N Peoria St,478,92,570,41.88304863242334,-87.64993634571871,0.00015216300669007896,7.533980709733739e-05,-0.7682319959274158,0.16140350877192983
CHI02108,Wabash Ave & Washington St,2167,748,2915,41.88320125146396,-87.62661892524785,0.0006898268525050233,0.0006125453881392214,-0.772814643658019,0.25660377358490566
CHI00806,W Washington Blvd & N Peoria St,822,225,1047,41.883054575713636,-87.64993877680637,0.00026166943828293915,0.00018425496300979253,-0.7741447527314662,0.2148997134670487
CHI00344,Clybourn Ave & Division St,2841,1007,3848,41.904612567968826,-87.64055292387424,0.0009043830585910342,0.0008246433233371603,-0.7973973525387384,0.2616943866943867
13432,Wood St & Hubbard St,777,202,979,41.88970878892208,-87.67196575801717,0.00024734446903387314,0.0001654200112354582,-0.8192445779841494,0.20633299284984677
13194,Ogden Ave & Race Ave,1707,563,2270,41.8917942058948,-87.65875374316144,0.0005433938335145707,0.00046104686299783644,-0.8234697051673426,0.24801762114537446
15624,Avondale Ave & Irving Park Rd,676,161,837,41.953393213040684,-87.73200142270825,0.0002151928713859694,0.00013184466242034044,-0.8334820896562897,0.1923536439665472
CHI00349,Eckhart Park,3567,1284,4851,41.896375001746264,-87.6609847780386,0.0011354925624759659,0.0010514816555758828,-0.8401090690008306,0.26468769325912184
CHI00244,Ashland Ave & Division St,6478,2413,8891,41.90320535095547,-87.66936005307,0.002062158906565547,0.0019760321144116863,-0.8612679215386091,0.27139804296479586
CHI00299,Kingsbury St & Kinzie St 1,540,103,643,41.889071660872474,-87.6383512757605,0.00017189963098879216,8.434782751114947e-05,-0.8755180347764269,0.16018662519440124
CHI00343,State St & 35th St,1285,392,1677,41.83103662856069,-87.62679879264296,0.00040905745522332946,0.0003210130911103941,-0.8804436411293535,0.23375074537865237
CHI00295,Dearborn St & Erie St,11614,4404,16018,41.893995236952996,-87.6293156210513,0.003697115396858948,0.0036064838093116725,-0.9063158754727546,0.27494069172181296
TA1307000164,Woodlawn Ave & 55th St,2281,775,3056,41.79526566870418,-87.59647196562996,0.0007261167746026571,0.0006346559837003966,-0.9146079090226059,0.2535994764397906
CHI00358,LaSalle St & Illinois St,10750,4067,14817,41.89076447747127,-87.6316967480144,0.0034220759872768806,0.0033305108202703387,-0.9156516700654189,0.2744820139029493
TA1307000139,MLK Jr Dr & 29th St,1832,600,2432,41.8420513771119,-87.61699722944535,0.0005831854147619763,0.0004913465680261135,-0.9183884673586286,0.24671052631578946
CHI02118,Halsted St & Fulton St,960,261,1221,41.88672095009599,-87.64728750129238,0.00030559934398007493,0.00021373575709135933,-0.918635868887156,0.21375921375921375
CHI00305,Ogden Ave & Congress Pkwy,1634,520,2154,41.87500936060395,-87.67327764624864,0.0005201555500660859,0.0004258336922892983,-0.9432185777678761,0.2414113277623027
CHI00500,Elston Ave & Wabansia Ave,1544,485,2029,41.91291942554943,-87.66416882788518,0.0004915056115679539,0.0003971718091544417,-0.943338024135122,0.23903400689995072
CHI02095,Green St & Chicago Ave,1365,413,1778,41.89520509840657,-87.64962884427266,0.00043452406722166903,0.0003382102209913081,-0.9631384623036096,0.23228346456692914
TA1309000030,Southport Ave & Clybourn Ave,1299,385,1684,41.921574447387854,-87.6664336730372,0.00041351411232303886,0.00031528071448342276,-0.982333978396161,0.22862232779097388
CHI01902,Drexel Ave & 60th St,2004,659,2663,41.7858601501996,-87.60455379179558,0.0006379386305584064,0.0005396623138820146,-0.9827631667639182,0.24746526473901614
13217,Calumet Ave & 33rd St,1511,467,1978,41.834899130474184,-87.6179295489439,0.00048100063411863877,0.0003824314121136583,-0.985692220049805,0.23609706774519718
CHI01208,University Library (NU),1267,372,1639,42.05293922198056,-87.67344613764124,0.00040332746752370306,0.00030463487217619034,-0.9869259534751271,0.22696766320927395
13036,Michigan Ave & Madison St,1919,625,2544,41.88212668171511,-87.62512644729931,0.0006108803553101706,0.0005118193416938681,-0.9906101361630243,0.2456761006289308
TA1305000003,Fairbanks Ct & Grand Ave,3051,1065,4116,41.891846036875236,-87.62058078087628,0.0009712329150866756,0.0008721401582463513,-0.990927568403243,0.2587463556851312
631,Malcolm X College,546,91,637,41.87761805580887,-87.67389448925474,0.0001738096268886676,7.45208961506272e-05,-0.9928873073804041,0.14285714285714285
13034,Michigan Ave & Pearson St,1805,580,2385,41.89765632656503,-87.62351033778731,0.0005745904332125367,0.00047496834909190966,-0.9962208412062707,0.2431865828092243
CHI00663,Keystone Ave & Fullerton Ave,679,140,819,41.92458895266104,-87.72785120099489,0.00021614786933590716,0.00011464753253942647,-1.015003367964807,0.17094017094017094
13248,Ashland Ave & Augusta Blvd,1331,392,1723,41.89962254548649,-87.66832569391724,0.0004237007571223747,0.0003210130911103941,-1.026876660119806,0.22751015670342425
13160,May St & Taylor St,2042,667,2709,41.8694731000762,-87.65498703101154,0.0006500352712576177,0.000546213601455696,-1.0382166980192165,0.24621631598375784
CHI00434,Racine Ave & 15th St,1667,520,2187,41.86126552008771,-87.65661907183946,0.0005306605275154009,0.0004258336922892983,-1.048268352261026,0.23776863283036123
TA1306000011,Wells St & Walton St,2954,1019,3973,41.89993179367003,-87.63443035347524,0.0009403546480386889,0.0008344702546976827,-1.0588439334100623,0.25648124842688147
13081,Ogden Ave & Congress Pkwy,876,211,1087,41.87500928163252,-87.6732775770152,0.00027885940138181836,0.0001727902097558499,-1.0606919162596846,0.19411223551057957
KA1504000162,Clark St & Lunt Ave,901,220,1121,42.009013161356485,-87.6741176197361,0.00028681771763129947,0.0001801604082762416,-1.0665730935505786,0.19625334522747548
CHI02116,Sangamon St & Adams St,1144,312,1456,41.8790908023574,-87.65128238315657,0.0003641725515762559,0.000255500215373579,-1.0867233620267696,0.21428571428571427
CHI00263,Orleans St & Elm St,2941,1010,3951,41.90292316896141,-87.63771661507589,0.0009362163235889587,0.0008271000561772909,-1.0911626741166782,0.2556314856998228
596,Benson Ave & Church St,1275,362,1637,42.048214396269245,-87.6834850572015,0.000405874128723537,0.00029644576270908843,-1.0942836601444859,0.2211362248014661
TA1306000002,Morgan Ave & 14th Pl,1017,259,1276,41.862380475687694,-87.65106580360487,0.0003237443050288919,0.00021209793519793896,-1.1164636983095293,0.2029780564263323
24458,Peterson/Ridge Metra,588,92,680,41.99180309680735,-87.67488885024878,0.0001871795981877959,7.533980709733739e-05,-1.118397910904585,0.13529411764705881
TA1305000020,Ogden Ave & Chicago Ave,2336,771,3107,41.896362121219674,-87.65406235934252,0.0007436250703515157,0.0006313803399135557,-1.1224473043795995,0.2481493401995494
CHI02012,Ashland Ave & Augusta Blvd,3211,1111,4322,41.89962166070275,-87.66841119159953,0.0010221661390833548,0.00090981006179502,-1.1235607728833479,0.25705691809347525
TA1306000026,Racine Ave & Fullerton Ave,2536,847,3383,41.925566914085,-87.65841690214091,0.0008072916003473646,0.0006936175718635302,-1.1367402848383446,0.25036949453148094
CHI02097,Morgan St & Hubbard St,1320,372,1692,41.89014544092613,-87.65252519986873,0.000420199097972603,0.00030463487217619034,-1.1556422579641268,0.2198581560283688
18069,Cherry Ave & Blackhawk St,505,51,556,41.9072209864271,-87.65561858323603,0.00016075798823951857,4.176445828221964e-05,-1.1899352995729893,0.09172661870503597
KA17018054,Damen Ave & Lake St,897,203,1100,41.884962281335945,-87.67683900934891,0.0002855443870313825,0.00016623892218216839,-1.1930546484921414,0.18454545454545454
TA1305000029,State St & Randolph St,2661,888,3549,41.88462281298795,-87.62784084362958,0.0008470831815947701,0.0007271929206786479,-1.1989026091612225,0.2502113271344041
WL-011,Jefferson St & Monroe St,1528,447,1975,41.88033070875211,-87.64274690940839,0.0004864122891682859,0.0003660531931794545,-1.203590959888314,0.22632911392405064
CHI00490,Kimbark Ave & 53rd St,6579,2409,8988,41.799456204111124,-87.59477720427577,0.0020943105042134508,0.0019727564706248455,-1.2155403358860526,0.2680240320427236
637,Wood St & Chicago Ave,1553,455,2008,41.895633936903785,-87.67207107023728,0.0004943706054177671,0.00037260448075313604,-1.2176612466463104,0.22659362549800796
13247,Ashland Ave & Chicago Ave,1474,419,1893,41.89595440108317,-87.66772943082434,0.0004692223260694067,0.0003431236866715692,-1.2609863939783752,0.2213417855256207
CHI00536,Drake Ave & Addison St,1037,248,1285,41.947328428958265,-87.71758242753823,0.00033011095802847675,0.0002030899147841269,-1.2702104324434986,0.19299610894941635
CHI00405,Dearborn St & Madison St,496,36,532,41.882052872867405,-87.62963809847756,0.00015789299438970537,2.9480794081566807e-05,-1.2841220030813856,0.06766917293233082
CHI00389,Throop St & Taylor St,2610,853,3463,41.86896269737977,-87.65913999790695,0.0008308482164458287,0.0006985310375437913,-1.3231717890203747,0.24631822119549523
CHI00642,Clark St & Lunt Ave,1934,586,2520,42.009011779212294,-87.67411367064767,0.0006156553450598593,0.0004798818147721708,-1.3577353028768848,0.23253968253968255
CHI00370,Desplaines St & Randolph St,3969,1377,5346,41.88369926303414,-87.64424177358512,0.0012634622877676224,0.0011276403736199304,-1.3582191414769196,0.25757575757575757
TA1306000012,Wells St & Huron St,2840,937,3777,41.89472335715661,-87.63436819037197,0.000904064725941055,0.0007673195570674471,-1.3674516887360788,0.24808048715912098
CHI02081,Green St & Lake St,2919,967,3886,41.885580840393665,-87.64840896631647,0.0009292130052894153,0.0007918868854687528,-1.3732611982066252,0.24884199691199177
CHI00286,Carpenter St & Huron St,4489,1577,6066,41.894555795218,-87.65344863943746,0.0014289952657568295,0.0012914225629619682,-1.3757270279486125,0.25997362347510716
13073,Ashland Ave & Lake St,1131,270,1401,41.88592018317206,-87.66717044453566,0.0003600342271265258,0.00022110595561175106,-1.3892827151477471,0.19271948608137046
13033,Milwaukee Ave & Grand Ave,2818,923,3741,41.89157735023202,-87.64838035062188,0.0008970614076415116,0.0007558548038135045,-1.4120660382800707,0.2467254744720663
KA1504000116,Larrabee St & Oak St,1643,466,2109,41.90022096220847,-87.64298575442683,0.0005230205439158991,0.0003816125011669481,-1.41408042748951,0.22095779990516834
CHI00384,Ashland Ave & Lake St,2747,895,3642,41.88592056365472,-87.66717050724911,0.0008744597894929853,0.0007329252973056192,-1.4153449218736607,0.2457440966501922
CHI00466,Southport Ave & Clybourn Ave,2889,948,3837,41.921205793120386,-87.66521331046341,0.000919663025790038,0.0007763275774812593,-1.4333544830877873,0.2470680218921032
TA1307000039,Clark St & Elm St,6521,2357,8878,41.903150175253884,-87.6321765374625,0.0020758472105146548,0.0019301731013959156,-1.4567410911873915,0.2654877224600135
13061,Ashland Ave & Division St,3333,1117,4450,41.90319596769528,-87.6683429879156,0.0010610027223808226,0.0009147235274752812,-1.4627919490554138,0.2510112359550562
604,Sheridan Rd & Noyes St (NU),1598,439,2037,42.058238984408604,-87.67743368313276,0.0005086955746668331,0.000359501905605773,-1.4919366906106006,0.21551300932744233
CHI01666,LaSalle St & Washington St,1715,484,2199,41.88266638848695,-87.63252841180746,0.0005459404947144047,0.0003963528982077315,-1.4958759650667324,0.220100045475216
15535,Desplaines St & Randolph St,1600,438,2038,41.88370053603755,-87.64424181403152,0.0005093322399667916,0.00035868299465906283,-1.5064924530772876,0.21491658488714427
13326,Canal St & Harrison St,844,141,985,41.87425489130969,-87.63957307266291,0.00026867275658248256,0.00011546644348613666,-1.5320631309634591,0.1431472081218274
CHI00513,Jefferson St & Monroe St,3731,1262,4993,41.88033028042354,-87.64274664529222,0.001187699117072562,0.0010334656147482585,-1.5423350232430362,0.25275385539755657
CHI02139,Carpenter St & Fulton St,940,172,1112,41.88667979866194,-87.65315028012118,0.00029923269098049,0.00014085268283415252,-1.583800081463375,0.15467625899280577
TA1307000117,Wabash Ave & Grand Ave,4544,1572,6116,41.891464177551214,-87.62675992450087,0.0014465035615056879,0.0012873280082284172,-1.5917555327727069,0.2570307390451275
RN-,Franklin St & Illinois St,2687,849,3536,41.89102291742684,-87.63547947152952,0.0008553598304942305,0.0006952553937569505,-1.6010443673728,0.24010180995475114
SL-008,Federal St & Polk St,3409,1127,4536,41.872078117853064,-87.62954567971792,0.0010851960037792452,0.0009229126369423831,-1.6228336683686215,0.24845679012345678
(ARCHIVE)CHI02078,Franklin St & Monroe St,788,104,892,41.88031,-87.63518,0.00025084612818364484,8.516673845785966e-05,-1.6567938972578518,0.11659192825112108
CHI02077,Clark St & Lake St,1097,224,1321,41.88602,-87.63087,0.00034921091702723147,0.00018343605206308234,-1.6577486496414913,0.16956850870552612
(ARCHIVE)CHI02079,Daley Center Plaza,1177,255,1432,41.88424,-87.62963,0.00037467752902557103,0.00020882229141109822,-1.6585523761447283,0.17807262569832402
TA1307000131,Wabash Ave & Wacker Pl,2117,620,2737,41.886872166445045,-87.62602969178056,0.000673910220006061,0.0005077247869603172,-1.661854330457438,0.22652539276580197
CHI00223,State St & 33rd St,2159,636,2795,41.83473381341065,-87.62581289740717,0.0006872801913051893,0.0005208273621076803,-1.6645282919750903,0.22754919499105544
13338,Mies van der Rohe Way & Chicago Ave,2702,847,3549,41.89694784002302,-87.62175927012446,0.0008601348202439193,0.0006936175718635302,-1.665172483803891,0.23865877712031558
CHI00791,Racine Ave & Washington Blvd,2665,830,3495,41.88307214610288,-87.65695716476206,0.0008483565121946871,0.0006796960857694569,-1.6866042642523025,0.2374821173104435
CHI00215,Avondale Ave & Irving Park Rd,1621,424,2045,41.953393468268104,-87.73200081547643,0.0005160172256163557,0.00034721824140512017,-1.6879898421123551,0.20733496332518336
TA1309000063,Lake Park Ave & 56th St,1681,447,2128,41.791729760639406,-87.5875012364782,0.0005351171846151104,0.0003660531931794545,-1.6906399143565591,0.2100563909774436
TA1306000025,Racine Ave & Congress Pkwy,1358,321,1679,41.87464000028963,-87.65703112813371,0.00043229573867181433,0.0002628704138939707,-1.6942532477784362,0.19118522930315665
CHI00423,Woodlawn Ave & 55th St,4355,1484,5839,41.795264835221516,-87.59647149990994,0.0013863386906596106,0.0012152638449179206,-1.7107484574169,0.25415310840897415
13064,Wells St & Huron St,2320,692,3012,41.89479124032828,-87.63438041654824,0.0007385317479518478,0.0005666863751234508,-1.7184537282839696,0.2297476759628154
CHI00246,State St & Van Buren St,4316,1459,5775,41.87718088270668,-87.62784450402756,0.0013739237173104202,0.0011947910712501659,-1.7913264606025436,0.25264069264069267
CHI02079,Daley Center Plaza,1141,224,1365,41.88424,-87.62963,0.0003632175536263182,0.00018343605206308234,-1.797815015632359,0.1641025641025641
SL-011,Wells St & Polk St,2604,792,3396,41.87273506402921,-87.6335303054898,0.0008289382205459532,0.0006485774697944697,-1.803607507514835,0.2332155477031802
23001,Elizabeth St & Randolph St,2337,685,3022,41.884337638359,-87.65890701005725,0.0007439434030014949,0.0005609539984964795,-1.8298940450501535,0.22667107875579087
13427,Cityfront Plaza Dr & Pioneer Ct,2490,744,3234,41.89056805322455,-87.62207297527885,0.0007926482984483193,0.0006092697443523807,-1.8337855409593862,0.2300556586270872
CHI01750,Milwaukee Ave & Grand Ave,7047,2513,9560,41.89157714046296,-87.64838001752543,0.0022432901844037373,0.0020579232090827053,-1.8536697532103201,0.2628661087866109
13332,Loomis St & Lexington St,3076,969,4045,41.87222854673069,-87.66136518880471,0.0009791912313361567,0.0007935247073621732,-1.8566652397398358,0.2395550061804697
CHI01756,LaSalle St & Washington St Corral,613,11,624,41.882860173891736,-87.63250013098111,0.000195137914437277,9.00802041381208e-06,-1.8612989402346491,0.017628205128205128
CHI00451,LaSalle St & Adams St,2569,771,3340,41.87935059480544,-87.63198104819551,0.0008177965777966796,0.0006313803399135557,-1.8641623788312391,0.2308383233532934
chargingstx4,Morgan St & Lake St*,2705,821,3526,41.88549217433443,-87.65229105439911,0.000861089818193857,0.0006723258872490652,-1.8876393094479174,0.23284174702212138
21544,State St & Chicago Ave,5567,1933,7500,41.89661594049559,-87.62858351901414,0.0017721578624344553,0.0015829548599907955,-1.8920300244365984,0.2577333333333333
CHI00230,Loomis St & Jackson Blvd,2711,822,3533,41.87794429928681,-87.66200687108493,0.0008629998140937325,0.0006731447981957754,-1.8985501589795706,0.2326634588168695
CHI00619,Damen Ave & Lake St,2272,650,2922,41.88496275882038,-87.67683919702446,0.0007232517807528439,0.0005322921153616229,-1.9095966539122107,0.22245037645448323
CHI00242,Sangamon St & Lake St,4597,1553,6150,41.885782089180864,-87.65102841235361,0.001463375191954588,0.0012717687002409236,-1.9160649171366435,0.252520325203252
13196,Carpenter St & Huron St,1835,466,2301,41.894555797662115,-87.65344865757547,0.000584140412711914,0.0003816125011669481,-2.0252791154496594,0.2025206431986093
13206,Loomis St & Jackson Blvd,1202,219,1421,41.87794463352649,-87.66200696958308,0.00038263584527505214,0.00017934149732953141,-2.032943479455207,0.15411681914144967
CHI01806,Blackstone Ave & 59th St,3465,1095,4560,41.78787741230486,-87.59046218920645,0.0011030226321780828,0.000896707486647657,-2.0631514553042583,0.24013157894736842
20246.0,N Green St & W Lake St,1697,407,2104,41.88558125430859,-87.64848012411093,0.0005402105070147783,0.00033329675531104696,-2.0691375170373134,0.19344106463878327
CHI00737,Benson Ave & Church St,3412,1073,4485,42.04821432687383,-87.68348498651025,0.001086151001729183,0.0008786914458200328,-2.074595559091502,0.23924191750278706
13045,Dearborn St & Erie St,4687,1568,6255,41.89399580100263,-87.62931633939075,0.00149202513045272,0.0012840523644415765,-2.0797276601114345,0.2506794564348521
CHI00697,Fairbanks St & Superior St,3363,1053,4416,41.895751614729036,-87.62010804461273,0.0010705527018802,0.0008623132268858291,-2.082394749943709,0.23845108695652173
CHI02169,Larrabee St & Kingsbury St 2,818,63,881,41.89757735791033,-87.64290094824064,0.0002603961076830222,5.159138964274191e-05,-2.088047180402803,0.07150964812712826
KA1503000014,Ellis Ave & 60th St,6302,2190,8492,41.78509804521062,-87.60107418772519,0.0020061323601692003,0.001793414973295314,-2.127173868738863,0.2578897786151672
20251.0,N Carpenter St & W Lake St,918,97,1015,41.88558887418196,-87.65318240161088,0.0002922293726809466,7.943436183088834e-05,-2.1279501085005825,0.09556650246305419
CHI00517,Desplaines St & Kinzie St,11134,4068,15202,41.88871041710411,-87.64444732310407,0.0035443157248689107,0.003331329731217049,-2.129859936518615,0.2675963688988291
CHI01251,Orleans St & Chestnut St (NEXT Apts),4100,1330,5430,41.89820037855835,-87.63753621487466,0.0013051638649149034,0.0010891515591245514,-2.16012305790352,0.24493554327808473
CHI01880,Halsted St & Fulton St,5524,1883,7407,41.88686793681648,-87.648090612498,0.0017584695584853477,0.001542009312655286,-2.1646024583006174,0.25421898204401244
TA1305000035,State St & Van Buren St,1781,425,2206,41.87718078297327,-87.6278449731038,0.0005669504496130348,0.00034803715235183036,-2.1891329726120445,0.19265639165911153
13216,State St & 33rd St,2029,520,2549,41.83473379417961,-87.62581300761357,0.0006458969468078875,0.0004258336922892983,-2.200632545185892,0.20400156924284032
TA1307000128,Dearborn Pkwy & Delaware Pl,4452,1461,5913,41.89896861602685,-87.6299140804881,0.0014172169577075975,0.0011964288931435862,-2.2078806456401123,0.24708269913749364
TA1306000003,Desplaines St & Kinzie St,4784,1588,6372,41.88871130448476,-87.64444734316413,0.0015229033975007068,0.0013004305833757802,-2.224728141249266,0.24921531701192717
CHI02072,Wells St & Washington St,2011,508,2519,41.8830021498482,-87.63395423326932,0.0006401669591082611,0.00041600676092877606,-2.24160198179485,0.2016673283048829
CHI02140,Wacker Dr & Randolph St,1137,164,1301,41.88453108587928,-87.63731886387981,0.0003619442230264012,0.000134301395260471,-2.2764282776593023,0.12605687932359724
TA1307000120,Green St & Madison St,3954,1258,5212,41.88185974607242,-87.64926168322728,0.0012586872980179336,0.0010301899709614178,-2.284973270565158,0.24136607828089024
13157,Aberdeen St & Jackson Blvd,3261,988,4249,41.87772772166591,-87.6547894442695,0.001038082771582317,0.0008090840153496668,-2.289987562326502,0.23252530007060485
CHI00470,Mies van der Rohe Way & Chicago Ave,6655,2305,8960,41.89694668209067,-87.6217597239463,0.0021185037856118736,0.0018875897321669857,-2.3091405344488787,0.2572544642857143
TA1309000008,Franklin St & Adams St,1232,194,1426,41.879421998783954,-87.63550384617412,0.0003921858247744295,0.00015886872366177669,-2.3331710111265282,0.13604488078541374
22004,Blackstone Ave & 59th St,3252,979,4231,41.78787827114015,-87.59046401061579,0.0010352177777325038,0.0008017138168292751,-2.3350396090322865,0.23138737887024344
636,Orleans St & Hubbard St,2157,550,2707,41.8900159568699,-87.63663065080513,0.0006866435260052308,0.000450401020690604,-2.3624250531462683,0.20317694865164387
CHI02098,Peoria St & Kinzie St,2053,509,2562,41.88895964690554,-87.64972479102933,0.0006535369304073894,0.00041682567187548624,-2.3671125853190316,0.19867291178766588
13409,Sangamon St & Washington Blvd,1928,460,2388,41.88315957383173,-87.65110097081643,0.0006137453491599838,0.000376699035486687,-2.370463136732968,0.19262981574539365
TA1306000015,Sangamon St & Lake St,2309,607,2916,41.885781176824516,-87.65102700860308,0.0007350300888020761,0.0004970789446530848,-2.3795114414899126,0.20816186556927296
CHI00261,Morgan Ave & 14th Pl,2568,704,3272,41.86237901755217,-87.65106378351446,0.0008174782451467004,0.0005765133064839731,-2.409649386627273,0.21515892420537897
CHI00499,Wood St & Hubbard St,2245,576,2821,41.88970875357691,-87.67196670398813,0.0007146567992034043,0.0004716927053050689,-2.429640938983354,0.20418291386033321
CHI00322,May St & Taylor St,4436,1427,5863,41.86939766938808,-87.65533017416486,0.0014121236353079295,0.0011685859209554397,-2.4353771435248976,0.24339075558587753
TA1309000001,Halsted St & Maxwell St,1926,451,2377,41.864880841743414,-87.64707209240359,0.0006131086838600253,0.00036932883696629525,-2.4377984689373,0.18973496003365586
13430,LaSalle St & Illinois St,4191,1331,5522,41.89076487323703,-87.6316971550179,0.0013341321360630146,0.0010899704700712616,-2.4416166599175297,0.2410358565737052
13156,Aberdeen St & Monroe St,2031,491,2522,41.88041683443301,-87.65552543670358,0.000646533612107846,0.00040208527483470284,-2.4444833727314315,0.19468675654242665
CHI00786,Wabash Ave & Adams St,4847,1585,6432,41.879472783479144,-87.62569161611573,0.0015429583544493992,0.0012979738505356497,-2.4498450391374944,0.24642412935323382
CHI00439,Sangamon St & Washington Blvd,4282,1363,5645,41.883156821961485,-87.651100837503,0.0013631004072111258,0.0011161756203659876,-2.4692478684513826,0.24145261293179804
CHI00855,N Green St & W Lake St,2231,565,2796,41.88558007234603,-87.64848025716432,0.0007102001421036949,0.0004626846848912568,-2.475154572124381,0.2020743919885551
CHI01114,Sheridan Rd & Noyes St (NU),3172,928,4100,42.05823902981865,-87.67743271609598,0.0010097511657341642,0.0007599493585470554,-2.4980180718710874,0.22634146341463415
CHI00368,Rush St & Superior St,6979,2402,9381,41.89576098735793,-87.62593039803916,0.002221643564205149,0.001967024093997874,-2.546194702072748,0.2560494616778595
CHI00701,Larrabee St & Oak St,3876,1195,5071,41.900286969417806,-87.64258287480185,0.0012338573513195525,0.000978598581318676,-2.552587700008766,0.23565371721553935
CHI00648,Franklin St & Illinois St,7226,2497,9723,41.89102393147875,-87.6354773031685,0.002300271728750022,0.002044820633935342,-2.5545109481468025,0.25681374061503653
CHI01677,Michigan Ave & Washington St,11614,4197,15811,41.88398419959212,-87.62468328801091,0.003697115396858948,0.0034369692433426635,-2.6014615351628447,0.265448105749162
KA1503000034,LaSalle St & Adams St,1399,225,1624,41.879349913194176,-87.63198229827034,0.00044534737732096334,0.00018425496300979253,-2.610924143111708,0.13854679802955666
15530,Rush St & Superior St,2907,809,3716,41.89576160206067,-87.62592797147867,0.0009253930134896644,0.000662498955888543,-2.6289405760112143,0.21770721205597415
CHI00746,Malcolm X College,1250,163,1413,41.87761789065488,-87.67389494159585,0.0003979158124740559,0.00013348248431376082,-2.644333281602951,0.11535739561217269
CHI02078,Franklin St & Monroe St,941,42,983,41.88031,-87.63518,0.0002995510236304693,3.439425976182794e-05,-2.651567638686413,0.042726347914547304
22002,Woodlawn Ave & 58th St,2317,576,2893,41.78938161748987,-87.59647923006035,0.00073757675000191,0.0004716927053050689,-2.6588404469684104,0.1991012789491877
CHI00432,Stetson Ave & South Water St,5937,1979,7916,41.88682860422531,-87.62233208269691,0.0018899409429267758,0.001620624763539464,-2.693161793873118,0.25
CHI00963,LaSalle St & Adams St Corral,892,15,907,41.87938714442814,-87.63207506767795,0.00028395272378148626,1.2283664200652836e-05,-2.716690595808334,0.016538037486218304
13353,Ada St & Washington Blvd,1869,387,2256,41.882829888083066,-87.66120591129162,0.0005949637228112084,0.0003169185363768432,-2.7804518643436515,0.17154255319148937
CHI00271,State St & Pearson St,4407,1373,5780,41.89744613045956,-87.62872529904065,0.0014028919884585315,0.0011243647298330897,-2.785272586254418,0.2375432525951557
13017,Franklin St & Chicago Ave,2788,740,3528,41.89680841580386,-87.63564438543,0.0008875114281421343,0.0006059941005655399,-2.815173275765943,0.20975056689342403
TA1308000029,Stetson Ave & South Water St,2317,555,2872,41.886834703595994,-87.62233163520278,0.00073757675000191,0.0004544955754241549,-2.8308117457775506,0.1932451253481894
CHI00878,Morgan St & Lake St*,5908,1950,7858,41.88549927121629,-87.65228555798815,0.0018807092960773778,0.0015968763460848686,-2.8383294999250928,0.24815474675489946
CHI00278,Ada St & Washington Blvd,3814,1136,4950,41.88282957694369,-87.66120561751485,0.0012141207270208393,0.0009302828354627747,-2.8383789155806456,0.2294949494949495
TA1305000017,Halsted St & Roosevelt Rd,1706,315,2021,41.86732587117189,-87.64862589896936,0.0005430755008645915,0.00025795694821370953,-2.8511855265088197,0.15586343394359228
CHI02101,LaSalle St & Washington St,1723,320,2043,41.883233339984066,-87.63211038206303,0.0005484871559142386,0.0002620515029472605,-2.864356529669781,0.15663240332843856
CHI01772,State St & Chicago Ave,13728,4983,18711,41.896616725348245,-87.62858274137459,0.004370070618915071,0.004080633247456872,-2.894373714581993,0.26631393298059963
CHI00715,Aberdeen St & Randolph St,5709,1864,7573,41.884114602991936,-87.65426495760151,0.001817361098731508,0.0015264500046677924,-2.9091109406371563,0.24613759408424665
CHI01880,Fulton Market,2999,810,3809,41.88686778897827,-87.64809071742839,0.0009546796172877549,0.0006633178668352532,-2.9136175045250177,0.21265423995799423
CHI00347,Green St & Madison St,9255,3237,12492,41.881859734419294,-87.64926121638005,0.00294616867555791,0.002650814734500882,-2.953539410570278,0.2591258405379443
CHI01983,Peterson/Ridge Metra,2183,486,2669,41.9918014290589,-87.67488816231138,0.0006949201749046912,0.00039799072010115186,-2.9692945480353936,0.18209067066316972
CHI00964,Dearborn St & Adams St Corral,1031,36,1067,41.879394796259376,-87.62987059824441,0.0003282009621286013,2.9480794081566807e-05,-2.987201680470345,0.033739456419868794
CHI01756,LaSalle St & Calhoun Pl Corral,1025,33,1058,41.88287921992697,-87.63250796090473,0.00032629096622872585,2.702406124143624e-05,-2.9926690498728963,0.031190926275992438
CHI01666,LaSalle St & Calhoun Pl,1659,279,1938,41.8826634078521,-87.63253179013033,0.000528113866315567,0.00022847615413214276,-2.9963771218342425,0.14396284829721362
18003,Fairbanks St & Superior St,1855,355,2210,41.89575171864604,-87.62010767039006,0.000590507065711499,0.00029071338608211713,-2.997936796293818,0.16063348416289594
KA1504000076,Ellis Ave & 55th St,4758,1479,6237,41.79430074021437,-87.60144932202486,0.0015146267486012463,0.0012111692901843696,-3.0345745841687677,0.23713323713323714
13037,Clinton St & Tilden St,1710,293,2003,41.87588464590707,-87.64079369520348,0.0005443488314645084,0.0002399409073860854,-3.0440792407842303,0.14628057913130305
15664,Artesian Ave & Hubbard St,1342,144,1486,41.889500161488,-87.68825433188859,0.0004272024162721464,0.00011792317632626723,-3.092792399458792,0.09690444145356662
CHI00489,Canal St & Harrison St,1712,280,1992,41.87425476760807,-87.63957319592083,0.0005449854967644669,0.00022929506507885294,-3.15690431685614,0.14056224899598393
KA1503000044,Rush St & Hubbard St,2394,543,2937,41.89017722660972,-87.62618562635069,0.0007620883640503119,0.0004446686440636327,-3.174197199866792,0.18488253319713993
CHI01903,Elizabeth St & Randolph St,5134,1605,6739,41.884337448379654,-87.6589070146228,0.0016343198249934424,0.0013143520694698534,-3.19967755523589,0.238165899985161
CHI00555,Rush St & Hubbard St,5279,1655,6934,41.890176322691325,-87.62618594450743,0.0016804780592404329,0.001355297616805363,-3.2518044243506994,0.2386789731756562
CHI00718,Cherry Ave & Blackhawk St,1315,114,1429,41.90722100053967,-87.65561877102695,0.0004186074347227068,9.335584792496156e-05,-3.2525158679774524,0.07977606717984605
13285,Wood St & Taylor St (Temp),1588,220,1808,41.86926821849807,-87.67373279752728,0.0005055122481670406,0.0001801604082762416,-3.25351839890799,0.12168141592920353
18062,Aberdeen St & Randolph St,2595,611,3206,41.88411476635414,-87.65426490191474,0.00082607322669614,0.0005003545884399255,-3.257186382562145,0.19058016219588272
CHI00511,Lake Park Ave & 56th St,3517,965,4482,41.79161002285757,-87.58747910644969,0.0011195759299770036,0.0007902490635753324,-3.293268664016712,0.21530566711289603
CHI00321,Aberdeen St & Monroe St,4250,1247,5497,41.880365895234824,-87.65537134905797,0.00135291376241179,0.0010211819505476058,-3.317318118641842,0.2268510096416227
KA1503000015,Wabash Ave & Adams St,2580,597,3177,41.879472992840526,-87.62569041868971,0.0008212982369464513,0.0004888898351859828,-3.324084017604685,0.18791312559017942
CHI00245,Larrabee St & Kingsbury St 1,1425,146,1571,41.89776186624761,-87.64288664859484,0.0004536240262204237,0.0001195609982196876,-3.340630280007361,0.09293443666454487
CHI00265,Racine Ave & Congress Pkwy,2931,730,3661,41.87464000174195,-87.65703060047987,0.0009330329970891662,0.000597804991098438,-3.352280059907282,0.19939907129199672
CHI00750,Orleans St & Hubbard St,4916,1491,6407,41.890021017050415,-87.63662057275404,0.001564923307297967,0.0012209962215448918,-3.439270857530752,0.23271421882316218
15539,Desplaines St & Jackson Blvd,3054,767,3821,41.87811982475708,-87.64395070857493,0.0009721879130366133,0.000628104696126715,-3.4408321690989836,0.2007327924627061
CHI00553,Michigan Ave & Lake St,10313,3586,13899,41.88602025775912,-87.62440039291788,0.003282964619235951,0.002936614654902738,-3.463499643332128,0.2580041729620836
22003,University Ave & 59th St,2262,454,2716,41.787877856913,-87.59890938116129,0.0007200684542530515,0.0003717855698064258,-3.4828288444662574,0.16715758468335787
CHI00406,Aberdeen St & Jackson Blvd,7441,2467,9908,41.877727506769226,-87.65478884593064,0.00236871324849556,0.0020202533055340365,-3.484599429615233,0.24899071457408156
CHI01540,Wells St & Randolph St Corral,1255,49,1304,41.88437125204738,-87.63396025638941,0.0003995074757239521,4.0126636388799264e-05,-3.5938083933515284,0.037576687116564415
CHI01996,Woodlawn Ave & 58th St,4142,1168,5310,41.78938138499435,-87.59647904327466,0.0013185338362140316,0.0009564879857575008,-3.620458504565308,0.2199623352165725
CHI02102,Wells St & Madison St,1841,268,2109,41.881991239966226,-87.63417728428092,0.0005860504086117895,0.00021946813371833066,-3.6658227489345885,0.12707444286391656
13265,Kingsbury St & Erie St,4595,1338,5933,41.89390871840149,-87.64173720384396,0.0014627385266546295,0.001095702846698233,-3.6703567995639648,0.22551828754424405
13263,Columbus Dr & Randolph St,4187,1178,5365,41.88472148084503,-87.61952099848969,0.0013328588054630976,0.0009646770952246027,-3.6818171023849495,0.2195712954333644
CHI00765,Ellis Ave & 60th St,7048,2288,9336,41.78509882414978,-87.60107362733699,0.002243608517053717,0.0018736682460729125,-3.6994027098080444,0.24507283633247642
TA1309000064,Wolcott Ave & Polk St,2100,361,2461,41.87126385883202,-87.67368907980646,0.0006684985649564139,0.00029562685176237824,-3.7287171319403565,0.14668833807395368
TA1309000008,Franklin St & Adams St (Temp),1528,136,1664,41.87942237445762,-87.6355056728039,0.0004864122891682859,0.00011137188875258571,-3.750404004157002,0.08173076923076923
SL-010,Financial Pl & Ida B Wells Dr,2364,457,2821,41.87502352431139,-87.63309513469714,0.0007525383845509345,0.0003742423026465564,-3.7829608190437805,0.1619992910315491
TA1306000016,Sheffield Ave & Fullerton Ave,4027,1100,5127,41.925616309444706,-87.65365841706435,0.0012819255814664184,0.000900802041381208,-3.8112354008521043,0.2145504193485469
TA1307000121,Halsted St & Polk St,3137,750,3887,41.8718395890679,-87.64663982829805,0.0009986095229848908,0.0006141832100326418,-3.84426312952249,0.1929508618471829
13080,Hermitage Ave & Polk St,1719,191,1910,41.87151421434743,-87.66988730605917,0.0005472138253143216,0.0001564119908216461,-3.908018344926755,0.1
TA1305000009,Clark St & Ida B Wells Dr,1974,289,2263,41.87593394319674,-87.63058598816303,0.0006283886510590291,0.00023666526359924464,-3.9172338745978443,0.12770658418029165
CHI00518,Desplaines St & Jackson Blvd,6524,2054,8578,41.87811975264813,-87.64395088039483,0.0020768022084645924,0.0016820430845427283,-3.9475912392186405,0.23944975518768943
CHI00238,Loomis St & Lexington St,6652,2102,8754,41.872230917713914,-87.66136150306627,0.002117548787661936,0.0017213508099848175,-3.9619797767711855,0.24011880283299064
CHI00225,Sheffield Ave & Fullerton Ave,8698,2895,11593,41.92561632225715,-87.65365892407237,0.0027688573895194705,0.0023707471907259974,-3.981101987934731,0.2497196584145605
CHI00288,State St & Kinzie St,7217,2304,9521,41.889365937460525,-87.62708421467522,0.002297406734900209,0.0018867708212202757,-4.106359136799333,0.2419913874593005
13158,Peoria St & Jackson Blvd,3443,835,4278,41.8776427196401,-87.64961328555681,0.0010960193138785396,0.0006837906405030078,-4.122286733755319,0.1951846657316503
13028,900 W Harrison St,2634,520,3154,41.87475413809217,-87.64980701798373,0.0008384882000453305,0.0004258336922892983,-4.126545077560323,0.1648700063411541
CHI00808,N Carpenter St & W Lake St,1797,186,1983,41.88558927587916,-87.65318180776627,0.0005720437720127027,0.00015231743608809517,-4.197263359246076,0.09379727685325265
CHI00437,Halsted St & Maxwell St,4410,1200,5610,41.864882128027936,-87.64707144019897,0.0014038469864084693,0.000982693136052227,-4.211538503562423,0.21390374331550802
13197,Elizabeth St & Fulton St,2072,283,2355,41.88682287234863,-87.6589574443717,0.000659585250756995,0.0002317517979189835,-4.278334528380115,0.12016985138004246
TA1305000039,Elston Ave & Cortland St,2738,535,3273,41.916433439428346,-87.66674782352435,0.0008715947956431721,0.00043811735648995113,-4.33477439153221,0.16345860067216622
13050,State St & Kinzie St,3238,716,3954,41.889364520907044,-87.62708469308618,0.0010307611206327944,0.0005863402378444954,-4.44420882788299,0.18108244815376834
CHI02056,Aberdeen St & Carroll Ave,4269,1103,5372,41.88819028023661,-87.65459129046798,0.0013589620827613956,0.0009032587742213385,-4.557033085400572,0.20532390171258377
TA1307000062,Sedgwick St & Huron St,3404,759,4163,41.894666115372104,-87.63842613771516,0.001083604340529349,0.0006215534085530335,-4.620509319763156,0.18232044198895028
CHI00961,LaSalle St & Jackson Blvd Corral,1581,26,1607,41.8781553213925,-87.63203506553593,0.0005032839196171859,2.1291684614464914e-05,-4.819922350027209,0.016179215930304917
13016,St. Clair St & Erie St,4007,955,4962,41.89434733569637,-87.62280342538696,0.0012755589284668336,0.0007820599541082306,-4.93498974358603,0.19246271664651352
CHI01913,University Ave & 59th St,3048,580,3628,41.78787778030758,-87.59890765731697,0.0009702779171367378,0.00047496834909190966,-4.953095680448282,0.15986769570011025
KA1503000071,University Ave & 57th St,7337,2241,9578,41.791477879538476,-87.5998629292812,0.0023356066528977186,0.0018351794315775336,-5.004272213201849,0.23397368970557528
13006,LaSalle St & Washington St,2283,274,2557,41.88266577853815,-87.6325289292204,0.0007267534399026156,0.0002243815993985918,-5.023718405040238,0.10715682440359797
TA1305000005,Dearborn St & Adams St,2576,377,2953,41.87935594392748,-87.62979926140686,0.0008200249063465344,0.0003087294269097413,-5.112954794367932,0.12766677954622419
CHI01744,St. Clair St & Erie St,9096,2910,12006,41.89435085382183,-87.62280688651278,0.00289555378421121,0.0023830308549266503,-5.125229292845595,0.24237881059470265
CHI00345,Columbus Dr & Randolph St,12079,4069,16148,41.88471685165557,-87.61951917228966,0.003845140079099297,0.0033321486421637593,-5.129914369355376,0.25198166955660145
CHI00364,Halsted St & Roosevelt Rd,3351,672,4023,41.867325649468405,-87.64862559652087,0.001066732710080449,0.0005503081561892471,-5.164245538912019,0.16703952274422074
TA1305000011,Michigan Ave & Lake St,4391,1072,5463,41.88602184558165,-87.62440077372304,0.0013977986660588635,0.0008778725348733226,-5.199261311855408,0.19622917810726706
23003,Halsted St & Fulton St,4308,1017,5325,41.88686784355883,-87.64809101017893,0.0013713770561105862,0.0008328324328042623,-5.38544623306324,0.19098591549295774
CHI01543,Franklin St & Adams St Corral,1778,27,1805,41.87940926660625,-87.63557656325195,0.0005659954516630971,2.2110595561175104e-05,-5.43884856101922,0.014958448753462604
TA1309000011,Ellis Ave & 58th St,2871,451,3322,41.78874511564536,-87.60133272865446,0.0009139330380904116,0.00036932883696629525,-5.446042011241164,0.1357615894039735
KA1504000104,Paulina St & Flournoy St,2531,317,2848,41.873061849606415,-87.66913233350235,0.0008056999370974684,0.00025959477010712996,-5.4610516699033855,0.1113061797752809
13001,Michigan Ave & Washington St,4926,1244,6170,41.88398493724019,-87.62468393584346,0.0015681066337977594,0.0010187252177074752,-5.493814160902843,0.20162074554294976
KA1503000041,McClurg Ct & Erie St,3528,690,4218,41.894502842164314,-87.61785634092743,0.0011230775891267752,0.0005650485532300304,-5.580290358967448,0.16358463726884778
CHI00280,Elizabeth St & Fulton St,3781,786,4567,41.886763939552765,-87.65930268507202,0.0012036157495715243,0.0006436640041142086,-5.599517454573157,0.17210422596890737
CHI01542,Clinton St & Tilden St,3816,773,4589,41.87588458774648,-87.64079344894752,0.0012147573923207977,0.0006330181618069762,-5.817392305138215,0.16844628459359337
13056,Canal St & Monroe St,2411,219,2630,41.882907060966325,-87.63974277873119,0.000767500019099959,0.00017934149732953141,-5.881585217704275,0.08326996197718631
CHI00781,Financial Pl & Ida B Wells Dr,5227,1302,6529,41.87502359368184,-87.63309504347828,0.001663924761441512,0.0010662220526166661,-5.977027088248459,0.19941798131413693
TA1307000151,Wells St & Hubbard St,5095,1243,6338,41.88991106001595,-87.63427111792919,0.0016219048516442518,0.001017906306760765,-6.039985448834868,0.19611864941621962
CHI00216,Clark St & Ida B Wells Dr,5051,1224,6275,41.87593479868406,-87.6305862005892,0.001607898215045165,0.0010023469987732714,-6.055512162718935,0.1950597609561753
TA1305000030,Wells St & Randolph St,3207,507,3714,41.884292760853356,-87.63395984725754,0.0010208928084834378,0.00041518784998206587,-6.057049585013719,0.13651050080775445
CHI00283,Hermitage Ave & Polk St,3012,409,3421,41.87151410176793,-87.66988679247298,0.000958817941737485,0.00033493457720446733,-6.238833645330177,0.11955568547208419
CHI01745,Franklin St & Chicago Ave,7396,2097,9493,41.89679451229962,-87.63564259542103,0.0023543882792464938,0.0017172562552512664,-6.371320239952274,0.22089961023912358
TA1305000025,Franklin St & Jackson Blvd,4106,811,4917,41.87771397255761,-87.63532872632081,0.0013070738608147788,0.0006641367777819634,-6.429370830328154,0.16493797030709784
TA1309000066,Ravenswood Ave & Lawrence Ave,4347,902,5249,41.968445211740516,-87.67422622350277,0.0013837920294597769,0.0007386576739325905,-6.451343555271864,0.17184225566774625
CHI00440,Wood St & Taylor St (Temp),3330,474,3804,41.869267240361616,-87.67373215169822,0.0010600477244308848,0.00038816378874062963,-6.718839356902552,0.12460567823343849
KA1503000072,Wacker Dr & Washington St,2784,255,3039,41.88314635310964,-87.63724277581163,0.0008862380975422173,0.00020882229141109822,-6.774158061311191,0.08390918065153011
CHI00266,Wells St & Randolph St,6158,1558,7716,41.88429139423487,-87.63395971069487,0.001960292458572189,0.0012758632549744746,-6.844292035977145,0.20191809227579058
CHI01748,900 W Harrison St,4662,971,5633,41.87475389928398,-87.64980710683724,0.001484066814203239,0.0007951625292555935,-6.889042849476454,0.17237706373158174
CHI00259,Elston Ave & Cortland St,6374,1633,8007,41.916433814197276,-87.66674712422535,0.002029052310967706,0.0013372815759777387,-6.917707349899673,0.20394654677157487
CHI00647,Artesian Ave & Hubbard St,3237,402,3639,41.88949978885915,-87.68825583096807,0.0010304427879828152,0.000329202200577496,-7.012405874053192,0.11046990931574609
CHI00583,Ellis Ave & 55th St,8637,2493,11130,41.794300723498175,-87.60144947148844,0.0027494390978707365,0.002041544990148501,-7.078941077222353,0.22398921832884097
TA1307000130,Morgan St & Polk St,3666,557,4223,41.871742612327644,-87.65102954245715,0.001167007494823911,0.00045613339731757533,-7.108740975063357,0.1318967558607625
CHI00359,Halsted St & Polk St,5439,1246,6685,41.871839611224225,-87.64663981905493,0.001731411283237112,0.0010203630396008955,-7.1104824363621635,0.18638743455497384
CHI01815,Wacker Dr & Washington St Corral,2292,13,2305,41.88316268105068,-87.63736159911721,0.0007296184337524289,1.0645842307232457e-05,-7.189725914451964,0.005639913232104121
CHI00419,McClurg Ct & Erie St,7624,2077,9701,41.894501945291914,-87.6178596069417,0.002426968123441762,0.0017008780363170627,-7.260900871246991,0.214101639006288
CHI00402,Peoria St & Jackson Blvd,7369,1945,9314,41.87764694161843,-87.64961508929399,0.002345793297697054,0.0015927817913513177,-7.530115063457364,0.20882542409276358
KA1503000012,Clark St & Lake St,4696,900,5596,41.88601915615587,-87.63088738096585,0.0014948901243025331,0.0007370198520391701,-7.57870272263363,0.16082916368834882
CHI00294,Wells St & Huron St,14237,4579,18816,41.894790785542476,-87.63438039091476,0.004532101937754507,0.0037497932249859556,-7.823087127685515,0.24335671768707484
CHI00438,Dearborn St & Adams St,5644,1233,6877,41.879356744452515,-87.62978975235859,0.0017966694764828572,0.001009717197293663,-7.869522791891941,0.1792932964955649
CHI00241,Sedgwick St & Huron St,8014,2148,10162,41.89466376219006,-87.63842573552219,0.002551117856933667,0.001759020713533486,-7.920971434001811,0.21137571344223577
CHI00501,Wolcott Ave & Polk St,4457,760,5217,41.87126280318131,-87.67368843196024,0.0014188086209574937,0.0006223723194997437,-7.9643630145775,0.14567759248610312
CHI02074,Franklin St & Washington St,3839,464,4303,41.88318,-87.63511,0.0012220790432703205,0.0003799746792735277,-8.421043639967928,0.10783174529398094
CHI02028,Kingsbury St & Erie St,11036,3259,14295,41.893907472400535,-87.64173711482111,0.0035131191251709447,0.0026688307753285063,-8.442883498424383,0.2279818118223155
CHI02050,Franklin St & Jackson Blvd,8517,2276,10793,41.87771084227873,-87.63533277270591,0.0027112391798732273,0.0018638413147123902,-8.47397865160837,0.21087742055035671
CHI00460,Ellis Ave & 58th St,4145,565,4710,41.7887449890572,-87.6013330266794,0.0013194888341639694,0.0004626846848912568,-8.568041492727126,0.11995753715498939
CHI00453,Franklin St & Adams St,5240,983,6223,41.8794291722128,-87.63550320686579,0.0016680630858912423,0.0008049894606161159,-8.630736252751264,0.15796239755744818
TA1307000111,Franklin St & Lake St,4350,603,4953,41.885837428895385,-87.635500762948,0.0013847470274097144,0.000493803300866244,-8.909437265434704,0.12174439733494852
13021,Clinton St & Lake St,4961,821,5782,41.8856329442512,-87.64182617863815,0.001579248276547033,0.0006723258872490652,-9.069223892979677,0.14199239017640955
CHI00332,Wells St & Hubbard St,12183,3625,15808,41.88991055379538,-87.6342711827309,0.003878246674697138,0.0029685521818244355,-9.096944928727027,0.22931427125506074
CHI00627,Paulina St & Flournoy St,4633,627,5260,41.8730616802366,-87.66913275078181,0.0014748351673538407,0.0005134571635872885,-9.613780037665522,0.11920152091254753
CHI00761,Clark St & Lake St,8963,2284,11247,41.88602040755324,-87.63087933928641,0.00285321554176397,0.0018703926022860717,-9.828229394778985,0.20307637592246822
TA1305000006,Dearborn St & Monroe St,4729,625,5354,41.88130610692588,-87.62951934066636,0.0015053951017518481,0.0005118193416938681,-9.935757600579802,0.11673515128875607
TA1306000010,Daley Center Plaza,5496,899,6395,41.88423915776679,-87.62963116674314,0.001749556244285929,0.0007362009410924599,-10.13355303193469,0.14057857701329163
13138,Canal St & Jackson Blvd,3879,252,4131,41.87812461153892,-87.63996792886888,0.0012348123492694901,0.00020636555857096763,-10.284467906985224,0.06100217864923747
CHI00508,Ravenswood Ave & Lawrence Ave,9803,2549,12352,41.9684453009915,-87.67422628163627,0.003120614967746536,0.002087404003164272,-10.33210964582264,0.20636334196891193
TA1305000022,Orleans St & Merchandise Mart Plaza,5410,810,6220,41.88822974025031,-87.63640730494808,0.001722179636387714,0.0006633178668352532,-10.588617695524608,0.1302250803858521
CHI00551,University Ave & 57th St,9308,2280,11588,41.79147790804924,-87.59986226178398,0.00296304030600681,0.001867116958499231,-10.959233475075788,0.19675526406627547
KA1503000043,Kingsbury St & Kinzie St,10625,2791,13416,41.889175581866404,-87.63850621633708,0.003382284406029475,0.0022855804522681376,-10.967039537613374,0.20803518187239117
CHI00372,Morgan St & Polk St,6130,1016,7146,41.871741054860706,-87.65102974694004,0.00195137914437277,0.0008320135218575521,-11.19365622515218,0.14217744192555276
CHI00405,Dearborn St & Monroe St,8106,1735,9841,41.88131270561093,-87.6295211482403,0.0025804044607317576,0.001420810492542178,-11.595939681895794,0.17630322121735595
CHI00376,Franklin St & Lake St,7292,1412,8704,41.88583869674707,-87.63550067909934,0.0023212816836486526,0.001156302256754787,-11.649794268938656,0.16222426470588236
TA1309000007,Franklin St & Monroe St,4520,267,4787,41.88031614955732,-87.63518766714739,0.001438863577906186,0.00021864922277162047,-12.202143551345657,0.0557760601629413
TA1309000004,LaSalle St & Jackson Blvd,4648,296,4944,41.8781638506884,-87.63192635095967,0.0014796101571035293,0.00024239764022621597,-12.372125168773135,0.059870550161812294
TA1306000009,Larrabee St & Kingsbury St,6144,847,6991,41.89776122577338,-87.64288903027034,0.0019558358014724795,0.0006936175718635302,-12.622182296089493,0.12115577170647976
CHI01787,Wacker Dr & Washington St,5630,612,6242,41.88314581143719,-87.63724317221401,0.0017922128193831478,0.0005011734993866357,-12.910393199965121,0.09804549823774432
CHI00398,Canal St & Monroe St,6306,667,6973,41.88290643852312,-87.63974167159392,0.002007405690769117,0.000546213601455696,-14.611920893134211,0.09565466800516277
TA1305000032,Clinton St & Madison St,8049,1257,9306,41.88274166292909,-87.64119298916178,0.0025622594996829407,0.0010293710600147077,-15.32888439668233,0.13507414571244358
CHI01746,Clinton St & Lake St,10587,2206,12793,41.88563051659782,-87.64182470096358,0.0033701877653302638,0.001806517548442677,-15.636702168875868,0.17243805205972015
638,Clinton St & Jackson Blvd,7012,736,7748,41.878317897569474,-87.64098524614181,0.002232148541654464,0.0006027184567786991,-16.29430084875765,0.09499225606608157
13011,Canal St & Adams St,6644,513,7157,41.879255044014556,-87.63990846361389,0.002115002126462102,0.000420101315662327,-16.94900810799775,0.07167807740673467
CHI00521,Canal St & Jackson Blvd,7282,751,8033,41.878124447175075,-87.63996831680574,0.00231809835714886,0.000615002120979352,-17.03096236169508,0.09348935640483008
CHI00253,Daley Center Plaza,10484,1984,12468,41.88424069841781,-87.62963321190821,0.0033373995023824017,0.001624719318273015,-17.126801841093865,0.1591273660571062
CHI00245,Larrabee St & Kingsbury St,10369,1939,12308,41.897761470075984,-87.6428878116023,0.0033007912476347885,0.0015878683256710566,-17.12922921963732,0.15753981150471238
CHI00299,Kingsbury St & Kinzie St,21077,6093,27170,41.88916464315235,-87.63848922089345,0.006709497263612541,0.004989624398305182,-17.198728653073587,0.2242546926757453
CHI00367,Orleans St & Merchandise Mart Plaza,11941,2415,14356,41.88823597765379,-87.63639959106374,0.0038012101734021613,0.0019776699363051064,-18.235402370970547,0.1682223460573976
CHI00447,LaSalle St & Jackson Blvd,7989,750,8739,41.87816379468159,-87.63192707812914,0.002543159540684186,0.0006141832100326418,-19.28976330651544,0.08582217645039478
13341,Canal St & Madison St,8757,737,9494,41.88240254578917,-87.63976315334311,0.002787639015868246,0.0006035373677254094,-21.841016481428365,0.07762797556351379
CHI00449,Franklin St & Monroe St,9672,531,10203,41.88031643448182,-87.63518622146792,0.0030789133905992547,0.0004348417127031104,-26.44071677896144,0.05204351661276095
WL-012,Clinton St & Washington Blvd,9659,490,10149,41.88338481971169,-87.64118343815426,0.0030747750661495247,0.00040126636388799266,-26.73508702261532,0.04828061878017539
CHI00233,Clinton St & Madison St,16704,2957,19661,41.882735249967354,-87.64119468093203,0.005317428585253304,0.002421519669422029,-28.95908915831275,0.1503992675855755
CHI01091,Clinton St & Jackson Blvd,13945,1823,15768,41.87831843825824,-87.64098589390612,0.004439148803960568,0.0014928746558526746,-29.462741481078933,0.11561390157280568
CHI01743,Canal St & Adams St,13134,1436,14570,41.879255111161505,-87.63990746219228,0.0041809810248274,0.0011759561194758315,-30.05024905351568,0.09855868222374743
CHI00498,Canal St & Madison St,17670,2005,19675,41.88240346495048,-87.63976267527875,0.005624937925133254,0.001641916448153929,-39.830214769793244,0.10190597204574332
CHI00509,Clinton St & Washington Blvd,19425,1065,20490,41.883381744210254,-87.6411798991562,0.006183611725846828,0.0008721401582463513,-53.11471567600477,0.05197657393850659
