end_station_name,return_count_dry,return_count_rainy,return_share_dry,return_share_rainy,total_return_count,rainy_minus_dry_share,rainy_dry_share_ratio,end_lat,end_lng
Streeter Dr & Grand Ave,12436.0,5418.0,0.005322315506829007,0.007075619541142547,17854.0,0.0017533040343135397,1.3294249847907191,41.892278002970286,-87.61204300164603
Clinton St & Washington Blvd,21485.0,7615.0,0.009195074675476134,0.00994478457102261,29100.0,0.000749709895546475,1.0815338472467388,41.883378993326986,-87.64117008864396
Clinton St & Jackson Blvd,15718.0,5695.0,0.006726934314597807,0.007437366793430565,21413.0,0.0007104324788327577,1.1056101249094936,41.87831662050808,-87.64098109175531
Halsted St & Fulton St,7573.0,2969.0,0.00324106588398328,0.003877355927953529,10542.0,0.0006362900439702492,1.1963211703882664,41.88685835666811,-87.64802209919087
University Ave & 57th St,12086.0,4311.0,0.005172523738785411,0.005629936478749634,16397.0,0.00045741273996422263,1.0884312329208174,41.791478002955266,-87.59986050810642
Clark St & Elm St,15430.0,5380.0,0.0066036770883219345,0.007025993564294371,20810.0,0.00042231647597243665,1.0639517054471914,41.903017321641414,-87.63152289470456
Kingsbury St & Kinzie St,23207.0,7887.0,0.009932050174250624,0.010300002089514815,31094.0,0.00036795191526419087,1.037046921004407,41.889172621529056,-87.63849963502554
Canal St & Madison St,19899.0,6794.0,0.008516303977998584,0.008872602281750177,26693.0,0.000356298303751593,1.0418371940262907,41.882409,-87.639767
Ashland Ave & Division St,7498.0,2709.0,0.003208967647973938,0.0035378097705712733,10207.0,0.00032884212259733526,1.1024759537008746,41.90318794361149,-87.66894633544676
Orleans St & Merchandise Mart Plaza,12521.0,4344.0,0.005358693507639594,0.005673032721801997,16865.0,0.0003143392141624034,1.0586596630418599,41.888243,-87.63638999999999
Streeter Dr/Grand Ave,1505.0,726.0,0.0006441046025874602,0.0009481173471519913,2231.0,0.0003040127445645311,1.4719920822661228,41.89240100000001,-87.612388
Wood St & Milwaukee Ave,4319.0,1646.0,0.001848430417657967,0.002149588365581512,5965.0,0.00030115794792354503,1.1629262222263694,41.90746150493701,-87.67240429168085
Sheffield Ave & Fullerton Ave,9204.0,3230.0,0.003939095523066434,0.0042182080320949476,12434.0,0.00027911250902851355,1.0708569864673525,41.9256163,-87.65365740000001
Hampden Ct & Diversey Ave,1194.0,603.0,0.0005110039172687226,0.000787485895775001,1797.0,0.00027648197850627847,1.5410554168129162,41.9325593,-87.6423847
St. Clair St & Erie St,11618.0,4013.0,0.004972230746087118,0.005240764344519202,15631.0,0.00026853359843208476,1.0540066537814547,41.89434700980045,-87.62280048612229
LaSalle St & Jackson Blvd,10339.0,3591.0,0.004424848828007808,0.004689654812152618,13930.0,0.0002648059841448107,1.059845191235345,41.878166,-87.631929
Wells St & Randolph St,7612.0,2694.0,0.0032577569667081377,0.0035182205691838353,10306.0,0.00026046360247569764,1.0799517966458656,41.884295,-87.633963
Dearborn St & Monroe St,9934.0,3454.0,0.0042515183535573615,0.004510740106147352,13388.0,0.0002592217525899908,1.0609715565267492,41.881319815,-87.6295209193
Franklin St & Monroe St,13939.0,4764.0,0.005965564156456217,0.006221530360650257,18703.0,0.00025596620419404,1.0429072849731633,41.88031616332084,-87.63518440237203
Morgan St & Polk St,6823.0,2423.0,0.002920083523889861,0.003164308997450792,9246.0,0.00024422547356093074,1.083636439823186,41.871737,-87.65103
Ashland Ave & Grace St,2587.0,1031.0,0.0011071751540822322,0.0013464311086965606,3618.0,0.0002392559546143284,1.216095653552667,41.950771514725965,-87.66872750341331
NAVY PIER,0.0,165.0,0.0,0.00021548121526181622,165.0,0.00021548121526181622,215482.2152618162,41.892278,-87.612043
Daley Center Plaza,13623.0,4626.0,0.005830323588736857,0.006041309707885829,18249.0,0.00021098611914897175,1.036187714069395,41.88424087537072,-87.62963348535213
Ellis Ave & 58th St,5157.0,1851.0,0.002207074708002347,0.002417307451209829,7008.0,0.00021023274320748197,1.0952539790299112,41.788746136093295,-87.60133399414377
Ellis Ave & 60th St,9859.0,3389.0,0.00421942011754802,0.004425853566801788,13248.0,0.00020643344925376853,1.0489245902465718,41.78509714636001,-87.6010727606
State St & 33rd St,3113.0,1174.0,0.00133229078262775,0.0015331814952568013,4287.0,0.00020089071262905126,1.1507858227818712,41.834734,-87.625813
Franklin St & Chicago Ave,6724.0,2355.0,0.0028777138523575297,0.0030755046178277405,9079.0,0.00019779076547021086,1.068731884713377,41.896792266987376,-87.63564033012628
Drexel Ave & 60th St,2454.0,955.0,0.001050254282225666,0.001247179155000209,3409.0,0.00019692487277454297,1.1875019113041034,41.785861,-87.604553
Halsted St & Dickens Ave,5648.0,2000.0,0.002417211159743505,0.002611893518325045,7648.0,0.00019468235858153974,1.0805400377442242,41.919936,-87.64883
Broadway & Barry Ave,8861.0,3052.0,0.003792299590383711,0.003985749508964019,11913.0,0.0001934499185803078,1.0510112302465808,41.93758231600629,-87.6440978050232
Canal St & Jackson Blvd,8161.0,2817.0,0.0034927160542965203,0.003678852020560826,10978.0,0.00018613596626430558,1.0532925981036263,41.878128645697444,-87.63996997065593
Clark St & Newport St,8327.0,2869.0,0.0035637601499971965,0.003746761252037277,11196.0,0.0001830011020400803,1.0513505519415138,41.94454,-87.654678
Wilton Ave & Belmont Ave,10994.0,3742.0,0.004705173422489393,0.004886852772786159,14736.0,0.00018167935029676612,1.0386126706437047,41.940231918108594,-87.65294373035431
Franklin St & Adams St,5256.0,1861.0,0.002249444379534678,0.0024303669188014544,7117.0,0.00018092253926677623,1.0804298432461614,41.879434091400135,-87.63550400733948
Green St & Randolph St*,4633.0,1656.0,0.0019828150324170783,0.002162647833173137,6289.0,0.00017983280075605868,1.0906956559842016,41.8836016120626,-87.64862672558314
Milwaukee Ave & Wabansia Ave,955.0,449.0,0.00040871753851895313,0.0005863700948639726,1404.0,0.00017765255634501946,1.4346574466349569,41.912616,-87.68139430306123
MLK Jr Dr & 29th St,3003.0,1120.0,0.0012852133698140484,0.0014626603702620252,4123.0,0.0001774470004479768,1.138068017768624,41.842052,-87.617
Clinton St & Madison St,18806.0,6298.0,0.008048525685222442,0.008224852689205567,25104.0,0.00017632700398312502,1.0219079852598205,41.88275006331282,-87.64119022354309
Wabash Ave & Adams St,5260.0,1857.0,0.0022511562854551767,0.002425143131764804,7117.0,0.00017398684630962752,1.0772877343727887,41.87947235235,-87.6256886059
State St & Kinzie St,7611.0,2627.0,0.003257328990228013,0.0034307221363199464,10238.0,0.00017339314609193324,1.0532316795080978,41.8893754597427,-87.62707652193124
Wells St & Polk St,5592.0,1965.0,0.00239324447685653,0.0025661853817543568,7557.0,0.0001729409048978267,1.0722620836726622,41.87273154226308,-87.63351649045944
Lincoln Ave & Roscoe St*,4566.0,1627.0,0.001954140608248733,0.002124775377157424,6193.0,0.00017063476890869086,1.0873195515557394,41.9433502470174,-87.67066776752472
Dayton St & North Ave,5997.0,2095.0,0.002566574951306976,0.0027359584604454844,8092.0,0.0001693835091385082,1.065995907525064,41.9105780349,-87.6494219288
Mies van der Rohe Way & Chestnut St,7624.0,2626.0,0.0032628926844696323,0.003429416189560784,10250.0,0.00016652350509115165,1.051035528948967,41.8985866514,-87.6219152258
Delano Ct & Roosevelt Rd,2794.0,1043.0,0.0011957662854680158,0.001362102469806511,3837.0,0.0001663361843384952,1.1391041437242466,41.867491,-87.63219
Rush St & Superior St,7074.0,2444.0,0.0030275056204011252,0.003191733879393205,9518.0,0.00016422825899207972,1.0542453839358807,41.89576474564,-87.6259080327
McClurg Ct & Erie St,8003.0,2743.0,0.0034250957704368397,0.003582211960382799,10746.0,0.00015711618994595925,1.045872044054954,41.89450300000001,-87.617854
Broadway & Belmont Ave,6907.0,2382.0,0.002956033548220324,0.0031107651803251287,9289.0,0.00015473163210480466,1.0523443246622273,41.94010600392988,-87.6454510048789
Western Ave & Winnebago Ave,4131.0,1471.0,0.0017679708393945502,0.0019210476827280706,5602.0,0.00015307684333352046,1.0865833040564392,41.915519999999994,-87.687022
Sheridan Rd & Buena Ave,4575.0,1614.0,0.001957992396569854,0.0021077980692883113,6189.0,0.00014980567271845715,1.0765097946606443,41.958490957783354,-87.65498859932366
N Green St & W Lake St,2950.0,1081.0,0.0012625306163674469,0.0014117284466546869,4031.0,0.00014919783028724,1.1181735398567774,41.885579,-87.648484
Sheffield Ave & Waveland Ave,7272.0,2494.0,0.0031122449634657877,0.003257031217351331,9766.0,0.00014478625388554328,1.0465214689279603,41.949399,-87.654529
LaSalle St & Washington St,4375.0,1541.0,0.0018723971005449424,0.0020124639558694473,5916.0,0.0001400668553245049,1.074806129788179,41.88282761288388,-87.63241016237205
Sangamon St & Washington Blvd,4704.0,1648.0,0.002013201362505922,0.002152200259099837,6352.0,0.00013899889659391498,1.0690436784610649,41.883165,-87.6511
Wilton Ave & Diversey Pkwy*,2672.0,981.0,0.0011435531548928198,0.0012811337707384345,3653.0,0.00013758061584561473,1.1203096637417311,41.932418,-87.652705
Clark St & Wrightwood Ave,8672.0,2946.0,0.0037114120356401695,0.003847319152492791,11618.0,0.00013590711685262154,1.0366186990096562,41.929546,-87.643118
Larrabee St & Kingsbury St,11687.0,3934.0,0.005001761123215712,0.005137594550545363,15621.0,0.00013583342732965097,1.0271571146294982,41.897764,-87.642884
Racine Ave & Fullerton Ave,5395.0,1872.0,0.002308933110271992,0.002444732333152242,7267.0,0.0001357992228802501,1.0588146808850483,41.925566,-87.658416
Sheffield Ave & Wrightwood Ave,6889.0,2360.0,0.002948329971578082,0.003082034351623553,9249.0,0.00013370438004547134,1.0453491759691778,41.928712,-87.653833
Lincoln Ave & Fullerton Ave,8699.0,2953.0,0.0037229674006035323,0.003856460779806929,11652.0,0.0001334933792033967,1.0358567048760758,41.924161029067626,-87.64638036489487
Lake Park Ave & 56th St,3935.0,1389.0,0.001684087449290137,0.0018139600484767438,5324.0,0.00012987259918660686,1.0771174454888932,41.791661314578,-87.58748949571235
Sangamon St & Lake St,5599.0,1934.0,0.0023962403122174017,0.0025257010322203184,7533.0,0.00012946072000291674,1.054026578768529,41.88577925240433,-87.65102460980414
900 W Harrison St,4967.0,1726.0,0.0021257591767786807,0.0022540641063145137,6693.0,0.00012830492953583295,1.0603571987740699,41.874754,-87.649807
Indiana Ave & Roosevelt Rd,10460.0,3525.0,0.00447663398210288,0.004603462326047892,13985.0,0.00012682834394501206,1.0283311783185491,41.86788801019692,-87.6230410031074
Kimbark Ave & 53rd St,7212.0,2459.0,0.003086566374658314,0.003211323080780643,9671.0,0.00012475670612232875,1.0404192395560907,41.7994549,-87.59477789999998
Broadway & Wilson Ave,4977.0,1726.0,0.0021300389415799263,0.0022540641063145137,6703.0,0.00012402516473458735,1.0582266850088236,41.965221,-87.658139
LaSalle St & Adams St,3233.0,1152.0,0.001383647960242697,0.0015044506665552258,4385.0,0.0001208027063125288,1.0873073371813466,41.87934437346,-87.6319852213
Wells St & Hubbard St,12535.0,4198.0,0.005364685178361338,0.005482364494964269,16733.0,0.00011767931660293125,1.021935918092953,41.889906,-87.634266
Clark St & Ida B Wells Dr,4640.0,1608.0,0.0019858108677779504,0.0020999623887333362,6248.0,0.00011415152095538587,1.057483552600135,41.8759326655,-87.6305845355
Western Ave & Division St,2227.0,817.0,0.0009531036212373912,0.0010669585022357808,3044.0,0.00011385488099838951,1.1194568554820084,41.902893,-87.687275
Woodlawn Ave & 58th St,4786.0,1655.0,0.002048295433876136,0.0021613418864139746,6441.0,0.00011304645253783869,1.0551904747126435,41.789381,-87.596479
Franklin St & Lake St,8361.0,2826.0,0.003578311350321432,0.0036906055413932883,11187.0,0.00011229419107185645,1.0313818862296271,41.885836999999995,-87.63549999999998
Bissell St & Armitage Ave*,5736.0,1965.0,0.002454873089994466,0.0025661853817543568,7701.0,0.00011131229175989068,1.0453433812404374,41.9182955629354,-87.65218332409859
Morgan St & 31st St,1791.0,672.0,0.0007665058759030839,0.0008775962221572151,2463.0,0.00011109034625413116,1.1449306584800647,41.8378,-87.65114
Wabash Ave & Grand Ave,11667.0,3908.0,0.004993201593613221,0.005103639934807138,15575.0,0.0001104383411939169,1.0221177368879801,41.891466,-87.62676099999999
Peoria St & Jackson Blvd,7555.0,2560.0,0.0032333623073410376,0.0033432237034560575,10115.0,0.00010986139611501985,1.0339774363943546,41.87764159627531,-87.64961779117584
Morgan St & Lake St*,6533.0,2225.0,0.002795970344653739,0.0029057315391366125,8758.0,0.00010976119448287327,1.0392569096578013,41.88549170626906,-87.65228927135468
Blackstone Ave & 59th St,4831.0,1667.0,0.002067554375481741,0.0021770132475239247,6498.0,0.0001094588720421839,1.0529412045453341,41.787877,-87.590461
Michigan Ave & Madison St,4225.0,1468.0,0.0018082006285262586,0.0019171298424505829,5693.0,0.00010892921392432423,1.0602417408577964,41.882134,-87.625125
Rhodes Ave & 32nd St,1767.0,662.0,0.0007562344403800944,0.0008645367545655899,2429.0,0.00010830231418549544,1.1432124288317687,41.836208000000006,-87.613533
LaSalle St & Illinois St,10678.0,3582.0,0.004569932854770033,0.004677901291320155,14260.0,0.00010796843655012239,1.0236258204125703,41.890762,-87.631697
Emerald Ave & 31st St,1845.0,687.0,0.00078961660582981,0.0008971854235446529,2532.0,0.00010756881771484294,1.1362290011274492,41.83819799627639,-87.64514298911445
Clinton St & Lake St,11303.0,3785.0,0.004837418154847882,0.004943008483430148,15088.0,0.00010559032858226559,1.0218278228952822,41.885637,-87.641823
Ellis Ave & 55th St,9799.0,3289.0,0.004193741528740547,0.004295258890885536,13088.0,0.0001015173621449891,1.0242068656931775,41.79430062054,-87.6014497734
Clark St & Lake St,10779.0,3610.0,0.004613158479262614,0.0047144678005767065,14389.0,0.00010130932131409247,1.0219609406025316,41.88602073203813,-87.63087535800302
State St & Harrison St,3667.0,1279.0,0.0015693897526167552,0.0016703059049688663,4946.0,0.00010091615235211112,1.0643027570946537,41.874053,-87.627716
Morgan Ave & 14th Pl,2527.0,905.0,0.0010814965652747588,0.0011818818170420827,3432.0,0.00010038525176732393,1.0928205989458892,41.86237799999999,-87.651062
Griffin Museum of Science and Industry,2403.0,863.0,0.0010284274817393135,0.0011270320531572568,3266.0,9.860457141794331e-05,1.0958788804168278,41.79172820953,-87.583945009
Fairbanks St & Superior St,3825.0,1329.0,0.0016370100364764353,0.0017356032429269924,5154.0,9.859320645055707e-05,1.0602275759012432,41.895748,-87.620104
Wabash Ave & 16th St,3857.0,1339.0,0.0016507052838404214,0.0017486627105186175,5196.0,9.795742667819611e-05,1.0593427356745109,41.86038402778688,-87.62581300235036
Southport Ave & Roscoe St,7337.0,2477.0,0.003140063434673884,0.003234830122445568,9814.0,9.476668777168426e-05,1.0301798545040133,41.943738999999994,-87.66402
Wabash Ave & Roosevelt Rd,9510.0,3188.0,0.004070056325984549,0.0041633582682101215,12698.0,9.330194222557237e-05,1.0229239872445783,41.867227,-87.625961
Canal St & Adams St,14802.0,4922.0,0.006334907858803711,0.0064278699485979356,19724.0,9.296208979422439e-05,1.0146745741519285,41.879255,-87.639904
Halsted St & Polk St,5859.0,1990.0,0.002507514197049787,0.0025988340507334196,7849.0,9.131985368363276e-05,1.0364184646980705,41.87184,-87.64664
Lincoln Ave & Melrose St,5232.0,1784.0,0.002239172944011689,0.00232980901834594,7016.0,9.063607433425127e-05,1.0404774602601299,41.9406,-87.669435
Green St & Madison St,9950.0,3330.0,0.004258365977239355,0.0043488027080112,13280.0,9.043673077184511e-05,1.0212374206486248,41.88185932803824,-87.64926373958588
Paulina St & Montrose Ave,2420.0,862.0,0.001035703081901431,0.0011257261063980944,3282.0,9.002302449666343e-05,1.0869196386012032,41.961507,-87.67138699999998
Clark St & Winnemac Ave,6622.0,2239.0,0.002834060251384825,0.002924014793764888,8861.0,8.99545423800629e-05,1.031740507491187,41.97334764047304,-87.6678554713726
Lake Park Ave & 35th St,1011.0,400.0,0.00043268422140592844,0.000522378703665009,1411.0,8.969448225908051e-05,1.207297309502819,41.83127423549,-87.6087991946
N Carpenter St & W Lake St,1974.0,713.0,0.000844825571765878,0.0009311400392828785,2687.0,8.631446751700047e-05,1.102168267904481,41.885586,-87.6531893
Ellis Ave & 53rd St,3265.0,1136.0,0.0013973432076066828,0.0014835555184086256,4401.0,8.621231080194278e-05,1.061697261370986,41.79933626261,-87.6009581145
Elston Ave & Cortland St,6714.0,2265.0,0.002873434087556284,0.0029579694095031132,8979.0,8.453532194682917e-05,1.0294196038438168,41.916433431898604,-87.66674637967343
Southport Ave & Irving Park Rd,3588.0,1240.0,0.0015355796106869151,0.0016193739813615278,4828.0,8.379437067461263e-05,1.0545685261271491,41.954177,-87.664358
Aberdeen St & Jackson Blvd,7311.0,2460.0,0.0031289360461906456,0.0032126290275398053,9771.0,8.369298134915971e-05,1.0267480553662953,41.87772613,-87.65478743
Lakeview Ave & Fullerton Pkwy,7583.0,2549.0,0.0032453456487845254,0.0033288582891052697,10132.0,8.351264032074434e-05,1.025733041600355,41.925858,-87.638973
Broadway & Thorndale Ave,3061.0,1067.0,0.001310036005661273,0.0013934451920264114,4128.0,8.340918636513838e-05,1.0636693360604998,41.98974251144,-87.6601406209
Halsted St & Maxwell St,4892.0,1667.0,0.002093660940769339,0.0021770132475239247,6559.0,8.335230675458579e-05,1.039811731364786,41.864883,-87.64707099999998
Throop St & Taylor St,2863.0,1001.0,0.0012252966625966102,0.0013072527059216849,3864.0,8.195604332507465e-05,1.0668866397340513,41.868968,-87.659141
Canal St & Monroe St,6413.0,2164.0,0.002744613167038792,0.0028260687868276986,8577.0,8.145561978890664e-05,1.0296783499725175,41.8829056,-87.6397409
Leavitt St/North Ave,1004.0,391.0,0.0004296883860450565,0.0005106251828325463,1395.0,8.093679678748981e-05,1.1883611730148784,41.910077,-87.68230600000001
Stetson Ave & South Water St,5371.0,1822.0,0.0022986616747490024,0.002379434995194116,7193.0,8.077332044511372e-05,1.0351392665537293,41.886835,-87.62232
Ogden Ave & Chicago Ave,5651.0,1913.0,0.0024184950891838787,0.0024982761502779054,7564.0,7.978106109402666e-05,1.0329878809607456,41.896362458,-87.6540612729
Clark St & Grace St,5005.0,1701.0,0.002142022283023414,0.002221415437335451,6706.0,7.939315431203676e-05,1.0370645617819687,41.95078,-87.659172
Clifton Ave & Armitage Ave,5427.0,1839.0,0.002322628357635978,0.002401636090099879,7266.0,7.900773246390103e-05,1.034016504701515,41.918216,-87.656936
Ashland Ave & Grand Ave,2655.0,929.0,0.0011362775547307021,0.0012132245392619833,3584.0,7.69469845312812e-05,1.067718416589775,41.891072,-87.666611
Clark St & Lunt Ave,2138.0,759.0,0.0009150137145063056,0.0009912135902043545,2897.0,7.61998756980489e-05,1.0832772134589794,42.00901118058077,-87.67411172389984
Archer & Wentworth,363.0,177.0,0.00015535546228521464,0.0002311525763717665,540.0,7.579711408655184e-05,1.4878916072856887,41.8546868,-87.6308531
Lakefront Trail & Wilson Ave,3016.0,1046.0,0.0012907770640556678,0.0013660203100839985,4062.0,7.524324602833075e-05,1.0582929382855437,41.9668559,-87.6430926
Southport Ave & Wellington Ave,5491.0,1856.0,0.0023500188523639495,0.0024238371850056417,7347.0,7.38183326416922e-05,1.0314117910822909,41.93577461766458,-87.66360014677048
Financial Pl & Ida B Wells Dr,5147.0,1743.0,0.0022027949432011015,0.0022762652012202765,6890.0,7.3470258019175e-05,1.0333531838234675,41.8750236280333,-87.6330940425396
Campbell Ave & Fullerton Ave,1166.0,438.0,0.0004990205758252349,0.0005720046805131848,1604.0,7.298410468794994e-05,1.1462544070709884,41.92463247165,-87.6893070063
Lake Park Ave & 47th St,1098.0,415.0,0.00046991817517676496,0.0005419679050524468,1513.0,7.204972987568184e-05,1.1533236643271252,41.809443,-87.591875
Desplaines St & Jackson Blvd,6872.0,2307.0,0.0029410543714159646,0.0030128191733879393,9179.0,7.176480197197471e-05,1.0244010373519161,41.87811890091227,-87.64394760131836
State St & 35th St,1578.0,572.0,0.000675346885636553,0.0007470015462409629,2150.0,7.165466060440992e-05,1.1061003700883307,41.8310363140161,-87.62679755687714
Avondale Ave & Irving Park Rd,1546.0,560.0,0.000661651638272567,0.0007313301851310126,2106.0,6.967854685844556e-05,1.1053098602317393,41.953393,-87.732002
Sheridan Rd & Argyle St,3603.0,1234.0,0.0015419992578887835,0.0016115383008065527,4837.0,6.953904291776914e-05,1.0450966480465949,41.97328682025978,-87.65475958585739
University Ave & 59th St,4055.0,1382.0,0.0017354446269050839,0.001804818421162606,5437.0,6.937379425752213e-05,1.0399746285230729,41.787878,-87.598906
Calumet Ave & 33rd St,2118.0,746.0,0.0009064541849038144,0.0009742362823352417,2864.0,6.778209743142736e-05,1.0747771081905388,41.834805689473676,-87.61795095789473
Kostner Ave & Wrightwood Ave,316.0,155.0,0.00013524056771936041,0.00020242174767019097,471.0,6.718117995083056e-05,1.4967494911789112,41.927957,-87.735952
Eckhart Park,3661.0,1251.0,0.0015668218937360079,0.0016337393957123155,4912.0,6.691750197630763e-05,1.042709040213694,41.89637337,-87.66098386
Cityfront Plaza Dr & Pioneer Ct,6042.0,2031.0,0.002585833892912581,0.0026523778678590832,8073.0,6.654397494650207e-05,1.0257340385996376,41.890573,-87.622072
Clark St & Columbia Ave,1176.0,436.0,0.0005033003406264805,0.0005693927869948597,1612.0,6.609244636837923e-05,1.1313178428774124,42.00445062934,-87.6724024047
Harper Ave & 59th St,1246.0,458.0,0.0005332586942351996,0.0005981236156964352,1704.0,6.486492146123564e-05,1.121638522773158,41.78794281287001,-87.58831517019999
Ritchie Ct & Banks St,5577.0,1877.0,0.0023868248296546614,0.002451262066948055,7454.0,6.443723729339336e-05,1.0269970420517514,41.906866,-87.626217
Jefferson St & Monroe St,3441.0,1177.0,0.0014726670681086051,0.001537099335534289,4618.0,6.443226742568393e-05,1.0437520639042825,41.880329633634624,-87.64274597167967
Elizabeth St & Randolph St,5602.0,1885.0,0.0023975242416577757,0.0024617096410213548,7487.0,6.418539936357912e-05,1.0267715218377422,41.884336,-87.658902
Damen Ave & Lake St,2310.0,806.0,0.0009886256690877296,0.001052593087884993,3116.0,6.396741879726342e-05,1.0647033109639763,41.8849659,-87.6768354
State St & Randolph St,6627.0,2220.0,0.0028362001337854477,0.0028992018053408,8847.0,6.300167155535216e-05,1.0222134004548769,41.88462107257936,-87.62783423066139
LaSalle St & Washington St Corral,296.0,145.0,0.00012668103811686924,0.00018936228007856575,441.0,6.26812419616965e-05,1.4947918654724401,41.88288,-87.63251
Ravenswood Ave & Berteau Ave,2192.0,766.0,0.0009381244444330318,0.0010003552175184922,2958.0,6.223077308546048e-05,1.0663352363532475,41.957921,-87.673567
Ogden Ave & Race Ave,4164.0,1412.0,0.0017820940632386607,0.0018439968239374817,5576.0,6.190276069882096e-05,1.0347359475797677,41.891795,-87.658751
Walsh Park,3118.0,1069.0,0.0013344306650283726,0.0013960570855447365,4187.0,6.162642051636387e-05,1.046181773208337,41.91461,-87.667968
Wentworth Ave & 35th St,922.0,349.0,0.0003945943146748427,0.0004557754189477203,1271.0,6.11811042728776e-05,1.1550477210386862,41.830777,-87.632504
Broadway & Argyle St,3181.0,1089.0,0.00136139318327622,0.0014221760207279869,4270.0,6.07828374517669e-05,1.044647493134936,41.97423,-87.65977350000001
Sheridan Rd & Irving Park Rd,7121.0,2380.0,0.0030476205149669797,0.0031081532868068034,9501.0,6.0532771839823685e-05,1.0198622996794533,41.954245,-87.654406
Talman Ave & Addison St,1538.0,550.0,0.0006582278264315706,0.0007182707175393873,2088.0,6.004289110781672e-05,1.0912188720650915,41.9466358306,-87.69461475800001
Damen Ave & Grand Ave,2446.0,847.0,0.0010468304703846695,0.0011061369050106564,3293.0,5.9306434625986965e-05,1.0566532783010374,41.89239445296271,-87.67688512802124
Clark St & North Ave,4977.0,1676.0,0.0021300389415799263,0.0021887667683563876,6653.0,5.872782677646127e-05,1.0275712326468869,41.911974,-87.631942
W Armitage Ave & N Sheffield Ave,2015.0,705.0,0.0008623726074509849,0.0009206924652095783,2720.0,5.8319857758593356e-05,1.0676271366084311,41.917805,-87.653449
Wells St & Elm St,13617.0,4507.0,0.00582775572985611,0.0058859020435454885,18124.0,5.814631368937853e-05,1.0099774778503519,41.903222,-87.634324
Honore St & Division St,5252.0,1765.0,0.00224773247361418,0.002304996029921852,7017.0,5.726355630767191e-05,1.0254761327265356,41.903119,-87.673935
Milwaukee Ave & Ainslie St,959.0,358.0,0.0004104294444394514,0.000467528939780183,1317.0,5.709949534073161e-05,1.1391210036056552,41.96861,-87.76108
Morgan St & 18th St,2693.0,926.0,0.0011525406609754355,0.0012093066989844958,3619.0,5.676603800906029e-05,1.0492529163423188,41.858086,-87.651073
Indiana Ave & 31st St,1082.0,398.0,0.00046307055149477205,0.000519766810146684,1480.0,5.6696258651911914e-05,1.1224352013612133,41.838842,-87.621857
California Ave & Altgeld St,1595.0,566.0,0.0006826224857986704,0.0007391658656859877,2161.0,5.6543379887317286e-05,1.0828324560517595,41.92669,-87.697668
Rush St & Hubbard St,5529.0,1855.0,0.002366281958608683,0.0024225312382464793,7384.0,5.6249279637796395e-05,1.0237711552767423,41.890173,-87.626185
Clark/Eddy,377.0,166.0,0.00016134713300695847,0.00021678716202097872,543.0,5.544002901402024e-05,1.3436050233790389,41.94659999999999,-87.65610000000001
California Ave & Fletcher St,1589.0,563.0,0.0006800546269179231,0.0007352480254085002,2152.0,5.5193398490577055e-05,1.0811601232397985,41.93842879148,-87.698007756
Western Ave & Walton St,3108.0,1060.0,0.0013301509002271272,0.0013843035647122738,4168.0,5.4152664485146614e-05,1.040711639381863,41.89841768945,-87.6865960164
Wentworth Ave & 33rd St,911.0,339.0,0.0003898865733934726,0.00044271595135609513,1250.0,5.282937796262252e-05,1.135499004245789,41.83452988563,-87.6318229814
St. Louis Ave & Fullerton Ave,1533.0,542.0,0.0006560879440309478,0.0007078231434660872,2075.0,5.173519943513943e-05,1.078853941841,41.92481559681187,-87.71449506282805
Western Ave & Grace St,841.0,315.0,0.0003599282197847535,0.0004113732291361946,1156.0,5.144500935144107e-05,1.142930905643633,41.95037092929293,-87.68816057777777
DuSable Lake Shore Dr & Belmont Ave,8038.0,2673.0,0.0034400749472411995,0.0034907956872414227,10711.0,5.072074000022318e-05,1.0147440756477772,41.940775,-87.639192
Sheridan Rd & Lawrence Ave,2558.0,877.0,0.00109476383615862,0.0011453153077855321,3435.0,5.055147162691203e-05,1.04617564426374,41.969516999999996,-87.654691
Leavitt St & Lawrence Ave,1808.0,631.0,0.0007737814760652013,0.0008240524050315516,2439.0,5.027092896635029e-05,1.0649677790869412,41.968885,-87.684001
Franklin St & Jackson Blvd,9098.0,3020.0,0.0038937300161732314,0.003943959212670818,12118.0,5.022919649758659e-05,1.0129000170502154,41.87770795589999,-87.6353211408
Green St & Washington Blvd,3698.0,1250.0,0.0015826570235006165,0.001632433448953153,4948.0,4.9776425452536556e-05,1.031451156670244,41.883181305753524,-87.64872461685994
Loomis St & Lexington St,6931.0,2309.0,0.0029663049837433133,0.0030154310669062642,9240.0,4.912608316295095e-05,1.0165613673815797,41.87222873224032,-87.66136385500431
Greenview Ave & Fullerton Ave,4261.0,1434.0,0.0018236077818107428,0.0018727276526390572,5695.0,4.9119870828314436e-05,1.0269355309747636,41.92533,-87.6658
Leavitt St & Armitage Ave,2618.0,895.0,0.0011204424249660935,0.0011688223494504576,3513.0,4.837992448436415e-05,1.0431792658213226,41.917805,-87.68243699999998
Kedzie Ave & Milwaukee Ave,5166.0,1730.0,0.002210926496323468,0.002259287893351164,6896.0,4.836139702769568e-05,1.021873805047029,41.929083085060974,-87.70802510914633
LaSalle St & Washington St Corral N,322.0,142.0,0.00013780842660010776,0.0001854444398010782,464.0,4.7636013200970444e-05,1.3456658544788778,41.88288,-87.63251
Artesian Ave & Hubbard St,3008.0,1022.0,0.0012873532522146712,0.001334677587864098,4030.0,4.732433564942672e-05,1.036760926969413,41.8895,-87.688257
Spaulding Ave & Armitage Ave,2668.0,910.0,0.0011418412489723215,0.0011884115508378954,3578.0,4.657030186557389e-05,1.040785232730255,41.91710803478932,-87.71022096276283
Francisco Ave & Chicago Ave,1026.0,371.0,0.0004391038686077968,0.0004845062476492958,1397.0,4.540237904149903e-05,1.1033975760402053,41.895745,-87.698653
Normal Ave & Archer Ave,481.0,192.0,0.00020585668693991253,0.00025074177775920433,673.0,4.48850908192918e-05,1.2180394207596108,41.849526999999995,-87.640591
Wells St & Randolph St Corral,751.0,280.0,0.0003214103365735433,0.0003656650925655063,1031.0,4.4254755991963014e-05,1.1376888458999235,41.88438,-87.63396
Noble St & Milwaukee Ave,3824.0,1287.0,0.0016365820599963108,0.0016807534790421665,5111.0,4.417141904585571e-05,1.0269900258199882,41.9007,-87.66260699999998
Michigan Ave & 14th St,5449.0,1819.0,0.002332043840198718,0.0023755171549166283,7268.0,4.347331471791019e-05,1.0186417147597409,41.864059,-87.623727
Wentworth Ave & 24th St,830.0,305.0,0.00035522047850338335,0.00039831376154456934,1135.0,4.309328304118599e-05,1.1213138440354067,41.85008369347577,-87.6321405172348
Leavitt St & Addison St,1294.0,457.0,0.0005538015652811785,0.0005968176689372728,1751.0,4.301610365609434e-05,1.0776740780069411,41.946655,-87.683359
Clinton St & Roosevelt Rd,2976.0,1008.0,0.0012736580048506854,0.0013163943332358226,3984.0,4.273632838513726e-05,1.033553979693448,41.8671177825,-87.6410879593
Dearborn St & Adams St,6727.0,2237.0,0.0028789977817979037,0.0029214029002465627,8964.0,4.2405118448659e-05,1.014729119969331,41.87936394102892,-87.62977936980188
Clark St & Chicago Ave,5931.0,1976.0,0.002538328503618755,0.0025805507961051445,7907.0,4.2222292486389455e-05,1.0166338895033902,41.89675,-87.63089
Racine Ave & Wrightwood Ave,3159.0,1067.0,0.0013519777007134795,0.0013934451920264114,4226.0,4.1467491312931854e-05,1.0306717045845828,41.928887,-87.658971
Peterson/Ridge Metra,2010.0,690.0,0.0008602327250503621,0.0009011032638221405,2700.0,4.087053877177831e-05,1.047510970078958,41.9918,-87.67488999999999
Elizabeth St & Fulton St,4303.0,1441.0,0.0018415827939759742,0.001881869279953195,5744.0,4.028648597722076e-05,1.021875999402798,41.88678352528257,-87.65919419155264
Addison/Racine,110.0,66.0,4.707741281370141e-05,8.619248610472648e-05,176.0,3.9115073291025064e-05,1.830849447831029,41.94729999999999,-87.6592
Ogden Ave & Congress Pkwy,1581.0,548.0,0.0006766308150769266,0.0007156588240210623,2129.0,3.902800894413567e-05,1.0576798312974665,41.87501,-87.67328
Pine Grove Ave & Waveland Ave,8215.0,2722.0,0.0035158267842232463,0.0035547870784403864,10937.0,3.896029421714001e-05,1.0110814000594592,41.94947274088333,-87.64645278453827
Francisco Ave & Foster Ave,1252.0,440.0,0.0005358265531159469,0.0005746165740315098,1692.0,3.879002091556293e-05,1.0723927328671157,41.97563272521,-87.7014194389
Milwaukee Ave & Cuyler Ave,337.0,140.0,0.00014422807380197613,0.00018283254628275315,477.0,3.860447248077702e-05,1.2676608222124497,41.95446799999999,-87.749594
Lockwood Ave & Wrightwood Ave,218.0,101.0,9.329887266715371e-05,0.00013190062267541476,319.0,3.8601750008261055e-05,1.413738506867768,41.927766,-87.758544
Halsted St & North Branch St,633.0,237.0,0.0002709091119188454,0.0003095093819215178,870.0,3.860027000267242e-05,1.1424836811341896,41.89939028549696,-87.64854490756989
Western Ave & Fillmore St,1131.0,400.0,0.0004840413990208754,0.000522378703665009,1531.0,3.833730464413354e-05,1.079202368886863,41.86856584535612,-87.68623408677644
Aberdeen St & Randolph St,6340.0,2107.0,0.0027133708839896993,0.002751629821555435,8447.0,3.825893756573577e-05,1.014100145207328,41.88411416441933,-87.65426402007539
Clark St & Montrose Ave,3622.0,1216.0,0.00155013081101115,0.0015880312591416274,4838.0,3.790044813047739e-05,1.0244498228223282,41.961588,-87.666036
Wallace St & 35th St,629.0,235.0,0.00026919720599834717,0.00030689748840319277,864.0,3.77002824048456e-05,1.1400465588729707,41.83070705144085,-87.64125533401966
California Ave & Byron St,1277.0,447.0,0.0005465259651190609,0.0005837582013456475,1724.0,3.7232236226586576e-05,1.0681251586890603,41.95216219326,-87.698051113
Virginia Ave & Catalpa Ave,176.0,86.0,7.532386050192225e-05,0.00011231142128797693,262.0,3.698756078605468e-05,1.4910405480951507,41.9812456,-87.7048924
Meade Ave & Fullerton Ave,104.0,62.0,4.450955393295406e-05,8.096869906807639e-05,166.0,3.645914513512233e-05,1.8191123658007151,41.924751,-87.778272
Christiana Ave & Lawrence Ave,1033.0,366.0,0.0004420997039686687,0.0004779765138534832,1399.0,3.587680988481455e-05,1.0811507639837576,41.96835449363001,-87.7118306675
Albany Ave & Montrose Ave,1146.0,403.0,0.0004904610462227438,0.0005262965439424965,1549.0,3.5835497719752685e-05,1.0730647722810298,41.96104100000001,-87.705866
Waveland/Racine,124.0,68.0,5.306908353544523e-05,8.880437962305153e-05,192.0,3.57352960876063e-05,1.673360464257398,41.9491,-87.6593
Sedgwick St & North Ave,6105.0,2028.0,0.0026127964111604283,0.0026484600275815955,8133.0,3.566361642116716e-05,1.0136495911504015,41.910983,-87.638525
Ashland Ave & Blackhawk St,3979.0,1331.0,0.0017029184144156174,0.0017382151364453175,5310.0,3.5296722029700116e-05,1.020727182819636,41.907066,-87.667252
Narragansett Ave & Wrightwood Ave,211.0,96.0,9.03030373062818e-05,0.00012537088887960217,307.0,3.506785157332037e-05,1.3883309386753293,41.927290000000006,-87.78523
LaSalle St & Jackson Blvd Corral,857.0,307.0,0.00036677584346674644,0.0004009256550628944,1164.0,3.4149811596147954e-05,1.0931078725509673,41.87816,-87.63204
Mies van der Rohe Way & Chicago Ave,6948.0,2303.0,0.002973580583905431,0.003007595386351289,9251.0,3.4014802445858205e-05,1.0114390009105396,41.89694462637082,-87.62175768613815
Sheridan Rd & Montrose Ave,6176.0,2050.0,0.002643182741249272,0.002677190856283171,8226.0,3.400811503389894e-05,1.0128663454239566,41.96167,-87.65464
Dearborn St & Erie St,12075.0,3983.0,0.005167815997504041,0.005201585941744327,16058.0,3.376994424028612e-05,1.0065346633320407,41.893992,-87.629318
Western Ave & Granville Ave,791.0,284.0,0.0003385293957785256,0.0003708888796021564,1075.0,3.2359483823630824e-05,1.09558811919743,41.99416136902,-87.689438282
Oak Park & Wellington,135.0,69.0,5.777682481681537e-05,9.011032638221405e-05,204.0,3.233350156539868e-05,1.5596178407185122,41.934586,-87.7959613
Public Rack - Washtenaw Ave & Superior St,303.0,124.0,0.00012967687347774116,0.00016193739813615278,427.0,3.2260524658411625e-05,1.2487743189585003,41.894738,-87.69520399999999
Sheridan Rd & Columbia Ave,1497.0,515.0,0.0006406807907464638,0.0006725625809686991,2012.0,3.188179022223529e-05,1.0497622855569058,42.004583,-87.661406
California Ave & North Ave,1842.0,628.0,0.0007883326763894363,0.0008201345647540641,2470.0,3.180188836462777e-05,1.040340644218423,41.910044,-87.697167
Troy St & Elston Ave,1241.0,431.0,0.0005311188118345768,0.0005628630531990472,1672.0,3.17442413644704e-05,1.0597685129741639,41.94524356848,-87.7066499009
Leavitt St & Belmont Ave,2261.0,764.0,0.0009676548215616262,0.0009977433240001671,3025.0,3.0088502438540914e-05,1.0310942194198587,41.939354,-87.683282
Racine Ave & 35th St,446.0,169.0,0.000190877510135553,0.0002207050022984663,615.0,2.98274921629133e-05,1.1562642758565709,41.83068856472101,-87.65621066093445
Troy St & Grace St,490.0,183.0,0.00020970847526103356,0.0002389882569267416,673.0,2.9279781665708047e-05,1.1396206901441261,41.950244,-87.706489
Greenview Ave & Diversey Pkwy,2956.0,991.0,0.0012650984752481942,0.0012941932383300598,3947.0,2.9094763081865616e-05,1.0229980042290014,41.93258963429789,-87.66593635082245
Clark St & Elmdale Ave,1358.0,467.0,0.0005811920600091501,0.000609877136528898,1825.0,2.868507651974787e-05,1.0493555042093865,41.99086044812557,-87.66972362995148
Kedzie Ave & Palmer Ct,2176.0,735.0,0.0009312768207510388,0.000959870867984454,2911.0,2.8594047233415154e-05,1.0307040998897141,41.921525,-87.707322
Edgebrook Metra,211.0,91.0,9.03030373062818e-05,0.00011884115508378954,302.0,2.8538117777507748e-05,1.316022612374636,41.99751,-87.76539
Racine Ave & 18th St,3150.0,1054.0,0.0013481259123923586,0.0013764678841572987,4204.0,2.8341971764940087e-05,1.021023222297851,41.8583996,-87.6564226
Canal St & Harrison St,1838.0,624.0,0.0007866207704689381,0.000814910777717414,2462.0,2.8290007248475842e-05,1.0359639261339169,41.874255,-87.639573
Eastlake Ter & Howard St,743.0,265.0,0.0003179865247325468,0.00034607589117806846,1008.0,2.808936644552168e-05,1.0883348064335137,42.01920250193227,-87.66430288553238
Western Ave & Lake St,244.0,101.0,0.00010442626115039222,0.00013190062267541476,345.0,2.747436152502254e-05,1.2630956823185757,41.884761555555556,-87.68648361002178
Broadway & Sheridan Rd,6768.0,2239.0,0.0028965448174830106,0.002924014793764888,9007.0,2.7469976281877407e-05,1.009483701626977,41.952833,-87.649993
Warren Park West,585.0,212.0,0.0002503662408728666,0.0002768607129424548,797.0,2.649447206958818e-05,1.1058224389789149,42.001785,-87.688829
Calumet Ave & 51st St,335.0,130.0,0.00014337212084172701,0.00016977307869112793,465.0,2.6400957849400915e-05,1.1841416138143883,41.80229465088,-87.6180535802
Campbell Ave & North Ave,2938.0,983.0,0.0012573948986059522,0.0012837456642567596,3921.0,2.6350765650807366e-05,1.0209566181025578,41.910535,-87.689556
Karlov Ave & Armitage Ave,553.0,201.0,0.00023667099350888074,0.00026249529859166703,754.0,2.5824305082786293e-05,1.1091143261182583,41.91748,-87.72895199999999
Clarendon Ave & Gordon Ter,6895.0,2279.0,0.0029508978304588294,0.0029762526641313887,9174.0,2.5354833672559373e-05,1.0085922409168522,41.95786652415175,-87.64950513839722
Laramie Ave & Bloomingdale Ave,124.0,60.0,5.306908353544523e-05,7.835680554975135e-05,184.0,2.5287722014306128e-05,1.4764967441103911,41.91432,-87.75572
Halsted St & 18th St,2184.0,735.0,0.0009347006325920353,0.000959870867984454,2919.0,2.5170235392418697e-05,1.026928631035573,41.85750568031716,-87.64599144458771
Clark St & Schiller St,7393.0,2442.0,0.0031640301175608595,0.00318912198587488,9835.0,2.50918683140206e-05,1.0079303481482078,41.907993,-87.631501
Kenneth Ave & Lawrence Ave,311.0,121.0,0.00013310068531873761,0.0001580195578586652,432.0,2.4918872539927593e-05,1.1872168070618683,41.967943,-87.739983
Leavitt St & Archer Ave,525.0,191.0,0.0002246876520653931,0.0002494358310000418,716.0,2.4748178934648674e-05,1.1101443206283779,41.82879201994,-87.6806044594
Jeffery Blvd & 67th St,226.0,93.0,9.672268450815017e-05,0.00012145304860211459,319.0,2.4730364093964425e-05,1.2556805421518096,41.77351755125,-87.5771428255
Racine Ave & 15th St,1622.0,550.0,0.0006941778507620336,0.0007182707175393873,2172.0,2.409286677735375e-05,1.03470700202247,41.861267,-87.656625
Portage Park,188.0,80.0,8.045957826341695e-05,0.0001044757407330018,268.0,2.4016162469584846e-05,1.2984835926850937,41.95607,-87.76471999999998
Bernard St & Peterson Ave,118.0,57.0,5.0501224654697876e-05,7.443896527226378e-05,175.0,2.3937740617565903e-05,1.4739937850507965,41.9904393,-87.715236
Public Rack - Washtenaw Ave & Devon Ave,106.0,53.0,4.5365506893203176e-05,6.92151782356137e-05,159.0,2.3849671342410518e-05,1.5257109920002168,41.997764,-87.697221
Pine Grove Ave & Irving Park Rd,6743.0,2228.0,0.0028858454054798964,0.0029096493794141002,8971.0,2.3803973934203877e-05,1.0082485242073185,41.95436725508892,-87.64794502215663
MLK Jr Dr & 47th St,311.0,120.0,0.00013310068531873761,0.0001567136110995027,431.0,2.3612925780765095e-05,1.1774051600039428,41.809851,-87.616279
Midway Orange Line,275.0,108.0,0.00011769353203425353,0.00014104224998955244,383.0,2.3348717955298912e-05,1.1983840502335619,41.78692,-87.73892
Drake Ave & Montrose Ave,722.0,254.0,0.00030899901864993106,0.0003317104768272807,976.0,2.271145817734965e-05,1.0734998602154768,41.96115407569,-87.7165690733
Wood St & Webster Ave,1425.0,484.0,0.0006098664841774955,0.0006320782314346608,1909.0,2.221174725716528e-05,1.0364206124009405,41.92105672992757,-87.67279744148254
Cottage Grove Ave & 47th St,310.0,118.0,0.00013267270883861307,0.00015410171758117766,428.0,2.142900874256459e-05,1.1615166179505185,41.809855,-87.606755
Damen Ave & Clybourn Ave,2083.0,699.0,0.0008914750080994549,0.0009128567846546032,2782.0,2.1381776555148314e-05,1.0239846909629484,41.931931,-87.677856
Prairie Ave & Garfield Blvd,777.0,271.0,0.0003325377250567818,0.0003539115717330436,1048.0,2.1373846676261802e-05,1.0642747597971098,41.794852999999996,-87.618691
Public Rack - Milwaukee Ave & Higgins Ave,51.0,33.0,2.1826800486352474e-05,4.309624305236324e-05,84.0,2.1269442566010765e-05,1.9744198724607727,41.9685964,-87.7612092
Public Rack - Monticello Ave & Belmont Ave,155.0,67.0,6.633635441930654e-05,8.7498432863889e-05,222.0,2.1162078444582466e-05,1.3190069702029532,41.939472,-87.718423
Dorchester Ave & 49th St,570.0,203.0,0.00024394659367099822,0.0002651071921099921,773.0,2.1160598438993856e-05,1.0867423946289558,41.805772,-87.592464
Wolcott Ave & Polk St,4806.0,1591.0,0.002056854963478627,0.0020777612938275734,6397.0,2.0906330348946338e-05,1.0101642169992249,41.871262,-87.673688
Central St Metra,617.0,218.0,0.0002640614882368525,0.00028469639349742987,835.0,2.063490526057739e-05,1.0781440234027817,42.063598,-87.69873
Public Rack - Spaulding Ave & Evergreen Ave,199.0,81.0,8.51673195447871e-05,0.00010578168749216432,280.0,2.0614367947377227e-05,1.242042675698642,41.905317,-87.70952099999998
Cottage Grove Ave & 51st St,370.0,137.0,0.00015835129764608656,0.00017891470600526558,507.0,2.0563408359179018e-05,1.1298586042946956,41.803038,-87.606615
Wood St & 33rd St,123.0,56.0,5.264110705532067e-05,7.313301851310126e-05,179.0,2.0491911457780586e-05,1.3892684507526645,41.83427,-87.6706
Hermitage Ave & Polk St,3620.0,1202.0,0.001549274858050901,0.001569748004513352,4822.0,2.0473146462451127e-05,1.01321465532175,41.871514,-87.669886
Emerald Ave & 28th St,822.0,285.0,0.0003517966666623869,0.0003721948263613189,1107.0,2.0398159698932006e-05,1.0579826463673156,41.84358000000001,-87.64536800000002
Budlong Woods Library,328.0,123.0,0.00014037628548085513,0.00016063145137699026,451.0,2.025516589613513e-05,1.1442909073697507,41.98366470886,-87.6964225611
Walden Pkwy & 100th St,148.0,64.0,6.334051905843462e-05,8.358059258640144e-05,212.0,2.024007352796682e-05,1.3195388084913893,41.71216410359803,-87.66773343086243
Lavergne Ave & Division St,57.0,34.0,2.439465936709982e-05,4.440218981152576e-05,91.0,2.0007530444425943e-05,1.8201266521784716,41.9021077,-87.7508698
Public Rack - Karlov Ave & Kamerling Ave,51.0,32.0,2.1826800486352474e-05,4.179029629320072e-05,83.0,1.9963495806848247e-05,1.914590355511548,41.90562099999999,-87.72863600000001
Bosworth Ave & Howard St,384.0,141.0,0.0001643429683678304,0.00018413849304191568,525.0,1.979552467408529e-05,1.12045178700918,42.019537,-87.669563
Marshfield Ave & 44th St,125.0,56.0,5.3497060015569784e-05,7.313301851310126e-05,181.0,1.963595849753147e-05,1.367040571037842,41.81388181322957,-87.6664333618677
MLK Jr Dr & 56th St,86.0,43.0,3.680597729071201e-05,5.6155710643988466e-05,129.0,1.9349733353276455e-05,1.5257082971102662,41.79342945658,-87.6158532619
California Ave & 71st St,71.0,38.0,3.038633008884364e-05,4.9625976848175855e-05,109.0,1.9239646759332217e-05,1.6331469959052387,41.764748,-87.693121
DuSable Museum,303.0,114.0,0.00012967687347774116,0.00014887793054452756,417.0,1.9201057066786404e-05,1.1480673344792487,41.79156801058,-87.6078521774
Lamon Ave & Armitage Ave,62.0,35.0,2.6534541767722613e-05,4.570813657068829e-05,97.0,1.9173594802965674e-05,1.7225627790380416,41.91676,-87.749458
Lamon Ave & Belmont Ave,108.0,50.0,4.622145985345229e-05,6.529733795812612e-05,158.0,1.907587810467383e-05,1.4126971642174313,41.9390108,-87.7492834
Clark St & Wellington Ave,6776.0,2235.0,0.0028999686293240067,0.0029187910067282378,9011.0,1.8822377404231067e-05,1.0064905429401405,41.9364968219,-87.6475386582
Wood St & Hubbard St,2324.0,776.0,0.0009946173398094735,0.0010134146851101175,3100.0,1.8797345300644065e-05,1.018899053584961,41.889715,-87.671966
Racine Ave & 13th St,658.0,230.0,0.00028160852392195934,0.00030036775460738017,888.0,1.8759230685420826e-05,1.0666143332944218,41.865054,-87.656959
Komensky Ave & 31st St,109.0,50.0,4.6649436333576855e-05,6.529733795812612e-05,159.0,1.8647901624549265e-05,1.3997369175972179,41.836708,-87.725641
Field Blvd & South Water St,6322.0,2086.0,0.0027056673073474575,0.002724204939613022,8408.0,1.853763226556445e-05,1.0068514060704425,41.88634906269,-87.6175165471
W Washington Blvd & N Peoria St,503.0,179.0,0.00021527216950265282,0.0002337644698900915,682.0,1.849230038743869e-05,1.0859015567530388,41.883043,-87.649931
Hoyne Ave & Balmoral Ave,1053.0,359.0,0.0004506592335711599,0.0004688348865393456,1412.0,1.81756529681857e-05,1.0403311666178234,41.979851,-87.681932
Kostner Ave & Devon Ave,101.0,47.0,4.322562449258038e-05,6.137949768063856e-05,148.0,1.8153873188058176e-05,1.4199697154510453,41.997032,-87.73837
Sacramento Blvd & Fulton Ave,150.0,63.0,6.419647201868374e-05,8.227464582723892e-05,213.0,1.807817380855518e-05,1.2816025809130582,41.886528,-87.70167
Mason Ave & Montrose Ave,132.0,57.0,5.649289537644169e-05,7.443896527226378e-05,189.0,1.794606989582209e-05,1.317663878127719,41.96056,-87.77588
Lavergne Ave & Fullerton Ave,160.0,66.0,6.847623681992932e-05,8.619248610472648e-05,226.0,1.7716249284797155e-05,1.2587173505757039,41.924034,-87.751191
California Ave & Division St,1750.0,587.0,0.000748958840217977,0.0007665907476284006,2337.0,1.763190741042365e-05,1.023541859607976,41.903029000000004,-87.697474
Central Park Ave & Elbridge Ave,1534.0,516.0,0.0006565159205110724,0.0006738685277278616,2050.0,1.7352607216789212e-05,1.0264313175710398,41.93533728263,-87.71688929350002
Long & Irving Park,167.0,68.0,7.147207218080124e-05,8.880437962305153e-05,235.0,1.733230744225029e-05,1.242501223375508,41.953038,-87.7621632
Kedzie Ave & 52nd St,39.0,26.0,1.6691082724857773e-05,3.3954615738225585e-05,65.0,1.726353301336781e-05,2.0342348104744916,41.79906,-87.70342
Western Ave & Roscoe St,1446.0,487.0,0.0006188539902601113,0.0006359960717121485,1933.0,1.714208145203722e-05,1.0276996739491948,41.943034000000004,-87.687288
Paulina St & Howard St,1184.0,401.0,0.000506724152467477,0.0005236846504241715,1585.0,1.6960497956694542e-05,1.0334708034012248,42.019159,-87.673573
Campbell Ave & Montrose Ave,1813.0,607.0,0.0007759213584658241,0.0007927096828116511,2420.0,1.6788324345827e-05,1.0216366034083892,41.96152399999999,-87.69117699999998
Public Rack - Woodlawn Ave & 63rd St N,263.0,99.0,0.00011255781427275883,0.00012928872915708971,362.0,1.673091488433089e-05,1.1486415345828678,41.78062099999999,-87.596033
Oakley Ave & Irving Park Rd,1212.0,410.0,0.0005187074939109646,0.0005354381712566343,1622.0,1.6730677345669635e-05,1.0322544888739404,41.95434085219,-87.6860796243
Public Rack - Milwaukee Ave & Haussen Ct,196.0,77.0,8.388339010441342e-05,0.00010055790045551424,273.0,1.6674510351100813e-05,1.198779657697285,41.937752,-87.721623
Damen Ave & 81st St,59.0,32.0,2.5250612327348938e-05,4.179029629320072e-05,91.0,1.6539683965851782e-05,1.6549951643261356,41.746534000000004,-87.67305500000002
Lincoln Ave & Balmoral Ave,410.0,147.0,0.0001754703568510689,0.0001919741735968908,557.0,1.6503816745821895e-05,1.0940541923308287,41.979461,-87.693013
Glenwood Ave & Morse Ave,2238.0,746.0,0.0009578113625187615,0.0009742362823352417,2984.0,1.642491981648027e-05,1.0171483689908611,42.00797192287,-87.6655023944
Wolcott Ave & Fargo Ave,276.0,103.0,0.00011812150851437808,0.00013451251619373981,379.0,1.639100767936173e-05,1.138762780146737,42.016977,-87.677725
Halsted St & 59th St,29.0,22.0,1.241131792361219e-05,2.8730828701575495e-05,51.0,1.6319510777963305e-05,2.314783498005508,41.787539,-87.644874
Grace St & Central Ave,81.0,39.0,3.466609489008922e-05,5.0931923607338374e-05,120.0,1.6265828717249156e-05,1.4692008017637297,41.9495327,-87.7672648
Logan Blvd & Elston Ave,2571.0,855.0,0.0011003275304002393,0.0011165844790839566,3426.0,1.6256948683717387e-05,1.0147746316073474,41.929465,-87.684158
Halsted St & Roosevelt Rd,3319.0,1100.0,0.0014204539375334089,0.0014365414350787746,4419.0,1.6087497545365717e-05,1.0113255951458069,41.867324,-87.648625
21st St & Pulaski Rd,36.0,24.0,1.5407153284484098e-05,3.134272221990054e-05,60.0,1.5935568935416444e-05,2.034229647200061,41.85357638068863,-87.72469529380317
State St & 29th St,253.0,95.0,0.00010827804947151324,0.00012406494212043964,348.0,1.5786892648926402e-05,1.1457982197477612,41.84170699999999,-87.626938
Kilbourn Ave & Belden Ave,342.0,124.0,0.00014636795620259893,0.00016193739813615278,466.0,1.5569441933553852e-05,1.1063712028662906,41.922369,-87.739024
Kilpatrick Ave & Parker Ave,92.0,42.0,3.937383617145936e-05,5.484976388482594e-05,134.0,1.547592771336658e-05,1.3930410693260034,41.930736,-87.744082
Bernard St & Elston Ave,562.0,196.0,0.00024052278183000174,0.0002559655647958544,758.0,1.544278296585264e-05,1.064204806894178,41.949923,-87.713949
Public Rack - Jensen Park,144.0,59.0,6.162861313793639e-05,7.705085879058883e-05,203.0,1.5422245652652438e-05,1.2502408317594842,41.964864,-87.720774
Dearborn St & Van Buren St,3223.0,1068.0,0.0013793681954414514,0.001394751138785574,4291.0,1.5382943344122635e-05,1.0111521580987601,41.876268,-87.629155
Springfield Ave & North Ave,291.0,107.0,0.00012454115571624647,0.0001397363032303899,398.0,1.5195147514143444e-05,1.1220080656766827,41.910158,-87.723831
Lincoln Ave & Byron St,2247.0,748.0,0.0009616631508398824,0.0009768481758535667,2995.0,1.5185025013684291e-05,1.0157903619474866,41.952372,-87.677296
Commercial Ave & 83rd St,63.0,32.0,2.696251824784717e-05,4.179029629320072e-05,95.0,1.482777804535355e-05,1.5499200033562919,41.744615,-87.551208
Kedzie Ave & Bryn Mawr Ave,469.0,165.0,0.00020072096917841782,0.00021548121526181622,634.0,1.4760246083398397e-05,1.0735357775923287,41.982229759115164,-87.70888656377792
Vincennes Ave & 107th St,36.0,23.0,1.5407153284484098e-05,3.0036775460738017e-05,59.0,1.4629622176253919e-05,1.949472782762737,41.69922,-87.65869
Michigan Ave & Washington St,12242.0,4023.0,0.005239288069684842,0.005253823812110828,16265.0,1.4535742425985688e-05,1.0027743730557055,41.88398406449815,-87.62468397185215
California Ave & Cortez St,2810.0,932.0,0.0012026139091500087,0.0012171423795394709,3742.0,1.452847038946217e-05,1.0120807336404392,41.900363,-87.696704
Leavitt St & North Ave,2792.0,926.0,0.0011949103325077667,0.0012093066989844958,3718.0,1.4396366476729025e-05,1.012048062550813,41.91026962479713,-87.68234483279865
Halsted St & Wrightwood Ave,6939.0,2285.0,0.00296972879558431,0.002984088344686364,9224.0,1.4359549102054003e-05,1.0048353049235001,41.929143,-87.64907700000002
Public Rack - Natoma Ave & Bryn Mawr Ave,55.0,29.0,2.3538706406850706e-05,3.787245601571315e-05,84.0,1.4333749608862446e-05,1.6089179432030185,41.982886,-87.790461
Drake Ave & Addison St,1117.0,377.0,0.0004780497282991316,0.000492341928204271,1494.0,1.429219990513943e-05,1.0298968269664392,41.947326,-87.717582
Elmwood Ave & Austin St,577.0,200.0,0.00024694242903187014,0.0002611893518325045,777.0,1.424692280063434e-05,1.0576930629678576,42.02578400000001,-87.684107
Manor Ave & Leland Ave,791.0,270.0,0.0003385293957785256,0.00035260562497388105,1061.0,1.4076229195355476e-05,1.0415803997835529,41.965875,-87.700825
Ashland Ave & McDowell Ave,135.0,55.0,5.777682481681537e-05,7.182707175393873e-05,190.0,1.405024693712336e-05,1.2431771528552638,41.809719,-87.663477
Damen Ave & Wabansia Ave,1499.0,502.0,0.0006415367437067128,0.0006555852730995863,2001.0,1.4048529392873517e-05,1.0218982118054398,41.91227003510449,-87.67728471402764
Public Rack - Keystone Ave & Irving Park Rd,71.0,34.0,3.038633008884364e-05,4.440218981152576e-05,105.0,1.4015859722682124e-05,1.4612402498575514,41.953449,-87.72963499999999
Central & Elston,71.0,34.0,3.038633008884364e-05,4.440218981152576e-05,105.0,1.4015859722682124e-05,1.4612402498575514,41.9855,-87.7682
Orleans St & Hubbard St,4975.0,1641.0,0.0021291829886196773,0.0021430586317856995,6616.0,1.3875643166022175e-05,1.0065168831064795,41.890028,-87.636618
Vernon Ave & 75th St,50.0,27.0,2.1398824006227913e-05,3.526056249738811e-05,77.0,1.3861738491160197e-05,1.6477501164087176,41.758361,-87.614138
Phillips Ave & 83rd St,47.0,26.0,2.0114894565854238e-05,3.3954615738225585e-05,73.0,1.3839721172371347e-05,1.6879992896693548,41.744531,-87.56506
Stewart Ave & 83rd St,44.0,25.0,1.8830965125480563e-05,3.264866897906306e-05,69.0,1.3817703853582497e-05,1.7337366951092363,41.743717,-87.634088
Wabash Ave & Jackson Blvd,267.0,98.0,0.00011426972019325705,0.0001279827823979272,365.0,1.3713062204670135e-05,1.120005038749019,41.87801,-87.62599
Blackstone Ave & Hyde Park Blvd,2342.0,778.0,0.0010023209164517154,0.0010160265786284424,3120.0,1.3705662176727003e-05,1.013673912494347,41.802562,-87.590368
Racine Ave & Randolph St,2147.0,714.0,0.0009188655028274267,0.000932445986042041,2861.0,1.3580483214614388e-05,1.0147796041893204,41.884081224846845,-87.65692072930314
Glenwood Ave & Touhy Ave,808.0,275.0,0.00034580499594064306,0.00035913535876969365,1083.0,1.3330362829050587e-05,1.038548674648599,42.012701,-87.666058
Kildare Ave & Division St,82.0,37.0,3.509407137021378e-05,4.832003008901333e-05,119.0,1.3225958718799549e-05,1.3768608583034485,41.902393,-87.733598
63rd St Beach,433.0,152.0,0.00018531381589393373,0.00019850390739270342,585.0,1.3190091498769689e-05,1.071176670009586,41.78091096424803,-87.57632374763489
Public Rack - Spaulding Ave & North Ave,76.0,35.0,3.252621248946643e-05,4.570813657068829e-05,111.0,1.3181924081221856e-05,1.4052583382449595,41.910138,-87.709553
Lowell Ave & Armitage Ave,253.0,93.0,0.00010827804947151324,0.00012145304860211459,346.0,1.3174999130601353e-05,1.1216763463930066,41.9170767,-87.7353543
Larrabee St & North Ave,2838.0,940.0,0.0012145972505934965,0.001227589953612771,3778.0,1.2992703019274604e-05,1.0106971198195995,41.91021,-87.6435
Rush St & Cedar St,7345.0,2417.0,0.0031434872465148805,0.003156473316895817,9762.0,1.2986070380936309e-05,1.004131101935989,41.90230870122,-87.627690528
Sawyer Ave & Irving Park Rd,818.0,278.0,0.00035008476074188866,0.00036305319904718125,1096.0,1.2968438305292589e-05,1.0370436040523623,41.953598557720426,-87.70931008347263
Shields Ave & 43rd St,101.0,43.0,4.322562449258038e-05,5.6155710643988466e-05,144.0,1.2930086151408083e-05,1.299123197871429,41.81620767856,-87.6348193497
Kostner Ave & Adams St,34.0,21.0,1.4551200324234982e-05,2.742488194241297e-05,55.0,1.2873681618177989e-05,1.8846553326192452,41.877917,-87.735737
Ping Tom Park (East),330.0,118.0,0.00014123223844110424,0.00015410171758117766,448.0,1.2869479140073417e-05,1.0911221698385123,41.8579886,-87.6319447
Kilbourn Ave & Milwaukee Ave,242.0,89.0,0.0001035703081901431,0.00011622926156546449,331.0,1.2658953375321397e-05,1.122224519478708,41.94761930237381,-87.74001627636491
State St & 54th St,111.0,46.0,4.750538929382597e-05,6.0073550921476034e-05,157.0,1.2568161627650065e-05,1.2645572903871154,41.796642,-87.625923
Archer (Damen) Ave & 37th St,206.0,77.0,8.816315490565901e-05,0.00010055790045551424,283.0,1.2394745549855227e-05,1.140587130485381,41.826712,-87.683144
Ashland Ave & Pershing Rd,240.0,88.0,0.00010271435522989398,0.00011492331480630198,328.0,1.2208959576408e-05,1.118862068374123,41.823465,-87.665577
Grace/Sheffield,60.0,29.0,2.5678588807473495e-05,3.787245601571315e-05,89.0,1.2193867208239657e-05,1.4748466690670257,41.95120000000001,-87.6546
Millard Ave & 26th St,106.0,44.0,4.5365506893203176e-05,5.746165740315099e-05,150.0,1.2096150509947815e-05,1.2666317364575421,41.84453112462163,-87.71592199802399
Southport Ave & Clark St,1818.0,605.0,0.0007780612408664469,0.0007900977892933261,2423.0,1.2036548426879205e-05,1.015469904327288,41.957081,-87.664199
Richmond St & 59th St,88.0,38.0,3.7661930250961125e-05,4.9625976848175855e-05,126.0,1.196404659721473e-05,1.3176610666640687,41.78649,-87.69733
Woodlawn Ave & 55th St,4647.0,1532.0,0.0019888067031388224,0.0020007104350369845,6179.0,1.1903731898162042e-05,1.0059853609171843,41.795264,-87.596471
Kildare Ave & Montrose Ave,302.0,108.0,0.0001292488969976166,0.00014104224998955244,410.0,1.1793352991935826e-05,1.0912445832908733,41.96108,-87.73569
Granville Ave & Pulaski Rd,61.0,29.0,2.6106565287598056e-05,3.787245601571315e-05,90.0,1.1765890728115096e-05,1.4506697809046285,41.9924402,-87.72890720000001
Halsted St & 63rd St,61.0,29.0,2.6106565287598056e-05,3.787245601571315e-05,90.0,1.1765890728115096e-05,1.4506697809046285,41.77938114228001,-87.6446208145
Larrabee St & Division St,4974.0,1639.0,0.002128755012139553,0.002140446738267374,6613.0,1.1691726127821371e-05,1.0054922809665117,41.9034860737611,-87.64335349093417
Harlem Ave & Irving Park Rd,83.0,36.0,3.552204785033834e-05,4.7014083329850806e-05,119.0,1.1492035479512467e-05,1.323509275666024,41.95326,-87.80714
Woodlawn Ave & Lake Park Ave,639.0,218.0,0.0002734769707995927,0.00028469639349742987,857.0,1.1219422697837157e-05,1.041024959579135,41.81409271048,-87.5970051479
Pulaski Rd & 75th St,41.0,22.0,1.754703568510689e-05,2.8730828701575495e-05,63.0,1.1183793016468605e-05,1.6373244970068273,41.75725,-87.72247
Kedzie Ave & Leland Ave,1048.0,352.0,0.0004485193511705371,0.00045969325922520793,1400.0,1.1173908054670854e-05,1.0249128228529865,41.96668636205,-87.7080519806
Kedzie Ave & 48th Pl,395.0,138.0,0.00016905070964920053,0.0001802206527644281,533.0,1.1169943115227571e-05,1.0660741209799436,41.8047581237684,-87.70421936879356
Kostner Ave & 63rd St,94.0,39.0,4.0229789131708476e-05,5.0931923607338374e-05,133.0,1.0702134475629898e-05,1.2660185073823187,41.77875,-87.73246
Lockwood Ave & Grand Ave,192.0,71.0,8.21714841839152e-05,9.27222199005391e-05,263.0,1.0550735716623907e-05,1.1283974291565735,41.9175941,-87.7584143
Public Rack - Woodlawn Ave & 63rd St S,52.0,25.0,2.225477696647703e-05,3.264866897906306e-05,77.0,1.0393892012586029e-05,1.4670199574807894,41.779484000000004,-87.596028
Loomis Blvd & 84th St,37.0,20.0,1.5835129764608655e-05,2.611893518325045e-05,57.0,1.0283805418641794e-05,1.6493888072087246,41.74148652861805,-87.65841007232666
Ashland Ave & Chicago Ave,3891.0,1283.0,0.0016652564841646562,0.0016755296920055163,5174.0,1.027320784086007e-05,1.0061691407716526,41.89595435734305,-87.6677280664444
Wabash Ave & 87th St,83.0,35.0,3.552204785033834e-05,4.570813657068829e-05,118.0,1.0186088720349949e-05,1.28674591108468,41.73655301831962,-87.62264415621758
New St & Illinois St,10440.0,3429.0,0.0044680744525003886,0.004478091437168289,13869.0,1.001698466790088e-05,1.0022419014124515,41.89084704062381,-87.61861681938171
Humboldt Blvd & Armitage Ave,2250.0,745.0,0.0009629470802802561,0.0009729303355760792,2995.0,9.983255295823086e-06,1.010367386882289,41.91751339399,-87.70180895549998
Major Ave & Addison St,50.0,24.0,2.1398824006227913e-05,3.134272221990054e-05,74.0,9.943898213672629e-06,1.4646719622917785,41.945975255652165,-87.77106542956521
Long Ave & Belmont Ave,102.0,41.0,4.365360097270495e-05,5.354381712566342e-05,143.0,9.890216152958476e-06,1.2265561002182184,41.93833,-87.76166
Larrabee St & Chicago Ave,72.0,31.0,3.0814306568968196e-05,4.0484349534038195e-05,103.0,9.67004296507e-06,1.3138064826136755,41.89677,-87.6386
Vincennes Ave & 79th St,60.0,27.0,2.5678588807473495e-05,3.526056249738811e-05,87.0,9.581973689914614e-06,1.3731357912991966,41.750600000000006,-87.63409
Calumet Park,60.0,27.0,2.5678588807473495e-05,3.526056249738811e-05,87.0,9.581973689914614e-06,1.3731357912991966,41.71370983035615,-87.53084421157837
Ashland Ave & Archer Ave,588.0,200.0,0.00025165017031324025,0.0002611893518325045,788.0,9.539181519264224e-06,1.037906366608152,41.83920868403,-87.6656098589
Kildare Ave & North Ave,170.0,63.0,7.275600162117491e-05,8.227464582723892e-05,233.0,9.518644206064008e-06,1.1308278790215256,41.9095392,-87.7338518
Overhill Ave & Belmont Ave,42.0,21.0,1.7975012165231448e-05,2.742488194241297e-05,63.0,9.449869777181522e-06,1.5256933345572117,41.93799,-87.81915
Narragansett Ave & School St,36.0,19.0,1.5407153284484098e-05,2.4812988424087928e-05,55.0,9.40583513960383e-06,1.610445325013442,41.940128,-87.7864806
Public Rack - Walden Pkwy & 103rd St,33.0,18.0,1.4123223844110423e-05,2.3507041664925403e-05,51.0,9.38381782081498e-06,1.6643775916032286,41.706205,-87.66896500000001
Oakley Ave & Touhy Ave,329.0,115.0,0.00014080426196097967,0.00015018387730369008,444.0,9.379615342710413e-06,1.0666140967466806,42.012342,-87.688243
Dodge Ave & Main St,387.0,134.0,0.00016562689780820405,0.000174996865727778,521.0,9.369967919573957e-06,1.0565724014104454,42.03463185161588,-87.69918769598006
Marmora Ave & Irving Park Rd,104.0,41.0,4.450955393295406e-05,5.354381712566342e-05,145.0,9.034263192709362e-06,1.202969012839463,41.9531072,-87.7747326
Mozart St & 55th St,40.0,20.0,1.711905920498233e-05,2.611893518325045e-05,60.0,8.999875978268119e-06,1.525691872353394,41.79375,-87.69472
Richmond St & Diversey Ave,1398.0,465.0,0.0005983111192141325,0.000607265243010573,1863.0,8.954123796440475e-06,1.014965640021134,41.93190196886,-87.7011951301
Mason Ave & Grand Ave,89.0,36.0,3.808990673108569e-05,4.7014083329850806e-05,125.0,8.924176598765116e-06,1.2342862736707227,41.9204347,-87.7743901
Cornell Ave & Hyde Park Blvd,3330.0,1098.0,0.001425161678814779,0.0014339295415604497,4428.0,8.767862745670714e-06,1.0061521838004925,41.802406,-87.586924
Steelworkers Park,65.0,28.0,2.781847120809629e-05,3.656650925655063e-05,93.0,8.748038048454339e-06,1.3144573806963091,41.73793,-87.53091
Leclaire Ave & Belmont Ave,123.0,47.0,5.264110705532067e-05,6.137949768063856e-05,170.0,8.73839062531789e-06,1.1659962169852902,41.939041,-87.754197
State St & 95th St,172.0,63.0,7.361195458142402e-05,8.227464582723892e-05,235.0,8.662691245814894e-06,1.1176788962631978,41.7218499,-87.6228544
Public Rack - Prairie Ave & 47th St,44.0,21.0,1.8830965125480563e-05,2.742488194241297e-05,65.0,8.593916816932408e-06,1.4563473200842127,41.809497,-87.618997
Morgan St & Pershing Rd,90.0,36.0,3.8517883211210247e-05,4.7014083329850806e-05,126.0,8.49620011864056e-06,1.2205723377817945,41.823613,-87.650931
Public Rack - Langley Ave & 49th St,87.0,35.0,3.723395377083657e-05,4.570813657068829e-05,122.0,8.47418279985172e-06,1.227586768389892,41.805218,-87.609076
Halsted St & 47th Pl,130.0,49.0,5.563694241619258e-05,6.39913911989636e-05,179.0,8.354448782771018e-06,1.1501574001474861,41.80813391481,-87.6456165545
Prairie Ave & 43rd St,365.0,126.0,0.00015621141524546376,0.00016454929165447783,491.0,8.337876409014071e-06,1.0533752480295013,41.81665889302,-87.61941246190001
MLK Jr Dr & Pershing Rd,597.0,202.0,0.0002555019586343613,0.00026380124535082953,799.0,8.299286716468245e-06,1.032482155043633,41.8246,-87.61678
Public Rack - Leamington & Elston,60.0,26.0,2.5678588807473495e-05,3.3954615738225585e-05,86.0,8.276026930752089e-06,1.3222803524152822,41.977894,-87.75631500000001
Ewing Ave & Burnham Greenway,45.0,21.0,1.9258941605605123e-05,2.742488194241297e-05,66.0,8.165940336807847e-06,1.4239857266457836,41.70999,-87.5355
Dan Ryan Woods & 83rd St,103.0,40.0,4.4081577452829504e-05,5.22378703665009e-05,143.0,8.156292913671394e-06,1.185023049580053,41.742805,-87.680177
California Ave & 36th St,39.0,19.0,1.6691082724857773e-05,2.4812988424087928e-05,58.0,8.121905699230155e-06,1.486572336904073,41.828098,-87.694684
Lamon Ave & Chicago Ave,39.0,19.0,1.6691082724857773e-05,2.4812988424087928e-05,58.0,8.121905699230155e-06,1.486572336904073,41.8950179,-87.7484986
Michigan Ave & 105th St,33.0,17.0,1.4123223844110423e-05,2.220109490576288e-05,50.0,8.077871061652459e-06,1.5719161032003044,41.70346,-87.62037
Damen Ave & Ohio St,207.0,74.0,8.859113138578357e-05,9.664006017802666e-05,281.0,8.048928792243095e-06,1.0908537662017996,41.89239445296271,-87.67688512802124
Pershing Rd & Sacramento Ave,88.0,35.0,3.7661930250961125e-05,4.570813657068829e-05,123.0,8.046206319727162e-06,1.2136372891358296,41.8223772681012,-87.69975413003766
Chicago State University,128.0,48.0,5.478098945594346e-05,6.268544443980108e-05,176.0,7.904454983857621e-06,1.1442893013262052,41.71896342165455,-87.60829567909241
Kosciuszko Park,1184.0,394.0,0.000506724152467477,0.0005145430231100339,1578.0,7.818870642556895e-06,1.0154302003847318,41.93058537138,-87.7237773635
Central Park & Augusta Blvd,174.0,63.0,7.446790754167314e-05,8.227464582723892e-05,237.0,7.806738285565779e-06,1.104832184911496,41.8989108,-87.7164901
Public Rack - Kenneth & Carmen,40.0,19.0,1.711905920498233e-05,2.4812988424087928e-05,59.0,7.693929219105597e-06,1.4494101992863722,41.972642,-87.739239
Franklin St & Monroe St Corral,144.0,53.0,6.162861313793639e-05,6.92151782356137e-05,197.0,7.586565097677302e-06,1.1230993464245413,41.88056,-87.63524
California Ave & Lake St,437.0,149.0,0.00018702572181443196,0.00019458606711521585,586.0,7.560345300783886e-06,1.040423877547751,41.88445395657,-87.6962981368
Avers Ave & Belmont Ave,1438.0,477.0,0.0006154301784191148,0.0006229366041205232,1915.0,7.506425701408375e-06,1.0121970188781961,41.939408,-87.723574
Public Rack - Emerald Ave & 43rd St,117.0,44.0,5.007324817457332e-05,5.746165740315099e-05,161.0,7.388409228577672e-06,1.1475490795751848,41.81643,-87.64475399999999
Archer Ave & Homan Ave,41.0,19.0,1.754703568510689e-05,2.4812988424087928e-05,60.0,7.265952738981037e-06,1.4140607455652536,41.81153,-87.70885
Kilpatrick Ave & Grand Ave,185.0,66.0,7.917564882304328e-05,8.619248610472648e-05,251.0,7.016837281683197e-06,1.088622559630751,41.912732,-87.743636
Public Rack - Hollywood Park,57.0,24.0,2.439465936709982e-05,3.134272221990054e-05,81.0,6.948062852800721e-06,1.2848073400373403,41.98929,-87.71182
Kostner Ave & Belmont Ave,161.0,58.0,6.890421330005388e-05,7.57449120314263e-05,219.0,6.840698731372426e-06,1.099276940071051,41.939191,-87.737112
Wells St & 19th St,753.0,252.0,0.0003222662895337924,0.00032909858330895566,1005.0,6.832293775163286e-06,1.0212007051198004,41.856802,-87.633879
Kedzie Ave & 54th Pl,91.0,35.0,3.8945859691334804e-05,4.570813657068829e-05,126.0,6.762276879353484e-06,1.1736282959125972,41.793637538888895,-87.70345380555557
N Clark St & W Elm St,64.0,26.0,2.739049472797173e-05,3.3954615738225585e-05,90.0,6.564121010253853e-06,1.2396408474763039,41.90290100000001,-87.631282
Public Rack - Hyde Park Blvd & 55th St,293.0,101.0,0.00012539710867649558,0.00013190062267541476,394.0,6.5035139989191805e-06,1.051862935315054,41.795,-87.584113
Clark/Racine,98.0,37.0,4.194169505220671e-05,4.832003008901333e-05,135.0,6.378335036806619e-06,1.1520726083258934,41.95049999999999,-87.65930000000002
Pulaski Rd & Ann Lurie Pl,98.0,37.0,4.194169505220671e-05,4.832003008901333e-05,135.0,6.378335036806619e-06,1.1520726083258934,41.81644,-87.7248
Ridge Blvd & Howard St,330.0,113.0,0.00014123223844110424,0.00014757198378536503,443.0,6.339745344260793e-06,1.0448884796117206,42.019276,-87.68452
Kedzie Ave & Archer Ave,92.0,35.0,3.937383617145936e-05,4.570813657068829e-05,127.0,6.334300399228927e-06,1.160871790593514,41.81447,-87.70411
Stony Island Ave & 75th St,147.0,53.0,6.291254257831006e-05,6.92151782356137e-05,200.0,6.3026356573036305e-06,1.1001793159153068,41.7586696704,-87.586882871
2112 W Peterson Ave,419.0,142.0,0.0001793221451721899,0.0001854444398010782,561.0,6.122294628888296e-06,1.0341411289825948,41.99117799999999,-87.683593
Dearborn St & Madison St,355.0,121.0,0.0001519316504442182,0.0001580195578586652,476.0,6.08790741444702e-06,1.0400697769481893,41.88206,-87.62963999999998
Higgins Ave & Austin Ave,114.0,42.0,4.878931873419964e-05,5.484976388482594e-05,156.0,6.0604451506263005e-06,1.1242140922186314,41.97342,-87.77865
Dauphin Ave & 87th St,44.0,19.0,1.8830965125480563e-05,2.4812988424087928e-05,63.0,5.982023298607365e-06,1.317652632571701,41.73648,-87.601252
Elston Ave & Wabansia Ave,1537.0,508.0,0.0006577998499514461,0.0006634209536545614,2045.0,5.6211037031153556e-06,1.0085452971116262,41.912919,-87.664169
California Ave & 21st St,521.0,175.0,0.00022297574614489485,0.00022854068285344144,696.0,5.5649367085465874e-06,1.0249574756325952,41.8537957934734,-87.69582286477088
Hyacinth Ave & Milwaukee Ave,158.0,56.0,6.762028385968021e-05,7.313301851310126e-05,214.0,5.512734653421048e-06,1.0815236614681913,41.99282,-87.78377
Eberhart Ave & 61st St,155.0,55.0,6.633635441930654e-05,7.182707175393873e-05,210.0,5.490717334632195e-06,1.0827696157420803,41.784071072761,-87.61448353528975
Public Rack - Lavergne Ave & Belle Plaine Ave,36.0,16.0,1.5407153284484098e-05,2.089514814660036e-05,52.0,5.487994862116262e-06,1.356174731701471,41.9553079,-87.75178779999999
Vincennes Ave & 104th St,64.0,25.0,2.739049472797173e-05,3.264866897906306e-05,89.0,5.2581742510913286e-06,1.1919637574842448,41.70492556499763,-87.65686810958869
Sacramento Ave & Lunt Ave,174.0,61.0,7.446790754167314e-05,7.966275230891387e-05,235.0,5.194844767240729e-06,1.0697585735944048,42.0082,-87.70461000000002
Public Rack - Avers Ave & Irving Park Rd,55.0,22.0,2.3538706406850706e-05,2.8730828701575495e-05,77.0,5.1921222947247896e-06,1.2205686938055327,41.953789,-87.724161
Yates Blvd & 75th St,55.0,22.0,2.3538706406850706e-05,2.8730828701575495e-05,77.0,5.1921222947247896e-06,1.2205686938055327,41.758768,-87.56644
Kedzie Ave & 66th Pl,46.0,19.0,1.968691808572968e-05,2.4812988424087928e-05,65.0,5.126070338358247e-06,1.2603662975453844,41.772584,-87.703007
Long Ave & North Ave,95.0,35.0,4.065776561183303e-05,4.570813657068829e-05,130.0,5.050370958855255e-06,1.1242135830455569,41.9092147,-87.7609189
Public Rack - Rockwell & Division,153.0,54.0,6.548040145905742e-05,7.052112499477622e-05,207.0,5.040723535718798e-06,1.076979469336351,41.90282,-87.692397
Public Rack - Keating & Peterson,89.0,33.0,3.808990673108569e-05,4.309624305236324e-05,122.0,5.006336321277549e-06,1.1314312719469057,41.990159,-87.747183
Merrimac Park,114.0,41.0,4.878931873419964e-05,5.354381712566342e-05,155.0,4.7544983914637825e-06,1.09744757801984,41.95261,-87.78535
Public Rack - Springfield Ave & Lawrence Ave,50.0,20.0,2.1398824006227913e-05,2.611893518325045e-05,70.0,4.720111177022536e-06,1.220567756802526,41.9683986,-87.7256873
Meade Ave & Addison St,50.0,20.0,2.1398824006227913e-05,2.611893518325045e-05,70.0,4.720111177022536e-06,1.220567756802526,41.94595,-87.77888
Kilbourn Ave & Diversey Ave,224.0,77.0,9.586673154790105e-05,0.00010055790045551424,301.0,4.691168907613183e-06,1.0489337635497216,41.93179,-87.73934
Paulina Ave & North Ave,3419.0,1124.0,0.0014632515855458647,0.0014678841572986752,4543.0,4.632571752810535e-06,1.0031659412725946,41.90985465216731,-87.66993016004562
Burnham Greenway & 112th St,87.0,32.0,3.723395377083657e-05,4.179029629320072e-05,119.0,4.556342522364152e-06,1.1223673473695246,41.69177385116831,-87.53043115139008
Public Rack - Christiana Ave & Belmont Ave,249.0,85.0,0.00010656614355101501,0.00011100547452881441,334.0,4.439330977799397e-06,1.0416575956704164,41.93917,-87.71169
Hamlin Ave & Grand Ave,60.0,23.0,2.5678588807473495e-05,3.0036775460738017e-05,83.0,4.358186653264521e-06,1.1697140357635385,41.904034463325004,-87.72156312600833
Maplewood Ave & Peterson Ave,466.0,156.0,0.00019943703973804416,0.0002037276944293535,622.0,4.290654691309332e-06,1.0215137227428879,41.99023602866999,-87.6933696402
La Villita Park,45.0,18.0,1.9258941605605123e-05,2.3507041664925403e-05,63.0,4.24810005932028e-06,1.22056661158744,41.83925,-87.70202
Rockwell St & 57th St,100.0,36.0,4.2797648012455826e-05,4.7014083329850806e-05,136.0,4.21643531739498e-06,1.0985179558982296,41.79031,-87.68888
Woodlawn Ave & 75th St,36.0,15.0,1.5407153284484098e-05,1.958920138743784e-05,51.0,4.182048102953741e-06,1.2714178672641474,41.75916,-87.595751
Western Ave & 21st St,613.0,204.0,0.0002623495823163542,0.0002664131388691546,817.0,4.063556552800379e-06,1.0154890319545788,41.854109,-87.685838
Linder Ave & Montrose Ave,180.0,62.0,7.703576642242049e-05,8.096869906807639e-05,242.0,3.932932645655897e-06,1.051052670410518,41.96081,-87.76488
Shields Ave & 31st St,1776.0,585.0,0.0007600862287012155,0.0007639788541100756,2361.0,3.8926254088601396e-06,1.0051212877441864,41.838464,-87.635406
Loomis St & Archer Ave,464.0,155.0,0.00019858108677779505,0.00020242174767019097,619.0,3.840660892395921e-06,1.0193404196456726,41.84163253965,-87.6574349533
Homan Ave & Arthington Ave,43.0,17.0,1.8402988645356005e-05,2.220109490576288e-05,60.0,3.798106260406876e-06,1.2063740819230115,41.86963,-87.71055
Marine Dr & Ainslie St,3049.0,1002.0,0.0013049002878997781,0.0013085586526808475,4051.0,3.6583647810694165e-06,1.0028035567249363,41.9716,-87.650154
State St & 79th St,74.0,27.0,3.167025952921731e-05,3.526056249738811e-05,101.0,3.590302968170799e-06,1.1133615467631996,41.750794,-87.624424
Rockwell St & Archer Ave,303.0,102.0,0.00012967687347774116,0.0001332065694345773,405.0,3.529695956836133e-06,1.027218953104147,41.82272,-87.68982
Francisco Ave & 85th St,59.0,22.0,2.5250612327348938e-05,2.8730828701575495e-05,81.0,3.4802163742265572e-06,1.1378215509216132,41.738902,-87.695518
Elizabeth St & 47th St,53.0,20.0,2.2682753446601588e-05,2.611893518325045e-05,73.0,3.436181736648861e-06,1.1514820615881654,41.80839,-87.656526
Clark St & Schreiber Ave,1594.0,525.0,0.0006821945093185459,0.0006856220485603243,2119.0,3.427539241778366e-06,1.0050242770510205,41.999245,-87.671249
Keeler Ave & Carmen Ave,166.0,57.0,7.104409570067668e-05,7.443896527226378e-05,223.0,3.3948695715871016e-06,1.0477847138934147,41.974323,-87.7331
Artesian Ave & 55th St,47.0,18.0,2.0114894565854238e-05,2.3507041664925403e-05,65.0,3.392147099071165e-06,1.1686301888273551,41.79402,-87.68577
Stony Island Ave & 71st St,221.0,75.0,9.458280210752738e-05,9.794600693718919e-05,296.0,3.3632048296618054e-06,1.0355579365041634,41.7664929373,-87.58646087749999
Public Rack - Peterson Park,41.0,16.0,1.754703568510689e-05,2.089514814660036e-05,57.0,3.348112461493469e-06,1.1907969941236802,41.97871,-87.75552
Lake Park Ave & 53rd St,3633.0,1193.0,0.00155483855229252,0.0015579944836808892,4826.0,3.155931388369119e-06,1.0020297473033253,41.79949429373001,-87.5864498959
Hoyne Ave & 47th St,295.0,99.0,0.0001262530616367447,0.00012928872915708971,394.0,3.0356675203450163e-06,1.024044117717806,41.808227,-87.67718
Cottage Grove Ave & 83rd St,103.0,36.0,4.4081577452829504e-05,4.7014083329850806e-05,139.0,2.9325058770213015e-06,1.066523013091946,41.743441,-87.604836
Nordica Ave & Medill Ave,103.0,36.0,4.4081577452829504e-05,4.7014083329850806e-05,139.0,2.9325058770213015e-06,1.066523013091946,41.92227,-87.80202
Albany Ave & Belmont Ave,338.0,113.0,0.0001446560502821007,0.00014757198378536503,451.0,2.915933503264335e-06,1.0201575623004746,41.939638,-87.705263
Public Rack - Cicero Ave & Belle Plaine Ave,39.0,15.0,1.6691082724857773e-05,1.958920138743784e-05,54.0,2.8981186625800655e-06,1.1736223520066913,41.955625,-87.747517
Wabash Ave & 49th St,39.0,15.0,1.6691082724857773e-05,1.958920138743784e-05,54.0,2.8981186625800655e-06,1.1736223520066913,41.80581,-87.6245
Milwaukee Ave & Rockwell St,1937.0,637.0,0.0008289904420012694,0.0008318880855865268,2574.0,2.8976435852574303e-06,1.0034953841963221,41.92032879364165,-87.69308613427661
Komensky Ave & 47th St,88.0,31.0,3.7661930250961125e-05,4.0484349534038195e-05,119.0,2.82241928307707e-06,1.0749389190981773,41.80769,-87.72472
Clark St & Jarvis Ave,665.0,220.0,0.00028460435928283123,0.0002873082870157549,885.0,2.703927732923691e-06,1.0095006212804187,42.015963000000006,-87.675005
Western Ave & 43rd St,131.0,45.0,5.6064918896317134e-05,5.876760416231351e-05,176.0,2.702685265996375e-06,1.0482054930909892,41.81574,-87.68489000000001
Clark St & Touhy Ave,424.0,141.0,0.0001814620275728127,0.00018413849304191568,565.0,2.676465469102972e-06,1.014749370739056,42.01256011541,-87.6743671152
Kedzie Ave & 57th St,305.0,102.0,0.00013053282643799027,0.0001332065694345773,407.0,2.6737429965870184e-06,1.0204831427190038,41.78983,-87.7031
Vincennes Ave & 95th St,67.0,24.0,2.8674424168345403e-05,3.134272221990054e-05,91.0,2.6682980515551388e-06,1.0930517378187785,41.72126,-87.65005
Kedzie Ave & Roosevelt Rd,67.0,24.0,2.8674424168345403e-05,3.134272221990054e-05,91.0,2.6682980515551388e-06,1.0930517378187785,41.86649278172,-87.7064961757
Pulaski Rd & Lake St,46.0,17.0,1.968691808572968e-05,2.220109490576288e-05,63.0,2.514176820033201e-06,1.1277015075482024,41.885409,-87.726491
Public Rack - Kimball Ave & Lawrence Ave,46.0,17.0,1.968691808572968e-05,2.220109490576288e-05,63.0,2.514176820033201e-06,1.1277015075482024,41.96791249999999,-87.7134353
Laramie Ave & Madison St,43.0,16.0,1.8402988645356005e-05,2.089514814660036e-05,59.0,2.4921595012443546e-06,1.1354140968715072,41.880207,-87.755337
Ashland Ave & Belle Plaine Ave,1288.0,424.0,0.000551233706400431,0.0005537214258849096,1712.0,2.4877194844785244e-06,1.004512995019351,41.9557944253819,-87.66915741480612
Cottage Grove Ave & 67th St,272.0,91.0,0.00011640960259387985,0.00011884115508378954,363.0,2.4315524899096885e-06,1.0208877235898572,41.77372095205,-87.60563486
St Louis Ave & 59th St,92.0,32.0,3.937383617145936e-05,4.179029629320072e-05,124.0,2.416460121741359e-06,1.0613706711367328,41.78589,-87.71057
Melvina Ave & Giddings Ave,205.0,69.0,8.773517842553445e-05,9.011032638221405e-05,274.0,2.3751479566795993e-06,1.0270714772321146,41.96648,-87.78202000000002
Narragansett Ave & McLean Ave,83.0,29.0,3.552204785033834e-05,3.787245601571315e-05,112.0,2.350408165374813e-06,1.0661657235966149,41.9159,-87.78511
State St & 19th St,1441.0,474.0,0.0006167141078594885,0.0006190187638430356,1915.0,2.304655983547169e-06,1.003736986420758,41.856594,-87.627542
Public Rack - Nashotah & Northwest Hwy,62.0,22.0,2.6534541767722613e-05,2.8730828701575495e-05,84.0,2.196286933852882e-06,1.0827677442231238,41.988141,-87.79144699999999
Milwaukee Ave & Wabansia Ave*,53.0,19.0,2.2682753446601588e-05,2.4812988424087928e-05,72.0,2.1302349774863397e-06,1.0939101627295056,41.912616,-87.681391
Austin Blvd & Chicago Ave,53.0,19.0,2.2682753446601588e-05,2.4812988424087928e-05,72.0,2.1302349774863397e-06,1.0939101627295056,41.894887,-87.774704
Sheffield Ave & Kingsbury St*,50.0,18.0,2.1398824006227913e-05,2.3507041664925403e-05,68.0,2.10821765869749e-06,1.0985156540579,41.910522,-87.653106
Richmond St & Lincoln Ave,166.0,56.0,7.104409570067668e-05,7.313301851310126e-05,222.0,2.0889228124245767e-06,1.0294027728701431,41.9881174,-87.7031754
Indiana Ave & 103rd St,41.0,15.0,1.754703568510689e-05,1.958920138743784e-05,56.0,2.0421657023309476e-06,1.1163757436431556,41.70717027117756,-87.6184719800949
Western Ave & 101st St,38.0,14.0,1.6263106244733216e-05,1.8283254628275314e-05,52.0,2.020148383542098e-06,1.124209000675723,41.71011,-87.68198
Knox Ave & Montrose Ave,508.0,168.0,0.0002174120519032756,0.00021939905553930377,676.0,1.9870036360281713e-06,1.0091393024412911,41.960631,-87.745359
Princeton Ave & Garfield Blvd,151.0,51.0,6.46244484988083e-05,6.660328471728864e-05,202.0,1.9788362184803383e-06,1.0306200771437095,41.794982,-87.633124
Public Rack - Western Ave & Devon Ave,124.0,42.0,5.306908353544523e-05,5.484976388482594e-05,166.0,1.7806803493807146e-06,1.033553373779625,41.997579,-87.689713
Ewing Ave & 106th St,63.0,22.0,2.696251824784717e-05,2.8730828701575495e-05,85.0,1.7683104537283249e-06,1.065581592041295,41.70266,-87.53564
California & 16th St,121.0,41.0,5.178515409507155e-05,5.354381712566342e-05,162.0,1.758663030591875e-06,1.033960101137521,41.859228,-87.695562
Tripp Ave & 15th St,60.0,21.0,2.5678588807473495e-05,2.742488194241297e-05,81.0,1.7462931349394751e-06,1.0680031579957097,41.86077,-87.73136
Central Park Ave & Washington Blvd,48.0,17.0,2.05428710459788e-05,2.220109490576288e-05,65.0,1.658223859784083e-06,1.0807162319152437,41.8827476,-87.7153994
Dauphin Ave & 103rd St,48.0,17.0,2.05428710459788e-05,2.220109490576288e-05,65.0,1.658223859784083e-06,1.0807162319152437,41.7072503677818,-87.60766267776489
Public Rack - Evans Ave & 63rd St,103.0,35.0,4.4081577452829504e-05,4.570813657068829e-05,138.0,1.6265591178587835e-06,1.0368980039699194,41.780506,-87.607519
Public Rack - Kostner Ave & Armitage Ave,42.0,15.0,1.7975012165231448e-05,1.958920138743784e-05,57.0,1.6141892222063904e-06,1.0897968474525455,41.917211,-87.736136
N Paulina St & Lincoln Ave,863.0,284.0,0.0003693437023474938,0.0003708888796021564,1147.0,1.545177254662594e-06,1.0041835641471009,41.943838,-87.671469
Kedvale Ave & Peterson Ave,79.0,27.0,3.3810141929840103e-05,3.526056249738811e-05,106.0,1.450420567548006e-06,1.0428977101855272,41.9900762,-87.7317073
Sacramento Blvd & Franklin Blvd,183.0,61.0,7.831969586279416e-05,7.966275230891387e-05,244.0,1.3430564461197007e-06,1.0171481679436625,41.89046879243862,-87.70260751247406
Kedzie Ave & Foster Ave,583.0,192.0,0.00024951028791261745,0.00025074177775920433,775.0,1.2314898465868793e-06,1.0049356077510134,41.975672,-87.709261
Public Rack - Lowell Ave & Elston Ave,43.0,15.0,1.8402988645356005e-05,1.958920138743784e-05,58.0,1.1862127420818331e-06,1.0644541118200026,41.96614,-87.737
Central Ave & Madison St,40.0,14.0,1.711905920498233e-05,1.8283254628275314e-05,54.0,1.1641954232929834e-06,1.068001833951262,41.880121,-87.763238
Harding Ave & Chicago Ave,80.0,27.0,3.423811840996466e-05,3.526056249738811e-05,107.0,1.0224440874234488e-06,1.0298618695487758,41.895313,-87.724738
Lawler Ave & 50th St,77.0,26.0,3.295418896959099e-05,3.3954615738225585e-05,103.0,1.0004267686345957e-06,1.030357185011372,41.80217,-87.74893999999999
Wood St & Augusta Blvd,3397.0,1114.0,0.0014538361029831244,0.0014548246897070501,4511.0,9.885867239256812e-07,1.0006799845195153,41.899181,-87.6722
Lavergne Ave & Lawrence Ave,163.0,54.0,6.976016626030299e-05,7.052112499477622e-05,217.0,7.609587344732259e-07,1.0109080563767214,41.96775000000001,-87.75259000000001
Kedzie Ave & 38th Pl,41.0,14.0,1.754703568510689e-05,1.8283254628275314e-05,55.0,7.362189431684228e-07,1.041954493162631,41.8235109,-87.7041017
Public Rack - Lawrence Ave & Kimball Ave,38.0,13.0,1.6263106244733216e-05,1.6977307869112792e-05,51.0,7.142016243795765e-07,1.043912749562298,41.968277,-87.71262899999999
Central Ave & Lake St,84.0,28.0,3.5950024330462896e-05,3.656650925655063e-05,112.0,6.164849260877311e-07,1.0171479099015646,41.887664,-87.765469
Public Rack - Karlov Ave & Milwaukee Ave,72.0,24.0,3.0814306568968196e-05,3.134272221990054e-05,96.0,5.284156509323458e-07,1.0171478304053114,41.942702,-87.730011
Laramie Ave & Irving Park Rd,188.0,62.0,8.045957826341695e-05,8.096869906807639e-05,250.0,5.091208046594393e-07,1.0063275807314316,41.9533354,-87.75838439999998
Washtenaw Ave & Peterson Ave,124.0,41.0,5.306908353544523e-05,5.354381712566342e-05,165.0,4.747335902181965e-07,1.008945408761249,41.99066,-87.697075
Long Ave & Diversey Ave,118.0,39.0,5.0501224654697876e-05,5.0931923607338374e-05,157.0,4.3069895264049706e-07,1.008528316437253,41.93104,-87.76124
State St & 45th St,48.0,16.0,2.05428710459788e-05,2.089514814660036e-05,64.0,3.522771006215616e-07,1.0171475521742295,41.813129999999994,-87.62585
State St & Pershing Rd,39.0,13.0,1.6691082724857773e-05,1.6977307869112792e-05,52.0,2.8622514425501923e-07,1.017147359558,41.82301523798,-87.62656801850001
Panama Ave & Grace St,39.0,13.0,1.6691082724857773e-05,1.6977307869112792e-05,52.0,2.8622514425501923e-07,1.017147359558,41.94766,-87.82925
Halsted St & 69th St,88.0,29.0,3.7661930250961125e-05,3.787245601571315e-05,117.0,2.1052576475202699e-07,1.0055897340793514,41.76906172032,-87.6446135779
Stony Island Ave & 67th St,146.0,48.0,6.24845660981855e-05,6.268544443980108e-05,194.0,2.0087834161557712e-07,1.0032147958986228,41.77345849948,-87.5853397391
Kedzie Ave & Jackson Blvd,70.0,23.0,2.9958353608719078e-05,3.0036775460738017e-05,93.0,7.842185201893884e-08,1.002617608278308,41.877161,-87.706134
Larrabee St & Oak St,3924.0,1286.0,0.0016793797080087666,0.0016794475322830038,5210.0,6.782427423726936e-08,1.0000403864793217,41.90026748327433,-87.64269324050811
Harding Ave & 26th St,67.0,22.0,2.8674424168345403e-05,2.8730828701575495e-05,89.0,5.640453323009251e-08,1.0019669990894975,41.844218,-87.723347
Public Rack - Mango & Higgins,55.0,18.0,2.3538706406850706e-05,2.3507041664925403e-05,73.0,-3.166474192530297e-08,0.9986548370069693,41.971722,-87.77228800000002
Michigan Ave & Pearson St,4562.0,1495.0,0.0019524287023282348,0.001952390404947971,6057.0,-3.8297380263807926e-08,0.9999803847584279,41.89766,-87.62351
Wellington Ave & Mulligan Ave,46.0,15.0,1.968691808572968e-05,1.958920138743784e-05,61.0,-9.771669829184196e-08,0.9950367175510209,41.93473,-87.78436
Damen Ave & 51st St,43.0,14.0,1.8402988645356005e-05,1.8283254628275314e-05,57.0,-1.1973401708069168e-07,0.9934941267684978,41.800908,-87.674684
Public Rack - Hamlin Ave & Montrose Ave,220.0,72.0,9.415482562740282e-05,9.402816665970161e-05,292.0,-1.266589677012119e-07,0.9986547941472849,41.96121600000001,-87.72241599999998
Nagle Ave & Belmont Ave,86.0,28.0,3.680597729071201e-05,3.656650925655063e-05,114.0,-2.3946803416138336e-07,0.9934939500119775,41.93852,-87.78735
LaSalle Dr & Huron St,5240.0,1717.0,0.0022425967558526855,0.0022423105854820513,6957.0,-2.8617037063421655e-07,0.9998723933572629,41.894877,-87.632326
Winthrop Ave & Lawrence Ave,3040.0,996.0,0.001301048499578657,0.0013007229721258725,4036.0,-3.2552745278459534e-07,0.9997497962584129,41.968812,-87.657659
Pulaski Rd & 54th St,62.0,20.0,2.6534541767722613e-05,2.611893518325045e-05,82.0,-4.1560658447216417e-07,0.9843377388669825,41.79499,-87.72361
Prospect Sq & 91st St,62.0,20.0,2.6534541767722613e-05,2.611893518325045e-05,82.0,-4.1560658447216417e-07,0.9843377388669825,41.7282338,-87.6675239
Addison Red Line,294.0,96.0,0.00012582508515662013,0.00012537088887960217,390.0,-4.5419627701796025e-07,0.9963902852381317,41.9472,-87.654
Burnham Greenway & 105th St,47.0,15.0,2.0114894565854238e-05,1.958920138743784e-05,62.0,-5.256931784163992e-07,0.9738667760116053,41.7045750872071,-87.52823173999786
Latrobe Ave & Chicago Ave,38.0,12.0,1.6263106244733216e-05,1.567136110995027e-05,50.0,-5.91745134782945e-07,0.963616498448873,41.894745,-87.756895
Kedzie Ave & 60th St,90.0,29.0,3.8517883211210247e-05,3.787245601571315e-05,119.0,-6.454271954970943e-07,0.9832438756866851,41.78458,-87.70319
Kedzie Ave & Chicago Ave,383.0,125.0,0.00016391499188770582,0.0001632433448953153,508.0,-6.716469923905108e-07,0.9959024925838191,41.89546530305,-87.7061278837
Ashland Ave & 50th St,84.0,27.0,3.5950024330462896e-05,3.526056249738811e-05,111.0,-6.894618330747869e-07,0.9808221922486204,41.803023,-87.664699
Hale Ave & 107th St,81.0,26.0,3.466609489008922e-05,3.3954615738225585e-05,107.0,-7.114791518636333e-07,0.9794768164416617,41.69920616812768,-87.66891896724701
Sacramento Ave & Pratt Blvd,133.0,43.0,5.692087185656625e-05,5.6155710643988466e-05,176.0,-7.651612125777826e-07,0.9865576941231683,42.00404000000001,-87.70473000000001
Laramie Ave & Kinzie St,72.0,23.0,3.0814306568968196e-05,3.0036775460738017e-05,95.0,-7.77531108230179e-07,0.9747680229469735,41.887832,-87.75552699999999
Southport Ave & Belmont Ave,4576.0,1499.0,0.0019584203730499787,0.0019576141919846212,6075.0,-8.061810653574829e-07,0.9995883515792611,41.93947775040509,-87.6637476682663
Mango Ave & North Ave,60.0,19.0,2.5678588807473495e-05,2.4812988424087928e-05,79.0,-8.656003833855677e-07,0.9662922802278807,41.90958,-87.7691175
Kildare Ave & Chicago Ave,60.0,19.0,2.5678588807473495e-05,2.4812988424087928e-05,79.0,-8.656003833855677e-07,0.9662922802278807,41.8954357,-87.73348179999999
California Ave & Touhy Ave,167.0,54.0,7.147207218080124e-05,7.052112499477622e-05,221.0,-9.509471860250166e-07,0.9866950285329913,42.0120368,-87.7004371
Public Rack - Prairie Ave & Garfield Blvd N,45.0,14.0,1.9258941605605123e-05,1.8283254628275314e-05,59.0,-9.756869773298096e-07,0.9493411248429818,41.79480875,-87.61890696
Kildare Ave & 47th St,45.0,14.0,1.9258941605605123e-05,1.8283254628275314e-05,59.0,-9.756869773298096e-07,0.9493411248429818,41.80762,-87.73084
Campbell Ave & Augusta Blvd,1464.0,479.0,0.0006265575669023533,0.0006255484976388483,1943.0,-1.0090692635050368e-06,0.9983895052804181,41.899578,-87.689497
Aberdeen St & Monroe St,4418.0,1447.0,0.0018908000891902984,0.00188970496050817,5865.0,-1.0951286821283233e-06,0.9994208123274366,41.880381631942605,-87.65540930667021
South Shore Dr & 74th St,250.0,81.0,0.00010699412003113957,0.00010578168749216432,331.0,-1.2124325389752463e-06,0.9886683379707188,41.76218896038,-87.55927465
Sacramento Blvd & Addison St,427.0,139.0,0.0001827459570131864,0.00018152659952359063,566.0,-1.2193574895957631e-06,0.9933276180926626,41.94609,-87.702988
Western Ave & Ardmore Ave,226.0,73.0,9.672268450815017e-05,9.533411341886414e-05,299.0,-1.3885710892860305e-06,0.9856439392652683,41.9867636,-87.68987959999998
Smith Park,1230.0,402.0,0.0005264110705532067,0.0005249905971833341,1632.0,-1.4204733698726206e-06,0.9973015942275415,41.892048,-87.689397
Public Rack - Drake Ave & Leland Ave,159.0,51.0,6.804826033980476e-05,6.660328471728864e-05,210.0,-1.4449756225161196e-06,0.9787657409455942,41.96598530000001,-87.71687599999998
Central Ave & Parker Ave,98.0,31.0,4.194169505220671e-05,4.0484349534038195e-05,129.0,-1.457345518168516e-06,0.9652538894709904,41.9301785,-87.7661217
Central Ave & Chicago Ave,77.0,24.0,3.295418896959099e-05,3.134272221990054e-05,101.0,-1.6114667496904472e-06,0.9511012741824236,41.894958,-87.764902
Columbus Ave & 79th St,59.0,18.0,2.5250612327348938e-05,2.3507041664925403e-05,77.0,-1.7435706624235353e-06,0.9309521055598042,41.749119,-87.704263
Rockwell St & 47th St,59.0,18.0,2.5250612327348938e-05,2.3507041664925403e-05,77.0,-1.7435706624235353e-06,0.9309521055598042,41.80853,-87.68942
Wentworth Ave & 92nd St,53.0,16.0,2.2682753446601588e-05,2.089514814660036e-05,69.0,-1.787605300001228e-06,0.9211944661535262,41.72714,-87.62886
Oglesby Ave & 100th St,47.0,14.0,2.0114894565854238e-05,1.8283254628275314e-05,61.0,-1.831639937578924e-06,0.9089456384063553,41.71339748442245,-87.56584167480469
Orleans St & Elm St,2772.0,907.0,0.0011863508029052755,0.0011844937105604078,3679.0,-1.8570923448677206e-06,0.9984346191911034,41.902924000000006,-87.637715
Eggleston Ave & 69th St,41.0,12.0,1.754703568510689e-05,1.567136110995027e-05,53.0,-1.87567457515662e-06,0.8931119922015821,41.768898,-87.635876
Francisco Ave & Hollywood Ave,41.0,12.0,1.754703568510689e-05,1.567136110995027e-05,53.0,-1.87567457515662e-06,0.8931119922015821,41.984746,-87.701593
Lincoln Ave & Waveland Ave,2354.0,770.0,0.0010074566342132103,0.0010055790045551422,3124.0,-1.877629658068045e-06,0.9981362693632925,41.948797,-87.675278
Monticello Ave & Chicago Ave,93.0,29.0,3.980181265158392e-05,3.787245601571315e-05,122.0,-1.929356635870766e-06,0.9515271281766067,41.895733029878045,-87.71760476158536
Austin Blvd & Madison St,142.0,45.0,6.077266017768728e-05,5.876760416231351e-05,187.0,-2.0050560153737684e-06,0.967007812109531,41.880281,-87.774453
Harding Ave & Division St,75.0,23.0,3.209823600934187e-05,3.0036775460738017e-05,98.0,-2.0614605486038508e-06,0.9357785167222078,41.9023453,-87.7250744
Central Ave & Wellington Ave,63.0,19.0,2.696251824784717e-05,2.4812988424087928e-05,82.0,-2.149529823759243e-06,0.9202800686467959,41.934905002777775,-87.76676849259259
Augusta Blvd & Laramie Ave,54.0,16.0,2.3110729926726145e-05,2.089514814660036e-05,70.0,-2.2155817801257852e-06,0.9041360474897333,41.8986607,-87.7554551
Kildare Ave & 26th St,48.0,14.0,2.05428710459788e-05,1.8283254628275314e-05,62.0,-2.2596164177034847e-06,0.8900101926922007,41.84431738489837,-87.73233669396876
Lexington St & California Ave,106.0,33.0,4.5365506893203176e-05,4.309624305236324e-05,139.0,-2.269263840839938e-06,0.949979313016495,41.8719938,-87.6958108
Damen Ave & 59th St,45.0,13.0,1.9258941605605123e-05,1.6977307869112792e-05,58.0,-2.281633736492331e-06,0.8815347531568674,41.785861065132,-87.67414391040802
Public Rack - Western Ave & 92nd Pl,42.0,12.0,1.7975012165231448e-05,1.567136110995027e-05,54.0,-2.3036510552811773e-06,0.8718486039002123,41.725538,-87.681968
Jeffery Blvd & 71st St,213.0,68.0,9.115899026653091e-05,8.880437962305153e-05,281.0,-2.3546106434793834e-06,0.9741705693847154,41.76663823695,-87.57645011409998
Central Ave & Roscoe St,70.0,21.0,2.9958353608719078e-05,2.742488194241297e-05,91.0,-2.5334716663061074e-06,0.9154363709112605,41.942275,-87.76695
MLK Jr Dr & 83rd St,70.0,21.0,2.9958353608719078e-05,2.742488194241297e-05,91.0,-2.5334716663061074e-06,0.9154363709112605,41.743116,-87.6148
W 103rd St & S Avers Ave,40.0,11.0,1.711905920498233e-05,1.4365414350787748e-05,51.0,-2.7536448541945826e-06,0.8391568147501962,41.705846,-87.717074
Central Park Ave & Ardmore Ave,272.0,87.0,0.00011640960259387985,0.00011361736804713946,359.0,-2.7922345467403973e-06,0.9760139155324054,41.9866081,-87.7187674
Evanston Civic Center,788.0,256.0,0.0003372454663381519,0.00033432237034560576,1044.0,-2.923095992546159e-06,0.9913324636895818,42.057044,-87.686554
Noble St & Potomac Ave,62.0,18.0,2.6534541767722613e-05,2.3507041664925403e-05,80.0,-3.0275001027972104e-06,0.8859077335108413,41.90383473134329,-87.66286604477612
Princeton Ave & 47th St,175.0,55.0,7.48958840217977e-05,7.182707175393873e-05,230.0,-3.0688122678589633e-06,0.9590261690063657,41.80931770924,-87.633449288
Shabbona Park,172.0,54.0,7.361195458142402e-05,7.052112499477622e-05,226.0,-3.090829586647803e-06,0.9580124231635206,41.94480000000001,-87.79932
Halsted St & 51st St,169.0,53.0,7.232802514105035e-05,6.92151782356137e-05,222.0,-3.112846905436656e-06,0.9569626868416071,41.80183164049,-87.645213904
Daley Center Plaza Corral,41.0,11.0,1.754703568510689e-05,1.4365414350787748e-05,52.0,-3.1816213343191432e-06,0.8186907417210577,41.8841951,-87.629701
Western Ave & Howard St,563.0,182.0,0.0002409507583101263,0.00023768231016757909,745.0,-3.268448142547224e-06,0.9864352592175715,42.018901,-87.690048
Western Ave & 28th St,81.0,24.0,3.466609489008922e-05,3.134272221990054e-05,105.0,-3.323372670188676e-06,0.9041346648536512,41.84151770807,-87.68513144089998
Washtenaw Ave & Polk St,130.0,40.0,5.563694241619258e-05,5.22378703665009e-05,170.0,-3.3990720496916786e-06,0.938907301347247,41.8711028,-87.693683
Damen Ave & Sunnyside Ave,2086.0,681.0,0.0008927589375398285,0.0008893497429896778,2767.0,-3.4091945501507365e-06,0.9961812863606476,41.96325,-87.679258
Halsted St & 37th St,359.0,115.0,0.00015364355636471642,0.00015018387730369008,474.0,-3.459679061026331e-06,0.9774825796443197,41.827059,-87.64572
California Ave & Marquette Rd,57.0,16.0,2.439465936709982e-05,2.089514814660036e-05,73.0,-3.4995112204994603e-06,0.856551890324435,41.771611,-87.693331
Kilbourn Ave & 49th St,51.0,14.0,2.1826800486352474e-05,1.8283254628275314e-05,65.0,-3.5435458580771598e-06,0.8376590504255015,41.80385,-87.73566
South Shore Dr & 71st St,582.0,188.0,0.00024908231143249294,0.00024551799072255423,770.0,-3.5643207099387035e-06,0.9856902468116387,41.7664094567,-87.5656875719
Archer Ave & 49th St,48.0,13.0,2.05428710459788e-05,1.6977307869112792e-05,61.0,-3.565563176866006e-06,0.8264415129511865,41.80420000000001,-87.72082
Menard Ave & Milwaukee Ave,48.0,13.0,2.05428710459788e-05,1.6977307869112792e-05,61.0,-3.565563176866006e-06,0.8264415129511865,41.98139,-87.77331
Clark St & Washington St,100.0,30.0,4.2797648012455826e-05,3.917840277487568e-05,130.0,-3.6192452375801486e-06,0.9154355241192005,41.88301,-87.63100000000001
Public Rack - Harold Washington Park,91.0,27.0,3.8945859691334804e-05,3.526056249738811e-05,118.0,-3.6852971939466944e-06,0.9053762685065305,41.801089,-87.58479100000001
Damen Ave/Coulter St,323.0,103.0,0.00013823640308023233,0.00013451251619373981,426.0,-3.723886886492514e-06,0.9730616547799933,41.8492,-87.67564
Union Ave & Root St,143.0,44.0,6.120063665781183e-05,5.746165740315099e-05,187.0,-3.7389792546608437e-06,0.9389072015252455,41.819102,-87.643278
Fairfield Ave & 44th St,192.0,60.0,8.21714841839152e-05,7.835680554975135e-05,252.0,-3.8146786341638393e-06,0.9535771776641683,41.813617,-87.6932272
Central Ave & Altgeld St,131.0,40.0,5.6064918896317134e-05,5.22378703665009e-05,171.0,-3.827048529816236e-06,0.9317401978750476,41.9258119,-87.7663685
Cumberland Ave & Catherine Ave,131.0,40.0,5.6064918896317134e-05,5.22378703665009e-05,171.0,-3.827048529816236e-06,0.9317401978750476,41.97732,-87.83674
Public Rack - Pulaski Rd & 44th St,70.0,20.0,2.9958353608719078e-05,2.611893518325045e-05,90.0,-3.839418425468629e-06,0.8718457522277369,41.8129,-87.72249999999998
Seeley Ave & Roscoe St,2618.0,855.0,0.0011204424249660935,0.0011165844790839566,3473.0,-3.857945882136844e-06,0.9965567686898126,41.943403,-87.679618
Rainbow Beach,55.0,15.0,2.3538706406850706e-05,1.958920138743784e-05,70.0,-3.949505019412867e-06,0.832219444408047,41.75787096522547,-87.54917675279042
Public Rack - Justine St & 87th St,101.0,30.0,4.322562449258038e-05,3.917840277487568e-05,131.0,-4.047221717704706e-06,0.906372015737676,41.736019,-87.66243
Narragansett Ave & Montrose Ave,153.0,47.0,6.548040145905742e-05,6.137949768063856e-05,200.0,-4.100903778418862e-06,0.937372999247993,41.959978,-87.786928
Western Ave & 24th St,379.0,121.0,0.0001622030859672076,0.0001580195578586652,500.0,-4.183528108542381e-06,0.9742082446098913,41.84847,-87.68510899999998
Paulina St & Flournoy St,5240.0,1714.0,0.0022425967558526855,0.0022383927452045635,6954.0,-4.204010648121981e-06,0.9981253835480971,41.87306108789792,-87.66913488507271
Cherry Ave & Blackhawk St,1264.0,411.0,0.0005409622708774417,0.0005367441180157967,1675.0,-4.218152861644952e-06,0.9922025152376739,41.907221,-87.655618
Albany Ave & 16th St,47.0,12.0,2.0114894565854238e-05,1.567136110995027e-05,59.0,-4.443533455903967e-06,0.7791033631958555,41.85936,-87.70302
Stave St & Armitage Ave,2296.0,749.0,0.0009826339983659857,0.0009781541226127294,3045.0,-4.479875753256313e-06,0.9954409564480139,41.917741,-87.691392
Vernon Ave & 107th St,41.0,10.0,1.754703568510689e-05,1.3059467591625225e-05,51.0,-4.487568093481666e-06,0.7442694912405331,41.70012137923888,-87.61225998401642
Stony Island Ave & 64th St,99.0,29.0,4.236967153233127e-05,3.787245601571315e-05,128.0,-4.497215516618116e-06,0.8938601784211402,41.778881,-87.58664699999999
Conservatory Dr & Lake St,212.0,66.0,9.073101378640635e-05,8.619248610472648e-05,278.0,-4.538527681679876e-06,0.9499787617150867,41.885502,-87.716866
Damen Ave & Chicago Ave,5244.0,1715.0,0.0022443086617731835,0.002239698691963726,6959.0,-4.609969809457604e-06,0.9979459297048093,41.89569719911461,-87.67713042376089
Sayre Ave & Diversey Ave,81.0,23.0,3.466609489008922e-05,3.0036775460738017e-05,104.0,-4.629319429351201e-06,0.8664635890596459,41.93098,-87.80106
Washtenaw Ave & Lawrence Ave,1503.0,489.0,0.0006432486496272111,0.0006386079652304735,1992.0,-4.640684396737616e-06,0.99278556249595,41.9687297,-87.6962603
Lincolnwood Dr & Central St,307.0,97.0,0.00013138877939823938,0.0001266768356387647,404.0,-4.711943759474693e-06,0.9641376689948394,42.064854,-87.715297
Public Rack - Champlain Ave & 65th St,69.0,19.0,2.953037712859452e-05,2.4812988424087928e-05,88.0,-4.717388704506593e-06,0.8402584246591447,41.775904,-87.609301
California Ave & 26th St,124.0,37.0,5.306908353544523e-05,4.832003008901333e-05,161.0,-4.749053446431896e-06,0.9105135486877456,41.8436799145765,-87.69496858119965
Narragansett Ave & North Ave,60.0,16.0,2.5678588807473495e-05,2.089514814660036e-05,76.0,-4.7834406608731355e-06,0.8137259635761372,41.909499999999994,-87.78491
Houston Ave & 92nd St,54.0,14.0,2.3110729926726145e-05,1.8283254628275314e-05,68.0,-4.8274752984508315e-06,0.7911244500625463,41.72820421535798,-87.54970014095306
Spaulding Ave & 16th St,54.0,14.0,2.3110729926726145e-05,1.8283254628275314e-05,68.0,-4.8274752984508315e-06,0.7911244500625463,41.8590732,-87.7078929
Keeler Ave & Roosevelt Rd,42.0,10.0,1.7975012165231448e-05,1.3059467591625225e-05,52.0,-4.915544573606224e-06,0.7265497748653236,41.866402,-87.7300171
Mayfield Ave & Roosevelt Rd,42.0,10.0,1.7975012165231448e-05,1.3059467591625225e-05,52.0,-4.915544573606224e-06,0.7265497748653236,41.86569,-87.77176
Public Rack - Lawndale Ave & Diversey Ave,64.0,17.0,2.739049472797173e-05,2.220109490576288e-05,81.0,-5.18939982220885e-06,0.8105470375477712,41.931702,-87.719254
Avers Ave & 16th St,58.0,15.0,2.482263584722438e-05,1.958920138743784e-05,73.0,-5.233434459786542e-06,0.7891753451430157,41.85909,-87.72121
Commercial Ave & 130th St,55.0,14.0,2.3538706406850706e-05,1.8283254628275314e-05,69.0,-5.255451778575392e-06,0.7767409802084061,41.659150427597744,-87.55076229572296
Public Rack - Kimbark Ave & 67th St,52.0,13.0,2.225477696647703e-05,1.6977307869112792e-05,65.0,-5.2774690973642385e-06,0.7628719453239725,41.774045,-87.594322
Fairfield Ave & Pratt Blvd,229.0,71.0,9.800661394852384e-05,9.27222199005391e-05,300.0,-5.284394047984738e-06,0.9460818008408995,42.0044482,-87.69859730000002
Homan Ave & Fillmore St,49.0,12.0,2.0970847526103356e-05,1.567136110995027e-05,61.0,-5.299486416153085e-06,0.7473047422475826,41.868114,-87.71092569999999
Ellis Ave & 83rd St,46.0,11.0,1.968691808572968e-05,1.4365414350787748e-05,57.0,-5.321503734941933e-06,0.7297071375566573,41.744123,-87.599034
Public Rack - Kedvale Ave & 63rd St W,104.0,30.0,4.450955393295406e-05,3.917840277487568e-05,134.0,-5.331151158078384e-06,0.8802272565264261,41.778760999999996,-87.726892
Ridge Blvd & Touhy Ave,510.0,163.0,0.0002182680048635247,0.00021286932174349117,673.0,-5.39868312003354e-06,0.9752659195774996,42.01213227742,-87.6829126443
Lawndale Ave & 59th St,59.0,15.0,2.5250612327348938e-05,1.958920138743784e-05,74.0,-5.6614109399111e-06,0.7758000215384477,41.78638,-87.71570000000001
Sedgwick St & North Ave*,59.0,15.0,2.5250612327348938e-05,1.958920138743784e-05,74.0,-5.6614109399111e-06,0.7758000215384477,41.910983,-87.638525
Orange Ave & Addison St,56.0,14.0,2.3966682886975263e-05,1.8283254628275314e-05,70.0,-5.683428258699949e-06,0.7628711842733663,41.94485,-87.82423
Homan Ave & 26th St,53.0,13.0,2.2682753446601588e-05,1.6977307869112792e-05,66.0,-5.705445577488796e-06,0.7484787695775468,41.84425,-87.70983
Dearborn St & Washington St,108.0,31.0,4.622145985345229e-05,4.0484349534038195e-05,139.0,-5.737110319414095e-06,0.8758804629263884,41.88299,-87.6293
Racine Ave & 115th St,41.0,9.0,1.754703568510689e-05,1.1753520832462701e-05,50.0,-5.7935148526441895e-06,0.6698482407600086,41.68476,-87.65196
Central Park Ave & 24th St,133.0,39.0,5.692087185656625e-05,5.0931923607338374e-05,172.0,-5.988948249227875e-06,0.8947865195944533,41.8481,-87.715068
Ave L & 114th,72.0,19.0,3.0814306568968196e-05,2.4812988424087928e-05,91.0,-6.001318144880268e-06,0.8052487931136225,41.68803,-87.53641
Washtenaw Ave & Ogden Ave,243.0,75.0,0.00010399828467026767,9.794600693718919e-05,318.0,-6.052277733078481e-06,0.9418046215195867,41.86193049278259,-87.69345045089722
University Ave & 65th St,298.0,93.0,0.00012753699107711836,0.00012145304860211459,391.0,-6.083942475003764e-06,0.9522970181385014,41.77694,-87.59842000000002
Kedzie Ave & Redfield Dr,57.0,14.0,2.439465936709982e-05,1.8283254628275314e-05,71.0,-6.111404738824507e-06,0.7494880278962086,41.76523,-87.70316
Wentworth Ave & 63rd St,115.0,33.0,4.9217295214324205e-05,4.309624305236324e-05,148.0,-6.121052161960967e-06,0.8756346164509263,41.78007963264,-87.6297463052
Halsted St & 104th St,48.0,11.0,2.05428710459788e-05,1.4365414350787748e-05,59.0,-6.177456695191051e-06,0.699304153469158,41.70513978893236,-87.6424241065979
Shore Dr & 53rd St,48.0,11.0,2.05428710459788e-05,1.4365414350787748e-05,59.0,-6.177456695191051e-06,0.699304153469158,41.79945,-87.58237
Albany Ave & Bloomingdale Ave,2181.0,710.0,0.0009334167031516616,0.000927222199005391,2891.0,-6.194504146270685e-06,0.9933636311746016,41.91402671273,-87.70512646200001
Greenview Ave & Jarvis Ave,1528.0,496.0,0.0006539480616303251,0.0006477495925446111,2024.0,-6.198469085713968e-06,0.9905214802659692,42.015962,-87.66857
Wood St & 35th St,396.0,125.0,0.00016947868612932507,0.0001632433448953153,521.0,-6.2353412340097685e-06,0.9632089167945959,41.83010465416,-87.6702983089
Monticello Ave & Lawrence Ave,506.0,161.0,0.00021655609894302648,0.00021025742822516612,667.0,-6.298670717860361e-06,0.9709145036177389,41.96834806534399,-87.71898711572858
Cicero Ave & Roscoe Ave,116.0,33.0,4.964527169444876e-05,4.309624305236324e-05,149.0,-6.549028642085524e-06,0.8680861942183302,41.942427,-87.747315
Tripp Ave & 65th St,110.0,31.0,4.707741281370141e-05,4.0484349534038195e-05,141.0,-6.5930632796632165e-06,0.8599557018680033,41.77491,-87.72883
Central Park Ave & Douglas Blvd,49.0,11.0,2.0970847526103356e-05,1.4365414350787748e-05,60.0,-6.605433175315608e-06,0.685033320641211,41.86235,-87.71587
Damen Ave & Pershing Rd,165.0,49.0,7.061611922055212e-05,6.39913911989636e-05,214.0,-6.624728021588526e-06,0.906188073165402,41.823192,-87.676597
Spaulding Ave & 63rd,43.0,9.0,1.8402988645356005e-05,1.1753520832462701e-05,52.0,-6.649467812893304e-06,0.6386942015109749,41.7791655,-87.7056392
Menard Ave & Lawrence Ave,153.0,45.0,6.548040145905742e-05,5.876760416231351e-05,198.0,-6.712797296743912e-06,0.897485436365605,41.96788,-87.77274
Kedzie Ave & Harrison St,74.0,19.0,3.167025952921731e-05,2.4812988424087928e-05,93.0,-6.857271105129383e-06,0.7834859993868122,41.87359967462,-87.7048707493
Laramie Ave & Addison St,126.0,36.0,5.392503649569434e-05,4.7014083329850806e-05,162.0,-6.910953165843535e-06,0.871843851042245,41.9456842,-87.75693440000002
Leamington Ave & Hirsch St,62.0,15.0,2.6534541767722613e-05,1.958920138743784e-05,77.0,-6.945340380284775e-06,0.7382627254766296,41.9058405,-87.7548602
Hastings LWS,175.0,52.0,7.48958840217977e-05,6.790923147645117e-05,227.0,-6.986652545346524e-06,0.9067163789709441,41.863516399999995,-87.6797485
Cicero Ave & Wellington Ave,50.0,11.0,2.1398824006227913e-05,1.4365414350787748e-05,61.0,-7.033409655440165e-06,0.6713332944517088,41.93515,-87.74636
Ravenswood Ave & Irving Park Rd,2479.0,807.0,0.00106095369422878,0.0010538990346441557,3286.0,-7.054659584624376e-06,0.9933506495395145,41.95469,-87.67393
California Ave & Madison St,105.0,29.0,4.493753041307862e-05,3.787245601571315e-05,134.0,-7.0650743973654664e-06,0.8427835905530793,41.88098,-87.69598
Halsted St & 35th St,1228.0,397.0,0.0005255551175929575,0.0005184608633875214,1625.0,-7.09425420543613e-06,0.9865014334950039,41.830661,-87.647172
Rockwell St & Cermak Rd,209.0,63.0,8.944708434603268e-05,8.227464582723892e-05,272.0,-7.172438518793765e-06,0.9198145094863411,41.851644,-87.690621
Halsted St & 21st St,1274.0,412.0,0.0005452420356786873,0.0005380500647749593,1686.0,-7.191970903727999e-06,0.9868096051978439,41.85377981072743,-87.6466029882431
Public Rack - Kedzie Ave & Argyle St,255.0,78.0,0.00010913400243176235,0.00010186384721467675,333.0,-7.270155217085607e-06,0.9333838360279385,41.972097000000005,-87.708572
Halsted St & Dickens Ave*,54.0,12.0,2.3110729926726145e-05,1.567136110995027e-05,66.0,-7.439368816775874e-06,0.6781128526353594,41.919936,-87.64883000000002
Public Rack - Forest Glen Station,48.0,10.0,2.05428710459788e-05,1.3059467591625225e-05,58.0,-7.483403454353574e-06,0.6357354737281437,41.97871,-87.75552
Public Rack - Irving Park Rd & Leclaire Ave,48.0,10.0,2.05428710459788e-05,1.3059467591625225e-05,58.0,-7.483403454353574e-06,0.6357354737281437,41.953418,-87.754841
Warren Park East,506.0,160.0,0.00021655609894302648,0.0002089514814660036,666.0,-7.604617477022886e-06,0.9648840074320373,42.00454962194,-87.68066614509999
Kilbourn Ave & Roscoe St,207.0,62.0,8.859113138578357e-05,8.096869906807639e-05,269.0,-7.622432317707175e-06,0.9139603913070506,41.942722,-87.739557
Hoyne Ave & 34th St,140.0,40.0,5.9916707217438156e-05,5.22378703665009e-05,180.0,-7.678836850937258e-06,0.8718436133900923,41.8320245,-87.6778387
Kedzie Ave & 24th St,64.0,15.0,2.739049472797173e-05,1.958920138743784e-05,79.0,-7.801293340533893e-06,0.715192857563653,41.848192999999995,-87.70541199999998
Western Ave & 104th St,58.0,13.0,2.482263584722438e-05,1.6977307869112792e-05,71.0,-7.845327978111589e-06,0.6839573370156087,41.70458710218908,-87.68120348453522
Vernon Ave & 79th St,52.0,11.0,2.225477696647703e-05,1.4365414350787748e-05,63.0,-7.889362615689283e-06,0.6455139432978365,41.75094,-87.61379
Halsted St & Court Pl,49.0,10.0,2.0970847526103356e-05,1.3059467591625225e-05,59.0,-7.911379934478131e-06,0.6227618990348395,41.883700000000005,-87.64721999999999
Mozart St & Jackson Blvd,159.0,46.0,6.804826033980476e-05,6.0073550921476034e-05,205.0,-7.97470941832873e-06,0.8828097560721906,41.8775,-87.69740000000002
Wacker Dr & Washington St Corral,1459.0,472.0,0.0006244176845017305,0.0006164068703247106,1931.0,-8.010814177019884e-06,0.9871707647835486,41.88316,-87.63736
Southport Ave & Clybourn Ave,3296.0,1074.0,0.0014106104784905441,0.0014025868193405491,4370.0,-8.023659149995017e-06,0.994311928357069,41.92126022238193,-87.66539180184805
Wallace St & Pershing Rd,202.0,60.0,8.645124898516077e-05,7.835680554975135e-05,262.0,-8.094443435409412e-06,0.9063709327353786,41.82348386197183,-87.6408699859155
Albany Ave & Douglas Blvd,83.0,21.0,3.552204785033834e-05,2.742488194241297e-05,104.0,-8.097165907925369e-06,0.7720588069458615,41.86310853149135,-87.70312034955664
Cottage Grove Ave & Oakwood Blvd,535.0,169.0,0.00022896741686663868,0.0002207050022984663,704.0,-8.26241456817239e-06,0.9639146102277294,41.822985,-87.6071
Cicero Ave & Wrightwood Ave,178.0,52.0,7.617981346217138e-05,6.790923147645117e-05,230.0,-8.27058198572021e-06,0.8914348428449497,41.9279057,-87.7467295
Calumet Ave & 35th St,703.0,224.0,0.0003008674655275645,0.000292532074052405,927.0,-8.335391475159466e-06,0.9722955629113753,41.831379,-87.618034
Le Mai Ave & Devon Ave,44.0,8.0,1.8830965125480563e-05,1.044757407330018e-05,52.0,-8.383391052180383e-06,0.5548318512528867,41.99722,-87.75687
California Ave & Montrose Ave,1692.0,548.0,0.0007241362043707526,0.0007156588240210623,2240.0,-8.477380349690335e-06,0.9882931296741522,41.961068,-87.69543899999998
University Library (NU),1451.0,469.0,0.0006209938726607341,0.0006124890300472231,1920.0,-8.504842613510973e-06,0.9863044881883309,42.052939,-87.673447
Spaulding Ave & Division St,1027.0,330.0,0.00043953184508792136,0.00043096243052363244,1357.0,-8.569414564288922e-06,0.980503357917257,41.90270659438,-87.709219571
St Louis Ave & Norman Bobbins Pl,60.0,13.0,2.5678588807473495e-05,1.6977307869112792e-05,73.0,-8.701280938360703e-06,0.6611596469243939,41.79439000000001,-87.71132
Valli Produce - Evanston Plaza,414.0,129.0,0.00017718226277156713,0.0001684671319319654,543.0,-8.715130839601727e-06,0.9508129001392323,42.03974199999999,-87.699413
Wentworth Ave & 107th St,45.0,8.0,1.9258941605605123e-05,1.044757407330018e-05,53.0,-8.811367532304943e-06,0.5425028947262948,41.69989,-87.62785
MLK Jr Dr & 63rd St,103.0,27.0,4.4081577452829504e-05,3.526056249738811e-05,130.0,-8.821014955441395e-06,0.7998979309937059,41.78008063659,-87.6159428567
Public Rack - California Ave & Cortez St,146.0,41.0,6.24845660981855e-05,5.354381712566342e-05,187.0,-8.940748972522083e-06,0.8569149720357305,41.900105,-87.696817
Central Park Ave & Ohio St,70.0,16.0,2.9958353608719078e-05,2.089514814660036e-05,86.0,-9.063205462118718e-06,0.6974832774936423,41.8918718,-87.7163879
Broadway & Cornelia Ave,9914.0,3242.0,0.004242958823954871,0.004233879393204898,13156.0,-9.079430749973395e-06,0.9978601186137298,41.945529,-87.646439
Central Park Ave & North Ave,647.0,205.0,0.0002769007826405892,0.00026771908562831713,852.0,-9.181697012272097e-06,0.9668413221297687,41.90965687563,-87.7166319516
Dodge Ave & Church St,400.0,124.0,0.0001711905920498233,0.00016193739813615278,524.0,-9.253193913670522e-06,0.9459483155517504,42.048308,-87.698224
Stewart Ave & 123rd St,65.0,14.0,2.781847120809629e-05,1.8283254628275314e-05,79.0,-9.535216579820975e-06,0.6572466633713029,41.6706,-87.63244
Damen Ave & Thomas St (Augusta Blvd),3974.0,1295.0,0.0017007785320149946,0.0016912010531154665,5269.0,-9.577478899528086e-06,0.9943687710727673,41.901315,-87.677409
Sacramento Ave & 25th St,47.0,8.0,2.0114894565854238e-05,1.044757407330018e-05,55.0,-9.667320492554058e-06,0.5194188127748558,41.846506,-87.700139
Pulaski Rd & Congress Pkwy,105.0,27.0,4.493753041307862e-05,3.526056249738811e-05,132.0,-9.67696791569051e-06,0.7846621189714253,41.87441021003816,-87.72609159350395
Halsted St & 96th St,112.0,29.0,4.7933365773950526e-05,3.787245601571315e-05,141.0,-1.0060909758237374e-05,0.790110715020561,41.71971218361882,-87.6430195569992
California Ave & Granville Ave,643.0,203.0,0.000275188876720091,0.0002651071921099921,846.0,-1.0081684610098918e-05,0.9633646239815955,41.9941803,-87.6995596
North Boundary Park,286.0,86.0,0.00012240127331562367,0.00011231142128797693,372.0,-1.0089852027646737e-05,0.9175680993960851,42.01302999999999,-87.70891
Western Ave & 111th St,45.0,7.0,1.9258941605605123e-05,9.141627314137657e-06,52.0,-1.0117314291467466e-05,0.47469652304018023,41.691211034981045,-87.68129736185074
Clark/Newport,274.0,82.0,0.00011726555555412897,0.00010708763425132685,356.0,-1.0177921302802122e-05,0.913206956112017,41.9449,-87.65460000000002
Clyde Ave & 87th St,61.0,12.0,2.6106565287598056e-05,1.567136110995027e-05,73.0,-1.0435204177647785e-05,0.6002996042451784,41.73715146431056,-87.57274031639099
Grace St & Cicero Ave,177.0,50.0,7.575183698204681e-05,6.529733795812612e-05,227.0,-1.0454499023920688e-05,0.861991980229092,41.94973,-87.74695
Marshfield Ave & Wabansia Ave,92.0,22.0,3.937383617145936e-05,2.8730828701575495e-05,114.0,-1.0643007469883866e-05,0.729700272947462,41.91218,-87.66888
State St & Van Buren St,4178.0,1361.0,0.0017880857339604044,0.0017773935392201932,5539.0,-1.0692194740211233e-05,0.9940203153811621,41.877181,-87.627844
Public Rack - Milwaukee Ave & Diversey Ave,260.0,77.0,0.00011127388483238515,0.00010055790045551424,337.0,-1.0715984376870918e-05,0.903698086113389,41.93123,-87.711501
Western Ave & Congress Pkwy,907.0,289.0,0.0003881746674729744,0.000377418613397969,1196.0,-1.0756054075005382e-05,0.9722907565406473,41.87474885079,-87.68644527569998
Public Rack - Hyde Park Blvd & 53rd St,160.0,44.0,6.847623681992932e-05,5.746165740315099e-05,204.0,-1.101457941677833e-05,0.8391497681814654,41.799468,-87.584206
Harlem Ave & Bloomingdale Ave,84.0,19.0,3.5950024330462896e-05,2.4812988424087928e-05,103.0,-1.1137035906374969e-05,0.6902164510250667,41.91203,-87.80577
Desplaines St & Randolph St,3810.0,1240.0,0.0016305903892745671,0.0016193739813615278,5050.0,-1.1216407913039374e-05,0.9931212638636406,41.883703000000004,-87.644238
Cottage Grove Ave & 43rd St,295.0,88.0,0.0001262530616367447,0.00011492331480630198,383.0,-1.1329746830442716e-05,0.9102623180310794,41.816499,-87.606582
South Shore Dr & 67th St,472.0,146.0,0.0002020048986187915,0.00019066822683772827,618.0,-1.1336671781063233e-05,0.9438795012493331,41.773643,-87.567514
Wentworth Ave & Cermak Rd,51.0,8.0,2.1826800486352474e-05,1.044757407330018e-05,59.0,-1.1379226413052294e-05,0.4786819487301529,41.85308455741279,-87.63193130493164
Pine Ave & Division St,94.0,22.0,4.0229789131708476e-05,2.8730828701575495e-05,116.0,-1.149896043013298e-05,0.7141751211370122,41.9019265060241,-87.76371771084338
SCOOTERS CLASSIC - 2132 W Hubbard ST,91.0,21.0,3.8945859691334804e-05,2.742488194241297e-05,112.0,-1.1520977748921833e-05,0.7041872479519803,41.88996749470834,-87.6801560819149
Damen Ave & Division St,4238.0,1380.0,0.001813764322767878,0.001802206527644281,5618.0,-1.1557795123597102e-05,0.9936277339860267,41.903266,-87.678435
Francisco Ave & 47th St,67.0,13.0,2.8674424168345403e-05,1.6977307869112792e-05,80.0,-1.169711629923261e-05,0.592085674807734,41.80849,-87.69673000000002
Pulaski Rd & 51st St,363.0,110.0,0.00015535546228521464,0.00014365414350787746,473.0,-1.1701318777337184e-05,0.9246808365405808,41.800434,-87.7247496
Albany Ave & 26th St,122.0,31.0,5.221313057519611e-05,4.0484349534038195e-05,153.0,-1.1728781041157917e-05,0.7753715151061124,41.844507,-87.701655
Avers Ave & Foster Ave,119.0,30.0,5.0929201134822434e-05,3.917840277487568e-05,149.0,-1.1750798359946757e-05,0.7692764195287578,41.97541,-87.72451999999998
Dodge Ave & Mulford St,235.0,68.0,0.0001005744728292712,8.880437962305153e-05,303.0,-1.177009320621967e-05,0.88297252923484,42.023463,-87.699595
Stockton Dr & Wrightwood Ave,6213.0,2027.0,0.0026590178710138804,0.002647154080822433,8240.0,-1.1863790191447409e-05,0.9955382828152236,41.93132,-87.63874200000001
Exchange Ave & 79th St,98.0,23.0,4.194169505220671e-05,3.0036775460738017e-05,121.0,-1.1904919591468694e-05,0.7161622643311198,41.75211500633265,-87.55200700025293
Franklin St & Chicago Ave*,95.0,22.0,4.065776561183303e-05,2.8730828701575495e-05,117.0,-1.1926936910257537e-05,0.7066576731786857,41.89679,-87.63564
Wabash Ave & Cermak Rd,1496.0,481.0,0.0006402528142663392,0.0006281603911571733,1977.0,-1.2092423109165873e-05,0.9811130791574862,41.852619,-87.626488
Public Rack - Western Ave & 47th Pl,71.0,14.0,3.038633008884364e-05,1.8283254628275314e-05,85.0,-1.2103075460568325e-05,0.6017065196191148,41.808038,-87.68470899999998
Campbell Ave & 51st St,65.0,12.0,2.781847120809629e-05,1.567136110995027e-05,77.0,-1.2147110098146018e-05,0.5633594180391592,41.80094,-87.68676
Indiana Ave & 40th St,169.0,46.0,7.232802514105035e-05,6.0073550921476034e-05,215.0,-1.2254474219574316e-05,0.8305732146164474,41.821679964801916,-87.62159931493291
Lavergne Ave & Diversey Ave,78.0,16.0,3.3382165449715546e-05,2.089514814660036e-05,94.0,-1.2487017303115186e-05,0.6259486739828746,41.93128,-87.75141
Public Rack - Campbell Ave & Pratt Blvd,48.0,6.0,2.05428710459788e-05,7.835680554975135e-06,54.0,-1.2707190491003663e-05,0.38146075476408653,42.00507,-87.692643
Baltimore Ave & 87th St,48.0,6.0,2.05428710459788e-05,7.835680554975135e-06,54.0,-1.2707190491003663e-05,0.38146075476408653,41.73733560041666,-87.54851460456847
Broadway & Granville Ave,3249.0,1055.0,0.00139049558392469,0.0013777738309164612,4304.0,-1.272175300822873e-05,0.9908509282544791,41.9947796884,-87.6602845349
Big Marsh Park,103.0,24.0,4.4081577452829504e-05,3.134272221990054e-05,127.0,-1.2738855232928963e-05,0.7110229036276258,41.68587705562333,-87.57382392883301
Southport Ave & Wrightwood Ave,4549.0,1481.0,0.0019468650080866157,0.0019341071503196957,6030.0,-1.2757857766919952e-05,0.9934469769804762,41.92877300000001,-87.663913
Austin Ave & Milwaukee Ave,94.0,21.0,4.0229789131708476e-05,2.742488194241297e-05,115.0,-1.2804907189295505e-05,0.6817137454755234,41.98736,-87.77804999999998
Public Rack - Hamlin Ave & Fullerton Ave,107.0,25.0,4.579348337332773e-05,3.264866897906306e-05,132.0,-1.3144814394264673e-05,0.7129607449197547,41.924319,-87.721446
Public Rack - Jonathan Y Scammon Public School,175.0,47.0,7.48958840217977e-05,6.137949768063856e-05,222.0,-1.3516386341159135e-05,0.8195333955785747,41.941612,-87.73237200000001
Wabash Ave & 59th St,53.0,7.0,2.2682753446601588e-05,9.141627314137657e-06,60.0,-1.3541126132463931e-05,0.4030473764255879,41.78656330002277,-87.62392012393944
Karlov Ave & Lawrence Ave,276.0,80.0,0.00011812150851437808,0.0001044757407330018,356.0,-1.3645767781376287e-05,0.8844778361635005,41.967947,-87.730409
Milwaukee Ave & Grand Ave,6840.0,2231.0,0.002927359124051979,0.0029135672196915876,9071.0,-1.3791904360391238e-05,0.9952886205400309,41.891578,-87.648384
Elston Ave & Henderson St,539.0,166.0,0.0002306793227871369,0.00021678716202097872,705.0,-1.3892160766158193e-05,0.9397774348574267,41.941499,-87.701051
Kostner Ave & Bryn Mawr Ave,155.0,40.0,6.633635441930654e-05,5.22378703665009e-05,195.0,-1.4098484052805637e-05,0.7874729226659893,41.982765,-87.738094
Wood St & Milwaukee Ave*,73.0,13.0,3.124228304909275e-05,1.6977307869112792e-05,86.0,-1.4264975179979961e-05,0.5434226563973663,41.907655,-87.672552
Central Park Ave & Bloomingdale Ave,1196.0,381.0,0.0005118598702289717,0.000497565715240921,1577.0,-1.4294154988050696e-05,0.9720741400262606,41.914166,-87.716755
Public Rack - South Shore Dr & 71st St,95.0,20.0,4.065776561183303e-05,2.611893518325045e-05,115.0,-1.4538830428582584e-05,0.6424183024299362,41.766206,-87.562789
Clinton St & Tilden St,3772.0,1225.0,0.0016143272830298338,0.00159978477997409,4997.0,-1.4542503055743746e-05,0.9909916073399583,41.875885,-87.640795
Ada St & Washington Blvd,3913.0,1271.0,0.0016746719667273965,0.001659858330895566,5184.0,-1.4813635831830351e-05,0.9911543112439566,41.88283,-87.661206
Farragut Ave & Central Ave,151.0,38.0,6.46244484988083e-05,4.9625976848175855e-05,189.0,-1.499847165063245e-05,0.7679169429530687,41.976659999999995,-87.76823
Kenwood Ave & 57th St,146.0,36.0,6.24845660981855e-05,4.7014083329850806e-05,182.0,-1.54704827683347e-05,0.7524150978479501,41.79153999999999,-87.59295
LaSalle St & Adams St Corral,467.0,141.0,0.0001998650162181687,0.00018413849304191568,608.0,-1.572652317625303e-05,0.9213146713291851,41.87937994371794,-87.63207985027061
Milwaukee Ave & Highland Ave,110.0,24.0,4.707741281370141e-05,3.134272221990054e-05,134.0,-1.573469059380087e-05,0.6657769526753982,41.99636,-87.78674
Elston Ave & Carmen Ave,150.0,37.0,6.419647201868374e-05,4.832003008901333e-05,187.0,-1.5876441929670405e-05,0.7526936586373713,41.97354,-87.74955
Central Park Blvd & 5th Ave,126.0,29.0,5.392503649569434e-05,3.787245601571315e-05,155.0,-1.605258047998119e-05,0.7023222635458682,41.875679,-87.71547
Stony Island Ave & 63rd St,291.0,83.0,0.00012454115571624647,0.00010839358101048936,374.0,-1.614757470575711e-05,0.8703445061401756,41.780506,-87.586853
Milwaukee Ave & Agatite Ave,224.0,61.0,9.586673154790105e-05,7.966275230891387e-05,285.0,-1.6203979238987187e-05,0.8309756684824576,41.9615,-87.75489
McCormick Blvd & Devon Ave,566.0,173.0,0.0002422346877505,0.0002259287893351164,739.0,-1.6305898415383606e-05,0.9326858128675966,41.997197299082565,-87.71105704770642
Chicago Ave & Washington St,1494.0,477.0,0.00063939686130609,0.0006229366041205232,1971.0,-1.646025718556683e-05,0.9742566277091642,42.032562,-87.679101
Broadway & Ridge Ave,2440.0,787.0,0.0010442626115039222,0.0010277800994609053,3227.0,-1.6482512043016883e-05,0.9842161386632259,41.9840446107,-87.6602738295
Damen Ave & Cortland St,5214.0,1696.0,0.0022314693673694467,0.002214885703539638,6910.0,-1.6583663829808533e-05,0.992568279609575,41.915983,-87.67733500000001
Lawndale Ave & 30th St,91.0,17.0,3.8945859691334804e-05,2.220109490576288e-05,108.0,-1.6744764785571922e-05,0.570061234248947,41.8389124,-87.7168955
Kedzie Ave & 21st St,317.0,91.0,0.00013566854419948498,0.00011884115508378954,408.0,-1.682738911569544e-05,0.8759678215550509,41.85353363213,-87.7050730318
Western Ave & Gunnison St,241.0,66.0,0.00010314233171001854,8.619248610472648e-05,307.0,-1.6949845605292063e-05,0.835667072952951,41.96965951655629,-87.68953755099338
Ashland Ave & Lake St,2704.0,873.0,0.0011572484022568056,0.0011400915207488821,3577.0,-1.7156881507923456e-05,0.9851744304430272,41.88592,-87.66717
Perry Ave & 69th St,129.0,29.0,5.520896593606802e-05,3.787245601571315e-05,158.0,-1.7336509920354867e-05,0.6859894834850979,41.76929308995,-87.62819592909999
Southport Ave & Wrightwood Ave*,59.0,6.0,2.5250612327348938e-05,7.835680554975135e-06,65.0,-1.7414931772373803e-05,0.3103437694743778,41.928773,-87.663913
Pulaski Rd & Eddy St,346.0,100.0,0.00014807986212309716,0.00013059467591625224,446.0,-1.748518620684492e-05,0.8819213640699244,41.946264,-87.731023
Desplaines St & Kinzie St,10779.0,3519.0,0.004613158479262614,0.004595626645492916,14298.0,-1.7531833769697698e-05,0.9961996037968104,41.888716036,-87.6444478533
Cottage Grove Ave & 49th St,93.0,17.0,3.980181265158392e-05,2.220109490576288e-05,110.0,-1.7600717745821037e-05,0.5578021608701406,41.806273,-87.606643
N Shore Channel Trail & Argyle St,383.0,112.0,0.00016391499188770582,0.0001462660370262025,495.0,-1.7648954861503307e-05,0.892329267826448,41.972177,-87.702749
Marshfield Ave & Diversey Pkwy,139.0,32.0,5.94887307373136e-05,4.179029629320072e-05,171.0,-1.769843444411288e-05,0.7024959732585925,41.93204,-87.6697
Wood St & Chicago Ave,3899.0,1264.0,0.0016686802960056528,0.0016507167035814284,5163.0,-1.796359242422444e-05,0.9892348572089684,41.895634,-87.672069
Clinton St & Polk St,662.0,203.0,0.00028332042984245757,0.0002651071921099921,865.0,-1.821323773246549e-05,0.9357152837235324,41.87146651779,-87.6409491327
Keystone Ave & Fullerton Ave,720.0,222.0,0.00030814306568968197,0.00028992018053407997,942.0,-1.8222885155602003e-05,0.9408624497933592,41.92459,-87.72785
Lawler Ave & North Ave,89.0,15.0,3.808990673108569e-05,1.958920138743784e-05,104.0,-1.850070534364785e-05,0.5143012616040045,41.90917540000001,-87.7522545
California Ave & Winona St,266.0,73.0,0.0001138417437131325,9.533411341886414e-05,339.0,-1.850763029426836e-05,0.8374281074874218,41.97471199999999,-87.697852
Lincoln Ave & Belle Plaine Ave,2537.0,817.0,0.0010857763300760044,0.0010669585022357808,3354.0,-1.8817827840223638e-05,0.9826687965211924,41.95600355078549,-87.68016144633293
Paulina St & 18th St,2357.0,758.0,0.0010087405636535838,0.000989907643445192,3115.0,-1.8832920208391784e-05,0.9813302823171275,41.857901,-87.668745
Wacker Dr & Washington St,6625.0,2156.0,0.0028353441808251986,0.0028156212127543982,8781.0,-1.97229680708004e-05,0.9930438917264175,41.88314336439022,-87.63724207878113
Southport Ave & Waveland Ave*,81.0,11.0,3.466609489008922e-05,1.4365414350787748e-05,92.0,-2.0300680539301472e-05,0.41441067953158317,41.948226,-87.6640712
St. Clair St & Erie St 2,130.0,27.0,5.563694241619258e-05,3.526056249738811e-05,157.0,-2.0376379918804467e-05,0.6337682697469015,41.89445,-87.62268000000002
California Ave & 23rd Pl,286.0,78.0,0.00012240127331562367,0.00010186384721467675,364.0,-2.0537426100946922e-05,0.8322136873390449,41.84910969176,-87.69513980680001
Michigan Ave & 11th St,363.0,103.0,0.00015535546228521464,0.00013451251619373981,466.0,-2.084294609147483e-05,0.865837920194077,41.86959,-87.623961
St Louis Ave & Foster Ave,284.0,77.0,0.00012154532035537455,0.00010055790045551424,361.0,-2.098741989986032e-05,0.8273298620764681,41.97598370000001,-87.7159844
Oakley Ave & Lyndale St,92.0,14.0,3.937383617145936e-05,1.8283254628275314e-05,106.0,-2.1090581543184047e-05,0.46436395439604533,41.92261,-87.68513
Lock St & 31st St,196.0,48.0,8.388339010441342e-05,6.268544443980108e-05,244.0,-2.119794566461234e-05,0.7472957049788809,41.83796199975824,-87.65904880162913
Cannon Dr & Fullerton Ave,2079.0,665.0,0.0008897631021789566,0.0008684545948430774,2744.0,-2.1308507335879192e-05,0.9760515092891515,41.9267559875,-87.6344287848
California Ave & Francis Pl,2012.0,643.0,0.0008610886780106113,0.0008397237661415019,2655.0,-2.1364911869109363e-05,0.9751885170445092,41.91849116331977,-87.69742283132375
Lincoln Ave & Addison St,2070.0,662.0,0.0008859113138578356,0.0008645367545655899,2732.0,-2.1374559292245765e-05,0.9758728274142989,41.946176,-87.673308
Clark St & Lincoln Ave,10959.0,3575.0,0.004690194245685034,0.0046687596640060175,14534.0,-2.143458167901645e-05,0.9954299169744082,41.915689,-87.6346
Western Ave & Lunt Ave,862.0,266.0,0.00036891572586736924,0.00034738183793723095,1128.0,-2.1533887930138282e-05,0.9416294073425122,42.0085943972,-87.6904922389
Austin Blvd & Lake St,188.0,45.0,8.045957826341695e-05,5.876760416231351e-05,233.0,-2.1691974101103442e-05,0.7304024583307508,41.88794379427211,-87.77427345514297
Central Park Ave & Ogden Ave,265.0,70.0,0.00011341376723300794,9.141627314137658e-05,335.0,-2.1997494091631365e-05,0.8060438280807116,41.854063503874464,-87.71511733531952
Harper Ave & 55th St,262.0,69.0,0.00011212983779263427,9.011032638221405e-05,331.0,-2.2019511410420218e-05,0.8036266218652417,41.7953,-87.58833
Western Ave & Monroe St,693.0,210.0,0.0002965877007263189,0.0002742488194241297,903.0,-2.233888130218916e-05,0.9246806056755256,41.88142526,-87.6866316818
State St & Chicago Ave,14462.0,4722.0,0.006189395855561362,0.006166680596765431,19184.0,-2.2715258795930407e-05,0.9963299721562497,41.896617200407526,-87.62857854366302
California Ave & 41st St,179.0,41.0,7.660778994229594e-05,5.354381712566342e-05,220.0,-2.3063972816632513e-05,0.6989382963233723,41.81867,-87.69441
Western Blvd & 48th Pl,265.0,69.0,0.00011341376723300794,9.011032638221405e-05,334.0,-2.330344085079389e-05,0.7945290422109008,41.805661,-87.683392
Wood St & Walnut St,156.0,33.0,6.676433089943109e-05,4.309624305236324e-05,189.0,-2.3668087847067854e-05,0.6455033244316696,41.88417586306651,-87.67124295169083
Francisco Ave & Bloomingdale Ave,526.0,154.0,0.00022511562854551765,0.00020111580091102847,680.0,-2.399982763448918e-05,0.8933893609301433,41.9139595955414,-87.69938705732484
Monticello Ave & Irving Park Rd,1155.0,360.0,0.0004943128345438648,0.00047014083329850807,1515.0,-2.417200124535672e-05,0.9510998892684002,41.95400483876,-87.7191281797
Lynch Ave & Elston Ave,118.0,20.0,5.0501224654697876e-05,2.611893518325045e-05,138.0,-2.4382289471447427e-05,0.5172036551229569,41.98096,-87.76149
Sheffield Ave & Willow St,4555.0,1474.0,0.001949432866967363,0.0019249655230055582,6029.0,-2.4467343961804807e-05,0.9874490002577685,41.913688,-87.652855
Western Ave & Berteau Ave,733.0,221.0,0.00031370675993130123,0.00028861423377491747,954.0,-2.5092526156383758e-05,0.9200130523966676,41.95774,-87.688273
Rockwell/Irving Park Hub,117.0,19.0,5.007324817457332e-05,2.4812988424087928e-05,136.0,-2.526025975048539e-05,0.4955439038760838,41.954212,-87.69317000000001
May St & Hubbard St,233.0,57.0,9.971851986902208e-05,7.443896527226378e-05,290.0,-2.52795545967583e-05,0.746493418440421,41.89008,-87.65597
Loomis St & Jackson Blvd,2928.0,940.0,0.0012531151338047066,0.001227589953612771,3868.0,-2.5525180191935575e-05,0.9796306347804843,41.877945,-87.662007
Parnell Ave & 31st St,182.0,40.0,7.789171938266961e-05,5.22378703665009e-05,222.0,-2.565384901616871e-05,0.6706515163485685,41.837911,-87.640279
Halsted St & Archer Ave,1238.0,386.0,0.0005298348823942031,0.0005040954490367337,1624.0,-2.5739433357469476e-05,0.9514199883157044,41.847203,-87.646795
Winchester (Ravenswood) Ave & Balmoral Ave,1101.0,341.0,0.0004712021046171387,0.0004453278448744202,1442.0,-2.5874259742718494e-05,0.9450889446839663,41.979762,-87.67753
Kedzie Ave & Lake St,268.0,68.0,0.00011469769667338161,8.880437962305153e-05,336.0,-2.5893317050330086e-05,0.7742492478003963,41.88460328501,-87.70630374359999
Dorchester Ave & 63rd St,491.0,141.0,0.0002101364517411581,0.00018413849304191568,632.0,-2.599795869924243e-05,0.8762811746129574,41.78040564570001,-87.5914159893
Sedgwick St & Schiller St,2130.0,678.0,0.0009115899026653091,0.0008854319027121903,2808.0,-2.6157999953118857e-05,0.9713051107940656,41.907626,-87.638566
Dearborn St & Adams St Corral,409.0,114.0,0.00017504238037094433,0.00014887793054452756,523.0,-2.6164449826416772e-05,0.850525910942932,41.87939,-87.62988
Granville Ave & Clark St,101.0,13.0,4.322562449258038e-05,1.6977307869112792e-05,114.0,-2.624831662346759e-05,0.3927743160243064,41.9944,-87.66983
Waveland/Wilton Corral,77.0,5.0,3.295418896959099e-05,6.529733795812612e-06,82.0,-2.642445517377838e-05,0.1981701213074144,41.9489031,-87.65314100000002
Michigan Ave & Lake St,10864.0,3540.0,0.004649536480073201,0.004623051527435329,14404.0,-2.6484952637871595e-05,0.9943037446732326,41.886022,-87.624398
Elston Ave & George St,847.0,257.0,0.00036249607866550084,0.00033562831710476826,1104.0,-2.686776156073258e-05,0.925881439763201,41.934003,-87.690823
Kilbourn Ave & Irving Park Rd,369.0,100.0,0.00015792332116596202,0.00013059467591625224,469.0,-2.7328645249709776e-05,0.8269510038229626,41.953733,-87.740569
Damen Ave & Evergreen Ave,159.0,31.0,6.804826033980476e-05,4.0484349534038195e-05,190.0,-2.756391080576657e-05,0.5949418014519796,41.90605,-87.67758
Wood St & Taylor St (Temp),3400.0,1093.0,0.0014551200324234982,0.001427399807764637,4493.0,-2.7720224658861134e-05,0.9809498838645104,41.869265218438194,-87.67373085021973
Addison/Wilton Corral,306.0,79.0,0.00013096080291811484,0.00010316979397383927,385.0,-2.779100894427557e-05,0.7877930180783158,41.9473827,-87.6531716
Shields Ave & 28th Pl,993.0,304.0,0.0004249806447636864,0.00039700781478540684,1297.0,-2.797282997827954e-05,0.9341787337807637,41.842733,-87.635491
Dorchester Ave & 53rd St,200.0,44.0,8.559529602491165e-05,5.746165740315099e-05,244.0,-2.813363862176066e-05,0.6713217752603133,41.79943,-87.59227
Francisco Ave & Montrose Ave,664.0,196.0,0.0002841763828027067,0.0002559655647958544,860.0,-2.8210818006852334e-05,0.9007281377264355,41.9610471,-87.700901
Central St & Girard Ave,473.0,133.0,0.00020243287509891608,0.00017369091896861548,606.0,-2.87419561303006e-05,0.8580180509993384,42.064313,-87.686152
Wentworth Ave & Cermak Rd*,3104.0,995.0,0.001328438994306629,0.0012994170253667098,4099.0,-2.9021968939919136e-05,0.978153345981527,41.853214418519656,-87.63187229633331
Kenosha Ave & Wellington Ave,190.0,40.0,8.131553122366607e-05,5.22378703665009e-05,230.0,-2.9077660857165167e-05,0.6424139050252243,41.934457,-87.733795
Kenmore Ave & School St,117.0,16.0,5.007324817457332e-05,2.089514814660036e-05,133.0,-2.917810002797296e-05,0.4173032827921917,41.94166,-87.6556
Damen Ave & Madison St,1350.0,420.0,0.0005777682481681537,0.0005484976388482595,1770.0,-2.9270609319894205e-05,0.9493385821195951,41.88137,-87.67493
Lincoln Ave & Peterson Ave,371.0,99.0,0.00015877927412621113,0.00012928872915708971,470.0,-2.9490544969121415e-05,0.8142682072353647,41.990267,-87.70857
St. Clair St & Erie St 1,97.0,9.0,4.1513718572082154e-05,1.1753520832462701e-05,106.0,-2.976019773961945e-05,0.2831410457968849,41.894400000000005,-87.62286
Whipple/Irving Park,451.0,125.0,0.0001930173925361758,0.0001632433448953153,576.0,-2.9774047640860485e-05,0.8457450233128421,41.954189,-87.704448
Sheffield Ave & Wellington Ave,6905.0,2240.0,0.002955177595260075,0.0029253207405240504,9145.0,-2.985685473602456e-05,0.9898967680721859,41.936253484169214,-87.6526620968688
Claremont Ave & Hirsch St,1205.0,372.0,0.0005157116585500927,0.00048581219440845837,1577.0,-2.9899464141634313e-05,0.9420230167983552,41.907781,-87.685854
Clarendon Ave & Leland Ave,3448.0,1107.0,0.001475662903469477,0.0014456830623929124,4555.0,-2.9979841076564588e-05,0.9796838284069441,41.967968,-87.65000100000002
Leavitt St & Chicago Ave,2734.0,873.0,0.0011700876966605424,0.0011400915207488821,3607.0,-2.9996175911660254e-05,0.9743641862388125,41.895501,-87.682017
Winchester Ave & Elston Ave,1642.0,515.0,0.0007027373803645246,0.0006725625809686991,2157.0,-3.0174799395825576e-05,0.9570611194166265,41.92409085038,-87.6764600747
Racine Ave & Belmont Ave,5042.0,1629.0,0.002157857412788023,0.0021273872706757493,6671.0,-3.047014211227366e-05,0.9858794525480913,41.939743,-87.658865
Campbell Ave & Irving Park Rd,390.0,104.0,0.00016691082724857773,0.00013581846295290234,494.0,-3.109236429567539e-05,0.8137198255617303,41.953634,-87.690782
Loomis St & Lexington St*,129.0,18.0,5.520896593606802e-05,2.3507041664925403e-05,147.0,-3.170192427114261e-05,0.4257934462801013,41.87222873224032,-87.66136385500431
Shore Dr & 55th St,5589.0,1807.0,0.002391960547416156,0.002359845793806678,7396.0,-3.211475360947796e-05,0.9865738838301272,41.795212,-87.580715
Fairfield Ave & Roosevelt Rd,158.0,27.0,6.762028385968021e-05,3.526056249738811e-05,185.0,-3.23597213622921e-05,0.5214565664053168,41.866624,-87.694521
Keystone Ave & Montrose Ave,604.0,173.0,0.0002584977939952332,0.0002259287893351164,777.0,-3.2569004660116835e-05,0.8740071311097976,41.96110801623001,-87.7289701012
Damen Ave & Cullerton St,1383.0,428.0,0.0005918914720122641,0.0005589452129215597,1811.0,-3.294625909070446e-05,0.9443374250415846,41.854966518753926,-87.67569959163664
Fort Dearborn Dr & 31st St,611.0,175.0,0.0002614936293561051,0.00022854068285344144,786.0,-3.295294650266367e-05,0.8739823200812734,41.83855595291223,-87.60821812148446
Sheffield Ave & Fullerton Ave*,149.0,23.0,6.376849553855918e-05,3.0036775460738017e-05,172.0,-3.373172007782116e-05,0.4710367426785621,41.9256163,-87.6536574
Fort Dearborn Dr & 31st St*,1724.0,539.0,0.0007378314517347385,0.0007039053031885996,2263.0,-3.392614854613892e-05,0.9540191699804282,41.83867628233386,-87.60883195345701
Larrabee St & Kingsbury St 1,1010.0,305.0,0.00043225624492580387,0.00039831376154456934,1315.0,-3.394248338123453e-05,0.9214761955301393,41.89777797048414,-87.64288463116276
Ogden Ave & Roosevelt Rd,772.0,227.0,0.000330397842656159,0.0002964499143298926,999.0,-3.394792832626638e-05,0.8972516729981543,41.86650148316,-87.68469707
Field Museum,4178.0,1343.0,0.0017880857339604044,0.0017538864975552677,5521.0,-3.4199236405136734e-05,0.9808738380775359,41.8653120005395,-87.61786701481803
Damen Ave & Foster Ave,2622.0,833.0,0.0011221543308865918,0.0010878536503823812,3455.0,-3.430068050421062e-05,0.9694332152063918,41.9758109755749,-87.67950989857908
Rockwell Ave & Logan Blvd,233.0,50.0,9.971851986902208e-05,6.529733795812612e-05,283.0,-3.442118191089596e-05,0.654820019629989,41.928110000000004,-87.69268
Racine Ave & Washington Blvd,2717.0,864.0,0.0011628120964984247,0.0011283379999164195,3581.0,-3.447409658200525e-05,0.9703528480322272,41.883073,-87.656952
Larrabee St & Menomonee St,2953.0,941.0,0.0012638145458078206,0.0012288959003719337,3894.0,-3.491864543588691e-05,0.9723704574202185,41.91468,-87.64332
Broadway & Cuyler Ave,271.0,62.0,0.0001159816261137553,8.096869906807639e-05,333.0,-3.501292704567891e-05,0.6981192078601638,41.955417,-87.6515
Greenwood Ave & 47th St,868.0,257.0,0.0003714835847481166,0.00033562831710476826,1125.0,-3.585526764334835e-05,0.9034811426491361,41.809835,-87.59938299999999
Blue Island Ave & 18th St,2565.0,813.0,0.001097759671519492,0.0010617347151991308,3378.0,-3.602495632036118e-05,0.9671832328712447,41.857556,-87.661535
Wabash Ave & Wacker Pl,5528.0,1784.0,0.002365853982128558,0.00232980901834594,7312.0,-3.604496378261778e-05,0.9847645083680538,41.886875,-87.62603
N Damen Ave & W Chicago Ave,561.0,156.0,0.0002400948053498772,0.0002037276944293535,717.0,-3.63671109205237e-05,0.8485308359822109,41.895809,-87.678519
Franklin St & Madison St,327.0,79.0,0.00013994830900073056,0.00010316979397383927,406.0,-3.6778515026891285e-05,0.7372011674119857,41.88139,-87.63542000000001
Lincoln Ave & Winona St,1235.0,376.0,0.0005285509529538295,0.0004910359814451085,1611.0,-3.751497150872101e-05,0.9290231143805876,41.97491129677,-87.6925025594
Lincoln Ave & Diversey Pkwy,5139.0,1655.0,0.002199371131360105,0.0021613418864139746,6794.0,-3.802924494613041e-05,0.9827090448206176,41.93222500062526,-87.65861701501092
Lincoln Ave & Sunnyside Ave,2939.0,934.0,0.0012578228750860768,0.001219754273057796,3873.0,-3.8068602028280786e-05,0.96973455283978,41.963004,-87.684781
Clark St & 9th St (AMLI),2165.0,680.0,0.0009265690794696687,0.0008880437962305153,2845.0,-3.852528323915346e-05,0.958421619591684,41.870816,-87.631246
Sheridan Rd & Berwyn Ave,208.0,38.0,8.901910786590812e-05,4.9625976848175855e-05,246.0,-3.939313101773227e-05,0.5574805292634498,41.97828,-87.65529
Millennium Park,12924.0,4205.0,0.005531168029129791,0.005491506122278407,17129.0,-3.966190685138378e-05,0.9928293807977111,41.8810317,-87.62408432
Clinton St & 18th St,1820.0,566.0,0.0007789171938266961,0.0007391658656859877,2386.0,-3.975132814070838e-05,0.948965978127412,41.85795,-87.640826
Sheridan Rd & Loyola Ave,2040.0,638.0,0.0008730720194540988,0.0008331940323456894,2678.0,-3.9877987108409454e-05,0.954324568255077,42.00104377979,-87.6611982433
St. Louis Ave & Balmoral Ave,643.0,180.0,0.000275188876720091,0.00023507041664925404,823.0,-4.011846007083696e-05,0.8542153492381429,41.98039423475,-87.7161149615
Laflin St & Cullerton St,1465.0,449.0,0.0006269855433824778,0.0005863700948639726,1914.0,-4.0615448518505244e-05,0.935221179868722,41.85491457576575,-87.66355991363525
California Ave & Milwaukee Ave,5518.0,1777.0,0.0023615742173273124,0.002320667391031802,7295.0,-4.0906826295510155e-05,0.9826781607482289,41.922695,-87.697153
Wood St & Cortland St,249.0,50.0,0.00010656614355101501,6.529733795812612e-05,299.0,-4.126880559288889e-05,0.6127436260583169,41.915890000000005,-87.67281
Sedgwick St & Huron St,7701.0,2492.0,0.003295846873439223,0.003254419323833006,10193.0,-4.1427549606217005e-05,0.9874303817418043,41.894666,-87.638437
Halsted St & Melrose St,234.0,44.0,0.00010014649634914664,5.746165740315099e-05,278.0,-4.268483894599565e-05,0.5737802690824895,41.94112,-87.64907000000001
Damen Ave & Wellington Ave,2474.0,778.0,0.0010588138118281572,0.0010160265786284424,3252.0,-4.2787233199714824e-05,0.9595895026007069,41.93588,-87.67842000000002
Michigan Ave & 18th St,4348.0,1392.0,0.0018608417355815794,0.0018178778887542313,5740.0,-4.2963846827348074e-05,0.9769116185877361,41.857926,-87.62433600000001
Sheffield Ave & Webster Ave,6988.0,2257.0,0.0029906996431104133,0.0029475218354298133,9245.0,-4.3177807680600064e-05,0.9855626447334114,41.92154,-87.653818
Western Ave & Lyndale St,254.0,50.0,0.0001087060259516378,6.529733795812612e-05,304.0,-4.340868799351168e-05,0.6006818546133018,41.922599999999996,-87.68772000000001
Ashland Ave & Augusta Blvd,3379.0,1074.0,0.0014461325263408825,0.0014025868193405491,4453.0,-4.354570700033336e-05,0.9698881837623141,41.89962082184989,-87.66838462985125
Wallace St & 28th St,176.0,24.0,7.532386050192225e-05,3.134272221990054e-05,200.0,-4.398113828202171e-05,0.41611390995009767,41.843511,-87.6419
Sedgwick St & Chicago Ave,204.0,33.0,8.73072019454099e-05,4.309624305236324e-05,237.0,-4.4210958893046656e-05,0.49362192889174505,41.89677,-87.6386
Kimball Ave & Belmont Ave,2148.0,670.0,0.0009192934793075512,0.0008749843286388901,2818.0,-4.430915066866111e-05,0.9518009172620764,41.93939395344302,-87.71206766366959
Clark St & Bryn Mawr Ave,3798.0,1210.0,0.0016254546715130723,0.0015801955785866523,5008.0,-4.525909292642e-05,0.9721560583166872,41.983593,-87.669154
Sacramento Ave & Lyndale St,228.0,39.0,9.757863746839928e-05,5.0931923607338374e-05,267.0,-4.664671386106091e-05,0.5219626238500094,41.92235,-87.70241
May St & Taylor St,4546.0,1454.0,0.001945581078646242,0.0018988465878223076,6000.0,-4.673449082393433e-05,0.9759791728465895,41.86941940540373,-87.65523116767652
Malcolm X College,1221.0,364.0,0.0005225592822320857,0.00047536462033515817,1585.0,-4.7194661896927535e-05,0.9096857080386241,41.877618,-87.673895
Kingsbury St & Erie St,11133.0,3612.0,0.004764662153226708,0.004717079694095031,14745.0,-4.758245913167626e-05,0.990013468402388,41.8939139,-87.6417358
Sheffield Ave & Fletcher St,335.0,73.0,0.00014337212084172701,9.533411341886414e-05,408.0,-4.803800742286288e-05,0.6649441182500787,41.939009999999996,-87.65321000000002
Addison/Sheffield SE Corral,216.0,34.0,9.244291970690458e-05,4.440218981152576e-05,250.0,-4.804072989537882e-05,0.48032569315869583,41.9470281,-87.654252
Franklin St & Adams St (Temp),1159.0,342.0,0.0004960247404643631,0.0004466337916335827,1501.0,-4.93909488307804e-05,0.9004266416002077,41.87943409140013,-87.63550400733948
Cottage Grove Ave & 63rd St,546.0,141.0,0.00023367515814800882,0.00018413849304191568,687.0,-4.953666510609315e-05,0.788011470666524,41.78053094070882,-87.6059702038765
Paulina St & Adams St,238.0,40.0,0.00010185840226964487,5.22378703665009e-05,278.0,-4.962053190314397e-05,0.5128527087584197,41.87862,-87.66913
Sheridan Rd & Greenleaf Ave,1036.0,301.0,0.0004433836334090424,0.00039308997450791924,1337.0,-5.0293658901123144e-05,0.886568782245719,42.01058656284,-87.66241209479999
Canal St & Taylor St,2859.0,898.0,0.0012235847566761122,0.0011727401897279452,3757.0,-5.084456694816699e-05,0.9584462579179681,41.870257,-87.639474
Sedgwick St & Webster Ave,6128.0,1969.0,0.002622639870203293,0.0025714091687910065,8097.0,-5.1230701412286524e-05,0.9804659867867019,41.922167,-87.638888
Racine Ave & Webster Ave,395.0,90.0,0.00016905070964920053,0.00011753520832462702,485.0,-5.151550132457351e-05,0.6952677885868567,41.9216,-87.65859
Larrabee St & Armitage Ave,3879.0,1231.0,0.0016601207664031616,0.0016076204605290651,5110.0,-5.250030587409648e-05,0.9683756294649132,41.918084,-87.643749
Ashland Ave & Wellington Ave,3291.0,1038.0,0.0014084705960899213,0.0013555727360106983,4329.0,-5.2897860079223e-05,0.9624430764340058,41.936083,-87.669807
Southport Ave & Grace St,249.0,41.0,0.00010656614355101501,5.354381712566342e-05,290.0,-5.302232642535159e-05,0.5024514624437771,41.95155,-87.66404
Ravenswood Ave & Lawrence Ave,10444.0,3382.0,0.004469786358420887,0.004416711939487651,13826.0,-5.30744189332355e-05,0.9881259633451588,41.968445,-87.674226
Franklin St & Adams St Corral,1409.0,420.0,0.0006030188604955026,0.0005484976388482595,1829.0,-5.452122164724318e-05,0.9095863582296561,41.87942,-87.63558
Kedzie Ave & George St,800.0,220.0,0.0003423811840996466,0.0002873082870157549,1020.0,-5.5072897083891686e-05,0.8391478889921933,41.933886,-87.707262
Grace/Sheffield Corral,318.0,62.0,0.00013609652067960953,8.096869906807639e-05,380.0,-5.512782161153314e-05,0.5949388252170231,41.9511586,-87.6546115
Rockwell St & Fletcher St,910.0,256.0,0.00038945859691334804,0.00033432237034560576,1166.0,-5.513622656774228e-05,0.8584288922272734,41.93877151938426,-87.69298122576966
Clark St & Armitage Ave,11636.0,3771.0,0.00497993432272936,0.004924725228801872,15407.0,-5.5209093927487823e-05,0.9889136925783949,41.918305755767996,-87.63628183370878
Broadway & Berwyn Ave,3798.0,1202.0,0.0016254546715130723,0.001569748004513352,5000.0,-5.57066669997202e-05,0.9657285843126899,41.97836100000001,-87.659789
State St & Pearson St,4134.0,1312.0,0.001769254768834924,0.0017134021480212295,5446.0,-5.5852620813694404e-05,0.9684315734347024,41.897448,-87.62872199999998
Larrabee St & Kingsbury St 2,634.0,165.0,0.00027133708839896997,0.00021548121526181622,799.0,-5.585587313715375e-05,0.7941465812384422,41.89758,-87.6429
Franklin St & Illinois St,7198.0,2315.0,0.0030805747039365705,0.0030232667474612393,9513.0,-5.730795647533116e-05,0.9813969978396898,41.89102335487364,-87.63548087376064
Malden St & Wilson Ave,317.0,60.0,0.00013566854419948498,7.835680554975135e-05,377.0,-5.731173864973363e-05,0.5775637119745614,41.96526,-87.66275
May St & Cullerton St,1362.0,402.0,0.0005829039659296484,0.0005249905971833341,1764.0,-5.791336874631434e-05,0.9006469799859211,41.855136,-87.654127
Clybourn Ave & Division St,2842.0,887.0,0.0012163091565139945,0.0011583747753771574,3729.0,-5.793438113683709e-05,0.9523687434273509,41.904613,-87.640552
Pine Grove Ave & Wellington Ave,288.0,50.0,0.00012325722627587278,6.529733795812612e-05,338.0,-5.7959888317746664e-05,0.5297685998821482,41.93650999999999,-87.64119
Damen Ave & Leland Ave,3361.0,1057.0,0.0014384289496986403,0.0013803857244347863,4418.0,-5.804322526385404e-05,0.959648208606881,41.967081,-87.679076
Benson Ave & Church St,3585.0,1129.0,0.0015342956812465414,0.0014744138910944879,4714.0,-5.9881790152053506e-05,0.9609711792484603,42.048214,-87.683485
Orleans St & Chestnut St (NEXT Apts),3849.0,1215.0,0.0016472814719994248,0.0015867253123824647,5064.0,-6.055615961696008e-05,0.9632387519163859,41.898203,-87.637536
Western Ave & Leland Ave,2518.0,778.0,0.0010776447769536377,0.0010160265786284424,3296.0,-6.161819832519529e-05,0.9428214728411206,41.96579395810278,-87.68859948272886
Leavitt St & Division St,2198.0,673.0,0.0009406923033137791,0.0008789021689163776,2871.0,-6.179013439740145e-05,0.93431426142853,41.90299699999999,-87.683825
N Southport Ave & W Newport Ave,1367.0,400.0,0.0005850438483302712,0.000522378703665009,1767.0,-6.266514466526224e-05,0.8928883061800993,41.944018882992054,-87.66397501880483
Kingsbury St & Kinzie St 2,249.0,33.0,0.00010656614355101501,4.309624305236324e-05,282.0,-6.346990049865177e-05,0.40441398367529724,41.889188,-87.638387
Southport Ave & Waveland Ave,8485.0,2732.0,0.003631380433856877,0.0035678465460320112,11217.0,-6.353388782486587e-05,0.982504209766423,41.948226,-87.6640712
Sheffield Ave & Kingsbury St,6281.0,2009.0,0.0026881202716623506,0.0026236470391575078,8290.0,-6.447323250484286e-05,0.9760155045144328,41.91052201283299,-87.653106010569
Indiana Ave & 26th St,1406.0,410.0,0.000601734931055129,0.0005354381712566343,1816.0,-6.629675979849471e-05,0.8898241630971828,41.845687,-87.622481
Calumet Ave & 21st St,2643.0,815.0,0.0011311418369692075,0.0010643466087174559,3458.0,-6.679522825175162e-05,0.9409489004671389,41.85418424947,-87.6191537415
Troy St & North Ave,942.0,257.0,0.00040315384427733387,0.00033562831710476826,1199.0,-6.752552717256561e-05,0.8325072161947924,41.909769301690005,-87.7052804871
Wabash Ave & 9th St,7009.0,2245.0,0.002999687149193029,0.002931850474319863,9254.0,-6.783667487316597e-05,0.9773854242510458,41.870769,-87.625734
Wabansia & Milwaukee,751.0,194.0,0.0003214103365735433,0.0002533536712775294,945.0,-6.80566652960139e-05,0.788256798837456,41.913754,-87.6826658
Wolcott (Ravenswood) Ave & Montrose Ave,2702.0,833.0,0.0011563924492965566,0.0010878536503823812,3535.0,-6.853879891417542e-05,0.9407305541588219,41.961406,-87.676169
Carpenter St & Fulton St,759.0,196.0,0.00032483414841453975,0.0002559655647958544,955.0,-6.886858361868537e-05,0.7879891263158554,41.88668,-87.65315
Damen Ave & Melrose Ave,2094.0,632.0,0.000896182749380825,0.0008253583517907142,2726.0,-7.082439759011083e-05,0.920971120443722,41.9406,-87.6785
Lincoln Park Conservatory,6052.0,1929.0,0.0025901136577138268,0.0025191712984245058,7981.0,-7.0942359289321e-05,0.9726103402109857,41.92393131136619,-87.63582453131676
Paulina St & Cortland St,479.0,102.0,0.00020500073397966342,0.0001332065694345773,581.0,-7.179416454508613e-05,0.6497875254449884,41.91626,-87.67019
Burling St & Diversey Pkwy,5618.0,1786.0,0.0024043718653397684,0.002332420911864265,7404.0,-7.195095347550329e-05,0.9700749602889335,41.93314,-87.64776
Sheffield/Cornelia Corral,336.0,55.0,0.00014380009732185159,7.182707175393873e-05,391.0,-7.197302556791286e-05,0.4994959919754657,41.9452875,-87.6542225
McClurg Ct & Ohio St,11568.0,3735.0,0.00495083192208089,0.0048777111454720214,15303.0,-7.312077660886866e-05,0.9852306111396433,41.892592119709725,-87.61728912591934
Damen Ave & Charleston St,2783.0,856.0,0.0011910585441866457,0.0011178904258431193,3639.0,-7.316811834352636e-05,0.9385688828903247,41.920082,-87.677855
Rockwell St & Eastwood Ave,1773.0,525.0,0.0007588022992608418,0.0006856220485603243,2298.0,-7.318025070051758e-05,0.9035583388055861,41.96590013976,-87.69363849350002
Clarendon Ave & Junior Ter,5616.0,1784.0,0.0024035159123795193,0.00232980901834594,7400.0,-7.370689403357914e-05,0.9693337318934826,41.961004,-87.649603
Ashland Ave & Wrightwood Ave,3003.0,925.0,0.0012852133698140484,0.0012080007522253333,3928.0,-7.721261758871509e-05,0.9399223822871771,41.92882999871071,-87.6685067415486
Broadway & Roscoe Ave,526.0,113.0,0.00022511562854551765,0.00014757198378536503,639.0,-7.754364476015262e-05,0.6555401293046923,41.94360000000001,-87.64532000000001
Wells St & Huron St,13368.0,4321.0,0.005721189586305095,0.005642995946341259,17689.0,-7.81936399638361e-05,0.9863326280108533,41.89478399980203,-87.6343724037867
Clark St & Drummond Pl,7787.0,2492.0,0.0033326528507299355,0.003254419323833006,10279.0,-7.823352689692933e-05,0.9765251567066306,41.931248,-87.644336
Clark St & Berwyn Ave,5575.0,1767.0,0.0023859688766944124,0.0023076079234401773,7342.0,-7.836095325423507e-05,0.9671576099850856,41.978028844843585,-87.66836255860282
Leavitt St & Augusta Blvd,532.0,114.0,0.000227683487426265,0.00014887793054452756,646.0,-7.880555688173743e-05,0.6538826260297668,41.89962,-87.68194
Clark/Racine Corral,360.0,57.0,0.00015407153284484099,7.443896527226378e-05,417.0,-7.96325675725772e-05,0.4831488383930748,41.950436,-87.6593212
Racine Ave & Congress Pkwy,3183.0,981.0,0.001362249136236469,0.0012811337707384345,4164.0,-8.111536549803449e-05,0.9404548670318842,41.87464,-87.65703
Federal St & Polk St,8808.0,2824.0,0.0037696168369371094,0.0036879936478749634,11632.0,-8.1623189062146e-05,0.978347091776161,41.872077632849994,-87.6295437729
Clark St & Fletcher St,433.0,79.0,0.00018531381589393373,0.00010316979397383927,512.0,-8.214402192009446e-05,0.5567325714145265,41.93894,-87.65030999999999
Addison/Sheffield SW Corral,307.0,36.0,0.00013138877939823938,4.7014083329850806e-05,343.0,-8.437469606838857e-05,0.3578290757863987,41.9469539,-87.65441230000002
Damen Ave & St Paul Ave,483.0,93.0,0.00020671263990016165,0.00012145304860211459,576.0,-8.525959129804706e-05,0.587547336792939,41.91301,-87.67778000000001
Milwaukee Ave & Fullerton Ave,1905.0,558.0,0.0008152951946372836,0.0007287182916126875,2463.0,-8.657690302459606e-05,0.8938092639287821,41.924690375095686,-87.70058124521562
Kedzie Ave & Armitage Ave,476.0,88.0,0.00020371680453928973,0.00011492331480630198,564.0,-8.879348973298775e-05,0.5641348583458609,41.91759,-87.70685
Michigan Ave & 8th St,7504.0,2391.0,0.003211535506854685,0.003122518701157591,9895.0,-8.901680569709403e-05,0.9722821753677415,41.87277296771354,-87.62398098838872
Halsted St & Roscoe St,7188.0,2287.0,0.003076294939135325,0.0029867002382046887,9475.0,-8.959470093063615e-05,0.9708757861066452,41.943667741716816,-87.64895781893892
Leavitt St & Hirsch St,394.0,60.0,0.00016862273316907596,7.835680554975135e-05,454.0,-9.02659276193246e-05,0.464690254907258,41.90689,-87.68233
Wells St & Concord Ln,13848.0,4468.0,0.005926618296764883,0.005834970119938151,18316.0,-9.164817682673267e-05,0.9845361795253561,41.912133,-87.634656
Calumet Ave & 18th St,4053.0,1257.0,0.0017345886739448346,0.0016415750762672908,5310.0,-9.301359767754382e-05,0.9463771754930314,41.85761755293753,-87.61941075325012
Clark St & Leland Ave,4173.0,1296.0,0.0017859458515597816,0.0016925069998746291,5469.0,-9.343885168515247e-05,0.9476810569118861,41.967087841502305,-87.66729089029786
Halsted St & Clybourn Ave,9311.0,2979.0,0.003984889006439762,0.0038904153955451543,12290.0,-9.447361089460777e-05,0.9762920404974956,41.909668,-87.648128
Wacker Dr & Randolph St,886.0,217.0,0.0003791871613903586,0.0002833904467382674,1103.0,-9.579671465209124e-05,0.7473636457930646,41.88454,-87.63732
Western Ave & Wabansia Ave,391.0,53.0,0.00016733880372870227,6.92151782356137e-05,444.0,-9.812362549308858e-05,0.4136265054298117,41.91208,-87.68752
Carpenter St & Huron St,4584.0,1426.0,0.0019618441848909753,0.001862280078565757,6010.0,-9.956410632521828e-05,0.94924976389982,41.894556,-87.65344900000001
Racine Ave & Broadway,687.0,148.0,0.0002940198418455715,0.00019328012035605332,835.0,-0.0001007397214895182,0.6573721751928399,41.968235,-87.65965479999998
Addison/Racine Corral,584.0,113.0,0.000249938264392742,0.00014757198378536503,697.0,-0.00010236628060737699,0.5904353769461217,41.9470683,-87.6593535
Eddy/Seminary Corral,665.0,139.0,0.00028460435928283123,0.00018152659952359063,804.0,-0.0001030777597592406,0.6378221407390807,41.9461279,-87.6566721
Michigan Ave & Ida B Wells Dr,3418.0,1041.0,0.0014628236090657401,0.0013594905762881859,4459.0,-0.00010333303277755427,0.929360613612079,41.876203,-87.624464
Wells St & Walton St,7005.0,2214.0,0.0029979752432725305,0.0028913661247858247,9219.0,-0.00010660911848670582,0.96443963866427,41.89993001,-87.63443007
Fairbanks Ct & Grand Ave,8465.0,2691.0,0.003622820904254386,0.003514302728906348,11156.0,-0.0001085181753480379,0.9700459536195799,41.89184737210993,-87.62058019638062
Halsted St & Willow St,4535.0,1403.0,0.0019408733373648718,0.001832243303105019,5938.0,-0.00010863003425985274,0.9440303619000188,41.913865,-87.648755
Archer Ave & Wentworth Ave,667.0,135.0,0.00028546031224308037,0.00017630281248694053,802.0,-0.00010915749975613984,0.6176101801732474,41.8546868,-87.6308531
Dearborn Pkwy & Delaware Pl,11781.0,3776.0,0.005041990912347421,0.004931254962597685,15557.0,-0.00011073594974973615,0.9780372615278194,41.898969,-87.629912
Wilton Ave & Addison St,2016.0,575.0,0.0008628005839311095,0.0007509193865184504,2591.0,-0.00011188119741265901,0.8703280111020378,41.947459,-87.653216
Racine/Eddy Corral,446.0,60.0,0.000190877510135553,7.835680554975135e-05,506.0,-0.00011252070458580164,0.41051140588904067,41.9463404,-87.6591024
Ashland Ave & 13th St,1714.0,475.0,0.0007335516869334929,0.0006203247106021982,2189.0,-0.00011322697633129469,0.8456457479494444,41.86523400000001,-87.66650700000001
Wilton Ave & Diversey Pkwy,6429.0,2020.0,0.002751460790720785,0.0026380124535082955,8449.0,-0.00011344833721248964,0.9587679765006767,41.93241798951903,-87.65270499568871
Clark/Newport Corral,500.0,76.0,0.00021398824006227914,9.925195369635171e-05,576.0,-0.00011473628636592742,0.4638221700654915,41.9449411,-87.654611
Wells St & Evergreen Ave,7403.0,2338.0,0.003168309882362105,0.0030533035229219777,9741.0,-0.00011500635944012736,0.9637010496411939,41.90672457611039,-87.63482999967887
Rush St & Illinois St,697.0,139.0,0.0002982996066468171,0.00018152659952359063,836.0,-0.00011677300712322649,0.6085391564037824,41.89087,-87.62584
Kingsbury St & Kinzie St 1,455.0,58.0,0.00019472929845667402,7.57449120314263e-05,513.0,-0.00011898438642524771,0.3889785648753534,41.889070000000004,-87.63835
Larrabee St & Webster Ave,7580.0,2389.0,0.003244061719344152,0.003119906807639266,9969.0,-0.00012415491170488565,0.9617285723347587,41.921822,-87.64414
Waveland/Racine Corral,632.0,112.0,0.00027048113543872083,0.0001462660370262025,744.0,-0.00012421509841251832,0.5407641313869325,41.9488214,-87.6592823
Milwaukee Ave & Armitage Ave,615.0,106.0,0.00026320553527660334,0.0001384303564712274,721.0,-0.00012477517880537595,0.5259419426107717,41.91771000000001,-87.68864
Seminary Ave & Belden Ave,576.0,93.0,0.00024651445255174557,0.00012145304860211459,669.0,-0.00012506140394963098,0.4926833078612807,41.923390000000005,-87.65599
LaSalle St & Calhoun Pl Corral,556.0,85.0,0.0002379549229492544,0.00011100547452881441,641.0,-0.00012694944842044,0.46650015327623195,41.88288,-87.63251
Wells St & Washington St,1550.0,408.0,0.0006633635441930653,0.0005328262777383092,1958.0,-0.00013053726645475617,0.8032194099044814,41.883,-87.63396
Burling St & Armitage Ave,528.0,68.0,0.00022597158150576677,8.880437962305153e-05,596.0,-0.00013716720188271524,0.39299183569660306,41.918079999999996,-87.64728
Larrabee St & Clybourn Ave,685.0,115.0,0.00029316388888532243,0.00015018387730369008,800.0,-0.00014298001158163234,0.5122880774526789,41.9066,-87.64322
Broadway & Waveland Ave,9601.0,3035.0,0.004109002185675884,0.0039635484140582555,12636.0,-0.00014545377161762855,0.964601202519218,41.949074,-87.648636
Damen Ave & Pierce Ave,6925.0,2158.0,0.002963737124862566,0.0028182331062727235,9083.0,-0.00014550401858984263,0.9509052377572699,41.90913973176558,-87.6775313230267
Lakefront Trail & Bryn Mawr Ave,5190.0,1588.0,0.0022211979318464575,0.0020738434535500856,6778.0,-0.00014735447829637184,0.9336599364497813,41.98404411519213,-87.65228122472763
Sangamon St & Adams St,854.0,164.0,0.0003654919140263728,0.0002141752685026537,1018.0,-0.00015131664552371909,0.5859929434560787,41.879090000000005,-87.65128
Sheridan Rd & Noyes St (NU),3627.0,1069.0,0.0015522706934117728,0.0013960570855447365,4696.0,-0.00015621360786703632,0.8993645194136789,42.058239,-87.677432
Halsted St & Armitage Ave,938.0,185.0,0.00040144193835683564,0.00024160015044506666,1123.0,-0.00015984178791176898,0.6018318604232404,41.91823000000001,-87.64878999999999
Chicago Ave & Sheridan Rd,2764.0,781.0,0.001182926991064279,0.00101994441890593,3545.0,-0.000162982572158349,0.8622210536993771,42.050491,-87.677821
DuSable Lake Shore Dr & Diversey Pkwy,9371.0,2946.0,0.004010567595247236,0.003847319152492791,12317.0,-0.0001632484427544446,0.9592954368246178,41.932588,-87.636427
Halsted St & Lake St,781.0,130.0,0.00033424963097728003,0.00016977307869112793,911.0,-0.0001644765522861521,0.507924482280687,41.885760000000005,-87.64711
DuSable Lake Shore Dr & Wellington Ave,7282.0,2260.0,0.0031165247282670333,0.0029514396757073006,9542.0,-0.00016508505255973275,0.9470291385492494,41.936688449499705,-87.63682901859283
Buckingham Fountain,4837.0,1455.0,0.0020701222343624884,0.0019001525345814702,6292.0,-0.00016996969978101814,0.9178939219851027,41.87130745884732,-87.62309887518705
Green St & Chicago Ave,1028.0,203.0,0.00043995982156804593,0.0002651071921099921,1231.0,-0.00017485262945805385,0.6025722726062995,41.89466827448534,-87.64995936930755
Damen Ave & Wicker Park Ave,2755.0,768.0,0.0011790752027431581,0.0010029671110368173,3523.0,-0.00017610809170634078,0.8506389228307554,41.90881520000001,-87.6771937
Shedd Aquarium,8532.0,2659.0,0.003651495328422731,0.003472512432613147,11191.0,-0.0001789828958095839,0.9509836845743466,41.867225962011034,-87.61535540410257
St Clair St & Ohio St,901.0,155.0,0.000385606808592227,0.00020242174767019097,1056.0,-0.00018318506092203604,0.5249446280903746,41.89238,-87.62264
Michigan Ave & Jackson Blvd,6061.0,1842.0,0.002593965446034948,0.0024055539303773662,7903.0,-0.0001884115156575816,0.9273654769337586,41.878345598237544,-87.62415080552178
Columbus Dr & Randolph St,11113.0,3497.0,0.004756102623624216,0.004566895816791341,14610.0,-0.0001892068068328756,0.9602181067096479,41.884728,-87.619521
Hudson Ave & Armitage Ave,1125.0,222.0,0.00048147354014012805,0.00028992018053407997,1347.0,-0.00019155335960604808,0.6021526713535081,41.91818,-87.63999999999999
Wells St & Institute Pl,4078.0,1186.0,0.0017452880859479486,0.0015488528563667517,5264.0,-0.00019643522958119695,0.8874483137706074,41.89737986072316,-87.63442039489746
McCormick Place,3028.0,838.0,0.0012959127818171624,0.0010943833841781938,3866.0,-0.00020152939763896861,0.8444885759634572,41.8513751729,-87.6188346489
Sheffield/Newport Corral,941.0,151.0,0.00040272586779720935,0.0001971979606335409,1092.0,-0.00020552790716366846,0.489659311066475,41.9446132,-87.6542018
Aberdeen St & Carroll Ave,3127.0,867.0,0.0013382824533494937,0.001132255840193907,3994.0,-0.00020602661315558663,0.8460515874720431,41.88819,-87.65459
Burnham Harbor,3922.0,1127.0,0.0016785237550485175,0.0014718019975761627,5049.0,-0.0002067217574723548,0.8768431881325578,41.85741178707404,-87.61379152536392
Lincoln Ave & Montana St,903.0,137.0,0.0003864627615524761,0.00017891470600526558,1040.0,-0.00020754805554721052,0.46295597105026737,41.926570000000005,-87.65059999999998
Michigan Ave & Oak St,16058.0,5099.0,0.006872446317840157,0.006659022524969702,21157.0,-0.00021342379287045497,0.9689450085246301,41.90096039009614,-87.62377663865593
DuSable Lake Shore Dr & North Blvd,14984.0,4746.0,0.006412799578186381,0.006198023318985332,19730.0,-0.00021477625920104937,0.9665081961332733,41.911722,-87.626804
The Salt Shed,800.0,95.0,0.0003423811840996466,0.00012406494212043964,895.0,-0.00021831624197920696,0.36236097519703764,41.90689,-87.65978
Morgan St & Hubbard St,1032.0,160.0,0.00044167172748854416,0.0002089514814660036,1192.0,-0.00023272024602254056,0.4730934659564717,41.89012,-87.65251000000002
Broadway & Sunnyside Ave,1447.0,295.0,0.0006192819667402358,0.00038525429395294415,1742.0,-0.00023402767278729163,0.6220989671019698,41.963419,-87.656069
Noble St & Ohio St,1282.0,238.0,0.0005486658475196837,0.00031081532868068037,1520.0,-0.00023785051883900334,0.5664937294567076,41.89242000000001,-87.66205999999998
LaSalle St & Calhoun Pl,1567.0,331.0,0.0006706391443551829,0.00043226837728279493,1898.0,-0.00023837076707238793,0.6445623348396774,41.882664,-87.63253000000002
Green St & Lake St,2341.0,582.0,0.001001892939971591,0.0007600610138325881,2923.0,-0.0002418319261390028,0.7586252231989147,41.88558,-87.64841
Peoria St & Kinzie St,1664.0,357.0,0.000712152862927265,0.0004662229930210205,2021.0,-0.00024592986990624446,0.6546675055649285,41.88896,-87.64973
Adler Planetarium,5988.0,1774.0,0.002562723162985855,0.002316749550754315,7762.0,-0.00024597361223154023,0.9040186939413121,41.866094999999994,-87.607267
Lincoln Ave & Dickens Ave,1181.0,196.0,0.0005054402230271033,0.0002559655647958544,1377.0,-0.00024947465823124893,0.5064220192861647,41.920120000000004,-87.6416
Clark St & Eddy St,1276.0,227.0,0.0005460979886389364,0.0002964499143298926,1503.0,-0.0002496480743090438,0.5428519746369586,41.94628,-87.65627
Paulina St & Division St,1089.0,159.0,0.000466066386855644,0.00020764553470684107,1248.0,-0.0002584208521488029,0.4455289955123074,41.903552899999994,-87.67042920000002
Halsted St & Belden St,1187.0,190.0,0.0005080080819078506,0.0002481298842408793,1377.0,-0.00025987819766697134,0.4884378903404891,41.92365,-87.64894
Dearborn St & Maple St,1778.0,367.0,0.0007609421816614646,0.0004792824606126457,2145.0,-0.00028165972104881893,0.6298544650418771,41.90191999999999,-87.63026
Montrose Harbor,7715.0,2311.0,0.0033018385441609672,0.0030180429604245895,10026.0,-0.0002837955837363777,0.9140492504433636,41.963982,-87.638181
Broadway & Oakdale Ave,2144.0,483.0,0.0009175815733870529,0.0006307722846754984,2627.0,-0.0002868092887115545,0.6874294510053067,41.93558083163717,-87.64404965678466
Wells St & Madison St,1725.0,345.0,0.000738259428214863,0.0004505516319110702,2070.0,-0.00028770779630379276,0.6102895600141006,41.88199,-87.63418
Franklin St & Washington St,2972.0,753.0,0.001271946098930187,0.0009833779096493794,3725.0,-0.0002885681892808077,0.773128780651713,41.88318,-87.63511
Milwaukee Ave & The 606,4298.0,1183.0,0.0018394429115753514,0.0015449350160892641,5481.0,-0.00029450789548608725,0.839892973287855,41.913754,-87.6826658
Dearborn St & Division St,1598.0,276.0,0.0006839064152390441,0.0003604413055288562,1874.0,-0.00032346510971018787,0.5270337731356106,41.9043,-87.62991
Wabash Ave & Washington St,1809.0,299.0,0.000774209452545326,0.0003904780809895942,2108.0,-0.00038373137155573177,0.5043578005254763,41.8832,-87.62662
Theater on the Lake,11835.0,3572.0,0.005065101642274147,0.00466484182372853,15407.0,-0.00040025981854561674,0.9209769580570816,41.926277,-87.630834
DuSable Lake Shore Dr & Monroe St,15822.0,4876.0,0.0067714438685307615,0.00636779639767646,20698.0,-0.00040364747085430176,0.9403897574755145,41.880958,-87.616743
Wood St & Beach Ave,1908.0,312.0,0.0008165791240776572,0.000407455388858707,2220.0,-0.00040912373521895023,0.49897906750906623,41.907655,-87.672552
Dusable Harbor,9076.0,2656.0,0.0038843145336104907,0.0034685945923356594,11732.0,-0.00041571994127483124,0.8929747242010441,41.88697599432289,-87.61281299950515
Sheffield Ave & Addison St,3944.0,959.0,0.0016879392376112578,0.001252402942036859,4903.0,-0.00043553629557439876,0.7419717322511596,41.947017,-87.654418
Hampden Ct & Diversey Pkwy,2457.0,424.0,0.0010515382116660396,0.0005537214258849096,2881.0,-0.00049781678578113,0.5265827652851879,41.93247,-87.64242
Clark St & Arlington Pl,2290.0,366.0,0.0009800661394852384,0.0004779765138534832,2656.0,-0.0005020896256317552,0.48769874490897824,41.926939727841415,-87.64147979309305
Fulton Market,2565.0,450.0,0.001097759671519492,0.0005876760416231351,3015.0,-0.0005100836298963568,0.5353416795390272,41.886871,-87.648089
Navy Pier,16207.0,2953.0,0.006936214813378716,0.003856460779806929,19160.0,-0.0030797540335717874,0.5559893007320369,41.892278,-87.612043
