end_station_name,return_count_cold,return_count_mild,return_share_cold,return_share_mild,total_return_count,cold_minus_mild_share,cold_mild_share_ratio,end_lat,end_lng
Canal St & Madison St,3877.0,22816.0,0.013557129119678294,0.008101323353442247,26693.0,0.005455805766236048,1.6734461587034075,41.882409,-87.639767
Clinton St & Washington Blvd,4067.0,25033.0,0.014221522860389895,0.008888518035883579,29100.0,0.005333004824506316,1.5999880073358228,41.883378993326986,-87.64117008864396
University Ave & 57th St,2534.0,13863.0,0.008860914415595769,0.0049223635014362666,16397.0,0.003938550914159502,1.8001339423381375,41.791478002955266,-87.59986050810642
Clinton St & Madison St,3333.0,21771.0,0.011654864935746133,0.007730273085895474,25104.0,0.0039245918498506584,1.5076911641479052,41.88275006331282,-87.64119022354309
Canal St & Adams St,2695.0,17029.0,0.00942390069061981,0.006046521536893759,19724.0,0.0033773791537260517,1.5585655445950077,41.879255,-87.639904
Ellis Ave & 60th St,2077.0,11171.0,0.007262872628726287,0.003966509606473673,13248.0,0.003296363022252614,1.8310485838289898,41.78509714636001,-87.6010727606
LaSalle St & Jackson Blvd,2070.0,11860.0,0.007238394964594807,0.00421115423263609,13930.0,0.003027240731958717,1.7188622989952644,41.878166,-87.631929
Clinton St & Jackson Blvd,2750.0,18663.0,0.00961622519451001,0.006626709227966893,21413.0,0.0029895159665431163,1.4511312346096523,41.87831662050808,-87.64098109175531
Clinton St & Lake St,2132.0,12956.0,0.0074551971326164874,0.00460031317352725,15088.0,0.0028548839590892376,1.6205845625757078,41.885637,-87.641823
Blackstone Ave & 59th St,1278.0,5220.0,0.0044689221085759245,0.0018534759776020566,6498.0,0.0026154461309738676,2.411102572397534,41.787877,-87.590461
Canal St & Jackson Blvd,1639.0,9339.0,0.005731270215927966,0.0033160176541811508,10978.0,0.002415252561746815,1.7283591600733115,41.878128645697444,-87.63996997065593
Kingsbury St & Kinzie St,3474.0,27620.0,0.012147915027537372,0.009807089368078314,31094.0,0.002340825659459058,1.2386870694164653,41.889172621529056,-87.63849963502554
Larrabee St & Kingsbury St 1,721.0,594.0,0.0025211994055424425,0.00021091278365816506,1315.0,0.0023102866218842775,11.953701468978602,41.89777797048414,-87.64288463116276
Franklin St & Adams St (Temp),734.0,767.0,0.0025666579246437626,0.00027234024421853974,1501.0,0.002294317680425223,9.424422408029214,41.87943409140013,-87.63550400733948
Ellis Ave & 55th St,1744.0,11344.0,0.006098435177900166,0.004027937067034048,13088.0,0.002070498110866118,1.5140342469045753,41.79430062054,-87.6014497734
Franklin St & Lake St,1538.0,9649.0,0.005378092490602325,0.00342608998235292,11187.0,0.0019520025082494052,1.5697462555150354,41.885836999999995,-87.63549999999998
Ellis Ave & 58th St,1138.0,5870.0,0.003979368825946324,0.0020842727947364124,7008.0,0.0018950960312099116,1.9092356464854827,41.788746136093295,-87.60133399414377
State St & Chicago Ave,2208.0,16976.0,0.007720954628901128,0.00602770271949665,19184.0,0.0016932519094044777,1.280911602195649,41.896617200407526,-87.62857854366302
Wacker Dr & Washington St,1211.0,7570.0,0.004234635894746044,0.0026878952395493426,8781.0,0.0015467406551967016,1.5754465639105293,41.88314336439022,-87.63724207878113
University Ave & 59th St,902.0,4535.0,0.003154121863799283,0.0016102516395450817,5437.0,0.0015438702242542015,1.9587751551150172,41.787878,-87.598906
Kingsbury St & Kinzie St 1,446.0,67.0,0.0015595768860914416,2.3789825766156665e-05,513.0,0.001535787060325285,65.55375174534711,41.889070000000004,-87.63835
Dearborn St & Adams St,1219.0,7745.0,0.004262610368039164,0.002750032844162438,8964.0,0.001512577523876726,1.5500214214045076,41.87936394102892,-87.62977936980188
Wells St & Hubbard St,1927.0,14806.0,0.006738351254480287,0.0052571964222942625,16733.0,0.0014811548321860242,1.2817384840646981,41.889906,-87.634266
Orleans St & Merchandise Mart Plaza,1937.0,14928.0,0.006773319346096687,0.005300515209510249,16865.0,0.0014728041365864378,1.2778605098771163,41.888243,-87.63638999999999
Halsted St & Polk St,1100.0,6749.0,0.003846490077804004,0.002396381105907333,7849.0,0.0014501089718966706,1.6051242697573145,41.87184,-87.64664
Daley Center Plaza,2057.0,16192.0,0.007192936445493487,0.005749326250829981,18249.0,0.0014436101946635064,1.251092020280304,41.88424087537072,-87.62963348535213
Larrabee St & Kingsbury St 2,434.0,365.0,0.0015176151761517615,0.00012960128962159973,799.0,0.0013880138865301618,11.709794484208196,41.89758,-87.6429
Morgan St & Polk St,1203.0,8043.0,0.004206661421452924,0.0028558443080178813,9246.0,0.0013508171134350429,1.4730007993229113,41.871737,-87.65103
Woodlawn Ave & 58th St,933.0,5508.0,0.0032625229478101233,0.001955736721193894,6441.0,0.0013067862266162291,1.66818071383237,41.789381,-87.596479
LaSalle St & Washington St,884.0,5032.0,0.003091179298889763,0.0017867224366462737,5916.0,0.0013044568622434893,1.7300832549059684,41.88282761288388,-87.63241016237205
State St & 33rd St,733.0,3554.0,0.0025631611154821226,0.0012619259816853848,4287.0,0.0013012351337967378,2.0311493079091267,41.834734,-87.625813
Dearborn St & Madison St,380.0,96.0,0.0013287874814232013,3.408691453061253e-05,476.0,0.0012947005668925888,38.98121958237977,41.88206,-87.62963999999998
Kingsbury St & Erie St,1674.0,13071.0,0.005853658536585366,0.004641146456558713,14745.0,0.0012125120800266526,1.2612526517150777,41.8939139,-87.6417358
Calumet Ave & 33rd St,563.0,2301.0,0.001968703558003322,0.0008170207326556192,2864.0,0.0011516828253477027,2.4096110045987547,41.834805689473676,-87.61795095789473
Larrabee St & Kingsbury St,1732.0,13889.0,0.006056473467960486,0.00493159537412164,15621.0,0.0011248780938388457,1.2280961393640404,41.897764,-87.642884
Orleans St & Hubbard St,894.0,5722.0,0.003126147390506163,0.0020317221348350512,6616.0,0.0010944252556711119,1.5386685010898222,41.890028,-87.636618
Clark St & Lake St,1601.0,12788.0,0.005598391467785646,0.004540661073098678,14389.0,0.0010577303946869678,1.2329462923377477,41.88602073203813,-87.63087535800302
Desplaines St & Jackson Blvd,1113.0,8066.0,0.003891948596905324,0.002864010964624174,9179.0,0.0010279376322811498,1.358915271646234,41.87811890091227,-87.64394760131836
Green St & Madison St,1486.0,11794.0,0.005196258414197045,0.0041877194788962945,13280.0,0.0010085389353007507,1.2408324386460863,41.88185932803824,-87.64926373958588
Milwaukee Ave & Wabansia Ave,390.0,1014.0,0.0013637555730396014,0.0003600430347295949,1404.0,0.0010037125383100065,3.787749390331735,41.912616,-87.68139430306123
Wabash Ave & Adams St,913.0,6204.0,0.003192586764577323,0.002202866851540835,7117.0,0.000989719913036488,1.4492870111769123,41.87947235235,-87.6256886059
Financial Pl & Ida B Wells Dr,887.0,6003.0,0.003101669726374683,0.002131497374242365,6890.0,0.0009701723521323181,1.4551597898718376,41.8750236280333,-87.6330940425396
Franklin St & Jackson Blvd,1363.0,10755.0,0.004766150887315325,0.0038187996435076854,12118.0,0.0009473512438076394,1.248075595519296,41.87770795589999,-87.6353211408
900 W Harrison St,862.0,5831.0,0.003014249497333683,0.002070424985708351,6693.0,0.0009438245116253322,1.4558600588189696,41.874754,-87.649807
Federal St & Polk St,1307.0,10325.0,0.004570329574263485,0.0036661186721726503,11632.0,0.0009042109020908342,1.2466397670960296,41.872077632849994,-87.6295437729
Racine Ave & Congress Pkwy,615.0,3549.0,0.002150537634408602,0.001260150621553582,4164.0,0.0008903870128550201,1.70657133445363,41.87464,-87.65703
Paulina St & Flournoy St,871.0,6083.0,0.003045720779788443,0.002159903136351209,6954.0,0.0008858176434372342,1.4101189624710255,41.87306108789792,-87.66913488507271
State St & Kinzie St,1171.0,9067.0,0.004094763528280444,0.003219438063011082,10238.0,0.0008753254652693622,1.2718875705169232,41.8893754597427,-87.62707652193124
Paulina St & Division St,339.0,909.0,0.0011854183057959612,0.00032276047196173744,1248.0,0.0008626578338342237,3.6727410449302003,41.903552899999994,-87.67042920000002
Fairbanks St & Superior St,691.0,4463.0,0.0024162951306932424,0.0015846864536471223,5154.0,0.0008316086770461201,1.5247777251799348,41.895748,-87.620104
Clark St & Ida B Wells Dr,782.0,5466.0,0.0027345047644024827,0.0019408236960867511,6248.0,0.0007936810683157316,1.4089401118586424,41.8759326655,-87.6305845355
Elizabeth St & Fulton St,728.0,5016.0,0.0025456770696739225,0.001781041284224505,5744.0,0.0007646357854494176,1.4293192768201752,41.88678352528257,-87.65919419155264
Hermitage Ave & Polk St,641.0,4181.0,0.0022414546726112422,0.001484556142213448,4822.0,0.0007568985303977943,1.5098480273176096,41.871514,-87.669886
Desplaines St & Kinzie St,1513.0,12785.0,0.005290672261561325,0.004539595857019596,14298.0,0.0007510764045417289,1.165450023030203,41.888716036,-87.6444478533
Elizabeth St & Randolph St,884.0,6603.0,0.003091179298889763,0.0023445405900586933,7487.0,0.0007466387088310698,1.31845829137643,41.884336,-87.658902
Aberdeen St & Jackson Blvd,1085.0,8686.0,0.003794037940379404,0.0030841556209677133,9771.0,0.0007098823194116905,1.2301706452213024,41.87772613,-87.65478743
Franklin St & Illinois St,1058.0,8455.0,0.0036996240930151237,0.003002133982878427,9513.0,0.0006974901101366969,1.2323313622187462,41.89102335487364,-87.63548087376064
Kingsbury St & Kinzie St 2,204.0,78.0,0.0007133490689745607,2.7695618056122684e-05,282.0,0.000685653450918438,25.75585465088456,41.889188,-87.638387
Ravenswood Ave & Lawrence Ave,1451.0,12375.0,0.005073870093539645,0.004394016326211772,13826.0,0.0006798537673278733,1.154722595942515,41.968445,-87.674226
Mies van der Rohe Way & Chicago Ave,1029.0,8222.0,0.0035982166273275636,0.0029194022007364194,9251.0,0.0006788144265911442,1.2325182168807356,41.89694462637082,-87.62175768613815
McClurg Ct & Erie St,1166.0,9580.0,0.004077279482472244,0.0034015900125340427,10746.0,0.0006756894699382014,1.19863924482645,41.89450300000001,-87.617854
Sedgwick St & Huron St,1114.0,9079.0,0.003895445406066964,0.0032236989273274085,10193.0,0.0006717464787395554,1.2083774836004861,41.894666,-87.638437
Michigan Ave & Washington St,1673.0,14592.0,0.005850161727423726,0.005181211008653105,16265.0,0.0006689507187706209,1.1291108562346823,41.88398406449815,-87.62468397185215
Ellis Ave & 53rd St,577.0,3824.0,0.002017658886266282,0.0013577954288027327,4401.0,0.0006598634574635494,1.4859811408146055,41.79933626261,-87.6009581145
Halsted St & Roosevelt Rd,576.0,3843.0,0.002014162077104642,0.0013645417973035831,4419.0,0.0006496202798010589,1.476071751714015,41.867324,-87.648625
St. Clair St & Erie St,1609.0,14022.0,0.005626365941078766,0.004978819953627593,15631.0,0.0006475459874511723,1.1300601072989716,41.89434700980045,-87.62280048612229
Clinton St & Tilden St,628.0,4369.0,0.002195996153509922,0.0015513096831692309,4997.0,0.0006446864703406913,1.415575343698167,41.875885,-87.640795
Ada St & Washington Blvd,645.0,4539.0,0.0022554419092578023,0.001611671927650524,5184.0,0.0006437699816072783,1.3994420769639395,41.88283,-87.661206
Kimbark Ave & 53rd St,1056.0,8615.0,0.0036926304746918437,0.0030589455070961146,9671.0,0.000633684967595729,1.2071579107793198,41.7994549,-87.59477789999998
Wacker Dr & Randolph St,264.0,839.0,0.0009231576186729609,0.0002979054301164991,1103.0,0.0006252521885564619,3.0988207213652657,41.88454,-87.63732
Wabash Ave & Washington St,354.0,1754.0,0.0012378704432205612,0.0006227963342363998,2108.0,0.0006150741089841614,1.9875991356615104,41.8832,-87.62662
Canal St & Taylor St,506.0,3251.0,0.0017693854357898418,0.0011543391576981392,3757.0,0.0006150462780917026,1.532811991326856,41.870257,-87.639474
Wells St & Polk St,855.0,6702.0,0.002989771833202203,0.0023796927206683875,7557.0,0.0006100791125338155,1.2563687533547223,41.87273154226308,-87.63351649045944
Loomis St & Lexington St,1008.0,8232.0,0.0035247836349331235,0.002922952921000025,9240.0,0.0006018307139330987,1.2058981188889886,41.87222873224032,-87.66136385500431
Sheffield Ave & Fullerton Ave*,172.0,0.0,0.0006014511758020806,0.0,172.0,0.0006014511758020806,601452.1758020805,41.9256163,-87.6536574
Wabash Ave & Jackson Blvd,189.0,176.0,0.0006608969315499607,6.249267663945631e-05,365.0,0.0005984042549105044,10.575436861602297,41.87801,-87.62599
Drexel Ave & 60th St,469.0,2940.0,0.0016400034968091616,0.001043911757500009,3409.0,0.0005960917393091527,1.5710168163254272,41.785861,-87.604553
Lake Park Ave & 56th St,643.0,4681.0,0.0022484482909345222,0.0016620921553937215,5324.0,0.0005863561355408007,1.3527817521165972,41.791661314578,-87.58748949571235
Morgan St & Lake St*,957.0,7801.0,0.0033464463676894833,0.002769916877638629,8758.0,0.0005765294900508542,1.2081395606364869,41.88549170626906,-87.65228927135468
Carpenter St & Fulton St,237.0,718.0,0.0008287437713086808,0.0002549417149268729,955.0,0.0005738020563818079,3.250709758646744,41.88668,-87.65315
Wells St & Randolph St,1098.0,9208.0,0.003839496459480724,0.003269503218727919,10306.0,0.0005699932407528048,1.1743362915661184,41.884295,-87.633963
Aberdeen St & Monroe St,687.0,5178.0,0.0024023078940466824,0.0018385629524949136,5865.0,0.0005637449415517688,1.306622427132204,41.880381631942605,-87.65540930667021
Rush St & Hubbard St,823.0,6561.0,0.002877873940029723,0.0023296275649515503,7384.0,0.0005482463750781726,1.23533638938256,41.890173,-87.626185
Dearborn St & Maple St,340.0,1805.0,0.0011889151149576012,0.0006409050075807878,2145.0,0.0005480101073768134,1.8550553449254965,41.90191999999999,-87.63026
Canal St & Monroe St,932.0,7645.0,0.0032590261386484833,0.0027145256415263834,8577.0,0.0005445004971220998,1.2005876416139818,41.8829056,-87.6397409
Wolcott Ave & Polk St,728.0,5669.0,0.0025456770696739225,0.002012903317437942,6397.0,0.0005327737522359804,1.2646791243977775,41.871262,-87.673688
Jefferson St & Monroe St,562.0,4056.0,0.001965206748841682,0.0014401721389183796,4618.0,0.0005250346099233024,1.364563534574476,41.880329633634624,-87.64274597167967
Aberdeen St & Randolph St,914.0,7533.0,0.003196083573738963,0.0026747575745740024,8447.0,0.0005213259991649608,1.1949058147231064,41.88411416441933,-87.65426402007539
Loomis St & Lexington St*,147.0,0.0,0.0005140309467610805,0.0,147.0,0.0005140309467610805,514031.9467610805,41.87222873224032,-87.66136385500431
Woodlawn Ave & 55th St,700.0,5479.0,0.0024477664131480024,0.0019454396324294382,6179.0,0.0005023267807185642,1.2582072011579535,41.795264,-87.596471
Sheridan Rd & Noyes St (NU),560.0,4136.0,0.001958213130518402,0.0014685779010272233,4696.0,0.0004896352294911786,1.3334075065008049,42.058239,-87.677432
Peoria St & Jackson Blvd,1058.0,9057.0,0.0036996240930151237,0.0032158873427474764,10115.0,0.0004837367502676473,1.150420878684603,41.87764159627531,-87.64961779117584
Damen Ave & Ohio St,151.0,130.0,0.0005280181834076405,4.615936342687114e-05,281.0,0.00048185881998076937,11.438800395151718,41.89239445296271,-87.67688512802124
MLK Jr Dr & 29th St,503.0,3620.0,0.0017588950083049218,0.001285360735425181,4123.0,0.0004735342728797408,1.3684054533668701,41.842052,-87.617
Dorchester Ave & 53rd St,144.0,100.0,0.0005035405192761605,3.550720263605472e-05,244.0,0.00046803331664010576,14.180991486312765,41.79943,-87.59227
Harper Ave & 55th St,146.0,185.0,0.0005105341375994405,6.568832487670124e-05,331.0,0.0004448458127227393,7.771965057605847,41.7953,-87.58833
May St & Hubbard St,142.0,148.0,0.0004965469009528805,5.255065990136099e-05,290.0,0.0004439962410515195,9.448757696424748,41.89008,-87.65597
Wood St & Taylor St (Temp),525.0,3968.0,0.0018358248098610018,0.0014089258005986515,4493.0,0.00042689900926235033,1.302995875357727,41.869265218438194,-87.67373085021973
Wabash Ave & 9th St,962.0,8292.0,0.0033639304134976834,0.0029442572425816575,9254.0,0.00041967317091602587,1.142539524844138,41.870769,-87.625734
Michigan Ave & 11th St,151.0,315.0,0.0005280181834076405,0.00011184768830357238,466.0,0.00041617049510406814,4.720834829770426,41.86959,-87.623961
Franklin St & Chicago Ave*,117.0,0.0,0.0004091266719118804,0.0,117.0,0.0004091266719118804,409127.6719118804,41.89679,-87.63564
Franklin St & Monroe St,1830.0,16873.0,0.006399160765801206,0.005991130300781513,18703.0,0.0004080304650196931,1.0681057457322738,41.88031616332084,-87.63518440237203
Clybourn Ave & Division St,447.0,3282.0,0.0015630736952530816,0.001165346390515316,3729.0,0.00039772730473776547,1.3412950575723954,41.904613,-87.640552
St Clair St & Ohio St,200.0,856.0,0.0006993618323280007,0.0003039416545646284,1056.0,0.0003954201777633723,2.300969679065867,41.89238,-87.62264
Michigan Ave & Lake St,1430.0,12974.0,0.005000437101145205,0.0046067044700017394,14404.0,0.00039373263114346555,1.0854694604869795,41.886022,-87.624398
Shields Ave & 28th Pl,221.0,1076.0,0.0007727948247224408,0.00038205750036394883,1297.0,0.00039073732435849194,2.0227159557666576,41.842733,-87.635491
Dearborn St & Washington St,114.0,25.0,0.0003986362444269604,8.87680065901368e-06,139.0,0.0003897594437679467,44.90270279072123,41.88299,-87.6293
Broadway & Berwyn Ave,561.0,4439.0,0.001961709939680042,0.0015761647250144692,5000.0,0.0003855452146655728,1.2446095664604264,41.97836100000001,-87.659789
Canal St & Harrison St,327.0,2135.0,0.0011434565958562811,0.0007580787762797684,2462.0,0.0003853778195765128,1.5083605072116968,41.874255,-87.639573
Sangamon St & Lake St,793.0,6740.0,0.0027729696651805228,0.0023931854576700884,7533.0,0.0003797842075104344,1.158693948101385,41.88577925240433,-87.65102460980414
Elston Ave & Cortland St,922.0,8057.0,0.0032240580470320832,0.0028608153163869293,8979.0,0.0003632427306451539,1.1269717068392253,41.916433431898604,-87.66674637967343
St. Clair St & Erie St 2,105.0,52.0,0.00036716496197220037,1.8463745370748456e-05,157.0,0.0003487012166014519,19.88470214996079,41.89445,-87.62268000000002
Dearborn St & Van Buren St,482.0,3809.0,0.0016854620159104817,0.0013524693484073245,4291.0,0.0003329926675031572,1.2462106972587539,41.876268,-87.629155
Wells St & Madison St,276.0,1794.0,0.000965119328612641,0.0006369992152908217,2070.0,0.00032812011332181926,1.5151020446233545,41.88199,-87.63418
Southport Ave & Waveland Ave*,92.0,0.0,0.0003217064428708803,0.0,92.0,0.0003217064428708803,321707.4428708803,41.948226,-87.6640712
Dearborn St & Erie St,1563.0,14495.0,0.0054655127196433255,0.005146769022096132,16058.0,0.0003187436975471934,1.0619308218899934,41.893992,-87.629318
Dearborn St & Division St,254.0,1620.0,0.0008881895270565609,0.0005752166827040865,1874.0,0.00031297284435247434,1.5440946162871687,41.9043,-87.62991
Artesian Ave & Hubbard St,452.0,3578.0,0.0015805577410612816,0.001270447710318038,4030.0,0.0003101100307432436,1.2440948841339783,41.8895,-87.688257
Halsted St & Armitage Ave,184.0,939.0,0.0006434128857417606,0.00033341263275255386,1123.0,0.0003100002529892068,1.9297767773619396,41.91823000000001,-87.64878999999999
LaSalle Dr & Huron St,720.0,6237.0,0.0025177025963808025,0.002214584228410733,6957.0,0.00030311836797006957,1.1368736520416505,41.894877,-87.632326
Wood St & Milwaukee Ave*,86.0,0.0,0.0003007255879010403,0.0,86.0,0.0003007255879010403,300726.5879010403,41.907655,-87.672552
Desplaines St & Randolph St,542.0,4508.0,0.001895270565608882,0.001600664694833347,5050.0,0.0002946058707755349,1.1840520926552422,41.883703000000004,-87.644238
Malcolm X College,222.0,1363.0,0.0007762916338840808,0.0004839631719294259,1585.0,0.0002923284619546549,1.6040291387464187,41.877618,-87.673895
University Library (NU),252.0,1668.0,0.0008811959087332809,0.0005922601399693928,1920.0,0.0002889357687638881,1.487851978231798,42.052939,-87.673447
Sangamon St & Washington Blvd,660.0,5692.0,0.0023078940466824023,0.002021069974044235,6352.0,0.0002868240726381674,1.1419168729459421,41.883165,-87.6511
Broadway & Roscoe Ave,133.0,506.0,0.00046507561849812046,0.0001796664453384369,639.0,0.00028540917315968356,2.588541388909174,41.94360000000001,-87.64532000000001
Clinton St & Roosevelt Rd,441.0,3543.0,0.0015420928402832415,0.001258020189395419,3984.0,0.0002840726508878226,1.225809114570115,41.8671177825,-87.6410879593
May St & Taylor St,626.0,5374.0,0.002189002535186642,0.001908157069661581,6000.0,0.00028084546552506126,1.1471814468572146,41.86941940540373,-87.65523116767652
State St & 35th St,270.0,1880.0,0.0009441384736428009,0.0006675354095578288,2150.0,0.0002766030640849722,1.41436401089821,41.8310363140161,-87.62679755687714
Larrabee St & Division St,681.0,5932.0,0.0023813270390768424,0.0021062872603707663,6613.0,0.0002750397787060761,1.1305803122397222,41.9034860737611,-87.64335349093417
Orleans St & Elm St,410.0,3269.0,0.0014336917562724014,0.001160730454172629,3679.0,0.00027296130209977245,1.2351631819044135,41.902924000000006,-87.637715
Halsted St & Melrose St,96.0,182.0,0.00033569367951744034,6.46231087976196e-05,278.0,0.00027107057071982073,5.1945734457819785,41.94112,-87.64907000000001
Clark St & Washington St,82.0,48.0,0.0002867383512544803,1.7043457265306267e-05,130.0,0.00026969489398917404,16.82302620677362,41.88301,-87.63100000000001
Franklin St & Madison St,107.0,299.0,0.0003741585802954804,0.00010616653588180363,406.0,0.0002679920444136767,3.524237208557166,41.88139,-87.63542000000001
Kenwood Ave & 57th St,86.0,96.0,0.0003007255879010403,3.408691453061253e-05,182.0,0.00026663867337042775,8.82208818116385,41.79153999999999,-87.59295
Wabash Ave & Roosevelt Rd,1239.0,11459.0,0.004332546551271964,0.004068770350065511,12698.0,0.0002637762012064537,1.0648294481335765,41.867227,-87.625961
Sedgwick St & North Ave*,74.0,0.0,0.00025876387796136026,0.0,74.0,0.00025876387796136026,258764.87796136027,41.910983,-87.638525
Western Ave & Fillmore St,208.0,1323.0,0.0007273363056211207,0.000469760290875004,1531.0,0.00025757601474611674,1.548312557355122,41.86856584535612,-87.68623408677644
Racine Ave & 18th St,454.0,3750.0,0.0015875513593845616,0.001331520098852052,4204.0,0.0002560312605325095,1.1922847942501569,41.8583996,-87.6564226
Milwaukee Ave & Wabansia Ave*,72.0,0.0,0.00025177025963808025,0.0,72.0,0.00025177025963808025,251771.25963808026,41.912616,-87.681391
State St & Randolph St,880.0,7967.0,0.003077192062243203,0.00282885883401448,8847.0,0.00024833322822872313,1.0877856248806466,41.88462107257936,-87.62783423066139
LaSalle St & Calhoun Pl,239.0,1659.0,0.0008357373896319608,0.0005890644917321479,1898.0,0.00024667289789981296,1.4187529253741735,41.882664,-87.63253000000002
New St & Illinois St,1341.0,12528.0,0.004689221085759245,0.004448342346244936,13869.0,0.0002408787395143091,1.0541502129590887,41.89084704062381,-87.61861681938171
Southport Ave & Wrightwood Ave,618.0,5412.0,0.002161028061893522,0.0019216498066632816,6030.0,0.00023937825523024053,1.1245690707178442,41.92877300000001,-87.663913
Sheffield Ave & Kingsbury St*,68.0,0.0,0.00023778302299152024,0.0,68.0,0.00023778302299152024,237784.0229915202,41.910522,-87.653106
Pine Grove Ave & Wellington Ave,92.0,246.0,0.0003217064428708803,8.734771848469462e-05,338.0,0.0002343587243861857,3.683024186866009,41.93650999999999,-87.64119
Halsted St & Dickens Ave*,66.0,0.0,0.00023078940466824023,0.0,66.0,0.00023078940466824023,230790.4046682402,41.919936,-87.64883000000002
Michigan Ave & Pearson St,618.0,5439.0,0.002161028061893522,0.0019312367513750165,6057.0,0.00022979131051850568,1.1189865465061966,41.89766,-87.62351
Southport Ave & Grace St,86.0,204.0,0.0003007255879010403,7.243469337755164e-05,290.0,0.00022829089452348867,4.1516353869021945,41.95155,-87.66404
Southport Ave & Clybourn Ave,462.0,3908.0,0.0016155258326776816,0.0013876214790170187,4370.0,0.00022790435366066295,1.1642408919622782,41.92126022238193,-87.66539180184805
Southport Ave & Wrightwood Ave*,65.0,0.0,0.00022729259550660023,0.0,65.0,0.00022729259550660023,227293.5955066002,41.928773,-87.663913
Ogden Ave & Congress Pkwy,254.0,1875.0,0.0008881895270565609,0.000665760049426026,2129.0,0.00022242947763053485,1.3340980638958955,41.87501,-87.67328
Ashland Ave & Chicago Ave,533.0,4641.0,0.0018637992831541219,0.0016478892743392998,5174.0,0.00021591000881482207,1.131022078458099,41.89595435734305,-87.6677280664444
Racine Ave & Washington Blvd,385.0,3196.0,0.0013462715272314013,0.001134810196248309,3581.0,0.0002114613309830923,1.1863405398908509,41.883073,-87.656952
Campbell Ave & North Ave,416.0,3505.0,0.0014546726112422415,0.001244527452393718,3921.0,0.00021014515884852343,1.1688552466955107,41.910535,-87.689556
Rush St & Cedar St,954.0,8808.0,0.0033359559402045633,0.0031274744081837003,9762.0,0.00020848153202086307,1.0666612858011055,41.90230870122,-87.627690528
Rush St & Illinois St,130.0,706.0,0.00045458519101320045,0.00025068085061054633,836.0,0.00020390434040265412,1.8133988954766227,41.89087,-87.62584
Karlov Ave & Armitage Ave,122.0,632.0,0.0004266107177200804,0.00022440552065986587,754.0,0.00020220519706021456,1.9010664951518859,41.91748,-87.72895199999999
Benson Ave & Church St,487.0,4227.0,0.0017029460617186817,0.001500889455426033,4714.0,0.00020205660629264862,1.1346244861256674,42.048214,-87.683485
Harper Ave & 59th St,209.0,1495.0,0.0007308331147827607,0.0005308326794090182,1704.0,0.00020000043537374257,1.376766665589879,41.78794281287001,-87.58831517019999
Wabash Ave & Grand Ave,1487.0,14088.0,0.005199755223358685,0.00500225470736739,15575.0,0.00019750051599129546,1.0394822910992763,41.891466,-87.62676099999999
Michigan Ave & Madison St,575.0,5118.0,0.002010665267943002,0.0018172586309132808,5693.0,0.0001934066370297212,1.1064276307797158,41.882134,-87.625125
Normal Ave & Archer Ave,112.0,561.0,0.0003916426261036804,0.000199195406788267,673.0,0.0001924472193154134,1.9661179256108394,41.849526999999995,-87.640591
LaSalle St & Illinois St,1362.0,12898.0,0.004762654078153685,0.0045797189959983385,14260.0,0.00018293508215534628,1.039944599738672,41.890762,-87.631697
Fulton Market,324.0,2691.0,0.0011329661683713611,0.0009554988229362327,3015.0,0.00017746734543512847,1.1857324733873573,41.886871,-87.648089
Wood St & Chicago Ave,521.0,4642.0,0.0018218375732144418,0.0016482443463656602,5163.0,0.0001735932268487816,1.1053200163625825,41.895634,-87.672069
Clark St & Eddy St,183.0,1320.0,0.0006399160765801206,0.00046869507479592237,1503.0,0.00017122100178419827,1.3653134962966151,41.94628,-87.65627
St. Clair St & Erie St 1,54.0,52.0,0.0001888276947285602,1.8463745370748456e-05,106.0,0.00017036394935781175,10.226444553505702,41.894400000000005,-87.62286
Malden St & Wilson Ave,77.0,300.0,0.00026925430544628027,0.00010652160790816417,377.0,0.0001627326975381161,2.5276822520005524,41.96526,-87.66275
Calumet Ave & 35th St,127.0,800.0,0.00044409476352828044,0.0002840576210884378,927.0,0.00016003714243984266,1.5633947733275002,41.831379,-87.618034
Clark St & Elm St,1958.0,18852.0,0.006846752338491127,0.0066938178409490364,20810.0,0.0001529344975420904,1.0228471222744366,41.903017321641414,-87.63152289470456
Sedgwick St & Chicago Ave,61.0,176.0,0.0002133053588600402,6.249267663945631e-05,237.0,0.0001508126822205839,3.413247072830502,41.89677,-87.6386
Rhodes Ave & 32nd St,262.0,2167.0,0.0009161640003496809,0.0007694410811233058,2429.0,0.0001467229192263751,1.190687412120968,41.836208000000006,-87.613533
Dearborn St & Monroe St,1272.0,12116.0,0.0044479412536060844,0.004302052671384391,13388.0,0.00014588858222169387,1.0339113812531184,41.881319815,-87.6295209193
Wentworth Ave & Cermak Rd,43.0,16.0,0.00015036279395052015,5.681152421768756e-06,59.0,0.0001446816415287514,26.462471047848886,41.85308455741279,-87.63193130493164
Western Ave & Granville Ave,136.0,939.0,0.0004755660459830405,0.00033341263275255386,1075.0,0.00014215341323048662,1.426357530905124,41.99416136902,-87.689438282
Throop St & Taylor St,393.0,3471.0,0.0013742460005245214,0.0012324550034974594,3864.0,0.00014179099702706197,1.1150475121421681,41.868968,-87.659141
Laflin St & Cullerton St,213.0,1701.0,0.0007448203514293207,0.0006039775168392909,1914.0,0.00014084283459002986,1.2331917951768903,41.85491457576575,-87.66355991363525
Milwaukee Ave & Armitage Ave,103.0,618.0,0.00036017134364892036,0.0002194345122908182,721.0,0.00014073683135810215,1.6413585015883092,41.91771000000001,-87.68864
Lincoln Ave & Melrose St,683.0,6333.0,0.0023883206574001224,0.0022486711429413457,7016.0,0.00013964951445877673,1.0621031015557965,41.9406,-87.669435
Leavitt St & Division St,299.0,2572.0,0.001045545939330361,0.0009132452517993275,2871.0,0.00013230068753103353,1.1448685798275848,41.90299699999999,-87.683825
Sheridan Rd & Irving Park Rd,910.0,8591.0,0.003182096337092403,0.0030504237784634613,9501.0,0.00013167255862894193,1.0431653189937917,41.954245,-87.654406
Racine Ave & Broadway,110.0,725.0,0.0003846490077804004,0.00025742721911139674,835.0,0.00012722178866900365,1.4942029630945435,41.968235,-87.65965479999998
Green St & Chicago Ave,146.0,1085.0,0.0005105341375994405,0.00038525314860119375,1231.0,0.00012528098899824676,1.3251904994485466,41.89466827448534,-87.64995936930755
Damen Ave & Madison St,195.0,1575.0,0.0006818777865198007,0.0005592384415178619,1770.0,0.00012263934500193882,1.2192966659666864,41.88137,-87.67493
Clark St & Chicago Ave,760.0,7147.0,0.0026575749628464027,0.002537699772398831,7907.0,0.00011987519044757153,1.0472377168149167,41.89675,-87.63089
Hoyne Ave & Balmoral Ave,161.0,1251.0,0.0005629862750240406,0.0004441951049770446,1412.0,0.00011879117004699594,1.267429562564793,41.979851,-87.681932
Larrabee St & Oak St,511.0,4699.0,0.0017868694815980418,0.0016684834518682114,5210.0,0.00011838602972983042,1.0709542301082116,41.90026748327433,-87.64269324050811
Wells St & Elm St,1701.0,16423.0,0.005948072383949646,0.005831347888919267,18124.0,0.00011672449503037901,1.020016722932181,41.903222,-87.634324
Noble St & Ohio St,170.0,1350.0,0.0005944575574788006,0.0004793472355867388,1520.0,0.00011511032189206181,1.2401392418836439,41.89242000000001,-87.66205999999998
Racine Ave & Webster Ave,74.0,411.0,0.00025876387796136026,0.0001459346028341849,485.0,0.00011282927512717536,1.7731442700474838,41.9216,-87.65859
Spaulding Ave & Division St,154.0,1203.0,0.0005385086108925605,0.0004271516477117383,1357.0,0.00011135696318082222,1.2606959450617075,41.90270659438,-87.709219571
Cottage Grove Ave & 63rd St,92.0,595.0,0.0003217064428708803,0.0002112678556845256,687.0,0.00011043858718635472,1.5227395530142205,41.78053094070882,-87.6059702038765
Shore Dr & 53rd St,34.0,25.0,0.00011889151149576012,8.87680065901368e-06,59.0,0.00011001471083674643,13.392113211626112,41.79945,-87.58237
Damen Ave & Wabansia Ave,213.0,1788.0,0.0007448203514293207,0.0006348687831326585,2001.0,0.00010995156829666228,1.1731875909326235,41.91227003510449,-87.67728471402764
Leavitt St & Augusta Blvd,88.0,558.0,0.0003077192062243203,0.00019813019070918537,646.0,0.00010958901551513494,1.5531133948313491,41.89962,-87.68194
Prairie Ave & Garfield Blvd,125.0,923.0,0.00043710114520500044,0.0003277314803307851,1048.0,0.00010936966487421531,1.3337162821452024,41.794852999999996,-87.618691
Damen Ave & St Paul Ave,81.0,495.0,0.0002832415420928403,0.0001757606530484709,576.0,0.0001074808890443694,1.611515010129819,41.91301,-87.67778000000001
Cityfront Plaza Dr & Pioneer Ct,772.0,7301.0,0.0026995366727860827,0.002592380864458355,8073.0,0.0001071558083277275,1.0413348858039926,41.890573,-87.622072
LaSalle St & Adams St,432.0,3953.0,0.0015106215578284815,0.0014035997202032431,4385.0,0.00010702183762523838,1.0762480640575203,41.87934437346,-87.6319852213
Halsted St & Court Pl,33.0,26.0,0.00011539470233412012,9.231872685374228e-06,59.0,0.0001061628296487459,12.498353033386692,41.883700000000005,-87.64721999999999
Sheridan Rd & Berwyn Ave,50.0,196.0,0.00017484045808200017,6.959411716666726e-05,246.0,0.00010524634091533291,2.5122661646403674,41.97828,-87.65529
N Clark St & W Elm St,35.0,55.0,0.00012238832065740012,1.9528961449830096e-05,90.0,0.00010285935920757003,6.2667466585534335,41.90290100000001,-87.631282
State St & Van Buren St,537.0,5002.0,0.0018777865198006819,0.0017760702758554572,5539.0,0.00010171624394522466,1.05727036145902,41.877181,-87.627844
Harding Ave & Chicago Ave,36.0,71.0,0.00012588512981904013,2.5210113871598854e-05,107.0,0.00010067501594744128,4.993279172835555,41.895313,-87.724738
Woodlawn Ave & Lake Park Ave,105.0,752.0,0.00036716496197220037,0.00026701416382313154,857.0,0.00010015079814906883,1.3750753204990553,41.81409271048,-87.5970051479
Loomis St & Archer Ave,83.0,536.0,0.0002902351604161203,0.00019031860612925332,619.0,9.991655428686697e-05,1.5249934902608502,41.84163253965,-87.6574349533
Marshfield Ave & Wabansia Ave,36.0,78.0,0.00012588512981904013,2.7695618056122684e-05,114.0,9.818951176291743e-05,4.545180554678279,41.91218,-87.66888
Paulina St & Cortland St,79.0,502.0,0.0002762479237695603,0.0001782461572329947,581.0,9.800176653656557e-05,1.5498083002157683,41.91626,-87.67019
Wood St & Beach Ave,230.0,1990.0,0.0008042661071772008,0.000706593332457489,2220.0,9.767277471971181e-05,1.1382303398613633,41.907655,-87.672552
Greenwood Ave & 47th St,129.0,996.0,0.00045108838185156045,0.00035365173825510507,1125.0,9.743664359645538e-05,1.2755150266252713,41.809835,-87.59938299999999
Oakley Ave & Lyndale St,35.0,71.0,0.00012238832065740012,2.5210113871598854e-05,106.0,9.717820678580127e-05,4.854578075396966,41.92261,-87.68513
Halsted St & Maxwell St,629.0,5930.0,0.002199492962671562,0.002105577116318045,6559.0,9.391584635351719e-05,1.0446033541219286,41.864883,-87.64707099999998
Marshfield Ave & Diversey Pkwy,40.0,131.0,0.00013987236646560014,4.651443545323169e-05,171.0,9.335793101236846e-05,3.0070312166857796,41.93204,-87.6697
Morgan St & 31st St,251.0,2212.0,0.0008776990995716409,0.0007854193223095305,2463.0,9.227977726211038e-05,1.1174909467465286,41.8378,-87.65114
Fairbanks Ct & Grand Ave,1052.0,10104.0,0.0036786432380452837,0.0035876477543469692,11156.0,9.099548369831444e-05,1.0253635430692762,41.89184737210993,-87.62058019638062
Emerald Ave & 31st St,257.0,2275.0,0.0008986799545414809,0.000807788859970245,2532.0,9.089109457123589e-05,1.1125182415320043,41.83819799627639,-87.64514298911445
Wells St & Huron St,1654.0,16035.0,0.005783722353352566,0.005693579942691375,17689.0,9.014241066119047e-05,1.0158322875477694,41.89478399980203,-87.6343724037867
Kedzie Ave & Armitage Ave,75.0,489.0,0.00026226068712300026,0.0001736302208903076,564.0,8.863046623269267e-05,1.5104523586151908,41.91759,-87.70685
Peoria St & Kinzie St,209.0,1812.0,0.0007308331147827607,0.0006433905117653116,2021.0,8.744260301744909e-05,1.1359088539690672,41.88896,-87.64973
Noble St & Potomac Ave,30.0,50.0,0.0001049042748492001,1.775360131802736e-05,80.0,8.715067353117275e-05,5.908624641584218,41.90383473134329,-87.66286604477612
Granville Ave & Clark St,33.0,81.0,0.00011539470233412012,2.8760834135204328e-05,114.0,8.663386819891579e-05,4.012112085469417,41.9944,-87.66983
Orleans St & Chestnut St (NEXT Apts),489.0,4575.0,0.0017099396800419617,0.0016244545205995036,5064.0,8.54851594424581e-05,1.052623884346744,41.898203,-87.637536
Sangamon St & Adams St,116.0,902.0,0.0004056298627502404,0.0003202749677772136,1018.0,8.535489497302678e-05,1.2665042137423195,41.879090000000005,-87.65128
Clark St & Lunt Ave,289.0,2608.0,0.001010577847713961,0.0009260278447483072,2897.0,8.455000296565384e-05,1.0913038545668998,42.00901118058077,-87.67411172389984
Troy St & Elston Ave,176.0,1496.0,0.0006154384124486406,0.0005311877514353787,1672.0,8.425066101326194e-05,1.1586077656682294,41.94524356848,-87.7066499009
Kenmore Ave & School St,34.0,99.0,0.00011889151149576012,3.5152130609694174e-05,133.0,8.373938088606595e-05,3.3821315323470262,41.94166,-87.6556
Damen Ave & Evergreen Ave,39.0,151.0,0.00013637555730396014,5.361587598044263e-05,190.0,8.27596813235175e-05,2.5435379217861374,41.90605,-87.67758
Loomis St & Jackson Blvd,378.0,3490.0,0.0013217938630999213,0.0012392013719983099,3868.0,8.259249110161146e-05,1.066649719987563,41.877945,-87.662007
Greenview Ave & Jarvis Ave,208.0,1816.0,0.0007273363056211207,0.0006448107998707538,2024.0,8.252550575036689e-05,1.1279838640777173,42.015962,-87.66857
Michigan Ave & 18th St,550.0,5190.0,0.001923245038902002,0.0018428238168112401,5740.0,8.04212220907618e-05,1.0436401883440662,41.857926,-87.62433600000001
Public Rack - Hyde Park Blvd & 55th St,57.0,337.0,0.0001993181222134802,0.00011965927288350442,394.0,7.965884932997578e-05,1.6657084043885464,41.795,-87.584113
Warren Park East,82.0,584.0,0.0002867383512544803,0.0002073620633945596,666.0,7.93762878599207e-05,1.3827889430283333,42.00454962194,-87.68066614509999
St Louis Ave & 59th St,32.0,92.0,0.00011189789317248011,3.2666626425170344e-05,124.0,7.923126674730976e-05,3.425375682827762,41.78589,-87.71057
Campbell Ave & Augusta Blvd,199.0,1744.0,0.0006958650231663607,0.0006192456139727944,1943.0,7.661940919356628e-05,1.1237300414159914,41.899578,-87.689497
Western Ave & Monroe St,103.0,800.0,0.00036017134364892036,0.0002840576210884378,903.0,7.611372256048258e-05,1.2679507570262605,41.88142526,-87.6866316818
Marmora Ave & Irving Park Rd,33.0,112.0,0.00011539470233412012,3.976806695238129e-05,145.0,7.562663538173882e-05,2.9016446996931733,41.9531072,-87.7747326
Public Rack - Woodlawn Ave & 63rd St N,53.0,309.0,0.00018533088556692019,0.0001097172561454091,362.0,7.561362942151108e-05,1.6891617865426212,41.78062099999999,-87.596033
Claremont Ave & Hirsch St,165.0,1412.0,0.0005769735116706006,0.0005013617012210927,1577.0,7.561181044950791e-05,1.1508125958818871,41.907781,-87.685854
Komensky Ave & 31st St,34.0,125.0,0.00011889151149576012,4.43840032950684e-05,159.0,7.450750820069172e-05,2.6786640231920456,41.836708,-87.725641
Public Rack - Prairie Ave & 47th St,25.0,40.0,8.742022904100009e-05,1.420288105442189e-05,65.0,7.321734798657819e-05,6.1547424049840584,41.809497,-87.618997
Ashland Ave & Wellington Ave,418.0,3911.0,0.0014616662295655215,0.0013886866950961003,4329.0,7.297953446942112e-05,1.0525528776031754,41.936083,-87.669807
Green St & Washington Blvd,475.0,4473.0,0.0016609843517790017,0.0015882371739107278,4948.0,7.274717786827389e-05,1.0458036956064014,41.883181305753524,-87.64872461685994
Milwaukee Ave & Grand Ave,855.0,8216.0,0.002989771833202203,0.002917271768578256,9071.0,7.25000646239469e-05,1.0248520006098985,41.891578,-87.648384
Wells St & Institute Pl,504.0,4760.0,0.0017623918174665618,0.0016901428454762048,5264.0,7.224897199035693e-05,1.042747232541027,41.89737986072316,-87.63442039489746
Indiana Ave & 31st St,155.0,1325.0,0.0005420054200542005,0.0004704704349277251,1480.0,7.153498512647545e-05,1.1520495822184504,41.838842,-87.621857
Kedzie Ave & 21st St,56.0,352.0,0.0001958213130518402,0.00012498535327891262,408.0,7.083595977292758e-05,1.566749552367961,41.85353363213,-87.7050730318
Halsted St & 69th St,29.0,88.0,0.0001014074656875601,3.1246338319728154e-05,117.0,7.016112736783195e-05,3.2453473204639445,41.76906172032,-87.6446135779
Leavitt St & Archer Ave,84.0,632.0,0.0002937319695777603,0.00022440552065986587,716.0,6.932644891789443e-05,1.3089324174450925,41.82879201994,-87.6806044594
Kedzie Ave & Leland Ave,147.0,1253.0,0.0005140309467610805,0.00044490524902976566,1400.0,6.912569773131485e-05,1.1553713796604599,41.96668636205,-87.7080519806
Lockwood Ave & Grand Ave,42.0,221.0,0.00014686598478888015,7.847091782568093e-05,263.0,6.839506696319921e-05,1.871586535136472,41.9175941,-87.7584143
Clark St & Columbia Ave,166.0,1446.0,0.0005804703208322406,0.0005134341501173513,1612.0,6.70361707148893e-05,1.1305640463056872,42.00445062934,-87.6724024047
N Shore Channel Trail & Argyle St,63.0,432.0,0.00022029897718332022,0.0001533911153877564,495.0,6.690786179556381e-05,1.4361884026856855,41.972177,-87.702749
Public Rack - Natoma Ave & Bryn Mawr Ave,25.0,59.0,8.742022904100009e-05,2.0949249555272286e-05,84.0,6.64709794857278e-05,4.172801322025298,41.982886,-87.790461
Ashland Ave & 13th St,219.0,1970.0,0.0007658012063991608,0.000699491891930278,2189.0,6.630931446888276e-05,1.0947962663150153,41.86523400000001,-87.66650700000001
Public Rack - Milwaukee Ave & Diversey Ave,48.0,289.0,0.00016784683975872017,0.00010261581561819815,337.0,6.523102414052202e-05,1.6356757783560951,41.93123,-87.711501
Clark St & Arlington Pl,261.0,2395.0,0.0009126671911880409,0.0008503975031335107,2656.0,6.226968805453023e-05,1.0732241270711103,41.926939727841415,-87.64147979309305
Kilbourn Ave & Belden Ave,59.0,407.0,0.0002063117405367602,0.00014451431472874273,466.0,6.179742580801747e-05,1.4276185255798812,41.922369,-87.739024
Dorchester Ave & 49th St,87.0,686.0,0.0003042223970626803,0.0002435794100833354,773.0,6.06429869793449e-05,1.248964959696871,41.805772,-87.592464
Dorchester Ave & 63rd St,74.0,558.0,0.00025876387796136026,0.00019813019070918537,632.0,6.063368725217489e-05,1.3060279758837785,41.78040564570001,-87.5914159893
Western Ave & Gunnison St,44.0,263.0,0.00015385960311216015,9.338394293282393e-05,307.0,6.0475660179336226e-05,1.647595407568425,41.96965951655629,-87.68953755099338
Halsted St & 21st St,171.0,1515.0,0.0005979543666404406,0.000537934119936229,1686.0,6.002024670421157e-05,1.1115752522559352,41.85377981072743,-87.6466029882431
Ashland Ave & Augusta Blvd,426.0,4027.0,0.0014896407028586415,0.0014298750501539237,4453.0,5.976565270471778e-05,1.041797785687986,41.89962082184989,-87.66838462985125
Sacramento Blvd & Franklin Blvd,38.0,206.0,0.00013287874814232013,7.314483743027273e-05,244.0,5.9733910712047407e-05,1.8166412855548966,41.89046879243862,-87.70260751247406
Pulaski Rd & 51st St,59.0,414.0,0.0002063117405367602,0.00014699981891326655,473.0,5.9311921623493656e-05,1.4034802123006465,41.800434,-87.7247496
Nagle Ave & Belmont Ave,25.0,89.0,8.742022904100009e-05,3.1601410346088703e-05,114.0,5.5818818694911384e-05,2.7662835867144495,41.93852,-87.78735
Perry Ave & 69th St,29.0,129.0,0.0001014074656875601,4.580429140051059e-05,158.0,5.560317428704951e-05,2.2139028611534974,41.76929308995,-87.62819592909999
May St & Cullerton St,177.0,1587.0,0.0006189352216102806,0.0005634993058341885,1764.0,5.5435915776092166e-05,1.098377791816859,41.855136,-87.654127
Monticello Ave & Irving Park Rd,154.0,1361.0,0.0005385086108925605,0.0004832530278767048,1515.0,5.525558301585574e-05,1.114340656939032,41.95400483876,-87.7191281797
Western Ave & Howard St,83.0,662.0,0.0002902351604161203,0.00023505768145068228,745.0,5.517747896543801e-05,1.2347391665132557,42.018901,-87.690048
Calumet Ave & 51st St,57.0,408.0,0.0001993181222134802,0.00014486938675510328,465.0,5.4448735458376916e-05,1.375844481939708,41.80229465088,-87.6180535802
Western Ave & Congress Pkwy,124.0,1072.0,0.00043360433604336043,0.00038063721225850664,1196.0,5.2967123784853796e-05,1.1391534587937842,41.87474885079,-87.68644527569998
Ashland Ave & Grand Ave,344.0,3240.0,0.0012029023516041612,0.001150433365408173,3584.0,5.246898619598811e-05,1.0456079788414285,41.891072,-87.666611
Pulaski Rd & Ann Lurie Pl,26.0,109.0,9.091703820264009e-05,3.870285087329965e-05,135.0,5.221418732934044e-05,2.349069566753655,41.81644,-87.7248
Emerald Ave & 28th St,115.0,992.0,0.0004021330535886004,0.0003522314501496629,1107.0,4.990160343893753e-05,1.1416723627188081,41.84358000000001,-87.64536800000002
Clark St & 9th St (AMLI),275.0,2570.0,0.000961622519451001,0.0009125351077466064,2845.0,4.90874117043946e-05,1.0537922952173475,41.870816,-87.631246
Public Rack - Pulaski Rd & 44th St,21.0,69.0,7.343299239444007e-05,2.449996981887776e-05,90.0,4.893302257556231e-05,2.997187170030302,41.8129,-87.72249999999998
Halsted St & Archer Ave,162.0,1462.0,0.0005664830841856806,0.0005191153025391201,1624.0,4.73677816465605e-05,1.0912469545164996,41.847203,-87.646795
Columbus Ave & 79th St,19.0,58.0,6.643937407116007e-05,2.059417752891174e-05,77.0,4.584519654224833e-05,3.226016089343747,41.749119,-87.704263
Stony Island Ave & 75th St,30.0,170.0,0.0001049042748492001,6.036224448129303e-05,200.0,4.454203036790708e-05,1.7378998718617742,41.7586696704,-87.586882871
Western Ave & Leland Ave,315.0,2981.0,0.001101494885916601,0.0010584697105807913,3296.0,4.302517533580981e-05,1.0406484325978198,41.96579395810278,-87.68859948272886
Western Ave & Berteau Ave,99.0,855.0,0.00034618410700236035,0.0003035865825382679,954.0,4.259752446409245e-05,1.1403137905310172,41.95774,-87.688273
California Ave & Lake St,65.0,521.0,0.00022729259550660023,0.0001849925257338451,586.0,4.230006977275512e-05,1.2286570278876316,41.88445395657,-87.6962981368
Campbell Ave & Montrose Ave,234.0,2186.0,0.0008182533438237608,0.0007761874496241563,2420.0,4.206589419960454e-05,1.0541954653151224,41.96152399999999,-87.69117699999998
Archer (Damen) Ave & 37th St,37.0,246.0,0.00012938193898068013,8.734771848469462e-05,283.0,4.203422049598551e-05,1.4812230931968486,41.826712,-87.683144
Public Rack - Langley Ave & 49th St,22.0,100.0,7.692980155608008e-05,3.550720263605472e-05,122.0,4.1422598920025354e-05,2.1665642258660878,41.805218,-87.609076
Public Rack - Keating & Peterson,22.0,100.0,7.692980155608008e-05,3.550720263605472e-05,122.0,4.1422598920025354e-05,2.1665642258660878,41.990159,-87.747183
Ping Tom Park (East),52.0,396.0,0.00018183407640528018,0.0001406085224387767,448.0,4.122555396650349e-05,1.2931917643376796,41.8579886,-87.6319447
Narragansett Ave & Montrose Ave,29.0,171.0,0.0001014074656875601,6.071731650765358e-05,200.0,4.0690149179906524e-05,1.6701462016783273,41.959978,-87.786928
Lake Park Ave & 47th St,150.0,1363.0,0.0005245213742460005,0.0004839631719294259,1513.0,4.0558202316574627e-05,1.083804142267145,41.809443,-87.591875
Lamon Ave & Belmont Ave,25.0,133.0,8.742022904100009e-05,4.722457950595278e-05,158.0,4.019564953504731e-05,1.8511414778929425,41.9390108,-87.7492834
Broadway & Cuyler Ave,41.0,292.0,0.00014336917562724014,0.0001036810316972798,333.0,3.968814392996035e-05,1.3827870970530143,41.955417,-87.6515
Komensky Ave & 47th St,21.0,98.0,7.343299239444007e-05,3.479705858333363e-05,119.0,3.863593381110644e-05,2.1102899237491064,41.80769,-87.72472
California Ave & Granville Ave,88.0,758.0,0.0003077192062243203,0.00026914459598129483,846.0,3.857461024302548e-05,1.1433224649371798,41.9941803,-87.6995596
Halsted St & 96th St,23.0,118.0,8.042661071772008e-05,4.189849911054457e-05,141.0,3.852811160717551e-05,1.9195363291939542,41.71971218361882,-87.6430195569992
Glenwood Ave & Morse Ave,285.0,2699.0,0.000996590611067401,0.0009583393991471169,2984.0,3.825121192028405e-05,1.0399140138037861,42.00797192287,-87.6655023944
Paulina St & 18th St,297.0,2818.0,0.001038552321007081,0.0010005929702840222,3115.0,3.795935072305884e-05,1.0379368173808643,41.857901,-87.668745
Evanston Civic Center,106.0,938.0,0.00037066177113384037,0.00033305756072619333,1044.0,3.7604210407647036e-05,1.112905701404749,42.057044,-87.686554
Broadway & Sheridan Rd,840.0,8167.0,0.002937319695777603,0.002899873239286589,9007.0,3.744645649101383e-05,1.012913131191588,41.952833,-87.649993
Sheffield Ave & Fletcher St,47.0,361.0,0.00016435003059708016,0.00012818100151615756,408.0,3.6169029080922605e-05,1.2821693268408159,41.939009999999996,-87.65321000000002
Lawndale Ave & 59th St,16.0,58.0,5.5948946586240056e-05,2.059417752891174e-05,74.0,3.535476905732832e-05,2.7166527944562215,41.78638,-87.71570000000001
Laramie Ave & Bloomingdale Ave,26.0,158.0,9.091703820264009e-05,5.6101380164966466e-05,184.0,3.4815658037673625e-05,1.620573635829706,41.91432,-87.75572
Hoyne Ave & 47th St,45.0,349.0,0.00015735641227380016,0.000123920137199831,394.0,3.343627507396916e-05,1.2698189818904821,41.808227,-87.67718
Halsted St & 37th St,52.0,422.0,0.00018183407640528018,0.00014984039512415094,474.0,3.199368128112924e-05,1.2135169740953153,41.827059,-87.64572
Public Rack - Milwaukee Ave & Higgins Ave,16.0,68.0,5.5948946586240056e-05,2.414489779251721e-05,84.0,3.180404879372284e-05,2.317161576140643,41.9685964,-87.7612092
Kildare Ave & Division St,19.0,100.0,6.643937407116007e-05,3.550720263605472e-05,119.0,3.0932171435105344e-05,1.8711274899534645,41.902393,-87.733598
Ogden Ave & Race Ave,522.0,5054.0,0.0018253343823760818,0.0017945340212262057,5576.0,3.080036114987616e-05,1.0171634216025667,41.891795,-87.658751
Milwaukee Ave & Agatite Ave,34.0,251.0,0.00011889151149576012,8.912307861649735e-05,285.0,2.9768432879262766e-05,1.3340111150809975,41.9615,-87.75489
Shields Ave & 43rd St,21.0,123.0,7.343299239444007e-05,4.367385924234731e-05,144.0,2.9759133152092763e-05,1.6813790283092245,41.81620767856,-87.6348193497
Dodge Ave & Church St,56.0,468.0,0.0001958213130518402,0.00016617370833673612,524.0,2.9647604715104077e-05,1.1784122566655946,42.048308,-87.698224
Rockwell St & Archer Ave,45.0,360.0,0.00015735641227380016,0.000127825929489797,405.0,2.9530482784003147e-05,1.2310192609794341,41.82272,-87.68982
Morgan St & 18th St,341.0,3278.0,0.0011924119241192412,0.0011639261024098738,3619.0,2.84858217093674e-05,1.02447388814161,41.858086,-87.651073
Mies van der Rohe Way & Chestnut St,952.0,9298.0,0.0033289623218812833,0.0033014597011003684,10250.0,2.750262078091495e-05,1.0083304401508546,41.8985866514,-87.6219152258
Lincoln Ave & Roscoe St*,578.0,5615.0,0.002021155695427922,0.001993729428014473,6193.0,2.7426267413449123e-05,1.0137562566273126,41.9433502470174,-87.67066776752472
Rockwell Ave & Logan Blvd,33.0,250.0,0.00011539470233412012,8.87680065901368e-05,283.0,2.6626695743983312e-05,1.2999548690110252,41.928110000000004,-87.69268
Noble St & Milwaukee Ave,478.0,4633.0,0.0016714747792639217,0.0016450486981284154,5111.0,2.6426081135506267e-05,1.016064001692819,41.9007,-87.66260699999998
Clark St & Fletcher St,54.0,458.0,0.0001888276947285602,0.00016262298807313063,512.0,2.620470665542956e-05,1.1611367853286536,41.93894,-87.65030999999999
Washtenaw Ave & Peterson Ave,22.0,143.0,7.692980155608008e-05,5.077529976955826e-05,165.0,2.615450178652182e-05,1.5150927087089976,41.99066,-87.697075
Ogden Ave & Chicago Ave,704.0,6860.0,0.0024617536497945625,0.002435794100833354,7564.0,2.59595489612084e-05,1.0106575257304389,41.896362458,-87.6540612729
Halsted St & 51st St,27.0,195.0,9.44138473642801e-05,6.923904514030671e-05,222.0,2.517480222397338e-05,1.3635873167465393,41.80183164049,-87.645213904
Kilbourn Ave & Milwaukee Ave,37.0,294.0,0.00012938193898068013,0.0001043911757500009,331.0,2.4990763230679235e-05,1.2393930680257808,41.94761930237381,-87.74001627636491
Public Rack - Harold Washington Park,17.0,101.0,5.944575574788006e-05,3.586227466241527e-05,118.0,2.3583481085464788e-05,1.6575941909225675,41.801089,-87.58479100000001
Clinton St & 18th St,226.0,2160.0,0.0007902788705306408,0.0007669555769387821,2386.0,2.332329359185873e-05,1.03041018786872,41.85795,-87.640826
Dauphin Ave & 103rd St,12.0,53.0,4.196170993968004e-05,1.8818817397109005e-05,65.0,2.3142892542571037e-05,2.22970866583042,41.7072503677818,-87.60766267776489
Kedzie Ave & 48th Pl,55.0,478.0,0.0001923245038902002,0.00016972442860034158,533.0,2.260007528985861e-05,1.1331566841588352,41.8047581237684,-87.70421936879356
Cottage Grove Ave & 49th St,16.0,94.0,5.5948946586240056e-05,3.337677047789144e-05,110.0,2.2572176108348614e-05,1.6762637463547732,41.806273,-87.606643
Cornell Ave & Hyde Park Blvd,414.0,4014.0,0.0014476789929189614,0.0014252591138112366,4428.0,2.2419879107724852e-05,1.015730377136404,41.802406,-87.586924
Public Rack - South Shore Dr & 71st St,16.0,99.0,5.5948946586240056e-05,3.5152130609694174e-05,115.0,2.0796815976545882e-05,1.5916063694995843,41.766206,-87.562789
Paulina St & Adams St,31.0,247.0,0.00010840108401084011,8.770279051105517e-05,278.0,2.069829349978494e-05,1.2360022683076155,41.87862,-87.66913
Ashland Ave & Archer Ave,78.0,710.0,0.00027275111460792027,0.00025210113871598853,788.0,2.0649975891931743e-05,1.0819111491759117,41.83920868403,-87.6656098589
Glenwood Ave & Touhy Ave,105.0,978.0,0.00036716496197220037,0.0003472604417806152,1083.0,1.990452019158518e-05,1.0573185438887858,42.012701,-87.666058
Public Rack - Hamlin Ave & Montrose Ave,32.0,260.0,0.00011189789317248011,9.231872685374228e-05,292.0,1.957916631873783e-05,1.2120799853508684,41.96121600000001,-87.72241599999998
Public Rack - Campbell Ave & Pratt Blvd,10.0,44.0,3.4968091616400035e-05,1.5623169159864077e-05,54.0,1.9344922456535958e-05,2.2381408738347437,42.00507,-87.692643
Tripp Ave & 65th St,18.0,123.0,6.294256490952006e-05,4.367385924234731e-05,141.0,1.9268705667172753e-05,1.4411852951889939,41.77491,-87.72883
University Ave & 65th St,41.0,350.0,0.00014336917562724014,0.00012427520922619155,391.0,1.9093966401048597e-05,1.1536413648270862,41.77694,-87.59842000000002
State St & 29th St,37.0,311.0,0.00012938193898068013,0.00011042740019813019,348.0,1.8954538782549942e-05,1.1716455073924985,41.84170699999999,-87.626938
Granville Ave & Pulaski Rd,13.0,77.0,4.5458519101320045e-05,2.734054602976214e-05,90.0,1.8117973071557907e-05,1.66265356947394,41.9924402,-87.72890720000001
Western Ave & 21st St,80.0,737.0,0.0002797447329312003,0.0002616880834277233,817.0,1.8056649503476953e-05,1.0690003926299205,41.854109,-87.685838
Halsted St & 104th St,10.0,49.0,3.4968091616400035e-05,1.7398529291666816e-05,59.0,1.756956232473322e-05,2.009772277756263,41.70513978893236,-87.6424241065979
Public Rack - Kenneth & Carmen,10.0,49.0,3.4968091616400035e-05,1.7398529291666816e-05,59.0,1.756956232473322e-05,2.009772277756263,41.972642,-87.739239
Cottage Grove Ave & 47th St,44.0,384.0,0.00015385960311216015,0.00013634765812245013,428.0,1.751194498971002e-05,1.1284350372849516,41.809855,-87.606755
Latrobe Ave & Chicago Ave,9.0,41.0,3.147128245476003e-05,1.4557953080782437e-05,50.0,1.6913329373977595e-05,2.1617132962879655,41.894745,-87.756895
Public Rack - Washtenaw Ave & Devon Ave,19.0,140.0,6.643937407116007e-05,4.971008369047661e-05,159.0,1.6729290380683456e-05,1.3365303899799788,41.997764,-87.697221
Racine Ave & 35th St,61.0,554.0,0.0002133053588600402,0.00019670990260374317,615.0,1.659545625629704e-05,1.0843646998546244,41.83068856472101,-87.65621066093445
Public Rack - Evans Ave & 63rd St,17.0,121.0,5.944575574788006e-05,4.296371518962622e-05,138.0,1.648204055825384e-05,1.3836180569453282,41.780506,-87.607519
Clinton St & Polk St,84.0,781.0,0.0002937319695777603,0.0002773112525875874,865.0,1.6420716990172917e-05,1.0592138170490195,41.87146651779,-87.6409491327
Lavergne Ave & Fullerton Ave,25.0,201.0,8.742022904100009e-05,7.136947729847e-05,226.0,1.6050751742530093e-05,1.2248934342334037,41.924034,-87.751191
Halsted St & Clybourn Ave,1137.0,11153.0,0.003975872016784684,0.003960118309999184,12290.0,1.5753706785500213e-05,1.0039780889292205,41.909668,-87.648128
Dodge Ave & Mulford St,32.0,271.0,0.00011189789317248011,9.62245191437083e-05,303.0,1.5673374028771805e-05,1.1628816780438913,42.023463,-87.699595
Western Ave & Lyndale St,32.0,272.0,0.00011189789317248011,9.657959117006884e-05,304.0,1.531830200241127e-05,1.1586064220236265,41.922599999999996,-87.68772000000001
Ewing Ave & Burnham Greenway,10.0,56.0,3.4968091616400035e-05,1.9884033476190646e-05,66.0,1.508405814020939e-05,1.7585633767360913,41.70999,-87.5355
Public Rack - Spaulding Ave & North Ave,14.0,97.0,4.895532826296005e-05,3.444198655697308e-05,111.0,1.4513341705986967e-05,1.4213729167178941,41.910138,-87.709553
Kedzie Ave & 24th St,11.0,68.0,3.846490077804004e-05,2.414489779251721e-05,79.0,1.4320002985522828e-05,1.5930615257536866,41.848192999999995,-87.70541199999998
Public Rack - Irving Park Rd & Leclaire Ave,9.0,49.0,3.147128245476003e-05,1.7398529291666816e-05,58.0,1.4072753163093216e-05,1.8088007972625504,41.953418,-87.754841
Commercial Ave & 130th St,10.0,59.0,3.4968091616400035e-05,2.0949249555272286e-05,69.0,1.4018842061127749e-05,1.669149168087108,41.659150427597744,-87.55076229572296
Kostner Ave & Wrightwood Ave,47.0,424.0,0.00016435003059708016,0.00015055053917687204,471.0,1.3799491420208123e-05,1.0916595837920735,41.927957,-87.735952
Keystone Ave & Montrose Ave,75.0,702.0,0.00026226068712300026,0.00024926056250510414,777.0,1.3000124617896125e-05,1.052154549972501,41.96110801623001,-87.7289701012
Conservatory Dr & Lake St,29.0,249.0,0.0001014074656875601,8.841293456377627e-05,278.0,1.2994531123783833e-05,1.1469737908158628,41.885502,-87.716866
Hamlin Ave & Grand Ave,11.0,72.0,3.846490077804004e-05,2.55651858979594e-05,83.0,1.2899714880080638e-05,1.504561569393511,41.904034463325004,-87.72156312600833
Western Ave & 101st St,8.0,44.0,2.7974473293120028e-05,1.5623169159864077e-05,52.0,1.235130413325595e-05,1.7905254997484552,41.71011,-87.68198
Vernon Ave & 79th St,9.0,54.0,3.147128245476003e-05,1.917388942346955e-05,63.0,1.229739303129048e-05,1.6413279763813817,41.75094,-87.61379
Central Park Ave & 24th St,19.0,153.0,6.643937407116007e-05,5.432602003316373e-05,172.0,1.2113354037996339e-05,1.2229710746255138,41.8481,-87.715068
Bernard St & Elston Ave,73.0,685.0,0.00025526706879972026,0.00024322433805697486,758.0,1.2042730742745398e-05,1.0495126488011066,41.949923,-87.713949
Central Park Ave & Ogden Ave,34.0,301.0,0.00011889151149576012,0.00010687667993452472,335.0,1.2014831561235395e-05,1.1124166577024868,41.854063503874464,-87.71511733531952
Kilbourn Ave & 49th St,9.0,56.0,3.147128245476003e-05,1.9884033476190646e-05,65.0,1.1587248978569386e-05,1.5827120679702846,41.80385,-87.73566
Grace St & Central Ave,14.0,106.0,4.895532826296005e-05,3.763763479421801e-05,120.0,1.1317693468742039e-05,1.3006935169306577,41.9495327,-87.7672648
Public Rack - Woodlawn Ave & 63rd St S,10.0,67.0,3.4968091616400035e-05,2.3789825766156665e-05,77.0,1.117826585024337e-05,1.4698561521199853,41.779484000000004,-87.596028
Campbell Ave & 51st St,10.0,67.0,3.4968091616400035e-05,2.3789825766156665e-05,77.0,1.117826585024337e-05,1.4698561521199853,41.80094,-87.68676
Public Rack - Champlain Ave & 65th St,11.0,77.0,3.846490077804004e-05,2.734054602976214e-05,88.0,1.11243547482779e-05,1.4068663394589571,41.775904,-87.609301
Kilpatrick Ave & Grand Ave,26.0,225.0,9.091703820264009e-05,7.989120593112313e-05,251.0,1.102583227151696e-05,1.138008860101104,41.912732,-87.743636
Pulaski Rd & Congress Pkwy,15.0,117.0,5.245213742460005e-05,4.154342708418403e-05,132.0,1.0908710340416023e-05,1.2625793904513603,41.87441021003816,-87.72609159350395
Fairfield Ave & 44th St,26.0,226.0,9.091703820264009e-05,8.024627795748368e-05,252.0,1.067076024515641e-05,1.1329734854160405,41.813617,-87.6932272
Elston Ave & Carmen Ave,20.0,167.0,6.993618323280007e-05,5.929702840221139e-05,187.0,1.0639154830588682e-05,1.1794183570223378,41.97354,-87.74955
State St & 79th St,12.0,89.0,4.196170993968004e-05,3.1601410346088703e-05,101.0,1.0360299593591339e-05,1.3278325760640466,41.750794,-87.624424
Public Rack - Drake Ave & Leland Ave,22.0,188.0,7.692980155608008e-05,6.675354095578288e-05,210.0,1.0176260600297193e-05,1.1524429717378744,41.96598530000001,-87.71687599999998
Public Rack - Hollywood Park,10.0,71.0,3.4968091616400035e-05,2.5210113871598854e-05,81.0,9.75797774480118e-06,1.3870506394322333,41.98929,-87.71182
Public Rack - Lawndale Ave & Diversey Ave,10.0,71.0,3.4968091616400035e-05,2.5210113871598854e-05,81.0,9.75797774480118e-06,1.3870506394322333,41.931702,-87.719254
Archer Ave & Homan Ave,8.0,52.0,2.7974473293120028e-05,1.8463745370748456e-05,60.0,9.510727922371572e-06,1.5150749567030755,41.81153,-87.70885
Wood St & Cortland St,30.0,269.0,0.0001049042748492001,9.551437509098721e-05,299.0,9.389899758212896e-06,1.0983077305540407,41.915890000000005,-87.67281
Leavitt St/North Ave,131.0,1264.0,0.00045808200017484046,0.00044881104131973173,1395.0,9.270958855108727e-06,1.020656662481353,41.910077,-87.68230600000001
Princeton Ave & Garfield Blvd,21.0,181.0,7.343299239444007e-05,6.426803677125905e-05,202.0,9.16495562318102e-06,1.1426029715646768,41.794982,-87.633124
Archer Ave & 49th St,8.0,53.0,2.7974473293120028e-05,1.8818817397109005e-05,61.0,9.155655896011023e-06,1.4864901557130656,41.80420000000001,-87.72082
Shields Ave & 31st St,220.0,2141.0,0.0007692980155608008,0.0007602092084379316,2361.0,9.088807122869169e-06,1.0119556499268074,41.838464,-87.635406
Public Rack - Karlov Ave & Kamerling Ave,10.0,73.0,3.4968091616400035e-05,2.592025792431995e-05,83.0,9.047833692080086e-06,1.3490507180822886,41.90562099999999,-87.72863600000001
Springfield Ave & North Ave,39.0,359.0,0.00013637555730396014,0.00012747085746343646,398.0,8.904699840523675e-06,1.0698562021274214,41.910158,-87.723831
Kildare Ave & Montrose Ave,40.0,370.0,0.00013987236646560014,0.00013137664975340247,410.0,8.495716712197666e-06,1.06466637763839,41.96108,-87.73569
Major Ave & Addison St,9.0,65.0,3.147128245476003e-05,2.307968171343557e-05,74.0,8.391600741324461e-06,1.3635768148234375,41.945975255652165,-87.77106542956521
Central Park Ave & Ohio St,10.0,76.0,3.4968091616400035e-05,2.698547400340159e-05,86.0,7.982617612998446e-06,1.2958006893376384,41.8918718,-87.7163879
Lawndale Ave & 30th St,12.0,96.0,4.196170993968004e-05,3.408691453061253e-05,108.0,7.874795409067509e-06,1.2310142910618829,41.8389124,-87.7168955
Western Ave & 24th St,48.0,452.0,0.00016784683975872017,0.00016049255591496736,500.0,7.354283843752807e-06,1.0458229229318667,41.84847,-87.68510899999998
Albany Ave & 26th St,16.0,137.0,5.5948946586240056e-05,4.864486761139497e-05,153.0,7.304078974845086e-06,1.1501479844741047,41.844507,-87.701655
Seeley Ave & Roscoe St,322.0,3151.0,0.0011259725500480811,0.0011188319550620844,3473.0,7.140594985996767e-06,1.006382181498757,41.943403,-87.679618
Spaulding Ave & 16th St,8.0,60.0,2.7974473293120028e-05,2.1304321581632835e-05,68.0,6.670151711487193e-06,1.313074444144391,41.8590732,-87.7078929
Central Ave & Chicago Ave,11.0,90.0,3.846490077804004e-05,3.195648237244925e-05,101.0,6.508418405590786e-06,1.2036586715354565,41.894958,-87.764902
Pershing Rd & Sacramento Ave,13.0,110.0,4.5458519101320045e-05,3.905792289966019e-05,123.0,6.4005962016598525e-06,1.1638702689806004,41.8223772681012,-87.69975413003766
DuSable Museum,40.0,377.0,0.00013987236646560014,0.00013386215393792632,417.0,6.010212527673823e-06,1.0448981840847769,41.79156801058,-87.6078521774
Wood St & 33rd St,18.0,161.0,6.294256490952006e-05,5.716659624404811e-05,179.0,5.775968665471956e-06,1.1010357098243975,41.83427,-87.6706
Racine Ave & Wrightwood Ave,391.0,3835.0,0.0013672523822012414,0.0013617012210926987,4226.0,5.551161108542646e-06,1.004076633659368,41.928887,-87.658971
Austin Blvd & Chicago Ave,8.0,64.0,2.7974473293120028e-05,2.2724609687075024e-05,72.0,5.2498636060450035e-06,1.2310109026043343,41.894887,-87.774704
California Ave & 26th St,16.0,145.0,5.5948946586240056e-05,5.148544382227935e-05,161.0,4.463502763960707e-06,1.086692776439713,41.8436799145765,-87.69496858119965
Clarendon Ave & Leland Ave,421.0,4134.0,0.0014721566570504415,0.0014678677569745023,4555.0,4.288900075939206e-06,1.0029218552786554,41.967968,-87.65000100000002
California & 16th St,16.0,146.0,5.5948946586240056e-05,5.18405158486399e-05,162.0,4.108430737600158e-06,1.0792498188053647,41.859228,-87.695562
Laramie Ave & Irving Park Rd,24.0,226.0,8.392341987936008e-05,8.024627795748368e-05,250.0,3.6771419218764036e-06,1.045822637421105,41.9533354,-87.75838439999998
Paulina St & Howard St,147.0,1438.0,0.0005140309467610805,0.0005105935739064669,1585.0,3.4373728546136266e-06,1.0067320982836048,42.019159,-87.673573
Bernard St & Peterson Ave,17.0,158.0,5.944575574788006e-05,5.6101380164966466e-05,175.0,3.344375582913593e-06,1.0596120088502414,41.9904393,-87.715236
Ashland Ave & 50th St,11.0,100.0,3.846490077804004e-05,3.550720263605472e-05,111.0,2.9576981419853157e-06,1.0832961941864694,41.803023,-87.664699
Union Ave & Root St,18.0,169.0,6.294256490952006e-05,6.0007172454932486e-05,187.0,2.9353924545875773e-06,1.0489165447721662,41.819102,-87.643278
Damen Ave & 51st St,6.0,51.0,2.098085496984002e-05,1.810867334438791e-05,57.0,2.8721816254521106e-06,1.158599306063253,41.800908,-87.674684
St. Louis Ave & Fullerton Ave,192.0,1883.0,0.0006713873590348807,0.0006686006256369104,2075.0,2.7867333979702397e-06,1.0041680027255626,41.92481559681187,-87.71449506282805
St Louis Ave & Foster Ave,34.0,327.0,0.00011889151149576012,0.00011610855261989895,361.0,2.7829588758611736e-06,1.0239683885870405,41.97598370000001,-87.7159844
Halsted St & 63rd St,9.0,81.0,3.147128245476003e-05,2.8760834135204328e-05,90.0,2.7104483195557036e-06,1.0942376729806023,41.77938114228001,-87.6446208145
SCOOTERS CLASSIC - 2132 W Hubbard ST,11.0,101.0,3.846490077804004e-05,3.586227466241527e-05,112.0,2.6026261156247667e-06,1.0725707883656346,41.88996749470834,-87.6801560819149
Central Ave & Lake St,11.0,101.0,3.846490077804004e-05,3.586227466241527e-05,112.0,2.6026261156247667e-06,1.0725707883656346,41.887664,-87.765469
Public Rack - Forest Glen Station,6.0,52.0,2.098085496984002e-05,1.8463745370748456e-05,58.0,2.517109599091565e-06,1.1363197568420915,41.97871,-87.75552
Public Rack - Kedvale Ave & 63rd St W,13.0,121.0,4.5458519101320045e-05,4.296371518962622e-05,134.0,2.4948039116938264e-06,1.0580663435259126,41.778760999999996,-87.726892
California Ave & Touhy Ave,21.0,200.0,7.343299239444007e-05,7.101440527210945e-05,221.0,2.418587122330628e-06,1.0340572177693466,42.0120368,-87.7004371
MLK Jr Dr & 83rd St,9.0,82.0,3.147128245476003e-05,2.9115906161564874e-05,91.0,2.355376293195158e-06,1.0808937694178622,41.743116,-87.6148
Blue Island Ave & 18th St,312.0,3066.0,0.001091004458431681,0.001088650832821438,3378.0,2.353625610243158e-06,1.0021619635766774,41.857556,-87.661535
Augusta Blvd & Laramie Ave,7.0,63.0,2.4477664131480024e-05,2.2369537660714475e-05,70.0,2.108126470765549e-06,1.0942367368517785,41.8986607,-87.7554551
Public Rack - Springfield Ave & Lawrence Ave,7.0,63.0,2.4477664131480024e-05,2.2369537660714475e-05,70.0,2.108126470765549e-06,1.0942367368517785,41.9683986,-87.7256873
Richmond St & Lincoln Ave,21.0,201.0,7.343299239444007e-05,7.136947729847e-05,222.0,2.063515095970079e-06,1.028912726579374,41.9881174,-87.7031754
Francisco Ave & 85th St,8.0,73.0,2.7974473293120028e-05,2.592025792431995e-05,81.0,2.054215368800079e-06,1.0792482901407638,41.738902,-87.695518
Richmond St & 59th St,12.0,114.0,4.196170993968004e-05,4.047821100510238e-05,126.0,1.4834989345776595e-06,1.0366484152665592,41.78649,-87.69733
Long & Irving Park,22.0,213.0,7.692980155608008e-05,7.563034161479656e-05,235.0,1.2994599412835208e-06,1.01718150059934,41.953038,-87.7621632
Leclaire Ave & Belmont Ave,16.0,154.0,5.5948946586240056e-05,5.468109205952428e-05,170.0,1.267854526715779e-06,1.0231859184417387,41.939041,-87.754197
Public Rack - Keystone Ave & Irving Park Rd,10.0,95.0,3.4968091616400035e-05,3.3731842504251984e-05,105.0,1.2362491121480507e-06,1.036648234194679,41.953449,-87.72963499999999
Stave St & Armitage Ave,281.0,2764.0,0.000982603374420841,0.0009814190808605525,3045.0,1.1842935602884852e-06,1.0012067142127865,41.917741,-87.691392
Kedzie Ave & Archer Ave,12.0,115.0,4.196170993968004e-05,4.083328303146293e-05,127.0,1.1284269082171105e-06,1.0276343019748297,41.81447,-87.70411
Commercial Ave & 83rd St,9.0,86.0,3.147128245476003e-05,3.053619426700706e-05,95.0,9.350881877529684e-07,1.0306212869321545,41.744615,-87.551208
Cottage Grove Ave & 83rd St,13.0,126.0,4.5458519101320045e-05,4.473907532142895e-05,139.0,7.194437798910947e-07,1.0160805223219307,41.743441,-87.604836
Logan Blvd & Elston Ave,316.0,3110.0,0.001104991695078241,0.001104274001981302,3426.0,7.176930969391218e-07,1.0006499224338605,41.929465,-87.684158
Francisco Ave & Hollywood Ave,5.0,48.0,1.7484045808200017e-05,1.7043457265306267e-05,53.0,4.4058854289375085e-07,1.025849373555036,41.984746,-87.701593
Wentworth Ave & 107th St,5.0,48.0,1.7484045808200017e-05,1.7043457265306267e-05,53.0,4.4058854289375085e-07,1.025849373555036,41.69989,-87.62785
Wabash Ave & 16th St,479.0,4717.0,0.0016749715884255617,0.0016748747483427014,5196.0,9.684008286025766e-08,1.0000578192638803,41.86038402778688,-87.62581300235036
Artesian Ave & 55th St,6.0,59.0,2.098085496984002e-05,2.0949249555272286e-05,65.0,3.1605414567735047e-08,1.0015085937035906,41.79402,-87.68577
Kedzie Ave & 38th Pl,5.0,50.0,1.7484045808200017e-05,1.775360131802736e-05,55.0,-2.695555098273439e-07,0.984817709786947,41.8235109,-87.7041017
Virginia Ave & Catalpa Ave,24.0,238.0,8.392341987936008e-05,8.450714227381024e-05,262.0,-5.837223944501579e-07,0.9930927082439125,41.9812456,-87.7048924
Indiana Ave & 103rd St,5.0,51.0,1.7484045808200017e-05,1.810867334438791e-05,56.0,-6.246275361878929e-07,0.9655086249039682,41.70717027117756,-87.6184719800949
Cicero Ave & Wrightwood Ave,21.0,209.0,7.343299239444007e-05,7.421005350935437e-05,230.0,-7.770611149143e-07,0.98952903808573,41.9279057,-87.7467295
Chicago State University,16.0,160.0,5.5948946586240056e-05,5.681152421768756e-05,176.0,-8.625776314475018e-07,0.9848171218701289,41.71896342165455,-87.60829567909241
Kostner Ave & 63rd St,12.0,121.0,4.196170993968004e-05,4.296371518962622e-05,133.0,-1.002005249946177e-06,0.9766784151710586,41.77875,-87.73246
Francisco Ave & 47th St,7.0,73.0,2.4477664131480024e-05,2.592025792431995e-05,80.0,-1.4425937928399245e-06,0.9443470761700015,41.80849,-87.69673000000002
Central Ave & Roscoe St,8.0,83.0,2.7974473293120028e-05,2.947097818792542e-05,91.0,-1.4965048948053913e-06,0.9492227876505926,41.942275,-87.76695
Damen Ave & 81st St,8.0,83.0,2.7974473293120028e-05,2.947097818792542e-05,91.0,-1.4965048948053913e-06,0.9492227876505926,41.746534000000004,-87.67305500000002
Laramie Ave & Madison St,5.0,54.0,1.7484045808200017e-05,1.917388942346955e-05,59.0,-1.6898436152695333e-06,0.9118720542293605,41.880207,-87.755337
Lock St & 31st St,22.0,222.0,7.692980155608008e-05,7.882598985204148e-05,244.0,-1.8961882959614071e-06,0.9759449358713232,41.83796199975824,-87.65904880162913
Pulaski Rd & 54th St,7.0,75.0,2.4477664131480024e-05,2.6630401977041044e-05,82.0,-2.1527378455610193e-06,0.9191654330696936,41.79499,-87.72361
Sayre Ave & Diversey Ave,9.0,95.0,3.147128245476003e-05,3.3731842504251984e-05,104.0,-2.2605600494919527e-06,0.9329863752452224,41.93098,-87.80106
Wallace St & 35th St,79.0,785.0,0.0002762479237695603,0.00027873154069302957,864.0,-2.483616923469297e-06,0.9910896054070539,41.83070705144085,-87.64125533401966
Public Rack - Walden Pkwy & 103rd St,4.0,47.0,1.3987236646560014e-05,1.668838523894572e-05,51.0,-2.701148592385707e-06,0.8381517021919773,41.706205,-87.66896500000001
Burnham Greenway & 105th St,5.0,57.0,1.7484045808200017e-05,2.023910550255119e-05,62.0,-2.7550596943511737e-06,0.863881159413724,41.7045750872071,-87.52823173999786
Phillips Ave & 83rd St,6.0,67.0,2.098085496984002e-05,2.3789825766156665e-05,73.0,-2.808970796316644e-06,0.8819305044756997,41.744531,-87.56506
Kilbourn Ave & Diversey Ave,27.0,274.0,9.44138473642801e-05,9.728973522278994e-05,301.0,-2.8758878585098457e-06,0.9704402700634933,41.93179,-87.73934
Nordica Ave & Medill Ave,12.0,127.0,4.196170993968004e-05,4.50941473477895e-05,139.0,-3.132437408109458e-06,0.9305371510608224,41.92227,-87.80202
Millard Ave & 26th St,13.0,137.0,4.5458519101320045e-05,4.864486761139497e-05,150.0,-3.1863485100749246e-06,0.9344990917722158,41.84453112462163,-87.71592199802399
Central St & Girard Ave,55.0,551.0,0.0001923245038902002,0.00019564468652466153,606.0,-3.320182634461335e-06,0.9830296149460835,42.064313,-87.686152
Eggleston Ave & 69th St,4.0,49.0,1.3987236646560014e-05,1.7398529291666816e-05,53.0,-3.4112926451068017e-06,0.8039433947939858,41.768898,-87.635876
MLK Jr Dr & 56th St,11.0,118.0,3.846490077804004e-05,4.189849911054457e-05,129.0,-3.4335983325045334e-06,0.9180515661190704,41.79342945658,-87.6158532619
Christiana Ave & Lawrence Ave,128.0,1271.0,0.00044759157268992045,0.00045129654550425555,1399.0,-3.7049728143350997e-06,0.9917903989258453,41.96835449363001,-87.7118306675
Baltimore Ave & 87th St,4.0,50.0,1.3987236646560014e-05,1.775360131802736e-05,54.0,-3.7663646714673474e-06,0.7878654325150563,41.73733560041666,-87.54851460456847
Harding Ave & Division St,8.0,90.0,2.7974473293120028e-05,3.195648237244925e-05,98.0,-3.9820090793292245e-06,0.8753966588193398,41.9023453,-87.7250744
Public Rack - Avers Ave & Irving Park Rd,6.0,71.0,2.098085496984002e-05,2.5210113871598854e-05,77.0,-4.229258901758833e-06,0.8322462496778759,41.953789,-87.724161
Damen Ave & Lake St,286.0,2830.0,0.001000087420229041,0.0010048538346003487,3116.0,-4.766414371307681e-06,0.9952566139832493,41.8849659,-87.6768354
Public Rack - Peterson Park,4.0,53.0,1.3987236646560014e-05,1.8818817397109005e-05,57.0,-4.831580750548991e-06,0.7432716455957118,41.97871,-87.75552
Stony Island Ave & 71st St,26.0,270.0,9.091703820264009e-05,9.586944711734776e-05,296.0,-4.9524089147076665e-06,0.9483426951305881,41.7664929373,-87.58646087749999
Merrimac Park,13.0,142.0,4.5458519101320045e-05,5.042022774319771e-05,155.0,-4.961708641877663e-06,0.9015948467746892,41.95261,-87.78535
Washtenaw Ave & Ogden Ave,28.0,290.0,9.79106565259201e-05,0.0001029708876445587,318.0,-5.0602311186386e-06,0.9508581299771288,41.86193049278259,-87.69345045089722
Lamon Ave & Chicago Ave,4.0,54.0,1.3987236646560014e-05,1.917388942346955e-05,58.0,-5.186652776909537e-06,0.7295080736913554,41.8950179,-87.7484986
California Ave & 36th St,4.0,54.0,1.3987236646560014e-05,1.917388942346955e-05,58.0,-5.186652776909537e-06,0.7295080736913554,41.828098,-87.694684
Vincennes Ave & 95th St,7.0,84.0,2.4477664131480024e-05,2.9826050214285968e-05,91.0,-5.348386082805944e-06,0.8206867241520155,41.72126,-87.65005
Kedzie Ave & Roosevelt Rd,7.0,84.0,2.4477664131480024e-05,2.9826050214285968e-05,91.0,-5.348386082805944e-06,0.8206867241520155,41.86649278172,-87.7064961757
Lawler Ave & 50th St,8.0,95.0,2.7974473293120028e-05,3.3731842504251984e-05,103.0,-5.757369211131956e-06,0.8293245162957658,41.80217,-87.74893999999999
Halsted St & 47th Pl,15.0,164.0,5.245213742460005e-05,5.823181232312975e-05,179.0,-5.779674898529695e-06,0.9007488275431609,41.80813391481,-87.6456165545
Ashland Ave & McDowell Ave,16.0,174.0,5.5948946586240056e-05,6.178253258673522e-05,190.0,-5.833586000495168e-06,0.9055802451518024,41.809719,-87.663477
Western Ave & 104th St,5.0,66.0,1.7484045808200017e-05,2.343475373979612e-05,71.0,-5.950707931596102e-06,0.7460842097222058,41.70458710218908,-87.68120348453522
Kedzie Ave & Redfield Dr,5.0,66.0,1.7484045808200017e-05,2.343475373979612e-05,71.0,-5.950707931596102e-06,0.7460842097222058,41.76523,-87.70316
Central Ave & Wellington Ave,6.0,76.0,2.098085496984002e-05,2.698547400340159e-05,82.0,-6.004619033561568e-06,0.7774952358427892,41.934905002777775,-87.76676849259259
Blackstone Ave & Hyde Park Blvd,286.0,2834.0,0.001000087420229041,0.0010062741227057908,3120.0,-6.186702476749769e-06,0.9938518777448118,41.802562,-87.590368
Michigan Ave & 105th St,3.0,47.0,1.049042748492001e-05,1.668838523894572e-05,50.0,-6.1979577540257105e-06,0.6286287562251012,41.70346,-87.62037
Morgan St & Pershing Rd,10.0,116.0,3.4968091616400035e-05,4.118835505782348e-05,126.0,-6.2202634414234456e-06,0.8489837135664989,41.823613,-87.650931
Menard Ave & Milwaukee Ave,4.0,57.0,1.3987236646560014e-05,2.023910550255119e-05,61.0,-6.251868855991177e-06,0.6911148089023967,41.98139,-87.77331
Washtenaw Ave & Polk St,14.0,156.0,4.895532826296005e-05,5.539123611224537e-05,170.0,-6.435907849285319e-06,0.8838120953224606,41.8711028,-87.693683
Halsted St & 59th St,3.0,48.0,1.049042748492001e-05,1.7043457265306267e-05,51.0,-6.553029780386256e-06,0.6155330921727354,41.787539,-87.644874
Public Rack - Lawrence Ave & Kimball Ave,3.0,48.0,1.049042748492001e-05,1.7043457265306267e-05,51.0,-6.553029780386256e-06,0.6155330921727354,41.968277,-87.71262899999999
W 103rd St & S Avers Ave,3.0,48.0,1.049042748492001e-05,1.7043457265306267e-05,51.0,-6.553029780386256e-06,0.6155330921727354,41.705846,-87.717074
Kildare Ave & 26th St,4.0,58.0,1.3987236646560014e-05,2.059417752891174e-05,62.0,-6.606940882351726e-06,0.6791996149061192,41.84431738489837,-87.73233669396876
Public Rack - Nashotah & Northwest Hwy,6.0,78.0,2.098085496984002e-05,2.7695618056122684e-05,84.0,-6.714763086282663e-06,0.7575601803557283,41.988141,-87.79144699999999
Keeler Ave & Roosevelt Rd,3.0,49.0,1.049042748492001e-05,1.7398529291666816e-05,52.0,-6.908101806746805e-06,0.602971914300273,41.866402,-87.7300171
Le Mai Ave & Devon Ave,3.0,49.0,1.049042748492001e-05,1.7398529291666816e-05,52.0,-6.908101806746805e-06,0.602971914300273,41.99722,-87.75687
Dauphin Ave & 87th St,4.0,59.0,1.3987236646560014e-05,2.0949249555272286e-05,63.0,-6.962012908712272e-06,0.6676883065118321,41.73648,-87.601252
Overhill Ave & Belmont Ave,4.0,59.0,1.3987236646560014e-05,2.0949249555272286e-05,63.0,-6.962012908712272e-06,0.6676883065118321,41.93799,-87.81915
Public Rack - Spaulding Ave & Evergreen Ave,24.0,256.0,8.392341987936008e-05,9.08984387483001e-05,280.0,-6.975018868940014e-06,0.9232666453722141,41.905317,-87.70952099999998
Ewing Ave & 106th St,6.0,79.0,2.098085496984002e-05,2.8050690082483233e-05,85.0,-7.069835112643212e-06,0.7479711528305404,41.70266,-87.53564
Wabash Ave & 87th St,9.0,109.0,3.147128245476003e-05,3.870285087329965e-05,118.0,-7.231568418539619e-06,0.8131563589831726,41.73655301831962,-87.62264415621758
Central Ave & Parker Ave,10.0,119.0,3.4968091616400035e-05,4.225357113690512e-05,129.0,-7.285479520505086e-06,0.8275812693282325,41.9301785,-87.7661217
Harlem Ave & Irving Park Rd,9.0,110.0,3.147128245476003e-05,3.905792289966019e-05,119.0,-7.5866404449001615e-06,0.8057642177079551,41.95326,-87.80714
Michigan Ave & 14th St,668.0,6600.0,0.0023358685199755223,0.002343475373979612,7268.0,-7.606854004089513e-06,0.9967540300006644,41.864059,-87.623727
Public Rack - Cicero Ave & Belle Plaine Ave,3.0,51.0,1.049042748492001e-05,1.810867334438791e-05,54.0,-7.6182458594679e-06,0.5793272625853988,41.955625,-87.747517
Public Rack - Kimbark Ave & 67th St,4.0,61.0,1.3987236646560014e-05,2.165939360799338e-05,65.0,-7.672156961433367e-06,0.6457978972920375,41.774045,-87.594322
Sacramento Ave & 25th St,3.0,52.0,1.049042748492001e-05,1.8463745370748456e-05,55.0,-7.973317885828446e-06,0.568186957050616,41.846506,-87.700139
Narragansett Ave & School St,3.0,52.0,1.049042748492001e-05,1.8463745370748456e-05,55.0,-7.973317885828446e-06,0.568186957050616,41.940128,-87.7864806
Western Ave & Roscoe St,176.0,1757.0,0.0006154384124486406,0.0006238615503154815,1933.0,-8.423137866840906e-06,0.9864984076018325,41.943034000000004,-87.687288
Halsted St & North Branch St,78.0,792.0,0.00027275111460792027,0.0002812170448775534,870.0,-8.465930269633117e-06,0.9698954941767008,41.89939028549696,-87.64854490756989
Princeton Ave & 47th St,19.0,211.0,6.643937407116007e-05,7.492019756207547e-05,230.0,-8.480823490915405e-06,0.8868034178993378,41.80931770924,-87.633449288
Monticello Ave & Chicago Ave,9.0,113.0,3.147128245476003e-05,4.012313897874184e-05,122.0,-8.651856523981809e-06,0.7843727804709867,41.895733029878045,-87.71760476158536
Ellis Ave & 83rd St,3.0,54.0,1.049042748492001e-05,1.917388942346955e-05,57.0,-8.68346193854954e-06,0.5471440931533501,41.744123,-87.599034
Mango Ave & North Ave,5.0,74.0,1.7484045808200017e-05,2.6275329950680495e-05,79.0,-8.791284142480477e-06,0.6654295269171407,41.90958,-87.7691175
Stewart Ave & 123rd St,5.0,74.0,1.7484045808200017e-05,2.6275329950680495e-05,79.0,-8.791284142480477e-06,0.6654295269171407,41.6706,-87.63244
Public Rack - Lowell Ave & Elston Ave,3.0,55.0,1.049042748492001e-05,1.9528961449830096e-05,58.0,-9.038533964910086e-06,0.5371965281073959,41.96614,-87.737
Wentworth Ave & 92nd St,4.0,65.0,1.3987236646560014e-05,2.307968171343557e-05,69.0,-9.092445066875556e-06,0.6060582100751937,41.72714,-87.62886
Public Rack - Prairie Ave & Garfield Blvd N,3.0,56.0,1.049042748492001e-05,1.9884033476190646e-05,59.0,-9.393605991270635e-06,0.5276042153754444,41.79480875,-87.61890696
Vincennes Ave & 107th St,3.0,56.0,1.049042748492001e-05,1.9884033476190646e-05,59.0,-9.393605991270635e-06,0.5276042153754444,41.69922,-87.65869
Central Park Ave & Douglas Blvd,3.0,57.0,1.049042748492001e-05,2.023910550255119e-05,60.0,-9.74867801763118e-06,0.5183484583910695,41.86235,-87.71587
Homan Ave & Arthington Ave,3.0,57.0,1.049042748492001e-05,2.023910550255119e-05,60.0,-9.74867801763118e-06,0.5183484583910695,41.86963,-87.71055
21st St & Pulaski Rd,3.0,57.0,1.049042748492001e-05,2.023910550255119e-05,60.0,-9.74867801763118e-06,0.5183484583910695,41.85357638068863,-87.72469529380317
Wabash Ave & 59th St,3.0,57.0,1.049042748492001e-05,2.023910550255119e-05,60.0,-9.74867801763118e-06,0.5183484583910695,41.78656330002277,-87.62392012393944
Paulina St & Montrose Ave,300.0,2982.0,0.001049042748492001,0.001058824782607152,3282.0,-9.782034115150872e-06,0.9907614318844178,41.961507,-87.67138699999998
Austin Ave & Milwaukee Ave,8.0,107.0,2.7974473293120028e-05,3.799270682057855e-05,115.0,-1.0018233527458525e-05,0.7363186073217698,41.98736,-87.77804999999998
Racine Ave & 115th St,2.0,48.0,6.993618323280007e-06,1.7043457265306267e-05,50.0,-1.004983894202626e-05,0.4103749514815849,41.68476,-87.65196
Cicero Ave & Wellington Ave,3.0,58.0,1.049042748492001e-05,2.059417752891174e-05,61.0,-1.010375004399173e-05,0.5094118499436108,41.93515,-87.74636
Oglesby Ave & 100th St,3.0,58.0,1.049042748492001e-05,2.059417752891174e-05,61.0,-1.010375004399173e-05,0.5094118499436108,41.71339748442245,-87.56584167480469
Wellington Ave & Mulligan Ave,3.0,58.0,1.049042748492001e-05,2.059417752891174e-05,61.0,-1.010375004399173e-05,0.5094118499436108,41.93473,-87.78436
Sacramento Blvd & Fulton Ave,17.0,196.0,5.944575574788006e-05,6.959411716666726e-05,213.0,-1.0148361418787203e-05,0.8541799794016615,41.886528,-87.70167
Wentworth Ave & 63rd St,11.0,137.0,3.846490077804004e-05,4.864486761139497e-05,148.0,-1.0179966833354932e-05,0.7907331633042898,41.78007963264,-87.6297463052
Lavergne Ave & Diversey Ave,6.0,88.0,2.098085496984002e-05,3.1246338319728154e-05,94.0,-1.0265483349888133e-05,0.6714765512233414,41.93128,-87.75141
Public Rack - Kedzie Ave & Argyle St,28.0,305.0,9.79106565259201e-05,0.0001082969680399669,333.0,-1.0386311514046809e-05,0.9040950471922633,41.972097000000005,-87.708572
Damen Ave & Pershing Rd,17.0,197.0,5.944575574788006e-05,6.994918919302781e-05,214.0,-1.0503433445147752e-05,0.8498441024060208,41.823192,-87.676597
St Louis Ave & Norman Bobbins Pl,4.0,69.0,1.3987236646560014e-05,2.449996981887776e-05,73.0,-1.0512733172317746e-05,0.570925834771741,41.79439000000001,-87.71132
MLK Jr Dr & 47th St,37.0,394.0,0.00012938193898068013,0.00013989837838605562,431.0,-1.0516439405375494e-05,0.9248285480128787,41.809851,-87.616279
Central Ave & Altgeld St,13.0,158.0,4.5458519101320045e-05,5.6101380164966466e-05,171.0,-1.0642861063646421e-05,0.8102957301927016,41.9258119,-87.7663685
State St & Pershing Rd,2.0,50.0,6.993618323280007e-06,1.775360131802736e-05,52.0,-1.0759982994747354e-05,0.39396087797127455,41.82301523798,-87.62656801850001
Panama Ave & Grace St,2.0,50.0,6.993618323280007e-06,1.775360131802736e-05,52.0,-1.0759982994747354e-05,0.39396087797127455,41.94766,-87.82925
Oak Park & Wellington,16.0,188.0,5.5948946586240056e-05,6.675354095578288e-05,204.0,-1.0804594369542828e-05,0.8381444286059938,41.934586,-87.7959613
Public Rack - Kimball Ave & Lawrence Ave,3.0,60.0,1.049042748492001e-05,2.1304321581632835e-05,63.0,-1.0813894096712824e-05,0.49243225194801077,41.96791249999999,-87.7134353
Keystone Ave & Fullerton Ave,84.0,858.0,0.0002937319695777603,0.0003046517986173495,942.0,-1.0919829039589225e-05,0.96415647882065,41.92459,-87.72785
Leavitt St & Hirsch St,39.0,415.0,0.00013637555730396014,0.0001473548909396271,454.0,-1.0979333635666963e-05,0.9254910437196889,41.90689,-87.68233
St. Louis Ave & Balmoral Ave,73.0,750.0,0.00025526706879972026,0.00026630401977041044,823.0,-1.1036950970690182e-05,0.9585552274598298,41.98039423475,-87.7161149615
Lamon Ave & Armitage Ave,6.0,91.0,2.098085496984002e-05,3.23115543988098e-05,97.0,-1.133069942896978e-05,0.6493406466996265,41.91676,-87.749458
Public Rack - Western Ave & 92nd Pl,2.0,52.0,6.993618323280007e-06,1.8463745370748456e-05,54.0,-1.1470127047468449e-05,0.3788093571201239,41.725538,-87.681968
Narragansett Ave & North Ave,4.0,72.0,1.3987236646560014e-05,2.55651858979594e-05,76.0,-1.1577949251399386e-05,0.5471381887932101,41.909499999999994,-87.78491
Homan Ave & 26th St,3.0,63.0,1.049042748492001e-05,2.2369537660714475e-05,66.0,-1.1879110175794465e-05,0.4689841453093146,41.84425,-87.70983
Yates Blvd & 75th St,4.0,73.0,1.3987236646560014e-05,2.592025792431995e-05,77.0,-1.1933021277759935e-05,0.5396434342577145,41.758768,-87.56644
Vernon Ave & 75th St,4.0,73.0,1.3987236646560014e-05,2.592025792431995e-05,77.0,-1.1933021277759935e-05,0.5396434342577145,41.758361,-87.614138
Rockwell St & 47th St,4.0,73.0,1.3987236646560014e-05,2.592025792431995e-05,77.0,-1.1933021277759935e-05,0.5396434342577145,41.80853,-87.68942
Exchange Ave & 79th St,8.0,113.0,2.7974473293120028e-05,4.012313897874184e-05,121.0,-1.2148665685621812e-05,0.6972230184912305,41.75211500633265,-87.55200700025293
Harding Ave & 26th St,5.0,84.0,1.7484045808200017e-05,2.9826050214285968e-05,89.0,-1.234200440608595e-05,0.5862143819983036,41.844218,-87.723347
Public Rack - California Ave & Cortez St,14.0,173.0,4.895532826296005e-05,6.142746056037468e-05,187.0,-1.2472132297414626e-05,0.7969649217375967,41.900105,-87.696817
Lincolnwood Dr & Central St,34.0,370.0,0.00011889151149576012,0.00013137664975340247,404.0,-1.2485138257642355e-05,0.9049675627393464,42.064854,-87.715297
California Ave & Winona St,28.0,311.0,9.79106565259201e-05,0.00011042740019813019,339.0,-1.251674367221009e-05,0.886652856966572,41.97471199999999,-87.697852
Central Park Blvd & 5th Ave,11.0,144.0,3.846490077804004e-05,5.11303717959188e-05,155.0,-1.2665471017878761e-05,0.7522954974016619,41.875679,-87.71547
Maplewood Ave & Peterson Ave,54.0,568.0,0.0001888276947285602,0.00020168091097279083,622.0,-1.2853216244230645e-05,0.9362698608802617,41.99023602866999,-87.6933696402
Kildare Ave & 47th St,2.0,57.0,6.993618323280007e-06,2.023910550255119e-05,59.0,-1.3245487179271184e-05,0.3455821078797421,41.80762,-87.73084
Albany Ave & 16th St,2.0,57.0,6.993618323280007e-06,2.023910550255119e-05,59.0,-1.3245487179271184e-05,0.3455821078797421,41.85936,-87.70302
Kedzie Ave & Bryn Mawr Ave,55.0,579.0,0.0001923245038902002,0.00020558670326275685,634.0,-1.3262199372556654e-05,0.9354912810344179,41.982229759115164,-87.70888656377792
Meade Ave & Addison St,3.0,67.0,1.049042748492001e-05,2.3789825766156665e-05,70.0,-1.3299398281236654e-05,0.4409862687424855,41.94595,-87.77888
Oakley Ave & Irving Park Rd,146.0,1476.0,0.0005105341375994405,0.0005240863109081677,1622.0,-1.3552173308727187e-05,0.9741413825012416,41.95434085219,-87.6860796243
Mason Ave & Grand Ave,8.0,117.0,2.7974473293120028e-05,4.154342708418403e-05,125.0,-1.3568953791064002e-05,0.6733869078620727,41.9204347,-87.7743901
Homan Ave & Fillmore St,2.0,59.0,6.993618323280007e-06,2.0949249555272286e-05,61.0,-1.3955631231992279e-05,0.33386801932007343,41.868114,-87.71092569999999
Western Ave & 28th St,6.0,99.0,2.098085496984002e-05,3.5152130609694174e-05,105.0,-1.4171275639854153e-05,0.596870167917672,41.84151770807,-87.68513144089998
Woodlawn Ave & 75th St,1.0,50.0,3.4968091616400035e-06,1.775360131802736e-05,51.0,-1.4256792156387358e-05,0.1970086006993837,41.75916,-87.595751
Vernon Ave & 107th St,1.0,50.0,3.4968091616400035e-06,1.775360131802736e-05,51.0,-1.4256792156387358e-05,0.1970086006993837,41.70012137923888,-87.61225998401642
California Ave & Marquette Rd,3.0,70.0,1.049042748492001e-05,2.4855041845238305e-05,73.0,-1.4364614360318295e-05,0.42208761757978225,41.771611,-87.693331
Clyde Ave & 87th St,3.0,70.0,1.049042748492001e-05,2.4855041845238305e-05,73.0,-1.4364614360318295e-05,0.42208761757978225,41.73715146431056,-87.57274031639099
Elizabeth St & 47th St,3.0,70.0,1.049042748492001e-05,2.4855041845238305e-05,73.0,-1.4364614360318295e-05,0.42208761757978225,41.80839,-87.656526
Laramie Ave & Kinzie St,5.0,90.0,1.7484045808200017e-05,3.195648237244925e-05,95.0,-1.4472436564249235e-05,0.5471346461032232,41.887832,-87.75552699999999
Kedvale Ave & Peterson Ave,6.0,100.0,2.098085496984002e-05,3.550720263605472e-05,106.0,-1.4526347666214702e-05,0.5909016343320972,41.9900762,-87.7317073
Western Ave & 111th St,1.0,51.0,3.4968091616400035e-06,1.810867334438791e-05,52.0,-1.4611864182747907e-05,0.19314590026682926,41.691211034981045,-87.68129736185074
Western Ave & Lake St,28.0,317.0,9.79106565259201e-05,0.00011255783235629347,345.0,-1.464717583037337e-05,0.869870933060062,41.884761555555556,-87.68648361002178
Pulaski Rd & Lake St,2.0,61.0,6.993618323280007e-06,2.165939360799338e-05,63.0,-1.4665775284713374e-05,0.3229220322523949,41.885409,-87.726491
Lexington St & California Ave,9.0,130.0,3.147128245476003e-05,4.615936342687114e-05,139.0,-1.4688080972111109e-05,0.6818031774082438,41.8719938,-87.6958108
Central Park & Augusta Blvd,18.0,219.0,6.294256490952006e-05,7.776077377295985e-05,237.0,-1.4818208863439787e-05,0.8094409612272434,41.8989108,-87.7164901
Lincoln Ave & Montana St,92.0,948.0,0.0003217064428708803,0.00033660828098979877,1040.0,-1.490183811891845e-05,0.9557295684922898,41.926570000000005,-87.65059999999998
Peterson/Ridge Metra,245.0,2455.0,0.0008567182446018009,0.0008717018247151435,2700.0,-1.498358011334266e-05,0.9828111373641137,41.9918,-87.67488999999999
Public Rack - Leamington & Elston,4.0,82.0,1.3987236646560014e-05,2.9115906161564874e-05,86.0,-1.512866951500486e-05,0.4804163110236237,41.977894,-87.75631500000001
Western Ave & Wabansia Ave,37.0,407.0,0.00012938193898068013,0.00014451431472874273,444.0,-1.5132375748062605e-05,0.8952887742280721,41.91208,-87.68752
Burnham Greenway & 112th St,7.0,112.0,2.4477664131480024e-05,3.976806695238129e-05,119.0,-1.5290402820901267e-05,0.6155202021910723,41.69177385116831,-87.53043115139008
Halsted St & Lake St,80.0,831.0,0.0002797447329312003,0.0002950648539056148,911.0,-1.5320120974414496e-05,0.948078977043155,41.885760000000005,-87.64711
Wabash Ave & 49th St,1.0,53.0,3.4968091616400035e-06,1.8818817397109005e-05,54.0,-1.5322008235469e-05,0.18585776300769621,41.80581,-87.6245
Central Ave & Madison St,1.0,53.0,3.4968091616400035e-06,1.8818817397109005e-05,54.0,-1.5322008235469e-05,0.18585776300769621,41.880121,-87.763238
Kedzie Ave & 52nd St,2.0,63.0,6.993618323280007e-06,2.2369537660714475e-05,65.0,-1.537591933743447e-05,0.3126709974236985,41.79906,-87.70342
Central Park Ave & Washington Blvd,2.0,63.0,6.993618323280007e-06,2.2369537660714475e-05,65.0,-1.537591933743447e-05,0.3126709974236985,41.8827476,-87.7153994
Kedzie Ave & 66th Pl,2.0,63.0,6.993618323280007e-06,2.2369537660714475e-05,65.0,-1.537591933743447e-05,0.3126709974236985,41.772584,-87.703007
Vincennes Ave & 79th St,4.0,83.0,1.3987236646560014e-05,2.947097818792542e-05,87.0,-1.5483741541365405e-05,0.4746283590930097,41.750600000000006,-87.63409
Fairfield Ave & Roosevelt Rd,13.0,172.0,4.5458519101320045e-05,6.107238853401413e-05,185.0,-1.561386943269408e-05,0.7443425064912172,41.866624,-87.694521
Vincennes Ave & 104th St,4.0,85.0,1.3987236646560014e-05,3.0181122240646514e-05,89.0,-1.61938855940865e-05,0.46346100300799725,41.70492556499763,-87.65686810958869
Loomis Blvd & 84th St,1.0,56.0,3.4968091616400035e-06,1.9884033476190646e-05,57.0,-1.6387224314550642e-05,0.175901597843831,41.74148652861805,-87.65841007232666
Damen Ave & 59th St,1.0,57.0,3.4968091616400035e-06,2.023910550255119e-05,58.0,-1.6742296340911188e-05,0.17281575736841479,41.785861065132,-87.67414391040802
Higgins Ave & Austin Ave,10.0,146.0,3.4968091616400035e-05,5.18405158486399e-05,156.0,-1.6872424232239863e-05,0.6745383703381327,41.97342,-87.77865
Wells St & Concord Ln,1684.0,16632.0,0.005888626628201766,0.005905557942428622,18316.0,-1.6931314226855884e-05,0.9971329870056478,41.912133,-87.634656
Jeffery Blvd & 67th St,25.0,294.0,8.742022904100009e-05,0.0001043911757500009,319.0,-1.6970946709000807e-05,0.8374308554537369,41.77351755125,-87.5771428255
Orange Ave & Addison St,2.0,68.0,6.993618323280007e-06,2.414489779251721e-05,70.0,-1.7151279469237203e-05,0.28968143505716454,41.94485,-87.82423
Warren Park West,69.0,728.0,0.00024127983215316024,0.0002584924351904784,797.0,-1.721260303731817e-05,0.9334118368436143,42.001785,-87.688829
Mozart St & 55th St,1.0,59.0,3.4968091616400035e-06,2.0949249555272286e-05,60.0,-1.7452440393632282e-05,0.16695787572419413,41.79375,-87.69472
Rockwell/Irving Park Hub,8.0,128.0,2.7974473293120028e-05,4.544921937415005e-05,136.0,-1.747474608103002e-05,0.6155189937109778,41.954212,-87.69317000000001
Lawler Ave & North Ave,5.0,99.0,1.7484045808200017e-05,3.5152130609694174e-05,104.0,-1.7668084801494156e-05,0.49739654775948083,41.90917540000001,-87.7522545
Kedzie Ave & 54th Pl,7.0,119.0,2.4477664131480024e-05,4.225357113690512e-05,126.0,-1.7775907005425096e-05,0.5793139883533304,41.793637538888895,-87.70345380555557
Marshfield Ave & 44th St,12.0,169.0,4.196170993968004e-05,6.0007172454932486e-05,181.0,-1.8045462515252444e-05,0.6992832513137274,41.81388181322957,-87.6664333618677
Pine Ave & Division St,6.0,110.0,2.098085496984002e-05,3.905792289966019e-05,116.0,-1.8077067929820172e-05,0.5371846792534711,41.9019265060241,-87.76371771084338
Avers Ave & 16th St,2.0,71.0,6.993618323280007e-06,2.5210113871598854e-05,73.0,-1.8216495548318847e-05,0.27744185992351866,41.85909,-87.72121
Francisco Ave & Chicago Ave,124.0,1273.0,0.00043360433604336043,0.00045200668955697665,1397.0,-1.8402353513616212e-05,0.9592875211223668,41.895745,-87.698653
Western Blvd & 48th Pl,26.0,308.0,9.091703820264009e-05,0.00010936218411904855,334.0,-1.8445145916408463e-05,0.8313404454617032,41.805661,-87.683392
Mayfield Ave & Roosevelt Rd,0.0,52.0,0.0,1.8463745370748456e-05,52.0,-1.8463745370748456e-05,5.415725914012243e-05,41.86569,-87.77176
Daley Center Plaza Corral,0.0,52.0,0.0,1.8463745370748456e-05,52.0,-1.8463745370748456e-05,5.415725914012243e-05,41.8841951,-87.629701
Spaulding Ave & 63rd,0.0,52.0,0.0,1.8463745370748456e-05,52.0,-1.8463745370748456e-05,5.415725914012243e-05,41.7791655,-87.7056392
Public Rack - Lavergne Ave & Belle Plaine Ave,0.0,52.0,0.0,1.8463745370748456e-05,52.0,-1.8463745370748456e-05,5.415725914012243e-05,41.9553079,-87.75178779999999
Halsted St & 35th St,145.0,1480.0,0.0005070373284378005,0.0005255065990136099,1625.0,-1.8469270575809387e-05,0.964854417689722,41.830661,-87.647172
Public Rack - Hyde Park Blvd & 53rd St,14.0,190.0,4.895532826296005e-05,6.746368500850397e-05,204.0,-1.850835674554392e-05,0.7256585909619095,41.799468,-87.584206
Pulaski Rd & 75th St,1.0,62.0,3.4968091616400035e-06,2.201446563435393e-05,63.0,-1.8517656472713926e-05,0.1588796357857571,41.75725,-87.72247
Public Rack - Western Ave & 47th Pl,3.0,82.0,1.049042748492001e-05,2.9115906161564874e-05,85.0,-1.8625478676644863e-05,0.360320819344776,41.808038,-87.68470899999998
Racine Ave & 13th St,77.0,811.0,0.00026925430544628027,0.0002879634133784038,888.0,-1.8709107932123525e-05,0.935029791658532,41.865054,-87.656959
Hale Ave & 107th St,5.0,102.0,1.7484045808200017e-05,3.621734668877582e-05,107.0,-1.8733300880575803e-05,0.48276764145114015,41.69920616812768,-87.66891896724701
Stony Island Ave & 67th St,13.0,181.0,4.5458519101320045e-05,6.426803677125905e-05,194.0,-1.880951766993901e-05,0.7073315765275235,41.77345849948,-87.5853397391
State St & 45th St,1.0,63.0,3.4968091616400035e-06,2.2369537660714475e-05,64.0,-1.8872728499074472e-05,0.15635784953808257,41.813129999999994,-87.62585
MLK Jr Dr & 63rd St,7.0,123.0,2.4477664131480024e-05,4.367385924234731e-05,130.0,-1.9196195110867286e-05,0.5604749404148146,41.78008063659,-87.6159428567
Kostner Ave & Adams St,0.0,55.0,0.0,1.9528961449830096e-05,55.0,-1.9528961449830096e-05,5.120337807982205e-05,41.877917,-87.735737
Clark St & Touhy Ave,47.0,518.0,0.00016435003059708016,0.00018392730965476346,565.0,-1.95772790576833e-05,0.8935602730518745,42.01256011541,-87.6743671152
Public Rack - Hamlin Ave & Fullerton Ave,7.0,125.0,2.4477664131480024e-05,4.43840032950684e-05,132.0,-1.9906339163588377e-05,0.5515075434093712,41.924319,-87.721446
Public Rack - Kostner Ave & Armitage Ave,0.0,57.0,0.0,2.023910550255119e-05,57.0,-2.023910550255119e-05,4.940685708747683e-05,41.917211,-87.736136
Houston Ave & 92nd St,1.0,67.0,3.4968091616400035e-06,2.3789825766156665e-05,68.0,-2.029301660451666e-05,0.14702344492034267,41.72820421535798,-87.54970014095306
Mason Ave & Montrose Ave,12.0,177.0,4.196170993968004e-05,6.284774866581686e-05,189.0,-2.0886038726136816e-05,0.6676777315457255,41.96056,-87.77588
Farragut Ave & Central Ave,12.0,177.0,4.196170993968004e-05,6.284774866581686e-05,189.0,-2.0886038726136816e-05,0.6676777315457255,41.976659999999995,-87.76823
Wallace St & 28th St,13.0,187.0,4.5458519101320045e-05,6.639846892942233e-05,200.0,-2.093994982810229e-05,0.6846367875267212,41.843511,-87.6419
Harlem Ave & Bloomingdale Ave,4.0,99.0,1.3987236646560014e-05,3.5152130609694174e-05,103.0,-2.116489396313416e-05,0.39792292760128967,41.91203,-87.80577
Prospect Sq & 91st St,2.0,80.0,6.993618323280007e-06,2.840576210884378e-05,82.0,-2.1412143785563772e-05,0.24623074944195758,41.7282338,-87.6675239
Steelworkers Park,3.0,90.0,1.049042748492001e-05,3.195648237244925e-05,93.0,-2.1466054887529242e-05,0.3282933042924788,41.73793,-87.53091
Kedzie Ave & Jackson Blvd,3.0,90.0,1.049042748492001e-05,3.195648237244925e-05,93.0,-2.1466054887529242e-05,0.3282933042924788,41.877161,-87.706134
Kedzie Ave & Harrison St,3.0,90.0,1.049042748492001e-05,3.195648237244925e-05,93.0,-2.1466054887529242e-05,0.3282933042924788,41.87359967462,-87.7048707493
Broadway & Sunnyside Ave,155.0,1587.0,0.0005420054200542005,0.0005634993058341885,1742.0,-2.149388577998791e-05,0.9618564789451728,41.963419,-87.656069
N Green St & W Lake St,366.0,3665.0,0.0012798321531602413,0.0013013389766114057,4031.0,-2.1506823451164373e-05,0.9834733245441621,41.885579,-87.648484
Sacramento Ave & Lyndale St,19.0,248.0,6.643937407116007e-05,8.805786253741572e-05,267.0,-2.1618488466255652e-05,0.7544995717260137,41.92235,-87.70241
Cicero Ave & Roscoe Ave,8.0,141.0,2.7974473293120028e-05,5.006515571683716e-05,149.0,-2.209068242371713e-05,0.5587701490672256,41.942427,-87.747315
Stony Island Ave & 64th St,6.0,122.0,2.098085496984002e-05,4.331878721598676e-05,128.0,-2.233793224614674e-05,0.4843480616658445,41.778881,-87.58664699999999
La Villita Park,0.0,63.0,0.0,2.2369537660714475e-05,63.0,-2.2369537660714475e-05,4.4701652466589035e-05,41.83925,-87.70202
California Ave & 71st St,4.0,105.0,1.3987236646560014e-05,3.728256276785746e-05,109.0,-2.3295326121297447e-05,0.375185084474261,41.764748,-87.693121
Leamington Ave & Hirsch St,1.0,76.0,3.4968091616400035e-06,2.698547400340159e-05,77.0,-2.3488664841761586e-05,0.12961341897422807,41.9058405,-87.7548602
Ashland Ave & Pershing Rd,24.0,304.0,8.392341987936008e-05,0.00010794189601360636,328.0,-2.4018476134246274e-05,0.7774890518851865,41.823465,-87.665577
Austin Blvd & Madison St,11.0,176.0,3.846490077804004e-05,6.249267663945631e-05,187.0,-2.402777586141627e-05,0.6155166865915203,41.880281,-87.774453
Kildare Ave & Chicago Ave,1.0,78.0,3.4968091616400035e-06,2.7695618056122684e-05,79.0,-2.419880889448268e-05,0.12629011796863657,41.8954357,-87.73348179999999
Kilpatrick Ave & Parker Ave,6.0,128.0,2.098085496984002e-05,4.544921937415005e-05,134.0,-2.4468364404310028e-05,0.4616447458067389,41.930736,-87.744082
Stewart Ave & 83rd St,0.0,69.0,0.0,2.449996981887776e-05,69.0,-2.449996981887776e-05,4.0814710902974535e-05,41.743717,-87.634088
Rainbow Beach,0.0,70.0,0.0,2.4855041845238305e-05,70.0,-2.4855041845238305e-05,4.023166706213005e-05,41.75787096522547,-87.54917675279042
Public Rack - Monticello Ave & Belmont Ave,14.0,208.0,4.895532826296005e-05,7.385498148299382e-05,222.0,-2.4899653220033775e-05,0.6628620631659035,41.939472,-87.718423
State St & 54th St,8.0,149.0,2.7974473293120028e-05,5.290573192772154e-05,157.0,-2.493125863460151e-05,0.5287696342941515,41.796642,-87.625923
Kedzie Ave & 57th St,31.0,376.0,0.00010840108401084011,0.00013350708191156577,407.0,-2.510599790072566e-05,0.8119514748376389,41.78983,-87.7031
Hoyne Ave & 34th St,10.0,170.0,3.4968091616400035e-05,6.036224448129303e-05,180.0,-2.5394152864892993e-05,0.5793110015356645,41.8320245,-87.6778387
State St & 95th St,15.0,220.0,5.245213742460005e-05,7.811584579932039e-05,235.0,-2.5663708374720333e-05,0.6714702429147029,41.7218499,-87.6228544
Drake Ave & Addison St,131.0,1363.0,0.00045808200017484046,0.0004839631719294259,1494.0,-2.588117175458544e-05,0.9465225459740033,41.947326,-87.717582
Public Rack - Mango & Higgins,0.0,73.0,0.0,2.592025792431995e-05,73.0,-2.592025792431995e-05,3.857837466528875e-05,41.971722,-87.77228800000002
Larrabee St & Clybourn Ave,67.0,733.0,0.00023428621382988023,0.00026026779532228113,800.0,-2.5981581492400896e-05,0.9001740432992403,41.9066,-87.64322
Oakley Ave & Touhy Ave,34.0,410.0,0.00011889151149576012,0.00014557953080782435,444.0,-2.6688019312064235e-05,0.8166786508884617,42.012342,-87.688243
Kedzie Ave & 60th St,4.0,115.0,1.3987236646560014e-05,4.083328303146293e-05,119.0,-2.6846046384902917e-05,0.34256109347584324,41.78458,-87.70319
LaSalle St & Calhoun Pl Corral,52.0,589.0,0.00018183407640528018,0.0002091374235263623,641.0,-2.730334712108213e-05,0.8694484415598529,41.88288,-87.63251
Hudson Ave & Armitage Ave,117.0,1230.0,0.0004091266719118804,0.0004367385924234731,1347.0,-2.7611920511592708e-05,0.9367771528146238,41.91818,-87.63999999999999
Sacramento Ave & Pratt Blvd,9.0,167.0,3.147128245476003e-05,5.929702840221139e-05,176.0,-2.7825745947451356e-05,0.5307475358419563,42.00404000000001,-87.70473000000001
Narragansett Ave & Wrightwood Ave,21.0,286.0,7.343299239444007e-05,0.00010155059953911652,307.0,-2.8117607144676442e-05,0.7231199973975214,41.927290000000006,-87.78523
Narragansett Ave & McLean Ave,3.0,109.0,1.049042748492001e-05,3.870285087329965e-05,112.0,-2.821242338837964e-05,0.2710693444759435,41.9159,-87.78511
Milwaukee Ave & Highland Ave,5.0,129.0,1.7484045808200017e-05,4.580429140051059e-05,134.0,-2.8320245592310574e-05,0.38172545733450153,41.99636,-87.78674
California Ave & Madison St,5.0,129.0,1.7484045808200017e-05,4.580429140051059e-05,134.0,-2.8320245592310574e-05,0.38172545733450153,41.88098,-87.69598
Lavergne Ave & Division St,1.0,90.0,3.4968091616400035e-06,3.195648237244925e-05,91.0,-2.845967321080925e-05,0.10945196248173437,41.9021077,-87.7508698
Ave L & 114th,1.0,90.0,3.4968091616400035e-06,3.195648237244925e-05,91.0,-2.845967321080925e-05,0.10945196248173437,41.68803,-87.53641
Lockwood Ave & Wrightwood Ave,22.0,297.0,7.692980155608008e-05,0.00010545639182908253,319.0,-2.852659027300245e-05,0.7294965314594901,41.927766,-87.758544
Parnell Ave & 31st St,13.0,209.0,4.5458519101320045e-05,7.421005350935437e-05,222.0,-2.8751534408034328e-05,0.6125707283698625,41.837911,-87.640279
Tripp Ave & 15th St,0.0,81.0,0.0,2.8760834135204328e-05,81.0,-2.8760834135204328e-05,3.476829729631204e-05,41.86077,-87.73136
Waveland/Wilton Corral,0.0,82.0,0.0,2.9115906161564874e-05,82.0,-2.9115906161564874e-05,3.4344308232858476e-05,41.9489031,-87.65314100000002
Washtenaw Ave & Lawrence Ave,176.0,1816.0,0.0006154384124486406,0.0006448107998707538,1992.0,-2.937238742211322e-05,0.9544481235796234,41.9687297,-87.6962603
Kostner Ave & Devon Ave,6.0,142.0,2.098085496984002e-05,5.042022774319771e-05,148.0,-2.9439372773357688e-05,0.4161313777741294,41.997032,-87.73837
Sacramento Ave & Lunt Ave,14.0,221.0,4.895532826296005e-05,7.847091782568093e-05,235.0,-2.9515589562720886e-05,0.623870673987,42.0082,-87.70461000000002
Central & Elston,2.0,103.0,6.993618323280007e-06,3.657241871513636e-05,105.0,-2.9578800391856356e-05,0.19124868740764442,41.9855,-87.7682
Cottage Grove Ave & 51st St,39.0,468.0,0.00013637555730396014,0.00016617370833673612,507.0,-2.9798151032775982e-05,0.820681791284429,41.803038,-87.606615
Cumberland Ave & Catherine Ave,8.0,163.0,2.7974473293120028e-05,5.78767402967692e-05,171.0,-2.990226700364917e-05,0.4833546221686483,41.97732,-87.83674
Public Rack - Karlov Ave & Milwaukee Ave,1.0,95.0,3.4968091616400035e-06,3.3731842504251984e-05,96.0,-3.023503334261198e-05,0.10369150364956967,41.942702,-87.730011
Laramie Ave & Addison St,7.0,155.0,2.4477664131480024e-05,5.503616408588482e-05,162.0,-3.0558499954404795e-05,0.44476608738926604,41.9456842,-87.75693440000002
Kedzie Ave & Lake St,23.0,313.0,8.042661071772008e-05,0.00011113754425085129,336.0,-3.0710933533131205e-05,0.7236698236409015,41.88460328501,-87.70630374359999
Long Ave & North Ave,4.0,126.0,1.3987236646560014e-05,4.473907532142895e-05,130.0,-3.075183867486894e-05,0.31265563470922747,41.9092147,-87.7609189
Calumet Park,0.0,87.0,0.0,3.089126629336761e-05,87.0,-3.089126629336761e-05,3.237056130824219e-05,41.71370983035615,-87.53084421157837
Troy St & Grace St,54.0,619.0,0.0001888276947285602,0.00021978958431717873,673.0,-3.096188958861854e-05,0.8591300456076972,41.950244,-87.706489
Kostner Ave & Belmont Ave,12.0,207.0,4.196170993968004e-05,7.349990945663328e-05,219.0,-3.153819951695323e-05,0.5709141594287173,41.939191,-87.737112
Grace/Sheffield,0.0,89.0,0.0,3.1601410346088703e-05,89.0,-3.1601410346088703e-05,3.1643155982365304e-05,41.95120000000001,-87.6546
Damen Ave/Coulter St,31.0,395.0,0.00010840108401084011,0.00014025345041241615,426.0,-3.185236640157604e-05,0.7728958595758308,41.8492,-87.67564
Meade Ave & Fullerton Ave,7.0,159.0,2.4477664131480024e-05,5.645645219132701e-05,166.0,-3.1978788059846984e-05,0.4335772016159177,41.924751,-87.778272
Public Rack - Western Ave & Devon Ave,7.0,159.0,2.4477664131480024e-05,5.645645219132701e-05,166.0,-3.1978788059846984e-05,0.4335772016159177,41.997579,-87.689713
Public Rack - Washtenaw Ave & Superior St,31.0,396.0,0.00010840108401084011,0.0001406085224387767,427.0,-3.2207438427936586e-05,0.77094411623537,41.894738,-87.69520399999999
Bosworth Ave & Howard St,40.0,485.0,0.00013987236646560014,0.0001722099327848654,525.0,-3.233756631926526e-05,0.812221176691128,42.019537,-87.669563
Wood St & Walnut St,9.0,180.0,3.147128245476003e-05,6.39129647448985e-05,189.0,-3.2441682290138473e-05,0.492416369104564,41.88417586306651,-87.67124295169083
Public Rack - Jonathan Y Scammon Public School,12.0,210.0,4.196170993968004e-05,7.456512553571492e-05,222.0,-3.260341559603488e-05,0.5627583522437567,41.941612,-87.73237200000001
Kildare Ave & North Ave,13.0,220.0,4.5458519101320045e-05,7.811584579932039e-05,233.0,-3.265732669800034e-05,0.581942584037559,41.9095392,-87.7338518
Rockwell St & 57th St,4.0,132.0,1.3987236646560014e-05,4.686950747959224e-05,136.0,-3.2882270833032224e-05,0.29844431815999845,41.79031,-87.68888
Walden Pkwy & 100th St,11.0,201.0,3.846490077804004e-05,7.136947729847e-05,212.0,-3.2904576520429956e-05,0.5389609574442996,41.71216410359803,-87.66773343086243
Albany Ave & Douglas Blvd,1.0,103.0,3.4968091616400035e-06,3.657241871513636e-05,104.0,-3.307560955349636e-05,0.09563801483486671,41.86310853149135,-87.70312034955664
MLK Jr Dr & Pershing Rd,65.0,734.0,0.00022729259550660023,0.00026062286734864165,799.0,-3.3330271842041425e-05,0.8721135090921858,41.8246,-87.61678
Public Rack - Jensen Park,10.0,193.0,3.4968091616400035e-05,6.852890108758562e-05,203.0,-3.356080947118558e-05,0.5102749465770757,41.964864,-87.720774
Lynch Ave & Elston Ave,4.0,134.0,1.3987236646560014e-05,4.757965153231333e-05,138.0,-3.3592414885753316e-05,0.29399001896937493,41.98096,-87.76149
Hyacinth Ave & Milwaukee Ave,11.0,203.0,3.846490077804004e-05,7.207962135119109e-05,214.0,-3.3614720573151054e-05,0.5336510709393935,41.99282,-87.78377
Albany Ave & Montrose Ave,134.0,1415.0,0.00046857242765976047,0.0005024269173001743,1549.0,-3.385448964041387e-05,0.932618215519685,41.96104100000001,-87.705866
Clark St & Berwyn Ave,668.0,6674.0,0.0023358685199755223,0.0023697507039302924,7342.0,-3.388218395477009e-05,0.9857022219253706,41.978028844843585,-87.66836255860282
Kenneth Ave & Lawrence Ave,31.0,401.0,0.00010840108401084011,0.00014238388257057944,432.0,-3.398279855973933e-05,0.7613314142188218,41.967943,-87.739983
Mozart St & Jackson Blvd,10.0,195.0,3.4968091616400035e-05,6.923904514030671e-05,205.0,-3.427095352390668e-05,0.5050414329675743,41.8775,-87.69740000000002
Jeffery Blvd & 71st St,17.0,264.0,5.944575574788006e-05,9.373901495918448e-05,281.0,-3.429325921130442e-05,0.6341662711891383,41.76663823695,-87.57645011409998
Kostner Ave & Bryn Mawr Ave,9.0,186.0,3.147128245476003e-05,6.604339690306179e-05,195.0,-3.4572114448301754e-05,0.4765322106121162,41.982765,-87.738094
Dodge Ave & Main St,39.0,482.0,0.00013637555730396014,0.00017114471670578378,521.0,-3.476915940182364e-05,0.7968447001125057,42.03463185161588,-87.69918769598006
Public Rack - Rockwell & Division,10.0,197.0,3.4968091616400035e-05,6.994918919302781e-05,207.0,-3.498109757662778e-05,0.4999141820746574,41.90282,-87.692397
Wallace St & Pershing Rd,15.0,247.0,5.245213742460005e-05,8.770279051105517e-05,262.0,-3.525065308645512e-05,0.5980714986085838,41.82348386197183,-87.6408699859155
Kenosha Ave & Wellington Ave,12.0,218.0,4.196170993968004e-05,7.74057017465993e-05,230.0,-3.544399180691926e-05,0.5421069363871144,41.934457,-87.733795
Linder Ave & Montrose Ave,13.0,229.0,4.5458519101320045e-05,8.131149403656531e-05,242.0,-3.585297493524527e-05,0.5590717593888759,41.96081,-87.76488
Kedzie Ave & Foster Ave,62.0,713.0,0.00021680216802168022,0.0002531663547950702,775.0,-3.636418677338999e-05,0.8563630496403238,41.975672,-87.709261
Larrabee St & Chicago Ave,0.0,103.0,0.0,3.657241871513636e-05,103.0,-3.657241871513636e-05,2.7342262089000107e-05,41.89677,-87.6386
Fairfield Ave & Pratt Blvd,18.0,282.0,6.294256490952006e-05,0.00010013031143367432,300.0,-3.7187746524154256e-05,0.6286102120135825,42.0044482,-87.69859730000002
Indiana Ave & 40th St,10.0,205.0,3.4968091616400035e-05,7.278976540391218e-05,215.0,-3.782167378751214e-05,0.48040560395756743,41.821679964801916,-87.62159931493291
Kedzie Ave & Chicago Ave,37.0,471.0,0.00012938193898068013,0.00016723892441581774,508.0,-3.785698543513761e-05,0.7736366745717265,41.89546530305,-87.7061278837
Grace St & Cicero Ave,11.0,216.0,3.846490077804004e-05,7.66955576938782e-05,227.0,-3.8230656915838165e-05,0.5015336011763449,41.94973,-87.74695
Rockwell St & Cermak Rd,15.0,257.0,5.245213742460005e-05,9.125351077466063e-05,272.0,-3.880137335006058e-05,0.5748004890862353,41.851644,-87.690621
Public Rack - Justine St & 87th St,2.0,129.0,6.993618323280007e-06,4.580429140051059e-05,131.0,-3.8810673077230584e-05,0.15270328185712703,41.736019,-87.66243
Halsted St & 18th St,259.0,2660.0,0.0009056735728647609,0.0009444915901190556,2919.0,-3.881801725429471e-05,0.9589006651186097,41.85750568031716,-87.64599144458771
Francisco Ave & Montrose Ave,69.0,791.0,0.00024127983215316024,0.00028086197285119287,860.0,-3.9582140698032626e-05,0.8590695658590636,41.9610471,-87.700901
California Ave & 41st St,10.0,210.0,3.4968091616400035e-05,7.456512553571492e-05,220.0,-3.959703391931489e-05,0.4689675286890278,41.81867,-87.69441
Midway Orange Line,25.0,358.0,8.742022904100009e-05,0.0001271157854370759,383.0,-3.9695556396075824e-05,0.6877237238214656,41.78692,-87.73892
California Ave & Division St,205.0,2132.0,0.0007168458781362007,0.0007570135602006867,2337.0,-4.016768206448597e-05,0.9469393533806835,41.903029000000004,-87.697474
Long Ave & Diversey Ave,4.0,153.0,1.3987236646560014e-05,5.432602003316373e-05,157.0,-4.0338783386603714e-05,0.2574821265370518,41.93104,-87.76124
South Shore Dr & 74th St,20.0,311.0,6.993618323280007e-05,0.00011042740019813019,331.0,-4.049121696533012e-05,0.6333260565879707,41.76218896038,-87.55927465
Western Ave & Ardmore Ave,17.0,282.0,5.944575574788006e-05,0.00010013031143367432,299.0,-4.068455568579426e-05,0.5936879772842766,41.9867636,-87.68987959999998
Albany Ave & Belmont Ave,31.0,420.0,0.00010840108401084011,0.00014913025107142984,451.0,-4.0729167060589737e-05,0.7268904621400812,41.939638,-87.705263
Big Marsh Park,1.0,126.0,3.4968091616400035e-06,4.473907532142895e-05,127.0,-4.124226615978895e-05,0.07818067217165979,41.68587705562333,-87.57382392883301
2112 W Peterson Ave,41.0,520.0,0.00014336917562724014,0.00018463745370748456,561.0,-4.126827808024442e-05,0.7764914228234161,41.99117799999999,-87.683593
Avers Ave & Foster Ave,3.0,146.0,1.049042748492001e-05,5.18405158486399e-05,149.0,-4.135008836371989e-05,0.2023750137930286,41.97541,-87.72451999999998
Public Rack - Christiana Ave & Belmont Ave,20.0,314.0,6.993618323280007e-05,0.00011149261627721183,334.0,-4.1556433044411765e-05,0.6272752249681448,41.93917,-87.71169
Lowell Ave & Armitage Ave,21.0,325.0,7.343299239444007e-05,0.00011539840856717785,346.0,-4.1965416172737774e-05,0.6363463496582107,41.9170767,-87.7353543
Pulaski Rd & Eddy St,30.0,416.0,0.0001049042748492001,0.00014770996296598765,446.0,-4.2805688116787544e-05,0.7102064243759342,41.946264,-87.731023
Long Ave & Belmont Ave,2.0,141.0,6.993618323280007e-06,5.006515571683716e-05,143.0,-4.307153739355715e-05,0.1397075174463161,41.93833,-87.76166
Talman Ave & Addison St,181.0,1907.0,0.0006329224582568406,0.0006771223542695636,2088.0,-4.4199896012722976e-05,0.9347240119041487,41.9466358306,-87.69461475800001
Monticello Ave & Lawrence Ave,50.0,617.0,0.00017484045808200017,0.00021907944026445766,667.0,-4.423898218245748e-05,0.7980696855955947,41.96834806534399,-87.71898711572858
Chicago Ave & Sheridan Rd,315.0,3230.0,0.001101494885916601,0.0011468826451445677,3545.0,-4.538775922796655e-05,0.9604251404053763,42.050491,-87.677821
Kilbourn Ave & Roscoe St,13.0,256.0,4.5458519101320045e-05,9.08984387483001e-05,269.0,-4.543991964698005e-05,0.5001078084452989,41.942722,-87.739557
Karlov Ave & Lawrence Ave,21.0,335.0,7.343299239444007e-05,0.00011894912883078332,356.0,-4.551613643634325e-05,0.6173510959278251,41.967947,-87.730409
Ridge Blvd & Touhy Ave,50.0,623.0,0.00017484045808200017,0.00022120987242262092,673.0,-4.636941434062075e-05,0.7903836559532549,42.01213227742,-87.6829126443
N Damen Ave & W Chicago Ave,54.0,663.0,0.0001888276947285602,0.0002354127534770428,717.0,-4.6585058748482616e-05,0.8021141158474179,41.895809,-87.678519
Dan Ryan Woods & 83rd St,1.0,142.0,3.4968091616400035e-06,5.042022774319771e-05,143.0,-4.6923418581557705e-05,0.06937175705944389,41.742805,-87.680177
Menard Ave & Lawrence Ave,6.0,192.0,2.098085496984002e-05,6.817382906122507e-05,198.0,-4.7192974091385046e-05,0.30776542103240273,41.96788,-87.77274
Melvina Ave & Giddings Ave,13.0,261.0,4.5458519101320045e-05,9.267379888010283e-05,274.0,-4.7215279778782784e-05,0.4905273024669078,41.96648,-87.78202000000002
Cottage Grove Ave & 43rd St,23.0,360.0,8.042661071772008e-05,0.000127825929489797,383.0,-4.739931877207693e-05,0.6291914468941361,41.816499,-87.606582
Knox Ave & Montrose Ave,50.0,626.0,0.00017484045808200017,0.00022227508850170257,676.0,-4.7434630419702396e-05,0.7865958918953216,41.960631,-87.745359
Clark/Racine,0.0,135.0,0.0,4.793472355867388e-05,135.0,-4.793472355867388e-05,2.086126850210133e-05,41.95049999999999,-87.65930000000002
Cottage Grove Ave & 67th St,21.0,342.0,7.343299239444007e-05,0.00012143463301530715,363.0,-4.800164062086708e-05,0.6047153588369206,41.77372095205,-87.60563486
California Ave & 23rd Pl,21.0,343.0,7.343299239444007e-05,0.0001217897050416677,364.0,-4.835671264722763e-05,0.6029523547738428,41.84910969176,-87.69513980680001
Wood St & Hubbard St,273.0,2827.0,0.000954628901127721,0.001003788618521267,3100.0,-4.915971739354605e-05,0.9510258758543791,41.889715,-87.671966
Ridge Blvd & Howard St,28.0,415.0,9.79106565259201e-05,0.0001473548909396271,443.0,-4.9444234413707e-05,0.6644570223937318,42.019276,-87.68452
Public Rack - Emerald Ave & 43rd St,2.0,159.0,6.993618323280007e-06,5.645645219132701e-05,161.0,-4.9462833868047e-05,0.12389185221423292,41.81643,-87.64475399999999
Francisco Ave & Foster Ave,143.0,1549.0,0.0005000437101145205,0.0005500065688324876,1692.0,-4.996285871796714e-05,0.9091596887947846,41.97563272521,-87.7014194389
Prairie Ave & 43rd St,32.0,459.0,0.00011189789317248011,0.00016297806009949118,491.0,-5.1080166927011065e-05,0.6865844796513799,41.81665889302,-87.61941246190001
Eberhart Ave & 61st St,6.0,204.0,2.098085496984002e-05,7.243469337755164e-05,210.0,-5.145383840771162e-05,0.28966182266631624,41.784071072761,-87.61448353528975
Kosciuszko Park,132.0,1446.0,0.00046157880933648046,0.0005134341501173513,1578.0,-5.185534078087082e-05,0.8990031345360389,41.93058537138,-87.7237773635
Lavergne Ave & Lawrence Ave,6.0,211.0,2.098085496984002e-05,7.492019756207547e-05,217.0,-5.393934259223545e-05,0.2800523170022161,41.96775000000001,-87.75259000000001
Carpenter St & Huron St,540.0,5470.0,0.0018882769472856019,0.0019422439841921934,6010.0,-5.396703690659153e-05,0.972214093821415,41.894556,-87.65344900000001
Lincoln Ave & Belle Plaine Ave,295.0,3059.0,0.001031558702683801,0.001086165328636914,3354.0,-5.460662595311292e-05,0.9497253555800781,41.95600355078549,-87.68016144633293
Western Ave & 43rd St,2.0,174.0,6.993618323280007e-06,6.178253258673522e-05,176.0,-5.478891426345522e-05,0.11321169299376925,41.81574,-87.68489000000001
Lincoln Ave & Balmoral Ave,37.0,520.0,0.00012938193898068013,0.00018463745370748456,557.0,-5.525551472680443e-05,0.7007366904494143,41.979461,-87.693013
Central Park Ave & North Ave,64.0,788.0,0.00022379578634496022,0.00027979675677211125,852.0,-5.6000970427151023e-05,0.7998519678170167,41.90965687563,-87.7166319516
Central St Metra,62.0,773.0,0.00021680216802168022,0.00027447067637670304,835.0,-5.766850835502282e-05,0.78989267994314,42.063598,-87.69873
McCormick Blvd & Devon Ave,53.0,686.0,0.00018533088556692019,0.0002435794100833354,739.0,-5.824852451641522e-05,0.7608653154968955,41.997197299082565,-87.71105704770642
NAVY PIER,0.0,165.0,0.0,5.8586884349490296e-05,165.0,-5.8586884349490296e-05,1.706837533225758e-05,41.892278,-87.612043
Wentworth Ave & 33rd St,100.0,1150.0,0.00034968091616400035,0.0004083328303146293,1250.0,-5.865191415062895e-05,0.8563628340433207,41.83452988563,-87.6318229814
Rush St & Superior St,862.0,8656.0,0.003014249497333683,0.003073503460176897,9518.0,-5.925396284321401e-05,0.9807210421813399,41.89576474564,-87.6259080327
Austin Blvd & Lake St,6.0,227.0,2.098085496984002e-05,8.060134998384423e-05,233.0,-5.962049501400421e-05,0.2603131915390256,41.88794379427211,-87.77427345514297
Keeler Ave & Carmen Ave,5.0,218.0,1.7484045808200017e-05,7.74057017465993e-05,223.0,-5.9921655938399284e-05,0.2258854261151643,41.974323,-87.7331
Ashland Ave & Lake St,314.0,3263.0,0.001097998076754961,0.0011586000220144656,3577.0,-6.060194525950454e-05,0.9476938617280558,41.88592,-87.66717
Shabbona Park,5.0,221.0,1.7484045808200017e-05,7.847091782568093e-05,226.0,-6.098687201748092e-05,0.22281914718895543,41.94480000000001,-87.79932
Sedgwick St & Schiller St,243.0,2565.0,0.0008497246262785208,0.0009107597476148036,2808.0,-6.103512133628279e-05,0.9329844621695347,41.907626,-87.638566
South Shore Dr & 67th St,41.0,577.0,0.00014336917562724014,0.00020487655921003575,618.0,-6.15073835827956e-05,0.6997846722698426,41.773643,-87.567514
Western Ave & Lunt Ave,88.0,1040.0,0.0003077192062243203,0.0003692749074149691,1128.0,-6.155570119064881e-05,0.8333070207001716,42.0085943972,-87.6904922389
Valli Produce - Evanston Plaza,34.0,509.0,0.00011889151149576012,0.00018073166141751855,543.0,-6.184014992175843e-05,0.6578363344138515,42.03974199999999,-87.699413
Addison/Racine,0.0,176.0,0.0,6.249267663945631e-05,176.0,-6.249267663945631e-05,1.6001618944093862e-05,41.94729999999999,-87.6592
Wells St & Washington St,164.0,1794.0,0.0005734767025089606,0.0006369992152908217,1958.0,-6.352251278186113e-05,0.9002786635592266,41.883,-87.63396
Wolcott Ave & Fargo Ave,18.0,361.0,6.294256490952006e-05,0.00012818100151615756,379.0,-6.52384366066375e-05,0.4910483856158692,42.016977,-87.677725
North Boundary Park,17.0,355.0,5.944575574788006e-05,0.00012605056935799426,372.0,-6.66048136101142e-05,0.47160662933951736,42.01302999999999,-87.70891
Waveland/Racine,0.0,192.0,0.0,6.817382906122507e-05,192.0,-6.817382906122507e-05,1.4668170258291961e-05,41.9491,-87.6593
Portage Park,7.0,261.0,2.4477664131480024e-05,9.267379888010283e-05,268.0,-6.81961347486228e-05,0.2641350661375491,41.95607,-87.76471999999998
N Paulina St & Lincoln Ave,88.0,1059.0,0.0003077192062243203,0.0003760212759158195,1147.0,-6.830206969149922e-05,0.8183563207122599,41.943838,-87.671469
Clark St & Winnemac Ave,799.0,8062.0,0.002793950520150363,0.002862590676518732,8861.0,-6.864015636836923e-05,0.9760216740195918,41.97334764047304,-87.6678554713726
Wood St & 35th St,30.0,491.0,0.0001049042748492001,0.0001743403649430287,521.0,-6.943609009382859e-05,0.6017233769133394,41.83010465416,-87.6702983089
Central Park Ave & Ardmore Ave,15.0,344.0,5.245213742460005e-05,0.00012214477706802825,359.0,-6.96926396434282e-05,0.42943062530427595,41.9866081,-87.7187674
California Ave & 21st St,46.0,650.0,0.00016085322143544016,0.0002307968171343557,696.0,-6.994359569891553e-05,0.6969486255660777,41.8537957934734,-87.69582286477088
Franklin St & Monroe St Corral,0.0,197.0,0.0,6.994918919302781e-05,197.0,-6.994918919302781e-05,1.4295886995251668e-05,41.88056,-87.63524
Sheridan Rd & Columbia Ave,167.0,1845.0,0.0005839671299938806,0.0006551078886352096,2012.0,-7.114075864132904e-05,0.8914062076160548,42.004583,-87.661406
Budlong Woods Library,23.0,428.0,8.042661071772008e-05,0.0001519708272823142,451.0,-7.154421656459413e-05,0.5292271084449867,41.98366470886,-87.6964225611
Edgebrook Metra,9.0,293.0,3.147128245476003e-05,0.00010403610372364035,302.0,-7.256482126888031e-05,0.30251017500796296,41.99751,-87.76539
Whipple/Irving Park,34.0,542.0,0.00011889151149576012,0.0001924490382874166,576.0,-7.35575267916565e-05,0.617783776785738,41.954189,-87.704448
Campbell Ave & Irving Park Rd,26.0,468.0,9.091703820264009e-05,0.00016617370833673612,494.0,-7.525667013409603e-05,0.5471232001105966,41.953634,-87.690782
Sheffield Ave & Willow St,536.0,5493.0,0.0018742897106390419,0.001950410640798486,6029.0,-7.612093015944409e-05,0.9609718643146117,41.913688,-87.652855
Broadway & Waveland Ave,1145.0,11491.0,0.004003846490077804,0.004080132654909048,12636.0,-7.62861648312442e-05,0.9813030230665459,41.949074,-87.648636
Morgan St & Hubbard St,90.0,1102.0,0.0003147128245476003,0.00039128937304932305,1192.0,-7.657654850172274e-05,0.8042973868614189,41.89012,-87.65251000000002
Sacramento Blvd & Addison St,32.0,534.0,0.00011189789317248011,0.00018960846207653222,566.0,-7.771056890405211e-05,0.5901545837797603,41.94609,-87.702988
Kilbourn Ave & Irving Park Rd,23.0,446.0,8.042661071772008e-05,0.00015836212375680407,469.0,-7.793551303908399e-05,0.5078683017217543,41.953733,-87.740569
Western Ave & Grace St,86.0,1070.0,0.0003007255879010403,0.00037992706820578554,1156.0,-7.920148030474524e-05,0.7915355907270155,41.95037092929293,-87.68816057777777
Hastings LWS,0.0,227.0,0.0,8.060134998384423e-05,227.0,-8.060134998384423e-05,1.2406586162815824e-05,41.863516399999995,-87.6797485
Halsted St & Belden St,106.0,1271.0,0.00037066177113384037,0.00045129654550425555,1377.0,-8.063477437041518e-05,0.8213268049567648,41.92365,-87.64894
Lincoln Ave & Waveland Ave,267.0,2857.0,0.0009336480461578809,0.0010144407793120835,3124.0,-8.07927331542026e-05,0.9203574470197886,41.948797,-87.675278
Clark St & Elmdale Ave,147.0,1678.0,0.0005140309467610805,0.0005958108602329982,1825.0,-8.177991347191771e-05,0.8627420517612105,41.99086044812557,-87.66972362995148
Franklin St & Washington St,322.0,3403.0,0.0011259725500480811,0.0012083101057049422,3725.0,-8.233755565686105e-05,0.9318573211252376,41.88318,-87.63511
Ravenswood Ave & Berteau Ave,251.0,2707.0,0.0008776990995716409,0.0009611799753580013,2958.0,-8.348087578636046e-05,0.9131475987076553,41.957921,-87.673567
Winchester (Ravenswood) Ave & Balmoral Ave,111.0,1331.0,0.0003881458169420404,0.0004726008670858884,1442.0,-8.4455050143848e-05,0.8212976798745919,41.979762,-87.67753
Milwaukee Ave & Cuyler Ave,22.0,455.0,7.692980155608008e-05,0.00016155777199404898,477.0,-8.46279704379689e-05,0.4761784247711033,41.95446799999999,-87.749594
State St & Pearson St,480.0,4966.0,0.0016784683975872017,0.0017632876829064776,5446.0,-8.481928531927588e-05,0.9518971078635485,41.897448,-87.62872199999998
Addison/Sheffield SE Corral,1.0,249.0,3.4968091616400035e-06,8.841293456377627e-05,250.0,-8.491612540213626e-05,0.0395617407923058,41.9470281,-87.654252
Lincoln Ave & Peterson Ave,21.0,449.0,7.343299239444007e-05,0.0001594273398358857,470.0,-8.599434744144564e-05,0.4606081482754726,41.990267,-87.70857
Cherry Ave & Blackhawk St,132.0,1543.0,0.00046157880933648046,0.0005478761366743244,1675.0,-8.629732733784394e-05,0.8424878105670217,41.907221,-87.655618
Leavitt St & North Ave,320.0,3398.0,0.0011189789317248011,0.0012065347455731395,3718.0,-8.755581384833834e-05,0.9274320597880448,41.91026962479713,-87.68234483279865
Manor Ave & Leland Ave,75.0,986.0,0.00026226068712300026,0.0003501010179914996,1061.0,-8.784033086849932e-05,0.7491007581949097,41.965875,-87.700825
Public Rack - Milwaukee Ave & Haussen Ct,2.0,271.0,6.993618323280007e-06,9.62245191437083e-05,273.0,-8.92309008204283e-05,0.0726898476155153,41.937752,-87.721623
Clark St & Schreiber Ave,172.0,1947.0,0.0006014511758020806,0.0006913252353239855,2119.0,-8.987405952190486e-05,0.8699976148311716,41.999245,-87.671249
W Washington Blvd & N Peoria St,39.0,643.0,0.00013637555730396014,0.00022831131294983188,682.0,-9.193575564587174e-05,0.5973245837771649,41.883043,-87.649931
Stony Island Ave & 63rd St,10.0,364.0,3.4968091616400035e-05,0.0001292462175952392,374.0,-9.427812597883917e-05,0.2705597247432591,41.780506,-87.586853
Spaulding Ave & Armitage Ave,305.0,3273.0,0.001066526794300201,0.001162150742278071,3578.0,-9.562394797787e-05,0.917718190749836,41.91710803478932,-87.71022096276283
Damen Ave & Cullerton St,142.0,1669.0,0.0004965469009528805,0.0005926152119957533,1811.0,-9.606831104287282e-05,0.8378911864065555,41.854966518753926,-87.67569959163664
Wentworth Ave & 35th St,92.0,1179.0,0.0003217064428708803,0.0004186299190790852,1271.0,-9.692347620820487e-05,0.7684751130627915,41.830777,-87.632504
Morgan Ave & 14th Pl,291.0,3141.0,0.001017571466037241,0.001115281234798479,3432.0,-9.77097687612379e-05,0.91239009668356,41.86237799999999,-87.651062
Troy St & North Ave,85.0,1114.0,0.0002972287787394003,0.00039555023736564964,1199.0,-9.832145862624935e-05,0.7514318011465086,41.909769301690005,-87.7052804871
Clarendon Ave & Gordon Ter,820.0,8354.0,0.002867383512544803,0.002966271708216012,9174.0,-9.888819567120894e-05,0.9666624732792412,41.95786652415175,-87.64950513839722
Sawyer Ave & Irving Park Rd,75.0,1021.0,0.00026226068712300026,0.0003625285389141187,1096.0,-0.00010026785179111845,0.7234215669943757,41.953598557720426,-87.70931008347263
Sheffield/Cornelia Corral,10.0,381.0,3.4968091616400035e-05,0.00013528244204336849,391.0,-0.00010031435042696845,0.25848759529041127,41.9452875,-87.6542225
Ogden Ave & Roosevelt Rd,66.0,933.0,0.00023078940466824023,0.00033128220059439056,999.0,-0.00010049279592615033,0.6966559253658335,41.86650148316,-87.68469707
Ravenswood Ave & Irving Park Rd,276.0,3010.0,0.000965119328612641,0.0010687667993452472,3286.0,-0.00010364747073260622,0.9030215255398759,41.95469,-87.67393
Ritchie Ct & Banks St,660.0,6794.0,0.0023078940466824023,0.002412359347093558,7454.0,-0.00010446530041115579,0.9566958143143843,41.906866,-87.626217
Addison/Wilton Corral,8.0,377.0,2.7974473293120028e-05,0.00013386215393792632,385.0,-0.00010588768064480629,0.20898561306939276,41.9473827,-87.6531716
Addison/Sheffield SW Corral,4.0,339.0,1.3987236646560014e-05,0.0001203694169362255,343.0,-0.00010638218028966549,0.11620992103044092,41.9469539,-87.65441230000002
Francisco Ave & Bloomingdale Ave,35.0,645.0,0.00012238832065740012,0.00022902145700255298,680.0,-0.00010663313634515285,0.5343987758197696,41.9139595955414,-87.69938705732484
Wells St & Walton St,822.0,8397.0,0.002874377130868083,0.002981539805349515,9219.0,-0.00010716267448143213,0.9640579547698426,41.89993001,-87.63443007
Lincoln Ave & Dickens Ave,99.0,1278.0,0.00034618410700236035,0.00045378204968877936,1377.0,-0.00010759794268641902,0.7628868183590958,41.920120000000004,-87.6416
Kedzie Ave & Palmer Ct,240.0,2671.0,0.0008392341987936008,0.0009483973824090217,2911.0,-0.00010916318361542084,0.8848973325554015,41.921525,-87.707322
Smith Park,122.0,1510.0,0.0004266107177200804,0.0005361587598044263,1632.0,-0.00010954804208434588,0.7956802238864299,41.892048,-87.689397
California Ave & Milwaukee Ave,644.0,6651.0,0.0022519451000961622,0.0023615840473239997,7295.0,-0.00010963894722783741,0.9535740000758925,41.922695,-87.697153
Broadway & Ridge Ave,269.0,2958.0,0.0009406416644811609,0.0010503030539744987,3227.0,-0.0001096613894933378,0.8955908157467701,41.9840446107,-87.6602738295
Albany Ave & Bloomingdale Ave,238.0,2653.0,0.0008322405804703208,0.0009420060859345318,2891.0,-0.00010976550546421102,0.8834769853611912,41.91402671273,-87.70512646200001
Halsted St & Fulton St,943.0,9599.0,0.0032974910394265233,0.003408336381034893,10542.0,-0.00011084534160836967,0.9674781780039883,41.88685835666811,-87.64802209919087
Southport Ave & Belmont Ave,531.0,5544.0,0.0018568056648308419,0.0019685193141428738,6075.0,-0.00011171364931203192,0.9432499382864261,41.93947775040509,-87.6637476682663
Ashland Ave & Grace St,304.0,3314.0,0.001063029985138561,0.0011767086953588534,3618.0,-0.00011367871022029239,0.9033927308760513,41.950771514725965,-87.66872750341331
Ashland Ave & Belle Plaine Ave,128.0,1584.0,0.00044759157268992045,0.0005624340897551068,1712.0,-0.00011484251706518633,0.7958119627365522,41.9557944253819,-87.66915741480612
Elston Ave & Henderson St,35.0,670.0,0.00012238832065740012,0.00023789825766156665,705.0,-0.00011550993700416653,0.5144586068087277,41.941499,-87.701051
Indiana Ave & 26th St,137.0,1679.0,0.0004790628551446805,0.0005961659322593589,1816.0,-0.00011710307711467838,0.8035733436759398,41.845687,-87.622481
Burling St & Diversey Pkwy,652.0,6752.0,0.0022799195733892823,0.002397446321986415,7404.0,-0.00011752674859713281,0.9509783812477033,41.93314,-87.64776
Wentworth Ave & 24th St,74.0,1061.0,0.00025876387796136026,0.0003767314199685406,1135.0,-0.00011796754200718037,0.686866497932322,41.85008369347577,-87.6321405172348
California Ave & North Ave,197.0,2273.0,0.0006888714048430807,0.0008070787159175239,2470.0,-0.00011820731107444317,0.853537006638731,41.910044,-87.697167
Racine Ave & Randolph St,233.0,2628.0,0.0008147565346621208,0.0009331292852755182,2861.0,-0.00011837275061339734,0.8731444553013877,41.884081224846845,-87.65692072930314
Eastlake Ter & Howard St,62.0,946.0,0.00021680216802168022,0.00033589813693707767,1008.0,-0.00011909596891539746,0.6454412773983783,42.01920250193227,-87.66430288553238
Wood St & Webster Ave,145.0,1764.0,0.0005070373284378005,0.0006263470545000053,1909.0,-0.00011930972606220478,0.8095152923282469,41.92105672992757,-87.67279744148254
Southport Ave & Wellington Ave,646.0,6701.0,0.0022589387184194423,0.002379337648642027,7347.0,-0.00012039893022258458,0.9493981530156287,41.93577461766458,-87.66360014677048
Lincoln Ave & Winona St,117.0,1494.0,0.0004091266719118804,0.0005304776073826575,1611.0,-0.00012135093547077712,0.7712425462932168,41.97491129677,-87.6925025594
Western Ave & Division St,249.0,2795.0,0.0008707054812483609,0.0009924263136777294,3044.0,-0.00012172083242936857,0.8773503804744185,41.902893,-87.687275
Delano Ct & Roosevelt Rd,322.0,3515.0,0.0011259725500480811,0.0012480781726573235,3837.0,-0.00012210562260924233,0.9021651628483924,41.867491,-87.63219
Clifton Ave & Armitage Ave,638.0,6628.0,0.0022309642451263222,0.002353417390717707,7266.0,-0.00012245314559138467,0.9479679660555211,41.918216,-87.656936
Grace/Sheffield Corral,3.0,377.0,1.049042748492001e-05,0.00013386215393792632,380.0,-0.0001233717264530063,0.07837427384823901,41.9511586,-87.6546115
Dearborn Pkwy & Delaware Pl,1402.0,14155.0,0.004902526444619285,0.005026044533133546,15557.0,-0.00012351808851426144,0.9754243992220156,41.898969,-87.629912
Clark/Newport,0.0,356.0,0.0,0.00012640564138435481,356.0,-0.00012640564138435481,7.910976741794588e-06,41.9449,-87.65460000000002
Damen Ave & Sunnyside Ave,222.0,2545.0,0.0007762916338840808,0.0009036583070875928,2767.0,-0.000127366673203512,0.859054543892208,41.96325,-87.679258
Wabash Ave & Cermak Rd,149.0,1828.0,0.0005210245650843605,0.0006490716641870803,1977.0,-0.0001280470991027198,0.8027230136658272,41.852619,-87.626488
Clark/Racine Corral,4.0,413.0,1.3987236646560014e-05,0.000146644746886906,417.0,-0.000132657510240346,0.09538794641857441,41.950436,-87.6593212
Clark St & Jarvis Ave,47.0,838.0,0.00016435003059708016,0.0002975503580901386,885.0,-0.00013320032749305843,0.5523450864146032,42.015963000000006,-87.675005
Elmwood Ave & Austin St,37.0,740.0,0.00012938193898068013,0.00026275329950680495,777.0,-0.00013337136052612482,0.49241035912080017,42.02578400000001,-87.684107
LaSalle St & Adams St Corral,21.0,587.0,7.343299239444007e-05,0.00020842727947364124,608.0,-0.00013499428707920117,0.3523225954745113,41.87937994371794,-87.63207985027061
Kedzie Ave & Milwaukee Ave,600.0,6296.0,0.002098085496984002,0.0022355334779660054,6896.0,-0.00013744798098200327,0.9385167250441783,41.929083085060974,-87.70802510914633
Wilton Ave & Diversey Pkwy*,301.0,3352.0,0.001052539557653641,0.0011902014323605544,3653.0,-0.00013766187470691331,0.8843374278492394,41.932418,-87.652705
Winchester Ave & Elston Ave,163.0,1994.0,0.0005699798933473206,0.0007080136205629312,2157.0,-0.00013803372721561062,0.8050411344530397,41.92409085038,-87.6764600747
Racine Ave & Fullerton Ave,634.0,6633.0,0.002216977008479762,0.0023551927508495096,7267.0,-0.0001382157423697474,0.941314491718614,41.925566,-87.658416
Addison Red Line,0.0,390.0,0.0,0.00013847809028061343,390.0,-0.00013847809028061343,7.221306826710116e-06,41.9472,-87.654
Drake Ave & Montrose Ave,54.0,922.0,0.0001888276947285602,0.00032737640830442455,976.0,-0.00013854871357586436,0.5767920752582002,41.96115407569,-87.7165690733
California Ave & Altgeld St,163.0,1998.0,0.0005699798933473206,0.0007094339086683734,2161.0,-0.0001394540153210528,0.8034294427619704,41.92669,-87.697668
Sheffield Ave & Kingsbury St,727.0,7563.0,0.0025421802605122825,0.0026854097353648187,8290.0,-0.00014322947485253612,0.9466638481159277,41.91052201283299,-87.653106010569
Seminary Ave & Belden Ave,24.0,645.0,8.392341987936008e-05,0.00022902145700255298,669.0,-0.0001450980371231929,0.36644624713996743,41.923390000000005,-87.65599
Leavitt St & Lawrence Ave,187.0,2252.0,0.0006539033132266807,0.0007996222033639524,2439.0,-0.0001457188901372717,0.8177655556714166,41.968885,-87.684001
Clark/Newport Corral,15.0,561.0,5.245213742460005e-05,0.000199195406788267,576.0,-0.00014674326936366694,0.2633237128637284,41.9449411,-87.654611
Avondale Ave & Irving Park Rd,155.0,1951.0,0.0005420054200542005,0.0006927455234294277,2106.0,-0.00015074010337522712,0.7824022232129131,41.953393,-87.732002
Racine Ave & 15th St,161.0,2011.0,0.0005629862750240406,0.0007140498450110605,2172.0,-0.00015106356998701993,0.788441437969757,41.861267,-87.656625
Archer & Wentworth,10.0,530.0,3.4968091616400035e-05,0.00018818817397109002,540.0,-0.00015322008235469,0.18581882729222277,41.8546868,-87.6308531
Archer Ave & Wentworth Ave,34.0,768.0,0.00011889151149576012,0.00027269531624490027,802.0,-0.00015380380474914015,0.43598869663126055,41.8546868,-87.6308531
Dearborn St & Adams St Corral,8.0,515.0,2.7974473293120028e-05,0.00018286209357568182,523.0,-0.0001548876202825618,0.15298589095312323,41.87939,-87.62988
Leavitt St & Addison St,121.0,1630.0,0.0004231139085584404,0.000578767402967692,1751.0,-0.00015565349440925156,0.7310608291483728,41.946655,-87.683359
The Salt Shed,42.0,853.0,0.00014686598478888015,0.0003028764384855468,895.0,-0.00015601045369666665,0.48490566191805856,41.90689,-87.65978
LaSalle St & Washington St Corral,0.0,441.0,0.0,0.00015658676362500132,441.0,-0.00015658676362500132,6.386195043916809e-06,41.88288,-87.63251
Campbell Ave & Fullerton Ave,107.0,1497.0,0.0003741585802954804,0.0005315428234617392,1604.0,-0.00015738424316625883,0.703911067687183,41.92463247165,-87.6893070063
Southport Ave & Clark St,182.0,2241.0,0.0006364192674184806,0.0007957164110739864,2423.0,-0.00015929714365550576,0.7998068894326428,41.957081,-87.664199
Western Ave & Winnebago Ave,475.0,5127.0,0.0016609843517790017,0.0018204542791505256,5602.0,-0.00015946992737152395,0.9124010739522604,41.915519999999994,-87.687022
Damen Ave & Clybourn Ave,215.0,2567.0,0.0007518139697526008,0.0009114698916675248,2782.0,-0.00015965592191492404,0.8248370591156943,41.931931,-87.677856
Damen Ave & Foster Ave,277.0,3178.0,0.000968616137774281,0.0011284188997738192,3455.0,-0.00015980276199953824,0.8583836016791542,41.9758109755749,-87.67950989857908
Racine/Eddy Corral,5.0,501.0,1.7484045808200017e-05,0.00017789108520663416,506.0,-0.00016040703939843414,0.09829018411859025,41.9463404,-87.6591024
N Carpenter St & W Lake St,206.0,2481.0,0.0007203426872978407,0.0008809336974005177,2687.0,-0.00016059101010267702,0.8177038427745522,41.885586,-87.6531893
Elston Ave & George St,60.0,1044.0,0.0002098085496984002,0.0003706951955204113,1104.0,-0.0001608866458220111,0.5659878688634873,41.934003,-87.690823
Damen Ave & Division St,476.0,5142.0,0.0016644811609406417,0.001825780359545934,5618.0,-0.00016129919860529232,0.9116547018283685,41.903266,-87.678435
Kedzie Ave & George St,52.0,968.0,0.00018183407640528018,0.00034370972151700975,1020.0,-0.00016187564511172957,0.5290352177631485,41.933886,-87.707262
LaSalle St & Washington St Corral N,0.0,464.0,0.0,0.00016475342023129392,464.0,-0.00016475342023129392,6.0696398833860076e-06,41.88288,-87.63251
Cottage Grove Ave & Oakwood Blvd,22.0,682.0,7.692980155608008e-05,0.0002421591219778932,704.0,-0.00016522932042181313,0.31768567395709807,41.822985,-87.6071
Addison/Racine Corral,21.0,676.0,7.343299239444007e-05,0.00024002868981972994,697.0,-0.00016659569742528987,0.3059371215685501,41.9470683,-87.6593535
California Ave & Montrose Ave,163.0,2077.0,0.0005699798933473206,0.0007374845987508566,2240.0,-0.000167504705403536,0.7728705405403804,41.961068,-87.69543899999998
Damen Ave & Charleston St,291.0,3348.0,0.001017571466037241,0.001188781144255112,3639.0,-0.00017120967821787104,0.8559789284813404,41.920082,-87.677855
Broadway & Wilson Ave,573.0,6130.0,0.002003671649619722,0.0021765915215901546,6703.0,-0.0001729198719704326,0.9205547798886572,41.965221,-87.658139
Milwaukee Ave & Ainslie St,76.0,1241.0,0.00026575749628464027,0.00044064438471343913,1317.0,-0.00017488688842879886,0.6031119478477428,41.96861,-87.76108
Hampden Ct & Diversey Ave,120.0,1677.0,0.0004196170993968004,0.0005954557882066377,1797.0,-0.00017583868880983729,0.7046994974405816,41.9325593,-87.6423847
Sheridan Rd & Greenleaf Ave,77.0,1260.0,0.00026925430544628027,0.00044739075321428953,1337.0,-0.00017813644776800927,0.6018334122428799,42.01058656284,-87.66241209479999
Sheridan Rd & Argyle St,399.0,4438.0,0.0013952268554943614,0.0015758096529881087,4837.0,-0.00018058279749374735,0.8854032385481595,41.97328682025978,-87.65475958585739
63rd St Beach,7.0,578.0,2.4477664131480024e-05,0.0002052316312363963,585.0,-0.00018075396710491627,0.11927276858466226,41.78091096424803,-87.57632374763489
Wells St & Randolph St Corral,46.0,985.0,0.00016085322143544016,0.000349745945965139,1031.0,-0.00018889272452969884,0.4599160143959435,41.88438,-87.63396
Kimball Ave & Belmont Ave,210.0,2608.0,0.0007343299239444007,0.0009260278447483072,2818.0,-0.00019169792080390644,0.7929892552580157,41.93939395344302,-87.71206766366959
California Ave & Byron St,109.0,1615.0,0.0003811521986187604,0.0005734413225722838,1724.0,-0.00019228912395352345,0.6646757374116122,41.95216219326,-87.698051113
Clark/Eddy,0.0,543.0,0.0,0.00019280411031377716,543.0,-0.00019280411031377716,5.186584517249405e-06,41.94659999999999,-87.65610000000001
Central Park Ave & Bloomingdale Ave,95.0,1482.0,0.00033219687035580033,0.000526216743066331,1577.0,-0.00019401987271053071,0.6312935561998447,41.914166,-87.716755
Rockwell St & Fletcher St,57.0,1109.0,0.0001993181222134802,0.00039377487723384687,1166.0,-0.00019445675502036667,0.5061740287740201,41.93877151938426,-87.69298122576966
Leavitt St & Chicago Ave,282.0,3325.0,0.000986100183582481,0.0011806144876488195,3607.0,-0.00019451430406633853,0.8352433064776142,41.895501,-87.682017
Eckhart Park,402.0,4510.0,0.0014057172829792814,0.001601374838886068,4912.0,-0.00019565755590678665,0.8778190908369844,41.89637337,-87.66098386
Lake Park Ave & 35th St,79.0,1332.0,0.0002762479237695603,0.0004729559391122489,1411.0,-0.00019670801534268863,0.5840889538233351,41.83127423549,-87.6087991946
Larrabee St & North Ave,297.0,3481.0,0.001038552321007081,0.0012360057237610648,3778.0,-0.0001974534027539838,0.8402489250599303,41.91021,-87.6435
Honore St & Division St,595.0,6422.0,0.002080601451175802,0.0022802725532874344,7017.0,-0.0001996711021116323,0.9124354611648372,41.903119,-87.673935
Wolcott (Ravenswood) Ave & Montrose Ave,274.0,3261.0,0.000958125710289361,0.0011578898779617446,3535.0,-0.00019976416767238363,0.8274758256805409,41.961406,-87.676169
Ashland Ave & Wrightwood Ave,310.0,3618.0,0.001084010840108401,0.00128465059137246,3928.0,-0.00020063975126405884,0.8438177692601424,41.92882999871071,-87.6685067415486
Richmond St & Diversey Ave,119.0,1744.0,0.0004161202902351604,0.0006192456139727944,1863.0,-0.000203125323737634,0.6719799201896678,41.93190196886,-87.7011951301
Elston Ave & Wabansia Ave,135.0,1910.0,0.00047206923682140047,0.0006781875703486452,2045.0,-0.0002061183335272447,0.6960751883192564,41.912919,-87.664169
Halsted St & Willow St,493.0,5445.0,0.0017239269166885217,0.0019333671835331796,5938.0,-0.0002094402668446579,0.8916707802329139,41.913865,-87.648755
Broadway & Argyle St,339.0,3931.0,0.0011854183057959612,0.0013957881356233112,4270.0,-0.00021036982982735003,0.8492825137706734,41.97423,-87.65977350000001
Burling St & Armitage Ave,0.0,596.0,0.0,0.00021162292771088615,596.0,-0.00021162292771088615,4.725363576873822e-06,41.918079999999996,-87.64728
State St & 19th St,121.0,1794.0,0.0004231139085584404,0.0006369992152908217,1915.0,-0.00021388530673238128,0.6642304011863918,41.856594,-87.627542
Avers Ave & Belmont Ave,121.0,1794.0,0.0004231139085584404,0.0006369992152908217,1915.0,-0.00021388530673238128,0.6642304011863918,41.939408,-87.723574
Sheffield Ave & Fullerton Ave,1090.0,11344.0,0.003811521986187604,0.004027937067034048,12434.0,-0.0002164150808464443,0.9462714974151027,41.9256163,-87.65365740000001
Lincoln Ave & Diversey Pkwy,570.0,6224.0,0.001993181222134802,0.002209968292068046,6794.0,-0.00021678706993324406,0.9019049401675717,41.93222500062526,-87.65861701501092
Rockwell St & Eastwood Ave,155.0,2143.0,0.0005420054200542005,0.0007609193524906528,2298.0,-0.0002189139324364522,0.7123037493741615,41.96590013976,-87.69363849350002
Franklin St & Chicago Ave,780.0,8299.0,0.0027275111460792027,0.0029467427467661815,9079.0,-0.00021923160068697874,0.9256020816443343,41.896792266987376,-87.63564033012628
California Ave & Francis Pl,187.0,2468.0,0.0006539033132266807,0.0008763177610578306,2655.0,-0.00022241444783114997,0.7461945838490701,41.91849116331977,-87.69742283132375
Lincoln Ave & Addison St,194.0,2538.0,0.0006783809773581607,0.0009011728029030689,2732.0,-0.00022279182554490822,0.7527759630526323,41.946176,-87.673308
Southport Ave & Irving Park Rd,387.0,4441.0,0.0013532651455546814,0.0015768748690671902,4828.0,-0.00022360972351250885,0.8581944667307349,41.954177,-87.664358
Fort Dearborn Dr & 31st St,14.0,772.0,4.895532826296005e-05,0.00027411560435034246,786.0,-0.0002251602760873824,0.17859672667034074,41.83855595291223,-87.60821812148446
Waveland/Racine Corral,9.0,735.0,3.147128245476003e-05,0.00026097793937500223,744.0,-0.0002295066569202422,0.12059318859265236,41.9488214,-87.6592823
Wood St & Augusta Blvd,356.0,4155.0,0.0012448640615438412,0.0014753242695280738,4511.0,-0.00023046020798423252,0.8437902388413966,41.899181,-87.6722
Larrabee St & Menomonee St,298.0,3596.0,0.001042049130168721,0.0012768390067925278,3894.0,-0.00023478987662380675,0.8161164473428365,41.91468,-87.64332
Wells St & 19th St,31.0,974.0,0.00010840108401084011,0.000345840153675173,1005.0,-0.00023743906966433288,0.31344472125100364,41.856802,-87.633879
Clark St & Bryn Mawr Ave,400.0,4608.0,0.0013987236646560014,0.0016361718974694016,5008.0,-0.0002374482328134002,0.8548758305551625,41.983593,-87.669154
Chicago Ave & Washington St,120.0,1851.0,0.0004196170993968004,0.000657238320793373,1971.0,-0.00023762122139657255,0.6384555611953756,42.032562,-87.679101
South Shore Dr & 71st St,9.0,761.0,3.147128245476003e-05,0.00027020981206037645,770.0,-0.00023873852960561642,0.11647306861920759,41.7664094567,-87.5656875719
Milwaukee Ave & Fullerton Ave,165.0,2298.0,0.0005769735116706006,0.0008159555165765376,2463.0,-0.00023898200490593698,0.7071142885056912,41.924690375095686,-87.70058124521562
California Ave & Fletcher St,136.0,2016.0,0.0004755660459830405,0.0007158252051428632,2152.0,-0.00024025915915982274,0.6643610454134292,41.93842879148,-87.698007756
Sheridan Rd & Loyola Ave,184.0,2494.0,0.0006434128857417606,0.0008855496337432048,2678.0,-0.0002421367480014442,0.7265692792992119,42.00104377979,-87.6611982433
Stetson Ave & South Water St,600.0,6593.0,0.002098085496984002,0.002340989869795088,7193.0,-0.00024290437281108577,0.8962386500754068,41.886835,-87.62232
State St & Harrison St,391.0,4555.0,0.0013672523822012414,0.0016173530800722927,4946.0,-0.0002501006978710514,0.8453642891481917,41.874053,-87.627716
Damen Ave & Leland Ave,342.0,4076.0,0.0011959087332808812,0.0014472735794455905,4418.0,-0.0002513648461647093,0.8263184818315541,41.967081,-87.679076
Sheridan Rd & Lawrence Ave,251.0,3184.0,0.0008776990995716409,0.0011305493319319823,3435.0,-0.00025285023236034146,0.7763476554571003,41.969516999999996,-87.654691
Lake Park Ave & 53rd St,379.0,4447.0,0.0013252906722615613,0.0015790053012253536,4826.0,-0.0002537146289637922,0.8393200655583816,41.79949429373001,-87.5864498959
W Armitage Ave & N Sheffield Ave,184.0,2536.0,0.0006434128857417606,0.0009004626588503477,2720.0,-0.0002570497731085871,0.7145362052292358,41.917805,-87.653449
Dayton St & North Ave,678.0,7414.0,0.0023708366115919224,0.0026325040034370973,8092.0,-0.00026166739184517495,0.9006013696066931,41.9105780349,-87.6494219288
Eddy/Seminary Corral,6.0,798.0,2.098085496984002e-05,0.0002833474770357167,804.0,-0.00026236662206587666,0.0740496479435646,41.9461279,-87.6566721
Lincoln Ave & Byron St,207.0,2788.0,0.0007238394964594807,0.0009899408094932057,2995.0,-0.00026610131303372495,0.731194995016976,41.952372,-87.677296
Field Blvd & South Water St,705.0,7703.0,0.0024652504589562025,0.002735119819055295,8408.0,-0.00026986936009909274,0.9013318321373807,41.88634906269,-87.6175165471
Green St & Randolph St*,508.0,5781.0,0.0017763790541131218,0.0020526713843903237,6289.0,-0.0002762923302772019,0.8653987200401367,41.8836016120626,-87.64862672558314
Western Ave & Walton St,312.0,3856.0,0.001091004458431681,0.0013691577336462702,4168.0,-0.00027815327521458913,0.796843661454924,41.89841768945,-87.6865960164
Greenview Ave & Fullerton Ave,451.0,5244.0,0.0015770609318996416,0.0018619977062347096,5695.0,-0.00028493677433506803,0.8469726249642457,41.92533,-87.6658
Halsted St & Roscoe St,799.0,8676.0,0.002793950520150363,0.003080604900704108,9475.0,-0.0002866543805537451,0.9069487010694139,41.943667741716816,-87.64895781893892
Sedgwick St & Webster Ave,671.0,7426.0,0.0023463589474604423,0.0026367648677534236,8097.0,-0.00029040592029298123,0.8898628339191857,41.922167,-87.638888
Leavitt St & Armitage Ave,246.0,3267.0,0.0008602150537634409,0.0011600203101199077,3513.0,-0.00029980525635646686,0.7415519406919543,41.917805,-87.68243699999998
Wabash Ave & Wacker Pl,596.0,6716.0,0.002084098260337442,0.0023846637290374354,7312.0,-0.00030056546869999335,0.8739590244951054,41.886875,-87.62603
Damen Ave & Pierce Ave,759.0,8324.0,0.0026540781536847627,0.002955619547425195,9083.0,-0.0003015413937404324,0.897976959862753,41.90913973176558,-87.6775313230267
Wentworth Ave & Cermak Rd*,299.0,3800.0,0.001045545939330361,0.0013492737001700795,4099.0,-0.00030372776083971843,0.7748955340217727,41.853214418519656,-87.63187229633331
Damen Ave & Chicago Ave,562.0,6397.0,0.001965206748841682,0.002271395752628421,6959.0,-0.00030618900378673883,0.865197921308806,41.89569719911461,-87.67713042376089
Wilton Ave & Diversey Pkwy,699.0,7750.0,0.0024442696039863624,0.002751808204294241,8449.0,-0.0003075386003078785,0.8882413069089384,41.93241798951903,-87.65270499568871
California Ave & Cortez St,265.0,3477.0,0.0009266544278346009,0.0012345854356556228,3742.0,-0.00030793100782102183,0.750579628183347,41.900363,-87.696704
Michigan Ave & Ida B Wells Dr,330.0,4129.0,0.0011539470233412012,0.0014660923968426995,4459.0,-0.0003121453735014984,0.7870903898934966,41.876203,-87.624464
Milwaukee Ave & Rockwell St,156.0,2418.0,0.0005455022292158405,0.0008585641597398032,2574.0,-0.0003130619305239627,0.6353661373601053,41.92032879364165,-87.69308613427661
N Southport Ave & W Newport Ave,79.0,1688.0,0.0002762479237695603,0.0005993615804966038,1767.0,-0.0003231136567270435,0.46090452216865685,41.944018882992054,-87.66397501880483
Sheffield/Newport Corral,15.0,1077.0,5.245213742460005e-05,0.00038241257239030936,1092.0,-0.0003299604349657093,0.13716337811113016,41.9446132,-87.6542018
Michigan Ave & Jackson Blvd,642.0,7261.0,0.0022449514817728822,0.0025781779834039334,7903.0,-0.0003332265016310512,0.8707512148008061,41.878345598237544,-87.62415080552178
Wabansia & Milwaukee,0.0,945.0,0.0,0.00033554306491071715,945.0,-0.00033554306491071715,2.980234504419215e-06,41.913754,-87.6826658
Clark St & Leland Ave,417.0,5052.0,0.0014581694204038815,0.0017938238771734846,5469.0,-0.00033565445676960316,0.8128833750491345,41.967087841502305,-87.66729089029786
Ashland Ave & Blackhawk St,402.0,4908.0,0.0014057172829792814,0.0017426935053775658,5310.0,-0.00033697622239828437,0.8066349429814285,41.907066,-87.667252
Hampden Ct & Diversey Pkwy,177.0,2704.0,0.0006189352216102806,0.0009601147592789198,2881.0,-0.00034117953766863915,0.6446474975841696,41.93247,-87.64242
Walsh Park,296.0,3891.0,0.001035055511845441,0.0013815852545688893,4187.0,-0.0003465297427234482,0.74917979852689,41.91461,-87.667968
Lincoln Ave & Sunnyside Ave,267.0,3606.0,0.0009336480461578809,0.0012803897270561332,3873.0,-0.0003467416808982523,0.7291907278214372,41.963004,-87.684781
Sheridan Rd & Buena Ave,480.0,5709.0,0.0016784683975872017,0.0020271061984923643,6189.0,-0.00034863780090516267,0.8280121538888235,41.958490957783354,-87.65498859932366
Humboldt Blvd & Armitage Ave,185.0,2810.0,0.0006469096949034006,0.0009977523940731378,2995.0,-0.00035084269916973716,0.6483673207690241,41.91751339399,-87.70180895549998
Sheffield Ave & Webster Ave,761.0,8484.0,0.0026610717720080427,0.003012431071642883,9245.0,-0.00035135929963484025,0.8833635775749724,41.92154,-87.653818
Aberdeen St & Carroll Ave,275.0,3719.0,0.000961622519451001,0.0013205128660348751,3994.0,-0.0003588903465838742,0.7282191760231046,41.88819,-87.65459
LaSalle St & Jackson Blvd Corral,14.0,1150.0,4.895532826296005e-05,0.0004083328303146293,1164.0,-0.00035937750205166925,0.11989290288595052,41.87816,-87.63204
Damen Ave & Thomas St (Augusta Blvd),392.0,4877.0,0.0013707491913628814,0.0017316862725603888,5269.0,-0.00036093708119750746,0.7915691320732274,41.901315,-87.677409
Greenview Ave & Diversey Pkwy,270.0,3677.0,0.0009441384736428009,0.0013055998409277321,3947.0,-0.0003614613672849312,0.7231455771519844,41.93258963429789,-87.66593635082245
Lincoln Ave & Fullerton Ave,977.0,10675.0,0.0034163825509222834,0.003790393881398842,11652.0,-0.0003740113304765585,0.9013265524623836,41.924161029067626,-87.64638036489487
Central Park Ave & Elbridge Ave,88.0,1962.0,0.0003077192062243203,0.0006966513157193937,2050.0,-0.0003889321094950734,0.441712744335824,41.93533728263,-87.71688929350002
McClurg Ct & Ohio St,1308.0,13995.0,0.004573826383425125,0.0049692330089158585,15303.0,-0.0003954066254907339,0.920429059130383,41.892592119709725,-87.61728912591934
Franklin St & Adams St Corral,63.0,1766.0,0.00022029897718332022,0.0006270571985527264,1829.0,-0.0004067582213694062,0.3513230154581835,41.87942,-87.63558
Calumet Ave & 21st St,211.0,3247.0,0.0007378267331060407,0.0011529188695926969,3458.0,-0.0004150921364866561,0.6399644524876654,41.85418424947,-87.6191537415
Damen Ave & Melrose Ave,139.0,2587.0,0.0004860564734679605,0.0009185713321947357,2726.0,-0.0004325148587267752,0.5291444739105392,41.9406,-87.6785
Sedgwick St & North Ave,636.0,7497.0,0.0022239706268030422,0.0026619749816250227,8133.0,-0.0004380043548219805,0.8354589380800508,41.910983,-87.638525
Green St & Lake St,152.0,2771.0,0.0005315149925692805,0.0009839045850450765,2923.0,-0.00045238959247579594,0.5402103623031369,41.88558,-87.64841
Clark St & Wellington Ave,713.0,8298.0,0.0024932249322493225,0.002946387674739821,9011.0,-0.00045316274249049835,0.8461972290432745,41.9364968219,-87.6475386582
Leavitt St & Belmont Ave,161.0,2864.0,0.0005629862750240406,0.0010169262834966073,3025.0,-0.00045394000847256673,0.5536160590443229,41.939354,-87.683282
Clark St & Montrose Ave,328.0,4510.0,0.0011469534050179211,0.001601374838886068,4838.0,-0.0004544214338681469,0.71623061692735,41.961588,-87.666036
Wood St & Milwaukee Ave,429.0,5536.0,0.0015001311303435615,0.0019656787379319896,5965.0,-0.0004655476075884281,0.7631620255300533,41.90746150493701,-87.67240429168085
Halsted St & Wrightwood Ave,729.0,8495.0,0.0025491738788355625,0.003016336863932849,9224.0,-0.00046716298509728643,0.845122461020273,41.929143,-87.64907700000002
Damen Ave & Wellington Ave,177.0,3075.0,0.0006189352216102806,0.0010918464810586827,3252.0,-0.0004729112594484021,0.5668705861831037,41.93588,-87.67842000000002
Winthrop Ave & Lawrence Ave,248.0,3788.0,0.0008672086720867209,0.001345012835853753,4036.0,-0.00047780416376703213,0.644758922897069,41.968812,-87.657659
Larrabee St & Armitage Ave,347.0,4763.0,0.0012133927790890812,0.0016912080615552865,5110.0,-0.0004778152824662053,0.7174711906836686,41.918084,-87.643749
Broadway & Thorndale Ave,256.0,3872.0,0.0008951831453798409,0.001374838886068039,4128.0,-0.0004796557406881981,0.6511188353285376,41.98974251144,-87.6601406209
Wilton Ave & Addison St,114.0,2477.0,0.0003986362444269604,0.0008795134092950755,2591.0,-0.00048087716486811514,0.4532469738005376,41.947459,-87.653216
Broadway & Oakdale Ave,116.0,2511.0,0.0004056298627502404,0.0008915858581913342,2627.0,-0.00048595599544109375,0.4549538376699494,41.93558083163717,-87.64404965678466
Shore Dr & 55th St,554.0,6842.0,0.001937232275548562,0.002429402804358864,7396.0,-0.0004921705288103021,0.7974109829221292,41.795212,-87.580715
Pine Grove Ave & Irving Park Rd,699.0,8272.0,0.0024442696039863624,0.0029371558020544466,8971.0,-0.0004928861980680842,0.832189347969667,41.95436725508892,-87.64794502215663
Columbus Dr & Randolph St,1218.0,13392.0,0.004259113558877524,0.004755124577020448,14610.0,-0.000496011018142924,0.8956891863087824,41.884728,-87.619521
Calumet Ave & 18th St,353.0,4957.0,0.0012343736340589212,0.0017600920346692328,5310.0,-0.0005257184006103115,0.7013121521106935,41.85761755293753,-87.61941075325012
Damen Ave & Grand Ave,165.0,3128.0,0.0005769735116706006,0.0011106652984557918,3293.0,-0.0005336917867851912,0.5194850266662396,41.89239445296271,-87.67688512802124
Wells St & Evergreen Ave,759.0,8982.0,0.0026540781536847627,0.003189256940770435,9741.0,-0.0005351787870856725,0.832193319880427,41.90672457611039,-87.63482999967887
Southport Ave & Roscoe St,764.0,9050.0,0.0026715621994929627,0.0032134018385629524,9814.0,-0.0005418396390699898,0.8313813529484828,41.943738999999994,-87.66402
Wacker Dr & Washington St Corral,37.0,1894.0,0.00012938193898068013,0.0006725064179268765,1931.0,-0.0005431244789461964,0.1923888652106262,41.88316,-87.63736
Paulina Ave & North Ave,275.0,4268.0,0.000961622519451001,0.0015154474085068157,4543.0,-0.0005538248890558147,0.6345471835616607,41.90985465216731,-87.66993016004562
Indiana Ave & Roosevelt Rd,1143.0,12842.0,0.003996852871754524,0.0045598349625221475,13985.0,-0.0005629820907676235,0.8765345737445727,41.86788801019692,-87.6230410031074
Clark St & Wrightwood Ave,923.0,10695.0,0.0032275548561937232,0.0037974953219260528,11618.0,-0.0005699404657323296,0.849916782686109,41.929546,-87.643118
Broadway & Belmont Ave,704.0,8585.0,0.0024617536497945625,0.003048293346305298,9289.0,-0.0005865396965107354,0.8075842980118851,41.94010600392988,-87.6454510048789
Broadway & Granville Ave,244.0,4060.0,0.0008532214354401609,0.0014415924270238217,4304.0,-0.0005883709915836608,0.5918606588000639,41.9947796884,-87.6602845349
Clark St & Grace St,464.0,6242.0,0.0016225194510009616,0.0022163595885425357,6706.0,-0.000593840137541574,0.732065197057091,41.95078,-87.659172
Sheridan Rd & Montrose Ave,603.0,7623.0,0.002108575924468922,0.0027067140569464517,8226.0,-0.0005981381324775296,0.7790169560174125,41.96167,-87.65464
Cannon Dr & Fullerton Ave,96.0,2648.0,0.00033569367951744034,0.0009402307258027291,2744.0,-0.0006045370462852888,0.3570339846071869,41.9267559875,-87.6344287848
Streeter Dr/Grand Ave,46.0,2185.0,0.00016085322143544016,0.0007758323775977958,2231.0,-0.0006149791561623556,0.20733088583207296,41.89240100000001,-87.612388
Sheffield Ave & Wellington Ave,678.0,8467.0,0.0023708366115919224,0.0030063948471947535,9145.0,-0.0006355582356028311,0.7885979531950638,41.936253484169214,-87.6526620968688
Fort Dearborn Dr & 31st St*,43.0,2220.0,0.00015036279395052015,0.0007882598985204149,2263.0,-0.0006378971045698947,0.19075384080671345,41.83867628233386,-87.60883195345701
Griffin Museum of Science and Industry,134.0,3132.0,0.00046857242765976047,0.001112085586561234,3266.0,-0.0006435131589014734,0.4213461733305061,41.79172820953,-87.583945009
Wilton Ave & Belmont Ave,1189.0,13547.0,0.004157706093189964,0.004810160741106333,14736.0,-0.0006524546479163692,0.8643591041148015,41.940231918108594,-87.65294373035431
Clark St & Newport St,861.0,10335.0,0.003010752688172043,0.0036696693924362558,11196.0,-0.0006589167042642128,0.8204425373945465,41.94454,-87.654678
Stockton Dr & Wrightwood Ave,587.0,7653.0,0.002052626977882682,0.002717366217737268,8240.0,-0.000664739239854586,0.7553737913979438,41.93132,-87.63874200000001
Bissell St & Armitage Ave*,536.0,7165.0,0.0018742897106390419,0.002544091068873321,7701.0,-0.0006698013582342793,0.7367228307382334,41.9182955629354,-87.65218332409859
Racine Ave & Belmont Ave,440.0,6231.0,0.0015385960311216015,0.00221245379625257,6671.0,-0.0006738577651309685,0.6954252957970753,41.939743,-87.658865
Marine Dr & Ainslie St,195.0,3856.0,0.0006818777865198007,0.0013691577336462702,4051.0,-0.0006872799471264695,0.49802756230014156,41.9716,-87.650154
Damen Ave & Cortland St,458.0,6452.0,0.0016015385960311216,0.0022909247140782507,6910.0,-0.0006893861180471291,0.6990796716756474,41.915983,-87.67733500000001
Clark St & Schiller St,721.0,9114.0,0.0025211994055424425,0.0032361264482500276,9835.0,-0.000714927042707585,0.7790794540263889,41.907993,-87.631501
McCormick Place,170.0,3696.0,0.0005944575574788006,0.0013123462094285826,3866.0,-0.000717888651949782,0.4529735371919125,41.8513751729,-87.6188346489
Clarendon Ave & Junior Ter,490.0,6910.0,0.0017134364892036017,0.0024535477021513812,7400.0,-0.0007401112129477795,0.6983507144982217,41.961004,-87.649603
Franklin St & Adams St,442.0,6675.0,0.0015455896494448815,0.0023701057759566526,7117.0,-0.0008245161265117711,0.6521185733588017,41.879434091400135,-87.63550400733948
Ashland Ave & Division St,713.0,9494.0,0.0024932249322493225,0.0033710538182670354,10207.0,-0.000877828886017713,0.7395981574488367,41.90318794361149,-87.66894633544676
Clark St & Drummond Pl,719.0,9560.0,0.0025142057872191625,0.0033944885720068314,10279.0,-0.0008802827847876689,0.7406730036683414,41.931248,-87.644336
Damen Ave & Wicker Park Ave,96.0,3427.0,0.00033569367951744034,0.0012168318343375954,3523.0,-0.000881138154820155,0.2758757571660875,41.90881520000001,-87.6771937
Halsted St & Dickens Ave,471.0,7177.0,0.0016469971151324416,0.0025483519331896474,7648.0,-0.0009013548180572058,0.6462990638706294,41.919936,-87.64883
Southport Ave & Waveland Ave,798.0,10419.0,0.002790453710988723,0.0036994954426505418,11217.0,-0.000909041731661819,0.7542796037910158,41.948226,-87.6640712
Clark St & North Ave,364.0,6289.0,0.0012728385348369613,0.0022330479737814814,6653.0,-0.0009602094389445201,0.5700007253676637,41.911974,-87.631942
Sheffield Ave & Wrightwood Ave,599.0,8650.0,0.002094588687822362,0.0030713730280187337,9249.0,-0.0009767843401963716,0.6819715439130445,41.928712,-87.653833
Broadway & Barry Ave,840.0,11073.0,0.002937319695777603,0.003931712547890339,11913.0,-0.0009943928521127365,0.7470841046784032,41.93758231600629,-87.6440978050232
Sheffield Ave & Addison St,193.0,4710.0,0.0006748841681965207,0.0016723892441581774,4903.0,-0.0009975050759616568,0.40354526735249774,41.947017,-87.654418
Larrabee St & Webster Ave,651.0,9318.0,0.0022764227642276423,0.0033085611416275792,9969.0,-0.001032138377399937,0.6880402019917335,41.921822,-87.64414
Milwaukee Ave & The 606,231.0,5250.0,0.0008077629163388408,0.001864128138392873,5481.0,-0.0010563652220540321,0.43331972002499825,41.913754,-87.6826658
Broadway & Cornelia Ave,931.0,12225.0,0.0032555293294868433,0.00434075552225769,13156.0,-0.001085226192770847,0.7499914618094254,41.945529,-87.646439
Sheffield Ave & Waveland Ave,617.0,9149.0,0.002157531252731882,0.0032485539691726466,9766.0,-0.0010910227164407644,0.6641513759828328,41.949399,-87.654529
Lakefront Trail & Wilson Ave,57.0,4005.0,0.0001993181222134802,0.0014220634655739918,4062.0,-0.0012227453433605116,0.14016180492424335,41.9668559,-87.6430926
Lakeview Ave & Fullerton Pkwy,613.0,9519.0,0.002143544016085322,0.003379930618926049,10132.0,-0.001236386602840727,0.634197746511339,41.925858,-87.638973
Burnham Harbor,119.0,4930.0,0.0004161202902351604,0.001750505089957498,5049.0,-0.0013343847997223375,0.23771484865000603,41.85741178707404,-87.61379152536392
Field Museum,133.0,5388.0,0.00046507561849812046,0.0019131280780306285,5521.0,-0.001448052459532508,0.2430973549243575,41.8653120005395,-87.61786701481803
Pine Grove Ave & Waveland Ave,632.0,10305.0,0.002209983390156482,0.0036590172316454395,10937.0,-0.0014490338414889573,0.603982885639426,41.94947274088333,-87.64645278453827
Lincoln Park Conservatory,356.0,7625.0,0.0012448640615438412,0.0027074242009991725,7981.0,-0.0014625601394553313,0.4597966588640842,41.92393131136619,-87.63582453131676
Michigan Ave & 8th St,527.0,9368.0,0.0018428184281842818,0.0033263147429456064,9895.0,-0.0014834963147613246,0.5540121776149789,41.87277296771354,-87.62398098838872
Clark St & Lincoln Ave,896.0,13638.0,0.003133141008829443,0.004842472295505143,14534.0,-0.0017093312866757002,0.6470127593140622,41.915689,-87.6346
Lakefront Trail & Bryn Mawr Ave,153.0,6625.0,0.0005350118017309205,0.0023523521746386254,6778.0,-0.001817340372907705,0.22743727748836465,41.98404411519213,-87.65228122472763
Adler Planetarium,222.0,7540.0,0.0007762916338840808,0.0026772430787585263,7762.0,-0.0019009514448744456,0.28995960437199214,41.866094999999994,-87.607267
DuSable Lake Shore Dr & Wellington Ave,369.0,9173.0,0.0012903225806451613,0.0032570756978053,9542.0,-0.0019667531171601387,0.39616002334689066,41.936688449499705,-87.63682901859283
DuSable Lake Shore Dr & Belmont Ave,475.0,10236.0,0.0016609843517790017,0.0036345172618265616,10711.0,-0.00197353291004756,0.45700289065111416,41.940775,-87.639192
Clark St & Armitage Ave,892.0,14515.0,0.003119153772182883,0.005153870462623343,15407.0,-0.00203471669044046,0.605206162940513,41.918305755767996,-87.63628183370878
Buckingham Fountain,44.0,6248.0,0.00015385960311216015,0.002218490020700699,6292.0,-0.002064630417588539,0.06935371911650293,41.87130745884732,-87.62309887518705
Shedd Aquarium,443.0,10748.0,0.0015490864586065215,0.003816314139323162,11191.0,-0.0022672276807166403,0.4059118290952403,41.867225962011034,-87.61535540410257
Millennium Park,797.0,16332.0,0.002786956901827083,0.005799036334520458,17129.0,-0.003012079432693375,0.48058974982570024,41.8810317,-87.62408432
DuSable Lake Shore Dr & Diversey Pkwy,326.0,11991.0,0.0011399597866946411,0.004257668668089322,12317.0,-0.0031177088813946806,0.2677428911966793,41.932588,-87.636427
Montrose Harbor,112.0,9914.0,0.0003916426261036804,0.0035201840693384655,10026.0,-0.003128541443234785,0.11125654429790546,41.963982,-87.638181
Dusable Harbor,243.0,11489.0,0.0008497246262785208,0.004079422510856327,11732.0,-0.003229697884577806,0.20829551627017803,41.88697599432289,-87.61281299950515
Streeter Dr & Grand Ave,480.0,17374.0,0.0016784683975872017,0.006169021385988148,17854.0,-0.004490552988400946,0.2720802896419294,41.892278002970286,-87.61204300164603
Theater on the Lake,187.0,15220.0,0.0006539033132266807,0.005404196241207529,15407.0,-0.004750292927980848,0.12099934255555973,41.926277,-87.630834
Michigan Ave & Oak St,591.0,20566.0,0.002066614214529242,0.007302411294131015,21157.0,-0.005235797079601773,0.2830044554167656,41.90096039009614,-87.62377663865593
Navy Pier,341.0,18819.0,0.0011924119241192412,0.006682100464079139,19160.0,-0.0054896885399598975,0.1784487904784558,41.892278,-87.612043
DuSable Lake Shore Dr & North Blvd,329.0,19401.0,0.0011504502141795611,0.006888752383420977,19730.0,-0.005738302169241416,0.16700426770224183,41.911722,-87.626804
DuSable Lake Shore Dr & Monroe St,376.0,20322.0,0.0013148002447766413,0.007215773719699041,20698.0,-0.0059009734749223995,0.18221206950755242,41.880958,-87.616743
