end_station_name,return_count_cold,return_count_mild,return_share_cold,return_share_mild,total_return_count,cold_minus_mild_share,cold_mild_share_ratio,end_lat,end_lng
Canal St & Madison St,4183.0,25118.0,0.011406895949911101,0.006370597958152085,29301.0,0.005036297991759016,1.7905532941002915,41.882409,-87.639767
University Ave & 57th St,3409.0,17539.0,0.00929622478920558,0.004448360442233833,20948.0,0.004847864346971747,2.0898090026914034,41.791478002955266,-87.59986050810642
Clinton St & Washington Blvd,4192.0,26397.0,0.011431438637826282,0.0066949866351357825,30589.0,0.004736452002690499,1.7074623973662406,41.883378993326986,-87.64117008864396
Ellis Ave & 60th St,2835.0,14830.0,0.007730946693281848,0.003761285441491975,17665.0,0.003969661251789873,2.055399878084064,41.78509714636001,-87.6010727606
Clinton St & Madison St,3785.0,25376.0,0.010321563750995343,0.006436033672508452,29161.0,0.0038855300784868905,1.603714907734097,41.88275006331282,-87.64119022354309
Kingsbury St & Kinzie St,4445.0,35568.0,0.012121360864775244,0.009020998016384799,40013.0,0.0031003628483904453,1.3436828717927216,41.889172621529056,-87.63849963502554
Canal St & Adams St,2853.0,18618.0,0.007780032069112209,0.004722023759251354,21471.0,0.003058008309860855,1.647605310385048,41.879255,-87.639904
Blackstone Ave & 59th St,1730.0,6782.0,0.004717650010362468,0.0017200969564530393,8512.0,0.002997553053909429,2.742664156226655,41.787877,-87.590461
Clinton St & Jackson Blvd,2955.0,20760.0,0.008058182532150921,0.005265292364489103,23715.0,0.0027928901676618177,1.530433913995752,41.87831662050808,-87.64098109175531
Ellis Ave & 55th St,2350.0,14826.0,0.006408368511186012,0.0037602709342926515,17176.0,0.0026480975768933606,1.7042303384346849,41.79430062054,-87.6014497734
LaSalle St & Jackson Blvd,2136.0,12670.0,0.005824797931869499,0.0032134515538572704,14806.0,0.0026113463780122284,1.812629511170998,41.878166,-87.631929
Clinton St & Lake St,2357.0,15704.0,0.006427457268453374,0.003982955264544165,18061.0,0.002444502003909209,1.6137406091223985,41.885637,-87.641823
State St & Chicago Ave,2995.0,23155.0,0.008167261145107279,0.005872728550084065,26150.0,0.002294532595023214,1.390709733090019,41.896617200407526,-87.62857854366302
Canal St & Jackson Blvd,1730.0,10096.0,0.004717650010362468,0.002560616171092581,11826.0,0.002157033839269887,1.8423882584328333,41.878128645697444,-87.63996997065593
Larrabee St & Kingsbury St 1,779.0,671.0,0.002124305987325065,0.00017018358268652158,1450.0,0.0019541224046385436,12.48237034043218,41.89777797048414,-87.64288463116276
Franklin St & Adams St (Temp),778.0,854.0,0.0021215790220011563,0.00021659728705557293,1632.0,0.0019049817349455834,9.794999077978948,41.87943409140013,-87.63550400733948
Ellis Ave & 58th St,1285.0,6658.0,0.0035041504412229893,0.00168864723327401,7943.0,0.0018155032079489792,2.0751222025850926,41.788746136093295,-87.60133399414377
Halsted St & Polk St,1420.0,8309.0,0.0038722907599506966,0.0021073850797947956,9729.0,0.001764905680155901,1.8374856876380985,41.87184,-87.64664
Franklin St & Lake St,1685.0,11417.0,0.004594936570786566,0.0028956571736691757,13102.0,0.00169927939711739,1.5868370143165698,41.885836999999995,-87.63549999999998
Wells St & Hubbard St,2358.0,18980.0,0.006430184233777283,0.004813836660790134,21338.0,0.0016163475729871497,1.3357711013299616,41.889906,-87.634266
University Ave & 59th St,1065.0,5347.0,0.0029042180699630224,0.001356142498695724,6412.0,0.0015480755712672983,2.1415278491960223,41.787878,-87.598906
State St & 33rd St,979.0,4544.0,0.0026696990521068533,0.0011524801784315263,5523.0,0.001517218873675327,2.316480392105138,41.834734,-87.625813
Daley Center Plaza,2337.0,19178.0,0.006372917961975195,0.004864054767156649,21515.0,0.0015088631948185468,1.3102068041667567,41.88424087537072,-87.62963348535213
Wacker Dr & Washington St,1313.0,8211.0,0.00358050547029244,0.0020825296534113693,9524.0,0.0014979758168810705,1.7193055307143996,41.88314336439022,-87.63724207878113
Morgan St & Polk St,1402.0,9428.0,0.0038232053841203355,0.0023911934688055523,10830.0,0.0014320119153147831,1.5988688640744895,41.871737,-87.65103
Kingsbury St & Kinzie St 1,529.0,90.0,0.00144256465634783,2.2826411984779348e-05,619.0,0.0014197382443630507,63.19444610320656,41.889070000000004,-87.63835
Kingsbury St & Erie St,2089.0,16995.0,0.005696630561645778,0.004310387463125833,19084.0,0.0013862430985199445,1.321605143104587,41.8939139,-87.6417358
Dearborn St & Adams St,1345.0,9157.0,0.003667768360657526,0.0023224606060513833,10502.0,0.0013453077546061428,1.5792594164316096,41.87936394102892,-87.62977936980188
Orleans St & Merchandise Mart Plaza,2137.0,17802.0,0.005827524897193407,0.004515064290589355,19939.0,0.0013124606066040522,1.2906847458750117,41.888243,-87.63638999999999
Woodlawn Ave & 58th St,1122.0,7128.0,0.003059655093425832,0.0018078518291945243,8250.0,0.0012518032642313075,1.6924254253533677,41.789381,-87.596479
Calumet Ave & 33rd St,724.0,3076.0,0.0019743228945100734,0.0007801560362797919,3800.0,0.0011941668582302815,2.5306749829812607,41.834805689473676,-87.61795095789473
Larrabee St & Kingsbury St,1944.0,16274.0,0.005301220589678982,0.004127522540447768,18218.0,0.0011736980492312137,1.2843588989207526,41.897764,-87.642884
Milwaukee Ave & Wabansia Ave,558.0,1402.0,0.0015216466507411892,0.00035558477336289606,1960.0,0.0011660618773782932,4.279270332866379,41.912616,-87.68139430306123
Desplaines St & Jackson Blvd,1391.0,10445.0,0.0037932087655573373,0.002649131924233559,11836.0,0.0011440768413237784,1.4318684165894695,41.87811890091227,-87.64394760131836
LaSalle St & Washington St,959.0,5879.0,0.0026151597456286744,0.0014910719562057533,6838.0,0.001124087789422921,1.7538784636556766,41.88282761288388,-87.63241016237205
Larrabee St & Kingsbury St 2,448.0,407.0,0.0012216804651112056,0.00010322610753116883,855.0,0.0011184543575800368,11.834890023846942,41.89758,-87.6429
Dearborn St & Madison St,404.0,107.0,0.0011016939908592123,2.7138067581904337e-05,511.0,0.001074555923277308,40.59443042891405,41.88206,-87.62963999999998
Green St & Madison St,1896.0,16180.0,0.0051703262541313525,0.004103681621263665,18076.0,0.0010666446328676873,1.2599237639238365,41.88185932803824,-87.64926373958588
Orleans St & Hubbard St,1072.0,7441.0,0.002923306827230385,0.0018872370175415903,8513.0,0.0010360698096887947,1.5489873561568193,41.890028,-87.636618
900 W Harrison St,1018.0,6945.0,0.002776050699739302,0.001761438124825473,7963.0,0.001014612574913829,1.5760134202845977,41.874754,-87.649807
Desplaines St & Kinzie St,2011.0,17644.0,0.0054839272663808804,0.0044749912562160755,19655.0,0.001008936010164805,1.2254609510806018,41.888716036,-87.6444478533
Franklin St & Jackson Blvd,1600.0,13286.0,0.004363144518254306,0.0033696856625530934,14886.0,0.0009934588557012126,1.294822324799928,41.87770795589999,-87.6353211408
Kimbark Ave & 53rd St,1452.0,11776.0,0.003959553650315782,0.0029867091948084625,13228.0,0.0009728444555073198,1.3257244232126475,41.7994549,-87.59477789999998
Aberdeen St & Jackson Blvd,1422.0,11517.0,0.0038777446905985144,0.002921019853652264,12939.0,0.0009567248369462505,1.3275309848438845,41.87772613,-87.65478743
Clark St & Lake St,1841.0,16099.0,0.0050203431613163605,0.004083137850477364,17940.0,0.0009372053108389969,1.2295306001483215,41.88602073203813,-87.63087535800302
Loomis St & Lexington St,1352.0,10918.0,0.0036868571179248886,0.002769097400553566,12270.0,0.0009177597173713227,1.3314290735164396,41.87222873224032,-87.66136385500431
Racine Ave & Congress Pkwy,731.0,4378.0,0.001993411651777436,0.0011103781296595999,5109.0,0.000883033522117836,1.7952540700116912,41.87464,-87.65703
Financial Pl & Ida B Wells Dr,1019.0,7485.0,0.002778777665063211,0.0018983965967341492,8504.0,0.000880381068329062,1.4637495695546596,41.8750236280333,-87.6330940425396
Paulina St & Flournoy St,957.0,6938.0,0.0026097058149808566,0.0017596627372266568,7895.0,0.0008500430777541998,1.4830713162810993,41.87306108789792,-87.66913488507271
Federal St & Polk St,1643.0,14352.0,0.00448040402718239,0.0036400518311728134,15995.0,0.000840352196009577,1.230862637160906,41.872077632849994,-87.6295437729
Sedgwick St & Huron St,1380.0,11553.0,0.0037632121469943387,0.0029301504184461756,12933.0,0.0008330617285481632,1.2843067164733506,41.894666,-87.638437
Paulina St & Division St,413.0,1237.0,0.0011262366787743927,0.0003137363513908006,1650.0,0.0008125003273835921,3.5897468815293125,41.903552899999994,-87.67042920000002
Elizabeth St & Randolph St,1096.0,8630.0,0.0029887539950041995,0.0021887992825405087,9726.0,0.0007999547124636908,1.3654763382683754,41.884336,-87.658902
Ravenswood Ave & Lawrence Ave,1754.0,15719.0,0.004783097178136283,0.003986759666541629,17473.0,0.000796337511594654,1.1997455022263597,41.968445,-87.674226
Wolcott Ave & Polk St,907.0,6634.0,0.0024733575487854097,0.0016825601900780688,7541.0,0.0007907973587073409,1.4699961959009937,41.871262,-87.673688
Wabash Ave & Adams St,1065.0,8342.0,0.0029042180699630224,0.0021157547641892146,9407.0,0.0007884633057738078,1.3726627237033464,41.87947235235,-87.6256886059
Franklin St & Monroe St,1912.0,17565.0,0.005213957699313896,0.004454954739029436,19477.0,0.0007590029602844595,1.1703727275301319,41.88031616332084,-87.63518440237203
Woodlawn Ave & 55th St,962.0,7376.0,0.0026233406416004013,0.001870751275552583,8338.0,0.0007525893660478183,1.4022923696968475,41.795264,-87.596471
Ellis Ave & 53rd St,750.0,5121.0,0.0020452239929317057,0.001298822841933945,5871.0,0.0007464011509977608,1.5746746609504578,41.79933626261,-87.6009581145
Drexel Ave & 60th St,636.0,3911.0,0.0017343499460060867,0.0009919344141385781,4547.0,0.0007424155318675085,1.748451483116208,41.785861,-87.604553
Fairbanks St & Superior St,803.0,5744.0,0.00218975315509888,0.0014568323382285842,6547.0,0.0007329208168702958,1.5030917385247928,41.895748,-87.620104
Hermitage Ave & Polk St,707.0,4721.0,0.0019279644840036214,0.0011973721220015924,5428.0,0.000730592362002029,1.6101626540444904,41.871514,-87.669886
Franklin St & Illinois St,1340.0,11557.0,0.0036541335340379813,0.002931164925645499,12897.0,0.0007229686083924823,1.2466488171369114,41.89102335487364,-87.63548087376064
McClurg Ct & Erie St,1395.0,12190.0,0.003804116626852973,0.003091710689938447,13585.0,0.0007124059369145257,1.2304244406853826,41.89450300000001,-87.617854
Clark St & Ida B Wells Dr,871.0,6605.0,0.002375186797124688,0.0016752050128829733,7476.0,0.0006999817842417147,1.417848180378167,41.8759326655,-87.6305845355
Halsted St & Roosevelt Rd,681.0,4591.0,0.001857063385581989,0.0011644006380235777,5272.0,0.0006926627475584114,1.594865830603019,41.867324,-87.648625
Canal St & Taylor St,662.0,4425.0,0.001805251044427719,0.0011222985892516513,5087.0,0.0006829524551760678,1.6085295421265013,41.870257,-87.639474
Kingsbury St & Kinzie St 2,257.0,99.0,0.0007008300882445979,2.5109053183257284e-05,356.0,0.0006757210350613406,27.91037848983504,41.889188,-87.638387
State St & Kinzie St,1364.0,12015.0,0.003719580701811796,0.003047325999968043,13379.0,0.000672254701843753,1.2206047141809209,41.8893754597427,-87.62707652193124
St. Clair St & Erie St,1894.0,17767.0,0.005164872323483534,0.004506187352595274,19661.0,0.0006586849708882601,1.1461734218253217,41.89434700980045,-87.62280048612229
Clinton St & Tilden St,729.0,5243.0,0.001987957721129618,0.0013297653115133124,5972.0,0.0006581924096163057,1.4949684797378149,41.875885,-87.640795
Elizabeth St & Fulton St,792.0,5932.0,0.0021597565365358814,0.00150451417659679,6724.0,0.0006552423599390914,1.4355172816676056,41.88678352528257,-87.65919419155264
Lake Park Ave & 56th St,782.0,5865.0,0.002132486883296792,0.001487521181008121,6647.0,0.000644965702288671,1.4335839226622933,41.791661314578,-87.58748949571235
Wells St & Polk St,1099.0,9284.0,0.0029969348909759264,0.002354671209629905,10383.0,0.0006422636813460214,1.2727613969873832,41.87273154226308,-87.63351649045944
Clark St & Elm St,2712.0,26653.0,0.007395529958441048,0.006759915095892488,29365.0,0.00063561486254856,1.0940270342903777,41.903017321641414,-87.63152289470456
Peoria St & Jackson Blvd,1300.0,11576.0,0.0035450549210816235,0.002935983834842286,12876.0,0.0006090710862393374,1.207450351586048,41.87764159627531,-87.64961779117584
Canal St & Monroe St,991.0,8260.0,0.0027024226359937606,0.0020949573666030822,9251.0,0.0006074652693906783,1.2899653182013668,41.8829056,-87.6397409
Mies van der Rohe Way & Chicago Ave,1266.0,11232.0,0.0034523381000687195,0.002848736215700463,12498.0,0.0006036018843682566,1.211884016904606,41.89694462637082,-87.62175768613815
Morgan St & Lake St*,1188.0,10403.0,0.003239634804803822,0.0026384795986406618,11591.0,0.0006011552061631602,1.2278414351323537,41.88549170626906,-87.65228927135468
MLK Jr Dr & 29th St,681.0,4954.0,0.001857063385581989,0.0012564671663621877,5635.0,0.0006005962192198013,1.4780035302913312,41.842052,-87.617
Ada St & Washington Blvd,754.0,5790.0,0.0020561318542273417,0.0014684991710208048,6544.0,0.000587632683206537,1.4001584029765917,41.88283,-87.661206
Jefferson St & Monroe St,710.0,5361.0,0.0019361453799753483,0.0013596932738933565,6071.0,0.0005764521060819918,1.4239571476839241,41.880329633634624,-87.64274597167967
Sheffield Ave & Fullerton Ave*,210.0,0.0,0.0005726627180208776,0.0,210.0,0.0005726627180208776,572663.7180208776,41.9256163,-87.6536574
Dearborn St & Maple St,434.0,2506.0,0.0011835029505764805,0.0006355887603761894,2940.0,0.0005479141902002911,1.8620563520028934,41.90191999999999,-87.63026
Aberdeen St & Monroe St,823.0,6703.0,0.0022442924615770584,0.0017000604392663997,7526.0,0.0005442320223106587,1.3201249141592803,41.880381631942605,-87.65540930667021
Sheridan Rd & Noyes St (NU),692.0,5341.0,0.0018870600041449874,0.001354620737896739,6033.0,0.0005324392662482485,1.393053832928256,42.058239,-87.677432
Wabash Ave & Jackson Blvd,215.0,213.0,0.0005862975446404223,5.402250836397779e-05,428.0,0.0005322750362764445,10.852655860302455,41.87801,-87.62599
Rush St & Hubbard St,993.0,8598.0,0.0027078765666415784,0.0021806832249459205,9591.0,0.0005271933416956579,1.2417559294760945,41.890173,-87.626185
Clybourn Ave & Division St,603.0,4439.0,0.0016443600903170916,0.0011258493644492836,5042.0,0.0005185107258678079,1.4605503024564375,41.904613,-87.640552
Wabash Ave & Washington St,410.0,2413.0,0.001118055782802666,0.0006120014679919174,2823.0,0.0005060543148107486,1.8268828007690843,41.8832,-87.62662
Wacker Dr & Randolph St,276.0,982.0,0.0007526424293988678,0.0002490615174339258,1258.0,0.0005035809119649419,3.0219056530597292,41.88454,-87.63732
Dearborn St & Erie St,2046.0,20024.0,0.0055793710527176936,0.005078623039813574,22070.0,0.0005007480129041193,1.098599149883617,41.893992,-87.629318
Wells St & Randolph St,1218.0,11136.0,0.0033214437645210904,0.002824388042916698,12354.0,0.0004970557216043923,1.175986988354512,41.884295,-87.633963
Loomis St & Lexington St*,182.0,0.0,0.0004963076889514272,0.0,182.0,0.0004963076889514272,496308.68895142723,41.87222873224032,-87.66136385500431
Dorchester Ave & 53rd St,191.0,145.0,0.0005208503768666078,3.677588597547784e-05,336.0,0.00048407449089112996,14.162465446745601,41.79943,-87.59227
Carpenter St & Fulton St,256.0,886.0,0.000698103122920689,0.00022471334465016114,1142.0,0.00047338977827052783,3.106629102861718,41.88668,-87.65315
Wood St & Taylor St (Temp),590.0,4519.0,0.0016089095411062752,0.0011461395084357542,5109.0,0.00046277003267052095,1.4037637874802165,41.869265218438194,-87.67373085021973
Elston Ave & Cortland St,1099.0,10005.0,0.0029969348909759264,0.002537536132307971,11104.0,0.00045939875866795547,1.181041196528272,41.916433431898604,-87.66674637967343
Harper Ave & 55th St,192.0,270.0,0.0005235773421905167,6.847923595433805e-05,462.0,0.0004550981062361786,7.6456854287072495,41.7953,-87.58833
Aberdeen St & Randolph St,1085.0,9911.0,0.0029587573764412014,0.002513695213123868,10996.0,0.00044506216331733316,1.1770548728178403,41.88411416441933,-87.65426402007539
Halsted St & Clybourn Ave,1586.0,15333.0,0.004324967003719581,0.0038888597218069082,16919.0,0.0004361072819126727,1.1121426847372518,41.909668,-87.648128
Wells St & Elm St,2377.0,23860.0,0.006481996574931553,0.0060515354439648365,26237.0,0.0004304611309667167,1.0711325355060883,41.903222,-87.634324
Wells St & Huron St,2163.0,21578.0,0.00589842599561504,0.005472759086750764,23741.0,0.0004256669088642754,1.077779201374968,41.89478399980203,-87.6343724037867
Damen Ave & Ohio St,173.0,203.0,0.00047176500103624685,5.148624036566897e-05,376.0,0.00042027876067057785,9.162775042626178,41.89239445296271,-87.67688512802124
Wabash Ave & 9th St,1231.0,11598.0,0.003356894313731907,0.0029415636244385654,12829.0,0.00041533068929334137,1.141193800687827,41.870769,-87.625734
Franklin St & Chicago Ave*,152.0,0.0,0.0004144987292341591,0.0,152.0,0.0004144987292341591,414499.72923415905,41.89679,-87.63564
Michigan Ave & 11th St,192.0,440.0,0.0005235773421905167,0.00011159579192558792,632.0,0.0004119815502649288,4.691697074407261,41.86959,-87.623961
May St & Hubbard St,169.0,195.0,0.0004608571397406111,4.945722596702192e-05,364.0,0.00041139991377358914,9.318129203580918,41.89008,-87.65597
Sangamon St & Lake St,985.0,8978.0,0.002686060844050307,0.0022770614088816555,9963.0,0.0004089994351686517,1.1796171389828203,41.88577925240433,-87.65102460980414
Shields Ave & 28th Pl,281.0,1497.0,0.0007662772560184125,0.0003796793193468298,1778.0,0.0003865979366715827,2.018219583613534,41.842733,-87.635491
Larrabee St & Division St,909.0,8270.0,0.0024788114794332275,0.002097493634601391,9179.0,0.0003813178448318364,1.1817968153726897,41.9034860737611,-87.64335349093417
May St & Taylor St,815.0,7272.0,0.002222476738985787,0.0018443740883701714,8087.0,0.0003781026506156158,1.2050031216533812,41.86941940540373,-87.65523116767652
Canal St & Harrison St,368.0,2501.0,0.0010035232391984903,0.000634320626377035,2869.0,0.00036920261282145526,1.5820432371668887,41.874255,-87.639573
Southport Ave & Waveland Ave*,134.0,0.0,0.0003654133534037981,0.0,134.0,0.0003654133534037981,365414.35340379813,41.948226,-87.6640712
State St & Randolph St,1182.0,11287.0,0.0032232730128603686,0.002862685689691161,12469.0,0.00036058732316920743,1.1259611554655005,41.88462107257936,-87.62783423066139
St Clair St & Ohio St,248.0,1247.0,0.0006762874003294174,0.00031627261938910943,1495.0,0.000360014780940308,2.138301644113365,41.89238,-87.62264
Clinton St & Roosevelt Rd,595.0,4994.0,0.00162254436772582,0.001266612238355423,5589.0,0.000355932129370397,1.2810109026118668,41.8671177825,-87.6410879593
Clark St & Chicago Ave,1060.0,9996.0,0.0028905832433434777,0.002535253491109493,11056.0,0.0003553297522339849,1.1401554571661496,41.89675,-87.63089
Racine Ave & 18th St,608.0,5138.0,0.0016579949169366363,0.00130313449753107,5746.0,0.0003548604194055663,1.2723127564845615,41.8583996,-87.6564226
LaSalle Dr & Huron St,952.0,8846.0,0.002596070988361312,0.002243582671303979,9798.0,0.00035248831705733284,1.1571095036774204,41.894877,-87.632326
Dearborn St & Washington St,131.0,31.0,0.0003572324574320713,7.862430794757331e-06,162.0,0.000349370026637314,45.429719769422306,41.88299,-87.6293
Lincoln Ave & Melrose St,951.0,8848.0,0.002593344023037403,0.002244089924903641,9799.0,0.0003492540981337622,1.1556327750618032,41.9406,-87.669435
State St & 35th St,351.0,2407.0,0.0009571648286920383,0.0006104797071929322,2758.0,0.00034668512149910614,1.567888743107392,41.8310363140161,-87.62679755687714
Wabash Ave & Grand Ave,1986.0,20002.0,0.005415753133283157,0.005073043250217295,21988.0,0.0003427098830658618,1.0675550746578215,41.891466,-87.62676099999999
University Library (NU),325.0,2180.0,0.0008862637302704059,0.000552906423631322,2505.0,0.00033335730663908386,1.6029170388954048,42.052939,-87.673447
Dearborn St & Van Buren St,618.0,5337.0,0.0016852645701757255,0.0013536062306974154,5955.0,0.00033165833947831013,1.2450181499898096,41.876268,-87.629155
Broadway & Berwyn Ave,722.0,6460.0,0.0019688689638622556,0.0016384291269074954,7182.0,0.00033043983695476013,1.2016807622907049,41.97836100000001,-87.659789
Malcolm X College,268.0,1613.0,0.0007308267068075962,0.0004091000281272121,1881.0,0.0003217266786803841,1.7864235398116417,41.877618,-87.673895
Western Ave & Fillmore St,292.0,1873.0,0.0007962738745814108,0.00047504299608324134,2165.0,0.00032123087849816943,1.6762129005875923,41.86856584535612,-87.68623408677644
Artesian Ave & Hubbard St,494.0,4060.0,0.0013471208700110168,0.0010297248073133794,4554.0,0.0003173960626976374,1.3082335709597723,41.8895,-87.688257
St. Clair St & Erie St 2,120.0,67.0,0.00032723583886907294,1.699299558866907e-05,187.0,0.00031024284328040385,19.25602705741913,41.89445,-87.62268000000002
Rhodes Ave & 32nd St,391.0,2994.0,0.001066243441648396,0.0007593586386936596,3385.0,0.00030688480295473634,1.4041363108035025,41.836208000000006,-87.613533
Larrabee St & Oak St,686.0,6166.0,0.0018706982122015335,0.0015638628477572163,6852.0,0.00030683536444431727,1.1962033746635674,41.90026748327433,-87.64269324050811
Sangamon St & Washington Blvd,807.0,7473.0,0.0022006610163945155,0.0018953530751361785,8280.0,0.000305307941258337,1.1610822723117848,41.883165,-87.6511
Wood St & Milwaukee Ave*,110.0,0.0,0.00029996618562998353,0.0,110.0,0.00029996618562998353,299967.18562998355,41.907655,-87.672552
Benson Ave & Church St,623.0,5525.0,0.0016988993967952703,0.0014012880690656212,6148.0,0.0002976113277296491,1.2123839643793812,42.048214,-87.683485
Ashland Ave & 13th St,367.0,2787.0,0.0010007962738745814,0.0007068578911286671,3154.0,0.00029393838274591427,1.415837427292698,41.86523400000001,-87.66650700000001
Ashland Ave & Chicago Ave,679.0,6154.0,0.001851609454934171,0.0015608193261592456,6833.0,0.0002907901287749254,1.186305959693952,41.89595435734305,-87.6677280664444
Halsted St & Melrose St,128.0,262.0,0.0003490515614603445,6.645022155569099e-05,390.0,0.0002826013399046535,5.252763655635929,41.94112,-87.64907000000001
Desplaines St & Randolph St,664.0,6028.0,0.001810704975075537,0.0015288623493805546,6692.0,0.0002818426256949824,1.1843478201038542,41.883703000000004,-87.644238
Wabash Ave & Roosevelt Rd,1611.0,16211.0,0.004393141136817305,0.004111544052058423,17822.0,0.00028159708475888195,1.0684893589133608,41.867227,-87.625961
Michigan Ave & Washington St,1950.0,19871.0,0.005317582381622435,0.005039818139439449,21821.0,0.00027776424218298613,1.055113930579239,41.88398406449815,-87.62468397185215
Wells St & Madison St,287.0,1994.0,0.0007826390479618662,0.000505731838862778,2281.0,0.00027690720909908815,1.547536540679776,41.88199,-87.63418
Throop St & Taylor St,547.0,4796.0,0.0014916500321781908,0.0012163941319889085,5343.0,0.00027525590018928235,1.226288229005994,41.868968,-87.659141
Halsted St & Armitage Ave,241.0,1516.0,0.0006571986430620548,0.0003844982285436166,1757.0,0.0002727004145184382,1.7092352709038108,41.91823000000001,-87.64878999999999
Orleans St & Elm St,515.0,4471.0,0.0014043871418131047,0.0011339654220438719,4986.0,0.0002704217197692328,1.2384741862830666,41.902924000000006,-87.637715
LaSalle St & Illinois St,1749.0,17763.0,0.004769462351516738,0.004505172845395951,19512.0,0.0002642895061207868,1.0586635533256672,41.890762,-87.631697
Southport Ave & Grace St,123.0,286.0,0.00033541673484079976,7.253726475163216e-05,409.0,0.0002628794700891676,4.624011009765058,41.95155,-87.66404
Milwaukee Ave & Wabansia Ave*,96.0,0.0,0.00026178867109525835,0.0,96.0,0.00026178867109525835,261789.67109525835,41.912616,-87.681391
Halsted St & Maxwell St,790.0,7464.0,0.0021543026058880635,0.0018930704339377006,8254.0,0.00026123217195036293,1.137993826998374,41.864883,-87.64707099999998
Halsted St & Dickens Ave*,94.0,0.0,0.0002563347404474405,0.0,94.0,0.0002563347404474405,256335.7404474405,41.919936,-87.64883000000002
Broadway & Waveland Ave,1661.0,16857.0,0.004529489403012751,0.004275386964749172,18518.0,0.00025410243826357905,1.0594337731122108,41.949074,-87.648636
Broadway & Roscoe Ave,164.0,767.0,0.00044722231312106634,0.00019453175547028622,931.0,0.0002526905576507801,2.2989614887215084,41.94360000000001,-87.64532000000001
Kenwood Ave & 57th St,105.0,135.0,0.0002863313590104388,3.4239617977169026e-05,240.0,0.00025209174103326976,8.362359557919183,41.79153999999999,-87.59295
Sedgwick St & North Ave*,91.0,0.0,0.0002481538444757136,0.0,91.0,0.0002481538444757136,248154.84447571362,41.910983,-87.638525
Racine Ave & Washington Blvd,489.0,4288.0,0.0013334860433914723,0.0010875517176748206,4777.0,0.00024593432571665174,1.226135544254312,41.883073,-87.656952
Sheffield Ave & Kingsbury St*,89.0,0.0,0.00024269991382789576,0.0,89.0,0.00024269991382789576,242700.91382789574,41.910522,-87.653106
Southport Ave & Clybourn Ave,578.0,5266.0,0.001576185957219368,0.0013355987279094227,5844.0,0.00024058722930994517,1.1801342305501437,41.92126022238193,-87.66539180184805
Sheridan Rd & Irving Park Rd,1227.0,12246.0,0.0033459864524362708,0.0031059137907289767,13473.0,0.00024007266170729402,1.0772953148695195,41.954245,-87.654406
Dearborn St & Division St,321.0,2505.0,0.0008753558689747701,0.0006353351335763585,2826.0,0.00024002073539841162,1.3777854315436389,41.9043,-87.62991
Harper Ave & 59th St,269.0,1950.0,0.0007335536721315051,0.0004945722596702192,2219.0,0.00023898141246128592,1.4832073060736004,41.78794281287001,-87.58831517019999
Clark St & Washington St,93.0,63.0,0.00025360777512353154,1.5978488389345545e-05,156.0,0.00023762928673418598,15.870894545824589,41.88301,-87.63100000000001
Campbell Ave & North Ave,547.0,4959.0,0.0014916500321781908,0.0012577353003613422,5506.0,0.00023391473181684865,1.1859807431411862,41.910535,-87.689556
Southport Ave & Wrightwood Ave*,84.0,0.0,0.00022906508720835106,0.0,84.0,0.00022906508720835106,229066.08720835103,41.928773,-87.663913
Ogden Ave & Congress Pkwy,319.0,2532.0,0.0008699019383269522,0.0006421830571717923,2851.0,0.00022771888115515992,1.3546006454256185,41.87501,-87.67328
Milwaukee Ave & Grand Ave,1115.0,11095.0,0.0030405663361584693,0.0028139893441236317,12210.0,0.00022657699203483756,1.0805180417580291,41.891578,-87.648384
Pine Grove Ave & Wellington Ave,119.0,406.0,0.000324508873545164,0.00010297248073133795,525.0,0.00022153639281382605,3.151392681304263,41.93650999999999,-87.64119
Franklin St & Madison St,109.0,361.0,0.0002972392203060746,9.155927473894828e-05,470.0,0.0002056799455671263,3.246388470912193,41.88139,-87.63542000000001
Calumet Ave & 35th St,185.0,1182.0,0.0005044885849231542,0.00029978687740010214,1367.0,0.00020470170752305203,1.6828218315507586,41.831379,-87.618034
Southport Ave & Wrightwood Ave,811.0,7944.0,0.002211568877690151,0.0020148112978565238,8755.0,0.0001967575798336274,1.097655538455344,41.92877300000001,-87.663913
Karlov Ave & Armitage Ave,143.0,770.0,0.00038995604131897857,0.00019529263586977888,913.0,0.0001946634054491997,1.9967729085601162,41.91748,-87.72895199999999
LaSalle St & Calhoun Pl,244.0,1856.0,0.0006653795390337816,0.00047073134048611636,2100.0,0.00019464819854766524,1.4135007982384549,41.882664,-87.63253000000002
Normal Ave & Archer Ave,143.0,773.0,0.00038995604131897857,0.00019605351626927152,916.0,0.00019390252504970706,1.9890235060098858,41.849526999999995,-87.640591
Wentworth Ave & Cermak Rd,72.0,16.0,0.00019634150332144376,4.058028797294106e-06,88.0,0.00019228347452414964,48.3717936301247,41.85308455741279,-87.63193130493164
Dearborn St & Monroe St,1404.0,14343.0,0.0038286593147681533,0.0036377691899743356,15747.0,0.00019089012479381762,1.0524744870690044,41.881319815,-87.6295209193
New St & Illinois St,1790.0,18503.0,0.004881267929797005,0.004692856677270803,20293.0,0.00018841125252620165,1.0401485119480067,41.89084704062381,-87.61861681938171
Wells St & Concord Ln,2406.0,25129.0,0.0065610785693249124,0.006373387852950225,27535.0,0.00018769071637468777,1.0294491236460186,41.912133,-87.634656
Damen Ave & Madison St,264.0,2124.0,0.0007199188455119605,0.0005387033228407926,2388.0,0.00018121552267116794,1.336391439585169,41.88137,-87.67493
Orleans St & Chestnut St (NEXT Apts),639.0,6180.0,0.0017425308419778134,0.0015674136229548487,6819.0,0.00017511721902296472,1.1117236093490301,41.898203,-87.637536
Rush St & Illinois St,158.0,1038.0,0.0004308605211776127,0.00026326461822445517,1196.0,0.00016759590295315754,1.6366038379165353,41.89087,-87.62584
Rush St & Cedar St,1266.0,12958.0,0.0034523381000687195,0.0032864960722085645,14224.0,0.00016584202786015497,1.0504616387041863,41.90230870122,-87.627690528
St. Clair St & Erie St 1,66.0,59.0,0.00017997971137799013,1.4963981190022017e-05,125.0,0.0001650157301879681,12.026791687382357,41.894400000000005,-87.62286
Malden St & Wilson Ave,101.0,440.0,0.0002754234977148031,0.00011159579192558792,541.0,0.00016382770578921517,2.4680323955768775,41.96526,-87.66275
Emerald Ave & 31st St,360.0,3240.0,0.0009817075166072189,0.0008217508314520565,3600.0,0.00015995668515516237,1.1946532749096703,41.83819799627639,-87.64514298911445
Green St & Washington Blvd,641.0,6265.0,0.0017479847726256314,0.0015889719009404735,6906.0,0.0001590128716851579,1.1000727398126438,41.883181305753524,-87.64872461685994
Troy St & Elston Ave,253.0,2104.0,0.0006899222269489622,0.000533630786844175,2357.0,0.00015629144010478717,1.2928825530223251,41.94524356848,-87.7066499009
Greenview Ave & Jarvis Ave,300.0,2613.0,0.0008180895971726823,0.0006627268279580938,2913.0,0.00015536276921458854,1.2344292221639026,42.015962,-87.66857
Clark St & Eddy St,245.0,2023.0,0.0006681065043576906,0.0005130870160578735,2268.0,0.00015501948829981709,1.3021304015066524,41.94628,-87.65627
Michigan Ave & Pearson St,770.0,7680.0,0.0020997632994098846,0.0019478538227011711,8450.0,0.0001519094767087135,1.07798808973764,41.89766,-87.62351
Kedzie Ave & Leland Ave,218.0,1746.0,0.0005944784406121492,0.00044283239250471936,1964.0,0.0001516460481074298,1.342444925505056,41.96668636205,-87.7080519806
N Clark St & W Elm St,60.0,67.0,0.00016361791943453647,1.699299558866907e-05,127.0,0.0001466249238458674,9.628042950866195,41.90290100000001,-87.631282
Sedgwick St & Chicago Ave,77.0,251.0,0.00020997632994098847,6.36603267575513e-05,328.0,0.00014631600318343717,3.2983498873761947,41.89677,-87.6386
Laflin St & Cullerton St,271.0,2355.0,0.0007390076027793231,0.0005972911136017262,2626.0,0.00014171648917759682,1.2372649595572816,41.85491457576575,-87.66355991363525
Fulton Market,379.0,3519.0,0.0010335198577614887,0.0008925127086048725,3898.0,0.00014100714915661616,1.1579887768637531,41.886871,-87.648089
Paulina St & 18th St,415.0,3929.0,0.0011316906094222107,0.000996499696535534,4344.0,0.00013519091288667672,1.1356656481592895,41.857901,-87.668745
Wells St & Institute Pl,665.0,6617.0,0.001813431940399446,0.001678248534480944,7282.0,0.00013518340591850203,1.0805502418687172,41.89737986072316,-87.63442039489746
Cottage Grove Ave & 63rd St,122.0,785.0,0.0003326897695168908,0.0001990970378672421,907.0,0.0001335927316496487,1.6709896947288245,41.78053094070882,-87.6059702038765
Damen Ave & St Paul Ave,116.0,730.0,0.00031632797757343717,0.0001851475638765436,846.0,0.00013118041369689356,1.7085143462650039,41.91301,-87.67778000000001
Logan Blvd & Elston Ave,445.0,4288.0,0.0012134995691394789,0.0010875517176748206,4733.0,0.00012594785146465828,1.1158085023537376,41.929465,-87.684158
Leavitt St & Division St,366.0,3443.0,0.0009980693085506725,0.0008732370718177255,3809.0,0.000124832236732947,1.1429532687152508,41.90299699999999,-87.683825
Milwaukee Ave & Armitage Ave,139.0,1007.0,0.0003790481800233428,0.0002554021874296978,1146.0,0.000123645992593645,1.484120788929777,41.91771000000001,-87.68864
Halsted St & Archer Ave,243.0,2128.0,0.0006626525737098727,0.0005397178300401162,2371.0,0.00012293474366975653,1.2277755320499362,41.847203,-87.646795
Clark St & Columbia Ave,237.0,2068.0,0.0006462907817664191,0.0005245002220502633,2305.0,0.00012179055971615579,1.2322026233610652,42.00445062934,-87.6724024047
Damen Ave & Wabansia Ave,281.0,2542.0,0.0007662772560184125,0.0006447193251701011,2823.0,0.00012155793084831141,1.1885436616508716,41.91227003510449,-87.67728471402764
State St & Van Buren St,653.0,6547.0,0.0017807083565125387,0.0016604946584927822,7200.0,0.00012021369801975645,1.072396273609576,41.877181,-87.627844
Sheridan Rd & Berwyn Ave,71.0,292.0,0.00019361453799753483,7.405902555061744e-05,363.0,0.0001195555124469174,2.614305579265637,41.97828,-87.65529
Indiana Ave & 31st St,215.0,1842.0,0.0005862975446404223,0.000467180565288484,2057.0,0.00011911697935193836,1.2549693485409334,41.838842,-87.621857
LaSalle St & Adams St,485.0,4747.0,0.0013225781820958365,0.0012039664187971952,5232.0,0.00011861176329864133,1.0985174195304541,41.87934437346,-87.6319852213
Western Ave & Leland Ave,452.0,4395.0,0.0012325883264068414,0.0011146897852567247,4847.0,0.00011789854115011665,1.1057679337709456,41.96579395810278,-87.68859948272886
Lincoln Ave & Roscoe St*,754.0,7644.0,0.0020561318542273417,0.0019387232579072594,8398.0,0.00011740859632008234,1.060559719022043,41.9433502470174,-87.67066776752472
Morgan St & 31st St,332.0,3110.0,0.0009053524875377685,0.0007887793474740419,3442.0,0.00011657314006372659,1.147789103058964,41.8378,-87.65114
Campbell Ave & Montrose Ave,327.0,3057.0,0.0008917176609182238,0.0007753371270830052,3384.0,0.00011638053383521856,1.150102941890744,41.96152399999999,-87.69117699999998
Green St & Chicago Ave,175.0,1428.0,0.0004772189316840647,0.000362179070158499,1603.0,0.00011503986152556573,1.3176316727621744,41.89466827448534,-87.64995936930755
Mies van der Rohe Way & Chestnut St,1265.0,13150.0,0.003449611134744811,0.0033351924177760935,14415.0,0.00011441871696871728,1.0343064712105998,41.8985866514,-87.6219152258
Kedzie Ave & 21st St,88.0,501.0,0.00023997294850398683,0.0001270670267152717,589.0,0.00011290592178871513,1.8885470618168143,41.85353363213,-87.7050730318
Western Ave & Granville Ave,157.0,1250.0,0.00042813355585370375,0.00031703349978860204,1407.0,0.00011110005606510172,1.350435224365749,41.99416136902,-87.689438282
Greenwood Ave & 47th St,170.0,1400.0,0.00046358410506452,0.0003550775197632343,1570.0,0.00010850658530128565,1.305584762980418,41.809835,-87.59938299999999
Michigan Ave & Madison St,710.0,7207.0,0.0019361453799753483,0.0018278883463811642,7917.0,0.00010825703359418413,1.0592251570416504,41.882134,-87.625125
Broadway & Sheridan Rd,1167.0,12126.0,0.0031823685330017344,0.0030754785747492707,13293.0,0.00010688995825246369,1.0347555415844951,41.952833,-87.649993
Clark St & Lunt Ave,349.0,3331.0,0.0009517108980442205,0.0008448308702366668,3680.0,0.00010688002780755374,1.1265104118025435,42.00901118058077,-87.67411172389984
Western Ave & Monroe St,143.0,1117.0,0.00038995604131897857,0.0002833011354110948,1260.0,0.00010665490590788378,1.3764705329633986,41.88142526,-87.6866316818
Wood St & Chicago Ave,628.0,6333.0,0.001712534223414815,0.0016062185233289734,6961.0,0.00010631570008584157,1.0661900185757278,41.895634,-87.672069
Noble St & Potomac Ave,47.0,87.0,0.00012816737022372025,2.2065531585286704e-05,134.0,0.00010610183863843354,5.808269855566202,41.90383473134329,-87.66286604477612
Monticello Ave & Irving Park Rd,212.0,1864.0,0.0005781166486686955,0.0004727603548847634,2076.0,0.0001053562937839321,1.2228530159991882,41.95400483876,-87.7191281797
Blackstone Ave & Hyde Park Blvd,399.0,3876.0,0.0010880591642396676,0.0009830574761444974,4275.0,0.00010500168809517022,1.10681123314961,41.802562,-87.590368
Loomis St & Archer Ave,112.0,806.0,0.0003054201162778014,0.0002044232006636906,918.0,0.0001009969156141108,1.4940555730985412,41.84163253965,-87.6574349533
Halsted St & Court Pl,40.0,38.0,0.00010907861295635764,9.637818393573502e-06,78.0,9.944079456278414e-05,11.316699672346186,41.883700000000005,-87.64721999999999
Marmora Ave & Irving Park Rd,52.0,168.0,0.00014180219684326495,4.260930237158812e-05,220.0,9.919289447167683e-05,3.3279087204463744,41.9531072,-87.7747326
Campbell Ave & Augusta Blvd,257.0,2373.0,0.0007008300882445979,0.0006018563959986822,2630.0,9.897369224591568e-05,1.1644470814912646,41.899578,-87.689497
Shore Dr & 53rd St,40.0,42.0,0.00010907861295635764,1.065232559289703e-05,82.0,9.842628736346062e-05,10.23901991966575,41.79945,-87.58237
Leavitt St & Archer Ave,113.0,830.0,0.00030814708160171035,0.00021051024385963178,943.0,9.763683774207857e-05,1.4638081840758232,41.82879201994,-87.6806044594
Prairie Ave & Garfield Blvd,146.0,1186.0,0.0003981369372907054,0.0003008013845994256,1332.0,9.733555269127978e-05,1.3235863732293884,41.794852999999996,-87.618691
Fairbanks Ct & Grand Ave,1375.0,14404.0,0.003749577320374794,0.0036532404247640194,15779.0,9.63368956107746e-05,1.0263702516230493,41.89184737210993,-87.62058019638062
Clark St & Berwyn Ave,974.0,10093.0,0.0026560642254873086,0.0025598552906930883,11067.0,9.62089347942203e-05,1.0375837249708153,41.978028844843585,-87.66836255860282
Leavitt St & Augusta Blvd,105.0,752.0,0.0002863313590104388,0.000190727353472823,857.0,9.56040055376158e-05,1.501257436541749,41.89962,-87.68194
Dorchester Ave & 49th St,126.0,979.0,0.0003435976308125266,0.00024830063703443314,1105.0,9.529699377809343e-05,1.3837952698027445,41.805772,-87.592464
Paulina St & Cortland St,100.0,704.0,0.0002726965323908941,0.0001785532670809407,804.0,9.414326530995343e-05,1.527252957036738,41.91626,-87.67019
Kenmore Ave & School St,50.0,169.0,0.00013634826619544706,4.2862929171418996e-05,219.0,9.348533702402807e-05,3.1809791783241987,41.94166,-87.6556
Racine Ave & Broadway,133.0,1062.0,0.00036268638807988916,0.0002693516614203963,1195.0,9.333472665949287e-05,1.3465149598571045,41.968235,-87.65965479999998
Racine Ave & Webster Ave,90.0,601.0,0.0002454268791518047,0.00015242970669835987,691.0,9.299717245344485e-05,1.61009474053987,41.9216,-87.65859
Public Rack - Woodlawn Ave & 63rd St N,71.0,397.0,0.00019361453799753483,0.00010068983953286002,468.0,9.292469846467482e-05,1.9228714240122036,41.78062099999999,-87.596033
Hoyne Ave & Balmoral Ave,218.0,1978.0,0.0005944784406121492,0.0005016738100654839,2196.0,9.280463054666527e-05,1.184989616151051,41.979851,-87.681932
Shields Ave & 31st St,315.0,3021.0,0.0008589940770313165,0.0007662065622890935,3336.0,9.278751474222301e-05,1.1210997114998635,41.838464,-87.635406
Ashland Ave & Grand Ave,442.0,4389.0,0.001205318673167752,0.0011131680244577395,4831.0,9.21506487100124e-05,1.082782260991229,41.891072,-87.666611
Michigan Ave & Lake St,1643.0,17305.0,0.00448040402718239,0.004389011771073407,18948.0,9.139225610898302e-05,1.020822964269168,41.886022,-87.624398
Warren Park East,109.0,814.0,0.0002972392203060746,0.00020645221506233766,923.0,9.078700524373692e-05,1.4397461440177826,42.00454962194,-87.68066614509999
Lincoln Ave & Waveland Ave,416.0,4118.0,0.0011344175747461196,0.0010444351617035707,4534.0,8.99824130425489e-05,1.0861540574158017,41.948797,-87.675278
Emerald Ave & 28th St,167.0,1448.0,0.00045540320909279316,0.00036725160615511663,1615.0,8.815160293767653e-05,1.2400298907625558,41.84358000000001,-87.64536800000002
Oakley Ave & Lyndale St,43.0,118.0,0.00011725950892808447,2.9927962380044034e-05,161.0,8.733154654804044e-05,3.9179610518763317,41.92261,-87.68513
Glenwood Ave & Touhy Ave,162.0,1398.0,0.0004417683824732485,0.00035457026616357253,1560.0,8.719811630967595e-05,1.2459255011077217,42.012701,-87.666058
Marshfield Ave & Diversey Pkwy,49.0,184.0,0.0001336213008715381,4.6667331168882226e-05,233.0,8.695396970265588e-05,2.863232893158081,41.93204,-87.6697
Western Ave & 21st St,124.0,993.0,0.0003381437001647087,0.00025185141223206547,1117.0,8.629228793264324e-05,1.3426303808959772,41.854109,-87.685838
Pulaski Rd & 51st St,80.0,529.0,0.00021815722591271528,0.00013416857711053638,609.0,8.39886488021789e-05,1.62598877190307,41.800434,-87.7247496
Morgan St & 18th St,460.0,4620.0,0.0012544040489981128,0.0011717558152186732,5080.0,8.264823377943965e-05,1.0705336062107869,41.858086,-87.651073
Kedzie Ave & Armitage Ave,95.0,701.0,0.0002590617057713494,0.00017779238668144803,796.0,8.126931908990136e-05,1.4570997864814366,41.91759,-87.70685
Granville Ave & Clark St,41.0,128.0,0.00011180557828026659,3.246423037835285e-05,169.0,7.934134790191374e-05,3.4438867975758125,41.9944,-87.66983
Stony Island Ave & 75th St,53.0,261.0,0.00014452916216717388,6.619659475586011e-05,314.0,7.833256741131377e-05,2.183314404401066,41.7586696704,-87.586882871
Marshfield Ave & Wabansia Ave,40.0,124.0,0.00010907861295635764,3.1449723179029325e-05,164.0,7.762888977732831e-05,3.468270422127832,41.91218,-87.66888
Ashland Ave & Wellington Ave,552.0,5631.0,0.0015052848587977356,0.0014281725098476946,6183.0,7.711234895004101e-05,1.0539936838334611,41.936083,-87.669807
Ogden Ave & Chicago Ave,905.0,9430.0,0.002467903618137592,0.002391700722405214,10335.0,7.620289573237807e-05,1.0318613709303788,41.896362458,-87.6540612729
Harding Ave & Chicago Ave,36.0,88.0,9.817075166072188e-05,2.2319158385117587e-05,124.0,7.585159327560429e-05,4.398344759335573,41.895313,-87.724738
Wells St & Walton St,1113.0,11668.0,0.0030351124055106515,0.002959317500426727,12781.0,7.57949050839246e-05,1.025612283731202,41.89993001,-87.63443007
Woodlawn Ave & Lake Park Ave,132.0,1126.0,0.00035995942275598026,0.0002855837766095727,1258.0,7.437564614640754e-05,1.2604328109830856,41.81409271048,-87.5970051479
Claremont Ave & Hirsch St,210.0,1965.0,0.0005726627180208776,0.0004983766616676825,2175.0,7.428605635319513e-05,1.1490557504215126,41.907781,-87.685854
Halsted St & 69th St,37.0,106.0,0.00010089771698463083,2.6884440782073454e-05,143.0,7.401327620255738e-05,3.7529128795949513,41.76906172032,-87.6446135779
Stave St & Armitage Ave,387.0,3876.0,0.0010553355803527603,0.0009830574761444974,4263.0,7.227810420826295e-05,1.0735237078588995,41.917741,-87.691392
Racine Ave & Wrightwood Ave,547.0,5598.0,0.0014916500321781908,0.0014198028254532756,6145.0,7.184720672491528e-05,1.0506036153987526,41.928887,-87.658971
Paulina St & Montrose Ave,422.0,4257.0,0.0011507793666895732,0.001079689286880063,4679.0,7.109007980951013e-05,1.0658430298701087,41.961507,-87.67138699999998
St Louis Ave & 59th St,38.0,132.0,0.00010362468230853977,3.347873757767638e-05,170.0,7.014594473086339e-05,3.0951760618827344,41.78589,-87.71057
Noble St & Milwaukee Ave,618.0,6370.0,0.0016852645701757255,0.0016156027149227161,6988.0,6.966185525300941e-05,1.043118157385731,41.9007,-87.66260699999998
Kilbourn Ave & Belden Ave,77.0,555.0,0.00020997632994098847,0.00014076287390613933,632.0,6.921345603484914e-05,1.491698999993424,41.922369,-87.739024
Public Rack - Hyde Park Blvd & 55th St,67.0,458.0,0.00018270667670189906,0.0001161610743225438,525.0,6.654560237935527e-05,1.5728685783845426,41.795,-87.584113
Western Ave & Howard St,109.0,913.0,0.0002972392203060746,0.00023156126824559495,1022.0,6.567795206047962e-05,1.28362976644719,42.018901,-87.690048
Spaulding Ave & Division St,186.0,1741.0,0.0005072155502470631,0.00044156425850556497,1927.0,6.56512917414981e-05,1.148678571234722,41.90270659438,-87.709219571
Sangamon St & Adams St,135.0,1196.0,0.0003681403187277071,0.00030333765259773446,1331.0,6.480266612997261e-05,1.2136314168175237,41.879090000000005,-87.65128
Public Rack - Keating & Peterson,35.0,124.0,9.544378633681294e-05,3.1449723179029325e-05,159.0,6.39940631577836e-05,3.03474059383326,41.990159,-87.747183
Laramie Ave & Irving Park Rd,56.0,351.0,0.0001527100581389007,8.902300674063946e-05,407.0,6.368705139826123e-05,1.715391878325648,41.9533354,-87.75838439999998
Komensky Ave & 31st St,36.0,136.0,9.817075166072188e-05,3.44932447769999e-05,172.0,6.367750688372197e-05,2.8460327888141186,41.836708,-87.725641
Rockwell St & Archer Ave,67.0,470.0,0.00018270667670189906,0.00011920459592051437,537.0,6.350208078138469e-05,1.5327105685854505,41.82272,-87.68982
Public Rack - Natoma Ave & Bryn Mawr Ave,29.0,62.0,7.908199439335929e-05,1.5724861589514663e-05,91.0,6.335713280384463e-05,5.028849703604697,41.982886,-87.790461
Noble St & Ohio St,196.0,1858.0,0.0005344852034861524,0.0004712385940857781,2054.0,6.324660940037433e-05,1.1342132753574645,41.89242000000001,-87.66205999999998
Archer (Damen) Ave & 37th St,53.0,323.0,0.00014452916216717388,8.192145634537477e-05,376.0,6.260770582179911e-05,1.7642313062227148,41.826712,-87.683144
Racine Ave & Fullerton Ave,883.0,9249.0,0.002407910381011595,0.0023457942716358245,10132.0,6.211610937577067e-05,1.026479765786404,41.925566,-87.658416
Dodge Ave & Church St,79.0,617.0,0.00021543026058880635,0.00015648773549565399,696.0,5.894252509315237e-05,1.3766566641775269,42.048308,-87.698224
Halsted St & 21st St,214.0,2072.0,0.0005835705793165134,0.0005255147292495868,2286.0,5.805585006692668e-05,1.1104740483216893,41.85377981072743,-87.6466029882431
Damen Ave & Evergreen Ave,43.0,236.0,0.00011725950892808447,5.985592476008807e-05,279.0,5.7403584167996405e-05,1.9590132536556986,41.90605,-87.67758
Public Rack - Milwaukee Ave & Diversey Ave,56.0,377.0,0.0001527100581389007,9.561730353624238e-05,433.0,5.7092754602658315e-05,1.5970902274062866,41.93123,-87.711501
Conservatory Dr & Lake St,58.0,399.0,0.00015816398878671858,0.00010119709313252178,457.0,5.69668956541968e-05,1.562924595620562,41.885502,-87.716866
Dorchester Ave & 63rd St,95.0,800.0,0.0002590617057713494,0.00020290143986470533,895.0,5.6160265906644066e-05,1.276784576588096,41.78040564570001,-87.5914159893
Wood St & Beach Ave,285.0,2847.0,0.0007771851173140482,0.00072207549911852,3132.0,5.5109618195528206e-05,1.0763210245213681,41.907655,-87.672552
Lockwood Ave & Grand Ave,46.0,280.0,0.0001254404048998113,7.101550395264686e-05,326.0,5.442490094716443e-05,1.7663697579854736,41.9175941,-87.7584143
Pulaski Rd & Ann Lurie Pl,32.0,132.0,8.726289036508612e-05,3.347873757767638e-05,164.0,5.3784152787409744e-05,2.606468768240046,41.81644,-87.7248
Hoyne Ave & 47th St,64.0,477.0,0.00017452578073017224,0.00012097998351933055,541.0,5.3545797210841696e-05,1.4425968086322098,41.808227,-87.67718
Ping Tom Park (East),74.0,587.0,0.00020179543396926165,0.00014887893150072754,661.0,5.291650246853411e-05,1.355430728205806,41.8579886,-87.6319447
Western Ave & Berteau Ave,121.0,1095.0,0.0003299628041929819,0.0002777213458148154,1216.0,5.2241458378166495e-05,1.1881067878239837,41.95774,-87.688273
Lamon Ave & Belmont Ave,35.0,171.0,9.544378633681294e-05,4.337018277108076e-05,206.0,5.207360356573218e-05,2.2006498379484833,41.9390108,-87.7492834
Paulina St & Howard St,194.0,1881.0,0.0005290312728383346,0.0004770720104818884,2075.0,5.1959262356446215e-05,1.108912600828042,42.019159,-87.673573
Public Rack - Prairie Ave & 47th St,25.0,66.0,6.817413309772353e-05,1.673936878883819e-05,91.0,5.143476430888534e-05,4.072498877275631,41.809497,-87.618997
Western Ave & Congress Pkwy,158.0,1498.0,0.0004308605211776127,0.00037993294614666073,1656.0,5.092757503095198e-05,1.1340432344818514,41.87474885079,-87.68644527569998
Western Ave & Gunnison St,55.0,398.0,0.00014998309281499177,0.0001009434663326909,453.0,4.903962648230087e-05,1.485807972085136,41.96965951655629,-87.68953755099338
Nagle Ave & Belmont Ave,28.0,111.0,7.635502906945035e-05,2.8152574781227863e-05,139.0,4.820245428822249e-05,2.712125535133206,41.93852,-87.78735
California Ave & Granville Ave,114.0,1039.0,0.0003108740469256193,0.00026351824502428604,1153.0,4.735580190133327e-05,1.1797052883062447,41.9941803,-87.6995596
Public Rack - Pulaski Rd & 44th St,25.0,83.0,6.817413309772353e-05,2.1051024385963178e-05,108.0,4.7123108711760354e-05,3.2384122233480097,41.8129,-87.72249999999998
Loomis St & Jackson Blvd,440.0,4546.0,0.0011998647425199341,0.001152987432031188,4986.0,4.6877310488746115e-05,1.0406572253341377,41.877945,-87.662007
Wallace St & 35th St,122.0,1128.0,0.0003326897695168908,0.0002860910302092345,1250.0,4.659873930765629e-05,1.1628802426742755,41.83070705144085,-87.64125533401966
Perry Ave & 69th St,33.0,173.0,8.998985568899507e-05,4.3877436370742526e-05,206.0,4.611241931825254e-05,2.050913002656576,41.76929308995,-87.62819592909999
Halsted St & 37th St,68.0,550.0,0.000185433642025808,0.0001394947399069849,618.0,4.593890211882309e-05,1.3293211832092862,41.827059,-87.64572
N Shore Channel Trail & Argyle St,71.0,584.0,0.00019361453799753483,0.00014811805110123488,655.0,4.549648689629996e-05,1.3071616146474263,41.972177,-87.702749
Central Park Ave & Ohio St,27.0,115.0,7.362806374554142e-05,2.916708198055139e-05,142.0,4.446098176499003e-05,2.524302550803155,41.8918718,-87.7163879
Public Rack - Kimball & Ardmore,21.0,51.0,5.7266271802087765e-05,1.2934966791374964e-05,72.0,4.43313050107128e-05,4.42698042795461,41.98702399999999,-87.71397
Komensky Ave & 47th St,27.0,116.0,7.362806374554142e-05,2.9420708780382272e-05,143.0,4.4207354965159146e-05,2.5025420615486347,41.80769,-87.72472
Public Rack - Langley Ave & 49th St,27.0,116.0,7.362806374554142e-05,2.9420708780382272e-05,143.0,4.4207354965159146e-05,2.5025420615486347,41.805218,-87.609076
Kedzie Ave & 48th Pl,76.0,643.0,0.00020724936461707954,0.0001630820322912569,719.0,4.4167332325822635e-05,1.2708272694301044,41.8047581237684,-87.70421936879356
State St & 29th St,56.0,434.0,0.0001527100581389007,0.00011007403112660264,490.0,4.2636027012298055e-05,1.3873360432054775,41.84170699999999,-87.626938
Narragansett Ave & Montrose Ave,34.0,198.0,9.2716821012904e-05,5.021810636651457e-05,232.0,4.249871464638943e-05,1.846265848225587,41.959978,-87.786928
May St & Cullerton St,216.0,2155.0,0.0005890245099643313,0.00054656575363555,2371.0,4.245875632878139e-05,1.0776826545821936,41.855136,-87.654127
California Ave & Lake St,73.0,628.0,0.0001990684686453527,0.00015927763029379368,701.0,3.9790838351559015e-05,1.249819064102722,41.88445395657,-87.6962981368
Lawndale Ave & 59th St,22.0,80.0,5.999323712599671e-05,2.0290143986470534e-05,102.0,3.970309313952617e-05,2.9566710071151676,41.78638,-87.71570000000001
Cornell Ave & Hyde Park Blvd,548.0,5736.0,0.0014943769975020998,0.0014548033238299372,6284.0,3.957367367216254e-05,1.0272020594274702,41.802406,-87.586924
Shields Ave & 43rd St,30.0,170.0,8.180895971726824e-05,4.311655597124988e-05,200.0,3.869240374601836e-05,1.8973700590037583,41.81620767856,-87.6348193497
Columbus Ave & 79th St,20.0,67.0,5.453930647817882e-05,1.699299558866907e-05,87.0,3.754631088950975e-05,3.2093868798309066,41.749119,-87.704263
Laramie Ave & Bloomingdale Ave,31.0,188.0,8.453592504117718e-05,4.768183836820575e-05,219.0,3.685408667297143e-05,1.772900438274774,41.91432,-87.75572
Dodge Ave & Mulford St,53.0,425.0,0.00014452916216717388,0.0001077913899281247,478.0,3.673777223904918e-05,1.3408197207942572,42.023463,-87.699595
Central Ave & Chicago Ave,27.0,149.0,7.362806374554142e-05,3.779039317480137e-05,176.0,3.583767057074005e-05,1.948302445611769,41.894958,-87.764902
Clinton St & 18th St,284.0,2916.0,0.0007744581519901393,0.0007395757483068509,3200.0,3.488240368328848e-05,1.047165360137601,41.85795,-87.640826
Rush St & Superior St,1099.0,11681.0,0.0029969348909759264,0.0029626146488245285,12780.0,3.43202421513979e-05,1.011584439636986,41.89576474564,-87.6259080327
Commercial Ave & 83rd St,24.0,123.0,6.544716777381459e-05,3.119609637919844e-05,147.0,3.4251071394616145e-05,2.0978929249791984,41.744615,-87.551208
Fairfield Ave & 44th St,40.0,298.0,0.00010907861295635764,7.558078634960273e-05,338.0,3.349782660675491e-05,1.4431997207873744,41.813617,-87.6932272
Halsted St & 96th St,29.0,180.0,7.908199439335929e-05,4.5652823969558696e-05,209.0,3.3429170423800595e-05,1.7322315529601786,41.71971218361882,-87.6430195569992
Public Rack - Harold Washington Park,26.0,148.0,7.090109842163247e-05,3.7536766374970484e-05,174.0,3.336433204666199e-05,1.8888203872702647,41.801089,-87.58479100000001
Public Rack - Woodlawn Ave & 63rd St S,20.0,86.0,5.453930647817882e-05,2.181190478545582e-05,106.0,3.2727401692723e-05,2.500368796114887,41.779484000000004,-87.596028
Cottage Grove Ave & 47th St,61.0,529.0,0.0001663448847584454,0.00013416857711053638,590.0,3.217630764790902e-05,1.2398182087240268,41.809855,-87.606755
Calumet Ave & 51st St,65.0,575.0,0.00017725274605408117,0.00014583540990275695,640.0,3.1417336151324225e-05,1.2154286173958422,41.80229465088,-87.6180535802
Public Rack - Hamlin Ave & Montrose Ave,43.0,339.0,0.00011725950892808447,8.597948514266887e-05,382.0,3.12800237854156e-05,1.3638037600452257,41.96121600000001,-87.72241599999998
Clark St & Fletcher St,77.0,705.0,0.00020997632994098847,0.00017880689388077156,782.0,3.1169436060216906e-05,1.17431800903041,41.93894,-87.65030999999999
Leavitt St/North Ave,174.0,1748.0,0.00047449196636015575,0.0004433396461043811,1922.0,3.115232025577465e-05,1.070267232498326,41.910077,-87.68230600000001
Maplewood Ave & Peterson Ave,79.0,729.0,0.00021543026058880635,0.00018489393707671271,808.0,3.053632351209364e-05,1.1651550009691405,41.99023602866999,-87.6933696402
Sacramento Blvd & Franklin Blvd,38.0,289.0,0.00010362468230853977,7.329814515112479e-05,327.0,3.0326537157414978e-05,1.4137365735287788,41.89046879243862,-87.70260751247406
Milwaukee Ave & Agatite Ave,47.0,386.0,0.00012816737022372025,9.789994473472032e-05,433.0,3.0267425488999923e-05,1.3091637733529005,41.9615,-87.75489
Kildare Ave & Montrose Ave,59.0,516.0,0.00016089095411062754,0.00013087142871273492,575.0,3.0019525397892617e-05,1.22938005883413,41.96108,-87.73569
Central Park Ave & 24th St,32.0,228.0,8.726289036508612e-05,5.7826910361441015e-05,260.0,2.9435980003645107e-05,1.5090272122866242,41.8481,-87.715068
Peoria St & Kinzie St,225.0,2305.0,0.0006135671978795118,0.0005846097736101822,2530.0,2.895742426932955e-05,1.049532826927747,41.88896,-87.64973
Cicero Ave & Wrightwood Ave,39.0,307.0,0.00010635164763244871,7.786342754808066e-05,346.0,2.848822008436805e-05,1.3658695116814004,41.9279057,-87.7467295
Latrobe Ave & Chicago Ave,16.0,62.0,4.363144518254306e-05,1.5724861589514663e-05,78.0,2.79065835930284e-05,2.7745662731532197,41.894745,-87.756895
Ewing Ave & Burnham Greenway,17.0,75.0,4.6358410506452e-05,1.9022009987316125e-05,92.0,2.7336400519135873e-05,2.4370176190499206,41.70999,-87.5355
Washtenaw Ave & Peterson Ave,28.0,196.0,7.635502906945035e-05,4.97108527668528e-05,224.0,2.6644176302597546e-05,1.5359723047852991,41.99066,-87.697075
Public Rack - Milwaukee Ave & Higgins Ave,17.0,78.0,4.6358410506452e-05,1.978289038680877e-05,95.0,2.657552011964323e-05,2.3432909099295705,41.9685964,-87.7612092
Racine Ave & 35th St,81.0,771.0,0.00022088419123662424,0.00019554626266960975,852.0,2.533792856701449e-05,1.129574447737602,41.83068856472101,-87.65621066093445
Blue Island Ave & 18th St,426.0,4483.0,0.0011616872279852088,0.0011370089436418425,4909.0,2.4678284343366327e-05,1.021704545752979,41.857556,-87.661535
Archer Ave & Homan Ave,15.0,64.0,4.090447985863412e-05,1.6232115189176424e-05,79.0,2.4672364669457693e-05,2.5198786173776564,41.81153,-87.70885
Public Rack - Kenneth & Carmen,15.0,65.0,4.090447985863412e-05,1.6485741989007307e-05,80.0,2.441873786962681e-05,2.4811136054599654,41.972642,-87.739239
Hamlin Ave & Grand Ave,18.0,102.0,4.908537583036094e-05,2.5869933582749928e-05,120.0,2.3215442247611013e-05,1.8973561844358982,41.904034463325004,-87.72156312600833
Broadway & Cuyler Ave,53.0,481.0,0.00014452916216717388,0.00012199449071865408,534.0,2.2534671448519802e-05,1.1847172491029954,41.955417,-87.6515
Cottage Grove Ave & 49th St,20.0,127.0,5.453930647817882e-05,3.221060357852197e-05,147.0,2.232870289965685e-05,1.6931881812473677,41.806273,-87.606643
Kildare Ave & Division St,20.0,128.0,5.453930647817882e-05,3.246423037835285e-05,148.0,2.2075076099825973e-05,1.6799605560336692,41.902393,-87.733598
University Ave & 65th St,52.0,473.0,0.00014180219684326495,0.00011996547632000702,525.0,2.1836720523257932e-05,1.1820235218462958,41.77694,-87.59842000000002
Vernon Ave & 79th St,15.0,78.0,4.090447985863412e-05,1.978289038680877e-05,93.0,2.112158947182535e-05,2.0676155730173535,41.75094,-87.61379
Public Rack - Washtenaw Ave & Devon Ave,26.0,197.0,7.090109842163247e-05,4.9964479566683685e-05,223.0,2.093661885494879e-05,1.4190216732935963,41.997764,-87.697221
Public Rack - South Shore Dr & 71st St,20.0,135.0,5.453930647817882e-05,3.4239617977169026e-05,155.0,2.0299688501009795e-05,1.5928540341925261,41.766206,-87.562789
Kilbourn Ave & Milwaukee Ave,41.0,361.0,0.00011180557828026659,9.155927473894828e-05,402.0,2.024630354131831e-05,1.2211254127299582,41.94761930237381,-87.74001627636491
Millard Ave & 26th St,25.0,190.0,6.817413309772353e-05,4.8189091967867514e-05,215.0,1.9985041129856017e-05,1.4147126580123932,41.84453112462163,-87.71592199802399
State St & 79th St,19.0,126.0,5.1812341154269884e-05,3.195697677869109e-05,145.0,1.9855364375578794e-05,1.6212960386409045,41.750794,-87.624424
Tripp Ave & 65th St,21.0,149.0,5.7266271802087765e-05,3.779039317480137e-05,170.0,1.9475878627286398e-05,1.5153522268205917,41.77491,-87.72883
Halsted St & 51st St,32.0,268.0,8.726289036508612e-05,6.797198235467629e-05,300.0,1.9290908010409835e-05,1.2838025836464229,41.80183164049,-87.645213904
Western Ave & Lunt Ave,137.0,1397.0,0.00037359424937552494,0.00035431663936374167,1534.0,1.9277610011783272e-05,1.0544077061655768,42.0085943972,-87.6904922389
Western Ave & Lyndale St,44.0,398.0,0.00011998647425199342,0.0001009434663326909,442.0,1.9043007919302516e-05,1.1886483589555163,41.922599999999996,-87.68772000000001
Campbell Ave & 51st St,16.0,97.0,4.363144518254306e-05,2.460179958359552e-05,113.0,1.9029645598947542e-05,1.7734748045354969,41.80094,-87.68676
2112 W Peterson Ave,74.0,721.0,0.00020179543396926165,0.00018286492267806568,795.0,1.893051129119597e-05,1.1035212630869613,41.99117799999999,-87.683593
Damen Ave & 77th St,11.0,46.0,2.9996618562998354e-05,1.1666832792220557e-05,57.0,1.8329785770777797e-05,2.570967470754213,41.75403254224914,-87.67335649122808
Halsted St & Fulton St,1184.0,12658.0,0.0032287269435081864,0.0032104080322593,13842.0,1.8318911248886485e-05,1.0057060988381268,41.88685835666811,-87.64802209919087
Rockwell Ave & Logan Blvd,42.0,380.0,0.00011453254360417553,9.637818393573503e-05,422.0,1.81543596684405e-05,1.1883639072991705,41.928110000000004,-87.69268
Dauphin Ave & 103rd St,13.0,69.0,3.545054921081624e-05,1.7500249188330833e-05,82.0,1.7950300022485404e-05,2.025658216126309,41.7072503677818,-87.60766267776489
Sacramento Blvd & Fulton Ave,34.0,295.0,9.2716821012904e-05,7.481990595011009e-05,329.0,1.789691506279391e-05,1.2391967169540477,41.886528,-87.70167
Damen Ave & Lake St,346.0,3651.0,0.0009435300020724937,0.000925991446182549,3997.0,1.7538555889944746e-05,1.018940279655896,41.8849659,-87.6768354
Public Rack - Campbell Ave & Pratt Blvd,12.0,61.0,3.2723583886907294e-05,1.547123478968378e-05,73.0,1.7252349097223514e-05,2.1150521777711546,42.00507,-87.692643
Kilpatrick Ave & Grand Ave,32.0,277.0,8.726289036508612e-05,7.025462355315422e-05,309.0,1.7008266811931907e-05,1.2420911800613903,41.912732,-87.743636
Public Rack - Evans Ave & 63rd St,18.0,129.0,4.908537583036094e-05,3.271785717818373e-05,147.0,1.636751865217721e-05,1.500247259952916,41.780506,-87.607519
Public Rack - Western Blvd & 49th St,10.0,45.0,2.726965323908941e-05,1.1413205992389674e-05,55.0,1.5856447246699736e-05,2.3891853062115653,41.80478,-87.683749
Western Ave & Roscoe St,236.0,2475.0,0.0006435638164425102,0.0006277263295814321,2711.0,1.5837486861078028e-05,1.0252298826492683,41.943034000000004,-87.687288
Richmond St & 59th St,21.0,164.0,5.7266271802087765e-05,4.159479517226459e-05,185.0,1.5671476629823174e-05,1.3767562698325975,41.78649,-87.69733
Pershing Rd & Sacramento Ave,20.0,155.0,5.453930647817882e-05,3.9312153973786655e-05,175.0,1.5227152504392166e-05,1.387329709403254,41.8223772681012,-87.69975413003766
Springfield Ave & 71st St,10.0,49.0,2.726965323908941e-05,1.24277131917132e-05,59.0,1.484194004737621e-05,2.1941654633459575,41.764484,-87.72002800000001
Halsted St & 104th St,12.0,71.0,3.2723583886907294e-05,1.8007502787992598e-05,83.0,1.4716081098914696e-05,1.8171740467356807,41.70513978893236,-87.6424241065979
Central Park Ave & Ogden Ave,49.0,469.0,0.0001336213008715381,0.00011895096912068349,518.0,1.4670331750854618e-05,1.1233298772546652,41.854063503874464,-87.71511733531952
Lavergne Ave & Fullerton Ave,31.0,276.0,8.453592504117718e-05,7.000099675332333e-05,307.0,1.4534928287853846e-05,1.2076359098594398,41.924034,-87.751191
Archer Ave & 49th St,11.0,61.0,2.9996618562998354e-05,1.547123478968378e-05,72.0,1.4525383773314574e-05,1.9388032156155925,41.80420000000001,-87.72082
St. Louis Ave & Fullerton Ave,262.0,2761.0,0.0007144649148641426,0.0007002635943330642,3023.0,1.4201320531078386e-05,1.0202799351073915,41.92481559681187,-87.71449506282805
Harlem Ave & Irving Park Rd,21.0,170.0,5.7266271802087765e-05,4.311655597124988e-05,191.0,1.4149715830837886e-05,1.3281659990253785,41.95326,-87.80714
Granville Ave & Pulaski Rd,14.0,95.0,3.8177514534725174e-05,2.4094545983933757e-05,109.0,1.4082968550791417e-05,1.5844635585423776,41.9924402,-87.72890720000001
Baltimore Ave & 133rd St,10.0,52.0,2.726965323908941e-05,1.3188593591205846e-05,62.0,1.4081059647883564e-05,2.067588591757073,41.65349,-87.54703
Grace St & Central Ave,19.0,149.0,5.1812341154269884e-05,3.779039317480137e-05,168.0,1.4021947979468518e-05,1.3710354872235329,41.9495327,-87.7672648
St Louis Ave & Foster Ave,45.0,429.0,0.00012271343957590236,0.00010880589712744823,474.0,1.390754244845413e-05,1.1278185741494298,41.97598370000001,-87.7159844
Public Rack - Spaulding Ave & North Ave,18.0,139.0,4.908537583036094e-05,3.525412517649255e-05,157.0,1.3831250653868392e-05,1.3923188638425488,41.910138,-87.709553
California Ave & 26th St,20.0,161.0,5.453930647817882e-05,4.083391477277194e-05,181.0,1.3705391705406878e-05,1.335629247218251,41.8436799145765,-87.69496858119965
Kildare Ave & Archer Ave,9.0,44.0,2.454268791518047e-05,1.1159579192558793e-05,53.0,1.3383108722621677e-05,2.199141056366029,41.80034,-87.73079
Lawndale Ave & 30th St,19.0,152.0,5.1812341154269884e-05,3.855127357429401e-05,171.0,1.3261067579975877e-05,1.343976278193308,41.8389124,-87.7168955
Albany Ave & Montrose Ave,186.0,1948.0,0.0005072155502470631,0.0004940650060705575,2134.0,1.3150544176505582e-05,1.0266169783286558,41.96104100000001,-87.705866
Public Rack - Kilpatrick & Elston,9.0,46.0,2.454268791518047e-05,1.1666832792220557e-05,55.0,1.2875855122959914e-05,2.1035344225660135,41.970023999999995,-87.74341
Major Ave & Addison St,14.0,101.0,3.8177514534725174e-05,2.5616306782919045e-05,115.0,1.2561207751806129e-05,1.49034068484442,41.945975255652165,-87.77106542956521
Kostner Ave & Wrightwood Ave,57.0,565.0,0.00015543702346280965,0.00014329914190444812,622.0,1.213788155836153e-05,1.084702508993013,41.927957,-87.735952
Sheffield Ave & Fletcher St,53.0,522.0,0.00014452916216717388,0.00013239318951172022,575.0,1.2135972655453661e-05,1.0916654477074261,41.939009999999996,-87.65321000000002
Glenwood Ave & Morse Ave,381.0,4049.0,0.0010389737884093065,0.0010269349125152398,4430.0,1.2038875894066717e-05,1.0117231034063072,42.00797192287,-87.6655023944
Western Ave & 79th St,9.0,51.0,2.454268791518047e-05,1.2934966791374964e-05,60.0,1.1607721123805507e-05,1.8973214998932229,41.750843,-87.682701
Kilbourn Ave & 49th St,10.0,62.0,2.726965323908941e-05,1.5724861589514663e-05,72.0,1.1544791649574748e-05,1.734127766790999,41.80385,-87.73566
Burling St & Diversey Pkwy,930.0,9955.0,0.002536077751235315,0.002524854792316427,10885.0,1.1222958918888273e-05,1.004444990067568,41.93314,-87.64776
Paulina St & Adams St,37.0,354.0,0.00010089771698463083,8.97838871401321e-05,391.0,1.1113829844498728e-05,1.1237828569874213,41.87862,-87.66913
Ashland Ave & 66th St,9.0,53.0,2.454268791518047e-05,1.3442220391036727e-05,62.0,1.1100467524143743e-05,1.8257297880458006,41.774074,-87.663815
Kedzie Ave & 24th St,14.0,107.0,3.8177514534725174e-05,2.7138067581904337e-05,121.0,1.1039446952820837e-05,1.4067732584955008,41.848192999999995,-87.70541199999998
Central Ave & Lake St,19.0,161.0,5.1812341154269884e-05,4.083391477277194e-05,180.0,1.0978426381497942e-05,1.2688490092997127,41.887664,-87.765469
Pulaski Rd & Congress Pkwy,17.0,141.0,4.6358410506452e-05,3.5761378776154314e-05,158.0,1.0597031730297684e-05,1.2963178651125855,41.87441021003816,-87.72609159350395
Pulaski Rd & 68th St,9.0,56.0,2.454268791518047e-05,1.4203100790529373e-05,65.0,1.0339587124651098e-05,1.7279297209398181,41.769492215384616,-87.722888
Richmond St & Lincoln Ave,28.0,261.0,7.635502906945035e-05,6.619659475586011e-05,289.0,1.0158434313590239e-05,1.1534562449142605,41.9881174,-87.7031754
Union Ave & Root St,25.0,231.0,6.817413309772353e-05,5.858779076093366e-05,256.0,9.58634233678987e-06,1.163620757695889,41.819102,-87.643278
Albany Ave & 26th St,21.0,188.0,5.7266271802087765e-05,4.768183836820575e-05,209.0,9.584433433882015e-06,1.201003836220303,41.844507,-87.701655
Augusta Blvd & Laramie Ave,10.0,70.0,2.726965323908941e-05,1.7753875988161716e-05,80.0,9.515777250927695e-06,1.535952898644432,41.8986607,-87.7554551
St Louis Ave & 51st St,8.0,49.0,2.181572259127153e-05,1.24277131917132e-05,57.0,9.38800939955833e-06,1.7553484624472426,41.80095,-87.71104
St. Louis & 71st St,9.0,60.0,2.454268791518047e-05,1.52176079898529e-05,69.0,9.325079925327571e-06,1.6127419755831232,41.764354,-87.71012099999999
Public Rack - Drake Ave & Leland Ave,23.0,211.0,6.272020244990564e-05,5.3515254764316026e-05,234.0,9.204947685589619e-06,1.1720028377570129,41.96598530000001,-87.71687599999998
Western Ave & 101st St,9.0,61.0,2.454268791518047e-05,1.547123478968378e-05,70.0,9.07145312549669e-06,1.586305291304469,41.71011,-87.68198
Commercial Ave & 130th St,11.0,83.0,2.9996618562998354e-05,2.1051024385963178e-05,94.0,8.945594177035176e-06,1.4249279790403346,41.659150427597744,-87.55076229572296
Public Rack - Kedvale Ave & 63rd St W,16.0,137.0,4.363144518254306e-05,3.4746871576830784e-05,153.0,8.884573605712277e-06,1.2556868436119217,41.778760999999996,-87.726892
Ashland Ave & 50th St,18.0,159.0,4.908537583036094e-05,4.0326661173110185e-05,177.0,8.758714657250756e-06,1.217188758347606,41.803023,-87.664699
Merrimac Park,23.0,214.0,6.272020244990564e-05,5.4276135163808673e-05,237.0,8.444067286096971e-06,1.1555731941380607,41.95261,-87.78535
Public Rack - Irving Park Rd & Leclaire Ave,9.0,64.0,2.454268791518047e-05,1.6232115189176424e-05,73.0,8.310572726004046e-06,1.5119518114148045,41.953418,-87.754841
Public Rack - Champlain Ave & 65th St,11.0,86.0,2.9996618562998354e-05,2.181190478545582e-05,97.0,8.184713777542532e-06,1.3752234678528397,41.775904,-87.609301
Public Rack - Whipple St & 63rd St,7.0,43.0,1.9088757267362587e-05,1.090595239272791e-05,50.0,8.182804874634676e-06,1.7502375164019666,41.77888,-87.699811
Mulligan Ave & Archer Ave,9.0,65.0,2.454268791518047e-05,1.6485741989007307e-05,74.0,8.056945926173164e-06,1.4886924251950573,41.79296,-87.78052
MLK Jr Dr & 83rd St,14.0,119.0,3.8177514534725174e-05,3.0181589179874916e-05,133.0,7.995925354850258e-06,1.264918470287558,41.743116,-87.6148
Public Rack - Peterson Ave & Drake Ave,8.0,56.0,2.181572259127153e-05,1.4203100790529373e-05,64.0,7.612621800742158e-06,1.5359453521913822,41.990119,-87.717337
Eggleston Ave & 92nd St,8.0,56.0,2.181572259127153e-05,1.4203100790529373e-05,64.0,7.612621800742158e-06,1.5359453521913822,41.727575659299575,-87.63482809066771
Halsted St & 35th St,198.0,2099.0,0.0005399391341339703,0.0005323626528450205,2297.0,7.5764812889497985e-06,1.0142317779368673,41.830661,-87.647172
Damen Ave & 81st St,13.0,111.0,3.545054921081624e-05,2.8152574781227863e-05,124.0,7.297974429588374e-06,1.2592201695983025,41.746534000000004,-87.67305500000002
Clark St & Touhy Ave,74.0,767.0,0.00020179543396926165,0.00019453175547028622,841.0,7.26367849897543e-06,1.0373391025147172,42.01256011541,-87.6743671152
Cottage Grove Ave & 83rd St,19.0,176.0,5.1812341154269884e-05,4.463831677023517e-05,195.0,7.174024384034711e-06,1.160710891274623,41.743441,-87.604836
Halsted St & 47th Pl,24.0,230.0,6.544716777381459e-05,5.833416396110278e-05,254.0,7.1130038127118086e-06,1.1219333816813248,41.80813391481,-87.6456165545
Warren Park West,102.0,1070.0,0.000278150463038712,0.00027138067581904335,1172.0,6.769787219668632e-06,1.024945631274614,42.001785,-87.688829
Commercial Ave & 97th St,7.0,49.0,1.9088757267362587e-05,1.24277131917132e-05,56.0,6.6610440756493864e-06,1.535939961997885,41.71893,-87.55112
Wood St & 33rd St,24.0,232.0,6.544716777381459e-05,5.8841417560764544e-05,256.0,6.605750213050044e-06,1.1122617065525648,41.83427,-87.6706
Burley Ave & 85th St,8.0,60.0,2.181572259127153e-05,1.52176079898529e-05,68.0,6.598114601418631e-06,1.4335557237441139,41.74117,-87.54518
Leclaire Ave & Belmont Ave,22.0,211.0,5.999323712599671e-05,5.3515254764316026e-05,233.0,6.477982361680682e-06,1.1210470050680774,41.939041,-87.754197
Public Rack - Avers Ave & Irving Park Rd,12.0,104.0,3.2723583886907294e-05,2.6377187182411693e-05,116.0,6.346396704495601e-06,1.2405926025396932,41.953789,-87.724161
California Ave & Milwaukee Ave,887.0,9512.0,0.002418818242307231,0.002412498119991346,10399.0,6.3201223158846145e-06,1.0026197407756599,41.922695,-87.697153
Princeton Ave & Garfield Blvd,28.0,277.0,7.635502906945035e-05,7.025462355315422e-05,305.0,6.100405516296133e-06,1.0868315617707196,41.794982,-87.633124
Maplewood Ave & 59th St,8.0,62.0,2.181572259127153e-05,1.5724861589514663e-05,70.0,6.090861001756868e-06,1.3873149313369257,41.7863375,-87.6874351
Elston Ave & Carmen Ave,26.0,256.0,7.090109842163247e-05,6.49284607567057e-05,282.0,5.972637664926778e-06,1.0919865588797446,41.97354,-87.74955
Cicero Ave & Lake St,7.0,52.0,1.9088757267362587e-05,1.3188593591205846e-05,59.0,5.900163676156741e-06,1.4473347594341852,41.886841,-87.745261
California & 16th St,24.0,235.0,6.544716777381459e-05,5.9602297960257185e-05,259.0,5.844869813557403e-06,1.0980628591635098,41.859228,-87.695562
Evanston Civic Center,129.0,1367.0,0.0003517785267842534,0.0003467078353688152,1496.0,5.070691415438172e-06,1.014625215449281,42.057044,-87.686554
Racine Ave & 13th St,97.0,1023.0,0.0002645156364191673,0.0002594602162269919,1120.0,5.055420192175391e-06,1.0194843000649185,41.865054,-87.656959
Narragansett Ave & North Ave,14.0,131.0,3.8177514534725174e-05,3.3225110777845496e-05,145.0,4.952403756879678e-06,1.1490515633921814,41.909499999999994,-87.78491
SCOOTERS CLASSIC - 2132 W Hubbard ST,14.0,133.0,3.8177514534725174e-05,3.373236437750726e-05,147.0,4.445150157217913e-06,1.1317731047360888,41.88996749470834,-87.6801560819149
Public Rack - Karlov Ave & Kamerling Ave,10.0,90.0,2.726965323908941e-05,2.2826411984779348e-05,100.0,4.443241254310062e-06,1.194644984603278,41.90562099999999,-87.72863600000001
California Ave & 36th St,8.0,69.0,2.181572259127153e-05,1.7500249188330833e-05,77.0,4.315473402940697e-06,1.246580878684825,41.828098,-87.694684
Wabash Ave & 83rd St,6.0,48.0,1.6361791943453647e-05,1.217408639188232e-05,54.0,4.187705551571327e-06,1.3439569475550874,41.74335976225324,-87.62284398078917
Public Rack - Hollywood Park,11.0,102.0,2.9996618562998354e-05,2.5869933582749928e-05,113.0,4.126684980248426e-06,1.1595104779287901,41.98929,-87.71182
Francisco Ave & 47th St,12.0,113.0,3.2723583886907294e-05,2.8659828380889625e-05,125.0,4.063755506017669e-06,1.1417877896623285,41.80849,-87.69673000000002
Central Ave & Altgeld St,21.0,210.0,5.7266271802087765e-05,5.3261627964485144e-05,231.0,4.004643837602621e-06,1.0751867489578784,41.9258119,-87.7663685
Ashland Ave & Augusta Blvd,499.0,5350.0,0.0013607556966305616,0.0013569033790952168,5849.0,3.852317535344742e-06,1.0028390486424057,41.89962082184989,-87.66838462985125
Clinton St & Polk St,99.0,1050.0,0.00026996956706698517,0.00026630813982242576,1149.0,3.6614272445594106e-06,1.013748785516715,41.87146651779,-87.6409491327
Princeton Ave & 47th St,31.0,319.0,8.453592504117718e-05,8.090694914605125e-05,350.0,3.6289758951259265e-06,1.0448531440164806,41.80931770924,-87.633449288
Kedzie Ave & 38th Pl,7.0,61.0,1.9088757267362587e-05,1.547123478968378e-05,68.0,3.617522477678807e-06,1.2338073669933458,41.8235109,-87.7041017
Kilbourn Ave & Diversey Ave,38.0,396.0,0.00010362468230853977,0.00010043621273302913,434.0,3.188469575510634e-06,1.0317458986440202,41.93179,-87.73934
Kildare Ave & 55th St,6.0,52.0,1.6361791943453647e-05,1.3188593591205846e-05,58.0,3.1731983522478007e-06,1.2405834819932229,41.79332,-87.73059
Kostner Ave & 63rd St,15.0,149.0,4.090447985863412e-05,3.779039317480137e-05,164.0,3.1140866838327507e-06,1.0824020080294148,41.77875,-87.73246
Wood St & Hubbard St,339.0,3633.0,0.000924441244805131,0.000921426163785593,3972.0,3.0150810195380675e-06,1.0032721859502718,41.889715,-87.671966
Halsted St & 63rd St,10.0,96.0,2.726965323908941e-05,2.434817278376464e-05,106.0,2.921480455324771e-06,1.1199827395069755,41.77938114228001,-87.6446208145
Keystone Ave & Montrose Ave,87.0,924.0,0.00023724598318007787,0.00023435116304373465,1011.0,2.894820136343227e-06,1.0123524361744551,41.96110801623001,-87.7289701012
Stony Island Ave & 71st St,35.0,365.0,9.544378633681294e-05,9.25737819382718e-05,400.0,2.8700043985411335e-06,1.0310020108981173,41.7664929373,-87.58646087749999
Narragansett Ave & School St,7.0,64.0,1.9088757267362587e-05,1.6232115189176424e-05,71.0,2.856642078186163e-06,1.175976209427187,41.940128,-87.7864806
Phillips Ave & 79th St,7.0,64.0,1.9088757267362587e-05,1.6232115189176424e-05,71.0,2.856642078186163e-06,1.175976209427187,41.75182,-87.565211
California Ave & Touhy Ave,26.0,269.0,7.090109842163247e-05,6.822560915450717e-05,295.0,2.675489267125306e-06,1.0392147477396443,42.0120368,-87.7004371
Francisco Ave & 85th St,10.0,97.0,2.726965323908941e-05,2.460179958359552e-05,107.0,2.667853655493892e-06,1.1084369950025015,41.738902,-87.695518
Central Ave & Wellington Ave,10.0,98.0,2.726965323908941e-05,2.48554263834264e-05,108.0,2.4142268556630093e-06,1.097126868457356,41.934905002777775,-87.76676849259259
Pulaski Rd & 54th St,10.0,98.0,2.726965323908941e-05,2.48554263834264e-05,108.0,2.4142268556630093e-06,1.097126868457356,41.79499,-87.72361
Yates Blvd & 93rd St,5.0,45.0,1.3634826619544705e-05,1.1413205992389674e-05,50.0,2.221620627155031e-06,1.1946364581676796,41.726166390245105,-87.5662761926651
Constance Ave & 95th St,5.0,45.0,1.3634826619544705e-05,1.1413205992389674e-05,50.0,2.221620627155031e-06,1.1946364581676796,41.72229074095262,-87.57896840572357
Mason Ave & Belmont Ave,5.0,45.0,1.3634826619544705e-05,1.1413205992389674e-05,50.0,2.221620627155031e-06,1.1946364581676796,41.938368200000006,-87.77250290000002
Long & Irving Park,26.0,271.0,7.090109842163247e-05,6.873286275416893e-05,297.0,2.168235667463541e-06,1.0315453777887964,41.953038,-87.7621632
Ellis Ave & 83rd St,7.0,67.0,1.9088757267362587e-05,1.699299558866907e-05,74.0,2.0957616786935154e-06,1.1233236567444378,41.744123,-87.599034
Central Ave & Roscoe St,10.0,100.0,2.726965323908941e-05,2.5362679983088166e-05,110.0,1.9069732560012444e-06,1.075185196204682,41.942275,-87.76695
Austin Blvd & Chicago Ave,10.0,100.0,2.726965323908941e-05,2.5362679983088166e-05,110.0,1.9069732560012444e-06,1.075185196204682,41.894887,-87.774704
Martin Luther King Dr & 87th St,6.0,57.0,1.6361791943453647e-05,1.4456727590360254e-05,63.0,1.9050643530933934e-06,1.131767896523628,41.73677,-87.61438999999999
Bernard St & Peterson Ave,21.0,219.0,5.7266271802087765e-05,5.554426916296308e-05,240.0,1.7220026391246855e-06,1.0310017876423019,41.9904393,-87.715236
Harding Ave & 31st St,5.0,47.0,1.3634826619544705e-05,1.1920459592051437e-05,52.0,1.714367027493268e-06,1.1438051284119868,41.83672,-87.72303000000001
Oconto Ave & Belmont Ave,7.0,69.0,1.9088757267362587e-05,1.7500249188330833e-05,76.0,1.5885080790317539e-06,1.0907654111965281,41.93783,-87.80788
Drake Ave & Addison St,153.0,1639.0,0.000417225694558068,0.00041569432492281503,1792.0,1.5313696352529439e-06,1.00368387504848,41.947326,-87.717582
Halsted St & North Branch St,93.0,994.0,0.00025360777512353154,0.00025210503903189634,1087.0,1.5027360916351957e-06,1.005960730244328,41.89939028549696,-87.64854490756989
Stony Island Ave & 82nd St,5.0,49.0,1.3634826619544705e-05,1.24277131917132e-05,54.0,1.2071134278315047e-06,1.0971229610991702,41.746559,-87.586005
Public Rack - Keystone Ave & North Ave,5.0,49.0,1.3634826619544705e-05,1.24277131917132e-05,54.0,1.2071134278315047e-06,1.0971229610991702,41.909623,-87.727951
Public Rack - Forest Glen Station,6.0,60.0,1.6361791943453647e-05,1.52176079898529e-05,66.0,1.1441839536007476e-06,1.0751832200660953,41.97871,-87.75552
Ashland Ave & McDowell Ave,23.0,243.0,6.272020244990564e-05,6.163131235890424e-05,266.0,1.0888900910014065e-06,1.017667519671507,41.809719,-87.663477
Artesian Ave & 71st St,5.0,50.0,1.3634826619544705e-05,1.2681339991544083e-05,55.0,9.534866280006222e-07,1.0751822320357565,41.764345,-87.684417
Wood St & Cortland St,36.0,384.0,9.817075166072188e-05,9.739269113505856e-05,420.0,7.780605256633234e-07,1.0079888185425108,41.915890000000005,-87.67281
Artesian Ave & 55th St,8.0,83.0,2.181572259127153e-05,2.1051024385963178e-05,91.0,7.646982053083528e-07,1.036324212402976,41.79402,-87.68577
Public Rack - Kimball Ave & Carmen Ave,5.0,51.0,1.3634826619544705e-05,1.2934966791374964e-05,56.0,6.998598281697414e-07,1.0541018572060938,41.973896,-87.713297
Ashland Ave & 63rd St,5.0,52.0,1.3634826619544705e-05,1.3188593591205846e-05,57.0,4.4623302833885894e-07,1.0338322045522603,41.779374,-87.66484299999999
Marshfield Ave & 44th St,22.0,235.0,5.999323712599671e-05,5.9602297960257185e-05,257.0,3.909391657395229e-07,1.006559019032809,41.81388181322957,-87.6664333618677
Hamilton Park,5.0,53.0,1.3634826619544705e-05,1.3442220391036727e-05,58.0,1.9260622850797816e-07,1.014327387553387,41.76252,-87.63734000000001
Francisco Ave & Hollywood Ave,6.0,64.0,1.6361791943453647e-05,1.6232115189176424e-05,70.0,1.2967675427722283e-07,1.0079884084333786,41.984746,-87.701593
Lake Park Ave & 47th St,182.0,1957.0,0.0004963076889514272,0.0004963476472690354,2139.0,-3.9958317608174664e-08,0.9999194954638679,41.809443,-87.591875
Spaulding Ave & 16th St,9.0,97.0,2.454268791518047e-05,2.460179958359552e-05,106.0,-5.911166841504823e-08,0.9975973600803356,41.8590732,-87.7078929
Public Rack - Walden Pkwy & 103rd St,6.0,65.0,1.6361791943453647e-05,1.6485741989007307e-05,71.0,-1.2395004555365964e-07,0.9924818350626033,41.706205,-87.66896500000001
Mozart St & 55th St,8.0,87.0,2.181572259127153e-05,2.2065531585286704e-05,95.0,-2.498089940151737e-07,0.9886792814244655,41.79375,-87.69472
Damen Ave & 51st St,6.0,66.0,1.6361791943453647e-05,1.673936878883819e-05,72.0,-3.775768453845421e-07,0.9774451297849367,41.800908,-87.674684
Jeffery Blvd & 76th St,6.0,66.0,1.6361791943453647e-05,1.673936878883819e-05,72.0,-3.775768453845421e-07,0.9774451297849367,41.75712006802,-87.5758393587
Christiana Ave & Lawrence Ave,162.0,1744.0,0.0004417683824732485,0.00044232513890505757,1906.0,-5.567564318090896e-07,0.9987412988226576,41.96835449363001,-87.7118306675
Lawndale Ave & 16th St,5.0,56.0,1.3634826619544705e-05,1.4203100790529373e-05,61.0,-5.682741709846676e-07,0.9599922459460746,41.8591606,-87.7176965
Public Rack - Lawndale Ave & Diversey Ave,11.0,121.0,2.9996618562998354e-05,3.068884277953668e-05,132.0,-6.922242165383238e-07,0.9774445173437029,41.931702,-87.719254
Damen Ave & Pershing Rd,24.0,261.0,6.544716777381459e-05,6.619659475586011e-05,285.0,-7.49426982045521e-07,0.9886789393963716,41.823192,-87.676597
Public Rack - Spaulding Ave & Bryn Mawr Ave,4.0,46.0,1.0907861295635765e-05,1.1666832792220557e-05,50.0,-7.589714965847913e-07,0.934951802095516,41.982964,-87.711441
Public Rack - Greenwood Ave & Lake Park Ave,4.0,46.0,1.0907861295635765e-05,1.1666832792220557e-05,50.0,-7.589714965847913e-07,0.934951802095516,41.817372,-87.599576
Kedzie Ave & 54th Pl,15.0,165.0,4.090447985863412e-05,4.184842197209547e-05,180.0,-9.439421134613553e-07,0.9774443213554834,41.793637538888895,-87.70345380555557
Kedzie Ave & Archer Ave,15.0,165.0,4.090447985863412e-05,4.184842197209547e-05,180.0,-9.439421134613553e-07,0.9774443213554834,41.81447,-87.70411
MLK Jr Dr & 56th St,16.0,176.0,4.363144518254306e-05,4.463831677023517e-05,192.0,-1.0068715876921123e-06,0.9774442876696653,41.79342945658,-87.6158532619
Baltimore Ave & 87th St,6.0,69.0,1.6361791943453647e-05,1.7500249188330833e-05,75.0,-1.1384572448771862e-06,0.9349499437082316,41.73733560041666,-87.54851460456847
N Damen Ave & W Chicago Ave,84.0,908.0,0.00022906508720835106,0.00023029313424644053,992.0,-1.22804703808947e-06,0.9946674845101555,41.895809,-87.678519
Kedzie Ave & 83rd St,4.0,48.0,1.0907861295635765e-05,1.217408639188232e-05,52.0,-1.2662250962465546e-06,0.8959986766836575,41.742523,-87.702279
Sacramento Ave & 51st St,4.0,48.0,1.0907861295635765e-05,1.217408639188232e-05,52.0,-1.2662250962465546e-06,0.8959986766836575,41.80068000000001,-87.69895
Chicago State University,17.0,188.0,4.6358410506452e-05,4.768183836820575e-05,205.0,-1.3234278617537518e-06,0.9722451953985148,41.71896342165455,-87.60829567909241
Halsted St & 78th St,6.0,70.0,1.6361791943453647e-05,1.7753875988161716e-05,76.0,-1.3920840447080686e-06,0.9215942682091242,41.75248701249013,-87.6439021574879
Kedzie Ave & Redfield Dr,7.0,81.0,1.9088757267362587e-05,2.0543770786301413e-05,88.0,-1.4550135189388256e-06,0.9291784009627899,41.76523,-87.70316
Eberhart Ave & 91st St,4.0,49.0,1.0907861295635765e-05,1.24277131917132e-05,53.0,-1.5198518960774354e-06,0.8777144606498128,41.729285157254864,-87.6110315322876
Kedvale Ave & Peterson Ave,13.0,146.0,3.545054921081624e-05,3.702951277530872e-05,159.0,-1.578963564492482e-06,0.9573604725899095,41.9900762,-87.7317073
Lamon Ave & 47th St,4.0,50.0,1.0907861295635765e-05,1.2681339991544083e-05,54.0,-1.7734786959083178e-06,0.860161555589049,41.80781,-87.74569
Yates Blvd & 75th St,9.0,104.0,2.454268791518047e-05,2.6377187182411693e-05,113.0,-1.8344992672312222e-06,0.9304539294324813,41.758768,-87.56644
Wentworth Ave & 107th St,5.0,61.0,1.3634826619544705e-05,1.547123478968378e-05,66.0,-1.8364081701390749e-06,0.8813094426822226,41.69989,-87.62785
Public Rack - Keystone Ave & Irving Park Rd,11.0,126.0,2.9996618562998354e-05,3.195697677869109e-05,137.0,-1.960358215692736e-06,0.9386582501993723,41.953449,-87.72963499999999
East End Ave & 87th St,4.0,51.0,1.0907861295635765e-05,1.2934966791374964e-05,55.0,-2.0271054957391986e-06,0.8432969465343118,41.73681521440671,-87.58280128240585
State St & Pershing Rd,8.0,95.0,2.181572259127153e-05,2.4094545983933757e-05,103.0,-2.2788233926622267e-06,0.9054255340724928,41.82301523798,-87.62656801850001
Rockwell St & 47th St,8.0,95.0,2.181572259127153e-05,2.4094545983933757e-05,103.0,-2.2788233926622267e-06,0.9054255340724928,41.80853,-87.68942
Wabash Ave & 59th St,7.0,85.0,1.9088757267362587e-05,2.155827798562494e-05,92.0,-2.469520718262352e-06,0.885454386742035,41.78656330002277,-87.62392012393944
Ashland Ave & 78th St,4.0,53.0,1.0907861295635765e-05,1.3442220391036727e-05,57.0,-2.534359095400962e-06,0.8114767874302837,41.75220484941116,-87.66369938850403
Public Rack - Lowell Ave & Elston Ave,7.0,86.0,1.9088757267362587e-05,2.181190478545582e-05,93.0,-2.7231475180932346e-06,0.8751588775141518,41.96614,-87.737
Phillips Ave & 83rd St,7.0,86.0,1.9088757267362587e-05,2.181190478545582e-05,93.0,-2.7231475180932346e-06,0.8751588775141518,41.744531,-87.56506
Chicago Ave & Sheridan Rd,427.0,4602.0,0.001164414193309118,0.0011671905328217173,5029.0,-2.776339512599365e-06,0.9976213505371415,42.050491,-87.677821
Morgan St & Pershing Rd,12.0,140.0,3.2723583886907294e-05,3.550775197632343e-05,152.0,-2.7841680894161373e-06,0.9215920601413261,41.823613,-87.650931
Public Rack - Milwaukee Ave & School St,4.0,54.0,1.0907861295635765e-05,1.369584719086761e-05,58.0,-2.7879858952318444e-06,0.796450536654104,41.940648,-87.726087
Dauphin Ave & 87th St,6.0,76.0,1.6361791943453647e-05,1.9275636787147004e-05,82.0,-2.9138448436933567e-06,0.8488406003667502,41.73648,-87.601252
Eggleston Ave & 69th St,5.0,66.0,1.3634826619544705e-05,1.673936878883819e-05,71.0,-3.104542169293484e-06,0.8145475641275318,41.768898,-87.635876
Public Rack - Peterson Park,5.0,66.0,1.3634826619544705e-05,1.673936878883819e-05,71.0,-3.104542169293484e-06,0.8145475641275318,41.97871,-87.75552
Keystone Ave & Fullerton Ave,99.0,1077.0,0.00026996956706698517,0.00027315606341785954,1176.0,-3.1864963508743756e-06,0.9883345635986727,41.92459,-87.72785
Clark St & 9th St (AMLI),342.0,3690.0,0.0009326221407768579,0.0009358828913759533,4032.0,-3.2607505990954033e-06,0.9965158598955033,41.870816,-87.631246
Bradley Park,4.0,56.0,1.0907861295635765e-05,1.4203100790529373e-05,60.0,-3.2952394948936076e-06,0.7680078771976387,41.717878301935,-87.56459176540375
Public Rack - Central Ave & Lawrence Ave,4.0,56.0,1.0907861295635765e-05,1.4203100790529373e-05,60.0,-3.2952394948936076e-06,0.7680078771976387,41.9678641,-87.76759310000001
Oakley Ave & Irving Park Rd,188.0,2035.0,0.000512669480894881,0.0005161305376558442,2223.0,-3.4610567609631845e-06,0.9932942350768129,41.95434085219,-87.6860796243
Public Rack - Hyde Park Blvd & 53rd St,23.0,261.0,6.272020244990564e-05,6.619659475586011e-05,284.0,-3.4763923059544645e-06,0.9474846130168995,41.799468,-87.584206
Meade Ave & Diversey Ave,5.0,68.0,1.3634826619544705e-05,1.724662238849995e-05,73.0,-3.6117957689552454e-06,0.7905916718490167,41.93086,-87.77845
Mango Ave & North Ave,10.0,122.0,2.726965323908941e-05,3.094246957936756e-05,132.0,-3.6728163402781497e-06,0.8813056069598896,41.90958,-87.7691175
Pulaski Rd & Lake St,6.0,79.0,1.6361791943453647e-05,2.003651718663965e-05,85.0,-3.674725243186004e-06,0.8166077558932207,41.885409,-87.726491
Peterson/Ridge Metra,281.0,3036.0,0.0007662772560184125,0.0007700109642865566,3317.0,-3.7337082681441255e-06,0.9951511035655095,41.9918,-87.67488999999999
Long Ave & Belden Ave,3.0,47.0,8.180895971726824e-06,1.1920459592051437e-05,50.0,-3.739563620324614e-06,0.6863166299856482,41.9227049,-87.760954
Nordica Ave & Medill Ave,13.0,155.0,3.545054921081624e-05,3.9312153973786655e-05,168.0,-3.861604762970417e-06,0.9017732139846814,41.92227,-87.80202
Laramie Ave & Kinzie St,9.0,112.0,2.454268791518047e-05,2.8406201581058746e-05,121.0,-3.863513665878275e-06,0.8639952740556333,41.887832,-87.75552699999999
Indiana Ave & 103rd St,6.0,80.0,1.6361791943453647e-05,2.0290143986470534e-05,86.0,-3.928352043016887e-06,0.8064006620013054,41.70717027117756,-87.6184719800949
Pulaski Rd & 84th St,3.0,48.0,8.180895971726824e-06,1.217408639188232e-05,51.0,-3.993190420155496e-06,0.6720195412479425,41.740407,-87.72190700000002
Laramie Ave & Madison St,5.0,70.0,1.3634826619544705e-05,1.7753875988161716e-05,75.0,-4.11904936861701e-06,0.7680046106002972,41.880207,-87.755337
Kildare Ave & 26th St,5.0,70.0,1.3634826619544705e-05,1.7753875988161716e-05,75.0,-4.11904936861701e-06,0.7680046106002972,41.84431738489837,-87.73233669396876
Pulaski Rd & 60th Pl,3.0,49.0,8.180895971726824e-06,1.24277131917132e-05,52.0,-4.246817219986377e-06,0.6583059602004553,41.78314999999999,-87.72257
Public Rack - Avers & Lawrence,3.0,49.0,8.180895971726824e-06,1.24277131917132e-05,52.0,-4.246817219986377e-06,0.6583059602004553,41.96842,-87.72446
Scottsdale Park,3.0,49.0,8.180895971726824e-06,1.24277131917132e-05,52.0,-4.246817219986377e-06,0.6583059602004553,41.741966,-87.736179
Wentworth Ave & 63rd St,17.0,200.0,4.6358410506452e-05,5.072535996617633e-05,217.0,-4.366949459724335e-06,0.9139116336627315,41.78007963264,-87.6297463052
Damen Ave & 87th St,5.0,71.0,1.3634826619544705e-05,1.8007502787992598e-05,76.0,-4.372676168447893e-06,0.7571882449126515,41.736044,-87.672861
21st St & Pulaski Rd,5.0,71.0,1.3634826619544705e-05,1.8007502787992598e-05,76.0,-4.372676168447893e-06,0.7571882449126515,41.85357638068863,-87.72469529380317
Oak Park & Wellington,19.0,222.0,5.1812341154269884e-05,5.6305149562455726e-05,241.0,-4.492808408185842e-06,0.9202075005465905,41.934586,-87.7959613
Karlov Ave & Madison St,3.0,50.0,8.180895971726824e-06,1.2681339991544083e-05,53.0,-4.50044401981726e-06,0.6451408791423413,41.88085,-87.727907
Knox Ave & Marquette Ave,5.0,72.0,1.3634826619544705e-05,1.8261129587823477e-05,77.0,-4.626302968278772e-06,0.7466723173751094,41.77114,-87.73774
Cottage Grove Ave & 111th Pl,3.0,51.0,8.180895971726824e-06,1.2934966791374964e-05,54.0,-4.75407081964814e-06,0.6324920358625294,41.69170975847015,-87.61000156402588
Lamon Ave & Armitage Ave,8.0,105.0,2.181572259127153e-05,2.6630813982242572e-05,113.0,-4.815091390971041e-06,0.8191977687219645,41.91676,-87.749458
Cottage Grove Ave & 71st St,3.0,52.0,8.180895971726824e-06,1.3188593591205846e-05,55.0,-5.007697619479023e-06,0.6203296496703354,41.76571903697,-87.604959713
Troy St & Jackson Blvd,3.0,52.0,8.180895971726824e-06,1.3188593591205846e-05,55.0,-5.007697619479023e-06,0.6203296496703354,41.87750499999999,-87.70485
Public Rack - Lawrence Ave & Kimball Ave,3.0,52.0,8.180895971726824e-06,1.3188593591205846e-05,55.0,-5.007697619479023e-06,0.6203296496703354,41.968277,-87.71262899999999
Elizabeth St & 47th St,6.0,85.0,1.6361791943453647e-05,2.155827798562494e-05,91.0,-5.196486042171292e-06,0.7589675291706824,41.80839,-87.656526
Burnham Greenway & 105th St,7.0,96.0,1.9088757267362587e-05,2.434817278376464e-05,103.0,-5.259415516402053e-06,0.7840002384019844,41.7045750872071,-87.52823173999786
Monitor Ave & Division St,3.0,53.0,8.180895971726824e-06,1.3442220391036727e-05,56.0,-5.261324419309904e-06,0.6086261873071802,41.90192,-87.77178
State St & 76th St,3.0,53.0,8.180895971726824e-06,1.3442220391036727e-05,56.0,-5.261324419309904e-06,0.6086261873071802,41.756971,-87.624621
Public Rack - Prairie Ave & Garfield Blvd N,4.0,64.0,1.0907861295635765e-05,1.6232115189176424e-05,68.0,-5.324253893540659e-06,0.6720128064457614,41.79480875,-87.61890696
Public Rack - Minuteman Park,3.0,54.0,8.180895971726824e-06,1.369584719086761e-05,57.0,-5.514951219140786e-06,0.5973561548662172,41.785333,-87.7626015
Ashland Ave & 74th St,3.0,54.0,8.180895971726824e-06,1.369584719086761e-05,57.0,-5.514951219140786e-06,0.5973561548662172,41.75923602425868,-87.66347408294678
Ashland Ave & Archer Ave,88.0,968.0,0.00023997294850398683,0.0002455107422362934,1056.0,-5.537793732306591e-06,0.9774438742446104,41.83920868403,-87.6656098589
W 103rd St & S Avers Ave,4.0,65.0,1.0907861295635765e-05,1.6485741989007307e-05,69.0,-5.577880693371541e-06,0.6616747749743008,41.705846,-87.717074
Monticello Ave & Chicago Ave,12.0,152.0,3.2723583886907294e-05,3.855127357429401e-05,164.0,-5.827689687386713e-06,0.8488366794721929,41.895733029878045,-87.71760476158536
Overhill Ave & Belmont Ave,6.0,88.0,1.6361791943453647e-05,2.2319158385117587e-05,94.0,-5.95736644166394e-06,0.7330947953471453,41.93799,-87.81915
Ashland Ave & Lake St,407.0,4400.0,0.001109874886830939,0.0011159579192558792,4807.0,-6.083032424940163e-06,0.9945490534463434,41.88592,-87.66717
Public Rack - Kedzie Ave & Argyle St,37.0,422.0,0.00010089771698463083,0.00010703050952863205,459.0,-6.1327925440012265e-06,0.9427010553152981,41.972097000000005,-87.708572
Western Ave & 24th St,62.0,691.0,0.00016907185008235436,0.0001752561186831392,753.0,-6.18426860078485e-06,0.964713167446477,41.84847,-87.68510899999998
Keeler Ave & Roosevelt Rd,3.0,57.0,8.180895971726824e-06,1.4456727590360254e-05,60.0,-6.27583161863343e-06,0.5659185318432847,41.866402,-87.7300171
Wabash Ave & 87th St,13.0,165.0,3.545054921081624e-05,4.184842197209547e-05,178.0,-6.397872761279235e-06,0.8471215978671047,41.73655301831962,-87.62264415621758
Midway Orange Line,38.0,434.0,0.00010362468230853977,0.00011007403112660264,472.0,-6.449348818062873e-06,0.9414095208327021,41.78692,-87.73892
Harding Ave & 26th St,8.0,112.0,2.181572259127153e-05,2.8406201581058746e-05,120.0,-6.590478989787215e-06,0.7679997105317973,41.844218,-87.723347
Kedzie Ave & Roosevelt Rd,8.0,112.0,2.181572259127153e-05,2.8406201581058746e-05,120.0,-6.590478989787215e-06,0.7679997105317973,41.86649278172,-87.7064961757
Halsted St & 59th St,4.0,69.0,1.0907861295635765e-05,1.7500249188330833e-05,73.0,-6.592387892695068e-06,0.6233190087316384,41.787539,-87.644874
Wentworth Ave & 92nd St,4.0,69.0,1.0907861295635765e-05,1.7500249188330833e-05,73.0,-6.592387892695068e-06,0.6233190087316384,41.72714,-87.62886
Marmora Ave & Belmont Ave,2.0,48.0,5.453930647817883e-06,1.217408639188232e-05,50.0,-6.720155744064437e-06,0.4480404058122274,41.9382897,-87.7737692
Public Rack - Western Ave & 92nd Pl,4.0,70.0,1.0907861295635765e-05,1.7753875988161716e-05,74.0,-6.84601469252595e-06,0.6144149529914704,41.725538,-87.681968
Public Rack - Austin Blvd & North Ave,2.0,49.0,5.453930647817883e-06,1.24277131917132e-05,51.0,-6.973782543895318e-06,0.43889745975109773,41.90928099999999,-87.775613
Western Ave & 104th St,6.0,93.0,1.6361791943453647e-05,2.3587292384271992e-05,99.0,-7.225500440818345e-06,0.6936827675734549,41.70458710218908,-87.68120348453522
Public Rack - Sawyer Ave & Bryn Mawr Ave - SE,2.0,50.0,5.453930647817883e-06,1.2681339991544083e-05,52.0,-7.2274093437262005e-06,0.43012020269563367,41.9830174,-87.7096999
Woodlawn Ave & 75th St,3.0,61.0,8.180895971726824e-06,1.547123478968378e-05,64.0,-7.290338817956957e-06,0.5288115183710992,41.75916,-87.595751
Lavergne Ave & Diversey Ave,12.0,158.0,3.2723583886907294e-05,4.00730343732793e-05,170.0,-7.349450486372008e-06,0.8166031795572721,41.93128,-87.75141
Hoyne Ave & 34th St,21.0,255.0,5.7266271802087765e-05,6.467483395687481e-05,276.0,-7.40856215478705e-06,0.8854508445963448,41.8320245,-87.6778387
Central Park Ave & Douglas Blvd,5.0,83.0,1.3634826619544705e-05,2.1051024385963178e-05,88.0,-7.416197766418472e-06,0.6477204457656169,41.86235,-87.71587
Public Rack - Milwaukee Ave & Culyer Ave,2.0,51.0,5.453930647817883e-06,1.2934966791374964e-05,53.0,-7.481036143557081e-06,0.42168712519074714,41.9546801,-87.74942349999999
Central St & Girard Ave,76.0,847.0,0.00020724936461707954,0.00021482189945675676,923.0,-7.572534839677227e-06,0.9647498713646142,42.064313,-87.686152
Vincennes Ave & 107th St,4.0,73.0,1.0907861295635765e-05,1.851475638765436e-05,77.0,-7.6068950920185944e-06,0.5891663871160782,41.69922,-87.65869
Harding Ave & Division St,9.0,127.0,2.454268791518047e-05,3.221060357852197e-05,136.0,-7.667915663341502e-06,0.7619517561536641,41.9023453,-87.7250744
Austin Ave & Milwaukee Ave,11.0,149.0,2.9996618562998354e-05,3.779039317480137e-05,160.0,-7.793774611803013e-06,0.7937685288352966,41.98736,-87.77804999999998
Stewart Ave & 83rd St,5.0,85.0,1.3634826619544705e-05,2.155827798562494e-05,90.0,-7.923451366080234e-06,0.6324806715993297,41.743717,-87.634088
Michigan Ave & 105th St,4.0,75.0,1.0907861295635765e-05,1.9022009987316125e-05,79.0,-8.11414869168036e-06,0.5734561093596341,41.70346,-87.62037
Sheffield Ave & Willow St,722.0,7795.0,0.0019688689638622556,0.0019770209046817227,8517.0,-8.151940819467116e-06,0.9958766562979586,41.913688,-87.652855
Jeffery Blvd & 67th St,37.0,430.0,0.00010089771698463083,0.00010905952392727911,467.0,-8.161806942648286e-06,0.925162591845877,41.77351755125,-87.5771428255
Menard Ave & Milwaukee Ave,5.0,86.0,1.3634826619544705e-05,2.181190478545582e-05,91.0,-8.177078165911116e-06,0.6251265823448081,41.98139,-87.77331
Racine Ave & 65th St,2.0,54.0,5.453930647817883e-06,1.369584719086761e-05,56.0,-8.241916543049726e-06,0.39826177307833033,41.775393,-87.654308
Kildare Ave & 47th St,3.0,65.0,8.180895971726824e-06,1.6485741989007307e-05,68.0,-8.304846017280483e-06,0.49627124493014946,41.80762,-87.73084
Cicero Ave & Wellington Ave,4.0,76.0,1.0907861295635765e-05,1.9275636787147004e-05,80.0,-8.367775491511238e-06,0.5659110256675801,41.93515,-87.74636
Central Ave & Madison St,4.0,76.0,1.0907861295635765e-05,1.9275636787147004e-05,80.0,-8.367775491511238e-06,0.5659110256675801,41.880121,-87.763238
Public Rack - Washtenaw Ave & Superior St,47.0,539.0,0.00012816737022372025,0.0001367048451088452,586.0,-8.53747488512496e-06,0.9375485746178049,41.894738,-87.69520399999999
Public Rack - Springfield Ave & Lawrence Ave,8.0,120.0,2.181572259127153e-05,3.04352159797058e-05,128.0,-8.619493388434268e-06,0.7168014120355317,41.9683986,-87.7256873
Kedzie Ave & 66th Pl,4.0,77.0,1.0907861295635765e-05,1.9529263586977886e-05,81.0,-8.621402291342121e-06,0.5585619081408314,41.772584,-87.703007
Clarendon Ave & Gordon Ter,1121.0,12087.0,0.003056928128101923,0.0030655871295558663,13208.0,-8.65900145394314e-06,0.997175419173091,41.95786652415175,-87.64950513839722
Ewing Ave & 106th St,8.0,121.0,2.181572259127153e-05,3.068884277953668e-05,129.0,-8.873120188265147e-06,0.7108776264510044,41.70266,-87.53564
Lowell Ave & Armitage Ave,38.0,444.0,0.00010362468230853977,0.00011261029912491145,482.0,-8.985616816371684e-06,0.9202067919809308,41.9170767,-87.7353543
Racine Ave & Garfield Blvd,2.0,57.0,5.453930647817883e-06,1.4456727590360254e-05,59.0,-9.00279694254237e-06,0.37730207694983675,41.794228,-87.655073
Virginia Ave & Catalpa Ave,27.0,326.0,7.362806374554142e-05,8.268233674486742e-05,353.0,-9.054272999325997e-06,0.8904945862639241,41.9812456,-87.7048924
Sayre Ave & Diversey Ave,11.0,154.0,2.9996618562998354e-05,3.905852717395577e-05,165.0,-9.061908610957418e-06,0.7679974831595057,41.93098,-87.80106
Homan Ave & Fillmore St,3.0,68.0,8.180895971726824e-06,1.724662238849995e-05,71.0,-9.065726416773127e-06,0.47437819471176484,41.868114,-87.71092569999999
Le Mai Ave & Devon Ave,3.0,68.0,8.180895971726824e-06,1.724662238849995e-05,71.0,-9.065726416773127e-06,0.47437819471176484,41.99722,-87.75687
Public Rack - Cicero Ave & Belle Plaine Ave,5.0,90.0,1.3634826619544705e-05,2.2826411984779348e-05,95.0,-9.191585365234643e-06,0.5973443957920713,41.955625,-87.747517
Western Ave & 111th St,5.0,90.0,1.3634826619544705e-05,2.2826411984779348e-05,95.0,-9.191585365234643e-06,0.5973443957920713,41.691211034981045,-87.68129736185074
St. Louis Ave & Balmoral Ave,83.0,929.0,0.00022633812188444213,0.00023561929704288905,1012.0,-9.281175158446918e-06,0.9606096109930737,41.98039423475,-87.7161149615
Bernard St & Elston Ave,85.0,951.0,0.00023179205253226,0.00024119908663916846,1036.0,-9.407034106908473e-06,0.9609990434166749,41.949923,-87.713949
Vernon Ave & 75th St,6.0,102.0,1.6361791943453647e-05,2.5869933582749928e-05,108.0,-9.50814163929628e-06,0.6324778304237129,41.758361,-87.614138
Public Rack - Nashotah & Northwest Hwy,6.0,102.0,1.6361791943453647e-05,2.5869933582749928e-05,108.0,-9.50814163929628e-06,0.6324778304237129,41.988141,-87.79144699999999
Public Rack - Nagel & Higgins,2.0,59.0,5.453930647817883e-06,1.4963981190022017e-05,61.0,-9.510050542204135e-06,0.36451303069161134,41.976312,-87.78764
Kostner Ave & Lake St,2.0,59.0,5.453930647817883e-06,1.4963981190022017e-05,61.0,-9.510050542204135e-06,0.36451303069161134,41.885928,-87.73541
Lavergne Ave & Division St,7.0,113.0,1.9088757267362587e-05,2.8659828380889625e-05,120.0,-9.571071113527038e-06,0.6660574151475396,41.9021077,-87.7508698
Lamon Ave & Chicago Ave,4.0,81.0,1.0907861295635765e-05,2.0543770786301413e-05,85.0,-9.635909490665647e-06,0.5309799466299931,41.8950179,-87.7484986
LaSalle St & Calhoun Pl Corral,54.0,619.0,0.00014725612749108284,0.00015699498909531575,673.0,-9.738861604232914e-06,0.9379674496122303,41.88288,-87.63251
Racine Ave & 115th St,3.0,71.0,8.180895971726824e-06,1.8007502787992598e-05,74.0,-9.826606816265775e-06,0.45433515867750035,41.68476,-87.65196
Public Rack - Kimbark Ave & 67th St,4.0,82.0,1.0907861295635765e-05,2.0797397586132295e-05,86.0,-9.88953629049653e-06,0.5245048927668085,41.774045,-87.594322
Cicero Ave & Flournoy St,1.0,50.0,2.7269653239089413e-06,1.2681339991544083e-05,51.0,-9.954374667635141e-06,0.21509952624892606,41.87213100000001,-87.746619
Ewing Ave & 98th St,2.0,61.0,5.453930647817883e-06,1.547123478968378e-05,63.0,-1.0017304141865897e-05,0.3525625562155375,41.71781,-87.53504
Clyde Ave & 87th St,5.0,94.0,1.3634826619544705e-05,2.3840919184102875e-05,99.0,-1.020609256455817e-05,0.5719265514764723,41.73715146431056,-87.57274031639099
Central Ave & Parker Ave,10.0,148.0,2.726965323908941e-05,3.7536766374970484e-05,158.0,-1.0267113135881074e-05,0.7264857734655463,41.9301785,-87.7661217
Public Rack - Western Ave & 47th Pl,6.0,105.0,1.6361791943453647e-05,2.6630813982242572e-05,111.0,-1.0269022038788925e-05,0.6144077138104054,41.808038,-87.68470899999998
Sacramento Ave & 25th St,3.0,73.0,8.180895971726824e-06,1.851475638765436e-05,76.0,-1.0333860415927536e-05,0.44188829235095245,41.846506,-87.700139
Springfield Ave & North Ave,41.0,482.0,0.00011180557828026659,0.00012224811751848495,523.0,-1.044253923821836e-05,0.914579839509767,41.910158,-87.723831
State St & 54th St,13.0,181.0,3.545054921081624e-05,4.590645076938958e-05,194.0,-1.0455901558573341e-05,0.7722395518954587,41.796642,-87.625923
Meade Ave & Addison St,5.0,96.0,1.3634826619544705e-05,2.434817278376464e-05,101.0,-1.0713346164219934e-05,0.5600119043319903,41.94595,-87.77888
Homan Ave & 26th St,5.0,96.0,1.3634826619544705e-05,2.434817278376464e-05,101.0,-1.0713346164219934e-05,0.5600119043319903,41.84425,-87.70983
Homewood Ave & 115th St,1.0,53.0,2.7269653239089413e-06,1.3442220391036727e-05,54.0,-1.0715255067127785e-05,0.20292498706097337,41.68459507202618,-87.67070800065994
Lawler Ave & 50th St,9.0,140.0,2.454268791518047e-05,3.550775197632343e-05,149.0,-1.096506406114296e-05,0.6912010856237848,41.80217,-87.74893999999999
St Louis Ave & Norman Bobbins Pl,5.0,98.0,1.3634826619544705e-05,2.48554263834264e-05,103.0,-1.1220599763881696e-05,0.5485835497510096,41.79439000000001,-87.71132
Vincennes Ave & 95th St,7.0,120.0,1.9088757267362587e-05,3.04352159797058e-05,127.0,-1.1346458712343212e-05,0.6272053424805245,41.72126,-87.65005
Homan Ave & Arthington Ave,3.0,77.0,8.180895971726824e-06,1.9529263586977886e-05,80.0,-1.1348367615251063e-05,0.4189342317521118,41.86963,-87.71055
Oglesby Ave & 100th St,5.0,99.0,1.3634826619544705e-05,2.5109053183257284e-05,104.0,-1.1474226563712578e-05,0.5430425224521911,41.71339748442245,-87.56584167480469
Stewart Ave & 123rd St,6.0,110.0,1.6361791943453647e-05,2.789894798139698e-05,116.0,-1.1537156037943334e-05,0.5864810914473376,41.6706,-87.63244
Leavitt St & North Ave,447.0,4852.0,0.0012189534997872967,0.0012305972327794378,5299.0,-1.1643732992141142e-05,0.990538152353882,41.91026962479713,-87.68234483279865
Kenton Ave & Madison St,1.0,57.0,2.7269653239089413e-06,1.4456727590360254e-05,58.0,-1.1729762266451312e-05,0.18868562205638892,41.88042,-87.74107999999998
DuSable Museum,46.0,541.0,0.0001254404048998113,0.00013721209870850697,587.0,-1.1771693808695682e-05,0.9142086730822744,41.79156801058,-87.6078521774
Seeley Ave & Garfield Blvd,2.0,69.0,5.453930647817883e-06,1.7500249188330833e-05,71.0,-1.204631854051295e-05,0.31168807375504504,41.79408699999999,-87.675478
Exchange Ave & 79th St,11.0,166.0,2.9996618562998354e-05,4.2102048771926355e-05,177.0,-1.2105430208928001e-05,0.7124809114298698,41.75211500633265,-87.55200700025293
Public Rack - Kostner Ave & Armitage Ave,3.0,80.0,8.180895971726824e-06,2.0290143986470534e-05,83.0,-1.210924801474371e-05,0.4032249722924564,41.917211,-87.736136
Public Rack - St Louis Ave & Berteau Ave,1.0,59.0,2.7269653239089413e-06,1.4963981190022017e-05,60.0,-1.2237015866113075e-05,0.1822899266808185,41.95837300000001,-87.71568499999998
Lawndale Ave & 111th St,3.0,81.0,8.180895971726824e-06,2.0543770786301413e-05,84.0,-1.236287481457459e-05,0.3982471285190608,41.69131919221066,-87.71288573741913
Wallace St & Pershing Rd,26.0,329.0,7.090109842163247e-05,8.344321714436006e-05,355.0,-1.2542118722727588e-05,0.8496945725905788,41.82348386197183,-87.6408699859155
Public Rack - Hamlin Ave & Fullerton Ave,10.0,157.0,2.726965323908941e-05,3.981940757344842e-05,167.0,-1.254975433435901e-05,0.6848411380217269,41.924319,-87.721446
Kedzie Ave & Harrison St,6.0,114.0,1.6361791943453647e-05,2.8913455180720507e-05,120.0,-1.255166323726686e-05,0.5659035192322759,41.87359967462,-87.7048707493
Kedzie Ave & 52nd St,3.0,82.0,8.180895971726824e-06,2.0797397586132295e-05,85.0,-1.2616501614405472e-05,0.39339068973189795,41.79906,-87.70342
Tripp Ave & 31st St,1.0,61.0,2.7269653239089413e-06,1.547123478968378e-05,62.0,-1.2744269465774838e-05,0.17631359405997585,41.836966,-87.73050199999999
Washtenaw Ave & Ogden Ave,34.0,416.0,9.2716821012904e-05,0.00010550874872964677,450.0,-1.2791927716742776e-05,0.8787607034349005,41.86193049278259,-87.69345045089722
Loomis Blvd & 84th St,2.0,72.0,5.453930647817883e-06,1.8261129587823477e-05,74.0,-1.2807198940005594e-05,0.29870178182587376,41.74148652861805,-87.65841007232666
Kedzie Ave & 57th St,43.0,513.0,0.00011725950892808447,0.0001301105483132423,556.0,-1.2851039385157817e-05,0.9012306013435559,41.78983,-87.7031
Archer Ave & 43rd St,0.0,51.0,0.0,1.2934966791374964e-05,51.0,-1.2934966791374964e-05,7.730384718262794e-05,41.8154913,-87.7024412
Panama Ave & Grace St,2.0,73.0,5.453930647817883e-06,1.851475638765436e-05,75.0,-1.3060825739836476e-05,0.2946101975858266,41.94766,-87.82925
Public Rack - Lavergne Ave & Belle Plaine Ave,0.0,53.0,0.0,1.3442220391036727e-05,53.0,-1.3442220391036727e-05,7.438693786994302e-05,41.9553079,-87.75178779999999
Vernon Ave & 107th St,1.0,64.0,2.7269653239089413e-06,1.6232115189176424e-05,65.0,-1.3505149865267482e-05,0.16804940346433547,41.70012137923888,-87.61225998401642
Franklin St & Chicago Ave,986.0,10655.0,0.002688787809374216,0.002702393552198044,11641.0,-1.3605742823827923e-05,0.9949653011205335,41.896792266987376,-87.63564033012628
Public Rack - Kimball Ave & Lawrence Ave,3.0,86.0,8.180895971726824e-06,2.181190478545582e-05,89.0,-1.3631008813728998e-05,0.3750942871754643,41.96791249999999,-87.7134353
Public Rack - Spaulding Ave & Evergreen Ave,25.0,323.0,6.817413309772353e-05,8.192145634537477e-05,348.0,-1.3747323247651237e-05,0.8321910272112173,41.905317,-87.70952099999998
Avers Ave & 16th St,3.0,87.0,8.180895971726824e-06,2.2065531585286704e-05,90.0,-1.388463561355988e-05,0.37078305397039674,41.85909,-87.72121
Washtenaw Ave & Polk St,15.0,217.0,4.090447985863412e-05,5.503701556330132e-05,232.0,-1.4132535704667203e-05,0.7432222880853537,41.8711028,-87.693683
Lexington St & California Ave,12.0,185.0,3.2723583886907294e-05,4.69209579687131e-05,197.0,-1.4197374081805808e-05,0.6974257960148974,41.8719938,-87.6958108
Mason Ave & Grand Ave,9.0,153.0,2.454268791518047e-05,3.880490037412489e-05,162.0,-1.426221245894442e-05,0.632473095033398,41.9204347,-87.7743901
Vincennes Ave & 79th St,5.0,110.0,1.3634826619544705e-05,2.789894798139698e-05,115.0,-1.4264121361852275e-05,0.48874021659957034,41.750600000000006,-87.63409
Oketo Ave & Addison St,1.0,67.0,2.7269653239089413e-06,1.699299558866907e-05,68.0,-1.426603026476013e-05,0.16052524608914467,41.94496,-87.81189
Spaulding Ave & 63rd,2.0,78.0,5.453930647817883e-06,1.978289038680877e-05,80.0,-1.4328959738990885e-05,0.27572588308794144,41.7791655,-87.7056392
Wabash Ave & 49th St,2.0,78.0,5.453930647817883e-06,1.978289038680877e-05,80.0,-1.4328959738990885e-05,0.27572588308794144,41.80581,-87.6245
MLK Jr Dr & 63rd St,11.0,175.0,2.9996618562998354e-05,4.438468997040429e-05,186.0,-1.4388071407405937e-05,0.6758398615184379,41.78008063659,-87.6159428567
Wellington Ave & Mulligan Ave,3.0,89.0,8.180895971726824e-06,2.2572785184948466e-05,92.0,-1.4391889213221642e-05,0.3624512196201048,41.93473,-87.78436
Houston Ave & 92nd St,4.0,100.0,1.0907861295635765e-05,2.5362679983088166e-05,104.0,-1.4454818687452401e-05,0.4300977343551688,41.72820421535798,-87.54970014095306
Harlem Ave & Grace St,0.0,57.0,0.0,1.4456727590360254e-05,57.0,-1.4456727590360254e-05,6.916716294106648e-05,41.94894,-87.80683
Pulaski Rd & 75th St,1.0,69.0,2.7269653239089413e-06,1.7500249188330833e-05,70.0,-1.4773283864421891e-05,0.15587260626674837,41.75725,-87.72247
Lock St & 31st St,26.0,338.0,7.090109842163247e-05,8.572585834283799e-05,364.0,-1.4824759921205517e-05,0.8270698330980649,41.83796199975824,-87.65904880162913
California Ave & Marquette Rd,4.0,102.0,1.0907861295635765e-05,2.5869933582749928e-05,106.0,-1.4962072287114162e-05,0.42166477142168207,41.771611,-87.693331
Stony Island Ave & 67th St,19.0,264.0,5.1812341154269884e-05,6.695747515535276e-05,283.0,-1.5145134001082872e-05,0.7738130391120153,41.77345849948,-87.5853397391
Vincennes Ave & 104th St,4.0,104.0,1.0907861295635765e-05,2.6377187182411693e-05,108.0,-1.546932588677593e-05,0.41355614092046167,41.70492556499763,-87.65686810958869
Ashland Ave & Pershing Rd,30.0,385.0,8.180895971726824e-05,9.764631793488944e-05,415.0,-1.5837358217621206e-05,0.8378106173056238,41.823465,-87.665577
Talman Ave & Addison St,269.0,2956.0,0.0007335536721315051,0.0007497208203000862,3225.0,-1.616714816858101e-05,0.9784358041465168,41.9466358306,-87.69461475800001
Daley Center Plaza Corral,0.0,64.0,0.0,1.6232115189176424e-05,64.0,-1.6232115189176424e-05,6.160247052683758e-05,41.8841951,-87.629701
Damen Ave & 59th St,2.0,86.0,5.453930647817883e-06,2.181190478545582e-05,88.0,-1.6357974137637938e-05,0.25007813959079234,41.785861065132,-87.67414391040802
Public Rack - Ashland Ave & 83rd St,0.0,65.0,0.0,1.6485741989007307e-05,65.0,-1.6485741989007307e-05,6.065479769543065e-05,41.742715,-87.663551
Lawler Ave & North Ave,5.0,119.0,1.3634826619544705e-05,3.0181589179874916e-05,124.0,-1.654676256033021e-05,0.4517778954708357,41.90917540000001,-87.7522545
Hale Ave & 107th St,5.0,120.0,1.3634826619544705e-05,3.04352159797058e-05,125.0,-1.6800389360161092e-05,0.4480132033705102,41.69920616812768,-87.66891896724701
Kedzie Ave & 60th St,9.0,164.0,2.454268791518047e-05,4.159479517226459e-05,173.0,-1.705210725708412e-05,0.5900521390091324,41.78458,-87.70319
Sacramento Ave & Pratt Blvd,14.0,218.0,3.8177514534725174e-05,5.5290642363132197e-05,232.0,-1.7113127828407022e-05,0.6904934073758342,42.00404000000001,-87.70473000000001
Western Blvd & 48th Pl,32.0,412.0,8.726289036508612e-05,0.00010449424153032324,444.0,-1.723135116523712e-05,0.8350991785569797,41.805661,-87.683392
Jeffery Blvd & 71st St,30.0,391.0,8.180895971726824e-05,9.916807873387472e-05,421.0,-1.7359119016606487e-05,0.8249543180370711,41.76663823695,-87.57645011409998
Oakley Ave & Touhy Ave,47.0,574.0,0.00012816737022372025,0.00014558178310292608,621.0,-1.7414412879205834e-05,0.8803813712855457,42.012342,-87.688243
Rockwell/Irving Park Hub,11.0,187.0,2.9996618562998354e-05,4.742821156837487e-05,198.0,-1.7431593005376513e-05,0.6324713730430287,41.954212,-87.69317000000001
Sheffield Ave & Webster Ave,1126.0,12176.0,0.003070562954721468,0.003088159914740815,13302.0,-1.7596960019346936e-05,0.9943017995159026,41.92154,-87.653818
Leamington Ave & Hirsch St,2.0,91.0,5.453930647817883e-06,2.308003878461023e-05,93.0,-1.7626108136792347e-05,0.23633817778838762,41.9058405,-87.7548602
Mayfield Ave & Roosevelt Rd,0.0,71.0,0.0,1.8007502787992598e-05,71.0,-1.8007502787992598e-05,5.552932477355991e-05,41.86569,-87.77176
Kostner Ave & Adams St,0.0,71.0,0.0,1.8007502787992598e-05,71.0,-1.8007502787992598e-05,5.552932477355991e-05,41.877917,-87.735737
Kedzie Ave & Jackson Blvd,6.0,136.0,1.6361791943453647e-05,3.44932447769999e-05,142.0,-1.8131452833546254e-05,0.4743629567551524,41.877161,-87.706134
Pine Ave & Division St,8.0,158.0,2.181572259127153e-05,4.00730343732793e-05,166.0,-1.8257311782007772e-05,0.5444104376428482,41.9019265060241,-87.76371771084338
Kildare Ave & North Ave,21.0,298.0,5.7266271802087765e-05,7.558078634960273e-05,319.0,-1.831451454751497e-05,0.7576861379962445,41.9095392,-87.7338518
California Ave & 71st St,6.0,137.0,1.6361791943453647e-05,3.4746871576830784e-05,143.0,-1.8385079633377137e-05,0.47090055306766015,41.764748,-87.693121
Wallace St & 28th St,20.0,288.0,5.453930647817882e-05,7.304451835129391e-05,308.0,-1.8505211873115088e-05,0.7466619131358756,41.843511,-87.6419
Seeley Ave & Roscoe St,420.0,4589.0,0.0011453254360417552,0.001163893384423916,5009.0,-1.8567948382160714e-05,0.9840467067883044,41.943403,-87.679618
Public Rack - California Ave & Cortez St,17.0,256.0,4.6358410506452e-05,6.49284607567057e-05,273.0,-1.85700502502537e-05,0.7139965428045566,41.900105,-87.696817
La Villita Park,2.0,95.0,5.453930647817883e-06,2.4094545983933757e-05,97.0,-1.8640615336115874e-05,0.22638750960260784,41.83925,-87.70202
Albany Ave & Bloomingdale Ave,334.0,3665.0,0.0009108064181855863,0.0009295422213801812,3999.0,-1.8735803194594902e-05,0.9798440752794947,41.91402671273,-87.70512646200001
Lincolnwood Dr & Central St,40.0,504.0,0.00010907861295635764,0.00012782790711476436,544.0,-1.874929415840672e-05,0.8533250844304437,42.064854,-87.715297
State St & 45th St,3.0,108.0,8.180895971726824e-06,2.739169438173522e-05,111.0,-1.9210798410008396e-05,0.29868898100006963,41.813129999999994,-87.62585
Francisco Ave & Chicago Ave,161.0,1807.0,0.0004390414171493395,0.00045830362729440313,1968.0,-1.9262210145063602e-05,0.9579707273330887,41.895745,-87.698653
Public Rack - Leamington & Elston,4.0,119.0,1.0907861295635765e-05,3.0181589179874916e-05,123.0,-1.9273727884239153e-05,0.36142894271342213,41.977894,-87.75631500000001
Rockwell St & Cermak Rd,25.0,345.0,6.817413309772353e-05,8.750124594165417e-05,370.0,-1.9327112843930638e-05,0.7791243797694312,41.851644,-87.690621
Western Ave & 28th St,6.0,142.0,1.6361791943453647e-05,3.6015005575985196e-05,148.0,-1.965321363253155e-05,0.4543200080567527,41.84151770807,-87.68513144089998
Cottage Grove Ave & 51st St,56.0,681.0,0.0001527100581389007,0.0001727198506848304,737.0,-2.0009792545929713e-05,0.8841495252797112,41.803038,-87.606615
State St & Pearson St,616.0,6703.0,0.0016798106395279077,0.0017000604392663997,7319.0,-2.024979973849197e-05,0.9880887835752394,41.897448,-87.62872199999998
Kostner Ave & Belmont Ave,21.0,306.0,5.7266271802087765e-05,7.760980074824978e-05,327.0,-2.0343528946162015e-05,0.7378776053071352,41.939191,-87.737112
Orange Ave & Addison St,2.0,102.0,5.453930647817883e-06,2.5869933582749928e-05,104.0,-2.0416002934932044e-05,0.21085171241965114,41.94485,-87.82423
Milwaukee & Fullerton,0.0,81.0,0.0,2.0543770786301413e-05,81.0,-2.0543770786301413e-05,4.867418626382377e-05,41.92469,-87.7006
Higgins Ave & Austin Ave,13.0,221.0,3.545054921081624e-05,5.6051522762624844e-05,234.0,-2.0600973551808607e-05,0.6324701808863973,41.97342,-87.77865
Central Park & Augusta Blvd,22.0,318.0,5.999323712599671e-05,8.065332234622037e-05,340.0,-2.066008522022366e-05,0.743844041841462,41.8989108,-87.7164901
Kildare Ave & Chicago Ave,1.0,93.0,2.7269653239089413e-06,2.3587292384271992e-05,94.0,-2.0860327060363052e-05,0.1156491228558737,41.8954357,-87.73348179999999
Clark St & Arlington Pl,346.0,3803.0,0.0009435300020724937,0.0009645427197568429,4149.0,-2.1012717684349173e-05,0.9782148623707317,41.926939727841415,-87.64147979309305
Western Ave & Lake St,32.0,427.0,8.726289036508612e-05,0.00010829864352778646,459.0,-2.1035753162700342e-05,0.8057634127179449,41.884761555555556,-87.68648361002178
California Ave & Winona St,29.0,395.0,7.908199439335929e-05,0.00010018258593319825,424.0,-2.110059153983896e-05,0.7893807519137047,41.97471199999999,-87.697852
Narragansett Ave & Wrightwood Ave,31.0,417.0,8.453592504117718e-05,0.00010576237552947765,448.0,-2.1226450488300475e-05,0.7993024486781402,41.927290000000006,-87.78523
Albany Ave & 16th St,4.0,127.0,1.0907861295635765e-05,3.221060357852197e-05,131.0,-2.1302742282886206e-05,0.33866247202016253,41.85936,-87.70302
Michigan Ave & 14th St,874.0,9484.0,0.0023833676930964144,0.0024053965695960814,10358.0,-2.202887649966701e-05,0.9908418979140459,41.864059,-87.623727
Linder Ave & Montrose Ave,20.0,302.0,5.453930647817882e-05,7.659529354892626e-05,322.0,-2.2055987070747442e-05,0.7120488988588062,41.96081,-87.76488
Mason Ave & Montrose Ave,14.0,238.0,3.8177514534725174e-05,6.036317835974983e-05,252.0,-2.218566382502466e-05,0.6324697125370332,41.96056,-87.77588
Kosciuszko Park,185.0,2077.0,0.0005044885849231542,0.0005267828632487412,2262.0,-2.2294278325587038e-05,0.9576785093831549,41.93058537138,-87.7237773635
Kilpatrick Ave & Parker Ave,8.0,176.0,2.181572259127153e-05,4.463831677023517e-05,184.0,-2.2822594178963643e-05,0.4887333447231117,41.930736,-87.744082
Mozart St & Jackson Blvd,17.0,273.0,4.6358410506452e-05,6.924011635383069e-05,290.0,-2.2881705847378688e-05,0.6695358617493927,41.8775,-87.69740000000002
Ave L & 114th,1.0,101.0,2.7269653239089413e-06,2.5616306782919045e-05,102.0,-2.2889341459010105e-05,0.1064891538765456,41.68803,-87.53641
Harlem Ave & Bloomingdale Ave,4.0,134.0,1.0907861295635765e-05,3.398599117733814e-05,138.0,-2.3078129881702376e-05,0.3209716693871265,41.91203,-87.80577
Austin Blvd & Madison St,14.0,242.0,3.8177514534725174e-05,6.137768555907336e-05,256.0,-2.320017102434818e-05,0.622015838022152,41.880281,-87.774453
Damen Ave & Clybourn Ave,342.0,3769.0,0.0009326221407768579,0.0009559194085625929,4111.0,-2.3297267785735024e-05,0.9756284439823114,41.931931,-87.677856
Lockwood Ave & Wrightwood Ave,32.0,437.0,8.726289036508612e-05,0.00011083491152609528,469.0,-2.3572021161009154e-05,0.787325057046521,41.927766,-87.758544
Kedzie Ave & Bryn Mawr Ave,68.0,825.0,0.000185433642025808,0.00020924210986047735,893.0,-2.380846783466936e-05,0.8862162398057227,41.982229759115164,-87.70888656377792
Sedgwick St & Schiller St,319.0,3525.0,0.0008699019383269522,0.0008940344694038578,3844.0,-2.4132531076905602e-05,0.9730071883020512,41.907626,-87.638566
Central Park Ave & Washington Blvd,2.0,117.0,5.453930647817883e-06,2.9674335580213155e-05,119.0,-2.422040493239527e-05,0.1838203525305745,41.8827476,-87.7153994
Larrabee St & Clybourn Ave,80.0,956.0,0.00021815722591271528,0.00024246722063832286,1036.0,-2.4309994725607575e-05,0.8997394600347667,41.9066,-87.64322
Francisco Ave & Montrose Ave,89.0,1053.0,0.00024269991382789576,0.00026706902022191837,1142.0,-2.4369106394022603e-05,0.9087538677168877,41.9610471,-87.700901
Cumberland Ave & Catherine Ave,13.0,237.0,3.545054921081624e-05,6.010955155991895e-05,250.0,-2.4659002349102713e-05,0.5897724823815281,41.97732,-87.83674
Meade Ave & Fullerton Ave,14.0,248.0,3.8177514534725174e-05,6.289944635805865e-05,262.0,-2.4721931823333476e-05,0.6069673069948547,41.924751,-87.778272
MLK Jr Dr & 47th St,42.0,550.0,0.00011453254360417553,0.0001394947399069849,592.0,-2.496219630280937e-05,0.8210540600060329,41.809851,-87.616279
Central Park Blvd & 5th Ave,14.0,250.0,3.8177514534725174e-05,6.340669995772042e-05,264.0,-2.522918542299524e-05,0.6021116451185299,41.875679,-87.71547
Tripp Ave & 15th St,0.0,101.0,0.0,2.5616306782919045e-05,101.0,-2.5616306782919045e-05,3.903610978601287e-05,41.86077,-87.73136
State St & 95th St,19.0,306.0,5.1812341154269884e-05,7.760980074824978e-05,325.0,-2.5797459593979895e-05,0.6676047747830812,41.7218499,-87.6228544
California Ave & Madison St,7.0,177.0,1.9088757267362587e-05,4.489194357006605e-05,184.0,-2.5803186302703462e-05,0.42522846018257876,41.88098,-87.69598
Narragansett Ave & McLean Ave,4.0,146.0,1.0907861295635765e-05,3.702951277530872e-05,150.0,-2.6121651479672952e-05,0.2945911487056047,41.9159,-87.78511
Public Rack - Mango & Higgins,0.0,104.0,0.0,2.6377187182411693e-05,104.0,-2.6377187182411693e-05,3.791011084593314e-05,41.971722,-87.77228800000002
Bosworth Ave & Howard St,53.0,674.0,0.00014452916216717388,0.00017094446308601422,727.0,-2.641530091884034e-05,0.8454752735640079,42.019537,-87.669563
Public Rack - Western Ave & Devon Ave,10.0,212.0,2.726965323908941e-05,5.376888156414691e-05,222.0,-2.6499228325057498e-05,0.5071733923489454,41.997579,-87.689713
Calumet Park,4.0,148.0,1.0907861295635765e-05,3.7536766374970484e-05,152.0,-2.6628905079334717e-05,0.290610293288777,41.71370983035615,-87.53084421157837
Wood St & Walnut St,13.0,245.0,3.545054921081624e-05,6.2138565958566e-05,258.0,-2.6688016747749766e-05,0.5705149153190892,41.88417586306651,-87.67124295169083
Broadway & Sunnyside Ave,207.0,2331.0,0.0005644818220491508,0.0005912040704057852,2538.0,-2.6722248356634377e-05,0.954800373517952,41.963419,-87.656069
Cicero Ave & Roscoe Ave,9.0,203.0,2.454268791518047e-05,5.148624036566897e-05,212.0,-2.6943552450488502e-05,0.4766945701666676,41.942427,-87.747315
Burnham Greenway & 112th St,9.0,204.0,2.454268791518047e-05,5.1739867165499855e-05,213.0,-2.7197179250319385e-05,0.47435787723994477,41.69177385116831,-87.53043115139008
Public Rack - Karlov Ave & Milwaukee Ave,2.0,129.0,5.453930647817883e-06,3.271785717818373e-05,131.0,-2.7263926530365847e-05,0.16672130747448963,41.942702,-87.730011
Kenneth Ave & Lawrence Ave,43.0,570.0,0.00011725950892808447,0.00014456727590360255,613.0,-2.7307766975518077e-05,0.8111081646036454,41.967943,-87.739983
Wentworth Ave & 33rd St,145.0,1667.0,0.0003954099719667965,0.0004227958753180797,1812.0,-2.7385903351283204e-05,0.9352268075995591,41.83452988563,-87.6318229814
Dodge Ave & Main St,49.0,635.0,0.0001336213008715381,0.00016105301789260984,684.0,-2.7431717021071737e-05,0.8296738114328629,42.03463185161588,-87.69918769598006
Fairfield Ave & Roosevelt Rd,16.0,281.0,4.363144518254306e-05,7.126913075247775e-05,297.0,-2.7637685569934684e-05,0.6122122230149852,41.866624,-87.694521
Central & Elston,3.0,142.0,8.180895971726824e-06,3.6015005575985196e-05,145.0,-2.7834109604258373e-05,0.2271738867450187,41.9855,-87.7682
Karlov Ave & Lawrence Ave,32.0,455.0,8.726289036508612e-05,0.00011540019392305115,487.0,-2.8137303557965025e-05,0.7561784016140525,41.967947,-87.730409
Long Ave & North Ave,6.0,176.0,1.6361791943453647e-05,4.463831677023517e-05,182.0,-2.8276524826781526e-05,0.3665556089864733,41.9092147,-87.7609189
Kostner Ave & Devon Ave,10.0,220.0,2.726965323908941e-05,5.579789596279396e-05,230.0,-2.852824272370455e-05,0.4887310540565741,41.997032,-87.73837
Lynch Ave & Elston Ave,6.0,178.0,1.6361791943453647e-05,4.514557036989693e-05,184.0,-2.8783778426443284e-05,0.36243709786566897,41.98096,-87.76149
Stony Island Ave & 64th St,7.0,189.0,1.9088757267362587e-05,4.793546516803663e-05,196.0,-2.8846707900674045e-05,0.39823039100704005,41.778881,-87.58664699999999
Public Rack - Rockwell & Division,13.0,254.0,3.545054921081624e-05,6.442120715704395e-05,267.0,-2.8970657946227708e-05,0.5503001336851893,41.90282,-87.692397
Public Rack - Jensen Park,11.0,233.0,2.9996618562998354e-05,5.909504436059543e-05,244.0,-2.9098425797597073e-05,0.5076078930081558,41.964864,-87.720774
Waveland/Wilton Corral,1.0,126.0,2.7269653239089413e-06,3.195697677869109e-05,127.0,-2.923001145478215e-05,0.08536101464745702,41.9489031,-87.65314100000002
Ravenswood Ave & Berteau Ave,352.0,3900.0,0.0009598917940159473,0.0009891445193404385,4252.0,-2.9252725324491126e-05,0.970426267164414,41.957921,-87.673567
Michigan Ave & 18th St,683.0,7459.0,0.0018625173162298068,0.0018918022999385462,8142.0,-2.928498370873933e-05,0.9845200694439582,41.857926,-87.62433600000001
N Green St & W Lake St,419.0,4623.0,0.0011425984707178463,0.001172516695618166,5042.0,-2.9918224900319593e-05,0.9744837753731757,41.885579,-87.648484
Public Rack - Justine St & 87th St,4.0,161.0,1.0907861295635765e-05,4.083391477277194e-05,165.0,-2.9926053477136176e-05,0.2671454405216395,41.736019,-87.66243
Western Ave & Wabansia Ave,47.0,624.0,0.00012816737022372025,0.00015826312309447015,671.0,-3.0095752870749903e-05,0.8098384379080955,41.91208,-87.68752
Public Rack - Jonathan Y Scammon Public School,15.0,280.0,4.090447985863412e-05,7.101550395264686e-05,295.0,-3.0111024094012745e-05,0.5759996280006899,41.941612,-87.73237200000001
Prospect Sq & 91st St,3.0,151.0,8.180895971726824e-06,3.829764677446313e-05,154.0,-3.0116750802736308e-05,0.2136340748515002,41.7282338,-87.6675239
MLK Jr Dr & Pershing Rd,89.0,1076.0,0.00024269991382789576,0.0002729024366180287,1165.0,-3.0202522790132914e-05,0.889328902690199,41.8246,-87.61678
Rockwell St & 57th St,5.0,173.0,1.3634826619544705e-05,4.3877436370742526e-05,178.0,-3.0242609751197822e-05,0.31076373151338793,41.79031,-87.68888
Halsted St & Lake St,96.0,1152.0,0.00026178867109525835,0.00029217807340517564,1248.0,-3.0389402309917283e-05,0.89599048981932,41.885760000000005,-87.64711
Wood St & 35th St,49.0,647.0,0.0001336213008715381,0.00016409653949058043,696.0,-3.0475238619042327e-05,0.8142858283332659,41.83010465416,-87.6702983089
Farragut Ave & Central Ave,13.0,260.0,3.545054921081624e-05,6.594296795602923e-05,273.0,-3.049241874521299e-05,0.5376010924070413,41.976659999999995,-87.76823
Knox Ave & Montrose Ave,66.0,830.0,0.00017997971137799013,0.00021051024385963178,896.0,-3.0530532481641646e-05,0.8549695877432594,41.960631,-87.745359
Public Rack - Christiana Ave & Belmont Ave,26.0,400.0,7.090109842163247e-05,0.00010145071993235266,426.0,-3.054962151072019e-05,0.6988752725819684,41.93917,-87.71169
Hyacinth Ave & Milwaukee Ave,15.0,282.0,4.090447985863412e-05,7.152275755230863e-05,297.0,-3.061827769367451e-05,0.5719145813713443,41.99282,-87.78377
Washtenaw Ave & Lawrence Ave,217.0,2455.0,0.0005917514752882402,0.0006226537935848144,2672.0,-3.090231829657418e-05,0.9503700628101487,41.9687297,-87.6962603
Laramie Ave & Addison St,9.0,219.0,2.454268791518047e-05,5.554426916296308e-05,228.0,-3.100158124778261e-05,0.44186819660864846,41.9456842,-87.75693440000002
Cityfront Plaza Dr & Pioneer Ct,935.0,10176.0,0.00254971257785486,0.002580906315079052,11111.0,-3.1193737224191956e-05,0.9879136546121043,41.890573,-87.622072
Kedzie Ave & Lake St,29.0,435.0,7.908199439335929e-05,0.00011032765792643352,464.0,-3.124566353307423e-05,0.7167946740192502,41.88460328501,-87.70630374359999
Leavitt St & Hirsch St,47.0,629.0,0.00012816737022372025,0.00015953125709362455,676.0,-3.13638868699043e-05,0.8034009708049338,41.90689,-87.68233
Rainbow Beach,0.0,125.0,0.0,3.170334997886021e-05,125.0,-3.170334997886021e-05,3.154141310787885e-05,41.75787096522547,-87.54917675279042
Walden Pkwy & 100th St,12.0,255.0,3.2723583886907294e-05,6.467483395687481e-05,267.0,-3.195125006996752e-05,0.5059785376517559,41.71216410359803,-87.66773343086243
Kilbourn Ave & Roscoe St,21.0,352.0,5.7266271802087765e-05,8.927663354047035e-05,373.0,-3.201036173838258e-05,0.6414514983321998,41.942722,-87.739557
Kedzie Ave & Foster Ave,79.0,976.0,0.00021543026058880635,0.0002475397566349405,1055.0,-3.210949604613413e-05,0.8702860228649641,41.975672,-87.709261
Grace St & Cicero Ave,16.0,300.0,4.363144518254306e-05,7.60880399492645e-05,316.0,-3.245659476672144e-05,0.573439291803876,41.94973,-87.74695
Long Ave & Diversey Ave,7.0,204.0,1.9088757267362587e-05,5.1739867165499855e-05,211.0,-3.265110989813727e-05,0.3689493105382546,41.93104,-87.76124
Sacramento Ave & Lunt Ave,16.0,302.0,4.363144518254306e-05,7.659529354892626e-05,318.0,-3.29638483663832e-05,0.5696417301794455,42.0082,-87.70461000000002
Ridge Blvd & Howard St,46.0,625.0,0.0001254404048998113,0.00015851674989430102,671.0,-3.307634499448973e-05,0.7913398025360258,42.019276,-87.68452
Western Ave & Grace St,115.0,1370.0,0.0003136010122495282,0.0003474687157683079,1485.0,-3.386770351877967e-05,0.9025304883221461,41.95037092929293,-87.68816057777777
Parnell Ave & 31st St,15.0,296.0,4.090447985863412e-05,7.507353274994097e-05,311.0,-3.416905289130685e-05,0.5448649276963536,41.837911,-87.640279
Wabash Ave & 16th St,593.0,6511.0,0.0016170904370780021,0.0016513640936988705,7104.0,-3.4273656620868384e-05,0.979245257907142,41.86038402778688,-87.62581300235036
Indiana Ave & 40th St,15.0,298.0,4.090447985863412e-05,7.558078634960273e-05,313.0,-3.4676306490968616e-05,0.5412081644832561,41.821679964801916,-87.62159931493291
Sacramento Ave & Lyndale St,21.0,364.0,5.7266271802087765e-05,9.232015513844092e-05,385.0,-3.505388333635316e-05,0.6203049746963432,41.92235,-87.70241
Western Ave & Ardmore Ave,23.0,387.0,6.272020244990564e-05,9.815357153455119e-05,410.0,-3.543336908464555e-05,0.6390043934716508,41.9867636,-87.68987959999998
Larrabee St & Chicago Ave,0.0,141.0,0.0,3.5761378776154314e-05,141.0,-3.5761378776154314e-05,2.796234574493074e-05,41.89677,-87.6386
Damen Ave/Coulter St,38.0,554.0,0.00010362468230853977,0.00014050924710630843,592.0,-3.688456479776866e-05,0.7374955524072048,41.8492,-87.67564
Fairfield Ave & Pratt Blvd,22.0,382.0,5.999323712599671e-05,9.68854375353968e-05,404.0,-3.6892200409400086e-05,0.619222242577329,42.0044482,-87.69859730000002
Public Rack - Monticello Ave & Belmont Ave,15.0,307.0,4.090447985863412e-05,7.786342754808066e-05,322.0,-3.6958947689446545e-05,0.5253423308528828,41.939472,-87.718423
Ogden Ave & Race Ave,639.0,7020.0,0.0017425308419778134,0.0017804601348127892,7659.0,-3.79292928349758e-05,0.9786969273895642,41.891795,-87.658751
Francisco Ave & Foster Ave,181.0,2097.0,0.0004935807236275183,0.0005318553992453588,2278.0,-3.827467561784046e-05,0.9280356959657763,41.97563272521,-87.7014194389
Long Ave & Belmont Ave,5.0,206.0,1.3634826619544705e-05,5.224712076516162e-05,211.0,-3.861229414561692e-05,0.2609821448092522,41.93833,-87.76166
Steelworkers Park,4.0,196.0,1.0907861295635765e-05,4.97108527668528e-05,200.0,-3.8802991471217035e-05,0.21944185719244905,41.73793,-87.53091
Melvina Ave & Giddings Ave,18.0,348.0,4.908537583036094e-05,8.826212634114682e-05,366.0,-3.9176750510785876e-05,0.5561368361306015,41.96648,-87.78202000000002
Western Ave & Winnebago Ave,641.0,7052.0,0.0017479847726256314,0.0017885761924073774,7693.0,-4.059141978174602e-05,0.9773051898715587,41.915519999999994,-87.687022
Lincoln Ave & Belle Plaine Ave,394.0,4397.0,0.0010744243376201229,0.0011151970388563867,4791.0,-4.0772701236263835e-05,0.9634390486571556,41.95600355078549,-87.68016144633293
Central Park Ave & North Ave,89.0,1118.0,0.00024269991382789576,0.00028355476221092566,1207.0,-4.0854848383029896e-05,0.8559195268525714,41.90965687563,-87.7166319516
Kenosha Ave & Wellington Ave,13.0,301.0,3.545054921081624e-05,7.634166674909538e-05,314.0,-4.0891117538279144e-05,0.46437399583289146,41.934457,-87.733795
Western Ave & 43rd St,5.0,215.0,1.3634826619544705e-05,5.4529761963639556e-05,220.0,-4.089493534409485e-05,0.2500575111830806,41.81574,-87.68489000000001
Albany Ave & Douglas Blvd,1.0,174.0,2.7269653239089413e-06,4.413106317057341e-05,175.0,-4.1404097846664465e-05,0.061813682115091036,41.86310853149135,-87.70312034955664
Menard Ave & Lawrence Ave,11.0,282.0,2.9996618562998354e-05,7.152275755230863e-05,293.0,-4.152613898931028e-05,0.41940775470387875,41.96788,-87.77274
Grace/Sheffield,0.0,164.0,0.0,4.159479517226459e-05,164.0,-4.159479517226459e-05,2.4040891533834266e-05,41.95120000000001,-87.6546
Shabbona Park,13.0,304.0,3.545054921081624e-05,7.710254714858801e-05,317.0,-4.165199793777178e-05,0.4597914171509742,41.94480000000001,-87.79932
California Ave & 23rd Pl,27.0,455.0,7.362806374554142e-05,0.00011540019392305115,482.0,-4.177213017750973e-05,0.6380268803339838,41.84910969176,-87.69513980680001
Kostner Ave & Bryn Mawr Ave,16.0,337.0,4.363144518254306e-05,8.547223154300711e-05,353.0,-4.184078636046405e-05,0.5104808183201632,41.982765,-87.738094
NAVY PIER,0.0,165.0,0.0,4.184842197209547e-05,165.0,-4.184842197209547e-05,2.3895192642488205e-05,41.892278,-87.612043
Valli Produce - Evanston Plaza,51.0,715.0,0.000139075231519356,0.0001813431618790804,766.0,-4.2267930359724394e-05,0.7669187145494737,42.03974199999999,-87.699413
Kedzie Ave & Chicago Ave,48.0,683.0,0.00013089433554762918,0.00017322710428449217,731.0,-4.2332768736863e-05,0.7556241297466375,41.89546530305,-87.7061278837
California Ave & 41st St,12.0,296.0,3.2723583886907294e-05,7.507353274994097e-05,308.0,-4.2349948863033675e-05,0.4358946061763272,41.81867,-87.69441
Eberhart Ave & 61st St,10.0,275.0,2.726965323908941e-05,6.974736995349245e-05,285.0,-4.247771671440304e-05,0.3909862446573765,41.784071072761,-87.61448353528975
Ashland Ave & Grace St,422.0,4705.0,0.0011507793666895732,0.0011933140932042982,5127.0,-4.2534726514725004e-05,0.9643558296069896,41.950771514725965,-87.66872750341331
Cherry Ave & Blackhawk St,141.0,1687.0,0.0003845021106711607,0.00042786841131469734,1828.0,-4.336630064353663e-05,0.8986459431388499,41.907221,-87.655618
Troy St & Grace St,56.0,775.0,0.0001527100581389007,0.00019656076986893328,831.0,-4.3850711730032585e-05,0.7769112897219429,41.950244,-87.706489
Ridge Blvd & Touhy Ave,65.0,872.0,0.00017725274605408117,0.00022116256945252879,937.0,-4.390982339844761e-05,0.801459962383757,42.01213227742,-87.6829126443
Avers Ave & Foster Ave,5.0,230.0,1.3634826619544705e-05,5.833416396110278e-05,235.0,-4.4699337341558076e-05,0.23374969218629296,41.97541,-87.72451999999998
Clark St & Winnemac Ave,1113.0,12144.0,0.0030351124055106515,0.0030800438571462266,13257.0,-4.493145163557508e-05,0.9854120788106945,41.97334764047304,-87.6678554713726
Sheffield Ave & Kingsbury St,980.0,10714.0,0.0026724260174307624,0.002717357533388066,11694.0,-4.493151595730358e-05,0.9834650027203875,41.91052201283299,-87.653106010569
Public Rack - Emerald Ave & 43rd St,2.0,199.0,5.453930647817883e-06,5.047173316634545e-05,201.0,-4.501780251852757e-05,0.10807678335626884,41.81643,-87.64475399999999
South Shore Dr & 74th St,26.0,458.0,7.090109842163247e-05,0.0001161610743225438,484.0,-4.525997590091132e-05,0.6103721790019065,41.76218896038,-87.55927465
Albany Ave & Belmont Ave,41.0,620.0,0.00011180557828026659,0.00015724861589514662,661.0,-4.5443037614880034e-05,0.7110133633319572,41.939638,-87.705263
Prairie Ave & 43rd St,40.0,616.0,0.00010907861295635764,0.0001562341086958231,656.0,-4.715549573946545e-05,0.6981760621341948,41.81665889302,-87.61941246190001
Lincoln Ave & Winona St,177.0,2093.0,0.00048267286233188257,0.0005308408920460353,2270.0,-4.816802971415276e-05,0.9092610616534093,41.97491129677,-87.6925025594
Pulaski Rd & Eddy St,34.0,560.0,9.2716821012904e-05,0.00014203100790529373,594.0,-4.931418689238973e-05,0.652795256367338,41.946264,-87.731023
Milwaukee Ave & Highland Ave,6.0,261.0,1.6361791943453647e-05,6.619659475586011e-05,267.0,-4.983480281240646e-05,0.24718106456587136,41.99636,-87.78674
Cottage Grove Ave & 43rd St,35.0,573.0,9.544378633681294e-05,0.00014532815630309518,608.0,-4.9884369966282245e-05,0.6567490568634106,41.816499,-87.606582
Monticello Ave & Lawrence Ave,64.0,886.0,0.00017452578073017224,0.00022471334465016114,950.0,-5.01875639199889e-05,0.7766606132860735,41.96834806534399,-87.71898711572858
Clark/Racine,0.0,198.0,0.0,5.021810636651457e-05,198.0,-5.021810636651457e-05,1.9912739838532585e-05,41.95049999999999,-87.65930000000002
Dan Ryan Woods & 83rd St,3.0,232.0,8.180895971726824e-06,5.8841417560764544e-05,235.0,-5.066052158903772e-05,0.13904758354426314,41.742805,-87.680177
Western Ave & Division St,344.0,3899.0,0.0009380760714246758,0.0009888908925406075,4243.0,-5.0814821115931696e-05,0.9486143819165299,41.902893,-87.687275
Franklin St & Monroe St Corral,0.0,201.0,0.0,5.0978986766007215e-05,201.0,-5.0978986766007215e-05,1.9615540596153838e-05,41.88056,-87.63524
Lincoln Ave & Balmoral Ave,46.0,696.0,0.0001254404048998113,0.00017652425268229363,742.0,-5.1083847782482344e-05,0.7106145041218439,41.979461,-87.693013
Halsted St & 18th St,329.0,3741.0,0.0008971715915660417,0.0009488178581673282,4070.0,-5.164626660128654e-05,0.9455678329359486,41.85750568031716,-87.64599144458771
Keeler Ave & Carmen Ave,14.0,364.0,3.8177514534725174e-05,9.232015513844092e-05,378.0,-5.414264060371575e-05,0.4135402603820791,41.974323,-87.7331
Cottage Grove Ave & 67th St,24.0,476.0,6.544716777381459e-05,0.00012072635671949966,500.0,-5.527918894568508e-05,0.5421154703641707,41.77372095205,-87.60563486
Central Park Ave & Ardmore Ave,24.0,478.0,6.544716777381459e-05,0.00012123361031916143,502.0,-5.578644254534684e-05,0.539847223507513,41.9866081,-87.7187674
Morgan Ave & 14th Pl,349.0,3975.0,0.0009517108980442205,0.0010081665293277546,4324.0,-5.645563128353409e-05,0.9440017361785312,41.86237799999999,-87.651062
Lavergne Ave & Lawrence Ave,6.0,289.0,1.6361791943453647e-05,7.329814515112479e-05,295.0,-5.6936353207671144e-05,0.22323305285099296,41.96775000000001,-87.75259000000001
Franklin St & Washington St,332.0,3796.0,0.0009053524875377685,0.0009627673321580268,4128.0,-5.741484462025827e-05,0.9403648388688024,41.88318,-87.63511
W Washington Blvd & N Peoria St,57.0,844.0,0.00015543702346280965,0.0002140610190572641,901.0,-5.862399559445445e-05,0.726135463672461,41.883043,-87.649931
California Ave & Altgeld St,243.0,2847.0,0.0006626525737098727,0.00072207549911852,3090.0,-5.942292540864734e-05,0.9177054986816656,41.92669,-87.697668
Big Marsh Park,1.0,247.0,2.7269653239089413e-06,6.264581955822777e-05,248.0,-5.9918854234318825e-05,0.043545152701222195,41.68587705562333,-87.57382392883301
Milwaukee Ave & Cuyler Ave,37.0,636.0,0.00010089771698463083,0.00016130664469244074,673.0,-6.0408927707809914e-05,0.6255048679001585,41.95446799999999,-87.749594
Delano Ct & Roosevelt Rd,470.0,5293.0,0.0012816737022372023,0.0013424466515048565,5763.0,-6.0772949267654235e-05,0.9547297436890526,41.867491,-87.63219
Portage Park,13.0,382.0,3.545054921081624e-05,9.68854375353968e-05,395.0,-6.143488832458056e-05,0.36590827480744414,41.95607,-87.76471999999998
Ogden Ave & Roosevelt Rd,90.0,1212.0,0.0002454268791518047,0.0003073956813950286,1302.0,-6.196880224322387e-05,0.7984077057631304,41.86650148316,-87.68469707
Carpenter St & Huron St,659.0,7333.0,0.0017970701484559923,0.0018598453231598552,7992.0,-6.277517470386286e-05,0.9662471173439703,41.894556,-87.65344900000001
Manor Ave & Leland Ave,104.0,1370.0,0.0002836043936865299,0.0003474687157683079,1474.0,-6.386432208177798e-05,0.8162017603733772,41.965875,-87.700825
California Ave & Division St,284.0,3306.0,0.0007744581519901393,0.0008384902002408947,3590.0,-6.403204825075539e-05,0.9236342036358172,41.903029000000004,-87.697474
Kilbourn Ave & Irving Park Rd,27.0,545.0,7.362806374554142e-05,0.0001382266059078305,572.0,-6.459854216228908e-05,0.5326654054519104,41.953733,-87.740569
Lincoln Ave & Montana St,115.0,1492.0,0.0003136010122495282,0.0003784111853476754,1607.0,-6.48101730981472e-05,0.8287312734430017,41.926570000000005,-87.65059999999998
Budlong Woods Library,38.0,665.0,0.00010362468230853977,0.0001686618218875363,703.0,-6.503713957899652e-05,0.6143955208910057,41.98366470886,-87.6964225611
Whipple/Irving Park,47.0,765.0,0.00012816737022372025,0.00019402450187062446,812.0,-6.585713164690421e-05,0.6605748676747785,41.954189,-87.704448
Edgebrook Metra,11.0,382.0,2.9996618562998354e-05,9.68854375353968e-05,393.0,-6.688881897239844e-05,0.3096162819696919,41.99751,-87.76539
Austin Blvd & Lake St,6.0,332.0,1.6361791943453647e-05,8.420409754385271e-05,338.0,-6.784230560039906e-05,0.19432068153513102,41.88794379427211,-87.77427345514297
Campbell Ave & Irving Park Rd,36.0,660.0,9.817075166072188e-05,0.0001673936878883819,696.0,-6.922293622766001e-05,0.5864687398335031,41.953634,-87.690782
North Boundary Park,24.0,533.0,6.544716777381459e-05,0.0001351830843098599,557.0,-6.973591653604532e-05,0.4841410740616379,42.01302999999999,-87.70891
N Carpenter St & W Lake St,228.0,2727.0,0.0006217480938512386,0.0006916402831388142,2955.0,-6.989218928757563e-05,0.8989473430932432,41.885586,-87.6531893
Spaulding Ave & Armitage Ave,406.0,4644.0,0.0011071479215070301,0.0011778428584146145,5050.0,-7.069493690758434e-05,0.9399793644951037,41.91710803478932,-87.71022096276283
Waveland/Racine,0.0,279.0,0.0,7.076187715281598e-05,279.0,-7.076187715281598e-05,1.413170351793992e-05,41.9491,-87.6593
Sawyer Ave & Irving Park Rd,99.0,1348.0,0.00026996956706698517,0.00034188892617202844,1447.0,-7.191935910504327e-05,0.789641771811505,41.953598557720426,-87.70931008347263
Wells St & Washington St,179.0,2209.0,0.0004881267929797005,0.0005602616008264175,2388.0,-7.213480784671705e-05,0.8712482187097366,41.883,-87.63396
Addison/Racine,0.0,285.0,0.0,7.228363795180127e-05,285.0,-7.228363795180127e-05,1.3834198085999833e-05,41.94729999999999,-87.6592
Wolcott Ave & Fargo Ave,21.0,512.0,5.7266271802087765e-05,0.0001298569215134114,533.0,-7.259064971132362e-05,0.44099944874116404,42.016977,-87.677725
Central St Metra,83.0,1184.0,0.00022633812188444213,0.0003002941309997639,1267.0,-7.395600911532175e-05,0.753722250277245,42.063598,-87.69873
Winchester Ave & Elston Ave,220.0,2658.0,0.0005999323712599671,0.0006741400339504834,2878.0,-7.420766269051636e-05,0.8899226438484873,41.92409085038,-87.6764600747
California Ave & North Ave,283.0,3338.0,0.0007717311866662303,0.000846606257835483,3621.0,-7.487507116925264e-05,0.9115586708284483,41.910044,-87.697167
Sacramento Blvd & Addison St,44.0,770.0,0.00011998647425199342,0.00019529263586977888,814.0,-7.530616161778547e-05,0.6143952091301155,41.94609,-87.702988
N Paulina St & Lincoln Ave,105.0,1430.0,0.0002863313590104388,0.0003626863237581608,1535.0,-7.635496474772197e-05,0.7894744046840872,41.943838,-87.671469
Wood St & Webster Ave,199.0,2443.0,0.0005426660994578792,0.0006196102719868439,2642.0,-7.694417252896465e-05,0.8758186366070526,41.92105672992757,-87.67279744148254
Indiana Ave & 26th St,184.0,2282.0,0.0005017616195992452,0.0005787763572140719,2466.0,-7.701473761482678e-05,0.8669354689590225,41.845687,-87.622481
Clark St & Schreiber Ave,241.0,2899.0,0.0006571986430620548,0.0007352640927097259,3140.0,-7.806544964767109e-05,0.893826797407217,41.999245,-87.671249
California Ave & 21st St,53.0,880.0,0.00014452916216717388,0.00022319158385117585,933.0,-7.866242168400197e-05,0.6475580849207165,41.8537957934734,-87.69582286477088
South Shore Dr & 67th St,53.0,884.0,0.00014452916216717388,0.00022420609105049938,937.0,-7.96769288833255e-05,0.6446279709084695,41.773643,-87.567514
Public Rack - Milwaukee Ave & Haussen Ct,3.0,347.0,8.180895971726824e-06,8.800849954131593e-05,350.0,-7.982760356958912e-05,0.09296605496416718,41.937752,-87.721623
Ravenswood Ave & Irving Park Rd,380.0,4405.0,0.0010362468230853976,0.0011172260532550337,4785.0,-8.097923016963608e-05,0.9275176608606964,41.95469,-87.67393
Hudson Ave & Armitage Ave,147.0,1906.0,0.00040086390261461434,0.0004834126804776604,2053.0,-8.254877786304605e-05,0.82923781184372,41.91818,-87.63999999999999
McCormick Blvd & Devon Ave,65.0,1025.0,0.00017725274605408117,0.0002599674698266537,1090.0,-8.271472377257254e-05,0.6818278623260485,41.997197299082565,-87.71105704770642
Damen Ave & Cullerton St,186.0,2329.0,0.0005072155502470631,0.0005906968168061233,2515.0,-8.348126655906025e-05,0.8586734804431143,41.854966518753926,-87.67569959163664
Wentworth Ave & 35th St,129.0,1719.0,0.0003517785267842534,0.0004359844689092856,1848.0,-8.420594212503219e-05,0.8068606682335261,41.830777,-87.632504
Lincoln Ave & Peterson Ave,30.0,655.0,8.180895971726824e-05,0.0001661255538892275,685.0,-8.431659417195926e-05,0.49245564782989953,41.990267,-87.70857
Broadway & Argyle St,508.0,5808.0,0.0013852983845457421,0.0014730644534177606,6316.0,-8.776606887201852e-05,0.9404194371211501,41.97423,-87.65977350000001
Damen Ave & Sunnyside Ave,304.0,3619.0,0.0008289974584683182,0.0009178753885879607,3923.0,-8.887793011964256e-05,0.9031700442187316,41.96325,-87.679258
Clarendon Ave & Leland Ave,548.0,6244.0,0.0014943769975020998,0.001583645738144025,6792.0,-8.926874064192516e-05,0.9436309004452945,41.967968,-87.65000100000002
Stony Island Ave & 63rd St,26.0,634.0,7.090109842163247e-05,0.00016079939109277897,660.0,-8.98982926711465e-05,0.4409323754736593,41.780506,-87.586853
Broadway & Ridge Ave,386.0,4505.0,0.0010526086150288512,0.0011425887332381218,4891.0,-8.998011820927064e-05,0.9212489701318555,41.9840446107,-87.6602738295
Sheffield Ave & Fullerton Ave,1354.0,14919.0,0.0036923110485727064,0.0037838582266769235,16273.0,-9.154717810421712e-05,0.9758058710380153,41.9256163,-87.65365740000001
LaSalle St & Adams St Corral,23.0,610.0,6.272020244990564e-05,0.0001547123478968378,633.0,-9.199214544693215e-05,0.40540265789948443,41.87937994371794,-87.63207985027061
Damen Ave & Division St,666.0,7524.0,0.0018161589057233548,0.0019082880419275536,8190.0,-9.212913620419878e-05,0.9517216028704228,41.903266,-87.678435
Addison/Sheffield SE Corral,1.0,375.0,2.7269653239089413e-06,9.511004993658062e-05,376.0,-9.238308461267167e-05,0.028681896853498406,41.9470281,-87.654252
Sheridan Rd & Columbia Ave,208.0,2602.0,0.0005672087873730598,0.000659936933159954,2810.0,-9.27281457868942e-05,0.8594895957216949,42.004583,-87.661406
Morgan St & Hubbard St,100.0,1441.0,0.0002726965323908941,0.00036547621855630044,1541.0,-9.277968616540631e-05,0.7461409864836379,41.89012,-87.65251000000002
Clark St & Elmdale Ave,196.0,2479.0,0.0005344852034861524,0.0006287408367807556,2675.0,-9.425563329460318e-05,0.8500884977255451,41.99086044812557,-87.66972362995148
Ashland Ave & Belle Plaine Ave,185.0,2368.0,0.0005044885849231542,0.0006005882619995277,2553.0,-9.609967707637358e-05,0.8399910168949222,41.9557944253819,-87.66915741480612
Hastings LWS,0.0,394.0,0.0,9.992895913336737e-05,394.0,-9.992895913336737e-05,1.0007008995824682e-05,41.863516399999995,-87.6797485
Halsted St & Belden St,138.0,1879.0,0.0003763212146994339,0.0004765647568822266,2017.0,-0.00010024354218279272,0.7896543326180151,41.92365,-87.64894
Winchester (Ravenswood) Ave & Balmoral Ave,133.0,1832.0,0.00036268638807988916,0.0004646442972901752,1965.0,-0.00010195790921028601,0.7805682962791026,41.979762,-87.67753
Dayton St & North Ave,920.0,10295.0,0.0025088080979962257,0.0026110879042589266,11215.0,-0.00010227980626270096,0.9608286772250945,41.9105780349,-87.6494219288
Sheffield/Cornelia Corral,13.0,556.0,3.545054921081624e-05,0.0001410165007059702,569.0,-0.00010556595149515396,0.2513982238611278,41.9452875,-87.6542225
Elston Ave & Wabansia Ave,198.0,2551.0,0.0005399391341339703,0.000647001966368579,2749.0,-0.0001070628322346087,0.8345249746913554,41.912919,-87.664169
Troy St & North Ave,123.0,1748.0,0.00033541673484079976,0.0004433396461043811,1871.0,-0.00010792291126358135,0.7565688772010953,41.909769301690005,-87.7052804871
Racine Ave & Randolph St,285.0,3497.0,0.0007771851173140482,0.0008869329190085932,3782.0,-0.00010974780169454494,0.8762615800992029,41.884081224846845,-87.65692072930314
Clark St & Jarvis Ave,73.0,1219.0,0.0001990684686453527,0.0003091710689938447,1292.0,-0.00011010260034849203,0.6438792135822461,42.015963000000006,-87.675005
Racine Ave & 15th St,208.0,2672.0,0.0005672087873730598,0.0006776908091481158,2880.0,-0.000110482021775056,0.836973060196882,41.861267,-87.656625
Dearborn St & Adams St Corral,11.0,559.0,2.9996618562998354e-05,0.00014177738110546283,570.0,-0.00011178076254246448,0.2115810487403183,41.87939,-87.62988
Addison/Wilton Corral,11.0,565.0,2.9996618562998354e-05,0.00014329914190444812,576.0,-0.00011330252334144977,0.20933418602614245,41.9473827,-87.6531716
Southport Ave & Clark St,254.0,3182.0,0.0006926491922728711,0.0008070404770618655,3436.0,-0.0001143912847889944,0.8582584810814804,41.957081,-87.664199
LaSalle St & Washington St Corral,0.0,453.0,0.0,0.00011489294032338938,453.0,-0.00011489294032338938,8.703679212196245e-06,41.88288,-87.63251
Smith Park,145.0,2013.0,0.0003954099719667965,0.0005105507480595647,2158.0,-0.00011514077609276824,0.7744777556234416,41.892048,-87.689397
Elston Ave & Henderson St,38.0,863.0,0.00010362468230853977,0.00021887992825405086,901.0,-0.00011525524594551109,0.47343404075965656,41.941499,-87.701051
Damen Ave & Charleston St,413.0,4895.0,0.0011262366787743927,0.0012415031851721657,5308.0,-0.00011526650639777304,0.907155764938651,41.920082,-87.677855
Drake Ave & Montrose Ave,76.0,1273.0,0.00020724936461707954,0.00032286691618471235,1349.0,-0.00011561755156763281,0.6419044885788894,41.96115407569,-87.7165690733
Francisco Ave & Bloomingdale Ave,41.0,901.0,0.00011180557828026659,0.00022851774664762436,942.0,-0.00011671216836735778,0.489266547801753,41.9139595955414,-87.69938705732484
Addison/Sheffield SW Corral,5.0,518.0,1.3634826619544705e-05,0.0001313786823123967,523.0,-0.00011774385569285198,0.10378946256789709,41.9469539,-87.65441230000002
Kedzie Ave & Palmer Ct,319.0,3895.0,0.0008699019383269522,0.000987876385341284,4214.0,-0.00011797444701433177,0.8805778442093046,41.921525,-87.707322
Grace/Sheffield Corral,4.0,515.0,1.0907861295635765e-05,0.00013061780191290405,519.0,-0.0001197099406172683,0.08351677657332778,41.9511586,-87.6546115
Avondale Ave & Irving Park Rd,188.0,2496.0,0.000512669480894881,0.0006330524923778806,2684.0,-0.00012038301148299961,0.8098375367446186,41.953393,-87.732002
Eckhart Park,528.0,6154.0,0.001439837691023921,0.0015608193261592456,6682.0,-0.00012098163513532458,0.9224884292524383,41.89637337,-87.66098386
Clark/Racine Corral,5.0,537.0,1.3634826619544705e-05,0.00013619759150918344,542.0,-0.00012256276488963874,0.1001172366648541,41.950436,-87.6593212
Milwaukee Ave & Ainslie St,103.0,1597.0,0.00028087742836262094,0.000405041999329918,1700.0,-0.00012416457096729706,0.6934533588465708,41.96861,-87.76108
Elmwood Ave & Austin St,50.0,1028.0,0.00013634826619544706,0.0002607283502261463,1078.0,-0.00012438008403069925,0.5229532696536968,42.02578400000001,-87.684107
Wabash Ave & Cermak Rd,216.0,2815.0,0.0005890245099643313,0.0007139594415239318,3031.0,-0.00012493493155960045,0.8250114091854588,41.852619,-87.626488
Halsted St & Willow St,677.0,7774.0,0.0018461555242863532,0.001971694741885274,8451.0,-0.0001255392175989209,0.936329315455698,41.913865,-87.648755
Clifton Ave & Armitage Ave,815.0,9258.0,0.002222476738985787,0.0023480769128343022,10073.0,-0.00012560017384851503,0.9465093670180192,41.918216,-87.656936
Eastlake Ter & Howard St,83.0,1390.0,0.00022633812188444213,0.0003525412517649255,1473.0,-0.00012620312988048335,0.6420198451428869,42.01920250193227,-87.66430288553238
Southport Ave & Irving Park Rd,554.0,6456.0,0.0015107387894455534,0.001637414619708172,7010.0,-0.00012667583026261856,0.9226367278179529,41.954177,-87.664358
Dearborn Pkwy & Delaware Pl,1785.0,19696.0,0.00486763310317746,0.004995433449469045,21481.0,-0.00012780034629158478,0.9744165702534304,41.898969,-87.629912
Honore St & Division St,808.0,9192.0,0.0022033879817184247,0.0023313375440454642,10000.0,-0.00012794956232703956,0.9451175537530407,41.903119,-87.673935
Hampden Ct & Diversey Ave,172.0,2355.0,0.0004690380357123379,0.0005972911136017262,2527.0,-0.00012825307788938835,0.7852757888999898,41.9325593,-87.6423847
LaSalle St & Washington St Corral N,0.0,509.0,0.0,0.00012909604111391876,509.0,-0.00012909604111391876,7.746110920679993e-06,41.88288,-87.63251
Wentworth Ave & 24th St,113.0,1736.0,0.00030814708160171035,0.00044029612450641057,1849.0,-0.00013214904290470022,0.6998639428934627,41.85008369347577,-87.6321405172348
Wells St & Randolph St Corral,51.0,1071.0,0.000139075231519356,0.0002716343026188742,1122.0,-0.00013255907109951823,0.5119961587411593,41.88438,-87.63396
Leavitt St & Chicago Ave,381.0,4621.0,0.0010389737884093065,0.0011720094420185042,5002.0,-0.00013303565360919768,0.8864893614940188,41.895501,-87.682017
Clark/Newport,0.0,545.0,0.0,0.0001382266059078305,545.0,-0.0001382266059078305,7.234444910134632e-06,41.9449,-87.65460000000002
Southport Ave & Belmont Ave,700.0,8075.0,0.0019088757267362588,0.0020480364086343694,8775.0,-0.0001391606818981106,0.9320516894313454,41.93947775040509,-87.6637476682663
Southport Ave & Wellington Ave,896.0,10189.0,0.002443360930222411,0.002584203463476853,11085.0,-0.00014084253325444187,0.9454986881862479,41.93577461766458,-87.66360014677048
Damen Ave & Foster Ave,377.0,4614.0,0.0010280659271136709,0.001170234054419688,4991.0,-0.0001421681273060171,0.8785131869284865,41.9758109755749,-87.67950989857908
Rockwell St & Eastwood Ave,213.0,2853.0,0.0005808436139926044,0.0007235972599175054,3066.0,-0.00014275364592490093,0.8027169856085948,41.96590013976,-87.69363849350002
Elston Ave & George St,83.0,1461.0,0.00022633812188444213,0.0003705487545529181,1544.0,-0.00014421063266847596,0.610819786286267,41.934003,-87.690823
Leavitt St & Addison St,173.0,2437.0,0.00047176500103624685,0.0006180885111878586,2610.0,-0.00014632351015161172,0.7632648548421347,41.946655,-87.683359
Lincoln Ave & Byron St,323.0,4062.0,0.000880809799622588,0.0010302320609130412,4385.0,-0.00014942226129045322,0.8549626614020442,41.952372,-87.677296
Lake Park Ave & 53rd St,522.0,6202.0,0.0014234758990804672,0.001572993412551128,6724.0,-0.0001495175134706608,0.9049472062471163,41.79949429373001,-87.5864498959
Addison Red Line,0.0,597.0,0.0,0.00015141519949903634,597.0,-0.00015141519949903634,6.604313166679134e-06,41.9472,-87.654
Seminary Ave & Belden Ave,26.0,883.0,7.090109842163247e-05,0.0002239524642506685,909.0,-0.00015305136582903603,0.31659299693740206,41.923390000000005,-87.65599
Wood St & Augusta Blvd,459.0,5539.0,0.001251677083674204,0.0014048388442632535,5998.0,-0.0001531617605890496,0.890975643085228,41.899181,-87.6722
Wilton Ave & Diversey Pkwy,916.0,10459.0,0.00249790023670059,0.0026526826994311913,11375.0,-0.00015478246273060124,0.9416506148984929,41.93241798951903,-87.65270499568871
Sheridan Rd & Greenleaf Ave,124.0,1944.0,0.0003381437001647087,0.0004930504988712339,2068.0,-0.0001549067987065252,0.6858202458340343,42.01058656284,-87.66241209479999
California Ave & Byron St,161.0,2347.0,0.0004390414171493395,0.0005952620992030793,2508.0,-0.00015622068205373976,0.7375602783661823,41.95216219326,-87.698051113
Lincoln Ave & Dickens Ave,125.0,1964.0,0.00034087066548861767,0.0004981230348678516,2089.0,-0.00015725236937923394,0.6843108174433868,41.920120000000004,-87.6416
Kimball Ave & Belmont Ave,275.0,3580.0,0.0007499154640749588,0.0009079839433945563,3855.0,-0.0001580684793195975,0.8259128849332579,41.93939395344302,-87.71206766366959
Archer & Wentworth,24.0,882.0,6.544716777381459e-05,0.0002236988374508376,906.0,-0.00015825166967702302,0.29257136938330636,41.8546868,-87.6308531
Clark St & Bryn Mawr Ave,578.0,6840.0,0.001576185957219368,0.0017348073108432304,7418.0,-0.00015862135362386246,0.9085654866693819,41.983593,-87.669154
California Ave & Francis Pl,288.0,3731.0,0.0007853660132857751,0.0009462815901690194,4019.0,-0.00016091557688324438,0.8299497649486476,41.91849116331977,-87.69742283132375
Racine/Eddy Corral,8.0,733.0,2.181572259127153e-05,0.00018590844427603624,741.0,-0.00016409272168476472,0.11735134100491586,41.9463404,-87.6591024
Leavitt St & Lawrence Ave,242.0,3258.0,0.0006599256083859638,0.0008263161138490124,3500.0,-0.00016639050546304857,0.7986360167611728,41.968885,-87.684001
Avers Ave & Belmont Ave,170.0,2488.0,0.00046358410506452,0.0006310234779792335,2658.0,-0.00016743937291471356,0.734654710303926,41.939408,-87.723574
Kedzie Ave & George St,68.0,1404.0,0.000185433642025808,0.00035609202696255786,1472.0,-0.00017065838493674987,0.5207477484396399,41.933886,-87.707262
Wilton Ave & Diversey Pkwy*,361.0,4561.0,0.0009844344819311278,0.0011567918340286512,4922.0,-0.00017235735209752338,0.8510041322634486,41.932418,-87.652705
Larrabee St & North Ave,387.0,4847.0,0.0010553355803527603,0.0012293290987802834,5234.0,-0.00017399351842752302,0.8584647698773862,41.91021,-87.6435
Cottage Grove Ave & Oakwood Blvd,33.0,1044.0,8.998985568899507e-05,0.00026478637902344044,1077.0,-0.00017479652333444537,0.3398608197297371,41.822985,-87.6071
Lincoln Ave & Addison St,273.0,3655.0,0.000744461533427141,0.0009270059533818724,3928.0,-0.00018254441995473145,0.8030819301961224,41.946176,-87.673308
Broadway & Wilson Ave,756.0,8855.0,0.0020615857848751596,0.002245865312502457,9611.0,-0.00018427952762729762,0.9179472408480254,41.965221,-87.658139
Addison/Racine Corral,24.0,988.0,6.544716777381459e-05,0.00025058327823291107,1012.0,-0.00018513611045909648,0.2611822586610256,41.9470683,-87.6593535
The Salt Shed,61.0,1389.0,0.0001663448847584454,0.0003522876249650946,1450.0,-0.0001859427402066492,0.4721863635958363,41.90689,-87.65978
Campbell Ave & Fullerton Ave,148.0,2326.0,0.0004035908679385233,0.0005899359364066307,2474.0,-0.0001863450684681074,0.6841271380579164,41.92463247165,-87.6893070063
Green St & Randolph St*,673.0,7975.0,0.0018352476629907174,0.0020226737286512812,8648.0,-0.00018742606566056388,0.9073375155156364,41.8836016120626,-87.64862672558314
California Ave & Montrose Ave,223.0,3139.0,0.0006081132672316939,0.0007961345246691374,3362.0,-0.00018802125743744356,0.7638325993359202,41.961068,-87.69543899999998
Clark St & Wellington Ave,1028.0,11806.0,0.0028033203529783915,0.0029943179988033888,12834.0,-0.00019099764582499726,0.9362133273370923,41.9364968219,-87.6475386582
Clark/Newport Corral,19.0,970.0,5.1812341154269884e-05,0.0002460179958359552,989.0,-0.00019420565468168533,0.21060707519031935,41.9449411,-87.654611
Archer Ave & Wentworth Ave,51.0,1316.0,0.000139075231519356,0.00033377286857744025,1367.0,-0.00019469763705808426,0.4166780105108448,41.8546868,-87.6308531
California Ave & Fletcher St,196.0,2877.0,0.0005344852034861524,0.0007296843031134465,3073.0,-0.0001951990996272941,0.7324886512111292,41.93842879148,-87.698007756
Sheridan Rd & Argyle St,568.0,6880.0,0.0015489163039802787,0.0017449523828364658,7448.0,-0.00019603607885618712,0.8876554062793783,41.97328682025978,-87.65475958585739
Ritchie Ct & Banks St,852.0,9937.0,0.0023233744559704177,0.002520289509919471,10789.0,-0.00019691505394905332,0.9218681127536582,41.906866,-87.626217
Rockwell St & Fletcher St,81.0,1673.0,0.00022088419123662424,0.000424317636117065,1754.0,-0.00020343344488044077,0.5205644353920961,41.93877151938426,-87.69298122576966
Wolcott (Ravenswood) Ave & Montrose Ave,376.0,4851.0,0.001025338961789762,0.0012303436059796068,5227.0,-0.00020500464418984486,0.8333762401253273,41.961406,-87.676169
Central Park Ave & Bloomingdale Ave,122.0,2122.0,0.0003326897695168908,0.0005381960692411308,2244.0,-0.00020550629972424005,0.6181578989012181,41.914166,-87.716755
Richmond St & Diversey Ave,167.0,2610.0,0.00045540320909279316,0.0006619659475586011,2777.0,-0.0002065627384658079,0.6879561143836086,41.93190196886,-87.7011951301
Clark/Eddy,0.0,835.0,0.0,0.00021177837785878618,835.0,-0.00021177837785878618,4.721895068871139e-06,41.94659999999999,-87.65610000000001
Greenview Ave & Fullerton Ave,607.0,7391.0,0.0016552679516127274,0.0018745556775500462,7998.0,-0.0002192877259373188,0.8830188873115764,41.92533,-87.6658
Lincoln Ave & Diversey Pkwy,784.0,9303.0,0.0021379408139446097,0.002359490118826692,10087.0,-0.0002215493048820824,0.9061029290958923,41.93222500062526,-87.65861701501092
Sheridan Rd & Loyola Ave,252.0,3584.0,0.0006871952616250531,0.0009089984505938799,3836.0,-0.00022180318896882672,0.7559919438632056,42.00104377979,-87.6611982433
Leavitt St & Armitage Ave,362.0,4782.0,0.0009871614472550367,0.0012128433567912761,5144.0,-0.00022568190953623944,0.8139234368593611,41.917805,-87.68243699999998
Chicago Ave & Washington St,162.0,2645.0,0.0004417683824732485,0.000670842885552682,2807.0,-0.00022907450307943354,0.6585278512440969,42.032562,-87.679101
Larrabee St & Menomonee St,371.0,4895.0,0.0010117041351702172,0.0012415031851721657,5266.0,-0.00022979905000194848,0.8149027182134863,41.91468,-87.64332
W Armitage Ave & N Sheffield Ave,262.0,3732.0,0.0007144649148641426,0.0009465352169688503,3994.0,-0.0002320703021047077,0.7548215293357919,41.917805,-87.653449
Damen Ave & Thomas St (Augusta Blvd),550.0,6839.0,0.0014998309281499176,0.0017345536840433996,7389.0,-0.00023472275589348206,0.8646783765004614,41.901315,-87.677409
South Shore Dr & 71st St,28.0,1227.0,7.635502906945035e-05,0.0003112000833924918,1255.0,-0.00023484505432304142,0.24535913640489773,41.7664094567,-87.5656875719
Milwaukee Ave & Fullerton Ave,254.0,3665.0,0.0006926491922728711,0.0009295422213801812,3919.0,-0.00023689302910731016,0.7451511412717609,41.924690375095686,-87.70058124521562
Ashland Ave & Wrightwood Ave,382.0,5052.0,0.0010417007537332156,0.0012813225927456142,5434.0,-0.0002396218390123986,0.8129888184615893,41.92882999871071,-87.6685067415486
State St & 19th St,151.0,2571.0,0.0004117717639102501,0.0006520745023651967,2722.0,-0.00024030273845494662,0.6314801927333188,41.856594,-87.627542
Burling St & Armitage Ave,0.0,950.0,0.0,0.00024094545983933757,950.0,-0.00024094545983933757,4.1502996170468635e-06,41.918079999999996,-87.64728
Waveland/Racine Corral,10.0,1065.0,2.726965323908941e-05,0.00027011254181988895,1075.0,-0.00024284288858079955,0.10095996318938134,41.9488214,-87.6592823
Ashland Ave & Blackhawk St,559.0,6980.0,0.0015243736160650981,0.001770315062819554,7539.0,-0.00024594144675445587,0.8610748374712542,41.907066,-87.667252
Lincoln Ave & Fullerton Ave,1326.0,15234.0,0.003615956019503256,0.0038637506686236512,16560.0,-0.0002477946491203954,0.935866828312839,41.924161029067626,-87.64638036489487
Stetson Ave & South Water St,722.0,8742.0,0.0019688689638622556,0.0022172054841215674,9464.0,-0.0002483365202593118,0.8879957631200506,41.886835,-87.62232
Halsted St & Roscoe St,1146.0,13311.0,0.0031251022611996464,0.0033760263325488655,14457.0,-0.0002509240713492191,0.9256747512290506,41.943667741716816,-87.64895781893892
Sheridan Rd & Lawrence Ave,349.0,4742.0,0.0009517108980442205,0.0012026982847980407,5091.0,-0.0002509873867538202,0.7913132651475998,41.969516999999996,-87.654691
Lake Park Ave & 35th St,96.0,2033.0,0.00026178867109525835,0.0005156232840561824,2129.0,-0.0002538346129609241,0.5077140064775029,41.83127423549,-87.6087991946
Sheridan Rd & Buena Ave,694.0,8473.0,0.0018925139347928052,0.0021489798749670603,9167.0,-0.00025646594017425506,0.8806569462009818,41.958490957783354,-87.65498859932366
63rd St Beach,18.0,1206.0,4.908537583036094e-05,0.00030587392059604326,1224.0,-0.0002567885447656823,0.1604785895316581,41.78091096424803,-87.57632374763489
Damen Ave & Leland Ave,448.0,5830.0,0.0012216804651112056,0.00147864424301404,6278.0,-0.0002569637779028344,0.8262167486644432,41.967081,-87.679076
LaSalle St & Jackson Blvd Corral,17.0,1214.0,4.6358410506452e-05,0.0003079029349946903,1231.0,-0.0002615445244882383,0.15056452756036212,41.87816,-87.63204
Eddy/Seminary Corral,9.0,1137.0,2.454268791518047e-05,0.00028837367140771244,1146.0,-0.000263830983492532,0.08511041484804986,41.9461279,-87.6566721
N Southport Ave & W Newport Ave,114.0,2279.0,0.0003108740469256193,0.0005780154768145793,2393.0,-0.00026714142988896,0.5378307702210092,41.944018882992054,-87.66397501880483
Broadway & Thorndale Ave,453.0,5939.0,0.0012353152917307503,0.001506289564195606,6392.0,-0.0002709742724648558,0.8201049127532958,41.98974251144,-87.6601406209
State St & Harrison St,503.0,6495.0,0.0013716635579261974,0.0016473060649015764,6998.0,-0.000275642506975379,0.8326708402772205,41.874053,-87.627716
Kedzie Ave & Milwaukee Ave,800.0,9696.0,0.002181572259127153,0.0024591654511602287,10496.0,-0.00027759319203307566,0.8871189902976645,41.929083085060974,-87.70802510914633
Milwaukee Ave & Rockwell St,229.0,3560.0,0.0006244750591751475,0.0009029114073979387,3789.0,-0.00027843634822279117,0.6916241864200272,41.92032879364165,-87.69308613427661
Sedgwick St & Webster Ave,899.0,10769.0,0.002451541826194138,0.0027313070073787644,11668.0,-0.0002797651811846263,0.8975709878092011,41.922167,-87.638888
Western Ave & Walton St,395.0,5355.0,0.0010771513029440318,0.0013581715130943713,5750.0,-0.0002810202101503395,0.7930894584885381,41.89841768945,-87.6865960164
Franklin St & Adams St Corral,64.0,1806.0,0.00017452578073017224,0.00045805000049457226,1870.0,-0.0002835242197644,0.3810204115736678,41.87942,-87.63558
California Ave & Cortez St,362.0,5022.0,0.0009871614472550367,0.0012737137887506877,5384.0,-0.000286552341495651,0.7750262900089953,41.900363,-87.696704
Wells St & 19th St,46.0,1646.0,0.0001254404048998113,0.00041746971252163117,1692.0,-0.0002920293076218199,0.3004795333835821,41.856802,-87.633879
Damen Ave & Chicago Ave,775.0,9493.0,0.0021133981260294294,0.0024076792107945596,10268.0,-0.0002942810847651302,0.8777740152343511,41.89569719911461,-87.67713042376089
Aberdeen St & Carroll Ave,333.0,4770.0,0.0009080794528616774,0.0012097998351933055,5103.0,-0.00030172038233162806,0.7506032616654474,41.88819,-87.65459
Fort Dearborn Dr & 31st St,20.0,1427.0,5.453930647817882e-05,0.0003619254433586681,1447.0,-0.0003073861368804893,0.15069445043044155,41.83855595291223,-87.60821812148446
Clark St & Leland Ave,584.0,7501.0,0.0015925477491628216,0.0019024546255314433,8085.0,-0.00030990687636862175,0.8371016531426059,41.967087841502305,-87.66729089029786
Sheffield/Newport Corral,23.0,1530.0,6.272020244990564e-05,0.0003880490037412489,1553.0,-0.0003253288012913433,0.1616317532410798,41.9446132,-87.6542018
Walsh Park,387.0,5462.0,0.0010553355803527603,0.0013853095806762757,5849.0,-0.0003299740003235153,0.7618050385766707,41.91461,-87.667968
Sheridan Rd & Montrose Ave,918.0,11218.0,0.002503354167348408,0.0028451854405028305,12136.0,-0.0003418312731544226,0.8798562834799639,41.96167,-87.65464
Lincoln Ave & Sunnyside Ave,369.0,5319.0,0.0010062502045223992,0.0013490409483004596,5688.0,-0.00034279074377806034,0.7459006043437622,41.963004,-87.684781
Wentworth Ave & Cermak Rd*,454.0,6246.0,0.0012380422570546592,0.0015841529917436869,6700.0,-0.00034611073468902766,0.7815169885674677,41.853214418519656,-87.63187229633331
Central Park Ave & Elbridge Ave,145.0,2967.0,0.0003954099719667965,0.0007525107150982258,3112.0,-0.00035710074313142934,0.5254549052637449,41.93533728263,-87.71688929350002
Damen Ave & Pierce Ave,1027.0,12453.0,0.0028005933876544824,0.0031584145382939693,13480.0,-0.0003578211506394869,0.8867086530251921,41.90913973176558,-87.6775313230267
Winthrop Ave & Lawrence Ave,379.0,5494.0,0.0010335198577614887,0.0013934256382708637,5873.0,-0.000359905780509375,0.7417117122463005,41.968812,-87.657659
Wells St & Evergreen Ave,1080.0,13033.0,0.0029451225498216566,0.0033055180821958807,14113.0,-0.00036039553237422403,0.8909715771070936,41.90672457611039,-87.63482999967887
Wabansia & Milwaukee,0.0,1421.0,0.0,0.00036040368255968284,1421.0,-0.00036040368255968284,2.7746587333376295e-06,41.913754,-87.6826658
Halsted St & Wrightwood Ave,1045.0,12682.0,0.0028496787634848435,0.0032164950754552412,13727.0,-0.0003668163119703977,0.8859577927765757,41.929143,-87.64907700000002
Clark St & Montrose Ave,463.0,6499.0,0.0012625849449698398,0.0016483205721008999,6962.0,-0.0003857356271310601,0.7659827829351202,41.961588,-87.666036
Wacker Dr & Washington St Corral,37.0,1919.0,0.00010089771698463083,0.0004867098288754619,1956.0,-0.0003858121118908311,0.20730731884013306,41.88316,-87.63736
Michigan Ave & Ida B Wells Dr,434.0,6198.0,0.0011835029505764805,0.0015719789053518045,6632.0,-0.000388475954775324,0.7528747323978138,41.876203,-87.624464
Clark St & Wrightwood Ave,1339.0,15981.0,0.003651406568714072,0.00405320988809732,17320.0,-0.00040180331938324777,0.9008678969645557,41.929546,-87.643118
Sedgwick St & North Ave,830.0,10509.0,0.0022633812188444214,0.0026653640394227354,11339.0,-0.000401982820578314,0.8491828268801127,41.910983,-87.638525
Field Blvd & South Water St,928.0,11586.0,0.0025306238205874973,0.002938520102840595,12514.0,-0.00040789628225309767,0.8611899428393437,41.88634906269,-87.6175165471
Greenview Ave & Diversey Pkwy,340.0,5272.0,0.00092716821012904,0.001337120488708408,5612.0,-0.000409952278579368,0.6934068579098515,41.93258963429789,-87.66593635082245
Humboldt Blvd & Armitage Ave,242.0,4249.0,0.0006599256083859638,0.0010776602724814162,4491.0,-0.00041773466409545236,0.6123692344129812,41.91751339399,-87.70180895549998
Hampden Ct & Diversey Pkwy,227.0,4105.0,0.0006190211285273296,0.001041138013305769,4332.0,-0.0004221168847784395,0.5945624173296932,41.93247,-87.64242
Leavitt St & Belmont Ave,223.0,4070.0,0.0006081132672316939,0.0010322610753116883,4293.0,-0.00042414780807999446,0.5891084074246123,41.939354,-87.683282
Larrabee St & Armitage Ave,508.0,7149.0,0.0013852983845457421,0.0018131779919909729,7657.0,-0.00042787960744523077,0.764016895554589,41.918084,-87.643749
Broadway & Belmont Ave,1001.0,12476.0,0.00272969228923285,0.0031642479546900794,13477.0,-0.00043455566545722935,0.8626670430551532,41.94010600392988,-87.6454510048789
Damen Ave & Melrose Ave,192.0,3797.0,0.0005235773421905167,0.0009630209589578577,3989.0,-0.00043944361676734095,0.5436826619790803,41.9406,-87.6785
Damen Ave & Wellington Ave,249.0,4427.0,0.0006790143656533263,0.001122805842851313,4676.0,-0.00044379147719798666,0.6047481541250677,41.93588,-87.67842000000002
Columbus Dr & Randolph St,1491.0,17795.0,0.004065905297948231,0.004513288902990539,19286.0,-0.0004473836050423079,0.900874170581006,41.884728,-87.619521
Calumet Ave & 21st St,271.0,4686.0,0.0007390076027793231,0.0011884951840075114,4957.0,-0.00044948758122818834,0.6218014098181173,41.85418424947,-87.6191537415
Wabash Ave & Wacker Pl,749.0,9861.0,0.002042497027607797,0.002501013873132324,10610.0,-0.0004585168455245271,0.8166676854063363,41.886875,-87.62603
Green St & Lake St,181.0,3766.0,0.0004935807236275183,0.0009551585281631003,3947.0,-0.00046157780453558194,0.5167531800439055,41.88558,-87.64841
McClurg Ct & Ohio St,1710.0,20244.0,0.004663110703884289,0.0051344209357763685,21954.0,-0.0004713102318920793,0.9082057848405454,41.892592119709725,-87.61728912591934
Wood St & Milwaukee Ave,591.0,8220.0,0.0016116365064301843,0.002084812294609847,8811.0,-0.00047317578817966275,0.7730368520754214,41.90746150493701,-87.67240429168085
Southport Ave & Roscoe St,1087.0,13564.0,0.002964211307089019,0.0034401939129060787,14651.0,-0.0004759826058170595,0.861640802958174,41.943738999999994,-87.66402
Damen Ave & Grand Ave,217.0,4268.0,0.0005917514752882402,0.001082479181678203,4485.0,-0.0004907277063899627,0.5466635651202666,41.89239445296271,-87.67688512802124
Pine Grove Ave & Irving Park Rd,974.0,12408.0,0.0026560642254873086,0.0031470013323015794,13382.0,-0.0004909371068142709,0.8439984928593234,41.95436725508892,-87.64794502215663
Paulina Ave & North Ave,372.0,6068.0,0.0010144311004941261,0.0015390074213737898,6440.0,-0.0005245763208796637,0.6591465559289125,41.90985465216731,-87.66993016004562
Wilton Ave & Addison St,164.0,3903.0,0.00044722231312106634,0.0009899053997399312,4067.0,-0.0005426830866188648,0.4517834345131633,41.947459,-87.653216
Broadway & Granville Ave,381.0,6258.0,0.0010389737884093065,0.0015871965133416573,6639.0,-0.0005482227249323508,0.6545970363964769,41.9947796884,-87.6602845349
Broadway & Oakdale Ave,160.0,3908.0,0.00043631445182543057,0.0009911735337390854,4068.0,-0.0005548590819136549,0.4402004258316481,41.93558083163717,-87.64404965678466
Ashland Ave & Division St,983.0,12767.0,0.0026806069134024894,0.003238053353440866,13750.0,-0.0005574464400383765,0.8278452492787791,41.90318794361149,-87.66894633544676
Clark St & Newport St,1267.0,15869.0,0.0034550650653926286,0.004024803686516261,17136.0,-0.0005697386211236323,0.8584431629608392,41.94454,-87.654678
Wilton Ave & Belmont Ave,1622.0,19721.0,0.004423137755380302,0.005001774119464817,21343.0,-0.0005786363640845147,0.8843137985486984,41.940231918108594,-87.65294373035431
Racine Ave & Belmont Ave,653.0,9433.0,0.0017807083565125387,0.0023924616028047066,10086.0,-0.0006117532462921679,0.744299766451938,41.939743,-87.658865
Calumet Ave & 18th St,482.0,7645.0,0.0013143972861241096,0.0019389768847070902,8127.0,-0.0006245795985829806,0.6778820410954135,41.85761755293753,-87.61941075325012
Michigan Ave & Jackson Blvd,766.0,10752.0,0.002088855438114249,0.0027269953517816397,11518.0,-0.0006381399136673907,0.7659916511254325,41.878345598237544,-87.62415080552178
Shore Dr & 55th St,736.0,10470.0,0.0020070464783969806,0.002655472594229331,11206.0,-0.0006484261158323503,0.7558152650278807,41.795212,-87.580715
Streeter Dr/Grand Ave,86.0,3493.0,0.00023451901785616894,0.0008859184118092696,3579.0,-0.0006513993939531006,0.2647193579122736,41.89240100000001,-87.612388
Sheffield Ave & Wellington Ave,868.0,11952.0,0.002367005901152961,0.0030313475115786976,12820.0,-0.0006643416104257366,0.7808428796991891,41.936253484169214,-87.6526620968688
Marine Dr & Ainslie St,332.0,6301.0,0.0009053524875377685,0.0015981024657343852,6633.0,-0.0006927499781966167,0.5665174420491771,41.9716,-87.650154
Bissell St & Armitage Ave*,762.0,10937.0,0.002077947576818613,0.0027739163097503525,11699.0,-0.0006959687329317395,0.7491025667977191,41.9182955629354,-87.65218332409859
Clark St & Grace St,640.0,9631.0,0.0017452578073017223,0.002442679709171221,10271.0,-0.0006974219018694987,0.7144850330823108,41.95078,-87.659172
Franklin St & Adams St,456.0,7660.0,0.0012434961877024772,0.0019427812867045535,8116.0,-0.0006992850990020763,0.6400599780080147,41.879434091400135,-87.63550400733948
Clarendon Ave & Junior Ter,718.0,10559.0,0.00195796110256662,0.0026780453794142795,11277.0,-0.0007200842768476596,0.7311158304117382,41.961004,-87.649603
Damen Ave & Cortland St,643.0,9818.0,0.0017534387032734492,0.002490107920739596,10461.0,-0.000736669217466147,0.7041618495759028,41.915983,-87.67733500000001
Clark St & Schiller St,988.0,13585.0,0.0026942417400220337,0.0034455200757025272,14573.0,-0.0007512783356804936,0.7819550891798532,41.907993,-87.631501
Cannon Dr & Fullerton Ave,155.0,4680.0,0.0004226796252058859,0.0011869734232085262,4835.0,-0.0007642937980026403,0.35609918540901025,41.9267559875,-87.6344287848
Clark St & Drummond Pl,1022.0,14021.0,0.002786958561034938,0.0035561013604287917,15043.0,-0.0007691427993938536,0.7837118503807323,41.931248,-87.644336
Southport Ave & Waveland Ave,1167.0,15616.0,0.0031823685330017344,0.003960636106159048,16783.0,-0.0007782675731573133,0.8034993986328469,41.948226,-87.6640712
McCormick Place,245.0,5828.0,0.0006681065043576906,0.0014781369894143782,6073.0,-0.0008100304850566876,0.45199264827933106,41.8513751729,-87.6188346489
Griffin Museum of Science and Industry,193.0,5307.0,0.0005263043075144256,0.001345997426702489,5500.0,-0.0008196931191880633,0.39101480140939043,41.79172820953,-87.583945009
Fort Dearborn Dr & 31st St*,77.0,4120.0,0.00020997632994098847,0.0010449424153032324,4197.0,-0.000834966085362244,0.20094612480050425,41.83867628233386,-87.60883195345701
Halsted St & Dickens Ave,694.0,10833.0,0.0018925139347928052,0.002747539122567941,11527.0,-0.0008550251877751356,0.6888033842519463,41.919936,-87.64883
Stockton Dr & Wrightwood Ave,779.0,11825.0,0.002124305987325065,0.0029991369080001754,12604.0,-0.0008748309206751104,0.7083058707165462,41.93132,-87.63874200000001
Indiana Ave & Roosevelt Rd,1486.0,19482.0,0.004052270471328686,0.004941157314305236,20968.0,-0.0008888868429765499,0.8201055731399827,41.86788801019692,-87.6230410031074
Broadway & Barry Ave,1250.0,16951.0,0.0034087066548861766,0.004299227883933275,18201.0,-0.0008905212290470981,0.7928648943592929,41.93758231600629,-87.6440978050232
Damen Ave & Wicker Park Ave,145.0,5336.0,0.0003954099719667965,0.0013533526038975844,5481.0,-0.0009579426319307879,0.2921712188359602,41.90881520000001,-87.6771937
Broadway & Cornelia Ave,1331.0,18131.0,0.0036295908461228005,0.004598507507733715,19462.0,-0.0009689166616109147,0.7892976255276243,41.945529,-87.646439
Sheffield Ave & Wrightwood Ave,812.0,12582.0,0.0022142958430140603,0.003191132395472153,13394.0,-0.0009768365524580928,0.6938904046304958,41.928712,-87.653833
Sheffield Ave & Addison St,270.0,7069.0,0.0007362806374554142,0.0017928878480045023,7339.0,-0.0010566072105490881,0.4106677545988982,41.947017,-87.654418
Sheffield Ave & Waveland Ave,849.0,13339.0,0.002315193559998691,0.0033831278829441302,14188.0,-0.001067934322945439,0.6843353121043142,41.949399,-87.654529
Clark St & North Ave,516.0,9984.0,0.0014071141071370136,0.0025322099695115224,10500.0,-0.0011250958623745088,0.5556863642402015,41.911974,-87.631942
Larrabee St & Webster Ave,909.0,14447.0,0.0024788114794332275,0.0036641463771567473,15356.0,-0.0011853348977235198,0.6765045791789907,41.921822,-87.64414
Milwaukee Ave & The 606,291.0,7803.0,0.0007935469092575019,0.0019790499190803696,8094.0,-0.0011855030098228679,0.4009739727294383,41.913754,-87.6826658
Lakeview Ave & Fullerton Pkwy,887.0,14385.0,0.002418818242307231,0.0036484215155672324,15272.0,-0.0012296032732600016,0.6629767336394066,41.925858,-87.638973
Pine Grove Ave & Waveland Ave,900.0,15435.0,0.002454268791518047,0.003914729655389658,16335.0,-0.0014604608638716108,0.6269319673727994,41.94947274088333,-87.64645278453827
Field Museum,347.0,9781.0,0.0009462569673964026,0.0024807237291458533,10128.0,-0.0015344667617494508,0.3814441627798873,41.8653120005395,-87.61786701481803
Lakefront Trail & Wilson Ave,87.0,7047.0,0.00023724598318007787,0.001787308058408223,7134.0,-0.0015500620752281452,0.1327397643199828,41.9668559,-87.6430926
Burnham Harbor,205.0,8398.0,0.000559027891401333,0.002129957864979744,8603.0,-0.001570929973578411,0.2624599472753899,41.85741178707404,-87.61379152536392
Lincoln Park Conservatory,477.0,12407.0,0.0013007624595045648,0.0031467477055017487,12884.0,-0.0018459852459971839,0.41336744088599164,41.92393131136619,-87.63582453131676
Michigan Ave & 8th St,717.0,15330.0,0.001955234137242711,0.0038880988414074155,16047.0,-0.0019328647041647047,0.5028767822317428,41.87277296771354,-87.62398098838872
Adler Planetarium,329.0,12309.0,0.0008971715915660417,0.003121892279118322,12638.0,-0.00222472068755228,0.28738092924797837,41.866094999999994,-87.607267
Buckingham Fountain,93.0,9797.0,0.00025360777512353154,0.0024847817579431476,9890.0,-0.002231173982819616,0.1020647677600048,41.87130745884732,-87.62309887518705
DuSable Lake Shore Dr & Wellington Ave,550.0,14879.0,0.0014998309281499176,0.003773713154683688,15429.0,-0.0022738822265337705,0.39744184818249256,41.936688449499705,-87.63682901859283
DuSable Lake Shore Dr & Belmont Ave,668.0,16189.0,0.0018216128363711726,0.004105964262462143,16857.0,-0.0022843514260909707,0.44365057177294315,41.940775,-87.639192
Clark St & Armitage Ave,1273.0,22761.0,0.003471426857336082,0.0057727995909506976,24034.0,-0.0023013727336146155,0.6013420700479084,41.918305755767996,-87.63628183370878
Clark St & Lincoln Ave,1195.0,22177.0,0.0032587235620711846,0.005624681539849462,23372.0,-0.0023659579777782777,0.5793615086689675,41.915689,-87.6346
Lakefront Trail & Bryn Mawr Ave,209.0,11726.0,0.0005699357526969687,0.0029740278548169184,11935.0,-0.0024040921021199497,0.19163793645574906,41.98404411519213,-87.65228122472763
Shedd Aquarium,773.0,18733.0,0.0021079441953816115,0.004751190841231906,19506.0,-0.0026432466458502944,0.4436666137301363,41.867225962011034,-87.61535540410257
DuSable Lake Shore Dr & Diversey Pkwy,475.0,18886.0,0.001295308528856747,0.004789995741606031,19361.0,-0.003494687212749284,0.27041970981016666,41.932588,-87.636427
Millennium Park,1124.0,26361.0,0.00306510902407365,0.006685856070341871,27485.0,-0.0036207470462682207,0.4584468366322585,41.8810317,-87.62408432
Montrose Harbor,182.0,17561.0,0.0004963076889514272,0.004453940231830112,17743.0,-0.003957632542878686,0.1114313510480459,41.963982,-87.638181
Dusable Harbor,382.0,20111.0,0.0010417007537332156,0.0051006885713988604,20493.0,-0.004058987817665645,0.2042276321959208,41.88697599432289,-87.61281299950515
Streeter Dr & Grand Ave,826.0,29099.0,0.0022524733575487853,0.007380286248278825,29925.0,-0.00512781289073004,0.305201448368299,41.892278002970286,-87.61204300164603
Theater on the Lake,313.0,27538.0,0.0008535401463834986,0.006984374813742819,27851.0,-0.00613083466735932,0.12220721924842975,41.926277,-87.630834
Michigan Ave & Oak St,829.0,33799.0,0.0022606542535205123,0.00857233220748397,34628.0,-0.006311677953963457,0.26371528016979967,41.90096039009614,-87.62377663865593
DuSable Lake Shore Dr & North Blvd,526.0,34144.0,0.001434383760376103,0.008659833453425624,34670.0,-0.007225449693049521,0.16563651050034733,41.911722,-87.626804
Navy Pier,455.0,34322.0,0.0012407692223785683,0.00870497902379552,34777.0,-0.007464209801416951,0.14253567716259632,41.892278,-87.612043
DuSable Lake Shore Dr & Monroe St,721.0,37195.0,0.0019661419985383464,0.009433648819709643,37916.0,-0.007467506821171296,0.2084180604658974,41.880958,-87.616743
