end_station_name,return_count_cold,return_count_mild,return_share_cold,return_share_mild,total_return_count,cold_minus_mild_share,cold_mild_share_ratio,end_lat,end_lng
University Ave & 57th St,875.0,3676.0,0.010838195037964649,0.0032632886243853594,4551.0,0.00757490641357929,3.3212485820978954,41.791478002955266,-87.59986050810642
Ellis Ave & 60th St,758.0,3659.0,0.00938897353003109,0.0032481972460897796,4417.0,0.00614077628394131,2.8905177020317807,41.78509714636001,-87.6010727606
Kingsbury St & Kinzie St,971.0,7948.0,0.012027299864987056,0.007055663217251043,8919.0,0.004971636647736013,1.7046305627158957,41.889172621529056,-87.63849963502554
Ellis Ave & 55th St,606.0,3482.0,0.0075062242205789454,0.0030910693661887435,4088.0,0.004415154854390202,2.4283579250361877,41.79430062054,-87.6014497734
State St & Chicago Ave,787.0,6179.0,0.009748182279860776,0.0054852721463757165,6966.0,0.00426291013348506,1.7771554888386352,41.896617200407526,-87.62857854366302
Blackstone Ave & 59th St,452.0,1562.0,0.005598701893897167,0.0013866313469232674,2014.0,0.0042120705469739,4.037626055904338,41.787877,-87.590461
Halsted St & Polk St,320.0,1560.0,0.003963682756741358,0.0013848558906531991,1880.0,0.0025788268660881584,2.8621612698708505,41.87184,-87.64664
Clark St & Elm St,754.0,7801.0,0.009339427495571824,0.00692516718140103,8555.0,0.002414260314170794,1.348621181598851,41.903017321641414,-87.63152289470456
Clinton St & Madison St,452.0,3605.0,0.005598701893897167,0.003200259926797938,4057.0,0.0023984419670992295,1.7494520046835749,41.88275006331282,-87.64119022354309
State St & 33rd St,246.0,990.0,0.0030470811192449183,0.0008788508536837611,1236.0,0.0021682302655611574,3.467116905395247,41.834734,-87.625813
Kimbark Ave & 53rd St,396.0,3161.0,0.00490505741146743,0.0028061086348427967,3557.0,0.002098948776624633,1.7479924342807156,41.7994549,-87.59477789999998
Loomis St & Lexington St,344.0,2686.0,0.004260958963496959,0.002384437770701598,3030.0,0.0018765211927953608,1.7869865294310798,41.87222873224032,-87.66136385500431
Desplaines St & Kinzie St,498.0,4859.0,0.006168481290178737,0.004313471008130702,5357.0,0.001855010282048035,1.4300503813520578,41.888716036,-87.6444478533
Halsted St & Clybourn Ave,449.0,4180.0,0.005561542368052717,0.003710703604442547,4629.0,0.00185083876361017,1.4987836437840676,41.909668,-87.648128
Wells St & Elm St,676.0,7437.0,0.008373279823616117,0.006602034140248617,8113.0,0.0017712456833675,1.2682878303039142,41.903222,-87.634324
Canal St & Madison St,306.0,2302.0,0.003790271636133923,0.0020435501668485028,2608.0,0.0017467214692854201,1.8547480961678862,41.882409,-87.639767
Milwaukee Ave & Wabansia Ave,168.0,388.0,0.0020809334472892127,0.0003444385163932316,556.0,0.001736494930895981,6.041509026256732,41.912616,-87.68139430306123
Aberdeen St & Jackson Blvd,337.0,2831.0,0.004174253403193242,0.002513158350281543,3168.0,0.001661095052911699,1.6609589052622593,41.87772613,-87.65478743
Kingsbury St & Erie St,415.0,3924.0,0.005140401075148948,0.0034834452018738167,4339.0,0.0016569558732751313,1.475665699210116,41.8939139,-87.6417358
Wells St & Hubbard St,431.0,4174.0,0.005338585212986016,0.003705377235632342,4605.0,0.001633207977353674,1.440766872771076,41.889906,-87.634266
Broadway & Waveland Ave,516.0,5366.0,0.006391438445245439,0.004763549172592992,5882.0,0.001627889272652447,1.3417386641623892,41.949074,-87.648636
Woodlawn Ave & 55th St,262.0,1897.0,0.003245265257081986,0.0016840202721596915,2159.0,0.0015612449849222946,1.9270933869618279,41.795264,-87.596471
Wells St & Concord Ln,722.0,8497.0,0.008943059219897687,0.007543025963384765,9219.0,0.0014000332565129213,1.1856062908576277,41.912133,-87.634656
Wells St & Huron St,509.0,5543.0,0.006304732884941722,0.004920677052494027,6052.0,0.0013840558324476945,1.2812733972193509,41.89478399980203,-87.6343724037867
Wolcott Ave & Polk St,179.0,965.0,0.002217185042052197,0.0008566576503079085,1144.0,0.0013605273917442883,2.5881791320910312,41.871262,-87.673688
Desplaines St & Jackson Blvd,278.0,2379.0,0.003443449394919054,0.002111905233246129,2657.0,0.001331544161672925,1.6304939777682557,41.87811890091227,-87.64394760131836
Calumet Ave & 33rd St,161.0,775.0,0.0019942278869854954,0.0006879893046514292,936.0,0.0013062385823340663,2.898629346231664,41.834805689473676,-87.61795095789473
University Ave & 59th St,163.0,812.0,0.002019000904215129,0.0007208352456476908,975.0,0.001298165658567438,2.8009161809018095,41.787878,-87.598906
Sheffield Ave & Webster Ave,365.0,3692.0,0.0045210756444081105,0.003277492274545905,4057.0,0.0012435833698622055,1.379431249949553,41.92154,-87.653818
Morgan St & Polk St,199.0,1385.0,0.002464915214348532,0.0012295034670222313,1584.0,0.0012354117473263005,2.00480460255535,41.871737,-87.65103
Drexel Ave & 60th St,167.0,971.0,0.0020685469386743957,0.0008619840191181131,1138.0,0.0012065629195562827,2.3997492912239973,41.785861,-87.604553
Clark St & Chicago Ave,300.0,2849.0,0.0037159525844450226,0.0025291374567121567,3149.0,0.0011868151277328659,1.469256684853746,41.89675,-87.63089
Green St & Madison St,410.0,4386.0,0.005078468532074864,0.003893575600259572,4796.0,0.0011848929318152924,1.3043199231617275,41.88185932803824,-87.64926373958588
Ellis Ave & 58th St,147.0,788.0,0.0018208167663780611,0.0006995297704068725,935.0,0.0011212869959711888,2.602913043151779,41.788746136093295,-87.60133399414377
Ashland Ave & 13th St,148.0,817.0,0.0018332032749928777,0.0007252738863228614,965.0,0.0011079293886700164,2.527599272445804,41.86523400000001,-87.66650700000001
Sedgwick St & Huron St,266.0,2474.0,0.0032948112915412533,0.0021962394060743686,2740.0,0.0010985718854668847,1.500205661651817,41.894666,-87.638437
Lincoln Ave & Melrose St,268.0,2515.0,0.003319584308770887,0.0022326362596107666,2783.0,0.0010869480491601203,1.4868448936257637,41.9406,-87.669435
Dearborn St & Erie St,483.0,5529.0,0.0059826836609564865,0.004908248858603551,6012.0,0.0010744348023529358,1.218903852351686,41.893992,-87.629318
MLK Jr Dr & 29th St,178.0,1334.0,0.00220479853343738,0.0011842293321354923,1512.0,0.001020569201301888,1.8617995786862862,41.842052,-87.617
Kingsbury St & Kinzie St 1,83.0,23.0,0.0010280802150297896,2.0417747105784347e-05,106.0,0.0010076624679240052,50.349867683044494,41.889070000000004,-87.63835
Ellis Ave & 53rd St,173.0,1297.0,0.0021428659903632965,0.0011513833911392303,1470.0,0.0009914825992240661,1.861122147263999,41.79933626261,-87.6009581145
900 W Harrison St,156.0,1114.0,0.0019322953439114116,0.0009889291424279897,1270.0,0.0009433662014834219,1.9539260267335967,41.874754,-87.649807
Wabash Ave & Grand Ave,499.0,5914.0,0.006180867798793554,0.005250024190591679,6413.0,0.0009308436082018749,1.1773026936842124,41.891466,-87.62676099999999
Clybourn Ave & Division St,156.0,1157.0,0.0019322953439114116,0.0010271014522344561,1313.0,0.0009051938916769555,1.8813082762169546,41.904613,-87.640552
Woodlawn Ave & 58th St,189.0,1620.0,0.0023410501282003643,0.0014381195787552454,1809.0,0.0009029305494451189,1.6278545504345983,41.789381,-87.596479
Canal St & Taylor St,156.0,1174.0,0.0019322953439114116,0.0010421928305300357,1330.0,0.0008901025133813759,1.8540661893274597,41.870257,-87.639474
Larrabee St & Oak St,175.0,1467.0,0.0021676390075929296,0.0013022971740950277,1642.0,0.0008653418334979019,1.6644728916242484,41.90026748327433,-87.64269324050811
Rhodes Ave & 32nd St,129.0,827.0,0.0015978596113113597,0.0007341511676732024,956.0,0.0008637084436381573,2.176470603329506,41.836208000000006,-87.613533
Elizabeth St & Randolph St,212.0,2027.0,0.002625939826341149,0.001799424929714125,2239.0,0.0008265148966270241,1.4593214330074329,41.884336,-87.658902
Daley Center Plaza,280.0,2986.0,0.0034682224121486875,0.0026507562112118286,3266.0,0.0008174662009368589,1.3083896923789349,41.88424087537072,-87.62963348535213
State St & Randolph St,302.0,3320.0,0.003740725601674656,0.0029472574083132187,3622.0,0.0007934681933614374,1.2692224716785376,41.88462107257936,-87.62783423066139
Clark St & Wellington Ave,315.0,3508.0,0.003901750213667274,0.00311415029769963,3823.0,0.0007875999159676437,1.2529099715063394,41.9364968219,-87.6475386582
Ravenswood Ave & Lawrence Ave,303.0,3344.0,0.0037531121102894727,0.0029685628835540373,3647.0,0.0007845492267354354,1.2642857817821842,41.968445,-87.674226
Racine Ave & Fullerton Ave,249.0,2616.0,0.0030842406450893685,0.0023222968012492112,2865.0,0.0007619438438401572,1.3280991109022677,41.925566,-87.658416
Peoria St & Jackson Blvd,242.0,2519.0,0.0029975350847856515,0.002236187172150903,2761.0,0.0007613479126347485,1.3404668364301549,41.87764159627531,-87.64961779117584
Clark St & Berwyn Ave,306.0,3419.0,0.003790271636133923,0.003035142493681595,3725.0,0.0007551291424523279,1.2487952032661114,41.978028844843585,-87.66836255860282
Larrabee St & Division St,228.0,2338.0,0.0028241239641782173,0.0020755083797097305,2566.0,0.0007486155844684868,1.360690051216817,41.9034860737611,-87.64335349093417
Franklin St & Illinois St,282.0,3102.0,0.003492995429378321,0.0027537326748757847,3384.0,0.0007392627545025365,1.2684583339512248,41.89102335487364,-87.63548087376064
Throop St & Taylor St,154.0,1325.0,0.0019075223266817782,0.0011762397789201852,1479.0,0.000731282547761593,1.6217116094486423,41.868968,-87.659141
Wells St & Polk St,244.0,2582.0,0.003022308102015285,0.0022921140446580516,2826.0,0.0007301940573572335,1.3185678044647045,41.87273154226308,-87.63351649045944
Lincoln Ave & Waveland Ave,149.0,1261.0,0.0018455897836076945,0.0011194251782780027,1410.0,0.0007261646053296918,1.6486936069752636,41.948797,-87.675278
Sheridan Rd & Montrose Ave,315.0,3595.0,0.003901750213667274,0.003191382645447597,3910.0,0.000710367568219677,1.222589211182113,41.96167,-87.65464
Racine Ave & Congress Pkwy,116.0,829.0,0.001436834999318742,0.0007359266239432707,945.0,0.0007009083753754714,1.9524148198430735,41.87464,-87.65703
Wells St & Walton St,291.0,3271.0,0.0036044740069116716,0.0029037587296965478,3562.0,0.0007007152772151239,1.2413131052300774,41.89993001,-87.63443007
Wacker Dr & Washington St,102.0,641.0,0.0012634238787113076,0.0005690337345568594,743.0,0.0006943901441544482,2.220294829093711,41.88314336439022,-87.63724207878113
Franklin St & Jackson Blvd,237.0,2531.0,0.002935602541711568,0.002246839909771312,2768.0,0.0006887626319402556,1.3065471297700197,41.87770795589999,-87.6353211408
Sheridan Rd & Irving Park Rd,317.0,3655.0,0.003926523230896907,0.003244646333549643,3972.0,0.0006818768973472639,1.2101543949928424,41.954245,-87.654406
Orleans St & Hubbard St,178.0,1719.0,0.00220479853343738,0.0015260046641236214,1897.0,0.0006787938693137588,1.4448173983047352,41.890028,-87.636618
Clinton St & Jackson Blvd,205.0,2097.0,0.002539234266037432,0.001861565899166512,2302.0,0.0006776683668709201,1.36403116491507,41.87831662050808,-87.64098109175531
Racine Ave & 18th St,154.0,1388.0,0.0019075223266817782,0.0012321666514273338,1542.0,0.0006753556752544445,1.548103721496111,41.8583996,-87.6564226
Jefferson St & Monroe St,148.0,1305.0,0.0018332032749928777,0.0011584852162195031,1453.0,0.0006747180587733746,1.5824135404693784,41.880329633634624,-87.64274597167967
Lake Park Ave & 56th St,139.0,1184.0,0.001721724697459527,0.0010510701118803768,1323.0,0.0006706545855791502,1.638067755833706,41.791661314578,-87.58748949571235
Milwaukee Ave & Grand Ave,260.0,2879.0,0.003220492239852353,0.00255576930076318,3139.0,0.0006647229390891731,1.2600871208538107,41.891578,-87.648384
May St & Taylor St,189.0,1898.0,0.0023410501282003643,0.0016849080002947258,2087.0,0.0006561421279056385,1.3894228874027414,41.86941940540373,-87.65523116767652
Larrabee St & Kingsbury St 1,58.0,77.0,0.000718417499659371,6.835506639762586e-05,135.0,0.0006500624332617451,10.509945020539144,41.89777797048414,-87.64288463116276
Kingsbury St & Kinzie St 2,53.0,21.0,0.0006564849565852873,1.8642290835716145e-05,74.0,0.0006378426657495711,35.212986932951516,41.889188,-87.638387
Halsted St & Roosevelt Rd,105.0,748.0,0.001300583404555758,0.0006640206450055084,853.0,0.0006365627595502495,1.9586476048457258,41.867324,-87.648625
Halsted St & Maxwell St,161.0,1534.0,0.0019942278869854954,0.0013617749591423125,1695.0,0.0006324529278431829,1.4644324373603428,41.864883,-87.64707099999998
Paulina St & Division St,74.0,328.0,0.0009166016374964388,0.0002911748282911855,402.0,0.0006254268092052534,3.147935193919345,41.903552899999994,-87.67042920000002
Clinton St & Roosevelt Rd,154.0,1451.0,0.0019075223266817782,0.001288093523934482,1605.0,0.0006194288027472961,1.4808876920423915,41.8671177825,-87.6410879593
Broadway & Thorndale Ave,197.0,2067.0,0.002440142197118898,0.001834934055115489,2264.0,0.0006052081420034091,1.329825374645381,41.98974251144,-87.6601406209
Burling St & Diversey Pkwy,278.0,3203.0,0.003443449394919054,0.002843393216514229,3481.0,0.0006000561784048251,1.211035168785159,41.93314,-87.64776
Federal St & Polk St,336.0,4027.0,0.004161866894578425,0.003574881199782329,4363.0,0.0005869856947960965,1.164197213220575,41.872077632849994,-87.6295437729
Sheridan Rd & Noyes St (NU),132.0,1205.0,0.0016350191371558099,0.001069712402716093,1337.0,0.000565306734439717,1.5284655992944982,42.058239,-87.677432
LaSalle Dr & Huron St,232.0,2609.0,0.002873669998637484,0.0023160827043039725,2841.0,0.0005575872943335116,1.2407457439026701,41.894877,-87.632326
Western Ave & Fillmore St,84.0,550.0,0.0010404667236446064,0.0004882504742687561,634.0,0.0005522162493758502,2.1310078483693116,41.86856584535612,-87.68623408677644
Logan Blvd & Elston Ave,129.0,1178.0,0.0015978596113113597,0.0010457437430701723,1307.0,0.0005521158682411874,1.5279642779941176,41.929465,-87.684158
Morgan St & Lake St*,231.0,2602.0,0.0028612834900226675,0.0023098686073587337,2833.0,0.0005514148826639338,1.238721216516832,41.88549170626906,-87.65228927135468
Canal St & Adams St,158.0,1589.0,0.001957068361141045,0.0014106000065691883,1747.0,0.0005464683545718569,1.3874010808350103,41.879255,-87.639904
Dorchester Ave & 53rd St,47.0,45.0,0.0005821659048963868,3.9947766076534595e-05,92.0,0.0005422181388198522,14.572838214353368,41.79943,-87.59227
Dearborn St & Maple St,94.0,701.0,0.0011643318097927736,0.0006222974226589056,795.0,0.0005420343871338681,1.8710200241516088,41.90191999999999,-87.63026
Broadway & Sheridan Rd,327.0,3959.0,0.0040503883170450745,0.00351451568660001,4286.0,0.0005358726304450644,1.1524740606548307,41.952833,-87.649993
State St & 35th St,81.0,527.0,0.001003307197800156,0.0004678327271629718,608.0,0.0005354744706371841,2.144582871107643,41.8310363140161,-87.62679755687714
Benson Ave & Church St,136.0,1298.0,0.0016845651716150768,0.0011522711192742646,1434.0,0.0005322940523408122,1.4619516895679703,42.048214,-87.683485
McClurg Ct & Erie St,229.0,2610.0,0.002836510472793034,0.0023169704324390063,2839.0,0.0005195400403540276,1.2242323893510951,41.89450300000001,-87.617854
Larrabee St & Kingsbury St,212.0,2385.0,0.002625939826341149,0.0021172316020563334,2597.0,0.0005087082242848156,1.2402703528137342,41.897764,-87.642884
Damen Ave & Clybourn Ave,127.0,1202.0,0.001573086594081726,0.0010670492183109906,1329.0,0.0005060373757707355,1.4742395128991497,41.931931,-87.677856
Harper Ave & 55th St,46.0,85.0,0.0005697793962815701,7.545689147789868e-05,131.0,0.0004943225048036715,7.5509716097547805,41.7953,-87.58833
Paulina St & 18th St,118.0,1111.0,0.0014616080165483756,0.0009862659580228874,1229.0,0.0004753420585254882,1.48196084706962,41.857901,-87.668745
Clinton St & Tilden St,101.0,874.0,0.001251037370096491,0.0007758743900198053,975.0,0.0004751629800766857,1.6124217705430204,41.875885,-87.640795
LaSalle St & Illinois St,387.0,4865.0,0.004793578833934079,0.0043187973769409065,5252.0,0.0004747814569931721,1.1099336934847766,41.890762,-87.631697
Blackstone Ave & Hyde Park Blvd,113.0,1042.0,0.0013996754734742919,0.0009250127167055343,1155.0,0.0004746627567687575,1.513141316930179,41.802562,-87.590368
California Ave & Milwaukee Ave,243.0,2861.0,0.003009921593400468,0.002539790194332566,3104.0,0.0004701313990679019,1.1851063190222013,41.922695,-87.697153
Franklin St & Adams St (Temp),44.0,87.0,0.0005450063790519367,7.723234774796688e-05,131.0,0.0004677740313039698,7.056632852824688,41.87943409140013,-87.63550400733948
Green St & Washington Blvd,166.0,1792.0,0.002056160430059579,0.001590808817981111,1958.0,0.0004653516120784681,1.2925249811879107,41.883181305753524,-87.64872461685994
Ashland Ave & Chicago Ave,146.0,1513.0,0.0018084302577632443,0.0013431326683065964,1659.0,0.0004652975894566479,1.3464268675829476,41.89595435734305,-87.6677280664444
Elston Ave & Cortland St,177.0,1948.0,0.002192412024822563,0.0017292944070464308,2125.0,0.0004631176177761324,1.2678071172160916,41.916433431898604,-87.66674637967343
Clark St & Wrightwood Ave,416.0,5286.0,0.005152787583763765,0.004692530921790263,5702.0,0.0004602566619735012,1.0980827982940833,41.929546,-87.643118
Franklin St & Chicago Ave,206.0,2356.0,0.0025516207746522487,0.0020914874861403445,2562.0,0.0004601332885119042,1.220002783453539,41.896792266987376,-87.63564033012628
Mies van der Rohe Way & Chestnut St,313.0,3852.0,0.0038769771964376402,0.0034195287761513613,4165.0,0.0004574484202862789,1.1337752411096509,41.8985866514,-87.6219152258
Canal St & Jackson Blvd,91.0,757.0,0.0011271722839483235,0.0006720101982208153,848.0,0.00045516208572750816,1.6773132455717603,41.878128645697444,-87.63996997065593
University Library (NU),73.0,512.0,0.0009042151288816222,0.00045451680513746025,585.0,0.0004496983237441619,1.9893964959374015,42.052939,-87.673447
Kedzie Ave & Leland Ave,71.0,493.0,0.0008794421116519887,0.00043764997057181234,564.0,0.00044179214108017634,2.009462267393017,41.96668636205,-87.7080519806
Western Ave & Leland Ave,137.0,1414.0,0.0016969516802298936,0.0012552475829382204,1551.0,0.0004417040972916732,1.3518857565708262,41.96579395810278,-87.68859948272886
Dayton St & North Ave,242.0,2881.0,0.0029975350847856515,0.0025575447570332483,3123.0,0.00043999032775240325,1.1720361508850548,41.9105780349,-87.6494219288
Ashland Ave & Division St,270.0,3273.0,0.00334435732600052,0.0029055341859666162,3543.0,0.0004388231400339038,1.1510300553761545,41.90318794361149,-87.66894633544676
Orleans St & Chestnut St (NEXT Apts),150.0,1605.0,0.0018579762922225113,0.0014248036567297338,1755.0,0.00043317263549277744,1.3040224731487136,41.898203,-87.637536
Greenview Ave & Jarvis Ave,92.0,797.0,0.0011395587925631403,0.0007075193236221794,889.0,0.0004320394689409609,1.6106389520079323,42.015962,-87.66857
Broadway & Argyle St,169.0,1877.0,0.0020933199559040293,0.0016662657094590097,2046.0,0.0004270542464450196,1.2562940518590042,41.97423,-87.65977350000001
Emerald Ave & 31st St,103.0,965.0,0.0012758103873261244,0.0008566576503079085,1068.0,0.0004191527370182159,1.4892879291740764,41.83819799627639,-87.64514298911445
Clarendon Ave & Gordon Ter,301.0,3733.0,0.003728339093059839,0.003313889128082303,4034.0,0.00041444996497753614,1.1250644858335639,41.95786652415175,-87.64950513839722
Troy St & Elston Ave,77.0,608.0,0.0009537611633408891,0.0005397387061007341,685.0,0.00041402245724015503,1.7670780054911952,41.94524356848,-87.7066499009
Halsted St & Archer Ave,81.0,666.0,0.001003307197800156,0.000591226937932712,747.0,0.00041208025986744397,1.6969905064167365,41.847203,-87.646795
Franklin St & Monroe St,82.0,692.0,0.0010156937064149728,0.0006143078694435986,774.0,0.00040138583697137413,1.6533941750424723,41.88031616332084,-87.63518440237203
Wabash Ave & 9th St,269.0,3306.0,0.0033319708173857035,0.0029348292144227416,3575.0,0.00039714160296296184,1.13532012891624,41.870769,-87.625734
Michigan Ave & 11th St,41.0,125.0,0.0005078468532074864,0.00011096601687926277,166.0,0.00039688083632822364,4.576565789454792,41.86959,-87.623961
Shields Ave & 31st St,95.0,880.0,0.0011767183184075904,0.0007812007588300098,975.0,0.00039551755957758063,1.5062937392382978,41.838464,-87.635406
Sangamon St & Lake St,192.0,2238.0,0.0023782096540448145,0.0019867355662063204,2430.0,0.000391474087838494,1.1970437825010767,41.88577925240433,-87.65102460980414
Wabash Ave & Roosevelt Rd,372.0,4752.0,0.004607781204711828,0.004218484097682053,5124.0,0.00038929710702977505,1.0922836274196355,41.867227,-87.625961
Southport Ave & Grace St,37.0,82.0,0.0004583008187482194,7.279370707279637e-05,119.0,0.000385507111675423,6.295812390451783,41.95155,-87.66404
Wells St & Evergreen Ave,321.0,4051.0,0.003976069265356174,0.0035961866750231475,4372.0,0.0003798825903330266,1.1056348068181903,41.90672457611039,-87.63482999967887
Calumet Ave & 35th St,58.0,382.0,0.000718417499659371,0.000339112147583027,440.0,0.000379305352076344,2.118521516431257,41.831379,-87.618034
Paulina St & Montrose Ave,122.0,1275.0,0.0015111540510076426,0.0011318533721684802,1397.0,0.00037930067883916235,1.3351143823498013,41.961507,-87.67138699999998
Lincoln Ave & Roscoe St*,176.0,2029.0,0.0021800255162077466,0.0018012003859841932,2205.0,0.00037882513022355346,1.2103180317155706,41.9433502470174,-87.67066776752472
Campbell Ave & Montrose Ave,93.0,871.0,0.001151945301177957,0.0007732112056147029,964.0,0.0003787340955632542,1.4898190856443618,41.96152399999999,-87.69117699999998
Shields Ave & 28th Pl,60.0,421.0,0.0007431905168890045,0.000373733544849357,481.0,0.0003694569720396475,1.9885545158491205,41.842733,-87.635491
Damen Ave & Madison St,69.0,549.0,0.0008546690944223552,0.00048736274613372205,618.0,0.00036730634828863315,1.7536595637293304,41.88137,-87.67493
Racine Ave & Wrightwood Ave,156.0,1763.0,0.0019322953439114116,0.0015650647020651219,1919.0,0.00036723064184628973,1.2346423165249387,41.928887,-87.658971
Malcolm X College,46.0,250.0,0.0005697793962815701,0.00022193203375852553,296.0,0.0003478473625230446,2.5673528029248693,41.877618,-87.673895
Clinton St & Lake St,225.0,2748.0,0.0027869644383337667,0.0024394769150737124,2973.0,0.00034748752326005427,1.1424433978733333,41.885637,-87.641823
Western Ave & Winnebago Ave,166.0,1925.0,0.002056160430059579,0.0017088766599406464,2091.0,0.0003472837701189327,1.203223307472458,41.915519999999994,-87.687022
Wells St & Institute Pl,161.0,1857.0,0.0019942278869854954,0.0016485111467583276,2018.0,0.0003457167402271678,1.2097144027158024,41.89737986072316,-87.63442039489746
Harper Ave & 59th St,60.0,455.0,0.0007431905168890045,0.00040391630144051647,515.0,0.000339274215448488,1.8399596012315202,41.78794281287001,-87.58831517019999
Hermitage Ave & Polk St,66.0,540.0,0.0008175095685779049,0.00047937319291841514,606.0,0.0003381363756594898,1.7053704197151833,41.871514,-87.669886
Clinton St & Washington Blvd,125.0,1364.0,0.0015483135768520927,0.0012108611761865152,1489.0,0.00033745240066557756,1.2786877047628566,41.883378993326986,-87.64117008864396
Sheffield Ave & Kingsbury St,253.0,3151.0,0.0031337866795486356,0.0027972313534924556,3404.0,0.00033655532605618,1.120317257747994,41.91052201283299,-87.653106010569
Glenwood Ave & Touhy Ave,57.0,420.0,0.0007060309910445543,0.00037284581671432287,477.0,0.00033318517433023146,1.8936248330249783,42.012701,-87.666058
Campbell Ave & North Ave,131.0,1454.0,0.001622632628540993,0.0012907567083395844,1585.0,0.0003318759202014087,1.2571171320978047,41.910535,-87.689556
Aberdeen St & Monroe St,136.0,1525.0,0.0016845651716150768,0.0013537854059270057,1661.0,0.0003307797656880711,1.2443367463581299,41.880381631942605,-87.65540930667021
Dearborn St & Van Buren St,136.0,1528.0,0.0016845651716150768,0.001356448590332108,1664.0,0.00032811658128296885,1.2418936786310164,41.876268,-87.629155
Clark St & Columbia Ave,71.0,622.0,0.0008794421116519887,0.0005521668999912115,693.0,0.00032727521166077715,1.592709593705078,42.00445062934,-87.6724024047
Stave St & Armitage Ave,106.0,1112.0,0.0013129699131705745,0.0009871536861579214,1218.0,0.0003258162270126531,1.3300558986158024,41.917741,-87.691392
Halsted St & Melrose St,32.0,80.0,0.0003963682756741357,7.101825080272817e-05,112.0,0.0003253500248714075,5.581152591642228,41.94112,-87.64907000000001
Financial Pl & Ida B Wells Dr,132.0,1482.0,0.0016350191371558099,0.0013156130961205392,1614.0,0.0003194060410352706,1.2427809507188543,41.8750236280333,-87.6330940425396
Racine Ave & Washington Blvd,104.0,1092.0,0.0012881968959409411,0.0009693991234572395,1196.0,0.0003187977724837017,1.3288608746476644,41.883073,-87.656952
Western Ave & 21st St,44.0,256.0,0.0005450063790519367,0.00022725840256873013,300.0,0.00031774797648320653,2.398173069592181,41.854109,-87.685838
Wood St & Taylor St (Temp),65.0,551.0,0.0008051230599630882,0.0004891382024037902,616.0,0.00031598485755929804,1.6460019070367802,41.869265218438194,-87.67373085021973
Dearborn St & Adams St,126.0,1412.0,0.0015607000854669095,0.0012534721266681521,1538.0,0.0003072279587987574,1.2451013526037034,41.87936394102892,-87.62977936980188
Paulina St & Flournoy St,86.0,855.0,0.0010652397408742397,0.0007590075554541573,941.0,0.0003062321854200824,1.4034634171374345,41.87306108789792,-87.66913488507271
Lincoln Ave & Byron St,116.0,1274.0,0.001436834999318742,0.001130965644033446,1390.0,0.00030586935528529604,1.270449492828942,41.952372,-87.677296
Rush St & Hubbard St,170.0,2037.0,0.0021057064645188463,0.001808302211064466,2207.0,0.00029740425345438034,1.1644659212208732,41.890173,-87.626185
May St & Hubbard St,27.0,47.0,0.000334435732600052,4.17232223466028e-05,74.0,0.00029271251025344923,8.015409606005083,41.89008,-87.65597
Albany Ave & Bloomingdale Ave,96.0,1012.0,0.0011891048270224072,0.0008983808726545113,1108.0,0.0002907239543678959,1.3236084378114994,41.91402671273,-87.70512646200001
Western Ave & Lunt Ave,49.0,357.0,0.0006069389221260203,0.00031691894420717443,406.0,0.00029001997791884587,1.9151206265808765,42.0085943972,-87.6904922389
Wabash Ave & Jackson Blvd,26.0,37.0,0.0003220492239852353,3.2845940996261775e-05,63.0,0.00028920328298897354,9.804572791782558,41.87801,-87.62599
Laramie Ave & Irving Park Rd,32.0,125.0,0.0003963682756741357,0.00011096601687926277,157.0,0.00028540225879487293,3.5719557650666935,41.9533354,-87.75838439999998
Indiana Ave & 31st St,60.0,517.0,0.0007431905168890045,0.0004589554458126308,577.0,0.0002842350710763737,1.6193072864966642,41.838842,-87.621857
Wilton Ave & Diversey Pkwy,217.0,2709.0,0.0026878723694152328,0.0024048555178073825,2926.0,0.0002830168516078503,1.11768554569147,41.93241798951903,-87.65270499568871
Morgan St & 18th St,119.0,1342.0,0.0014739945251631922,0.001191331157215765,1461.0,0.00028266336794742714,1.2372666315060556,41.858086,-87.651073
Leavitt St & North Ave,127.0,1454.0,0.001573086594081726,0.0012907567083395844,1581.0,0.00028232988574214174,1.2187318998120318,41.91026962479713,-87.68234483279865
Southport Ave & Irving Park Rd,167.0,2015.0,0.0020685469386743957,0.0017887721920937156,2182.0,0.0002797747465806801,1.156405936659421,41.954177,-87.664358
Lincoln Ave & Fullerton Ave,349.0,4559.0,0.004322891506571043,0.0040471525676204715,4908.0,0.00027573893895057114,1.0681315730533774,41.924161029067626,-87.64638036489487
Monticello Ave & Irving Park Rd,58.0,503.0,0.000718417499659371,0.00044652725192215333,561.0,0.0002718902477372177,1.6088981975201389,41.95400483876,-87.7191281797
Halsted St & Fulton St,241.0,3059.0,0.0029851485761708345,0.002715560365069318,3300.0,0.00026958821110151633,1.0992753154354273,41.88685835666811,-87.64802209919087
Clark St & Winnemac Ave,314.0,4082.0,0.003889363705052457,0.0036237062472092045,4396.0,0.00026565745784325233,1.073310960218392,41.97334764047304,-87.6678554713726
Kedzie Ave & 21st St,32.0,149.0,0.0003963682756741357,0.0001322714921200812,181.0,0.00026409678355405455,2.9966115351807168,41.85353363213,-87.7050730318
Mies van der Rohe Way & Chicago Ave,237.0,3010.0,0.002935602541711568,0.002672061686452647,3247.0,0.0002635408552589206,1.0986282457350542,41.89694462637082,-87.62175768613815
Sheffield Ave & Willow St,186.0,2302.0,0.002303890602355914,0.0020435501668485028,2488.0,0.00026034043550741135,1.127396093491948,41.913688,-87.652855
New St & Illinois St,449.0,5975.0,0.005561542368052717,0.0053041756068287595,6424.0,0.0002573667612239573,1.0485215294099777,41.89084704062381,-87.61861681938171
Delano Ct & Roosevelt Rd,148.0,1778.0,0.0018332032749928777,0.0015783806240906334,1926.0,0.00025482265090224425,1.1614455256022493,41.867491,-87.63219
Franklin St & Lake St,147.0,1768.0,0.0018208167663780611,0.0015695033427402924,1915.0,0.0002513134236377687,1.1601227959643523,41.885836999999995,-87.63549999999998
Rush St & Superior St,237.0,3025.0,0.002935602541711568,0.002685377608478159,3262.0,0.0002502249332334088,1.0931805043964413,41.89576474564,-87.6259080327
Fairbanks St & Superior St,112.0,1281.0,0.001387288964859475,0.0011371797409786848,1393.0,0.0002501092238807903,1.2199379701643034,41.895748,-87.620104
St Clair St & Ohio St,48.0,391.0,0.0005945524135112036,0.0003471017007983339,439.0,0.0002474507127128697,1.7129034494509396,41.89238,-87.62264
Sangamon St & Washington Blvd,147.0,1781.0,0.0018208167663780611,0.0015810438084957357,1928.0,0.0002397729578823254,1.1516547517147564,41.883165,-87.6511
Ada St & Washington Blvd,109.0,1251.0,0.001350129439015025,0.0011105478969276616,1360.0,0.00023958154208736327,1.2157325469865998,41.88283,-87.661206
Emerald Ave & 28th St,52.0,456.0,0.0006440984479704706,0.00040480402957555054,508.0,0.00023929441839492003,1.591134993173941,41.84358000000001,-87.64536800000002
Damen Ave & Division St,190.0,2382.0,0.002353436636815181,0.002114568417651231,2572.0,0.00023886821916394973,1.1129630539295674,41.903266,-87.678435
California Ave & Altgeld St,80.0,849.0,0.0009909206891853394,0.0007536811866439526,929.0,0.00023723950254138674,1.3147739282492303,41.92669,-87.697668
Orleans St & Elm St,105.0,1202.0,0.001300583404555758,0.0010670492183109906,1307.0,0.0002335341862447673,1.218859602141709,41.902924000000006,-87.637715
Southport Ave & Clybourn Ave,116.0,1358.0,0.001436834999318742,0.0012055348073763106,1474.0,0.0002313001919424314,1.1918650533042445,41.92126022238193,-87.66539180184805
2112 W Peterson Ave,33.0,201.0,0.00040875478428895246,0.00017843335514185451,234.0,0.00023032142914709795,2.2907908287279852,41.99117799999999,-87.683593
Wallace St & 35th St,43.0,343.0,0.0005326198704371199,0.000304490750316697,386.0,0.00022812912012042287,1.7492128108007834,41.83070705144085,-87.64125533401966
Ashland Ave & Grace St,118.0,1391.0,0.0014616080165483756,0.001234829835832436,1509.0,0.00022677818071593957,1.1836512128910854,41.950771514725965,-87.66872750341331
Conservatory Dr & Lake St,29.0,150.0,0.0003592087498296855,0.00013315922025511532,179.0,0.00022604952957457018,2.697575515732046,41.885502,-87.716866
Damen Ave & St Paul Ave,35.0,235.0,0.00043352780151858594,0.000208616111733014,270.0,0.00022491168978557195,2.0781075814787986,41.91301,-87.67778000000001
Broadway & Belmont Ave,297.0,3891.0,0.0036787930586005724,0.0034541501734176912,4188.0,0.00022464288518288114,1.0650356263824463,41.94010600392988,-87.6454510048789
Clark St & Bryn Mawr Ave,178.0,2232.0,0.00220479853343738,0.001981409197396116,2410.0,0.0002233893360412643,1.1127425993541533,41.983593,-87.669154
Dorchester Ave & 49th St,39.0,293.0,0.0004830738359778529,0.00026010434356499193,332.0,0.00022296949241286097,1.8572276499853917,41.805772,-87.592464
Ogden Ave & Congress Pkwy,65.0,657.0,0.0008051230599630882,0.0005832373847174051,722.0,0.00022188567524568316,1.3804373667093135,41.87501,-87.67328
Damen Ave & Thomas St (Augusta Blvd),158.0,1962.0,0.001957068361141045,0.0017417226009369083,2120.0,0.00021534576020413687,1.1236394569656736,41.901315,-87.677409
Western Ave & Monroe St,40.0,317.0,0.0004954603445926697,0.00028140981880581036,357.0,0.00021405052578685934,1.7606336056843872,41.88142526,-87.6866316818
Lake Park Ave & 53rd St,143.0,1755.0,0.0017712707319187942,0.001557962876984849,1898.0,0.00021330785493394507,1.1369145062251143,41.79949429373001,-87.5864498959
Halsted St & Willow St,184.0,2329.0,0.0022791175851262805,0.0020675188264944236,2513.0,0.0002115987586318569,1.1023442464349338,41.913865,-87.648755
Lincoln Ave & Winona St,60.0,599.0,0.0007431905168890045,0.0005317491528854272,659.0,0.00021144136400357732,1.397632916241277,41.97491129677,-87.6925025594
Elston Ave & Wabansia Ave,63.0,641.0,0.0007803500427334548,0.0005690337345568594,704.0,0.00021131630817659538,1.3713592428433383,41.912919,-87.664169
Ogden Ave & Chicago Ave,201.0,2570.0,0.002489688231578165,0.0022814613070376425,2771.0,0.00020822692454052242,1.0912690619074457,41.896362458,-87.6540612729
Damen Ave & Ohio St,22.0,73.0,0.00027250318952596833,6.480415385748945e-05,95.0,0.00020769903566847888,4.204977124585214,41.89239445296271,-87.67688512802124
Morgan St & 31st St,81.0,898.0,0.001003307197800156,0.0007971798652606236,979.0,0.00020612733253953233,1.2585703464823415,41.8378,-87.65114
St. Clair St & Erie St,285.0,3745.0,0.0035301549552227713,0.003324541865702712,4030.0,0.00020561308952005922,1.061847026140419,41.89434700980045,-87.62280048612229
Stony Island Ave & 75th St,23.0,91.0,0.00028488969814078507,8.078326028810329e-05,114.0,0.00020410643785268178,3.5265619456657893,41.7586696704,-87.586882871
Cottage Grove Ave & 63rd St,30.0,190.0,0.00037159525844450224,0.0001686683456564794,220.0,0.00020292691278802285,2.2031048795393695,41.78053094070882,-87.6059702038765
Kenwood Ave & 57th St,19.0,39.0,0.00023534366368151808,3.462139726632998e-05,58.0,0.0002007222664151881,6.797468756168105,41.79153999999999,-87.59295
Broadway & Berwyn Ave,161.0,2021.0,0.0019942278869854954,0.0017940985609039204,2182.0,0.000200129326081575,1.111548617725955,41.97836100000001,-87.659789
Halsted St & Wrightwood Ave,316.0,4187.0,0.00391413672228209,0.0037169177013877852,4503.0,0.00019721902089430516,1.0530598155995905,41.929143,-87.64907700000002
Sheridan Rd & Buena Ave,214.0,2764.0,0.0026507128435707826,0.002453680565234258,2978.0,0.0001970322783365246,1.0803006719079757,41.958490957783354,-87.65498859932366
Western Ave & Division St,95.0,1104.0,0.0011767183184075904,0.0009800518610776486,1199.0,0.00019666645732994178,1.2006692344264889,41.902893,-87.687275
Normal Ave & Archer Ave,31.0,212.0,0.000383981767059319,0.00018819836462722963,243.0,0.00019578340243208935,2.0402978927154276,41.849526999999995,-87.640591
Ashland Ave & Grand Ave,98.0,1149.0,0.0012138778442520406,0.0010199996271541834,1247.0,0.00019387821709785725,1.1900765665593562,41.891072,-87.666611
Halsted St & Armitage Ave,57.0,577.0,0.0007060309910445543,0.0005122191339146769,634.0,0.0001938118571298774,1.3783761010108235,41.91823000000001,-87.64878999999999
Pine Grove Ave & Wellington Ave,27.0,160.0,0.000334435732600052,0.00014203650160545634,187.0,0.00019239923099459568,2.3545664266119757,41.93650999999999,-87.64119
Noble St & Milwaukee Ave,140.0,1737.0,0.0017341112060743438,0.0015419837705542352,1877.0,0.00019212743552010853,1.1245974922638518,41.9007,-87.66260699999998
Ravenswood Ave & Berteau Ave,101.0,1193.0,0.001251037370096491,0.0010590596650956838,1294.0,0.00019197770500080716,1.1812716790718145,41.957921,-87.673567
Paulina St & Howard St,47.0,443.0,0.0005821659048963868,0.0003932635638201072,490.0,0.0001889023410762796,1.480344171468981,42.019159,-87.673573
Marmora Ave & Irving Park Rd,19.0,56.0,0.00023534366368151808,4.971277556190972e-05,75.0,0.00018563088811960837,4.73399296314636,41.9531072,-87.7747326
Canal St & Monroe St,59.0,615.0,0.0007308040082741878,0.0005459528030459728,674.0,0.00018485120522821505,1.338583968454652,41.8829056,-87.6397409
Fairbanks Ct & Grand Ave,323.0,4300.0,0.004000842282585807,0.003817230980646639,4623.0,0.0001836113019391683,1.0481006401680792,41.89184737210993,-87.62058019638062
Halsted St & Roscoe St,347.0,4635.0,0.0042981184893414095,0.004114619905883063,4982.0,0.00018349858345834656,1.0445967168435812,41.943667741716816,-87.64895781893892
Leavitt St & Archer Ave,29.0,198.0,0.0003592087498296855,0.00017577017073675222,227.0,0.0001834385790929333,2.043621535454551,41.82879201994,-87.6806044594
Canal St & Harrison St,41.0,366.0,0.0005078468532074864,0.00032490849742248135,407.0,0.00018293835578500503,1.5630440391440126,41.874255,-87.639573
Rush St & Cedar St,312.0,4150.0,0.003864590687822823,0.0036840717603915238,4462.0,0.00018051892743129946,1.0489998268688143,41.90230870122,-87.627690528
Honore St & Division St,213.0,2770.0,0.002638326334955966,0.0024590069340444626,2983.0,0.00017931940091150348,1.0729234739054165,41.903119,-87.673935
Noble St & Potomac Ave,17.0,37.0,0.0002105706464518846,3.2845940996261775e-05,54.0,0.00017772470545562283,6.410692748400808,41.90383473134329,-87.66286604477612
LaSalle St & Washington St,75.0,847.0,0.0009289881461112556,0.0007519057303738845,922.0,0.00017708241573737113,1.235511145975934,41.88282761288388,-87.63241016237205
Central Park Ave & Ohio St,17.0,39.0,0.0002105706464518846,3.462139726632998e-05,56.0,0.00017594924918555463,6.081948769522783,41.8918718,-87.7163879
Sheridan Rd & Berwyn Ave,21.0,96.0,0.0002601166809111516,8.52219009632738e-05,117.0,0.0001748947799478778,3.0522040199411595,41.97828,-87.65529
Rockwell St & Archer Ave,22.0,110.0,0.00027250318952596833,9.765009485375123e-05,132.0,0.0001748530946722171,2.790590212368727,41.82272,-87.68982
Malden St & Wilson Ave,24.0,140.0,0.0002972762067556018,0.00012428193890477428,164.0,0.00017299426785082753,2.3919389851520645,41.96526,-87.66275
Damen Ave & Wabansia Ave,68.0,754.0,0.0008422825858075384,0.0006693470138157129,822.0,0.00017293557199182547,1.2583642117737555,41.91227003510449,-87.67728471402764
Albany Ave & Montrose Ave,52.0,533.0,0.0006440984479704706,0.0004731590959731764,585.0,0.00017093935199729416,1.3612716994777698,41.96104100000001,-87.705866
Chicago Ave & Sheridan Rd,112.0,1372.0,0.001387288964859475,0.001217963001266788,1484.0,0.0001693259635926871,1.1390237834751877,42.050491,-87.677821
Maplewood Ave & Peterson Ave,25.0,161.0,0.00030966271537041855,0.00014292422974049044,186.0,0.0001667384856299281,2.166613381924769,41.99023602866999,-87.6933696402
Desplaines St & Randolph St,122.0,1520.0,0.0015111540510076426,0.0013493467652518352,1642.0,0.0001618072857558074,1.119915184152403,41.883703000000004,-87.644238
Campbell Ave & Augusta Blvd,58.0,629.0,0.000718417499659371,0.0005583809969364502,687.0,0.0001600365027229208,1.286607561850055,41.899578,-87.689497
Talman Ave & Addison St,88.0,1049.0,0.0010900127581038733,0.0009312268136507731,1137.0,0.0001587859444531002,1.1705124590626195,41.9466358306,-87.69461475800001
Pulaski Rd & 51st St,21.0,115.0,0.0002601166809111516,0.00010208873552892173,136.0,0.00015802794538222984,2.5479317735861993,41.800434,-87.7247496
Blue Island Ave & 18th St,114.0,1417.0,0.0014120619820891086,0.0012579107673433227,1531.0,0.00015415121474578598,1.1225453316740563,41.857556,-87.661535
N Damen Ave & W Chicago Ave,30.0,245.0,0.00037159525844450224,0.000217493393083355,275.0,0.00015410186536114724,1.7085325887094824,41.895809,-87.678519
Commercial Ave & 83rd St,15.0,37.0,0.00018579762922225112,3.2845940996261775e-05,52.0,0.00015295168822598935,5.656497183204864,41.744615,-87.551208
Dodge Ave & Church St,23.0,149.0,0.00028488969814078507,0.0001322714921200812,172.0,0.00015261820602070387,2.1538166672035803,42.048308,-87.698224
Broadway & Roscoe Ave,31.0,261.0,0.000383981767059319,0.00023169704324390065,292.0,0.00015228472381541834,1.6572551139549911,41.94360000000001,-87.64532000000001
Greenwood Ave & 47th St,41.0,404.0,0.0005078468532074864,0.0003586421665537772,445.0,0.00014920468665370916,1.4160254552942568,41.809835,-87.59938299999999
Central Ave & Chicago Ave,16.0,59.0,0.00019818413783706786,5.237595996701202e-05,75.0,0.00014580817787005585,3.783822848097494,41.894958,-87.764902
Public Rack - Woodlawn Ave & 63rd St N,18.0,88.0,0.00022295715506670134,7.812007588300098e-05,106.0,0.00014483707918370038,2.8540077379453583,41.78062099999999,-87.596033
Clark St & Eddy St,62.0,703.0,0.000767963534118638,0.0006240728789289738,765.0,0.00014389065518966417,1.2305667005909735,41.94628,-87.65627
Southport Ave & Wrightwood Ave,193.0,2532.0,0.002390596162659631,0.0022477276379063464,2725.0,0.00014286852475328465,1.0635612868670659,41.92877300000001,-87.663913
Ashland Ave & Lake St,93.0,1137.0,0.001151945301177957,0.001009346889533774,1230.0,0.000142598411644183,1.1412777627246542,41.88592,-87.66717
State St & Pearson St,136.0,1737.0,0.0016845651716150768,0.0015419837705542352,1873.0,0.00014258140106084157,1.0924661538710227,41.897448,-87.62872199999998
Laflin St & Cullerton St,58.0,654.0,0.000718417499659371,0.0005805742003123028,712.0,0.0001378432993470682,1.2374254003149283,41.85491457576575,-87.66355991363525
Damen Ave & Charleston St,122.0,1547.0,0.0015111540510076426,0.0013733154248977558,1669.0,0.00013783862610988675,1.1003691673753548,41.920082,-87.677855
Karlov Ave & Armitage Ave,21.0,138.0,0.0002601166809111516,0.00012250648263470608,159.0,0.0001376101982764455,2.1232799443506067,41.91748,-87.72895199999999
Larrabee St & Kingsbury St 2,14.0,42.0,0.00017341112060743438,3.728458167143229e-05,56.0,0.00013612653893600209,4.650916328343092,41.89758,-87.6429
Kenmore Ave & School St,16.0,70.0,0.00019818413783706786,6.214096945238714e-05,86.0,0.00013604316838468074,3.1892316832493743,41.94166,-87.6556
Cicero Ave & Wrightwood Ave,18.0,98.0,0.00022295715506670134,8.699735723334201e-05,116.0,0.00013595979783335933,2.5627858060433915,41.9279057,-87.7467295
Ashland Ave & Wellington Ave,134.0,1720.0,0.0016597921543854434,0.0015268923922586556,1854.0,0.0001328997621267878,1.0870393197066601,41.936083,-87.669807
Sedgwick St & Chicago Ave,16.0,75.0,0.00019818413783706786,6.657961012755766e-05,91.0,0.0001316045277095102,2.9766194310532335,41.89677,-87.6386
Cornell Ave & Hyde Park Blvd,134.0,1722.0,0.0016597921543854434,0.0015286678485287237,1856.0,0.00013112430585671977,1.0857767893830774,41.802406,-87.586924
Warren Park East,27.0,230.0,0.000334435732600052,0.00020417747105784347,257.0,0.00013025826154220856,1.6379627630050506,42.00454962194,-87.68066614509999
California Ave & Francis Pl,101.0,1263.0,0.001251037370096491,0.001121200634548071,1364.0,0.00012983673554842006,1.11580141479258,41.91849116331977,-87.69742283132375
Archer (Damen) Ave & 37th St,16.0,77.0,0.00019818413783706786,6.835506639762586e-05,93.0,0.00012982907143944202,2.899305771695944,41.826712,-87.683144
State St & 29th St,19.0,123.0,0.00023534366368151808,0.00010919056060919455,142.0,0.0001261531030723235,2.155337485502526,41.84170699999999,-87.626938
Dodge Ave & Mulford St,21.0,154.0,0.0002601166809111516,0.00013671013279525172,175.0,0.00012340654811589987,1.9026810442769302,42.023463,-87.699595
Sacramento Blvd & Fulton Ave,17.0,99.0,0.0002105706464518846,8.788508536837611e-05,116.0,0.0001226855610835085,2.3959611532277236,41.886528,-87.70167
Hoyne Ave & 47th St,19.0,128.0,0.00023534366368151808,0.00011362920128436506,147.0,0.00012171446239715302,2.0711453559125244,41.808227,-87.67718
California Ave & North Ave,86.0,1065.0,0.0010652397408742397,0.0009454304638113187,1151.0,0.00011980927706292102,1.1267244444985294,41.910044,-87.697167
Loomis St & Archer Ave,29.0,270.0,0.0003592087498296855,0.00023968659645920757,299.0,0.00011952215337047794,1.4986580663168336,41.84163253965,-87.6574349533
Winchester Ave & Elston Ave,57.0,664.0,0.0007060309910445543,0.0005894514816626437,721.0,0.00011657950938191058,1.1977759242832937,41.92409085038,-87.6764600747
Clark St & Newport St,406.0,5534.0,0.005028922497615597,0.004912687499278721,5940.0,0.00011623499833687649,1.0236601604913362,41.94454,-87.654678
Kedzie Ave & 48th Pl,21.0,165.0,0.0002601166809111516,0.00014647514228062684,186.0,0.00011364153863052475,1.7758365073050888,41.8047581237684,-87.70421936879356
Clark St & Touhy Ave,27.0,249.0,0.000334435732600052,0.0002210443056234914,276.0,0.00011339142697656062,1.5129782180025182,42.01256011541,-87.6743671152
Fairfield Ave & 44th St,14.0,72.0,0.00017341112060743438,6.391642572245535e-05,86.0,0.00010949469488497903,2.713064843387639,41.813617,-87.6932272
Wabash Ave & Washington St,56.0,659.0,0.0006936444824297375,0.0005850128409874732,715.0,0.0001086316414422643,1.1856907201697993,41.8832,-87.62662
Winthrop Ave & Lawrence Ave,131.0,1706.0,0.001622632628540993,0.001514464198368178,1837.0,0.00010816843017281497,1.0714235165584296,41.968812,-87.657659
Halsted St & 35th St,53.0,619.0,0.0006564849565852873,0.0005495037155861092,672.0,0.0001069812409991781,1.1946866659462065,41.830661,-87.647172
Western Ave & Roscoe St,60.0,718.0,0.0007431905168890045,0.0006373888009544853,778.0,0.00010580171593451923,1.1659921695892876,41.943034000000004,-87.687288
Kildare Ave & Montrose Ave,19.0,146.0,0.00023534366368151808,0.0001296083077149789,165.0,0.00010573535596653918,1.815800638323442,41.96108,-87.73569
Ashland Ave & Blackhawk St,157.0,2072.0,0.0019446818525262284,0.0018393726957906596,2229.0,0.0001053091567355688,1.0572527251947579,41.907066,-87.667252
Warren Park West,33.0,342.0,0.00040875478428895246,0.0003036030221816629,375.0,0.00010515176210728954,1.3463450890791278,42.001785,-87.688829
Lowell Ave & Armitage Ave,17.0,119.0,0.0002105706464518846,0.00010563964806905814,136.0,0.00010493099838282646,1.9932824182811923,41.9170767,-87.7353543
Leavitt St/North Ave,43.0,484.0,0.0005326198704371199,0.0004296604173565054,527.0,0.00010295945308061444,1.2396292730077396,41.910077,-87.68230600000001
Ping Tom Park (East),22.0,191.0,0.00027250318952596833,0.0001695560737915135,213.0,0.00010294711573445483,1.6071531752254589,41.8579886,-87.6319447
Wood St & Hubbard St,66.0,806.0,0.0008175095685779049,0.0007155088768374863,872.0,0.00010200069174041862,1.142556650917603,41.889715,-87.671966
Millard Ave & 26th St,12.0,53.0,0.0001486381033778009,4.704959115680741e-05,65.0,0.00010158851222099349,3.15913359903227,41.84453112462163,-87.71592199802399
Clark St & Lunt Ave,60.0,723.0,0.0007431905168890045,0.0006418274416296558,783.0,0.0001013630752593487,1.1579286125151753,42.00901118058077,-87.67411172389984
Eckhart Park,126.0,1644.0,0.0015607000854669095,0.0014594250539960638,1770.0,0.00010127503147084574,1.0693937395413382,41.89637337,-87.66098386
Milwaukee Ave & Armitage Ave,36.0,389.0,0.0004459143101334027,0.0003453262445282657,425.0,0.00010058806560513697,1.2912833180670273,41.91771000000001,-87.68864
Western Ave & Howard St,26.0,251.0,0.0003220492239852353,0.00022281976189355963,277.0,9.922946209167566e-05,1.4453331065220802,42.018901,-87.690048
LaSalle St & Jackson Blvd,66.0,810.0,0.0008175095685779049,0.0007190597893776227,876.0,9.844977920028222e-05,1.1369144036980443,41.878166,-87.631929
Wentworth Ave & 33rd St,45.0,517.0,0.0005573928876667533,0.0004589554458126308,562.0,9.843744185412256e-05,1.214481009586495,41.83452988563,-87.6318229814
Wood St & 35th St,19.0,156.0,0.00023534366368151808,0.00013848558906531992,175.0,9.685807461619816e-05,1.699404002004217,41.83010465416,-87.6702983089
Sheffield Ave & Fullerton Ave,264.0,3575.0,0.0032700382743116197,0.0031736280827469147,3839.0,9.641019156470497e-05,1.0303785316591747,41.9256163,-87.65365740000001
Kosciuszko Park,53.0,631.0,0.0006564849565852873,0.0005601564532065185,684.0,9.63285033787688e-05,1.17196683330259,41.93058537138,-87.7237773635
Green St & Randolph St*,165.0,2194.0,0.0020437739214447625,0.00194767552826482,2359.0,9.609839317994257e-05,1.049340017084642,41.8836016120626,-87.64862672558314
Harlem Ave & Irving Park Rd,12.0,60.0,0.0001486381033778009,5.326368810204612e-05,72.0,9.537441527575478e-05,2.7905749319893425,41.95326,-87.80714
Central Park Ave & 24th St,13.0,75.0,0.00016102461199261764,6.657961012755766e-05,88.0,9.444500186505998e-05,2.4185061038659548,41.8481,-87.715068
Midway Orange Line,13.0,76.0,0.00016102461199261764,6.746733826259176e-05,89.0,9.355727373002588e-05,2.386684126795802,41.78692,-87.73892
Western Ave & Grace St,29.0,300.0,0.0003592087498296855,0.00026631844051023065,329.0,9.289030931945486e-05,1.348792822414654,41.95037092929293,-87.68816057777777
Artesian Ave & Hubbard St,42.0,482.0,0.0005202333618223032,0.0004278849610864372,524.0,9.234840073586595e-05,1.2158247971057192,41.8895,-87.688257
Leavitt St & Armitage Ave,116.0,1515.0,0.001436834999318742,0.0013449081245766647,1631.0,9.192687474207737e-05,1.0683517369777777,41.917805,-87.68243699999998
Kilbourn Ave & Belden Ave,18.0,148.0,0.00022295715506670134,0.0001313837639850471,166.0,9.157339108165424e-05,1.696986380339171,41.922369,-87.739024
Clark St & Ida B Wells Dr,89.0,1139.0,0.00110239926671869,0.0010111223458038423,1228.0,9.12769209148478e-05,1.0902727855049996,41.8759326655,-87.6305845355
Sedgwick St & Schiller St,76.0,960.0,0.0009413746547260723,0.000852219009632738,1036.0,8.915564509333438e-05,1.104615761288867,41.907626,-87.638566
Rockwell St & Eastwood Ave,58.0,710.0,0.000718417499659371,0.0006302869758742125,768.0,8.813052378515854e-05,1.1398258052803896,41.96590013976,-87.69363849350002
St. Louis Ave & Fullerton Ave,70.0,878.0,0.0008670556030371719,0.0007794253025599417,948.0,8.763030047723023e-05,1.1124292318458049,41.92481559681187,-87.71449506282805
Carpenter St & Fulton St,19.0,168.0,0.00023534366368151808,0.00014913832668572916,187.0,8.620533699578892e-05,1.5780188157711306,41.88668,-87.65315
Halsted St & 37th St,16.0,128.0,0.00019818413783706786,0.00011362920128436506,144.0,8.45549365527028e-05,1.7441237945280055,41.827059,-87.64572
Cottage Grove Ave & 47th St,17.0,145.0,0.0002105706464518846,0.0001287205795799448,162.0,8.18500668719398e-05,1.6358690371811775,41.809855,-87.606755
Paulina St & Cortland St,21.0,202.0,0.0002601166809111516,0.0001793210832768886,223.0,8.079559763426297e-05,1.4505613372197317,41.91626,-87.67019
Broadway & Ridge Ave,117.0,1547.0,0.0014492215079335588,0.0013733154248977558,1664.0,7.5906083035803e-05,1.055272100194574,41.9840446107,-87.6602738295
Leavitt St & Chicago Ave,99.0,1296.0,0.0012262643528668574,0.0011504956630041963,1395.0,7.576868986266107e-05,1.0658573747313727,41.895501,-87.682017
California Ave & Granville Ave,26.0,281.0,0.0003220492239852353,0.0002494516059445827,307.0,7.25976180406526e-05,1.291027699493268,41.9941803,-87.6995596
Narragansett Ave & North Ave,10.0,59.0,0.00012386508614816742,5.237595996701202e-05,69.0,7.14891261811554e-05,2.364896439697542,41.909499999999994,-87.78491
Public Rack - Washtenaw Ave & Superior St,16.0,143.0,0.00019818413783706786,0.0001269451233098766,159.0,7.123901452719126e-05,1.5611751873138828,41.894738,-87.69520399999999
Shields Ave & 43rd St,9.0,47.0,0.00011147857753335067,4.17232223466028e-05,56.0,6.975535518674786e-05,2.6718191799308,41.81620767856,-87.6348193497
Public Rack - Harold Washington Park,9.0,47.0,0.00011147857753335067,4.17232223466028e-05,56.0,6.975535518674786e-05,2.6718191799308,41.801089,-87.58479100000001
Richmond St & 59th St,9.0,50.0,0.00011147857753335067,4.4386406751705104e-05,59.0,6.709217078164557e-05,2.5115136407257737,41.78649,-87.69733
Claremont Ave & Hirsch St,45.0,553.0,0.0005573928876667533,0.0004909136586738585,598.0,6.647922899289489e-05,1.1354191157633788,41.907781,-87.685854
Public Rack - Hamlin Ave & Montrose Ave,11.0,79.0,0.00013625159476298416,7.013052266769406e-05,90.0,6.61210720952901e-05,1.9428152930400957,41.96121600000001,-87.72241599999998
Wood St & Webster Ave,54.0,679.0,0.000668871465200104,0.0006027674036881553,733.0,6.610406151194874e-05,1.1096674296586853,41.92105672992757,-87.67279744148254
Clark St & Fletcher St,23.0,247.0,0.00028488969814078507,0.0002192688493534232,270.0,6.562084878736186e-05,1.2992698220063672,41.93894,-87.65030999999999
State St & Van Buren St,116.0,1545.0,0.001436834999318742,0.0013715399686276878,1661.0,6.529503069105424e-05,1.0476070581809787,41.877181,-87.627844
Marshfield Ave & 44th St,10.0,66.0,0.00012386508614816742,5.8590056912250737e-05,76.0,6.52750292359167e-05,2.114078370930844,41.81388181322957,-87.6664333618677
Marshfield Ave & Diversey Pkwy,9.0,53.0,0.00011147857753335067,4.704959115680741e-05,62.0,6.442898637654327e-05,2.369355512703723,41.93204,-87.6697
Wallace St & Pershing Rd,11.0,82.0,0.00013625159476298416,7.279370707279637e-05,93.0,6.34578876901878e-05,1.8717376611836414,41.82348386197183,-87.6408699859155
Damen Ave & Sunnyside Ave,82.0,1074.0,0.0010156937064149728,0.0009534200170266256,1156.0,6.227368938834714e-05,1.065316044303865,41.96325,-87.679258
Hoyne Ave & 34th St,11.0,85.0,0.00013625159476298416,7.545689147789868e-05,96.0,6.0794703285085483e-05,1.8056772074381644,41.8320245,-87.6778387
Hoyne Ave & Balmoral Ave,57.0,727.0,0.0007060309910445543,0.0006453783541697922,784.0,6.0652636874762144e-05,1.093979822073461,41.979851,-87.681932
Merrimac Park,10.0,72.0,0.00012386508614816742,6.391642572245535e-05,82.0,5.994866042571207e-05,1.9379079296156791,41.95261,-87.78535
Racine Ave & 13th St,20.0,212.0,0.00024773017229633485,0.00018819836462722963,232.0,5.953180766910522e-05,1.3163231065472571,41.865054,-87.656959
Kedzie Ave & Armitage Ave,20.0,212.0,0.00024773017229633485,0.00018819836462722963,232.0,5.953180766910522e-05,1.3163231065472571,41.91759,-87.70685
Western Ave & Berteau Ave,22.0,240.0,0.00027250318952596833,0.0002130547524081845,262.0,5.944843711778384e-05,1.279027608716657,41.95774,-87.688273
Kedzie Ave & 54th Pl,8.0,46.0,9.909206891853393e-05,4.0835494211568694e-05,54.0,5.825657470696524e-05,2.4265811948779272,41.793637538888895,-87.70345380555557
Granville Ave & Clark St,8.0,47.0,9.909206891853393e-05,4.17232223466028e-05,55.0,5.736884657193113e-05,2.374953045148896,41.9944,-87.66983
Oakley Ave & Lyndale St,8.0,47.0,9.909206891853393e-05,4.17232223466028e-05,55.0,5.736884657193113e-05,2.374953045148896,41.92261,-87.68513
Leavitt St & Division St,67.0,871.0,0.0008298960771927217,0.0007732112056147029,938.0,5.668487157801884e-05,1.0733108856357931,41.90299699999999,-87.683825
Southport Ave & Clark St,72.0,941.0,0.0008918286202668054,0.0008353521750670901,1013.0,5.6476445199715275e-05,1.0676078656134629,41.957081,-87.664199
Racine Ave & 35th St,20.0,217.0,0.00024773017229633485,0.00019263700530240015,237.0,5.5093166993934695e-05,1.2859932384964758,41.83068856472101,-87.65621066093445
Green St & Chicago Ave,29.0,343.0,0.0003592087498296855,0.000304490750316697,372.0,5.4717999512988514e-05,1.1797027323599973,41.89466827448534,-87.64995936930755
N Carpenter St & W Lake St,22.0,246.0,0.00027250318952596833,0.0002183811212183891,268.0,5.412206830757922e-05,1.247831956231689,41.885586,-87.6531893
Central Ave & Altgeld St,8.0,52.0,9.909206891853393e-05,4.616186302177331e-05,60.0,5.293020589676062e-05,2.1465971222754403,41.9258119,-87.7663685
Halsted St & 47th Pl,9.0,66.0,0.00011147857753335067,5.8590056912250737e-05,75.0,5.2888520621099934e-05,1.9026722405828718,41.80813391481,-87.6456165545
Princeton Ave & 47th St,12.0,108.0,0.0001486381033778009,9.587463858368303e-05,120.0,5.2763464794117876e-05,1.5503323427469469,41.80931770924,-87.633449288
Rush St & Illinois St,28.0,332.0,0.00034682224121486877,0.0002947257408313219,360.0,5.209650038354689e-05,1.1767620414645807,41.89087,-87.62584
Ravenswood Ave & Irving Park Rd,104.0,1395.0,0.0012881968959409411,0.0012383807483725723,1499.0,4.981614756836882e-05,1.0402268102173138,41.95469,-87.67393
Ogden Ave & Roosevelt Rd,24.0,279.0,0.0002972762067556018,0.0002476761496745145,303.0,4.960005708108732e-05,1.200260933018122,41.86650148316,-87.68469707
Public Rack - Hyde Park Blvd & 53rd St,9.0,71.0,0.00011147857753335067,6.302869758742125e-05,80.0,4.844987994592942e-05,1.7686833635641381,41.799468,-87.584206
Jeffery Blvd & 71st St,13.0,127.0,0.00016102461199261764,0.00011274147314933096,140.0,4.828313884328668e-05,1.4282604194723858,41.76663823695,-87.57645011409998
Clinton St & 18th St,58.0,756.0,0.000718417499659371,0.0006711224700857812,814.0,4.729502957358982e-05,1.0704714284057815,41.85795,-87.640826
Wood St & Augusta Blvd,103.0,1384.0,0.0012758103873261244,0.0012286157388871973,1487.0,4.719464843892709e-05,1.0384128320453072,41.899181,-87.6722
Indiana Ave & 26th St,47.0,603.0,0.0005821659048963868,0.0005353000654255636,650.0,4.686583947082325e-05,1.08755043189306,41.845687,-87.622481
Pershing Rd & Sacramento Ave,7.0,45.0,8.670556030371719e-05,3.9947766076534595e-05,52.0,4.67577942271826e-05,2.170444016658816,41.8223772681012,-87.69975413003766
Kedvale Ave & Peterson Ave,7.0,46.0,8.670556030371719e-05,4.0835494211568694e-05,53.0,4.58700660921485e-05,2.1232616065057277,41.9900762,-87.7317073
Central Ave & Lake St,8.0,60.0,9.909206891853393e-05,5.326368810204612e-05,68.0,4.582838081648781e-05,1.8603895460476252,41.887664,-87.765469
Rockwell St & Cermak Rd,10.0,88.0,0.00012386508614816742,7.812007588300098e-05,98.0,4.5745010265166446e-05,1.5855655435887368,41.851644,-87.690621
St Louis Ave & Foster Ave,11.0,102.0,0.00013625159476298416,9.05482697734784e-05,113.0,4.570332498950576e-05,1.5047343297614544,41.97598370000001,-87.7159844
Dorchester Ave & 63rd St,21.0,242.0,0.0002601166809111516,0.0002148302086782527,263.0,4.5286472232898876e-05,1.21080024876983,41.78040564570001,-87.5914159893
W Washington Blvd & N Peoria St,18.0,201.0,0.00022295715506670134,0.00017843335514185451,219.0,4.452379992484683e-05,1.2495248176252303,41.883043,-87.649931
Dearborn St & Division St,67.0,885.0,0.0008298960771927217,0.0007856393995051803,952.0,4.4256677687541397e-05,1.0563319779830767,41.9043,-87.62991
Western Ave & Congress Pkwy,34.0,426.0,0.0004211412929037692,0.00037817218552452746,460.0,4.2969107379241744e-05,1.1136228294971349,41.87474885079,-87.68644527569998
Hampden Ct & Diversey Ave,52.0,678.0,0.0006440984479704706,0.0006018796755531212,730.0,4.221877241734938e-05,1.0701447548196341,41.9325593,-87.6423847
Milwaukee Ave & Agatite Ave,13.0,135.0,0.00016102461199261764,0.00011984329822960378,148.0,4.118131376301386e-05,1.3436234712152646,41.9615,-87.75489
Lincoln Ave & Belle Plaine Ave,99.0,1338.0,0.0012262643528668574,0.0011877802446756285,1437.0,3.848410819122885e-05,1.0323999965176571,41.95600355078549,-87.68016144633293
Leavitt St & Augusta Blvd,17.0,194.0,0.0002105706464518846,0.0001722192581966158,211.0,3.835138825526881e-05,1.2226880197304364,41.89962,-87.68194
Halsted St & 21st St,43.0,557.0,0.0005326198704371199,0.0004944645712139948,600.0,3.8155299223125013e-05,1.077164723783392,41.85377981072743,-87.6466029882431
Lawndale Ave & 30th St,7.0,56.0,8.670556030371719e-05,4.971277556190972e-05,63.0,3.699278474180747e-05,1.7441153749374658,41.8389124,-87.7168955
Western Ave & Lyndale St,12.0,126.0,0.0001486381033778009,0.00011185374501429686,138.0,3.678435836350404e-05,1.3288582738157633,41.922599999999996,-87.68772000000001
Central Park Ave & Ogden Ave,15.0,168.0,0.00018579762922225112,0.00014913832668572916,183.0,3.665930253652196e-05,1.2458057398486955,41.854063503874464,-87.71511733531952
Ridge Blvd & Howard St,18.0,210.0,0.00022295715506670134,0.00018642290835716143,228.0,3.653424670953991e-05,1.19597404126699,42.019276,-87.68452
Public Rack - Washtenaw Ave & Devon Ave,7.0,57.0,8.670556030371719e-05,5.060050369694382e-05,64.0,3.6105056606773374e-05,1.7135174642834579,41.997764,-87.697221
State St & Pershing Rd,6.0,45.0,7.431905168890045e-05,3.9947766076534595e-05,51.0,3.437128561236586e-05,1.860384161716452,41.82301523798,-87.62656801850001
Ashland Ave & 50th St,7.0,59.0,8.670556030371719e-05,5.237595996701202e-05,66.0,3.432960033670517e-05,1.6554332354975658,41.803023,-87.664699
Spaulding Ave & Armitage Ave,101.0,1371.0,0.001251037370096491,0.001217075273131754,1472.0,3.396209696473703e-05,1.0279046578382032,41.91710803478932,-87.71022096276283
Clark St & Lake St,240.0,3311.0,0.002972762067556018,0.002939267855097912,3551.0,3.349421245810603e-05,1.0113954231849234,41.88602073203813,-87.63087535800302
Richmond St & Lincoln Ave,7.0,60.0,8.670556030371719e-05,5.326368810204612e-05,67.0,3.344187220167107e-05,1.627843199562196,41.9881174,-87.7031754
Union Ave & Root St,7.0,62.0,8.670556030371719e-05,5.503914437211433e-05,69.0,3.1666415931602865e-05,1.5753330826589622,41.819102,-87.643278
Cottage Grove Ave & 83rd St,6.0,50.0,7.431905168890045e-05,4.4386406751705104e-05,56.0,2.9932644937195348e-05,1.6743499367879948,41.743441,-87.604836
Damen Ave & Pershing Rd,7.0,64.0,8.670556030371719e-05,5.681460064218253e-05,71.0,2.989095966153466e-05,1.5261047902984277,41.823192,-87.676597
Kildare Ave & North Ave,8.0,78.0,9.909206891853393e-05,6.924279453265996e-05,86.0,2.984927438587397e-05,1.43107508170707,41.9095392,-87.7338518
Karlov Ave & Lawrence Ave,11.0,120.0,0.00013625159476298416,0.00010652737620409224,131.0,2.972421855889192e-05,1.2790262990768282,41.967947,-87.730409
Racine Ave & Webster Ave,16.0,190.0,0.00019818413783706786,0.0001686683456564794,206.0,2.9515792180588466e-05,1.174992035842137,41.9216,-87.65859
Kilpatrick Ave & Grand Ave,6.0,52.0,7.431905168890045e-05,4.616186302177331e-05,58.0,2.8157188667127143e-05,1.6099532573152242,41.912732,-87.743636
Kilbourn Ave & Diversey Ave,11.0,122.0,0.00013625159476298416,0.00010830283247416046,133.0,2.794876228882371e-05,1.2580588484298727,41.93179,-87.73934
Jeffery Blvd & 67th St,12.0,136.0,0.0001486381033778009,0.00012073102636463788,148.0,2.790707701316302e-05,1.2311489159378255,41.77351755125,-87.5771428255
Valli Produce - Evanston Plaza,17.0,206.0,0.0002105706464518846,0.00018287199581702504,223.0,2.7698650634859566e-05,1.1514638643672337,42.03974199999999,-87.699413
Drake Ave & Addison St,22.0,276.0,0.00027250318952596833,0.00024501296526941216,298.0,2.7490224256556165e-05,1.1121986015218703,41.947326,-87.717582
Washtenaw Ave & Peterson Ave,6.0,53.0,7.431905168890045e-05,4.704959115680741e-05,59.0,2.7269460532093044e-05,1.5795774263751758,41.99066,-87.697075
Stony Island Ave & 71st St,9.0,95.0,0.00011147857753335067,8.43341728282397e-05,104.0,2.7144404705110972e-05,1.3218633909767912,41.7664929373,-87.58646087749999
University Ave & 65th St,11.0,123.0,0.00013625159476298416,0.00010919056060919455,134.0,2.706103415378961e-05,1.247830821382279,41.77694,-87.59842000000002
Kedzie Ave & 57th St,12.0,137.0,0.0001486381033778009,0.00012161875449967198,149.0,2.701934887812892e-05,1.2221625013903623,41.78983,-87.7031
Prairie Ave & Garfield Blvd,21.0,263.0,0.0002601166809111516,0.00023347249951396885,284.0,2.664418139718274e-05,1.1141207950908734,41.794852999999996,-87.618691
Greenview Ave & Fullerton Ave,156.0,2147.0,0.0019322953439114116,0.0019059523059182172,2303.0,2.634303799319438e-05,1.0138214498284905,41.92533,-87.6658
Ashland Ave & McDowell Ave,7.0,69.0,8.670556030371719e-05,6.125324131735304e-05,76.0,2.545231898636415e-05,1.415519292035597,41.809719,-87.663477
Shabbona Park,8.0,83.0,9.909206891853393e-05,7.368143520783047e-05,91.0,2.5410633710703463e-05,1.3448669094476806,41.94480000000001,-87.79932
Milwaukee Ave & Cuyler Ave,15.0,181.0,0.00018579762922225112,0.00016067879244117248,196.0,2.5118836781078645e-05,1.156328536398098,41.95446799999999,-87.749594
Oakley Ave & Irving Park Rd,42.0,559.0,0.0005202333618223032,0.0004962400274840631,601.0,2.3993334338240076e-05,1.0483501625407436,41.95434085219,-87.6860796243
Leclaire Ave & Belmont Ave,6.0,57.0,7.431905168890045e-05,5.060050369694382e-05,63.0,2.3718547991956634e-05,1.4687320782799023,41.939041,-87.754197
Kostner Ave & Belmont Ave,9.0,99.0,0.00011147857753335067,8.788508536837611e-05,108.0,2.3593492164974563e-05,1.2684553768219624,41.939191,-87.737112
Linder Ave & Montrose Ave,7.0,73.0,8.670556030371719e-05,6.480415385748945e-05,80.0,2.190140644622774e-05,1.3379577879622089,41.96081,-87.76488
Wacker Dr & Randolph St,12.0,143.0,0.0001486381033778009,0.0001269451233098766,155.0,2.16929800679243e-05,1.1708833598247939,41.88454,-87.63732
Cottage Grove Ave & 51st St,17.0,213.0,0.0002105706464518846,0.00018908609276226373,230.0,2.1484553689620872e-05,1.1136225290460893,41.803038,-87.606615
Public Rack - Milwaukee Ave & Diversey Ave,8.0,88.0,9.909206891853393e-05,7.812007588300098e-05,96.0,2.0971993035532954e-05,1.2684549949995816,41.93123,-87.711501
California & 16th St,8.0,89.0,9.909206891853393e-05,7.900780401803509e-05,97.0,2.008426490049884e-05,1.2542028720737788,41.859228,-87.695562
Mango Ave & North Ave,5.0,48.0,6.193254307408371e-05,4.26109504816369e-05,53.0,1.9321592592446813e-05,1.453431311499651,41.90958,-87.7691175
Halsted St & 96th St,6.0,62.0,7.431905168890045e-05,5.503914437211433e-05,68.0,1.9279907316786125e-05,1.3502880949301097,41.71971218361882,-87.6430195569992
Kedzie Ave & 60th St,5.0,49.0,6.193254307408371e-05,4.3498678616671005e-05,54.0,1.8433864457412707e-05,1.4237701298866157,41.78458,-87.70319
Milwaukee Ave & Ainslie St,27.0,356.0,0.000334435732600052,0.00031603121607214036,383.0,1.8404516527911665e-05,1.0582362037537036,41.96861,-87.76108
Wentworth Ave & 63rd St,6.0,63.0,7.431905168890045e-05,5.592687250714843e-05,69.0,1.839217918175202e-05,1.3288553337944549,41.78007963264,-87.6297463052
Manor Ave & Leland Ave,29.0,384.0,0.0003592087498296855,0.0003408876038530952,413.0,1.8321145976590316e-05,1.053745258038857,41.965875,-87.700825
Mozart St & Jackson Blvd,7.0,78.0,8.670556030371719e-05,6.924279453265996e-05,85.0,1.7462765771057232e-05,1.2521925017096027,41.8775,-87.69740000000002
Knox Ave & Montrose Ave,16.0,204.0,0.00019818413783706786,0.0001810965395469568,220.0,1.708759829011105e-05,1.0943557727667548,41.960631,-87.745359
Central Park Ave & North Ave,25.0,330.0,0.00030966271537041855,0.0002929502845612537,355.0,1.671243080916487e-05,1.0570484981289456,41.90965687563,-87.7166319516
Albany Ave & 26th St,5.0,51.0,6.193254307408371e-05,4.52741348867392e-05,56.0,1.665840818734451e-05,1.367937240364217,41.844507,-87.701655
Sacramento Ave & Pratt Blvd,5.0,51.0,6.193254307408371e-05,4.52741348867392e-05,56.0,1.665840818734451e-05,1.367937240364217,42.00404000000001,-87.70473000000001
Public Rack - Hyde Park Blvd & 55th St,10.0,121.0,0.00012386508614816742,0.00010741510433912636,131.0,1.6449981809041068e-05,1.153142602873647,41.795,-87.584113
Western Ave & Gunnison St,11.0,135.0,0.00013625159476298416,0.00011984329822960378,146.0,1.640829653338038e-05,1.1369134516683015,41.96965951655629,-87.68953755099338
Oakley Ave & Touhy Ave,13.0,164.0,0.00016102461199261764,0.00014558741414559274,177.0,1.5437197847024904e-05,1.1060331478821332,42.012342,-87.688243
Francisco Ave & Montrose Ave,20.0,262.0,0.00024773017229633485,0.00023258477137893475,282.0,1.51454009174001e-05,1.0651174868849773,41.9610471,-87.700901
Damen Ave & Lake St,60.0,821.0,0.0007431905168890045,0.0007288247988629978,881.0,1.4365718026006723e-05,1.0197107704590287,41.8849659,-87.6768354
Kilbourn Ave & Roscoe St,8.0,96.0,9.909206891853393e-05,8.52219009632738e-05,104.0,1.3870167955260134e-05,1.1627516524136792,41.942722,-87.739557
Lavergne Ave & Diversey Ave,6.0,70.0,7.431905168890045e-05,6.214096945238714e-05,76.0,1.2178082236513312e-05,1.1959719388334498,41.93128,-87.75141
Wood St & 33rd St,6.0,71.0,7.431905168890045e-05,6.302869758742125e-05,77.0,1.12903541014792e-05,1.17912753088843,41.83427,-87.6706
MLK Jr Dr & 56th St,5.0,58.0,6.193254307408371e-05,5.1488231831977923e-05,63.0,1.0444311242105789e-05,1.2028445729427106,41.79342945658,-87.6158532619
Ashland Ave & Belle Plaine Ave,57.0,784.0,0.0007060309910445543,0.0006959788578667361,841.0,1.0052133177818252e-05,1.0144431380652728,41.9557944253819,-87.66915741480612
Clark St & Schreiber Ave,69.0,952.0,0.0008546690944223552,0.0008451171845524652,1021.0,9.551909869890047e-06,1.0113024545495353,41.999245,-87.671249
Marshfield Ave & Wabansia Ave,4.0,46.0,4.9546034459266966e-05,4.0835494211568694e-05,50.0,8.710540247698272e-06,1.2133028413891278,41.91218,-87.66888
Lavergne Ave & Fullerton Ave,6.0,75.0,7.431905168890045e-05,6.657961012755766e-05,81.0,7.73944156134279e-06,1.116241673762305,41.924034,-87.751191
Meade Ave & Fullerton Ave,7.0,89.0,8.670556030371719e-05,7.900780401803509e-05,96.0,7.697756285682101e-06,1.097429095166723,41.924751,-87.778272
Public Rack - Kedzie Ave & Argyle St,9.0,117.0,0.00011147857753335067,0.00010386419179898995,126.0,7.614385734360725e-06,1.0733102746211343,41.972097000000005,-87.708572
Narragansett Ave & Wrightwood Ave,10.0,131.0,0.00012386508614816742,0.00011629238568946737,141.0,7.57270045870005e-06,1.0651172069142527,41.927290000000006,-87.78523
Aberdeen St & Randolph St,171.0,2378.0,0.002118092973133663,0.0021110175051110946,2549.0,7.0754680225682334e-06,1.003351684509367,41.88411416441933,-87.65426402007539
Sawyer Ave & Irving Park Rd,24.0,327.0,0.0002972762067556018,0.0002902871001561514,351.0,6.989106599450401e-06,1.024076448864734,41.953598557720426,-87.70931008347263
Halsted St & North Branch St,15.0,202.0,0.00018579762922225112,0.0001793210832768886,217.0,6.47654594536251e-06,1.0361168341735254,41.89939028549696,-87.64854490756989
California Ave & Lake St,8.0,107.0,9.909206891853393e-05,9.498691044864893e-05,115.0,4.105158469885003e-06,1.0432176942359868,41.88445395657,-87.6962981368
MLK Jr Dr & 63rd St,4.0,52.0,4.9546034459266966e-05,4.616186302177331e-05,56.0,3.384171437493657e-06,1.0733093923550077,41.78008063659,-87.6159428567
Woodlawn Ave & Lake Park Ave,27.0,374.0,0.000334435732600052,0.0003320103225027542,401.0,2.425410097297827e-06,1.0073052029642082,41.81409271048,-87.5970051479
Ashland Ave & Pershing Rd,6.0,81.0,7.431905168890045e-05,7.190597893776227e-05,87.0,2.4130727511381813e-06,1.0335582552178526,41.823465,-87.665577
Princeton Ave & Garfield Blvd,7.0,96.0,8.670556030371719e-05,8.52219009632738e-05,103.0,1.483659340443394e-06,1.017409162603873,41.794982,-87.633124
Christiana Ave & Lawrence Ave,34.0,473.0,0.0004211412929037692,0.0004198954078711303,507.0,1.2458850326388968e-06,1.002967124770025,41.96835449363001,-87.7118306675
California Ave & Touhy Ave,5.0,69.0,6.193254307408371e-05,6.125324131735304e-05,74.0,6.793017567306714e-07,1.011089872996896,42.0120368,-87.7004371
Stony Island Ave & 67th St,6.0,83.0,7.431905168890045e-05,7.368143520783047e-05,89.0,6.376164810699831e-07,1.0086535750246515,41.77345849948,-87.5853397391
Southport Ave & Wellington Ave,250.0,3488.0,0.0030966271537041855,0.003096395734998948,3738.0,2.314187052374246e-07,1.0000747380665473,41.93577461766458,-87.66360014677048
Wabash Ave & 87th St,4.0,56.0,4.9546034459266966e-05,4.971277556190972e-05,60.0,-1.66741102642753e-07,0.9966459778852421,41.73655301831962,-87.62264415621758
Lockwood Ave & Wrightwood Ave,10.0,140.0,0.00012386508614816742,0.00012428193890477428,150.0,-4.168527566068554e-07,0.9966459374047612,41.927766,-87.758544
Kostner Ave & Wrightwood Ave,10.0,141.0,0.00012386508614816742,0.0001251696670398084,151.0,-1.3045808916409816e-06,0.9895775829713676,41.927957,-87.735952
Kenneth Ave & Lawrence Ave,12.0,169.0,0.0001486381033778009,0.00015002605482076326,181.0,-1.387951442962358e-06,0.9907486590027342,41.967943,-87.739983
Long & Irving Park,4.0,58.0,4.9546034459266966e-05,5.1488231831977923e-05,62.0,-1.942197372710958e-06,0.9622795426614864,41.953038,-87.7621632
Public Rack - Christiana Ave & Belmont Ave,6.0,86.0,7.431905168890045e-05,7.634461961293278e-05,92.0,-2.0255679240323277e-06,0.9734684460706217,41.93917,-87.71169
Central St & Girard Ave,21.0,296.0,0.0002601166809111516,0.0002627675279700942,317.0,-2.6508470589426108e-06,0.9899118548198272,42.064313,-87.686152
Lockwood Ave & Grand Ave,4.0,59.0,4.9546034459266966e-05,5.237595996701202e-05,63.0,-2.829925507745057e-06,0.9459700312975897,41.9175941,-87.7584143
Halsted St & 51st St,5.0,73.0,6.193254307408371e-05,6.480415385748945e-05,78.0,-2.8716107834057385e-06,0.9556885430791416,41.80183164049,-87.645213904
Wallace St & 28th St,7.0,101.0,8.670556030371719e-05,8.96605416384443e-05,108.0,-2.954981334727115e-06,0.967042934119481,41.843511,-87.6419
Cumberland Ave & Catherine Ave,5.0,74.0,6.193254307408371e-05,6.569188199252355e-05,79.0,-3.7593389184398376e-06,0.9427740296297599,41.97732,-87.83674
Rockwell Ave & Logan Blvd,9.0,130.0,0.00011147857753335067,0.00011540465755443327,139.0,-3.926080021082604e-06,0.9659801771916529,41.928110000000004,-87.69268
Bernard St & Peterson Ave,4.0,61.0,4.9546034459266966e-05,5.415141623708023e-05,65.0,-4.605381777813262e-06,0.9149551931782541,41.9904393,-87.715236
Calumet Park,4.0,61.0,4.9546034459266966e-05,5.415141623708023e-05,65.0,-4.605381777813262e-06,0.9149551931782541,41.71370983035615,-87.53084421157837
Racine Ave & 15th St,47.0,661.0,0.0005821659048963868,0.0005867882972575415,708.0,-4.622392361154659e-06,0.9921225687265289,41.861267,-87.656625
Elston Ave & Carmen Ave,6.0,89.0,7.431905168890045e-05,7.900780401803509e-05,95.0,-4.6887523291346385e-06,0.940655318259667,41.97354,-87.74955
California Ave & Byron St,52.0,732.0,0.0006440984479704706,0.0006498169948449627,784.0,-5.718546874492131e-06,0.9911997714439156,41.95216219326,-87.698051113
MLK Jr Dr & Pershing Rd,24.0,342.0,0.0002972762067556018,0.0003036030221816629,366.0,-6.3268154260611126e-06,0.9791609630840944,41.8246,-87.61678
Southport Ave & Roscoe St,323.0,4514.0,0.004000842282585807,0.004007204801543937,4837.0,-6.362518958129282e-06,0.9984122305483591,41.943738999999994,-87.66402
Bosworth Ave & Howard St,13.0,189.0,0.00016102461199261764,0.0001677806175214453,202.0,-6.7560055288276544e-06,0.9597333389162008,42.019537,-87.669563
Kedzie Ave & Archer Ave,3.0,50.0,3.7159525844450226e-05,4.4386406751705104e-05,53.0,-7.226880907254878e-06,0.8371862328502158,41.81447,-87.70411
Central Park Ave & Ardmore Ave,9.0,134.0,0.00011147857753335067,0.00011895557009456968,143.0,-7.476992561219014e-06,0.9371451904230691,41.9866081,-87.7187674
Long Ave & Diversey Ave,3.0,51.0,3.7159525844450226e-05,4.52741348867392e-05,54.0,-8.114609042288977e-06,0.8207711790900551,41.93104,-87.76124
Wood St & Walnut St,4.0,65.0,4.9546034459266966e-05,5.770232877721664e-05,69.0,-8.156294317949672e-06,0.8586512339792419,41.88417586306651,-87.67124295169083
Michigan Ave & 14th St,206.0,2884.0,0.0025516207746522487,0.0025602079414383506,3090.0,-8.587166786101861e-06,0.9966459117273149,41.864059,-87.623727
Keystone Ave & Fullerton Ave,15.0,219.0,0.00018579762922225112,0.00019441246157246835,234.0,-8.614832350217229e-06,0.9556880872315212,41.92459,-87.72785
Avers Ave & Belmont Ave,49.0,694.0,0.0006069389221260203,0.0006160833257136669,743.0,-9.144403587646585e-06,0.9851572208446404,41.939408,-87.723574
Glenwood Ave & Morse Ave,96.0,1350.0,0.0011891048270224072,0.0011984329822960378,1446.0,-9.328155273630612e-06,0.9922163795324302,42.00797192287,-87.6655023944
Exchange Ave & 79th St,3.0,53.0,3.7159525844450226e-05,4.704959115680741e-05,56.0,-9.890065312357182e-06,0.7897993400466286,41.75211500633265,-87.55200700025293
Public Rack - Western Ave & Devon Ave,3.0,53.0,3.7159525844450226e-05,4.704959115680741e-05,56.0,-9.890065312357182e-06,0.7897993400466286,41.997579,-87.689713
Kilbourn Ave & Milwaukee Ave,4.0,67.0,4.9546034459266966e-05,5.947778504728484e-05,71.0,-9.931750588017877e-06,0.8330202847936072,41.94761930237381,-87.74001627636491
Lexington St & California Ave,3.0,55.0,3.7159525844450226e-05,4.882504742687561e-05,58.0,-1.1665521582425387e-05,0.761079952255069,41.8719938,-87.6958108
Dodge Ave & Main St,10.0,153.0,0.00012386508614816742,0.00013582240466021762,163.0,-1.1957318512050198e-05,0.911964226327832,42.03463185161588,-87.69918769598006
Grace St & Cicero Ave,5.0,84.0,6.193254307408371e-05,7.456916334286458e-05,89.0,-1.263662026878087e-05,0.8305405311950409,41.94973,-87.74695
Lincoln Ave & Addison St,79.0,1117.0,0.0009785341805705226,0.000991592326833092,1196.0,-1.3058146262569367e-05,0.986831147498467,41.946176,-87.673308
Public Rack - Rockwell & Division,3.0,57.0,3.7159525844450226e-05,5.060050369694382e-05,60.0,-1.3440977852493592e-05,0.7343759202692353,41.90282,-87.692397
Eberhart Ave & 61st St,4.0,71.0,4.9546034459266966e-05,6.302869758742125e-05,75.0,-1.3482663128154287e-05,0.7860903091046243,41.784071072761,-87.61448353528975
Racine Ave & Broadway,23.0,337.0,0.00028488969814078507,0.0002991643815064924,360.0,-1.427468336570733e-05,0.9522849759760805,41.968235,-87.65965479999998
Wells St & Randolph St Corral,5.0,86.0,6.193254307408371e-05,7.634461961293278e-05,91.0,-1.4412076538849067e-05,0.8112258881135901,41.88438,-87.63396
Wabash Ave & Adams St,152.0,2138.0,0.0018827493094521446,0.0018979627527029102,2290.0,-1.521344325076555e-05,0.9919843341427886,41.87947235235,-87.6256886059
Rockwell/Irving Park Hub,3.0,59.0,3.7159525844450226e-05,5.237595996701202e-05,62.0,-1.5216434122561797e-05,0.7094822965642644,41.954212,-87.69317000000001
Melvina Ave & Giddings Ave,5.0,87.0,6.193254307408371e-05,7.723234774796688e-05,92.0,-1.5299804673883166e-05,0.8019015733487233,41.96648,-87.78202000000002
Francisco Ave & Chicago Ave,37.0,534.0,0.0004583008187482194,0.0004740468241082105,571.0,-1.5746005359991064e-05,0.9667839307360754,41.895745,-87.698653
Francisco Ave & Foster Ave,38.0,548.0,0.00047068732736303616,0.00048647501799868793,586.0,-1.5787690635651766e-05,0.9675468264589883,41.97563272521,-87.7014194389
Western Ave & Granville Ave,21.0,311.0,0.0002601166809111516,0.00027608344999560577,332.0,-1.596676908445418e-05,0.9421670829896132,41.99416136902,-87.689438282
Clark St & Jarvis Ave,26.0,381.0,0.0003220492239852353,0.00033822441944799287,407.0,-1.617519546275758e-05,0.9521762867818847,42.015963000000006,-87.675005
Cherry Ave & Blackhawk St,9.0,144.0,0.00011147857753335067,0.0001278328514449107,153.0,-1.6354273911560032e-05,0.8720661724049845,41.907221,-87.655618
Broadway & Sunnyside Ave,52.0,744.0,0.0006440984479704706,0.0006604697324653719,796.0,-1.637128449490132e-05,0.9752127025617147,41.963419,-87.656069
California Ave & Madison St,2.0,48.0,2.4773017229633483e-05,4.26109504816369e-05,50.0,-1.7837933252003416e-05,0.5813866051569159,41.88098,-87.69598
Pine Ave & Division St,2.0,48.0,2.4773017229633483e-05,4.26109504816369e-05,50.0,-1.7837933252003416e-05,0.5813866051569159,41.9019265060241,-87.76371771084338
Kilpatrick Ave & Parker Ave,2.0,48.0,2.4773017229633483e-05,4.26109504816369e-05,50.0,-1.7837933252003416e-05,0.5813866051569159,41.930736,-87.744082
Menard Ave & Lawrence Ave,5.0,90.0,6.193254307408371e-05,7.989553215306919e-05,95.0,-1.7962989078985477e-05,0.7751718554621218,41.96788,-87.77274
Western Blvd & 48th Pl,6.0,104.0,7.431905168890045e-05,9.232372604354662e-05,110.0,-1.8004674354646166e-05,0.8049853476288255,41.805661,-87.683392
Keeler Ave & Carmen Ave,9.0,146.0,0.00011147857753335067,0.0001296083077149789,155.0,-1.812973018162823e-05,0.8601201526244016,41.974323,-87.7331
Western Ave & Ardmore Ave,6.0,105.0,7.431905168890045e-05,9.321145417858072e-05,111.0,-1.8892402489680265e-05,0.797318902756435,41.9867636,-87.68987959999998
Broadway & Cuyler Ave,12.0,189.0,0.0001486381033778009,0.0001677806175214453,201.0,-1.9142514143644394e-05,0.8859081559325314,41.955417,-87.6515
Long Ave & North Ave,2.0,50.0,2.4773017229633483e-05,4.4386406751705104e-05,52.0,-1.961338952207162e-05,0.558131664870956,41.9092147,-87.7609189
LaSalle St & Jackson Blvd Corral,3.0,64.0,3.7159525844450226e-05,5.681460064218253e-05,67.0,-1.9655074797732306e-05,0.6540549677276585,41.87816,-87.63204
Kostner Ave & Devon Ave,4.0,78.0,4.9546034459266966e-05,6.924279453265996e-05,82.0,-1.9696760073392994e-05,0.7155447617172006,41.997032,-87.73837
Elizabeth St & Fulton St,64.0,916.0,0.0007927365513482714,0.0008131589716912375,980.0,-2.042242034296603e-05,0.9748851135644432,41.88678352528257,-87.65919419155264
Long Ave & Belmont Ave,3.0,65.0,3.7159525844450226e-05,5.770232877721664e-05,68.0,-2.054280293276641e-05,0.643992757990117,41.93833,-87.76166
Hyacinth Ave & Milwaukee Ave,4.0,79.0,4.9546034459266966e-05,7.013052266769406e-05,83.0,-2.0584488208427093e-05,0.7064873622384746,41.99282,-87.78377
Indiana Ave & 40th St,5.0,93.0,6.193254307408371e-05,8.255871655817149e-05,98.0,-2.0626173484087775e-05,0.7501666146158025,41.821679964801916,-87.62159931493291
Paulina St & Adams St,6.0,107.0,7.431905168890045e-05,9.498691044864893e-05,113.0,-2.0667858759748476e-05,0.7824159025908707,41.87862,-87.66913
Wentworth Ave & 35th St,37.0,540.0,0.0004583008187482194,0.00047937319291841514,577.0,-2.1072374170195713e-05,0.9560419094697031,41.830777,-87.632504
California Ave & Fletcher St,60.0,861.0,0.0007431905168890045,0.0007643339242643618,921.0,-2.114340737535735e-05,0.9723375097694157,41.93842879148,-87.698007756
May St & Cullerton St,39.0,568.0,0.0004830738359778529,0.00050422958069937,607.0,-2.1155744721517117e-05,0.9580435111805912,41.855136,-87.654127
Austin Blvd & Madison St,3.0,66.0,3.7159525844450226e-05,5.8590056912250737e-05,69.0,-2.143053106780051e-05,0.6342354584950383,41.880281,-87.774453
Morgan Ave & 14th Pl,58.0,834.0,0.000718417499659371,0.0007403652646184411,892.0,-2.194776495907007e-05,0.9703555307583049,41.86237799999999,-87.651062
Kedzie Ave & Foster Ave,17.0,263.0,0.0002105706464518846,0.00023347249951396885,280.0,-2.2901853062084245e-05,0.9019081261481069,41.975672,-87.709261
Budlong Woods Library,15.0,237.0,0.00018579762922225112,0.0002103915680030822,252.0,-2.4593938780831067e-05,0.8831045268648902,41.98366470886,-87.6964225611
Public Rack - Jonathan Y Scammon Public School,3.0,70.0,3.7159525844450226e-05,6.214096945238714e-05,73.0,-2.4981443607936914e-05,0.5979940155086721,41.941612,-87.73237200000001
Sheridan Rd & Greenleaf Ave,47.0,684.0,0.0005821659048963868,0.0006072060443633258,731.0,-2.504013946693902e-05,0.9587617770587719,42.01058656284,-87.66241209479999
California Ave & 23rd Pl,6.0,112.0,7.431905168890045e-05,9.942555112381944e-05,118.0,-2.5106499434918985e-05,0.7474869725325888,41.84910969176,-87.69513980680001
Sangamon St & Adams St,19.0,294.0,0.00023534366368151808,0.000260992071700026,313.0,-2.564840801850792e-05,0.9017276288161891,41.879090000000005,-87.65128
Damen Ave & Evergreen Ave,4.0,85.0,4.9546034459266966e-05,7.545689147789868e-05,89.0,-2.5910857018631715e-05,0.6566183269748413,41.90605,-87.67758
State St & 95th St,4.0,86.0,4.9546034459266966e-05,7.634461961293278e-05,90.0,-2.6798585153665814e-05,0.6489833301565583,41.7218499,-87.6228544
Sayre Ave & Diversey Ave,2.0,59.0,2.4773017229633483e-05,5.237595996701202e-05,61.0,-2.760294273737854e-05,0.4729945618309389,41.93098,-87.80106
Wood St & Cortland St,6.0,115.0,7.431905168890045e-05,0.00010208873552892173,121.0,-2.7769683840021283e-05,0.7279875033846649,41.915890000000005,-87.67281
Mason Ave & Montrose Ave,2.0,61.0,2.4773017229633483e-05,5.415141623708023e-05,63.0,-2.9378399007446745e-05,0.45748682978747246,41.96056,-87.77588
Higgins Ave & Austin Ave,3.0,75.0,3.7159525844450226e-05,6.657961012755766e-05,78.0,-2.9420084283107436e-05,0.5581283465750265,41.97342,-87.77865
Franklin St & Madison St,2.0,62.0,2.4773017229633483e-05,5.503914437211433e-05,64.0,-3.0266127142480844e-05,0.4501081440146994,41.88139,-87.63542000000001
Public Rack - Lawndale Ave & Diversey Ave,1.0,50.0,1.2386508614816741e-05,4.4386406751705104e-05,51.0,-3.1999898136888364e-05,0.27907709689169635,41.931702,-87.719254
Laramie Ave & Addison St,2.0,64.0,2.4773017229633483e-05,5.681460064218253e-05,66.0,-3.204158341254905e-05,0.436042512084966,41.9456842,-87.75693440000002
Portage Park,6.0,121.0,7.431905168890045e-05,0.00010741510433912636,127.0,-3.3096052650225904e-05,0.6918892855605949,41.95607,-87.76471999999998
Kedzie Ave & Lake St,6.0,122.0,7.431905168890045e-05,0.00010830283247416046,128.0,-3.3983780785260003e-05,0.6862181142724753,41.88460328501,-87.70630374359999
St. Louis Ave & Balmoral Ave,10.0,179.0,0.00012386508614816742,0.00015890333617110428,189.0,-3.5038250022936855e-05,0.7795009823696155,41.98039423475,-87.7161149615
Ridge Blvd & Touhy Ave,15.0,249.0,0.00018579762922225112,0.0002210443056234914,264.0,-3.524667640124028e-05,0.8405454650944894,42.01213227742,-87.6829126443
Walden Pkwy & 100th St,1.0,54.0,1.2386508614816741e-05,4.7937319291841514e-05,55.0,-3.5550810677024774e-05,0.2584051505728307,41.71216410359803,-87.66773343086243
N Shore Channel Trail & Argyle St,8.0,152.0,9.909206891853393e-05,0.00013493467652518352,160.0,-3.584260760664959e-05,0.7343726393963709,41.972177,-87.702749
Damen Ave & Foster Ave,100.0,1436.0,0.0012386508614816742,0.0012747776019089705,1536.0,-3.612674042729634e-05,0.9716603805765198,41.9758109755749,-87.67950989857908
Public Rack - California Ave & Cortez St,3.0,83.0,3.7159525844450226e-05,7.368143520783047e-05,86.0,-3.652190936338024e-05,0.5043335733901078,41.900105,-87.696817
Whipple/Irving Park,13.0,223.0,0.00016102461199261764,0.00019796337411260478,236.0,-3.693876211998713e-05,0.8134070219171058,41.954189,-87.704448
Larrabee St & Clybourn Ave,13.0,223.0,0.00016102461199261764,0.00019796337411260478,236.0,-3.693876211998713e-05,0.8134070219171058,41.9066,-87.64322
Albany Ave & 16th St,2.0,70.0,2.4773017229633483e-05,6.214096945238714e-05,72.0,-3.736795222275366e-05,0.3986680410670796,41.85936,-87.70302
Washtenaw Ave & Ogden Ave,6.0,126.0,7.431905168890045e-05,0.00011185374501429686,132.0,-3.753469332539641e-05,0.6644336069909339,41.86193049278259,-87.69345045089722
Public Rack - Springfield Ave & Lawrence Ave,1.0,57.0,1.2386508614816741e-05,5.060050369694382e-05,58.0,-3.821399508212708e-05,0.24480514826212388,41.9683986,-87.7256873
Kilbourn Ave & Irving Park Rd,4.0,99.0,4.9546034459266966e-05,8.788508536837611e-05,103.0,-3.833905090910914e-05,0.5637642665683615,41.953733,-87.740569
Central Park & Augusta Blvd,4.0,99.0,4.9546034459266966e-05,8.788508536837611e-05,103.0,-3.833905090910914e-05,0.5637642665683615,41.8989108,-87.7164901
Western Ave & 24th St,14.0,239.0,0.00017341112060743438,0.0002121670242731504,253.0,-3.8755903665716005e-05,0.8173339088277474,41.84847,-87.68510899999998
Drake Ave & Montrose Ave,22.0,351.0,0.00027250318952596833,0.00031159257539696984,373.0,-3.908938587100151e-05,0.8745500903823139,41.96115407569,-87.7165690733
Fairfield Ave & Pratt Blvd,4.0,100.0,4.9546034459266966e-05,8.877281350341021e-05,104.0,-3.922677904414324e-05,0.5581266874083722,42.0044482,-87.69859730000002
Prairie Ave & 43rd St,8.0,157.0,9.909206891853393e-05,0.00013937331720035402,165.0,-4.028124828182009e-05,0.7109851435260143,41.81665889302,-87.61941246190001
Cottage Grove Ave & 43rd St,12.0,213.0,0.0001486381033778009,0.00018908609276226373,225.0,-4.0447989384462827e-05,0.7860880465526144,41.816499,-87.606582
Damen Ave & Cullerton St,44.0,660.0,0.0005450063790519367,0.0005859005691225074,704.0,-4.08941900705707e-05,0.9302029688505237,41.854966518753926,-87.67569959163664
Virginia Ave & Catalpa Ave,3.0,88.0,3.7159525844450226e-05,7.812007588300098e-05,91.0,-4.096055003855075e-05,0.4756786235266929,41.9812456,-87.7048924
Wells St & Madison St,11.0,200.0,0.00013625159476298416,0.00017754562700682041,211.0,-4.129403224383625e-05,0.7674186610019352,41.88199,-87.63418
Stony Island Ave & 63rd St,16.0,270.0,0.00019818413783706786,0.00023968659645920757,286.0,-4.1502458622139706e-05,0.8268476999426084,41.780506,-87.586853
Washtenaw Ave & Polk St,1.0,61.0,1.2386508614816741e-05,5.415141623708023e-05,62.0,-4.176490762226349e-05,0.22875264809208165,41.8711028,-87.693683
Cicero Ave & Roscoe Ave,1.0,62.0,1.2386508614816741e-05,5.503914437211433e-05,63.0,-4.265263575729759e-05,0.22506315628584686,41.942427,-87.747315
Southport Ave & Waveland Ave,369.0,5197.0,0.004570621678867378,0.004613523117772228,5566.0,-4.2901438904850535e-05,0.9907009397133992,41.948226,-87.6640712
Lincolnwood Dr & Central St,6.0,134.0,7.431905168890045e-05,0.00011895557009456968,140.0,-4.463651840566923e-05,0.6247662624251565,42.064854,-87.715297
Lincoln Ave & Balmoral Ave,9.0,176.0,0.00011147857753335067,0.00015624015176600196,185.0,-4.4761574232651284e-05,0.7135097013385472,41.979461,-87.693013
Wabash Ave & Cermak Rd,67.0,987.0,0.0008298960771927217,0.0008761876692786587,1054.0,-4.629159208593698e-05,0.9471670957305948,41.852619,-87.626488
Campbell Ave & Irving Park Rd,10.0,192.0,0.00012386508614816742,0.0001704438019265476,202.0,-4.657871577838017e-05,0.7267225796744857,41.953634,-87.690782
Stony Island Ave & 64th St,1.0,67.0,1.2386508614816741e-05,5.947778504728484e-05,68.0,-4.70912764324681e-05,0.20826768073639765,41.778881,-87.58664699999999
Public Rack - Spaulding Ave & Evergreen Ave,1.0,67.0,1.2386508614816741e-05,5.947778504728484e-05,68.0,-4.70912764324681e-05,0.20826768073639765,41.905317,-87.70952099999998
Sacramento Ave & Lunt Ave,2.0,81.0,2.4773017229633483e-05,7.190597893776227e-05,83.0,-4.713296170812879e-05,0.34452868964327044,42.0082,-87.70461000000002
Kostner Ave & Bryn Mawr Ave,7.0,151.0,8.670556030371719e-05,0.00013404694839014942,158.0,-4.734138808643223e-05,0.6468324308206188,41.982765,-87.738094
Central Park Ave & Washington Blvd,0.0,54.0,0.0,4.7937319291841514e-05,54.0,-4.7937319291841514e-05,2.0860138919600948e-05,41.8827476,-87.7153994
Western Ave & Lake St,4.0,110.0,4.9546034459266966e-05,9.765009485375123e-05,114.0,-4.810406039448426e-05,0.5073884172366107,41.884761555555556,-87.68648361002178
LaSalle St & Adams St,53.0,794.0,0.0006564849565852873,0.000704856139217077,847.0,-4.837118263178975e-05,0.9313744871967697,41.87934437346,-87.6319852213
Keystone Ave & Montrose Ave,12.0,222.0,0.0001486381033778009,0.00019707564597757065,234.0,-4.8437542599769745e-05,0.7542197739387018,41.96110801623001,-87.7289701012
Rainbow Beach,0.0,55.0,0.0,4.882504742687561e-05,55.0,-4.882504742687561e-05,2.048087143440499e-05,41.75787096522547,-87.54917675279042
Calumet Ave & 51st St,8.0,167.0,9.909206891853393e-05,0.00014825059855069504,175.0,-4.9158529632161105e-05,0.6684114700095378,41.80229465088,-87.6180535802
Avers Ave & Foster Ave,2.0,84.0,2.4773017229633483e-05,7.456916334286458e-05,86.0,-4.97961461132311e-05,0.33222425859154353,41.97541,-87.72451999999998
Prospect Sq & 91st St,1.0,71.0,1.2386508614816741e-05,6.302869758742125e-05,72.0,-5.064218897260451e-05,0.19653447642891594,41.7282338,-87.6675239
California Ave & 41st St,2.0,86.0,2.4773017229633483e-05,7.634461961293278e-05,88.0,-5.15716023832993e-05,0.32449821424249486,41.81867,-87.69441
Kedzie Ave & Chicago Ave,11.0,212.0,0.00013625159476298416,0.00018819836462722963,223.0,-5.194676986424547e-05,0.72398009968239,41.89546530305,-87.7061278837
Parnell Ave & 31st St,2.0,87.0,2.4773017229633483e-05,7.723234774796688e-05,89.0,-5.24593305183334e-05,0.32076839800441825,41.837911,-87.640279
Clinton St & Polk St,15.0,269.0,0.00018579762922225112,0.00023879886832417347,284.0,-5.3001239101922346e-05,0.7780516401710382,41.87146651779,-87.6409491327
Lock St & 31st St,4.0,116.0,4.9546034459266966e-05,0.00010297646366395585,120.0,-5.343042920468888e-05,0.4811444436129515,41.83796199975824,-87.65904880162913
Albany Ave & Belmont Ave,10.0,200.0,0.00012386508614816742,0.00017754562700682041,210.0,-5.368054085865299e-05,0.6976538402129663,41.939638,-87.705263
Fulton Market,55.0,828.0,0.0006812579738149207,0.0007350388958082365,883.0,-5.3780921993315804e-05,0.9268326490847422,41.886871,-87.648089
Edgebrook Metra,2.0,89.0,2.4773017229633483e-05,7.900780401803509e-05,91.0,-5.423478678840161e-05,0.31356021063144296,41.99751,-87.76539
Damen Ave/Coulter St,7.0,159.0,8.670556030371719e-05,0.00014114877347042224,166.0,-5.444321316670505e-05,0.6142876334256849,41.8492,-87.67564
Public Rack - Milwaukee Ave & Haussen Ct,1.0,76.0,1.2386508614816741e-05,6.746733826259176e-05,77.0,-5.508082964777502e-05,0.18360476830781933,41.937752,-87.721623
Dan Ryan Woods & 83rd St,2.0,90.0,2.4773017229633483e-05,7.989553215306919e-05,92.0,-5.512251492343571e-05,0.31007625189752114,41.742805,-87.680177
Clark/Racine,0.0,63.0,0.0,5.592687250714843e-05,63.0,-5.592687250714843e-05,1.7880172357212136e-05,41.95049999999999,-87.65930000000002
South Shore Dr & 74th St,6.0,147.0,7.431905168890045e-05,0.000130496035850013,153.0,-5.617698416111255e-05,0.5695152476437882,41.76218896038,-87.55927465
Burnham Greenway & 112th St,2.0,92.0,2.4773017229633483e-05,8.167098842313739e-05,94.0,-5.689797119350391e-05,0.3033355463476764,41.69177385116831,-87.53043115139008
Central Park Blvd & 5th Ave,3.0,106.0,3.7159525844450226e-05,9.409918231361482e-05,109.0,-5.693965646916459e-05,0.3949038666110393,41.875679,-87.71547
Kedzie Ave & Bryn Mawr Ave,13.0,246.0,0.00016102461199261764,0.0002183811212183891,259.0,-5.7356509225771465e-05,0.7373571201444045,41.982229759115164,-87.70888656377792
Kimball Ave & Belmont Ave,65.0,972.0,0.0008051230599630882,0.0008628717472531472,1037.0,-5.7748687290059e-05,0.9330739237345309,41.93939395344302,-87.71206766366959
Washtenaw Ave & Lawrence Ave,41.0,639.0,0.0005078468532074864,0.0005672582782867912,680.0,-5.941142507930486e-05,0.895265838121262,41.9687297,-87.6962603
Fairfield Ave & Roosevelt Rd,3.0,109.0,3.7159525844450226e-05,9.676236671871713e-05,112.0,-5.96028408742669e-05,0.3840350651757779,41.866624,-87.694521
Sacramento Blvd & Addison St,12.0,236.0,0.0001486381033778009,0.0002095038398680481,248.0,-6.086573649024719e-05,0.7094781365023256,41.94609,-87.702988
Kenosha Ave & Wellington Ave,1.0,83.0,1.2386508614816741e-05,7.368143520783047e-05,84.0,-6.129492659301373e-05,0.16812023896707856,41.934457,-87.733795
Farragut Ave & Central Ave,1.0,83.0,1.2386508614816741e-05,7.368143520783047e-05,84.0,-6.129492659301373e-05,0.16812023896707856,41.976659999999995,-87.76823
California Ave & Winona St,1.0,84.0,1.2386508614816741e-05,7.456916334286458e-05,85.0,-6.218265472804784e-05,0.16611883439037778,41.97471199999999,-87.697852
Seeley Ave & Roscoe St,98.0,1438.0,0.0012138778442520406,0.0012765530581790388,1536.0,-6.267521392699818e-05,0.9509028125166886,41.943403,-87.679618
Albany Ave & Douglas Blvd,0.0,71.0,0.0,6.302869758742125e-05,71.0,-6.302869758742125e-05,1.586553701313599e-05,41.86310853149135,-87.70312034955664
California Ave & Division St,79.0,1174.0,0.0009785341805705226,0.0010421928305300357,1253.0,-6.365864995951315e-05,0.9389186079453782,41.903029000000004,-87.697474
Monticello Ave & Lawrence Ave,14.0,269.0,0.00017341112060743438,0.00023879886832417347,283.0,-6.538774771673909e-05,0.7261818100001023,41.96834806534399,-87.71898711572858
Grace/Sheffield,0.0,75.0,0.0,6.657961012755766e-05,75.0,-6.657961012755766e-05,1.5019387747936855e-05,41.95120000000001,-87.6546
Sheffield Ave & Fletcher St,6.0,161.0,7.431905168890045e-05,0.00014292422974049044,167.0,-6.860517805158999e-05,0.519992529127597,41.939009999999996,-87.65321000000002
Western Ave & Wabansia Ave,10.0,217.0,0.00012386508614816742,0.00019263700530240015,227.0,-6.877191915423273e-05,0.6429992147900637,41.91208,-87.68752
Lavergne Ave & Lawrence Ave,0.0,78.0,0.0,6.924279453265996e-05,78.0,-6.924279453265996e-05,1.4441727330935537e-05,41.96775000000001,-87.75259000000001
Peterson/Ridge Metra,36.0,581.0,0.0004459143101334027,0.0005157700464548133,617.0,-6.985573632141065e-05,0.8645605704283544,41.9918,-87.67488999999999
DuSable Museum,6.0,164.0,7.431905168890045e-05,0.00014558741414559274,170.0,-7.126836245669229e-05,0.5104805360032165,41.79156801058,-87.6078521774
North Boundary Park,7.0,178.0,8.670556030371719e-05,0.00015801560803607018,185.0,-7.131004773235299e-05,0.5487180200952348,42.01302999999999,-87.70891
Lincoln Ave & Peterson Ave,9.0,206.0,0.00011147857753335067,0.00018287199581702504,215.0,-7.139341828367437e-05,0.6096010897360287,41.990267,-87.70857
Leavitt St & Addison St,52.0,807.0,0.0006440984479704706,0.0007163966049725203,859.0,-7.229815700204975e-05,0.8990809621637094,41.946655,-87.683359
Sacramento Blvd & Franklin Blvd,0.0,83.0,0.0,7.368143520783047e-05,83.0,-7.368143520783047e-05,1.3571755563987208e-05,41.89046879243862,-87.70260751247406
Orleans St & Merchandise Mart Plaza,200.0,2874.0,0.0024773017229633484,0.0025513306600880095,3074.0,-7.402893712466115e-05,0.9709841968871631,41.888243,-87.63638999999999
Sheridan Rd & Argyle St,169.0,2442.0,0.0020933199559040293,0.0021678321057532774,2611.0,-7.451214984924813e-05,0.9656282812309223,41.97328682025978,-87.65475958585739
Avondale Ave & Irving Park Rd,33.0,545.0,0.00040875478428895246,0.00048381183359358566,578.0,-7.50570493046332e-05,0.8448634593937149,41.953393,-87.732002
Public Rack - Monticello Ave & Belmont Ave,1.0,99.0,1.2386508614816741e-05,8.788508536837611e-05,100.0,-7.549857675355937e-05,0.140949600416201,41.939472,-87.718423
MLK Jr Dr & 47th St,5.0,156.0,6.193254307408371e-05,0.00013848558906531992,161.0,-7.655304599123621e-05,0.4472169001495989,41.809851,-87.616279
Waveland/Racine,0.0,87.0,0.0,7.723234774796688e-05,87.0,-7.723234774796688e-05,1.294777488169059e-05,41.9491,-87.6593
Sacramento Ave & Lyndale St,2.0,116.0,2.4773017229633483e-05,0.00010297646366395585,118.0,-7.820344643432237e-05,0.24057707723777313,41.92235,-87.70241
Pulaski Rd & Eddy St,4.0,144.0,4.9546034459266966e-05,0.0001278328514449107,148.0,-7.828681698564374e-05,0.3875893114322617,41.946264,-87.731023
Wood St & Beach Ave,55.0,857.0,0.0006812579738149207,0.0007607830117242254,912.0,-7.95250379093047e-05,0.8954696251711826,41.907655,-87.672552
Spaulding Ave & Division St,32.0,538.0,0.0003963682756741357,0.00047759773664834694,570.0,-8.122946097421121e-05,0.8299211142302079,41.90270659438,-87.709219571
Steelworkers Park,1.0,106.0,1.2386508614816741e-05,9.409918231361482e-05,107.0,-8.171267369879808e-05,0.13164170685166104,41.73793,-87.53091
Cottage Grove Ave & 67th St,3.0,134.0,3.7159525844450226e-05,0.00011895557009456968,137.0,-8.179604425011947e-05,0.312387334427244,41.77372095205,-87.60563486
Lincoln Ave & Diversey Pkwy,214.0,3079.0,0.0026507128435707826,0.0027333149277700003,3293.0,-8.260208419921767e-05,0.969779532852388,41.93222500062526,-87.65861701501092
Springfield Ave & North Ave,2.0,123.0,2.4773017229633483e-05,0.00010919056060919455,125.0,-8.441754337956107e-05,0.22688582424700107,41.910158,-87.723831
Elston Ave & George St,23.0,417.0,0.00028488969814078507,0.00037018263230922054,440.0,-8.529293416843547e-05,0.769592908156488,41.934003,-87.690823
Halsted St & Lake St,16.0,321.0,0.00019818413783706786,0.00028496073134594676,337.0,-8.67765935088789e-05,0.6954798347868993,41.885760000000005,-87.64711
Bernard St & Elston Ave,12.0,266.0,0.0001486381033778009,0.00023613568391907114,278.0,-8.749758054127024e-05,0.6294621441738487,41.949923,-87.713949
Leavitt St & Hirsch St,8.0,214.0,9.909206891853393e-05,0.00018997382089729786,222.0,-9.088175197876393e-05,0.5216115927915761,41.90689,-87.68233
N Southport Ave & W Newport Ave,35.0,591.0,0.00043352780151858594,0.0005246473278051544,626.0,-9.111952628656844e-05,0.8263226594702715,41.944018882992054,-87.66397501880483
Troy St & North Ave,38.0,634.0,0.00047068732736303616,0.0005628196376116207,672.0,-9.213231024858456e-05,0.8363025374485978,41.909769301690005,-87.7052804871
Halsted St & 18th St,70.0,1081.0,0.0008670556030371719,0.0009596341139718644,1151.0,-9.257851093469251e-05,0.9035273828700199,41.85750568031716,-87.64599144458771
Austin Blvd & Lake St,0.0,105.0,0.0,9.321145417858072e-05,105.0,-9.321145417858072e-05,1.0728180143011297e-05,41.88794379427211,-87.77427345514297
Clark St & Montrose Ave,135.0,1989.0,0.00167217866300026,0.001765691260582829,2124.0,-9.351259758256895e-05,0.9470391303908746,41.961588,-87.666036
Elmwood Ave & Austin St,13.0,288.0,0.00016102461199261764,0.0002556657028898214,301.0,-9.464109089720376e-05,0.6298262940481968,42.02578400000001,-87.684107
W Armitage Ave & N Sheffield Ave,78.0,1196.0,0.0009661476719557058,0.001061722849500786,1274.0,-9.557517754508029e-05,0.9099811334274738,41.917805,-87.653449
Evanston Civic Center,23.0,429.0,0.00028488969814078507,0.0003808353699296298,452.0,-9.594567178884472e-05,0.7480658903282442,42.057044,-87.686554
Addison/Racine,0.0,109.0,0.0,9.676236671871713e-05,109.0,-9.676236671871713e-05,1.0334489527497683e-05,41.94729999999999,-87.6592
Wolcott Ave & Fargo Ave,3.0,151.0,3.7159525844450226e-05,0.00013404694839014942,154.0,-9.68874225456992e-05,0.2772181617900911,42.016977,-87.677725
Clark/Racine Corral,1.0,124.0,1.2386508614816741e-05,0.00011007828874422865,125.0,-9.769178012941191e-05,0.11253260042040567,41.950436,-87.6593212
Larrabee St & North Ave,90.0,1366.0,0.0011147857753335067,0.0012126366324565834,1456.0,-9.785085712307674e-05,0.9193074216863543,41.91021,-87.6435
Clark St & Elmdale Ave,49.0,801.0,0.0006069389221260203,0.0007110702361623158,850.0,-0.00010413131403629549,0.8535571279773642,41.99086044812557,-87.66972362995148
Central St Metra,21.0,411.0,0.0002601166809111516,0.00036485626349901595,432.0,-0.00010473958258786436,0.7129299781963999,42.063598,-87.69873
Milwaukee Ave & Highland Ave,1.0,132.0,1.2386508614816741e-05,0.00011718011382450147,133.0,-0.00010479360520968473,0.10571250102101888,41.99636,-87.78674
Ashland Ave & Archer Ave,10.0,258.0,0.00012386508614816742,0.00022903385883879832,268.0,-0.0001051687726906309,0.5408176151707462,41.83920868403,-87.6656098589
Clark St & Leland Ave,167.0,2449.0,0.0020685469386743957,0.002174046202698516,2616.0,-0.00010549926402412049,0.9514733332867977,41.967087841502305,-87.66729089029786
Michigan Ave & Pearson St,152.0,2241.0,0.0018827493094521446,0.0019893987506114227,2393.0,-0.00010664944115927806,0.9463911458084276,41.89766,-87.62351
Big Marsh Park,0.0,121.0,0.0,0.00010741510433912636,121.0,-0.00010741510433912636,9.30959101665866e-06,41.68587705562333,-87.57382392883301
Kedzie Ave & Palmer Ct,79.0,1224.0,0.0009785341805705226,0.001086579237281741,1303.0,-0.00010804505671121838,0.9005641249453323,41.921525,-87.707322
Milwaukee Ave & Rockwell St,73.0,1142.0,0.0009042151288816222,0.0010137855302089446,1215.0,-0.00010957040132732242,0.8919196516600595,41.92032879364165,-87.69308613427661
Damen Ave & Chicago Ave,213.0,3096.0,0.002638326334955966,0.00274840630606558,3309.0,-0.00011007997110961407,0.9599477228623742,41.89569719911461,-87.67713042376089
Grace/Sheffield Corral,1.0,138.0,1.2386508614816741e-05,0.00012250648263470608,139.0,-0.00011011997401988934,0.10111634284212605,41.9511586,-87.6546115
Milwaukee Ave & Fullerton Ave,89.0,1367.0,0.00110239926671869,0.0012135243605916174,1456.0,-0.00011112509387292734,0.9084278767616758,41.924690375095686,-87.70058124521562
Addison/Sheffield SE Corral,0.0,126.0,0.0,0.00011185374501429686,126.0,-0.00011185374501429686,8.940166104461493e-06,41.9470281,-87.654252
LaSalle St & Calhoun Pl,5.0,197.0,6.193254307408371e-05,0.00017488244260171812,202.0,-0.0001129498995276344,0.35414183385634734,41.882664,-87.63253000000002
Troy St & Grace St,2.0,156.0,2.4773017229633483e-05,0.00013848558906531992,158.0,-0.00011371257183568644,0.17889109260932357,41.950244,-87.706489
Wentworth Ave & 24th St,39.0,675.0,0.0004830738359778529,0.0005992164911480189,714.0,-0.00011614265517016602,0.8061761265552303,41.85008369347577,-87.6321405172348
California Ave & 21st St,7.0,230.0,8.670556030371719e-05,0.00020417747105784347,237.0,-0.00011747191075412628,0.4246606405390966,41.8537957934734,-87.69582286477088
Wilton Ave & Belmont Ave,433.0,6174.0,0.005363358230215649,0.005480833505700547,6607.0,-0.00011747527548489761,0.9785661699212569,41.940231918108594,-87.65294373035431
Sheffield/Cornelia Corral,3.0,175.0,3.7159525844450226e-05,0.00015535242363096786,178.0,-0.00011819289778651764,0.239199915752888,41.9452875,-87.6542225
N Paulina St & Lincoln Ave,17.0,371.0,0.0002105706464518846,0.0003293471380976519,388.0,-0.00011877649164576727,0.6393588488708869,41.943838,-87.671469
Larrabee St & Armitage Ave,161.0,2386.0,0.0019942278869854954,0.0021181193301913676,2547.0,-0.00012389144320587228,0.9415087795344097,41.918084,-87.643749
South Shore Dr & 67th St,12.0,307.0,0.0001486381033778009,0.0002725325374554693,319.0,-0.0001238944340776684,0.5453974757220028,41.773643,-87.567514
Sheridan Rd & Loyola Ave,68.0,1090.0,0.0008422825858075384,0.0009676236671871713,1158.0,-0.0001253410813796329,0.8704651859031332,42.00104377979,-87.6611982433
Racine Ave & Randolph St,52.0,869.0,0.0006440984479704706,0.0007714357493446347,921.0,-0.00012733730137416417,0.8349348777040475,41.884081224846845,-87.65692072930314
Noble St & Ohio St,26.0,508.0,0.0003220492239852353,0.00045096589259732386,534.0,-0.00012891666861208857,0.7141327429390687,41.89242000000001,-87.66205999999998
Addison/Wilton Corral,3.0,188.0,3.7159525844450226e-05,0.0001668928893864112,191.0,-0.00012973336354196098,0.22265959515397277,41.9473827,-87.6531716
Lake Park Ave & 47th St,32.0,594.0,0.0003963682756741357,0.0005273105122102566,626.0,-0.00013094223653612093,0.7516795414018765,41.809443,-87.591875
Eastlake Ter & Howard St,21.0,444.0,0.0002601166809111516,0.0003941512919551413,465.0,-0.0001340346110439897,0.6599420737118427,42.01920250193227,-87.66430288553238
Elston Ave & Henderson St,3.0,193.0,3.7159525844450226e-05,0.0001713315300615817,196.0,-0.00013417200421713147,0.21689124552759304,41.941499,-87.701051
Archer & Wentworth,14.0,352.0,0.00017341112060743438,0.0003124803035320039,366.0,-0.00013906918292456953,0.5549519879984555,41.8546868,-87.6308531
Broadway & Barry Ave,410.0,5878.0,0.005078468532074864,0.005218065977730452,6288.0,-0.00013959744565558794,0.9732472875010308,41.93758231600629,-87.6440978050232
Clifton Ave & Armitage Ave,177.0,2630.0,0.002192412024822563,0.0023347249951396884,2807.0,-0.00014231297031712517,0.9390451082425154,41.918216,-87.656936
Halsted St & Belden St,32.0,608.0,0.0003963682756741357,0.0005397387061007341,640.0,-0.00014337043042659837,0.7343711629771398,41.92365,-87.64894
Sedgwick St & Webster Ave,228.0,3343.0,0.0028241239641782173,0.002967675155419003,3571.0,-0.0001435511912407858,0.9516284177508182,41.922167,-87.638888
Addison/Sheffield SW Corral,1.0,179.0,1.2386508614816741e-05,0.00015890333617110428,180.0,-0.00014651682755628754,0.07795576202198899,41.9469539,-87.65441230000002
Wolcott (Ravenswood) Ave & Montrose Ave,102.0,1590.0,0.0012634238787113076,0.0014114877347042223,1692.0,-0.00014806385599291472,0.8951009297116767,41.961406,-87.676169
Hastings LWS,0.0,167.0,0.0,0.00014825059855069504,167.0,-0.00014825059855069504,6.7452898300995215e-06,41.863516399999995,-87.6797485
McCormick Blvd & Devon Ave,12.0,339.0,0.0001486381033778009,0.0003009398377765606,351.0,-0.0001523017343987597,0.49391469923454157,41.997197299082565,-87.71105704770642
Broadway & Wilson Ave,183.0,2725.0,0.0022667310765114635,0.002419059167967928,2908.0,-0.00015232809145646455,0.9370300526322072,41.965221,-87.658139
Francisco Ave & Bloomingdale Ave,6.0,256.0,7.431905168890045e-05,0.00022725840256873013,262.0,-0.0001529393508798297,0.32702740062173585,41.9139595955414,-87.69938705732484
Southport Ave & Belmont Ave,169.0,2531.0,0.0020933199559040293,0.002246839909771312,2700.0,-0.00015351995386728287,0.9316729755099089,41.93947775040509,-87.6637476682663
Smith Park,23.0,503.0,0.00028488969814078507,0.00044652725192215333,526.0,-0.00016163755378136827,0.6380127056114072,41.892048,-87.689397
Sheridan Rd & Columbia Ave,41.0,757.0,0.0005078468532074864,0.0006720101982208153,798.0,-0.00016416334501332893,0.7557133788127937,42.004583,-87.661406
Clark St & 9th St (AMLI),67.0,1120.0,0.0008298960771927217,0.0009942555112381942,1187.0,-0.0001643594340454725,0.8346911162384163,41.870816,-87.631246
Clark/Newport,0.0,189.0,0.0,0.0001677806175214453,189.0,-0.0001677806175214453,5.960128497820587e-06,41.9449,-87.65460000000002
Racine/Eddy Corral,3.0,232.0,3.7159525844450226e-05,0.0002059529273279117,235.0,-0.00016879340148346147,0.18043125628424997,41.9463404,-87.6591024
Sheridan Rd & Lawrence Ave,98.0,1558.0,0.0012138778442520406,0.001383080434383131,1656.0,-0.0001692025901310905,0.8776625974980593,41.969516999999996,-87.654691
Loomis St & Jackson Blvd,62.0,1056.0,0.000767963534118638,0.0009374409105960118,1118.0,-0.00016947737647737382,0.8192129298234356,41.877945,-87.662007
California Ave & Cortez St,97.0,1545.0,0.001201491335637224,0.0013715399686276878,1642.0,-0.00017004863299046376,0.8760163663498816,41.900363,-87.696704
Winchester (Ravenswood) Ave & Balmoral Ave,22.0,501.0,0.00027250318952596833,0.00044475179565208514,523.0,-0.0001722486061261168,0.6127093346910382,41.979762,-87.67753
Richmond St & Diversey Ave,48.0,866.0,0.0005945524135112036,0.0007687725649395324,914.0,-0.00017422015142832875,0.7733791074852685,41.93190196886,-87.7011951301
Dearborn Pkwy & Delaware Pl,383.0,5541.0,0.004744032799474812,0.00491890159622396,5924.0,-0.00017486879674914746,0.9644496321428713,41.898969,-87.629912
Wood St & Chicago Ave,107.0,1691.0,0.0013253564217853913,0.0015011482763426665,1798.0,-0.00017579185455727521,0.8828951541810907,41.895634,-87.672069
Morgan St & Hubbard St,10.0,339.0,0.00012386508614816742,0.0003009398377765606,349.0,-0.00017707475162839317,0.41159613651416166,41.89012,-87.65251000000002
South Shore Dr & 71st St,19.0,466.0,0.00023534366368151808,0.0004136813109258916,485.0,-0.0001783376472443735,0.5689019265889724,41.7664094567,-87.5656875719
Carpenter St & Huron St,119.0,1863.0,0.0014739945251631922,0.0016538375155685321,1982.0,-0.00017984299040533992,0.891257224503859,41.894556,-87.65344900000001
Wabash Ave & 16th St,114.0,1794.0,0.0014120619820891086,0.001592584274251179,1908.0,-0.00018052229216207038,0.8866482724154595,41.86038402778688,-87.62581300235036
Michigan Ave & Madison St,135.0,2089.0,0.00167217866300026,0.0018544640740862392,2224.0,-0.0001822854110859792,0.9017045866038768,41.882134,-87.625125
Wells St & Washington St,15.0,415.0,0.00018579762922225112,0.00036840717603915234,430.0,-0.00018260954681690122,0.5043281916808097,41.883,-87.63396
Addison Red Line,0.0,207.0,0.0,0.00018375972395205914,207.0,-0.00018375972395205914,5.441859274895366e-06,41.9472,-87.654
Chicago Ave & Washington St,42.0,794.0,0.0005202333618223032,0.000704856139217077,836.0,-0.00018462277739477383,0.7380706427974265,42.032562,-87.679101
Cottage Grove Ave & Oakwood Blvd,11.0,362.0,0.00013625159476298416,0.00032135758488234496,373.0,-0.0001851059901193608,0.42398927918128787,41.822985,-87.6071
Central Park Ave & Elbridge Ave,57.0,1005.0,0.0007060309910445543,0.0008921667757092725,1062.0,-0.00018613578466471822,0.7913668373454305,41.93533728263,-87.71688929350002
Seminary Ave & Belden Ave,2.0,238.0,2.4773017229633483e-05,0.0002112792961381163,240.0,-0.0001865062789084828,0.11725663813647076,41.923390000000005,-87.65599
Kedzie Ave & George St,16.0,436.0,0.00019818413783706786,0.0003870494668748685,452.0,-0.00018886532903780064,0.5120395266210598,41.933886,-87.707262
N Green St & W Lake St,53.0,958.0,0.0006564849565852873,0.0008504435533626698,1011.0,-0.00019395859677738255,0.7719326956584441,41.885579,-87.648484
Clark St & Arlington Pl,85.0,1408.0,0.0010528532322594231,0.0012499212141280156,1493.0,-0.0001970679818685925,0.8423358032675071,41.926939727841415,-87.64147979309305
Lincoln Ave & Montana St,23.0,544.0,0.00028488969814078507,0.00048292410545855153,567.0,-0.00019803440731776647,0.5899272887672158,41.926570000000005,-87.65059999999998
California Ave & Montrose Ave,60.0,1062.0,0.0007431905168890045,0.0009427672794062164,1122.0,-0.00019957676251721194,0.788307724308553,41.961068,-87.69543899999998
Rockwell St & Fletcher St,24.0,564.0,0.0002972762067556018,0.0005006786681592336,588.0,-0.00020340246140363182,0.5937473112270604,41.93877151938426,-87.69298122576966
Racine Ave & Belmont Ave,213.0,3202.0,0.002638326334955966,0.0028425054883791947,3415.0,-0.00020417915342322863,0.9281693272265309,41.939743,-87.658865
Clark St & Drummond Pl,303.0,4461.0,0.0037531121102894727,0.0039601552103871295,4764.0,-0.0002070431000976568,0.9477184512180096,41.931248,-87.644336
Leavitt St & Lawrence Ave,55.0,1006.0,0.0006812579738149207,0.0008930545038443067,1061.0,-0.00021179653002938593,0.7628405747261258,41.968885,-87.684001
Aberdeen St & Carroll Ave,58.0,1051.0,0.000718417499659371,0.0009330022699208413,1109.0,-0.00021458477026147025,0.770006411360513,41.88819,-87.65459
Franklin St & Washington St,10.0,393.0,0.00012386508614816742,0.0003488771570684021,403.0,-0.00022501207092023468,0.3550411042898333,41.88318,-87.63511
Wells St & Randolph St,120.0,1928.0,0.001486381033778009,0.001711539844345749,2048.0,-0.00022515881056773992,0.8684467207945546,41.884295,-87.633963
State St & Kinzie St,193.0,2948.0,0.002390596162659631,0.002617022542080533,3141.0,-0.00022642637942090187,0.913479425851518,41.8893754597427,-87.62707652193124
Campbell Ave & Fullerton Ave,41.0,829.0,0.0005078468532074864,0.0007359266239432707,870.0,-0.00022807977073578429,0.6900785303944972,41.92463247165,-87.6893070063
Hudson Ave & Armitage Ave,30.0,676.0,0.00037159525844450224,0.000600104219283053,706.0,-0.0002285089608385508,0.6192185078617531,41.91818,-87.63999999999999
Central Park Ave & Bloomingdale Ave,27.0,640.0,0.000334435732600052,0.0005681460064218254,667.0,-0.00023371027382177334,0.5886447148711134,41.914166,-87.716755
Peoria St & Kinzie St,16.0,493.0,0.00019818413783706786,0.00043764997057181234,509.0,-0.00023946583273474448,0.452838337312789,41.88896,-87.64973
Addison/Racine Corral,3.0,312.0,3.7159525844450226e-05,0.00027697117813063984,315.0,-0.00023981165228618962,0.13416699863234158,41.9470683,-87.6593535
The Salt Shed,19.0,536.0,0.00023534366368151808,0.00047582228037827874,555.0,-0.00024047861669676066,0.49460518933503933,41.90689,-87.65978
Damen Ave & Leland Ave,106.0,1754.0,0.0013129699131705745,0.001557075148849815,1860.0,-0.00024410523567924055,0.8432284536247268,41.967081,-87.679076
Larrabee St & Menomonee St,73.0,1299.0,0.0009042151288816222,0.0011531588474092986,1372.0,-0.00024894371852767644,0.7841203723083525,41.91468,-87.64332
Wentworth Ave & Cermak Rd*,155.0,2446.0,0.001919908835296595,0.0021713830182934135,2601.0,-0.00025147418299681845,0.8841871447527447,41.853214418519656,-87.63187229633331
Broadway & Granville Ave,137.0,2198.0,0.0016969516802298936,0.0019512264408049565,2335.0,-0.00025427476057506286,0.8696847147300446,41.9947796884,-87.6602845349
Lincoln Ave & Sunnyside Ave,102.0,1713.0,0.0012634238787113076,0.0015206782953134169,1815.0,-0.0002572544166021093,0.8308292764983768,41.963004,-87.684781
Clark/Eddy,0.0,292.0,0.0,0.0002592166154299578,292.0,-0.0002592166154299578,3.85776251487124e-06,41.94659999999999,-87.65610000000001
Eddy/Seminary Corral,3.0,339.0,3.7159525844450226e-05,0.0003009398377765606,342.0,-0.0002637803119321104,0.12348116699283194,41.9461279,-87.6566721
Pine Grove Ave & Irving Park Rd,275.0,4136.0,0.003406289869074604,0.003671643566501046,4411.0,-0.0002653536974264424,0.9277289256570618,41.95436725508892,-87.64794502215663
Walsh Park,91.0,1571.0,0.0011271722839483235,0.0013946209001385744,1662.0,-0.00026744861619025094,0.8082285842752962,41.91461,-87.667968
Ashland Ave & Augusta Blvd,73.0,1323.0,0.0009042151288816222,0.001174464322650117,1396.0,-0.0002702491937684948,0.7698959785728776,41.89962082184989,-87.66838462985125
Sedgwick St & North Ave,194.0,3012.0,0.002402982671274448,0.0026738371427227152,3206.0,-0.0002708544714482672,0.8987019942903269,41.910983,-87.638525
Archer Ave & Wentworth Ave,17.0,548.0,0.0002105706464518846,0.00048647501799868793,565.0,-0.0002759043715468033,0.4328510320367992,41.8546868,-87.6308531
Waveland/Racine Corral,1.0,330.0,1.2386508614816741e-05,0.0002929502845612537,331.0,-0.00028056377594643694,0.042285216920517094,41.9488214,-87.6592823
Lincoln Ave & Dickens Ave,26.0,686.0,0.0003220492239852353,0.000608981500633394,712.0,-0.0002869322766481587,0.5288332975911056,41.920120000000004,-87.6416
Broadway & Cornelia Ave,400.0,5906.0,0.004954603445926697,0.005242922365511407,6306.0,-0.00028831891958471054,0.9450079851478838,41.945529,-87.646439
Ogden Ave & Race Ave,117.0,1966.0,0.0014492215079335588,0.0017452735134770446,2083.0,-0.0002960520055434858,0.8303693755581908,41.891795,-87.658751
Clarendon Ave & Leland Ave,127.0,2110.0,0.001573086594081726,0.0018731063649219553,2237.0,-0.0003000197708402292,0.8398277768489102,41.967968,-87.65000100000002
Western Ave & Walton St,83.0,1499.0,0.0010280802150297896,0.001330704474416119,1582.0,-0.0003026242593863295,0.7725835917830626,41.89841768945,-87.6865960164
Leavitt St & Belmont Ave,62.0,1206.0,0.000767963534118638,0.0010706001308511271,1268.0,-0.00030263659673248917,0.7173208695456045,41.939354,-87.683282
Sheffield/Newport Corral,8.0,453.0,9.909206891853393e-05,0.0004021408451704482,461.0,-0.0003030487762519143,0.24641322485734662,41.9446132,-87.6542018
Damen Ave & Wellington Ave,72.0,1352.0,0.0008918286202668054,0.001200208438566106,1424.0,-0.0003083798182993007,0.7430616620814756,41.93588,-87.67842000000002
Clark/Newport Corral,4.0,409.0,4.9546034459266966e-05,0.00036308080722894775,413.0,-0.0003135347727696808,0.13646245411581362,41.9449411,-87.654611
Burling St & Armitage Ave,0.0,354.0,0.0,0.0003142557598020721,354.0,-0.0003142557598020721,3.1821113430617328e-06,41.918079999999996,-87.64728
State St & 19th St,30.0,777.0,0.00037159525844450224,0.0006897647609214973,807.0,-0.00031816950247699505,0.5387281878823119,41.856594,-87.627542
Wilton Ave & Diversey Pkwy*,60.0,1209.0,0.0007431905168890045,0.0010732633152562294,1269.0,-0.0003300727983672249,0.6924589836116709,41.932418,-87.652705
State St & Harrison St,112.0,1940.0,0.001387288964859475,0.001722192581966158,2052.0,-0.0003349036171066829,0.8055366013358747,41.874053,-87.627716
Dearborn St & Monroe St,132.0,2227.0,0.0016350191371558099,0.001976970556720945,2359.0,-0.0003419514195651353,0.8270327064632611,41.881319815,-87.6295209193
Damen Ave & Pierce Ave,268.0,4129.0,0.003319584308770887,0.0036654294695558074,4397.0,-0.00034584516078492054,0.9056467818289208,41.90913973176558,-87.6775313230267
Michigan Ave & 18th St,133.0,2269.0,0.0016474056457706266,0.002014255138392378,2402.0,-0.00036684949262175116,0.8178734642384946,41.857926,-87.62433600000001
Damen Ave & Grand Ave,52.0,1140.0,0.0006440984479704706,0.0010120100739388763,1192.0,-0.00036791162596840575,0.6364549406199216,41.89239445296271,-87.67688512802124
Wood St & Milwaukee Ave,162.0,2684.0,0.002006614395600312,0.00238266231443153,2846.0,-0.00037604791883121816,0.8421732871138204,41.90746150493701,-87.67240429168085
Ashland Ave & Wrightwood Ave,72.0,1434.0,0.0008918286202668054,0.0012730021456389023,1506.0,-0.0003811735253720969,0.7005714191061239,41.92882999871071,-87.6685067415486
Paulina Ave & North Ave,97.0,1800.0,0.001201491335637224,0.0015979106430613838,1897.0,-0.00039641930742415976,0.7519141254489681,41.90985465216731,-87.66993016004562
Stetson Ave & South Water St,122.0,2149.0,0.0015111540510076426,0.0019077277621882853,2271.0,-0.0003965737111806427,0.7921225915125651,41.886835,-87.62232
Wells St & 19th St,15.0,672.0,0.00018579762922225112,0.0005965533067429166,687.0,-0.0004107556775206655,0.31145300121405456,41.856802,-87.633879
Lake Park Ave & 35th St,17.0,701.0,0.0002105706464518846,0.0006222974226589056,718.0,-0.0004117267762070209,0.33837727814281027,41.83127423549,-87.6087991946
Ritchie Ct & Banks St,192.0,3143.0,0.0023782096540448145,0.0027901295284121826,3335.0,-0.0004119198743673682,0.8523653749626598,41.906866,-87.626217
Clarendon Ave & Junior Ter,228.0,3649.0,0.0028241239641782173,0.0032393199647394386,3877.0,-0.00041519600056122126,0.871826223742352,41.961004,-87.649603
Damen Ave & Melrose Ave,53.0,1210.0,0.0006564849565852873,0.0010741510433912634,1263.0,-0.00041766608680597617,0.6111666971396899,41.9406,-87.6785
63rd St Beach,11.0,628.0,0.00013625159476298416,0.0005574932688014161,639.0,-0.0004212416740384319,0.24440178561103454,41.78091096424803,-87.57632374763489
Wabansia & Milwaukee,0.0,476.0,0.0,0.0004225585922762326,476.0,-0.0004225585922762326,2.366530113807681e-06,41.913754,-87.6826658
Marine Dr & Ainslie St,137.0,2445.0,0.0016969516802298936,0.0021704952901583797,2582.0,-0.00047354360992848607,0.7818270355606404,41.9716,-87.650154
Halsted St & Dickens Ave,223.0,3656.0,0.0027621914211041335,0.0032455340616846773,3879.0,-0.0004833426405805438,0.8510745897381702,41.919936,-87.64883
Fort Dearborn Dr & 31st St,6.0,655.0,7.431905168890045e-05,0.0005814619284473368,661.0,-0.0005071428767584364,0.12781563200831234,41.83855595291223,-87.60821812148446
Green St & Lake St,29.0,995.0,0.0003592087498296855,0.0008832894943589316,1024.0,-0.0005240807445292461,0.4066722693425907,41.88558,-87.64841
Columbus Dr & Randolph St,273.0,4403.0,0.0033815168518449706,0.003908666978555152,4676.0,-0.0005271501267101811,0.8651330505424398,41.884728,-87.619521
Cityfront Plaza Dr & Pioneer Ct,163.0,2875.0,0.002019000904215129,0.0025522183882230433,3038.0,-0.0005332174840079144,0.7910769401453526,41.890573,-87.622072
Calumet Ave & 21st St,60.0,1439.0,0.0007431905168890045,0.0012774407863140728,1499.0,-0.0005342502694250683,0.5817811229061227,41.85418424947,-87.6191537415
Kedzie Ave & Milwaukee Ave,200.0,3400.0,0.0024773017229633484,0.003018275659115947,3600.0,-0.0005409739361525987,0.8207672797260904,41.929083085060974,-87.70802510914633
Michigan Ave & Ida B Wells Dr,104.0,2069.0,0.0012881968959409411,0.0018367095113855571,2173.0,-0.000548512615444616,0.7013614219309742,41.876203,-87.624464
Greenview Ave & Diversey Pkwy,70.0,1595.0,0.0008670556030371719,0.0014159263753793928,1665.0,-0.0005488707723422209,0.6123595165358302,41.93258963429789,-87.66593635082245
Bissell St & Armitage Ave*,226.0,3772.0,0.0027993509469485837,0.003348510525348633,3998.0,-0.0005491595784000492,0.8359988985425777,41.9182955629354,-87.65218332409859
McClurg Ct & Ohio St,402.0,6249.0,0.00497937646315633,0.005547413115828104,6651.0,-0.0005680366526717743,0.8976033444031104,41.892592119709725,-87.61728912591934
Humboldt Blvd & Armitage Ave,57.0,1439.0,0.0007060309910445543,0.0012774407863140728,1496.0,-0.0005714097952695185,0.5526921059015435,41.91751339399,-87.70180895549998
Hampden Ct & Diversey Pkwy,50.0,1401.0,0.0006193254307408371,0.001243707117182777,1451.0,-0.00062438168644194,0.49796766796354364,41.93247,-87.64242
Wilton Ave & Addison St,50.0,1426.0,0.0006193254307408371,0.0012659003205586295,1476.0,-0.0006465748898177924,0.4892375264033492,41.947459,-87.653216
Clark St & Schiller St,267.0,4471.0,0.00330719780015607,0.00396903249173747,4738.0,-0.0006618346915814003,0.8332504139964618,41.907993,-87.631501
Streeter Dr/Grand Ave,40.0,1308.0,0.0004954603445926697,0.0011611484006246056,1348.0,-0.0006656880560319359,0.4266990486548511,41.89240100000001,-87.612388
Field Blvd & South Water St,223.0,3883.0,0.0027621914211041335,0.0034470483483374182,4106.0,-0.0006848569272332847,0.8013208231081447,41.88634906269,-87.6175165471
Broadway & Oakdale Ave,44.0,1397.0,0.0005450063790519367,0.0012401562046426406,1441.0,-0.0006951498255907039,0.4394663652411584,41.93558083163717,-87.64404965678466
Damen Ave & Cortland St,185.0,3366.0,0.002291504093741097,0.0029880929025247875,3551.0,-0.0006965888087836903,0.7668785414691592,41.915983,-87.67733500000001
Franklin St & Adams St,14.0,985.0,0.00017341112060743438,0.0008744122130085906,999.0,-0.0007010010924011562,0.19831827564770652,41.879434091400135,-87.63550400733948
Sheffield Ave & Wellington Ave,190.0,3485.0,0.002353436636815181,0.0030937325505938458,3675.0,-0.0007402959137786649,0.7607111596160037,41.936253484169214,-87.6526620968688
Calumet Ave & 18th St,129.0,2688.0,0.0015978596113113597,0.0023862132269716666,2817.0,-0.0007883536156603069,0.6696216095145813,41.85761755293753,-87.61941075325012
Clark St & Grace St,176.0,3389.0,0.0021800255162077466,0.003008510649630572,3565.0,-0.0008284851334228252,0.7246196026781021,41.95078,-87.659172
Sheffield Ave & Waveland Ave,232.0,4190.0,0.002873669998637484,0.0037195808857928875,4422.0,-0.0008459108871554035,0.7725790389542441,41.949399,-87.654529
Sheffield Ave & Wrightwood Ave,213.0,3932.0,0.002638326334955966,0.0034905470269540892,4145.0,-0.0008522206919981232,0.7558490284570628,41.928712,-87.653833
Wabash Ave & Wacker Pl,153.0,3145.0,0.0018951358180669614,0.002791904984682251,3298.0,-0.0008967691666152897,0.6787967891700509,41.886875,-87.62603
Lakeview Ave & Fullerton Pkwy,274.0,4866.0,0.003393903360459787,0.00431968510507594,5140.0,-0.0009257817446161531,0.7856830977768746,41.925858,-87.638973
McCormick Place,75.0,2132.0,0.0009289881461112556,0.0018926363838927057,2207.0,-0.00096364823778145,0.4908437052007002,41.8513751729,-87.6188346489
Shore Dr & 55th St,182.0,3628.0,0.002254344567896647,0.0032206776739037222,3810.0,-0.0009663331060070753,0.6999597898924199,41.795212,-87.580715
Cannon Dr & Fullerton Ave,59.0,2032.0,0.0007308040082741878,0.0018038635703892954,2091.0,-0.0010730595621151076,0.4051329685556557,41.9267559875,-87.6344287848
Damen Ave & Wicker Park Ave,49.0,1909.0,0.0006069389221260203,0.0016946730097801008,1958.0,-0.0010877340876540805,0.3581455304225597,41.90881520000001,-87.6771937
Sheffield Ave & Addison St,77.0,2359.0,0.0009537611633408891,0.0020941506705454468,2436.0,-0.0011403895072045578,0.4554408244425154,41.947017,-87.654418
Griffin Museum of Science and Industry,59.0,2175.0,0.0007308040082741878,0.0019308086936991721,2234.0,-0.0012000046854249843,0.3784966538437372,41.79172820953,-87.583945009
Michigan Ave & Lake St,213.0,4331.0,0.002638326334955966,0.003844750552832696,4544.0,-0.0012064242178767299,0.6862152986223847,41.886022,-87.624398
Pine Grove Ave & Waveland Ave,268.0,5130.0,0.003319584308770887,0.004554045332724944,5398.0,-0.0012344610239540567,0.7289309476095275,41.94947274088333,-87.64645278453827
Field Museum,214.0,4393.0,0.0026507128435707826,0.0038997896972048102,4607.0,-0.0012490768536340276,0.6797066943799552,41.8653120005395,-87.61786701481803
Michigan Ave & Washington St,277.0,5279.0,0.0034310628863042374,0.004686316824845025,5556.0,-0.0012552539385407876,0.7321449407707855,41.88398406449815,-87.62468397185215
Fort Dearborn Dr & 31st St*,34.0,1900.0,0.0004211412929037692,0.001686683456564794,1934.0,-0.0012655421636610248,0.24968647292896368,41.83867628233386,-87.60883195345701
Stockton Dr & Wrightwood Ave,192.0,4172.0,0.0023782096540448145,0.003703601779362274,4364.0,-0.0013253921253174594,0.6421343744790904,41.93132,-87.63874200000001
Larrabee St & Webster Ave,258.0,5129.0,0.0031957192226227194,0.00455315760458991,5387.0,-0.0013574383819671904,0.7018688563585737,41.921822,-87.64414
Clark St & North Ave,152.0,3695.0,0.0018827493094521446,0.0032801554589510073,3847.0,-0.0013974061494988626,0.5739818612354386,41.911974,-87.631942
Milwaukee Ave & The 606,60.0,2553.0,0.0007431905168890045,0.0022663699287420627,2613.0,-0.001523179411853058,0.3279213951537532,41.913754,-87.6826658
Michigan Ave & Jackson Blvd,124.0,3491.0,0.001535927068237276,0.0030990589194040503,3615.0,-0.0015631318511667744,0.49561096209221894,41.878345598237544,-87.62415080552178
Indiana Ave & Roosevelt Rd,343.0,6640.0,0.004248572454882142,0.0058945148166264375,6983.0,-0.0016459423617442952,0.7207671651161496,41.86788801019692,-87.6230410031074
Burnham Harbor,86.0,3468.0,0.0010652397408742397,0.003078641172298266,3554.0,-0.0020134014314240264,0.34600992296516775,41.85741178707404,-87.61379152536392
Lakefront Trail & Wilson Ave,30.0,3042.0,0.00037159525844450224,0.0027004689867737384,3072.0,-0.0023288737283292363,0.1376042912028249,41.9668559,-87.6430926
Buckingham Fountain,49.0,3549.0,0.0006069389221260203,0.003150547151236028,3598.0,-0.002543608229110008,0.19264581685187218,41.87130745884732,-87.62309887518705
Clark St & Armitage Ave,381.0,8246.0,0.004719259782245178,0.007320206201491206,8627.0,-0.0026009464192460275,0.6446895084177144,41.918305755767996,-87.63628183370878
Lincoln Park Conservatory,121.0,4782.0,0.0014987675423928258,0.004245115941733076,4903.0,-0.00274634839934025,0.3530570683833626,41.92393131136619,-87.63582453131676
DuSable Lake Shore Dr & Wellington Ave,181.0,5706.0,0.0022419580592818304,0.005065376738504586,5887.0,-0.002823418679222756,0.4426045154025782,41.936688449499705,-87.63682901859283
DuSable Lake Shore Dr & Belmont Ave,193.0,5953.0,0.002390596162659631,0.00528464558785801,6146.0,-0.0028940494251983788,0.4523665155116069,41.940775,-87.639192
Adler Planetarium,107.0,4769.0,0.0013253564217853913,0.004233575475977633,4876.0,-0.002908219054192242,0.31305857572333917,41.866094999999994,-87.607267
Michigan Ave & 8th St,190.0,5962.0,0.002353436636815181,0.005292635141073317,6152.0,-0.0029391985042581358,0.4446626546932653,41.87277296771354,-87.62398098838872
Shedd Aquarium,330.0,7985.0,0.004087547842889525,0.007088509158247305,8315.0,-0.0030009613153577797,0.5766442809048901,41.867225962011034,-87.61535540410257
Lakefront Trail & Bryn Mawr Ave,56.0,5101.0,0.0006936444824297375,0.004528301216808955,5157.0,-0.0038346567343792172,0.15318003287301393,41.98404411519213,-87.65228122472763
Clark St & Lincoln Ave,299.0,8539.0,0.0037035660758302055,0.007580310545056198,8838.0,-0.0038767444692259924,0.48857715857940354,41.915689,-87.6346
DuSable Lake Shore Dr & Diversey Pkwy,149.0,6895.0,0.0018455897836076945,0.006120885491060134,7044.0,-0.00427529570745244,0.30152344538708137,41.932588,-87.636427
Millennium Park,327.0,10029.0,0.0040503883170450745,0.008903025466257009,10356.0,-0.004852637149211934,0.45494521805548793,41.8810317,-87.62408432
Montrose Harbor,70.0,7647.0,0.0008670556030371719,0.006788457048605779,7717.0,-0.005921401445568607,0.12772511766722178,41.963982,-87.638181
Dusable Harbor,139.0,8622.0,0.001721724697459527,0.007653991980264028,8761.0,-0.005932267282804501,0.224944770905726,41.88697599432289,-87.61281299950515
Streeter Dr & Grand Ave,346.0,11725.0,0.004285731980726593,0.010408612383274847,12071.0,-0.006122880402548254,0.4117486953270023,41.892278002970286,-87.61204300164603
Michigan Ave & Oak St,238.0,13233.0,0.0029479890503263844,0.011747306410906273,13471.0,-0.00879931736057989,0.2509502771323965,41.90096039009614,-87.62377663865593
Theater on the Lake,126.0,12318.0,0.0015607000854669095,0.010935035167350069,12444.0,-0.00937433508188316,0.14272482153528354,41.926277,-87.630834
DuSable Lake Shore Dr & North Blvd,197.0,14743.0,0.002440142197118898,0.013087775894807767,14940.0,-0.010647633697688869,0.1864444371822201,41.911722,-87.626804
DuSable Lake Shore Dr & Monroe St,345.0,16873.0,0.0042733454721117755,0.014978636822430405,17218.0,-0.01070529135031863,0.28529606782483713,41.880958,-87.616743
Navy Pier,114.0,15503.0,0.0014120619820891086,0.013762449277433685,15617.0,-0.012350387295344576,0.10260258555879914,41.892278,-87.612043
