"CHICAGO MIDWAY AIRPORT, IL US (USW00014819)"
Date,TAVG (Degrees Fahrenheit),TMAX (Degrees Fahrenheit),TMIN (Degrees Fahrenheit),PRCP (Inches),SNOW (Inches),SNWD (Inches)
1997-05-01,,60,36,,,
1997-05-02,,53,45,,,
1997-05-03,,57,42,,,
1997-05-04,,64,40,,,
1997-05-05,,75,50,,,
1997-05-06,,67,44,,,
1997-05-07,,64,47,,,
1997-05-08,,71,52,,,
1997-05-09,,57,44,,,
1997-05-10,,61,40,,,
1997-05-11,,72,51,,,
1997-05-12,,62,43,,,
1997-05-13,,51,39,,,
1997-05-14,,58,45,,,
1997-05-15,,51,40,,,
1997-05-16,,67,37,,,
1997-05-17,,62,42,,,
1997-05-18,,79,44,,,
1997-05-19,,65,46,,,
1997-05-20,,62,43,,,
1997-05-21,,57,40,,,
1997-05-22,,65,39,,,
1997-05-23,,76,43,,,
1997-05-24,,84,55,,,
1997-05-25,,59,50,,,
1997-05-26,,57,48,,,
1997-05-27,,66,48,,,
1997-05-28,,63,53,,,
1997-05-29,,64,57,,,
1997-05-30,,69,56,,,
1997-05-31,,67,54,,,
1997-06-01,,68,52,,,
1997-06-02,,63,53,,,
1997-06-03,,70,55,,,
1997-06-04,,72,49,,,
1997-06-05,,75,53,,,
1997-06-06,,67,58,,,
1997-06-07,,63,56,,,
1997-06-08,,71,54,,,
1997-06-09,,75,52,,,
1997-06-10,,80,54,,,
1997-06-11,,,,,,
1997-06-12,,76,63,,,
1997-06-13,,83,60,,,
1997-06-14,,69,52,,,
1997-06-15,,83,49,,,
1997-06-16,,80,56,,,
1997-06-17,,70,54,,,
1997-06-18,,80,57,,,
1997-06-19,,87,58,,,
1997-06-20,,90,76,,,
1997-06-21,,84,70,,,
1997-06-22,,89,67,,,
1997-06-23,,94,74,,,
1997-06-24,,96,76,,,
1997-06-25,,87,71,,,
1997-06-26,,84,67,,,
1997-06-27,,87,64,,,
1997-06-28,,89,67,,,
1997-06-29,,90,70,,,
1997-06-30,,85,70,,,
1997-07-01,,91,68,,,
1997-07-02,,94,70,,,
1997-07-03,,76,63,,,
1997-07-04,,66,56,,,
1997-07-05,,79,55,,,
1997-07-06,,83,63,,,
1997-07-07,,76,60,,,
1997-07-08,,85,59,,,
1997-07-09,,70,57,,,
1997-07-10,,79,54,,,
1997-07-11,,84,61,,,
1997-07-12,,88,66,,,
1997-07-13,,96,75,,,
1997-07-14,,93,74,,,
1997-07-15,,91,68,,,
1997-07-16,,96,72,,,
1997-07-17,,94,77,,,
1997-07-18,,90,70,,,
1997-07-19,,82,68,,,
1997-07-20,,89,70,,,
1997-07-21,,80,67,,,
1997-07-22,,75,68,,,
1997-07-23,,73,66,,,
1997-07-24,,83,64,,,
1997-07-25,,87,70,,,
1997-07-26,,99,74,,,
1997-07-27,,97,76,,,
1997-07-28,,83,69,,,
1997-07-29,,74,64,,,
1997-07-30,,78,61,,,
1997-07-31,,83,60,,,
1997-08-01,,87,66,,,
1997-08-02,,93,73,,,
1997-08-03,,91,70,,,
1997-08-04,,80,65,,,
1997-08-05,,73,59,,,
1997-08-06,,77,57,,,
1997-08-07,,81,60,,,
1997-08-08,,83,63,,,
1997-08-09,,78,68,,,
1997-08-10,,83,69,,,
1997-08-11,,71,64,,,
1997-08-12,,76,63,,,
1997-08-13,,75,63,,,
1997-08-14,,76,61,,,
1997-08-15,,84,71,,,
1997-08-16,,91,66,,,
1997-08-17,,77,64,,,
1997-08-18,,69,60,,,
1997-08-19,,71,58,,,
1997-08-20,,73,62,,,
1997-08-21,,72,57,,,
1997-08-22,,74,55,,,
1997-08-23,,76,56,,,
1997-08-24,,78,63,,,
1997-08-25,,73,63,,,
1997-08-26,,81,61,,,
1997-08-27,,86,71,,,
1997-08-28,,75,65,,,
1997-08-29,,76,60,,,
1997-08-30,,74,63,,,
1997-08-31,,80,67,,,
1997-09-01,,85,63,,,
1997-09-02,,77,62,,,
1997-09-03,,67,52,,,
1997-09-04,,69,49,,,
1997-09-05,,80,52,,,
1997-09-06,,87,62,,,
1997-09-07,,74,64,,,
1997-09-08,,72,64,,,
1997-09-09,,74,64,,,
1997-09-10,,71,59,,,
1997-09-11,,73,55,,,
1997-09-12,,75,53,,,
1997-09-13,,77,56,,,
1997-09-14,,80,65,,,
1997-09-15,,83,62,,,
1997-09-16,,85,68,,,
1997-09-17,,82,64,,,
1997-09-18,,84,60,,,
1997-09-19,,84,64,,,
1997-09-20,,69,56,,,
1997-09-21,,65,53,,,
1997-09-22,,64,52,,,
1997-09-23,,65,54,,,
1997-09-24,,69,50,,,
1997-09-25,,79,53,,,
1997-09-26,,68,56,,,
1997-09-27,,,,,,
1997-09-28,,,,,,
1997-09-29,,77,54,,,
1997-09-30,,,,,,
1997-10-01,,59,48,,,
1997-10-02,,79,46,,,
1997-10-03,,87,60,,,
1997-10-04,,76,61,,,
1997-10-05,,88,59,,,
1997-10-06,,85,63,,,
1997-10-07,,85,65,,,
1997-10-08,,84,67,,,
1997-10-09,,75,52,,,
1997-10-10,,68,48,,,
1997-10-11,,76,49,,,
1997-10-12,,82,63,,,
1997-10-13,,74,46,,,
1997-10-14,,48,38,,,
1997-10-15,,54,35,,,
1997-10-16,,54,44,,,
1997-10-17,,53,39,,,
1997-10-18,,57,38,,,
1997-10-19,,65,39,,,
1997-10-20,,53,40,,,
1997-10-21,,49,38,,,
1997-10-22,,44,33,,,
1997-10-23,,54,38,,,
1997-10-24,,50,42,,,
1997-10-25,,51,46,,,
1997-10-26,,46,34,,,
1997-10-27,,39,29,,,
1997-10-28,,52,28,,,
1997-10-29,,58,35,,,
1997-10-30,,62,44,,,
1997-10-31,,65,53,,,
1997-11-01,,57,43,,,
1997-11-02,,44,33,,,
1997-11-03,,39,32,,,
1997-11-04,,39,37,,,
1997-11-05,,48,36,,,
1997-11-06,,47,43,,,
1997-11-07,,47,40,,,
1997-11-08,,47,40,,,
1997-11-09,,45,41,,,
1997-11-10,,42,31,,,
1997-11-11,,33,26,,,
1997-11-12,,34,20,,,
1997-11-13,,37,28,,,
1997-11-14,,38,34,,,
1997-11-15,,35,25,,,
1997-11-16,,28,18,,,
1997-11-17,,35,18,,,
1997-11-18,,40,26,,,
1997-11-19,,35,22,,,
1997-11-20,,46,27,,,
1997-11-21,,42,37,,,
1997-11-22,,46,27,,,
1997-11-23,,32,22,,,
1997-11-24,,37,16,,,
1997-11-25,,57,37,,,
1997-11-26,,52,34,,,
1997-11-27,,49,30,,,
1997-11-28,,56,44,,,
1997-11-29,,51,44,,,
1997-11-30,,47,38,,,
1997-12-01,,41,37,,,
1997-12-02,,40,36,,,
1997-12-03,,38,35,,,
1997-12-04,,35,28,,,
1997-12-05,,30,22,,,
1997-12-06,,32,25,,,
1997-12-07,,31,27,,,
1997-12-08,,31,26,,,
1997-12-09,,35,30,,,
1997-12-10,,36,32,,,
1997-12-11,,36,32,,,
1997-12-12,,32,24,,,
1997-12-13,,35,22,,,
1997-12-14,,41,21,,,
1997-12-15,,47,28,,,
1997-12-16,,46,32,,,
1997-12-17,,48,27,,,
1997-12-18,,46,33,,,
1997-12-19,,51,31,,,
1997-12-20,,38,31,,,
1997-12-21,,37,30,,,
1997-12-22,,37,32,,,
1997-12-23,,39,32,,,
1997-12-24,,35,32,,,
1997-12-25,,36,26,,,
1997-12-26,,33,25,,,
1997-12-27,,31,19,,,
1997-12-28,,34,19,,,
1997-12-29,,33,26,,,
1997-12-30,,28,18,,,
1997-12-31,,24,13,,,
1998-01-01,,43,15,,,
1998-01-02,,50,37,,,
1998-01-03,,57,37,,,
1998-01-04,,56,35,,,
1998-01-05,,56,41,,,
1998-01-06,,47,39,,,
1998-01-07,,41,35,,,
1998-01-08,,35,32,,,
1998-01-09,,34,20,,,
1998-01-10,,20,9,,,
1998-01-11,,27,11,,,
1998-01-12,,32,16,,,
1998-01-13,,16,2,,,
1998-01-14,,28,9,,,
1998-01-15,,31,25,,,
1998-01-16,,29,26,,,
1998-01-17,,29,19,,,
1998-01-18,,28,9,,,
1998-01-19,,29,17,,,
1998-01-20,,29,19,,,
1998-01-21,,32,28,,,
1998-01-22,,32,30,,,
1998-01-23,,32,24,,,
1998-01-24,,31,23,,,
1998-01-25,,32,25,,,
1998-01-26,,39,25,,,
1998-01-27,,35,30,,,
1998-01-28,,42,29,,,
1998-01-29,,41,32,,,
1998-01-30,,33,29,,,
1998-01-31,,41,28,,,
1998-02-01,,47,34,,,
1998-02-02,,41,30,,,
1998-02-03,,40,29,,,
1998-02-04,,35,31,,,
1998-02-05,,35,29,,,
1998-02-06,,41,32,,,
1998-02-07,,40,29,,,
1998-02-08,,43,30,,,
1998-02-09,,48,28,,,
1998-02-10,,48,29,,,
1998-02-11,,45,37,,,
1998-02-12,,39,30,,,
1998-02-13,,39,30,,,
1998-02-14,,42,33,,,
1998-02-15,,52,34,,,
1998-02-16,,44,39,,,
1998-02-17,,44,39,,,
1998-02-18,,39,37,,,
1998-02-19,,41,37,,,
1998-02-20,,44,35,,,
1998-02-21,,45,34,,,
1998-02-22,,49,39,,,
1998-02-23,,47,34,,,
1998-02-24,,54,39,,,
1998-02-25,,57,35,,,
1998-02-26,,63,46,,,
1998-02-27,,53,38,,,
1998-02-28,,50,35,,,
1998-03-01,,39,32,,,
1998-03-02,,37,30,,,
1998-03-03,,37,31,,,
1998-03-04,,38,30,,,
1998-03-05,,39,32,,,
1998-03-06,,39,32,,,
1998-03-07,,43,32,,,
1998-03-08,,39,36,,,
1998-03-09,,36,17,,,
1998-03-10,,23,13,,,
1998-03-11,,22,13,,,
1998-03-12,,24,8,,,
1998-03-13,,39,17,,,
1998-03-14,,34,22,,,
1998-03-15,,30,22,,,
1998-03-16,,36,29,,,
1998-03-17,,40,33,,,
1998-03-18,,52,39,,,
1998-03-19,,40,34,,,
1998-03-20,,36,32,,,
1998-03-21,,42,30,,,
1998-03-22,,47,26,,,
1998-03-23,,46,31,,,
1998-03-24,,51,30,,,
1998-03-25,,60,41,,,
1998-03-26,,75,57,,,
1998-03-27,,77,56,,,
1998-03-28,,65,52,,,
1998-03-29,,79,48,,,
1998-03-30,,79,65,,,
1998-03-31,,71,49,,,
1998-04-01,44,49,39,0.20,,
1998-04-02,44,49,39,0.01,,
1998-04-03,42,44,39,0.00,,
1998-04-04,44,50,37,0.00,,
1998-04-05,42,52,31,0.00,,
1998-04-06,50,61,38,0.00,,
1998-04-07,54,61,46,0.47,,
1998-04-08,49,52,45,0.36,,
1998-04-09,44,46,41,0.04,,
1998-04-10,46,56,36,0.00,,
1998-04-11,52,67,36,0.00,,
1998-04-12,64,73,55,0.00,,
1998-04-13,63,69,56,0.62,,
1998-04-14,60,68,51,0.01,,
1998-04-15,58,66,50,0.01,,
1998-04-16,45,53,37,0.04,,
1998-04-17,45,56,34,0.00,,
1998-04-18,50,60,39,0.00,,
1998-04-19,52,62,41,0.00,,
1998-04-20,56,65,46,0.63,,
1998-04-21,52,55,48,0.08,,
1998-04-22,54,63,45,0.00,,
1998-04-23,58,72,43,0.00,,
1998-04-24,62,76,48,0.00,,
1998-04-25,59,69,48,0.11,,
1998-04-26,51,60,42,0.61,,
1998-04-27,46,51,41,0.00,,
1998-04-28,48,57,39,0.06,,
1998-04-29,56,63,48,0.32,,
1998-04-30,57,62,51,0.04,,
1998-05-01,60,68,52,0.00,,
1998-05-02,57,63,51,0.00,,
1998-05-03,52,55,48,0.17,,
1998-05-04,60,71,48,0.04,,
1998-05-05,45,72,,0.18,,
1998-05-06,45,73,,0.47,,
1998-05-07,59,62,55,2.14,,
1998-05-08,61,69,53,0.14,,
1998-05-09,59,66,51,0.00,,
1998-05-10,59,67,50,0.00,,
1998-05-11,60,70,49,0.00,,
1998-05-12,66,80,52,0.07,,
1998-05-13,69,77,60,0.20,,
1998-05-14,70,83,57,0.00,,
1998-05-15,79,88,70,0.00,,
1998-05-16,74,83,65,0.00,,
1998-05-17,72,87,57,0.00,,
1998-05-18,78,92,64,0.00,,
1998-05-19,81,91,70,0.00,,
1998-05-20,69,77,60,0.00,,
1998-05-21,67,78,56,0.00,,
1998-05-22,60,65,55,0.00,,
1998-05-23,63,70,56,0.03,,
1998-05-24,62,70,53,0.83,,
1998-05-25,61,68,53,0.00,,
1998-05-26,64,77,51,0.00,,
1998-05-27,70,82,57,0.00,,
1998-05-28,79,91,66,0.07,,
1998-05-29,75,84,66,0.05,,
1998-05-30,76,89,63,0.00,,
1998-05-31,72,83,60,0.00,,
1998-06-01,66,78,54,0.00,,
1998-06-02,66,79,52,0.00,,
1998-06-03,55,58,51,0.15,,
1998-06-04,59,65,52,0.00,,
1998-06-05,53,59,46,0.08,,
1998-06-06,53,62,44,0.01,,
1998-06-07,58,70,46,0.00,,
1998-06-08,60,69,50,0.14,,
1998-06-09,61,64,57,1.04,,
1998-06-10,67,75,58,0.00,,
1998-06-11,69,76,62,1.39,,
1998-06-12,75,85,65,0.00,,
1998-06-13,70,79,61,0.00,,
1998-06-14,70,76,63,0.00,,
1998-06-15,72,79,65,0.00,,
1998-06-16,72,81,63,0.00,,
1998-06-17,74,85,62,0.00,,
1998-06-18,78,90,65,0.41,,
1998-06-19,75,83,66,0.00,,
1998-06-20,80,90,70,0.00,,
1998-06-21,79,88,70,0.00,,
1998-06-22,78,86,69,0.00,,
1998-06-23,77,87,66,0.00,,
1998-06-24,85,95,75,0.00,,
1998-06-25,86,97,75,0.00,,
1998-06-26,79,87,70,0.70,,
1998-06-27,83,94,71,0.01,,
1998-06-28,79,89,68,0.21,,
1998-06-29,78,88,67,0.06,,
1998-06-30,74,83,65,0.00,,
1998-07-01,73,80,65,0.00,,
1998-07-02,75,86,63,0.00,,
1998-07-03,80,89,70,0.85,,
1998-07-04,69,73,64,0.00,,
1998-07-05,72,78,65,0.00,,
1998-07-06,79,87,71,0.00,,
1998-07-07,75,81,69,0.08,,
1998-07-08,75,82,68,0.00,,
1998-07-09,75,82,68,0.00,,
1998-07-10,74,81,67,0.00,,
1998-07-11,73,80,66,0.00,,
1998-07-12,75,84,65,0.00,,
1998-07-13,77,86,68,0.00,,
1998-07-14,80,90,70,0.00,,
1998-07-15,81,90,71,0.00,,
1998-07-16,81,88,73,0.00,,
1998-07-17,78,84,71,0.00,,
1998-07-18,81,89,72,0.00,,
1998-07-19,80,92,68,0.49,,
1998-07-20,82,90,73,0.02,,
1998-07-21,87,96,77,0.00,,
1998-07-22,77,82,71,0.10,,
1998-07-23,74,81,67,0.00,,
1998-07-24,72,81,63,0.00,,
1998-07-25,71,80,62,0.00,,
1998-07-26,73,83,62,0.00,,
1998-07-27,74,82,65,0.00,,
1998-07-28,79,89,69,0.00,,
1998-07-29,78,84,72,0.00,,
1998-07-30,72,79,65,0.00,,
1998-07-31,72,78,65,0.00,,
1998-08-01,73,84,62,0.00,,
1998-08-02,75,84,65,0.00,,
1998-08-03,78,84,72,0.04,,
1998-08-04,72,75,69,1.89,,
1998-08-05,76,82,69,0.54,,
1998-08-06,78,83,72,0.01,,
1998-08-07,74,78,70,1.03,,0.0
1998-08-08,78,84,71,0.00,,
1998-08-09,80,87,72,0.00,,
1998-08-10,79,88,69,0.29,,0.0
1998-08-11,73,79,66,0.00,,
1998-08-12,71,78,63,0.00,,
1998-08-13,74,80,68,0.00,,
1998-08-14,75,84,65,0.01,,
1998-08-15,75,81,68,0.07,,
1998-08-16,74,84,63,0.00,,
1998-08-17,78,85,70,0.00,,
1998-08-18,74,78,69,0.00,,
1998-08-19,71,78,63,0.00,,
1998-08-20,75,87,62,0.00,,
1998-08-21,81,91,71,0.00,,
1998-08-22,82,89,74,0.14,,
1998-08-23,83,93,72,0.00,,
1998-08-24,78,87,68,0.42,,
1998-08-25,78,86,70,0.20,,
1998-08-26,75,84,65,0.00,,
1998-08-27,77,84,70,0.00,,
1998-08-28,71,76,66,0.35,,
1998-08-29,77,87,66,0.00,,
1998-08-30,74,82,65,0.00,,
1998-08-31,71,81,61,0.00,,
1998-09-01,73,79,66,0.00,,
1998-09-02,68,76,60,0.00,,
1998-09-03,72,85,58,0.05,,
1998-09-04,72,78,66,0.00,,
1998-09-05,75,89,60,0.00,,
1998-09-06,83,94,72,0.02,,
1998-09-07,68,75,61,1.42,,
1998-09-08,63,70,56,0.00,,
1998-09-09,65,73,57,0.01,,
1998-09-10,,,,0.00,,0.0
1998-09-11,72,84,60,0.00,,0.0
1998-09-12,75,88,62,0.00,,0.0
1998-09-13,77,90,64,0.00,,
1998-09-14,74,78,69,0.38,,
1998-09-15,71,73,69,0.08,,
1998-09-16,66,77,55,0.00,,0.0
1998-09-17,72,78,66,0.00,,
1998-09-18,71,81,60,0.00,,
1998-09-19,76,86,65,0.00,,
1998-09-20,78,88,68,0.69,,
1998-09-21,65,69,61,0.00,,
1998-09-22,60,68,52,0.00,,
1998-09-23,59,67,50,0.00,,
1998-09-24,60,66,54,0.02,,
1998-09-25,70,81,58,0.05,,
1998-09-26,82,92,71,0.05,,
1998-09-27,75,87,63,0.00,,
1998-09-28,66,74,57,0.00,,
1998-09-29,66,73,58,0.02,,
1998-09-30,66,77,55,0.02,,
1998-10-01,54,61,47,0.02,,
1998-10-02,52,59,44,0.01,,
1998-10-03,55,58,51,0.22,,
1998-10-04,59,63,54,0.49,,
1998-10-05,65,73,56,0.02,,
1998-10-06,65,74,55,0.20,,
1998-10-07,56,60,51,0.00,,
1998-10-08,56,59,52,0.00,,
1998-10-09,57,63,50,0.00,,
1998-10-10,55,65,44,0.00,,
1998-10-11,58,69,46,0.00,,0.0
1998-10-12,60,70,49,0.00,,
1998-10-13,49,55,42,0.00,,
1998-10-14,48,58,37,0.00,,
1998-10-15,58,66,50,0.00,,
1998-10-16,70,80,59,0.00,,
1998-10-17,68,72,63,1.12,,
1998-10-18,57,68,45,0.27,,
1998-10-19,54,67,41,0.09,,
1998-10-20,50,58,41,0.02,,
1998-10-21,48,55,41,0.02,,
1998-10-22,46,55,36,0.01,,
1998-10-23,51,63,39,0.02,,
1998-10-24,54,67,40,0.00,,
1998-10-25,56,66,46,0.00,,
1998-10-26,63,74,52,0.00,,
1998-10-27,66,73,59,0.44,,
1998-10-28,57,64,50,0.05,,
1998-10-29,54,62,46,0.61,,
1998-10-30,61,65,57,0.05,,
1998-10-31,58,60,55,0.00,,
1998-11-01,56,57,54,0.01,,
1998-11-02,50,54,46,0.00,,
1998-11-03,44,47,41,0.00,,
1998-11-04,39,42,35,0.18,,
1998-11-05,38,42,34,0.11,,
1998-11-06,39,45,32,0.00,,
1998-11-07,36,43,29,0.00,,
1998-11-08,38,41,34,0.06,,
1998-11-09,44,49,39,0.49,,
1998-11-10,53,65,41,0.68,,
1998-11-11,42,47,36,0.00,,
1998-11-12,42,47,37,0.00,,
1998-11-13,48,54,42,0.00,,
1998-11-14,51,59,42,0.00,,
1998-11-15,44,47,40,0.00,,
1998-11-16,49,57,40,0.00,,
1998-11-17,44,48,40,0.00,,
1998-11-18,51,61,40,0.00,,
1998-11-19,45,56,34,0.00,,
1998-11-20,32,35,28,0.00,,
1998-11-21,35,43,27,0.00,,
1998-11-22,50,60,39,0.00,,
1998-11-23,53,61,44,0.00,,
1998-11-24,46,58,34,0.00,,
1998-11-25,50,54,45,0.05,,
1998-11-26,50,60,40,0.00,,
1998-11-27,51,65,37,0.00,,
1998-11-28,57,69,45,0.00,,
1998-11-29,63,69,56,0.00,,
1998-11-30,53,65,40,0.28,,
1998-12-01,47,58,36,0.00,,
1998-12-02,56,63,49,0.00,,
1998-12-03,64,69,58,0.00,,
1998-12-04,64,68,59,0.00,,
1998-12-05,60,63,57,0.00,,
1998-12-06,51,63,39,1.15,,
1998-12-07,41,44,37,0.00,,
1998-12-08,39,45,32,0.00,,
1998-12-09,41,49,32,0.00,,
1998-12-10,37,42,31,0.00,,
1998-12-11,38,48,28,0.00,,
1998-12-12,40,49,30,0.00,,
1998-12-13,39,49,29,0.00,,
1998-12-14,38,47,28,0.00,,
1998-12-15,44,52,36,0.00,,
1998-12-16,38,44,32,0.00,,
1998-12-17,34,39,29,0.00,,
1998-12-18,44,54,34,0.00,,
1998-12-19,37,44,30,0.00,,
1998-12-20,34,37,30,0.02,,
1998-12-21,24,35,12,0.01,,
1998-12-22,10,14,5,0.00,,
1998-12-23,17,24,10,0.00,,
1998-12-24,20,28,11,0.00,,
1998-12-25,25,33,17,0.00,,
1998-12-26,27,32,21,0.00,,
1998-12-27,37,44,29,0.00,,
1998-12-28,32,42,21,0.00,,
1998-12-29,23,37,9,0.06,,
1998-12-30,8,14,2,0.00,,
1998-12-31,14,19,9,0.00,,
1999-01-01,15,21,8,0.00,,
1999-01-02,22,26,17,0.00,,
1999-01-03,16,27,4,0.00,,
1999-01-04,-1,5,-8,0.00,,
1999-01-05,2,19,-15,0.00,,
1999-01-06,14,23,5,0.00,,
1999-01-07,3,10,-5,0.00,,
1999-01-08,17,24,10,0.00,,
1999-01-09,6,14,-3,0.00,,
1999-01-10,8,16,-1,0.00,,
1999-01-11,7,15,-1,0.00,,
1999-01-12,22,30,13,0.00,,
1999-01-13,20,24,16,0.00,,
1999-01-14,17,19,15,0.00,,
1999-01-15,24,30,17,0.00,,
1999-01-16,34,41,27,0.24,,
1999-01-17,33,42,23,0.36,,
1999-01-18,30,36,23,0.01,,
1999-01-19,26,32,19,0.00,,
1999-01-20,31,42,20,0.02,,
1999-01-21,37,41,33,0.88,,
1999-01-22,43,48,38,0.25,,
1999-01-23,40,45,34,0.64,,
1999-01-24,34,35,32,0.01,,
1999-01-25,30,35,24,0.01,,
1999-01-26,31,41,21,0.00,,
1999-01-27,43,52,34,0.00,,
1999-01-28,34,35,32,0.00,,
1999-01-29,36,41,30,0.00,,
1999-01-30,35,44,26,0.00,,
1999-01-31,37,41,32,0.01,,
1999-02-01,41,46,36,0.04,,
1999-02-02,39,43,35,0.22,,
1999-02-03,41,46,36,0.01,,
1999-02-04,34,43,25,0.01,,
1999-02-05,34,45,23,0.04,,
1999-02-06,42,48,35,0.00,,
1999-02-07,35,39,31,0.00,,
1999-02-08,40,48,31,0.00,,
1999-02-09,47,57,37,0.00,,
1999-02-10,48,61,34,0.00,,
1999-02-11,51,71,30,0.19,,
1999-02-12,25,32,17,0.00,,
1999-02-13,26,36,16,0.00,,
1999-02-14,36,47,24,0.00,,
1999-02-15,46,57,35,0.00,,
1999-02-16,40,47,33,0.06,,
1999-02-17,30,33,27,0.00,,
1999-02-18,30,37,23,0.00,,
1999-02-19,31,34,28,0.00,,
1999-02-20,27,31,23,0.00,,
1999-02-21,31,36,26,0.00,,
1999-02-22,28,33,22,0.00,,
1999-02-23,31,35,26,0.00,,
1999-02-24,31,37,24,0.00,,
1999-02-25,36,40,31,0.16,,
1999-02-26,40,49,30,0.25,,
1999-02-27,46,51,41,0.18,,
1999-02-28,40,43,36,0.05,,
1999-03-01,38,45,31,0.00,,0.0
1999-03-02,40,46,34,0.22,,
1999-03-03,33,37,28,0.00,,
1999-03-04,31,38,24,0.00,,
1999-03-05,38,43,32,0.08,,
1999-03-06,28,32,23,0.00,,
1999-03-07,23,26,19,0.21,,
1999-03-08,26,32,19,0.00,,
1999-03-09,30,32,28,0.02,,
1999-03-10,31,35,27,0.04,,
1999-03-11,30,37,23,0.00,,
1999-03-12,30,37,22,0.00,,
1999-03-13,33,36,30,0.00,,
1999-03-14,35,39,30,0.00,,
1999-03-15,35,44,25,0.00,,
1999-03-16,44,54,34,0.00,,
1999-03-17,51,62,39,0.00,,
1999-03-18,42,48,35,0.00,,
1999-03-19,38,45,31,0.00,,
1999-03-20,42,55,28,0.00,,
1999-03-21,41,48,33,0.00,,
1999-03-22,36,44,28,0.00,,
1999-03-23,43,56,29,0.00,,
1999-03-24,38,44,31,0.00,,
1999-03-25,36,41,30,0.00,,
1999-03-26,39,44,33,0.00,,
1999-03-27,44,58,30,0.00,,
1999-03-28,48,56,40,0.00,,
1999-03-29,52,64,39,0.00,,
1999-03-30,59,74,44,0.00,,
1999-03-31,62,73,50,0.00,,
1999-04-01,59,63,55,0.00,,
1999-04-02,66,77,55,0.00,,
1999-04-03,67,73,60,0.00,,
1999-04-04,58,69,47,0.24,,
1999-04-05,53,63,42,0.05,,
1999-04-06,55,62,48,0.06,,
1999-04-07,61,78,43,0.00,,
1999-04-08,58,65,50,1.14,,
1999-04-09,48,53,43,0.11,,
1999-04-10,50,60,40,0.09,,
1999-04-11,47,52,41,0.00,,
1999-04-12,48,57,38,0.00,,
1999-04-13,51,60,41,0.00,,
1999-04-14,52,62,41,0.00,,
1999-04-15,51,56,46,0.90,,
1999-04-16,45,46,43,0.28,,
1999-04-17,44,50,37,0.00,,
1999-04-18,45,48,41,0.20,,
1999-04-19,46,55,37,0.00,,
1999-04-20,49,59,38,0.15,,
1999-04-21,57,64,49,0.02,,
1999-04-22,53,59,47,1.34,,
1999-04-23,46,52,40,0.13,,
1999-04-24,46,54,38,0.00,,
1999-04-25,51,63,38,0.00,,
1999-04-26,55,65,44,0.00,,
1999-04-27,52,56,47,1.28,,
1999-04-28,55,63,47,0.05,,
1999-04-29,55,63,46,0.00,,
1999-04-30,54,66,42,0.00,,
1999-05-01,58,73,43,0.00,,
1999-05-02,60,74,46,0.00,,
1999-05-03,69,80,57,0.00,,
1999-05-04,72,83,60,0.03,,
1999-05-05,73,82,64,0.10,,
1999-05-06,61,67,54,0.30,,
1999-05-07,59,63,54,0.00,,
1999-05-08,55,60,50,0.00,,
1999-05-09,54,62,46,0.00,,
1999-05-10,61,75,47,0.00,,
1999-05-11,69,80,58,0.74,,
1999-05-12,66,75,56,0.16,,
1999-05-13,54,59,49,0.01,,
1999-05-14,57,65,48,0.00,,
1999-05-15,65,74,55,0.01,,
1999-05-16,73,85,60,0.00,,
1999-05-17,72,80,64,0.66,,
1999-05-18,63,70,56,0.09,,
1999-05-19,62,72,51,0.00,,
1999-05-20,70,82,57,0.00,,
1999-05-21,70,80,60,0.80,,
1999-05-22,62,70,54,0.03,,
1999-05-23,63,73,53,0.44,,
1999-05-24,54,56,51,0.00,,
1999-05-25,58,69,46,0.00,,
1999-05-26,63,73,53,0.00,,
1999-05-27,67,83,51,0.00,,
1999-05-28,77,87,66,0.00,,
1999-05-29,78,88,67,0.00,,
1999-05-30,76,86,65,0.00,,
1999-05-31,76,84,67,0.47,,
1999-06-01,69,79,59,1.64,,
1999-06-02,67,75,58,0.52,,
1999-06-03,61,65,56,0.00,,
1999-06-04,68,80,56,0.00,,
1999-06-05,78,91,65,0.00,,
1999-06-06,85,94,76,0.00,,
1999-06-07,84,91,76,0.00,,
1999-06-08,83,92,74,0.00,,
1999-06-09,83,92,73,0.00,,
1999-06-10,83,92,73,0.51,,
1999-06-11,81,91,71,1.39,,
1999-06-12,77,84,70,0.10,,
1999-06-13,68,75,61,0.71,,
1999-06-14,68,76,59,0.00,,
1999-06-15,60,64,55,0.00,,
1999-06-16,62,67,57,0.00,,
1999-06-17,59,67,51,0.00,,
1999-06-18,63,74,51,0.00,,
1999-06-19,71,78,63,0.00,,
1999-06-20,71,79,62,0.00,,
1999-06-21,76,84,68,0.00,,
1999-06-22,79,87,70,0.14,,
1999-06-23,80,87,72,0.05,,
1999-06-24,78,83,72,0.24,,
1999-06-25,78,87,68,0.00,,
1999-06-26,80,89,71,0.40,,
1999-06-27,79,85,72,0.01,,
1999-06-28,79,89,69,0.20,,
1999-06-29,66,73,59,0.01,,
1999-06-30,71,80,62,0.00,,
1999-07-01,74,81,67,0.56,,
1999-07-02,79,88,69,0.00,,
1999-07-03,86,92,79,0.00,,
1999-07-04,88,95,80,0.00,,
1999-07-05,88,95,80,0.00,,
1999-07-06,80,88,72,0.00,,
1999-07-07,77,88,66,0.00,,
1999-07-08,78,88,67,0.00,,
1999-07-09,80,88,72,0.03,,
1999-07-10,69,76,61,0.00,,
1999-07-11,71,82,59,0.00,,
1999-07-12,73,82,63,0.00,,
1999-07-13,75,86,64,0.00,,
1999-07-14,79,89,68,0.00,,
1999-07-15,81,92,70,0.00,,
1999-07-16,85,95,74,0.00,,
1999-07-17,77,82,71,1.29,,
1999-07-18,79,86,71,0.00,,
1999-07-19,81,90,72,0.05,,
1999-07-20,78,84,72,0.01,,
1999-07-21,85,95,75,0.82,,
1999-07-22,85,94,76,0.00,,
1999-07-23,85,95,75,0.05,,
1999-07-24,85,96,74,0.00,,
1999-07-25,89,98,79,0.00,,
1999-07-26,85,90,79,0.03,,
1999-07-27,82,88,76,0.00,,
1999-07-28,87,95,78,0.00,,
1999-07-29,88,99,76,0.00,,
1999-07-30,94,104,84,0.00,,
1999-07-31,85,91,79,0.00,,
1999-08-01,77,84,70,0.00,,
1999-08-02,75,81,68,0.00,,
1999-08-03,75,85,65,0.00,,
1999-08-04,78,85,70,0.00,,
1999-08-05,73,80,66,0.00,,
1999-08-06,77,89,65,0.00,,
1999-08-07,75,78,71,0.13,,
1999-08-08,70,74,65,0.00,,
1999-08-09,68,79,57,0.04,,0.0
1999-08-10,80,90,69,0.01,,
1999-08-11,78,86,70,0.00,,
1999-08-12,71,76,65,0.39,,
1999-08-13,74,81,66,0.02,,
1999-08-14,67,74,60,0.00,,
1999-08-15,70,81,58,0.00,,
1999-08-16,75,86,63,0.00,,
1999-08-17,79,88,69,0.00,,
1999-08-18,70,75,65,0.02,,
1999-08-19,69,74,64,0.62,,
1999-08-20,69,77,61,0.00,,
1999-08-21,67,76,58,0.00,,
1999-08-22,70,79,60,0.00,,
1999-08-23,73,79,67,0.34,,
1999-08-24,71,75,67,0.62,,
1999-08-25,70,72,67,0.16,,
1999-08-26,73,80,65,0.00,,
1999-08-27,76,86,66,0.00,,
1999-08-28,81,90,71,0.00,,
1999-08-29,71,77,65,0.00,,
1999-08-30,65,69,61,0.00,,
1999-08-31,68,79,57,0.00,,
1999-09-01,74,85,63,0.00,,
1999-09-02,78,91,65,0.00,,
1999-09-03,80,91,69,0.00,,
1999-09-04,80,91,69,0.00,,
1999-09-05,82,94,70,0.00,,
1999-09-06,69,77,61,0.00,,
1999-09-07,69,80,57,0.00,,
1999-09-08,75,86,64,0.00,,
1999-09-09,63,72,54,0.00,,
1999-09-10,64,76,51,0.00,,
1999-09-11,68,82,53,0.00,,
1999-09-12,71,82,59,0.25,,
1999-09-13,62,69,54,0.00,,
1999-09-14,62,73,50,0.00,,
1999-09-15,59,70,48,0.00,,
1999-09-16,60,68,52,0.00,,
1999-09-17,60,70,50,0.00,,
1999-09-18,66,78,54,0.00,,
1999-09-19,69,81,56,0.06,,
1999-09-20,61,67,54,0.00,,
1999-09-21,55,62,48,0.07,,
1999-09-22,60,74,46,0.00,,
1999-09-23,67,81,52,0.00,,
1999-09-24,61,66,55,0.00,,
1999-09-25,65,80,50,0.00,,
1999-09-26,75,87,62,0.00,,
1999-09-27,68,75,61,0.21,,
1999-09-28,61,69,53,1.52,,
1999-09-29,57,65,49,0.16,,
1999-09-30,58,71,44,0.00,,
1999-10-01,54,63,44,0.00,,
1999-10-02,50,58,41,0.09,,
1999-10-03,46,49,42,0.70,,
1999-10-04,49,55,42,0.00,,
1999-10-05,53,65,40,0.00,,
1999-10-06,53,60,45,0.00,,
1999-10-07,60,74,46,0.00,,
1999-10-08,61,63,58,0.03,,
1999-10-09,63,69,56,0.00,,
1999-10-10,68,80,56,0.00,,
1999-10-11,59,68,49,0.00,,
1999-10-12,64,76,51,0.00,,
1999-10-13,58,67,48,0.05,,
1999-10-14,52,61,42,0.00,,
1999-10-15,65,80,50,0.00,,
1999-10-16,61,70,52,0.06,,
1999-10-17,47,53,40,0.00,,
1999-10-18,46,53,38,0.00,,
1999-10-19,51,60,42,0.00,,
1999-10-20,46,54,37,0.00,,
1999-10-21,55,70,39,0.00,,
1999-10-22,52,61,43,0.00,,
1999-10-23,45,50,39,0.00,,
1999-10-24,41,51,30,0.00,,
1999-10-25,51,66,36,0.00,,
1999-10-26,54,62,46,0.00,,
1999-10-27,53,63,42,0.00,,
1999-10-28,66,81,51,0.00,,0.0
1999-10-29,65,79,50,0.00,,
1999-10-30,68,77,59,0.00,,
1999-10-31,61,68,53,0.00,,
1999-11-01,63,76,49,0.05,,
1999-11-02,43,49,37,0.00,,
1999-11-03,39,48,30,0.00,,
1999-11-04,50,66,34,0.00,,
1999-11-05,58,68,47,0.00,,
1999-11-06,48,58,38,0.00,,
1999-11-07,46,56,36,0.00,,
1999-11-08,59,74,44,0.00,,
1999-11-09,66,75,57,0.00,,
1999-11-10,60,71,49,0.00,,
1999-11-11,46,49,43,0.00,,
1999-11-12,50,60,39,0.00,,
1999-11-13,57,71,43,0.00,,
1999-11-14,49,60,37,0.00,,
1999-11-15,43,52,33,0.00,,
1999-11-16,42,48,35,0.00,,
1999-11-17,43,50,35,0.00,,
1999-11-18,58,71,44,0.00,,
1999-11-19,50,59,40,0.02,,
1999-11-20,41,45,37,0.00,,
1999-11-21,45,54,36,0.00,,
1999-11-22,56,62,49,0.18,,
1999-11-23,54,65,42,0.33,,
1999-11-24,41,47,35,0.00,,
1999-11-25,39,48,30,0.00,,
1999-11-26,42,48,35,0.02,,
1999-11-27,42,49,34,0.00,,
1999-11-28,38,47,28,0.00,,
1999-11-29,34,39,28,0.00,,
1999-11-30,33,41,24,0.00,,
1999-12-01,38,45,30,0.00,,
1999-12-02,51,59,42,0.00,,
1999-12-03,54,57,50,0.39,,
1999-12-04,52,55,48,0.79,,
1999-12-05,40,48,32,0.85,,
1999-12-06,34,38,29,0.00,,
1999-12-07,35,42,28,0.00,,
1999-12-08,41,49,32,0.00,,
1999-12-09,48,53,42,0.04,,
1999-12-10,36,42,30,0.00,,
1999-12-11,34,41,26,0.00,,
1999-12-12,37,42,32,0.00,,
1999-12-13,37,46,28,0.00,,
1999-12-14,38,40,35,0.18,,
1999-12-15,37,40,34,0.16,,
1999-12-16,29,34,23,0.00,,
1999-12-17,27,32,21,0.08,,
1999-12-18,23,31,14,0.01,,
1999-12-19,33,40,26,0.00,,
1999-12-20,23,38,8,0.00,,
1999-12-21,10,17,3,0.00,,
1999-12-22,15,19,10,0.00,,
1999-12-23,12,18,6,0.00,,
1999-12-24,16,22,9,0.00,,
1999-12-25,19,31,7,0.00,,
1999-12-26,29,34,24,0.00,,
1999-12-27,22,28,15,0.00,,
1999-12-28,23,32,13,0.00,,
1999-12-29,39,48,29,0.00,,0.0
1999-12-30,36,41,30,0.01,,
1999-12-31,34,42,26,0.00,,
2000-01-01,43,50,35,0.00,,
2000-01-02,49,61,37,0.01,,
2000-01-03,38,41,34,0.14,,
2000-01-04,29,34,23,0.01,,
2000-01-05,22,27,16,0.00,,
2000-01-06,35,43,27,0.00,,
2000-01-07,27,30,23,0.00,,
2000-01-08,38,46,29,0.05,,
2000-01-09,40,42,37,0.15,,
2000-01-10,44,47,40,0.11,,
2000-01-11,35,39,30,0.00,,
2000-01-12,33,38,28,0.00,,
2000-01-13,23,28,18,0.00,,
2000-01-14,23,29,16,0.00,,
2000-01-15,36,44,28,0.00,,
2000-01-16,33,39,26,0.00,,
2000-01-17,23,26,19,0.00,,
2000-01-18,26,32,20,0.00,,
2000-01-19,23,29,16,0.00,,
2000-01-20,14,25,2,0.00,,
2000-01-21,7,15,-2,0.00,,
2000-01-22,13,28,-2,0.00,,
2000-01-23,17,29,4,0.00,,
2000-01-24,8,18,-2,0.00,,
2000-01-25,19,24,14,0.00,,
2000-01-26,12,25,-1,0.00,,
2000-01-27,20,25,15,0.04,,
2000-01-28,21,29,13,0.14,,
2000-01-29,24,28,20,0.00,,
2000-01-30,26,28,24,0.00,,
2000-01-31,18,25,11,0.00,,
2000-02-01,24,30,18,0.01,,
2000-02-02,22,33,11,0.00,,
2000-02-03,34,39,29,0.06,,
2000-02-04,26,32,19,0.00,,
2000-02-05,22,27,16,0.00,,
2000-02-06,27,34,20,0.00,,
2000-02-07,31,37,24,0.00,,
2000-02-08,26,34,17,0.00,,
2000-02-09,41,50,32,0.00,,
2000-02-10,39,45,32,0.00,,
2000-02-11,37,50,23,0.00,,
2000-02-12,27,35,18,0.00,,
2000-02-13,31,32,30,0.00,,
2000-02-14,29,34,24,0.00,,
2000-02-15,34,43,24,0.00,,
2000-02-16,33,40,25,0.00,,
2000-02-17,30,36,24,0.00,,
2000-02-18,31,32,29,0.00,,
2000-02-19,30,33,27,0.05,,
2000-02-20,28,34,22,0.00,,
2000-02-21,36,48,23,0.00,,
2000-02-22,52,60,43,0.00,,
2000-02-23,58,66,50,0.00,,
2000-02-24,56,66,46,0.59,,
2000-02-25,59,73,44,0.01,,
2000-02-26,57,64,50,0.17,,
2000-02-27,47,53,40,0.00,,
2000-02-28,47,61,33,0.00,,
2000-02-29,55,65,45,0.00,,
2000-03-01,52,64,39,0.01,,
2000-03-02,41,50,32,0.00,,
2000-03-03,37,47,27,0.00,,
2000-03-04,46,63,29,0.00,,
2000-03-05,54,69,39,0.00,,
2000-03-06,56,70,42,0.00,,
2000-03-07,66,79,53,0.00,,
2000-03-08,68,79,57,0.02,,
2000-03-09,47,64,30,0.01,,
2000-03-10,53,,28,0.00,,
2000-03-11,31,35,27,0.00,,
2000-03-12,36,49,23,0.00,,
2000-03-13,41,47,35,0.03,,
2000-03-14,46,59,32,0.00,,
2000-03-15,52,67,36,0.14,,
2000-03-16,36,41,31,0.00,,
2000-03-17,33,36,30,0.00,,
2000-03-18,36,44,27,0.00,,
2000-03-19,42,46,37,0.23,,
2000-03-20,50,56,44,0.25,,
2000-03-21,45,52,37,0.01,,
2000-03-22,50,60,40,0.00,,
2000-03-23,54,63,44,0.00,,
2000-03-24,61,71,50,0.05,,
2000-03-25,54,61,47,0.00,,
2000-03-26,54,69,38,0.19,,
2000-03-27,48,56,39,0.04,,
2000-03-28,50,65,34,0.01,,
2000-03-29,41,49,32,0.00,,
2000-03-30,41,50,32,0.00,,
2000-03-31,48,63,32,0.00,,
2000-04-01,53,57,48,0.00,,
2000-04-02,52,57,46,0.00,,
2000-04-03,53,61,44,0.01,,
2000-04-04,40,47,33,0.00,,
2000-04-05,48,64,31,0.00,,
2000-04-06,56,64,47,0.00,,
2000-04-07,48,62,33,0.39,,
2000-04-08,35,41,29,0.01,,
2000-04-09,45,58,32,0.00,,
2000-04-10,37,40,34,0.12,,
2000-04-11,36,40,32,0.00,,
2000-04-12,41,52,30,0.00,,
2000-04-13,51,64,38,0.00,,
2000-04-14,61,76,46,0.00,,
2000-04-15,59,76,42,0.00,,
2000-04-16,50,59,41,0.88,,
2000-04-17,45,48,41,0.00,,
2000-04-18,48,55,41,0.00,,
2000-04-19,55,59,50,0.62,,
2000-04-20,56,68,43,1.41,,
2000-04-21,53,68,38,0.48,,
2000-04-22,50,65,34,0.00,,
2000-04-23,48,51,45,0.17,,
2000-04-24,54,65,43,0.00,,
2000-04-25,52,61,42,0.00,,
2000-04-26,53,64,41,0.00,,
2000-04-27,56,68,44,0.00,,
2000-04-28,55,68,42,0.00,,
2000-04-29,55,67,42,0.00,,
2000-04-30,56,72,40,0.00,,
2000-05-01,57,65,49,0.32,,
2000-05-02,59,71,47,0.00,,
2000-05-03,67,78,55,0.00,,
2000-05-04,73,82,63,0.00,,
2000-05-05,75,85,64,0.00,,
2000-05-06,76,87,65,0.00,,
2000-05-07,74,79,68,0.00,,
2000-05-08,77,87,66,0.83,,
2000-05-09,60,67,52,0.71,,
2000-05-10,56,65,47,0.00,,
2000-05-11,70,79,60,0.23,,
2000-05-12,74,86,62,0.39,,
2000-05-13,55,62,47,0.00,,
2000-05-14,53,64,42,0.00,,
2000-05-15,58,71,45,0.00,,
2000-05-16,70,85,55,0.16,,
2000-05-17,63,70,56,0.03,,
2000-05-18,59,71,47,0.52,,
2000-05-19,48,49,46,0.01,,
2000-05-20,54,60,48,0.00,,
2000-05-21,60,70,49,0.00,,
2000-05-22,68,79,57,0.14,,
2000-05-23,69,83,55,0.00,,
2000-05-24,72,83,61,0.00,,
2000-05-25,69,83,54,0.00,,
2000-05-26,66,72,59,0.07,,
2000-05-27,63,69,56,1.38,,
2000-05-28,57,61,52,0.19,,
2000-05-29,58,68,48,0.00,,
2000-05-30,69,81,57,0.03,,
2000-05-31,69,78,59,0.85,,
2000-06-01,74,88,60,0.11,,
2000-06-02,64,73,55,0.00,,
2000-06-03,65,78,52,0.00,,
2000-06-04,58,62,54,0.04,,
2000-06-05,57,63,50,0.44,,
2000-06-06,59,72,46,0.00,,
2000-06-07,67,80,54,0.00,,
2000-06-08,78,90,66,0.00,,
2000-06-09,79,90,68,0.00,,
2000-06-10,82,90,73,0.06,,
2000-06-11,72,83,60,0.66,,
2000-06-12,63,70,56,0.42,,
2000-06-13,71,83,59,0.28,,
2000-06-14,75,83,67,0.67,,
2000-06-15,77,90,63,0.00,,
2000-06-16,70,76,63,0.01,,
2000-06-17,62,65,58,0.00,,
2000-06-18,67,75,58,0.01,,
2000-06-19,71,82,60,0.00,,
2000-06-20,75,82,68,0.54,,
2000-06-21,75,81,69,0.00,,
2000-06-22,74,83,64,0.00,,
2000-06-23,76,87,64,0.08,,
2000-06-24,73,79,67,0.77,,
2000-06-25,76,86,65,0.01,,
2000-06-26,75,82,67,0.00,,
2000-06-27,73,83,62,0.00,,
2000-06-28,66,72,60,0.09,,
2000-06-29,68,77,58,0.01,,
2000-06-30,70,81,58,0.00,,
2000-07-01,73,83,63,0.00,,
2000-07-02,78,87,68,0.78,,
2000-07-03,77,87,66,0.26,,
2000-07-04,72,79,65,0.00,,
2000-07-05,77,85,69,0.00,,
2000-07-06,75,83,67,0.00,,
2000-07-07,72,78,66,0.00,,
2000-07-08,76,86,66,0.00,,
2000-07-09,81,90,72,0.00,,
2000-07-10,75,83,67,0.95,,
2000-07-11,72,78,65,0.00,,
2000-07-12,80,90,69,0.00,,
2000-07-13,78,88,67,0.00,,
2000-07-14,80,88,72,0.00,,
2000-07-15,74,80,68,0.00,,
2000-07-16,74,84,64,0.00,,
2000-07-17,80,88,71,0.00,,
2000-07-18,69,75,62,0.03,,
2000-07-19,66,70,61,0.00,,
2000-07-20,69,77,61,0.00,,
2000-07-21,68,76,60,0.00,,
2000-07-22,67,75,59,0.00,,
2000-07-23,66,74,57,0.00,,
2000-07-24,68,79,56,0.00,,
2000-07-25,74,83,64,0.00,,
2000-07-26,76,85,66,0.00,,
2000-07-27,79,87,70,0.41,,
2000-07-28,77,84,69,0.05,,
2000-07-29,75,79,70,0.00,,
2000-07-30,74,77,70,0.34,,
2000-07-31,70,72,67,0.33,,
2000-08-01,76,85,66,0.02,,
2000-08-02,78,88,67,0.06,,
2000-08-03,73,88,58,0.00,,
2000-08-04,69,80,58,0.00,,
2000-08-05,71,77,64,0.31,,
2000-08-06,79,89,69,0.81,,
2000-08-07,77,86,68,0.00,,
2000-08-08,79,85,72,0.00,,
2000-08-09,80,90,70,0.00,,
2000-08-10,77,87,66,0.00,,
2000-08-11,73,80,66,0.00,,
2000-08-12,74,84,64,0.00,,
2000-08-13,71,82,60,0.00,,
2000-08-14,78,88,68,0.00,,
2000-08-15,84,93,74,0.00,,
2000-08-16,73,78,67,0.00,,
2000-08-17,70,77,63,1.21,,
2000-08-18,69,76,62,0.00,,
2000-08-19,67,73,60,0.00,,
2000-08-20,69,75,63,0.00,,
2000-08-21,70,81,59,0.00,,
2000-08-22,79,86,71,0.00,,
2000-08-23,79,86,71,0.02,,
2000-08-24,75,82,67,0.00,,
2000-08-25,75,85,64,0.00,,
2000-08-26,76,82,69,0.00,,
2000-08-27,74,78,69,0.00,,
2000-08-28,77,86,67,0.00,,
2000-08-29,81,88,73,0.00,,
2000-08-30,81,89,73,0.00,,
2000-08-31,84,94,73,0.00,,
2000-09-01,84,94,73,0.00,,
2000-09-02,84,93,74,0.00,,
2000-09-03,79,86,72,0.00,,
2000-09-04,67,72,62,0.02,,
2000-09-05,63,68,58,0.00,,
2000-09-06,66,76,56,0.00,,
2000-09-07,78,90,65,0.00,,
2000-09-08,78,84,71,0.00,,
2000-09-09,78,86,69,0.00,,
2000-09-10,78,83,72,0.34,,
2000-09-11,77,90,64,0.19,,
2000-09-12,65,72,57,0.23,,
2000-09-13,68,80,55,0.00,,
2000-09-14,67,75,58,0.17,,
2000-09-15,58,65,50,0.00,,
2000-09-16,58,69,47,0.00,,
2000-09-17,69,80,57,0.00,,
2000-09-18,73,89,57,0.00,,
2000-09-19,79,91,66,0.00,,
2000-09-20,60,68,52,0.01,,
2000-09-21,69,,47,0.01,,
2000-09-22,62,72,52,0.00,,
2000-09-23,66,72,59,0.01,,
2000-09-24,56,60,51,0.00,,
2000-09-25,51,56,45,0.00,,
2000-09-26,57,70,43,0.00,,
2000-09-27,60,71,49,0.00,,
2000-09-28,59,68,50,0.00,,
2000-09-29,63,75,50,0.00,,
2000-09-30,67,79,54,0.00,,
2000-10-01,73,84,61,0.00,,
2000-10-02,72,82,62,0.00,,
2000-10-03,63,72,53,0.75,,
2000-10-04,58,62,54,0.34,,
2000-10-05,53,59,47,0.17,,
2000-10-06,43,49,36,0.00,,
2000-10-07,41,49,32,0.14,,
2000-10-08,41,47,34,0.08,,
2000-10-09,46,58,33,0.00,,
2000-10-10,49,62,36,0.00,,
2000-10-11,53,66,39,0.00,,
2000-10-12,60,74,45,0.00,,
2000-10-13,67,79,54,0.00,,
2000-10-14,69,75,62,0.01,,
2000-10-15,61,69,53,0.03,,
2000-10-16,54,60,47,0.01,,
2000-10-17,59,72,45,0.00,,
2000-10-18,57,69,45,0.00,,
2000-10-19,64,76,51,0.00,,
2000-10-20,65,77,53,0.00,,
2000-10-21,62,70,54,0.00,,
2000-10-22,61,69,53,0.00,,
2000-10-23,65,72,58,0.02,,
2000-10-24,64,70,58,0.25,,
2000-10-25,64,70,58,0.00,,
2000-10-26,70,77,63,0.16,,
2000-10-27,63,72,53,0.00,,
2000-10-28,51,54,47,0.00,,
2000-10-29,48,56,39,0.00,,
2000-10-30,53,64,42,0.00,,
2000-10-31,62,72,52,0.00,,
2000-11-01,67,75,59,0.00,,
2000-11-02,58,64,51,0.04,,
2000-11-03,53,60,45,0.00,,
2000-11-04,47,55,39,0.00,,
2000-11-05,51,61,40,0.00,,
2000-11-06,51,54,47,0.55,,
2000-11-07,50,59,41,0.00,,
2000-11-08,43,50,36,0.07,,
2000-11-09,43,49,37,0.78,,
2000-11-10,39,45,33,0.00,,
2000-11-11,39,48,30,0.00,,
2000-11-12,45,49,41,0.08,,
2000-11-13,37,44,30,0.27,,
2000-11-14,33,35,30,0.00,,
2000-11-15,32,40,24,0.00,,
2000-11-16,37,44,30,0.00,,
2000-11-17,31,34,28,0.00,0.1,
2000-11-18,29,35,23,0.00,,
2000-11-19,33,43,23,0.02,,
2000-11-20,25,29,20,0.00,0.3,0.0
2000-11-21,21,25,16,0.00,,
2000-11-22,24,32,16,0.00,,
2000-11-23,30,38,22,0.00,,
2000-11-24,35,46,24,0.00,,
2000-11-25,40,46,34,0.21,,
2000-11-26,41,43,38,0.09,,
2000-11-27,35,39,31,0.00,,
2000-11-28,37,42,31,0.00,,
2000-11-29,36,38,33,0.09,,
2000-11-30,38,39,36,0.00,,
2000-12-01,36,37,34,0.01,,
2000-12-02,33,36,29,0.00,,
2000-12-03,30,35,24,0.00,,
2000-12-04,32,38,26,0.00,,
2000-12-05,24,34,13,0.00,,
2000-12-06,18,22,13,0.00,0.2,0.0
2000-12-07,27,33,21,0.00,1.9,0.0
2000-12-08,21,30,12,0.00,0.0,2.0
2000-12-09,21,31,11,0.00,0.0,2.0
2000-12-10,33,36,29,0.06,,1.0
2000-12-11,25,32,17,1.00,14.3,2.0
2000-12-12,8,17,-1,0.00,0.0,14.0
2000-12-13,11,25,-3,0.35,4.1,12.0
2000-12-14,23,31,14,0.06,,16.0
2000-12-15,21,32,10,0.00,0.0,14.0
2000-12-16,27,35,18,0.42,,11.0
2000-12-17,10,18,2,0.00,0.0,10.0
2000-12-18,10,18,1,,,
2000-12-19,16,22,9,,0.6,
2000-12-20,9,19,-1,0.00,1.6,12.0
2000-12-21,8,20,-4,0.00,1.7,13.0
2000-12-22,0,7,-7,0.00,,13.0
2000-12-23,10,21,-2,0.00,,13.0
2000-12-24,6,12,-1,0.00,,13.0
2000-12-25,10,19,0,0.00,,12.0
2000-12-26,15,20,9,0.00,,12.0
2000-12-27,14,19,9,0.00,,13.0
2000-12-28,16,21,11,0.00,,13.0
2000-12-29,21,26,15,0.00,,
2000-12-30,29,32,25,,,
2000-12-31,23,29,16,0.00,,19.0
2001-01-01,20,26,13,0.00,,17.0
2001-01-02,14,20,7,0.00,,16.0
2001-01-03,18,28,7,0.00,,15.0
2001-01-04,28,32,23,0.00,,14.0
2001-01-05,30,37,22,0.00,0.0,13.0
2001-01-06,28,35,20,0.00,0.0,13.0
2001-01-07,29,35,23,0.00,,12.0
2001-01-08,23,29,17,0.00,,12.0
2001-01-09,19,25,12,0.00,,11.0
2001-01-10,28,35,20,0.00,,11.0
2001-01-11,32,40,24,0.00,,11.0
2001-01-12,33,37,28,0.00,,10.0
2001-01-13,36,38,34,0.00,,9.0
2001-01-14,36,38,33,0.23,,8.0
2001-01-15,34,36,32,0.01,,5.0
2001-01-16,30,32,27,0.00,,4.0
2001-01-17,24,27,20,0.00,,4.0
2001-01-18,26,32,19,0.00,,4.0
2001-01-19,24,29,19,0.00,,3.0
2001-01-20,20,26,14,0.00,,3.0
2001-01-21,20,28,12,0.00,,3.0
2001-01-22,22,30,13,0.00,0.0,3.0
2001-01-23,30,36,23,0.00,,3.0
2001-01-24,24,29,19,0.00,0.1,3.0
2001-01-25,21,26,15,0.00,,3.0
2001-01-26,28,32,23,0.00,,3.0
2001-01-27,22,27,17,0.00,,4.0
2001-01-28,23,30,15,0.00,0.4,4.0
2001-01-29,37,43,30,0.67,,4.0
2001-01-30,37,40,33,0.16,,1.0
2001-01-31,33,36,29,0.00,,1.0
2001-02-01,20,34,6,0.00,,
2001-02-02,7,14,0,0.00,,
2001-02-03,22,32,12,0.00,,
2001-02-04,34,36,32,0.02,,
2001-02-05,30,32,28,0.00,,
2001-02-06,32,39,25,0.12,,
2001-02-07,29,37,21,0.01,,
2001-02-08,44,53,35,0.67,,
2001-02-09,38,54,21,0.50,1.2,0.0
2001-02-10,18,22,14,0.00,,1.0
2001-02-11,21,28,13,0.00,,1.0
2001-02-12,32,39,25,0.00,,
2001-02-13,37,40,33,0.05,,
2001-02-14,35,38,31,0.15,,
2001-02-15,32,34,30,0.00,,
2001-02-16,24,32,16,0.00,,
2001-02-17,15,22,8,0.00,,
2001-02-18,21,33,9,0.00,,
2001-02-19,37,45,28,0.00,,
2001-02-20,30,40,19,0.00,,
2001-02-21,18,24,11,0.00,,
2001-02-22,25,29,21,0.00,,
2001-02-23,24,30,18,0.01,,
2001-02-24,41,57,24,1.27,,
2001-02-25,43,57,29,0.00,,
2001-02-26,32,41,23,0.00,,
2001-02-27,26,32,19,0.00,,
2001-02-28,21,29,13,0.00,,
2001-03-01,32,42,21,0.00,,
2001-03-02,37,42,31,0.00,,
2001-03-03,38,49,27,0.00,,
2001-03-04,30,35,25,0.00,,
2001-03-05,25,30,19,0.00,,
2001-03-06,29,35,22,0.00,,
2001-03-07,35,46,23,0.00,,
2001-03-08,33,37,28,0.00,,
2001-03-09,35,45,24,0.00,,
2001-03-10,38,50,25,0.05,,
2001-03-11,36,41,30,0.07,,
2001-03-12,41,50,32,0.17,,
2001-03-13,41,50,32,0.00,,
2001-03-14,41,51,31,0.03,,
2001-03-15,42,47,37,0.41,,
2001-03-16,35,37,32,0.11,,
2001-03-17,34,38,29,0.08,,5.0
2001-03-18,35,46,24,0.00,,3.0
2001-03-19,38,46,30,0.00,,
2001-03-20,42,50,33,0.00,,
2001-03-21,43,54,31,0.00,,
2001-03-22,44,57,31,0.00,,
2001-03-23,43,51,35,0.00,,
2001-03-24,34,44,23,0.00,,
2001-03-25,23,26,20,0.00,,
2001-03-26,25,33,17,0.00,,
2001-03-27,33,40,25,0.00,,
2001-03-28,39,50,28,0.00,,
2001-03-29,43,48,37,0.01,,
2001-03-30,44,51,37,0.00,,
2001-03-31,47,56,37,0.07,,
2001-04-01,40,49,31,0.00,,
2001-04-02,48,62,34,0.00,,
2001-04-03,49,61,37,0.00,,
2001-04-04,46,53,38,0.00,,
2001-04-05,52,63,41,0.40,,
2001-04-06,55,65,45,0.29,,
2001-04-07,65,83,46,0.00,,
2001-04-08,63,82,44,0.00,,
2001-04-09,55,63,46,0.27,,
2001-04-10,50,54,46,0.00,,
2001-04-11,65,77,53,0.53,,
2001-04-12,57,67,47,0.00,,
2001-04-13,59,76,42,0.00,,
2001-04-14,56,66,46,0.01,,
2001-04-15,52,58,45,0.70,,
2001-04-16,38,45,30,0.00,,
2001-04-17,38,45,30,0.00,,1.0
2001-04-18,44,56,31,0.00,,
2001-04-19,55,69,41,0.00,,
2001-04-20,66,78,53,0.35,,
2001-04-21,67,80,54,0.45,,
2001-04-22,67,80,54,0.19,,
2001-04-23,60,74,45,0.05,,
2001-04-24,53,62,44,0.00,,
2001-04-25,64,80,48,0.00,,
2001-04-26,62,77,47,0.00,,
2001-04-27,56,64,48,0.00,,
2001-04-28,61,77,45,0.00,,
2001-04-29,64,77,51,0.00,,
2001-04-30,72,87,57,0.00,,
2001-05-01,75,85,65,0.00,,
2001-05-02,74,83,64,0.00,,
2001-05-03,74,87,60,0.00,,
2001-05-04,58,65,51,0.00,,
2001-05-05,60,67,53,0.03,,
2001-05-06,69,82,56,0.14,,
2001-05-07,62,70,54,0.22,,
2001-05-08,64,77,50,0.00,,
2001-05-09,70,82,57,0.00,,
2001-05-10,74,86,61,0.31,,
2001-05-11,57,67,46,0.41,,
2001-05-12,50,57,43,0.01,,
2001-05-13,55,69,41,0.00,,
2001-05-14,60,68,51,0.11,,
2001-05-15,77,91,62,0.00,,
2001-05-16,79,91,66,0.09,,
2001-05-17,77,87,67,0.04,,
2001-05-18,66,74,58,0.18,,
2001-05-19,65,74,56,0.00,,
2001-05-20,67,79,55,0.00,,
2001-05-21,63,71,54,0.00,,
2001-05-22,55,63,47,,,
2001-05-23,55,62,47,0.00,,
2001-05-24,54,61,47,0.00,,
2001-05-25,54,60,47,0.00,,
2001-05-26,51,57,45,0.00,,
2001-05-27,55,59,50,,,
2001-05-28,59,66,51,,,
2001-05-29,58,65,51,0.23,,
2001-05-30,54,60,47,0.00,,
2001-05-31,57,62,51,1.04,,
2001-06-01,58,65,50,0.03,,
2001-06-02,57,61,53,0.00,,
2001-06-03,54,58,50,0.00,,
2001-06-04,52,56,48,0.00,,
2001-06-05,55,59,50,0.65,,
2001-06-06,61,67,54,0.00,,
2001-06-07,61,68,54,0.00,,
2001-06-08,63,74,51,0.00,,
2001-06-09,70,82,58,0.00,,
2001-06-10,75,85,65,0.00,,
2001-06-11,77,88,66,0.15,,
2001-06-12,76,87,64,0.50,,
2001-06-13,84,93,74,0.00,,
2001-06-14,82,93,70,0.52,,
2001-06-15,72,78,66,0.00,,
2001-06-16,75,88,61,0.00,,
2001-06-17,76,88,63,0.01,,
2001-06-18,81,93,69,0.10,,
2001-06-19,77,87,67,0.00,,
2001-06-20,77,87,66,0.00,,
2001-06-21,63,68,58,0.34,,
2001-06-22,65,75,55,0.00,,
2001-06-23,63,73,53,0.00,,
2001-06-24,69,82,56,0.00,,
2001-06-25,76,86,65,0.00,,
2001-06-26,75,88,62,0.00,,
2001-06-27,78,88,68,0.00,,
2001-06-28,79,88,70,0.00,,
2001-06-29,80,89,70,0.00,,
2001-06-30,81,90,72,0.00,,
2001-07-01,68,79,57,0.00,,
2001-07-02,66,75,56,0.00,,
2001-07-03,76,87,64,0.45,,
2001-07-04,80,89,70,0.00,,
2001-07-05,67,73,60,0.00,,
2001-07-06,67,78,55,0.00,,
2001-07-07,77,88,65,0.25,,
2001-07-08,80,88,71,0.00,,
2001-07-09,81,91,71,0.00,,
2001-07-10,81,91,70,0.00,,
2001-07-11,72,78,66,0.00,,
2001-07-12,72,80,64,0.00,,
2001-07-13,72,79,64,0.00,,
2001-07-14,75,87,62,0.00,,
2001-07-15,78,89,66,0.00,,
2001-07-16,79,87,70,0.00,,
2001-07-17,82,89,75,0.00,,
2001-07-18,81,88,73,0.01,,
2001-07-19,82,90,73,0.00,,
2001-07-20,85,94,75,0.00,,
2001-07-21,84,93,75,0.00,,
2001-07-22,86,97,74,0.26,,
2001-07-23,85,95,74,1.32,,
2001-07-24,82,90,73,0.00,,
2001-07-25,73,78,68,0.92,,
2001-07-26,74,79,68,0.00,,
2001-07-27,72,78,65,0.00,,
2001-07-28,74,80,67,0.03,,
2001-07-29,82,91,73,0.00,,
2001-07-30,81,90,72,0.00,,
2001-07-31,86,96,76,0.00,,
2001-08-01,84,94,74,0.00,,
2001-08-02,83,92,73,3.14,,
2001-08-03,79,86,71,0.00,,
2001-08-04,77,85,68,0.00,,
2001-08-05,80,90,70,0.00,,
2001-08-06,81,91,71,0.00,,
2001-08-07,85,95,75,0.00,,
2001-08-08,86,94,78,0.00,,
2001-08-09,85,95,74,0.30,,
2001-08-10,76,83,69,0.00,,
2001-08-11,71,79,63,0.00,,
2001-08-12,74,85,63,0.00,,
2001-08-13,70,76,63,0.05,,
2001-08-14,69,78,59,0.00,,
2001-08-15,71,78,63,0.10,,
2001-08-16,71,77,65,0.58,,
2001-08-17,70,79,60,0.00,,
2001-08-18,68,71,64,0.46,,
2001-08-19,68,73,62,0.17,,
2001-08-20,69,79,59,0.00,,
2001-08-21,71,80,61,0.13,,
2001-08-22,80,88,71,0.08,,
2001-08-23,75,78,71,0.00,,
2001-08-24,75,81,69,0.07,,
2001-08-25,76,81,71,0.80,,
2001-08-26,76,82,70,0.00,,
2001-08-27,76,85,67,0.00,,
2001-08-28,76,87,64,0.00,,
2001-08-29,72,83,61,0.00,,
2001-08-30,79,87,70,0.34,,
2001-08-31,72,81,63,0.12,,
2001-09-01,68,77,58,0.00,,
2001-09-02,68,80,55,0.00,,
2001-09-03,75,86,64,0.00,,
2001-09-04,70,76,64,0.00,,
2001-09-05,70,78,61,0.00,,
2001-09-06,76,87,65,0.58,,
2001-09-07,80,89,70,0.05,,
2001-09-08,79,87,70,0.00,,
2001-09-09,66,75,57,0.49,,
2001-09-10,67,79,55,0.00,,
2001-09-11,68,80,55,0.00,,
2001-09-12,73,84,61,0.00,,
2001-09-13,65,70,60,0.00,,
2001-09-14,60,64,55,0.00,,
2001-09-15,61,67,55,0.00,,
2001-09-16,64,73,54,0.00,,
2001-09-17,64,69,58,0.06,,
2001-09-18,64,70,58,0.67,,
2001-09-19,64,69,59,0.75,,
2001-09-20,65,74,55,0.51,,
2001-09-21,63,68,58,0.03,,
2001-09-22,65,75,54,0.00,,
2001-09-23,60,68,51,0.71,,
2001-09-24,55,63,47,0.02,,
2001-09-25,51,59,43,0.00,,
2001-09-26,60,69,51,0.00,,
2001-09-27,55,63,47,0.00,,
2001-09-28,56,57,54,0.00,,
2001-09-29,58,65,50,0.00,,
2001-09-30,60,72,47,0.00,,
2001-10-01,65,78,52,0.00,,
2001-10-02,69,82,55,0.00,,
2001-10-03,68,80,56,0.00,,
2001-10-04,65,80,49,1.26,,
2001-10-05,48,53,42,0.30,,
2001-10-06,44,52,36,0.00,,
2001-10-07,43,53,32,0.00,,
2001-10-08,55,67,42,0.00,,
2001-10-09,65,74,55,0.00,,
2001-10-10,62,66,57,0.14,,
2001-10-11,59,65,53,0.09,,
2001-10-12,58,61,54,0.65,,
2001-10-13,63,69,57,1.78,,
2001-10-14,54,60,48,0.04,,
2001-10-15,49,53,44,0.06,,
2001-10-16,47,53,41,0.03,,
2001-10-17,44,52,35,0.00,,
2001-10-18,53,64,42,0.00,,
2001-10-19,56,64,48,0.00,,
2001-10-20,57,69,45,0.00,,
2001-10-21,61,66,55,0.00,,
2001-10-22,60,66,54,0.09,,
2001-10-23,63,66,59,0.53,,
2001-10-24,54,65,42,0.47,,
2001-10-25,39,42,36,0.00,,
2001-10-26,40,42,38,0.00,,
2001-10-27,41,47,35,0.00,,
2001-10-28,44,54,33,0.00,,
2001-10-29,53,62,44,0.00,,
2001-10-30,51,53,48,0.03,,
2001-10-31,60,69,50,0.00,,
2001-11-01,63,67,58,0.00,,
2001-11-02,57,66,48,0.05,,
2001-11-03,54,67,41,0.00,,
2001-11-04,51,62,40,0.00,,
2001-11-05,46,56,36,0.00,,
2001-11-06,51,63,39,0.00,,
2001-11-07,59,71,47,0.00,,
2001-11-08,47,59,35,0.01,,
2001-11-09,43,53,33,0.00,,
2001-11-10,56,71,40,0.00,,
2001-11-11,45,51,39,0.00,,
2001-11-12,46,57,35,0.00,,
2001-11-13,55,64,45,0.02,,
2001-11-14,57,63,51,0.19,,
2001-11-15,61,68,54,0.00,,
2001-11-16,56,63,48,0.00,,
2001-11-17,54,65,42,0.00,,
2001-11-18,57,64,50,0.02,,
2001-11-19,48,58,37,0.07,,
2001-11-20,37,43,30,0.00,,
2001-11-21,46,55,36,0.00,,
2001-11-22,48,57,39,0.00,,
2001-11-23,54,60,47,0.00,,
2001-11-24,58,65,50,0.21,,
2001-11-25,47,50,43,0.13,,
2001-11-26,46,52,40,0.12,,
2001-11-27,45,53,37,0.00,,
2001-11-28,40,44,36,0.11,,
2001-11-29,44,46,41,0.19,,
2001-11-30,46,50,42,0.30,,
2001-12-01,39,42,35,0.05,,
2001-12-02,44,54,33,0.00,,
2001-12-03,50,57,43,0.00,,
2001-12-04,59,64,53,0.00,,
2001-12-05,58,68,47,0.09,,
2001-12-06,46,52,39,0.00,,
2001-12-07,41,47,35,0.00,,
2001-12-08,40,48,32,0.00,,
2001-12-09,34,42,26,0.00,,
2001-12-10,39,48,30,0.00,,
2001-12-11,39,48,29,0.00,,
2001-12-12,45,48,42,0.20,,
2001-12-13,40,47,32,0.01,,
2001-12-14,37,41,33,0.20,,
2001-12-15,37,41,33,0.00,,
2001-12-16,43,47,38,0.17,,
2001-12-17,41,47,35,0.10,,
2001-12-18,40,48,31,0.00,,
2001-12-19,37,41,32,0.05,0.1,0.0
2001-12-20,35,42,28,0.00,,
2001-12-21,34,42,25,0.00,,
2001-12-22,42,49,35,0.15,,
2001-12-23,29,35,22,0.00,,
2001-12-24,19,22,16,0.00,,
2001-12-25,25,36,13,0.00,,
2001-12-26,15,19,11,0.00,,
2001-12-27,24,29,19,0.00,,1.0
2001-12-28,23,26,19,0.00,,
2001-12-29,15,20,10,0.00,,
2001-12-30,14,20,7,0.00,,
2001-12-31,16,23,9,0.00,,
2002-01-01,20,28,11,0.00,,
2002-01-02,24,32,15,0.00,,
2002-01-03,22,30,14,0.00,,
2002-01-04,30,40,20,0.00,,
2002-01-05,34,38,29,0.02,,
2002-01-06,32,38,25,0.00,,
2002-01-07,24,30,17,0.00,,
2002-01-08,33,42,23,0.00,,
2002-01-09,47,56,38,0.00,,
2002-01-10,41,47,35,0.00,,
2002-01-11,38,43,33,0.00,,
2002-01-12,38,45,31,0.00,,
2002-01-13,34,42,25,0.00,,
2002-01-14,38,42,34,0.03,,
2002-01-15,33,35,31,0.00,,
2002-01-16,31,35,26,0.08,,
2002-01-17,21,27,14,0.00,,3.0
2002-01-18,20,25,15,0.00,,2.0
2002-01-19,24,32,16,0.03,,2.0
2002-01-20,31,37,24,0.02,,2.0
2002-01-21,33,35,30,0.04,,2.0
2002-01-22,44,56,32,0.01,,1.0
2002-01-23,47,56,38,0.00,,
2002-01-24,36,40,32,0.00,,
2002-01-25,40,51,29,0.00,0.0,0.0
2002-01-26,45,55,34,0.00,,
2002-01-27,49,61,37,0.00,,
2002-01-28,46,53,38,0.00,,
2002-01-29,36,38,34,0.00,,
2002-01-30,33,34,31,0.16,5.9,0.0
2002-01-31,34,36,31,0.48,,10.0
2002-02-01,32,41,22,0.00,,7.0
2002-02-02,25,34,15,0.00,,6.0
2002-02-03,29,36,22,0.00,,6.0
2002-02-04,20,26,14,0.00,,5.0
2002-02-05,23,33,13,0.00,,5.0
2002-02-06,29,37,21,0.00,,5.0
2002-02-07,33,40,25,0.00,,5.0
2002-02-08,37,42,31,0.00,,4.0
2002-02-09,44,53,34,0.00,,4.0
2002-02-10,39,48,29,0.04,,
2002-02-11,31,39,22,0.00,,
2002-02-12,36,43,28,0.00,,
2002-02-13,27,34,19,0.00,,
2002-02-14,38,46,29,0.00,,
2002-02-15,39,42,36,0.00,,
2002-02-16,38,43,33,0.00,,
2002-02-17,33,38,28,0.00,,
2002-02-18,40,51,29,0.00,,
2002-02-19,44,47,40,0.36,,
2002-02-20,45,55,35,0.15,,
2002-02-21,33,35,31,0.00,,
2002-02-22,32,39,24,0.00,,
2002-02-23,38,48,27,0.00,,
2002-02-24,50,61,38,0.00,,
2002-02-25,42,52,32,0.00,,
2002-02-26,27,33,20,0.00,,1.0
2002-02-27,22,26,17,0.01,,1.0
2002-02-28,24,32,15,0.00,,
2002-03-01,29,35,23,0.00,1.2,0.0
2002-03-02,29,35,23,0.67,,5.0
2002-03-03,13,23,2,0.00,,6.0
2002-03-04,0,20,-4,0.00,,5.0
2002-03-05,25,34,16,0.21,,6.0
2002-03-06,40,46,33,0.07,,6.0
2002-03-07,39,44,34,0.00,,2.0
2002-03-08,54,63,44,0.25,,
2002-03-09,43,63,22,0.63,,
2002-03-10,23,29,16,0.00,,
2002-03-11,40,56,23,0.00,,
2002-03-12,47,62,32,0.00,,
2002-03-13,48,59,36,0.00,,
2002-03-14,52,65,39,0.00,,
2002-03-15,48,60,36,0.02,,
2002-03-16,37,41,33,0.00,,
2002-03-17,38,40,35,0.01,,
2002-03-18,42,46,37,0.00,,
2002-03-19,43,49,36,0.04,,
2002-03-20,41,46,35,0.02,,
2002-03-21,29,39,18,0.00,,
2002-03-22,27,38,15,0.00,,
2002-03-23,40,53,27,0.00,,
2002-03-24,35,41,29,0.00,,
2002-03-25,29,32,25,0.00,,
2002-03-26,31,36,26,0.02,,2.0
2002-03-27,35,46,24,0.00,,
2002-03-28,41,49,32,0.00,,
2002-03-29,42,46,37,0.37,,
2002-03-30,45,52,37,0.00,,
2002-03-31,41,50,32,0.00,,
2002-04-01,36,43,28,0.28,0.0,0.0
2002-04-02,42,47,36,0.24,,
2002-04-03,36,42,30,0.00,,
2002-04-04,35,39,31,0.00,,
2002-04-05,35,42,27,0.00,,
2002-04-06,35,44,26,0.00,,
2002-04-07,43,50,36,0.31,,
2002-04-08,51,55,46,1.12,,
2002-04-09,43,48,38,0.00,,
2002-04-10,,,,0.00,,
2002-04-11,63,76,50,0.00,,
2002-04-12,57,66,47,0.00,,
2002-04-13,54,64,44,0.00,,
2002-04-14,62,77,46,0.00,,
2002-04-15,77,89,65,0.00,,
2002-04-16,78,88,67,0.00,,
2002-04-17,75,84,66,0.00,,
2002-04-18,79,89,68,0.00,,
2002-04-19,58,70,45,0.00,,
2002-04-20,45,48,42,0.00,,
2002-04-21,,,,,,
2002-04-22,41,44,37,0.00,,
2002-04-23,49,61,36,0.00,,
2002-04-24,59,74,44,0.00,,
2002-04-25,47,55,38,0.05,,
2002-04-26,44,50,38,0.00,,
2002-04-27,51,57,44,0.67,,
2002-04-28,51,60,42,0.00,,
2002-04-29,52,61,42,0.00,,
2002-04-30,56,60,51,0.00,,
2002-05-01,54,62,45,0.05,,
2002-05-02,50,54,45,0.00,,
2002-05-03,46,53,39,0.00,,
2002-05-04,54,69,39,0.00,,
2002-05-05,62,73,50,0.00,,
2002-05-06,68,75,60,0.00,,
2002-05-07,56,67,45,0.00,,
2002-05-08,56,66,46,0.20,,
2002-05-09,58,67,49,0.00,,
2002-05-10,56,67,45,0.00,,
2002-05-11,52,57,46,1.61,,
2002-05-12,52,57,46,0.06,,
2002-05-13,51,57,44,0.00,,
2002-05-14,54,65,43,0.00,,
2002-05-15,61,76,45,0.00,,
2002-05-16,56,67,44,0.00,,
2002-05-17,41,45,37,0.00,,
2002-05-18,44,53,34,0.00,,
2002-05-19,48,54,41,0.00,,
2002-05-20,43,49,37,0.00,,
2002-05-21,46,57,34,0.00,,
2002-05-22,57,68,45,0.00,,
2002-05-23,64,73,55,0.15,,
2002-05-24,54,64,44,0.05,,
2002-05-25,52,60,44,0.31,,
2002-05-26,58,74,42,0.00,,
2002-05-27,67,77,56,0.00,,
2002-05-28,70,78,61,0.01,,
2002-05-29,74,82,66,0.00,,
2002-05-30,77,86,67,0.00,,
2002-05-31,77,86,68,0.00,,
2002-06-01,79,93,64,0.00,,
2002-06-02,65,73,56,0.00,,
2002-06-03,66,75,56,0.16,,
2002-06-04,66,72,60,0.73,,
2002-06-05,58,66,50,0.00,,
2002-06-06,59,66,51,0.00,,
2002-06-07,66,79,53,0.00,,
2002-06-08,72,84,60,0.00,,
2002-06-09,77,88,65,0.00,,
2002-06-10,81,91,71,1.54,,
2002-06-11,77,84,70,0.10,,
2002-06-12,65,71,59,0.00,,
2002-06-13,61,64,58,0.37,,
2002-06-14,62,68,56,0.50,,
2002-06-15,68,79,56,0.00,,
2002-06-16,67,77,56,0.00,,
2002-06-17,70,79,60,0.08,,
2002-06-18,72,84,60,0.00,,
2002-06-19,77,86,68,0.00,,
2002-06-20,84,93,75,0.00,,
2002-06-21,82,89,75,0.00,,
2002-06-22,82,93,70,0.00,,
2002-06-23,84,93,74,0.00,,
2002-06-24,83,93,72,0.00,,
2002-06-25,81,87,74,0.13,,
2002-06-26,79,87,70,0.27,,
2002-06-27,76,83,68,0.00,,
2002-06-28,74,84,64,0.00,,
2002-06-29,78,88,67,0.00,,
2002-06-30,84,94,74,0.00,,
2002-07-01,85,93,77,0.00,,
2002-07-02,86,95,77,0.00,,
2002-07-03,86,96,76,0.00,,
2002-07-04,82,91,73,0.02,,
2002-07-05,76,81,71,0.00,,
2002-07-06,78,85,70,0.00,,
2002-07-07,80,90,70,0.00,,
2002-07-08,85,95,75,0.00,,
2002-07-09,78,86,70,0.91,,
2002-07-10,75,79,70,0.00,,
2002-07-11,72,76,67,0.00,,
2002-07-12,71,78,63,0.00,,
2002-07-13,71,81,61,0.00,,
2002-07-14,75,88,61,0.00,,
2002-07-15,77,89,65,0.00,,
2002-07-16,82,91,72,0.00,,
2002-07-17,81,90,72,0.00,,
2002-07-18,83,91,74,0.00,,
2002-07-19,78,83,73,0.00,,
2002-07-20,80,92,68,0.00,,
2002-07-21,89,98,80,0.00,,
2002-07-22,85,91,78,0.00,,
2002-07-23,74,79,69,0.00,,
2002-07-24,73,78,68,0.00,,
2002-07-25,75,81,68,0.00,,
2002-07-26,81,87,74,0.00,,
2002-07-27,82,92,72,0.26,,
2002-07-28,82,88,76,0.00,,
2002-07-29,80,86,73,0.09,,
2002-07-30,82,94,70,0.00,,
2002-07-31,86,96,75,0.00,,
2002-08-01,86,95,77,0.00,,
2002-08-02,76,82,70,0.02,,
2002-08-03,79,90,68,0.00,,
2002-08-04,83,91,74,0.22,,
2002-08-05,78,85,71,0.02,,
2002-08-06,71,75,66,0.00,,
2002-08-07,70,76,64,0.00,,
2002-08-08,73,80,66,0.00,,
2002-08-09,75,84,65,0.00,,
2002-08-10,79,90,67,0.00,,
2002-08-11,83,94,72,0.00,,
2002-08-12,82,92,71,0.00,,
2002-08-13,79,89,69,0.75,,
2002-08-14,73,78,67,0.00,,
2002-08-15,77,88,65,0.00,,
2002-08-16,76,80,72,0.09,,
2002-08-17,78,88,68,0.00,,
2002-08-18,71,82,59,0.00,,
2002-08-19,69,75,63,0.18,,
2002-08-20,68,76,59,0.00,,
2002-08-21,78,89,66,0.00,,
2002-08-22,76,82,69,2.70,,
2002-08-23,74,78,70,0.76,,
2002-08-24,75,81,69,0.00,,
2002-08-25,76,84,67,0.00,,
2002-08-26,77,83,70,0.00,,
2002-08-27,77,84,70,0.00,,
2002-08-28,74,79,69,0.00,,
2002-08-29,74,80,67,0.00,,
2002-08-30,75,83,67,0.00,,
2002-08-31,76,84,67,0.00,,
2002-09-01,78,87,68,0.00,,
2002-09-02,76,84,67,0.41,,
2002-09-03,75,82,67,0.00,,
2002-09-04,74,85,62,0.00,,
2002-09-05,75,84,66,0.00,,
2002-09-06,76,88,64,0.00,,
2002-09-07,78,91,64,0.00,,
2002-09-08,81,94,68,0.00,,
2002-09-09,82,92,72,0.00,,
2002-09-10,79,91,66,0.08,,
2002-09-11,67,75,59,0.00,,
2002-09-12,68,80,56,0.00,,
2002-09-13,70,80,59,0.00,,
2002-09-14,74,86,61,0.00,,
2002-09-15,64,72,56,0.00,,
2002-09-16,66,79,52,0.00,,
2002-09-17,69,80,57,0.00,,
2002-09-18,73,82,64,0.30,,
2002-09-19,78,83,72,0.25,,
2002-09-20,68,73,63,0.46,,
2002-09-21,70,81,59,0.00,,
2002-09-22,59,68,50,0.22,,
2002-09-23,59,71,46,0.00,,
2002-09-24,53,62,44,0.00,,
2002-09-25,62,75,48,0.00,,
2002-09-26,65,77,53,0.00,,
2002-09-27,61,68,53,0.00,,
2002-09-28,64,76,52,0.00,,
2002-09-29,75,86,63,0.15,,
2002-09-30,76,86,66,0.00,,
2002-10-01,76,82,69,0.00,,
2002-10-02,68,74,62,0.20,,
2002-10-03,63,65,60,0.00,,
2002-10-04,64,73,55,1.04,,
2002-10-05,56,64,47,0.00,,
2002-10-06,60,71,48,0.00,,
2002-10-07,50,56,43,0.00,,
2002-10-08,57,67,47,0.00,,
2002-10-09,59,68,49,0.00,,
2002-10-10,63,73,52,0.00,,
2002-10-11,63,73,53,0.00,,
2002-10-12,62,73,50,0.18,,
2002-10-13,44,50,38,0.00,,
2002-10-14,47,58,35,0.00,,
2002-10-15,50,60,40,0.00,,
2002-10-16,44,50,38,0.04,,
2002-10-17,42,45,38,0.03,,
2002-10-18,50,61,38,0.03,,
2002-10-19,46,55,37,0.00,,
2002-10-20,43,53,33,0.00,,
2002-10-21,48,57,39,0.00,,
2002-10-22,47,53,41,0.00,,
2002-10-23,44,47,41,0.02,,
2002-10-24,34,,,0.01,,
2002-10-25,45,48,41,0.28,,
2002-10-26,43,47,39,0.00,,
2002-10-27,42,46,37,0.00,,
2002-10-28,46,50,42,0.01,,
2002-10-29,45,47,42,0.00,,
2002-10-30,45,48,41,0.00,,
2002-10-31,42,50,33,0.00,,
2002-11-01,33,39,26,0.00,,
2002-11-02,38,47,29,0.00,,
2002-11-03,37,45,29,0.00,,
2002-11-04,39,45,32,0.00,,
2002-11-05,38,41,35,0.20,,
2002-11-06,39,42,36,0.00,,
2002-11-07,45,58,32,0.00,,
2002-11-08,56,64,47,0.00,,
2002-11-09,58,63,53,0.10,,
2002-11-10,52,62,41,0.01,,
2002-11-11,39,41,36,0.02,,
2002-11-12,40,44,36,0.00,,
2002-11-13,46,56,35,0.00,,
2002-11-14,49,56,41,0.23,,
2002-11-15,39,42,36,0.01,,
2002-11-16,34,36,32,0.00,,
2002-11-17,34,39,29,0.04,,1.0
2002-11-18,43,57,28,0.11,,
2002-11-19,43,53,33,0.01,,
2002-11-20,49,55,42,0.00,,
2002-11-21,41,45,36,0.15,0.0,0.0
2002-11-22,34,39,28,0.00,,
2002-11-23,39,47,30,0.00,,
2002-11-24,34,40,27,0.00,,
2002-11-25,27,31,22,0.03,,1.0
2002-11-26,26,29,22,0.01,,
2002-11-27,24,31,16,0.11,,3.0
2002-11-28,27,35,18,0.00,,
2002-11-29,41,47,35,0.00,,1.0
2002-11-30,30,41,18,0.00,,
2002-12-01,25,36,14,0.00,,
2002-12-02,30,36,24,0.01,,
2002-12-03,22,26,17,0.06,,3.0
2002-12-04,23,28,18,0.00,,3.0
2002-12-05,21,27,15,0.00,,2.0
2002-12-06,21,31,10,0.00,,1.0
2002-12-07,35,42,28,0.00,,1.0
2002-12-08,25,32,18,0.00,,
2002-12-09,23,31,15,0.00,,
2002-12-10,35,44,25,0.00,,
2002-12-11,35,44,25,0.00,,
2002-12-12,34,38,30,0.00,,
2002-12-13,37,40,34,0.00,,
2002-12-14,34,37,31,0.00,,
2002-12-15,39,46,32,0.00,,
2002-12-16,31,33,28,0.00,,
2002-12-17,33,37,28,0.05,,
2002-12-18,46,55,37,1.03,,
2002-12-19,46,55,36,0.00,,
2002-12-20,33,36,30,0.00,,
2002-12-21,32,35,29,0.00,,
2002-12-22,29,32,25,0.00,,
2002-12-23,29,33,24,0.00,,
2002-12-24,27,32,22,0.00,,
2002-12-25,27,30,24,0.01,,3.0
2002-12-26,23,28,18,0.00,,3.0
2002-12-27,25,31,18,0.02,,3.0
2002-12-28,30,33,27,0.00,,
2002-12-29,34,42,25,0.00,,2.0
2002-12-30,49,60,38,0.00,,
2002-12-31,37,42,31,0.00,,
2003-01-01,32,34,30,0.00,,
2003-01-02,30,31,28,0.00,,
2003-01-03,30,35,24,0.00,,
2003-01-04,27,33,20,0.04,,
2003-01-05,32,33,30,0.05,,1.0
2003-01-06,30,34,25,0.01,,2.0
2003-01-07,40,45,34,0.00,,1.0
2003-01-08,46,54,37,0.00,,
2003-01-09,36,42,29,0.00,,
2003-01-10,22,29,14,0.00,,
2003-01-11,15,20,9,0.00,,
2003-01-12,22,32,11,0.00,,
2003-01-13,25,30,19,0.00,,
2003-01-14,15,19,10,0.00,,1.0
2003-01-15,14,22,5,0.00,,1.0
2003-01-16,21,26,16,0.00,,
2003-01-17,18,24,11,0.00,,
2003-01-18,14,21,6,0.00,,
2003-01-19,16,29,3,0.00,,1.0
2003-01-20,19,24,14,0.00,,1.0
2003-01-21,14,19,8,0.00,,
2003-01-22,10,15,4,0.00,,
2003-01-23,0,12,-3,0.00,,
2003-01-24,10,17,3,0.00,,
2003-01-25,25,35,15,0.00,,
2003-01-26,13,21,5,0.00,,1.0
2003-01-27,10,19,0,0.00,,1.0
2003-01-28,26,33,19,0.00,,1.0
2003-01-29,25,29,21,0.00,,2.0
2003-01-30,27,31,23,0.03,,2.0
2003-01-31,34,36,31,0.20,,2.0
2003-02-01,33,34,32,0.00,,
2003-02-02,36,37,34,0.02,,
2003-02-03,39,45,33,0.06,,
2003-02-04,22,33,11,0.00,,
2003-02-05,18,27,8,0.00,,
2003-02-06,26,34,17,0.00,,
2003-02-07,14,18,9,0.00,,
2003-02-08,21,31,11,0.00,,
2003-02-09,17,26,7,0.00,,
2003-02-10,21,30,11,0.00,,
2003-02-11,20,32,7,0.00,,
2003-02-12,14,22,5,0.00,,1.0
2003-02-13,23,32,13,0.00,,1.0
2003-02-14,27,35,19,0.00,,
2003-02-15,24,29,19,0.00,,2.0
2003-02-16,22,26,18,0.00,,1.0
2003-02-17,27,32,22,0.00,,1.0
2003-02-18,31,36,25,0.00,,
2003-02-19,33,40,26,0.00,,
2003-02-20,39,50,28,0.00,,
2003-02-21,38,48,28,0.00,,
2003-02-22,29,35,22,0.00,,
2003-02-23,20,27,13,0.00,,
2003-02-24,16,24,7,0.02,,1.0
2003-02-25,11,19,3,0.00,,1.0
2003-02-26,21,29,13,0.00,,
2003-02-27,23,31,14,0.00,,
2003-02-28,29,40,18,0.00,,
2003-03-01,33,38,28,0.00,,
2003-03-02,23,32,14,0.00,,
2003-03-03,22,32,12,0.00,,
2003-03-04,30,35,24,0.06,,1.0
2003-03-05,24,26,22,0.00,,6.0
2003-03-06,24,29,19,0.08,,6.0
2003-03-07,30,36,23,0.00,,4.0
2003-03-08,30,44,15,0.10,,3.0
2003-03-09,12,15,8,0.00,,3.0
2003-03-10,13,21,5,0.00,,2.0
2003-03-11,31,44,18,0.00,,2.0
2003-03-12,40,45,34,0.00,,
2003-03-13,32,35,29,0.06,,
2003-03-14,41,55,27,0.00,,
2003-03-15,43,52,34,0.00,,
2003-03-16,56,68,44,0.00,,
2003-03-17,57,72,42,0.00,,
2003-03-18,44,48,39,0.00,,
2003-03-19,44,49,39,0.11,,
2003-03-20,55,65,44,0.28,,
2003-03-21,46,52,39,0.02,,
2003-03-22,43,47,39,0.00,,
2003-03-23,53,63,43,0.00,,
2003-03-24,62,76,47,0.02,,
2003-03-25,52,60,44,0.09,,
2003-03-26,49,62,36,0.00,,
2003-03-27,54,66,42,0.01,,
2003-03-28,50,63,37,0.34,,
2003-03-29,35,39,30,0.00,,
2003-03-30,35,43,26,0.00,,
2003-03-31,42,56,28,0.06,,
2003-04-01,64,81,46,0.00,,
2003-04-02,58,73,42,0.00,,
2003-04-03,46,52,40,0.22,,
2003-04-04,38,42,33,1.22,,
2003-04-05,31,35,27,0.00,,
2003-04-06,35,39,31,0.00,,
2003-04-07,33,36,30,0.07,,3.0
2003-04-08,33,34,32,0.00,,2.0
2003-04-09,38,44,31,0.00,,1.0
2003-04-10,43,56,29,0.00,,
2003-04-11,52,69,35,0.00,,
2003-04-12,43,49,37,0.00,,
2003-04-13,50,66,34,0.00,,
2003-04-14,68,85,51,0.00,,
2003-04-15,74,86,62,0.00,,
2003-04-16,57,68,45,0.00,,
2003-04-17,45,49,41,0.02,,
2003-04-18,44,48,39,0.00,,
2003-04-19,62,80,43,0.00,,
2003-04-20,60,70,50,0.09,,
2003-04-21,47,51,43,0.01,,
2003-04-22,46,53,39,0.00,,
2003-04-23,45,54,36,0.00,,
2003-04-24,50,60,39,0.00,,
2003-04-25,51,59,43,0.00,,
2003-04-26,49,57,40,0.00,,
2003-04-27,57,75,39,0.00,,
2003-04-28,65,74,56,0.00,,
2003-04-29,58,68,47,0.03,,
2003-04-30,58,69,47,1.39,,
2003-05-01,51,55,46,1.01,,
2003-05-02,47,53,40,0.00,,
2003-05-03,48,57,39,0.00,,
2003-05-04,51,60,41,1.08,,
2003-05-05,63,72,53,0.00,,
2003-05-06,59,68,50,0.02,,
2003-05-07,57,65,49,0.03,,
2003-05-08,56,62,49,0.28,,
2003-05-09,70,85,54,1.05,,
2003-05-10,67,74,59,0.52,,
2003-05-11,60,70,50,0.10,,
2003-05-12,59,67,51,0.00,,
2003-05-13,61,73,48,0.00,,
2003-05-14,54,59,49,0.28,,
2003-05-15,51,55,47,0.00,,
2003-05-16,57,64,50,0.00,,
2003-05-17,60,69,51,0.00,,
2003-05-18,61,71,51,0.00,,
2003-05-19,67,74,60,0.39,,
2003-05-20,59,68,50,0.13,,
2003-05-21,52,57,46,0.00,,
2003-05-22,53,61,44,0.00,,
2003-05-23,56,64,47,0.04,,
2003-05-24,58,70,46,0.00,,
2003-05-25,58,66,50,0.00,,
2003-05-26,59,70,48,0.00,,
2003-05-27,62,73,51,0.00,,
2003-05-28,64,71,57,0.26,,
2003-05-29,60,67,52,0.00,,
2003-05-30,61,71,50,1.23,,
2003-05-31,51,58,44,0.01,,
2003-06-01,51,62,39,0.00,,
2003-06-02,57,68,45,0.10,,
2003-06-03,57,62,52,0.20,,
2003-06-04,61,68,53,0.01,,
2003-06-05,64,78,49,0.00,,
2003-06-06,64,72,56,0.13,,
2003-06-07,68,77,59,0.00,,
2003-06-08,64,70,58,0.34,,
2003-06-09,66,77,55,0.00,0.0,0.0
2003-06-10,69,77,60,0.10,,
2003-06-11,62,69,54,0.00,,
2003-06-12,63,70,56,0.00,,
2003-06-13,65,69,60,0.00,,
2003-06-14,67,77,56,0.00,,
2003-06-15,68,77,58,0.00,,
2003-06-16,68,78,58,0.00,,
2003-06-17,68,79,56,0.00,,
2003-06-18,75,89,61,0.75,,
2003-06-19,62,68,55,0.01,,
2003-06-20,62,73,51,0.00,,
2003-06-21,66,79,52,0.00,,
2003-06-22,73,85,61,0.00,,
2003-06-23,77,89,65,0.00,,
2003-06-24,82,93,71,0.00,,
2003-06-25,83,93,73,0.00,,
2003-06-26,69,75,62,0.46,,
2003-06-27,71,83,58,0.00,,
2003-06-28,74,82,66,0.17,,
2003-06-29,72,80,64,0.00,,
2003-06-30,74,85,63,0.00,,
2003-07-01,76,85,66,0.00,,
2003-07-02,76,87,65,0.00,,
2003-07-03,82,92,72,0.00,,
2003-07-04,86,94,77,0.00,,
2003-07-05,79,88,69,0.70,,
2003-07-06,79,89,68,0.98,,
2003-07-07,80,89,71,0.38,,
2003-07-08,72,77,66,0.35,,
2003-07-09,70,74,65,0.16,,
2003-07-10,73,81,64,0.06,,
2003-07-11,69,76,61,0.00,,
2003-07-12,70,79,61,0.00,,
2003-07-13,73,83,62,0.00,,
2003-07-14,75,85,65,0.00,,
2003-07-15,78,87,68,1.16,,
2003-07-16,72,81,62,0.00,,
2003-07-17,77,87,67,1.83,,
2003-07-18,68,73,63,0.00,,
2003-07-19,70,83,57,0.00,,
2003-07-20,77,87,67,0.25,,
2003-07-21,75,83,66,0.47,,
2003-07-22,69,73,64,0.00,,
2003-07-23,68,75,61,0.00,,
2003-07-24,68,79,57,0.00,,
2003-07-25,73,83,63,0.00,,
2003-07-26,77,84,69,0.00,,
2003-07-27,75,82,67,0.09,,
2003-07-28,68,74,61,0.26,,
2003-07-29,69,81,57,0.00,,
2003-07-30,72,82,62,0.00,,
2003-07-31,76,85,67,0.00,,
2003-08-01,77,88,66,0.51,,
2003-08-02,74,84,64,0.00,,
2003-08-03,74,82,65,0.05,,
2003-08-04,71,77,64,0.00,,
2003-08-05,72,80,63,0.00,,
2003-08-06,76,83,69,0.06,,
2003-08-07,75,81,68,0.00,,
2003-08-08,73,78,67,0.01,,
2003-08-09,70,76,64,0.44,,
2003-08-10,73,82,63,0.00,,
2003-08-11,71,76,65,0.22,,
2003-08-12,72,76,68,0.00,,
2003-08-13,74,80,68,0.00,,
2003-08-14,78,85,71,0.01,,
2003-08-15,82,90,73,0.00,,
2003-08-16,83,92,73,0.00,,
2003-08-17,79,84,73,0.00,,
2003-08-18,76,84,68,0.00,,
2003-08-19,74,83,65,0.00,,
2003-08-20,79,90,67,0.00,,
2003-08-21,86,97,75,0.00,,
2003-08-22,75,80,69,0.00,,
2003-08-23,73,80,65,0.00,,
2003-08-24,76,87,65,0.00,,
2003-08-25,85,97,72,0.00,,
2003-08-26,83,91,74,0.11,,
2003-08-27,78,86,69,0.00,,
2003-08-28,81,94,68,0.00,,
2003-08-29,75,80,70,0.34,,
2003-08-30,69,73,65,0.00,,
2003-08-31,66,70,62,0.38,,
2003-09-01,64,66,62,0.85,,
2003-09-02,68,72,63,0.01,,
2003-09-03,72,82,61,0.00,,
2003-09-04,66,72,59,0.00,,
2003-09-05,64,74,54,0.00,0.0,0.0
2003-09-06,67,79,54,0.00,,
2003-09-07,73,84,61,0.00,,
2003-09-08,74,82,66,0.00,,
2003-09-09,74,80,67,0.00,,
2003-09-10,74,82,65,0.00,,
2003-09-11,76,84,68,0.00,,
2003-09-12,73,82,64,0.06,,
2003-09-13,78,86,70,0.00,,
2003-09-14,68,75,61,0.63,,
2003-09-15,65,74,56,0.00,,
2003-09-16,70,83,57,0.00,,
2003-09-17,72,82,61,0.00,,
2003-09-18,71,80,61,0.00,,
2003-09-19,61,68,53,0.00,,
2003-09-20,58,70,46,0.00,,
2003-09-21,65,77,53,0.08,,
2003-09-22,62,69,54,0.33,,
2003-09-23,59,69,48,0.00,,
2003-09-24,62,70,54,0.12,,
2003-09-25,54,61,47,0.00,,
2003-09-26,57,65,49,0.60,,
2003-09-27,56,63,48,0.00,,
2003-09-28,53,59,46,0.01,,
2003-09-29,50,58,42,0.00,,
2003-09-30,49,55,42,0.00,,
2003-10-01,45,54,36,0.00,,
2003-10-02,43,53,32,0.00,,
2003-10-03,47,54,40,0.22,,
2003-10-04,50,59,41,0.00,,
2003-10-05,52,59,45,0.00,,
2003-10-06,53,62,43,0.00,,
2003-10-07,65,80,49,0.00,,
2003-10-08,67,80,54,0.00,,
2003-10-09,66,73,58,0.00,,
2003-10-10,65,76,54,0.00,,
2003-10-11,68,78,57,0.04,,
2003-10-12,59,69,49,0.00,,
2003-10-13,61,73,48,0.00,,
2003-10-14,55,60,49,0.95,,
2003-10-15,52,62,42,0.00,,
2003-10-16,48,55,41,0.00,,
2003-10-17,47,58,36,0.00,,
2003-10-18,56,69,43,0.00,,
2003-10-19,59,65,53,0.00,,
2003-10-20,70,85,54,0.00,,
2003-10-21,59,67,50,0.00,,
2003-10-22,50,56,43,0.00,,
2003-10-23,50,55,45,0.00,,
2003-10-24,52,61,43,0.10,,
2003-10-25,52,57,46,0.44,,
2003-10-26,41,46,36,0.00,,
2003-10-27,40,43,36,0.01,,
2003-10-28,49,55,42,0.07,,
2003-10-29,45,49,40,0.02,,
2003-10-30,57,71,42,0.00,,
2003-10-31,59,67,50,0.00,,
2003-11-01,50,51,48,0.04,,
2003-11-02,54,58,50,0.99,,
2003-11-03,52,54,49,0.68,,
2003-11-04,60,69,50,0.66,,
2003-11-05,45,50,39,0.00,,
2003-11-06,40,46,33,0.00,,
2003-11-07,36,44,28,0.00,,
2003-11-08,30,36,24,0.00,,
2003-11-09,34,41,27,0.00,,
2003-11-10,42,53,31,0.01,,
2003-11-11,53,57,49,0.00,,
2003-11-12,49,62,35,0.00,,
2003-11-13,35,40,30,0.00,,
2003-11-14,39,50,27,0.00,,
2003-11-15,41,43,39,0.03,,
2003-11-16,46,49,43,0.07,,
2003-11-17,48,55,40,0.29,,
2003-11-18,53,62,44,1.78,,
2003-11-19,48,57,39,0.00,,
2003-11-20,52,65,39,0.00,,
2003-11-21,48,53,43,0.00,,
2003-11-22,55,62,47,0.00,,
2003-11-23,49,66,31,1.11,,
2003-11-24,26,31,21,0.00,,
2003-11-25,33,39,26,0.00,,
2003-11-26,41,48,33,0.00,,
2003-11-27,42,45,38,0.02,,
2003-11-28,33,38,28,0.00,,
2003-11-29,31,37,25,0.00,,
2003-11-30,46,54,37,0.00,,
2003-12-01,36,42,30,0.00,,
2003-12-02,31,37,25,0.00,,
2003-12-03,36,40,31,0.00,,
2003-12-04,37,39,34,0.30,,
2003-12-05,38,42,34,0.44,,
2003-12-06,34,38,30,0.00,,
2003-12-07,35,40,29,0.00,,
2003-12-08,41,45,36,0.00,,
2003-12-09,46,50,41,0.37,,
2003-12-10,43,55,30,0.39,,
2003-12-11,23,30,15,0.00,,
2003-12-12,19,26,12,0.00,,
2003-12-13,25,30,19,0.00,,
2003-12-14,29,31,26,0.02,,1.0
2003-12-15,31,38,24,0.01,,1.0
2003-12-16,33,42,24,0.02,,
2003-12-17,23,26,19,0.00,,
2003-12-18,24,28,20,0.00,,
2003-12-19,25,31,19,0.00,,
2003-12-20,22,31,13,0.00,,
2003-12-21,37,47,26,0.00,,
2003-12-22,41,45,37,0.04,,
2003-12-23,33,38,27,0.00,,
2003-12-24,23,27,19,0.00,,1.0
2003-12-25,28,37,18,0.00,,1.0
2003-12-26,33,43,22,0.00,,
2003-12-27,41,49,33,0.00,,
2003-12-28,46,49,42,0.19,,
2003-12-29,39,48,30,0.00,,
2003-12-30,34,41,26,0.00,,
2003-12-31,36,42,29,0.00,,
2004-01-01,39,50,28,0.00,,
2004-01-02,51,61,41,0.01,,
2004-01-03,43,54,32,0.00,,
2004-01-04,32,34,29,0.01,,
2004-01-05,18,31,5,0.00,,6.0
2004-01-06,4,10,-2,0.00,,5.0
2004-01-07,15,24,6,0.00,,5.0
2004-01-08,27,31,23,0.01,,5.0
2004-01-09,24,28,19,0.00,,3.0
2004-01-10,23,27,19,0.00,,3.0
2004-01-11,34,40,27,0.00,,2.0
2004-01-12,36,40,31,0.00,,2.0
2004-01-13,31,35,27,0.01,,1.0
2004-01-14,29,36,21,0.00,,1.0
2004-01-15,20,25,15,0.00,,1.0
2004-01-16,27,28,25,0.00,,
2004-01-17,31,34,28,0.14,,
2004-01-18,19,30,7,0.01,,
2004-01-19,12,19,5,0.00,,
2004-01-20,17,22,12,0.00,,
2004-01-21,26,38,14,0.00,,
2004-01-22,14,23,5,0.00,,
2004-01-23,17,26,7,0.00,,
2004-01-24,19,23,15,0.00,,1.0
2004-01-25,18,22,14,0.00,,1.0
2004-01-26,22,25,19,0.00,,2.0
2004-01-27,18,25,10,0.00,,3.0
2004-01-28,9,14,3,0.00,,5.0
2004-01-29,4,6,1,0.00,,4.0
2004-01-30,-1,4,-6,0.00,,5.0
2004-01-31,5,14,-5,0.00,,4.0
2004-02-01,22,31,13,0.02,0.0,4.0
2004-02-02,29,34,24,0.08,1.3,4.0
2004-02-03,22,34,10,0.10,,5.0
2004-02-04,16,26,6,0.03,,6.0
2004-02-05,27,29,24,0.00,,6.0
2004-02-06,29,31,27,0.07,,7.0
2004-02-07,26,30,21,0.00,,7.0
2004-02-08,21,27,14,0.00,,7.0
2004-02-09,29,33,25,0.04,,7.0
2004-02-10,22,28,15,0.00,,7.0
2004-02-11,25,36,14,0.00,,7.0
2004-02-12,23,27,18,0.00,,6.0
2004-02-13,21,29,12,0.00,,6.0
2004-02-14,29,35,23,0.00,,6.0
2004-02-15,22,25,19,0.00,,6.0
2004-02-16,21,27,15,0.00,,6.0
2004-02-17,28,36,20,0.00,,5.0
2004-02-18,32,43,20,0.00,,4.0
2004-02-19,39,45,32,0.00,,3.0
2004-02-20,40,45,34,0.19,,1.0
2004-02-21,36,40,31,0.02,,
2004-02-22,35,45,25,0.00,,
2004-02-23,43,46,39,0.01,,
2004-02-24,36,39,32,0.00,,
2004-02-25,32,38,25,0.00,,
2004-02-26,35,41,29,0.00,0.0,0.0
2004-02-27,37,45,29,0.00,0.0,0.0
2004-02-28,43,55,31,0.00,0.0,0.0
2004-02-29,51,60,41,0.00,,
2004-03-01,55,63,46,0.10,0.0,0.0
2004-03-02,46,50,41,0.00,0.0,0.0
2004-03-03,43,47,39,0.02,0.0,0.0
2004-03-04,43,45,40,0.69,0.0,0.0
2004-03-05,51,61,40,0.86,0.0,0.0
2004-03-06,42,45,38,0.00,,
2004-03-07,40,45,34,0.02,,
2004-03-08,35,40,30,0.00,,
2004-03-09,35,39,30,0.00,,
2004-03-10,38,48,27,0.00,,
2004-03-11,31,43,18,0.00,,
2004-03-12,26,34,17,0.00,,
2004-03-13,35,47,22,0.00,0.0,0.0
2004-03-14,40,44,35,0.15,0.0,0.0
2004-03-15,33,37,29,0.00,0.0,0.0
2004-03-16,33,35,30,0.00,0.3,0.0
2004-03-17,33,37,29,0.06,0.2,0.0
2004-03-18,35,42,28,0.12,,
2004-03-19,41,52,29,0.00,,
2004-03-20,48,63,33,0.03,,
2004-03-21,30,34,25,0.00,,
2004-03-22,31,40,21,0.00,,
2004-03-23,46,60,32,0.00,,
2004-03-24,54,64,44,0.31,,
2004-03-25,59,62,56,0.02,,
2004-03-26,58,68,47,0.26,,
2004-03-27,52,61,43,0.00,,
2004-03-28,62,75,49,0.74,,
2004-03-29,52,61,43,0.00,,
2004-03-30,48,58,38,0.01,,
2004-03-31,42,47,37,0.00,,
2004-04-01,43,49,36,0.00,,
2004-04-02,45,54,35,0.00,,
2004-04-03,46,59,33,0.00,,
2004-04-04,40,46,34,0.00,,
2004-04-05,41,49,32,0.00,,
2004-04-06,59,73,44,0.00,,
2004-04-07,54,62,45,0.00,,
2004-04-08,50,57,42,0.00,,
2004-04-09,46,56,36,0.00,,
2004-04-10,46,55,36,0.00,,
2004-04-11,40,45,35,0.00,,
2004-04-12,38,42,34,0.00,,
2004-04-13,40,46,33,0.00,,
2004-04-14,50,69,31,0.00,,
2004-04-15,62,74,50,0.00,,
2004-04-16,70,83,57,0.01,,
2004-04-17,66,79,53,0.04,,
2004-04-18,71,87,54,0.00,,
2004-04-19,61,73,48,0.00,,
2004-04-20,55,64,45,0.45,,
2004-04-21,57,65,48,0.03,,
2004-04-22,48,53,43,0.00,,
2004-04-23,52,62,42,0.00,,
2004-04-24,48,53,43,0.41,,
2004-04-25,55,63,46,0.07,,
2004-04-26,53,61,45,0.00,,
2004-04-27,45,52,37,0.00,,
2004-04-28,64,79,49,0.00,,
2004-04-29,69,78,60,0.10,,
2004-04-30,52,60,43,0.23,,
2004-05-01,46,48,43,0.06,,
2004-05-02,45,51,38,0.00,,
2004-05-03,42,51,33,0.00,,
2004-05-04,56,67,44,0.00,,
2004-05-05,55,65,45,0.00,,
2004-05-06,71,85,56,0.00,,
2004-05-07,52,56,48,0.07,,
2004-05-08,69,86,51,0.00,,
2004-05-09,71,88,54,0.24,,
2004-05-10,73,85,60,0.03,,
2004-05-11,69,83,55,0.00,,
2004-05-12,76,85,67,0.56,,
2004-05-13,73,78,67,0.39,,
2004-05-14,59,69,49,0.92,,
2004-05-15,50,55,44,0.01,,
2004-05-16,57,70,43,0.00,,
2004-05-17,71,81,60,0.00,,
2004-05-18,62,74,50,0.22,,
2004-05-19,61,72,49,0.02,,
2004-05-20,77,85,68,0.02,,
2004-05-21,65,78,52,0.26,,
2004-05-22,69,81,57,0.36,,
2004-05-23,69,82,56,0.06,,
2004-05-24,58,66,49,0.00,,
2004-05-25,60,69,51,0.14,,
2004-05-26,59,66,52,0.00,,
2004-05-27,64,78,50,0.00,,
2004-05-28,54,60,47,0.00,,
2004-05-29,60,69,51,0.02,,
2004-05-30,70,76,63,1.50,,
2004-05-31,62,67,57,0.58,,
2004-06-01,67,76,57,0.02,,
2004-06-02,59,65,53,0.20,,
2004-06-03,61,69,52,0.00,,
2004-06-04,60,71,48,0.00,,
2004-06-05,65,76,53,0.00,,
2004-06-06,76,84,67,0.00,,
2004-06-07,77,89,65,0.00,,
2004-06-08,83,92,73,0.00,,
2004-06-09,78,86,70,0.10,0.0,0.0
2004-06-10,68,76,60,1.07,,
2004-06-11,74,82,66,0.13,,
2004-06-12,71,80,62,0.26,,
2004-06-13,75,82,68,0.00,,
2004-06-14,75,84,66,0.48,,
2004-06-15,71,78,64,0.00,,
2004-06-16,74,83,64,0.00,,
2004-06-17,73,82,64,0.00,,
2004-06-18,73,82,63,0.00,,
2004-06-19,60,66,54,0.00,,
2004-06-20,64,74,53,0.00,,
2004-06-21,66,70,61,0.38,,
2004-06-22,67,73,60,0.01,,
2004-06-23,71,83,58,0.08,,
2004-06-24,63,71,55,0.03,,
2004-06-25,64,72,55,0.00,,
2004-06-26,66,76,55,0.00,,
2004-06-27,69,78,59,0.00,,
2004-06-28,66,72,60,0.35,,
2004-06-29,70,81,58,0.00,,
2004-06-30,73,83,63,0.00,,
2004-07-01,75,85,64,0.00,,
2004-07-02,74,83,65,0.00,,
2004-07-03,79,87,70,1.07,,
2004-07-04,77,83,71,0.18,,
2004-07-05,69,74,64,0.00,,
2004-07-06,76,85,66,1.71,,
2004-07-07,65,70,59,0.02,,
2004-07-08,67,77,56,0.00,,
2004-07-09,70,77,63,1.13,,
2004-07-10,74,82,65,0.01,,
2004-07-11,77,87,67,0.01,,
2004-07-12,79,87,70,0.00,,
2004-07-13,79,86,71,0.00,,
2004-07-14,74,81,67,0.00,,
2004-07-15,74,84,63,0.00,,
2004-07-16,76,84,67,0.00,,
2004-07-17,71,76,66,0.01,,
2004-07-18,73,80,65,0.00,,
2004-07-19,74,83,64,0.00,,
2004-07-20,81,90,72,0.00,,
2004-07-21,80,87,73,0.39,,
2004-07-22,81,92,69,0.35,,
2004-07-23,68,72,63,0.00,,
2004-07-24,67,73,61,0.00,,
2004-07-25,69,73,65,0.00,,
2004-07-26,68,75,61,0.09,,
2004-07-27,71,80,61,0.00,,
2004-07-28,72,83,60,0.00,,
2004-07-29,74,82,65,0.00,,
2004-07-30,70,74,65,0.16,,
2004-07-31,75,84,65,0.00,,
2004-08-01,77,89,64,0.00,,
2004-08-02,80,88,72,0.00,,
2004-08-03,78,88,68,0.87,,
2004-08-04,71,75,67,0.23,,
2004-08-05,68,72,63,0.00,,
2004-08-06,66,75,56,0.00,,
2004-08-07,68,78,58,0.00,,
2004-08-08,72,80,63,0.00,,
2004-08-09,76,86,66,0.01,,
2004-08-10,65,69,60,0.00,,
2004-08-11,59,63,55,0.00,,
2004-08-12,57,62,51,0.02,,
2004-08-13,62,69,54,0.00,,
2004-08-14,63,71,54,0.00,,
2004-08-15,64,74,54,0.00,,
2004-08-16,68,79,56,0.00,,
2004-08-17,73,83,63,0.23,,
2004-08-18,71,77,65,0.11,,
2004-08-19,67,73,61,0.01,,
2004-08-20,67,74,59,0.00,,
2004-08-21,67,75,59,0.00,,
2004-08-22,69,82,56,0.00,,
2004-08-23,73,80,65,0.00,,
2004-08-24,75,81,69,0.40,,
2004-08-25,71,75,67,0.45,,
2004-08-26,76,83,68,0.08,,
2004-08-27,77,84,70,0.32,,
2004-08-28,70,79,60,1.26,,
2004-08-29,63,67,58,0.01,,
2004-08-30,65,76,54,0.00,,
2004-08-31,70,80,60,0.00,,
2004-09-01,73,83,63,0.00,,
2004-09-02,76,84,67,0.00,,
2004-09-03,77,84,69,0.00,,
2004-09-04,76,84,68,0.00,,
2004-09-05,78,86,70,0.00,,
2004-09-06,71,80,62,0.00,,
2004-09-07,66,73,58,0.00,,
2004-09-08,67,71,63,0.00,,
2004-09-09,66,73,58,0.00,,
2004-09-10,68,80,56,0.00,,
2004-09-11,73,82,63,0.00,,
2004-09-12,73,85,61,0.00,,
2004-09-13,76,87,65,0.00,,
2004-09-14,77,86,68,0.00,,
2004-09-15,77,87,67,0.64,,
2004-09-16,68,74,62,0.01,,
2004-09-17,66,69,62,0.00,,
2004-09-18,66,76,56,0.00,,
2004-09-19,69,78,60,0.00,,
2004-09-20,68,79,56,0.09,,
2004-09-21,71,83,59,0.00,,
2004-09-22,70,83,57,0.00,,
2004-09-23,74,85,62,0.00,,
2004-09-24,72,81,63,0.00,,
2004-09-25,64,73,55,0.00,,
2004-09-26,61,71,51,0.00,,
2004-09-27,62,74,50,0.00,,
2004-09-28,60,67,53,0.00,,
2004-09-29,57,66,48,0.00,,
2004-09-30,58,71,44,0.00,,
2004-10-01,63,74,52,0.00,,
2004-10-02,82,58,40,0.00,,
2004-10-03,54,69,39,0.00,,
2004-10-04,50,59,41,0.00,,
2004-10-05,49,59,38,0.00,,
2004-10-06,60,74,46,0.00,,
2004-10-07,65,78,52,0.00,,
2004-10-08,66,69,62,0.28,0.0,0.0
2004-10-09,60,70,50,0.00,,
2004-10-10,54,62,45,0.00,,
2004-10-11,54,61,46,0.00,,
2004-10-12,54,60,48,0.00,,
2004-10-13,58,64,51,0.00,,
2004-10-14,53,57,48,0.09,,
2004-10-15,49,53,45,0.09,,
2004-10-16,42,46,38,0.00,,
2004-10-17,43,54,31,0.00,,
2004-10-18,46,50,42,0.01,,
2004-10-19,52,54,49,0.00,,
2004-10-20,53,54,51,0.00,,
2004-10-21,54,59,49,0.00,,
2004-10-22,56,64,47,0.00,,
2004-10-23,65,76,54,1.05,,
2004-10-24,58,67,48,0.00,,
2004-10-25,60,75,45,0.00,,
2004-10-26,59,64,54,0.01,,
2004-10-27,60,65,54,0.00,,
2004-10-28,56,62,50,0.00,,
2004-10-29,70,78,62,0.07,,
2004-10-30,60,71,49,0.03,,
2004-10-31,51,57,45,0.00,,
2004-11-01,58,66,49,1.04,,
2004-11-02,48,50,46,0.02,,
2004-11-03,50,53,46,0.21,,
2004-11-04,46,51,41,0.57,,
2004-11-05,45,54,35,0.00,,
2004-11-06,54,64,43,0.00,,
2004-11-07,49,58,40,0.00,,
2004-11-08,40,47,32,0.00,,
2004-11-09,46,53,39,0.00,,
2004-11-10,54,62,46,0.00,,
2004-11-11,47,54,39,0.00,,
2004-11-12,42,46,37,0.00,,
2004-11-13,39,46,31,0.00,,
2004-11-14,41,50,31,0.00,,
2004-11-15,44,52,36,0.06,,
2004-11-16,52,56,47,0.00,,
2004-11-17,59,63,54,0.01,,
2004-11-18,57,64,50,0.00,,
2004-11-19,53,57,49,0.00,,
2004-11-20,49,54,44,0.00,,
2004-11-21,41,47,35,0.00,,
2004-11-22,42,48,36,0.00,,
2004-11-23,49,53,44,0.01,,
2004-11-24,38,45,31,0.51,,
2004-11-25,28,33,23,0.02,,2.0
2004-11-26,39,47,31,0.03,,1.0
2004-11-27,42,47,37,0.49,,
2004-11-28,39,43,34,0.00,,
2004-11-29,37,39,34,0.08,,
2004-11-30,37,41,33,0.53,0.5,0.0
2004-12-01,30,33,27,0.03,,1.0
2004-12-02,34,40,28,0.00,,
2004-12-03,31,37,25,0.00,,
2004-12-04,40,45,34,0.00,,
2004-12-05,38,47,29,0.05,,
2004-12-06,46,51,40,0.16,,
2004-12-07,46,50,41,1.02,,
2004-12-08,40,43,37,0.00,,
2004-12-09,46,52,39,0.00,,
2004-12-10,43,46,39,0.09,,
2004-12-11,36,39,33,0.02,,
2004-12-12,39,44,33,0.00,,
2004-12-13,27,33,20,0.00,,
2004-12-14,22,27,16,0.00,,
2004-12-15,28,37,19,0.00,,
2004-12-16,37,44,29,0.00,,
2004-12-17,28,34,22,0.00,,
2004-12-18,30,40,20,0.01,,
2004-12-19,12,20,4,0.00,,
2004-12-20,19,28,10,0.00,,
2004-12-21,25,34,15,0.00,,
2004-12-22,12,15,9,0.00,,
2004-12-23,13,19,6,0.00,,
2004-12-24,5,11,-2,0.00,,
2004-12-25,15,20,10,0.00,,
2004-12-26,20,25,15,0.00,,
2004-12-27,22,26,17,0.00,,
2004-12-28,33,42,24,0.00,,
2004-12-29,39,50,27,0.00,,
2004-12-30,45,56,34,0.05,,
2004-12-31,45,57,32,0.02,,
2005-01-01,36,43,28,0.67,,
2005-01-02,45,55,35,0.09,,
2005-01-03,36,37,35,0.50,,
2005-01-04,34,37,31,0.02,,
2005-01-05,29,32,26,0.00,,2.0
2005-01-06,22,28,15,0.01,,9.0
2005-01-07,21,28,13,0.00,,8.0
2005-01-08,27,28,25,0.01,,8.0
2005-01-09,31,35,26,0.09,,7.0
2005-01-10,33,35,31,0.00,,6.0
2005-01-11,34,36,32,0.19,,5.0
2005-01-12,49,62,35,0.69,,3.0
2005-01-13,35,52,17,0.69,,
2005-01-14,11,16,5,0.00,,1.0
2005-01-15,11,16,6,0.00,,1.0
2005-01-16,10,15,5,0.00,,
2005-01-17,8,12,3,0.00,,
2005-01-18,13,23,2,0.00,,
2005-01-19,36,48,23,0.00,,1.0
2005-01-20,25,27,23,0.00,,1.0
2005-01-21,20,24,16,0.00,,2.0
2005-01-22,18,22,13,0.00,,8.0
2005-01-23,16,22,10,0.06,,14.0
2005-01-24,27,33,20,0.10,,13.0
2005-01-25,36,44,27,0.00,,11.0
2005-01-26,29,36,21,0.00,,9.0
2005-01-27,18,23,13,0.00,,9.0
2005-01-28,19,29,9,0.00,,9.0
2005-01-29,30,36,23,0.00,,8.0
2005-01-30,30,35,25,0.00,,7.0
2005-01-31,28,34,22,0.00,,7.0
2005-02-01,30,33,26,0.00,,5.0
2005-02-02,29,35,22,0.00,,5.0
2005-02-03,33,44,21,0.00,,5.0
2005-02-04,39,51,27,0.22,,3.0
2005-02-05,46,55,36,0.00,,
2005-02-06,44,47,41,0.03,,
2005-02-07,40,45,34,0.20,,
2005-02-08,30,34,26,0.00,,
2005-02-09,28,31,24,0.01,,
2005-02-10,27,33,21,0.00,,
2005-02-11,33,41,24,0.00,,
2005-02-12,41,51,31,0.00,,
2005-02-13,41,45,36,0.64,,
2005-02-14,44,50,38,0.11,,
2005-02-15,39,44,34,0.37,,
2005-02-16,30,34,26,0.00,,
2005-02-17,23,27,18,0.00,,
2005-02-18,19,26,12,0.00,,
2005-02-19,31,41,21,0.00,,
2005-02-20,35,39,31,0.23,,1.0
2005-02-21,35,37,33,0.00,,
2005-02-22,30,35,25,0.00,0.2,0.0
2005-02-23,29,36,21,0.00,0.0,0.0
2005-02-24,33,37,29,0.00,0.0,0.0
2005-02-25,36,42,30,0.00,0.0,0.0
2005-02-26,32,35,28,0.00,0.0,0.0
2005-02-27,34,40,27,0.09,0.0,0.0
2005-02-28,31,36,26,0.26,1.7,0.0
2005-03-01,24,27,20,0.00,0.1,1.0
2005-03-02,21,28,14,0.00,0.0,0.0
2005-03-03,26,35,17,0.00,0.0,0.0
2005-03-04,35,45,24,0.05,0.0,0.0
2005-03-05,38,42,34,0.00,0.0,0.0
2005-03-06,50,64,36,0.00,0.0,0.0
2005-03-07,42,56,27,0.03,,
2005-03-08,25,30,19,0.00,0.0,0.0
2005-03-09,25,31,18,0.00,0.0,0.0
2005-03-10,29,37,21,0.07,1.4,0.0
2005-03-11,31,36,26,0.00,0.7,1.0
2005-03-12,27,34,19,0.00,0.0,0.0
2005-03-13,25,34,16,0.00,0.0,0.0
2005-03-14,32,38,25,0.01,0.5,0.0
2005-03-15,32,42,22,0.00,0.0,0.0
2005-03-16,40,51,28,0.00,,
2005-03-17,35,39,30,0.02,0.8,1.0
2005-03-18,41,50,32,0.02,,
2005-03-19,42,50,34,0.07,0.0,0.0
2005-03-20,36,42,29,0.00,0.0,0.0
2005-03-21,33,39,27,0.00,,
2005-03-22,38,42,33,0.02,0.0,0.0
2005-03-23,37,41,32,0.02,0.0,0.0
2005-03-24,39,50,27,0.16,0.0,0.0
2005-03-25,36,38,33,0.19,0.5,0.0
2005-03-26,38,43,32,0.00,,
2005-03-27,39,48,29,0.00,,
2005-03-28,46,59,32,0.00,,
2005-03-29,54,69,39,0.00,,
2005-03-30,66,77,55,0.85,,
2005-03-31,51,58,43,0.00,,
2005-04-01,47,54,40,0.01,0.0,0.0
2005-04-02,48,56,39,0.00,0.0,0.0
2005-04-03,48,61,34,0.00,,
2005-04-04,55,68,42,0.00,,
2005-04-05,65,76,53,0.00,,
2005-04-06,64,79,49,0.02,,
2005-04-07,48,53,42,0.01,,
2005-04-08,51,60,41,0.00,,
2005-04-09,55,66,43,0.00,,
2005-04-10,64,78,50,0.00,,
2005-04-11,67,79,55,0.00,,
2005-04-12,49,55,43,0.61,,
2005-04-13,47,54,39,0.00,,
2005-04-14,52,62,41,0.00,,
2005-04-15,51,63,39,0.00,,
2005-04-16,59,74,44,0.00,,
2005-04-17,66,79,53,0.00,,
2005-04-18,67,83,51,0.00,,
2005-04-19,71,81,60,0.00,,
2005-04-20,58,71,45,0.01,,
2005-04-21,52,58,45,0.00,,
2005-04-22,43,48,37,0.61,,
2005-04-23,38,41,35,0.00,0.0,0.0
2005-04-24,44,53,34,0.00,,
2005-04-25,53,66,39,0.00,,
2005-04-26,51,58,43,0.00,0.0,0.0
2005-04-27,49,56,42,0.00,,
2005-04-28,49,56,42,0.00,,
2005-04-29,48,52,44,0.00,,
2005-04-30,48,58,38,0.00,,
2005-05-01,43,50,36,0.00,,
2005-05-02,40,44,35,0.00,,
2005-05-03,42,50,33,0.00,,
2005-05-04,50,63,37,0.00,,
2005-05-05,58,70,45,0.00,,
2005-05-06,64,75,53,0.00,,
2005-05-07,54,62,46,0.00,,
2005-05-08,67,85,48,0.00,,
2005-05-09,70,76,63,0.26,,
2005-05-10,72,83,60,0.00,,
2005-05-11,55,65,45,0.20,,
2005-05-12,49,55,43,0.17,,
2005-05-13,61,74,48,0.17,,
2005-05-14,56,65,47,0.04,,
2005-05-15,49,54,44,0.00,,
2005-05-16,51,57,44,0.00,,
2005-05-17,61,72,50,0.00,,
2005-05-18,69,79,58,0.00,,
2005-05-19,64,74,53,0.58,,
2005-05-20,60,69,51,0.00,,
2005-05-21,61,74,48,0.00,,
2005-05-22,71,81,61,0.00,,
2005-05-23,61,70,51,0.00,,
2005-05-24,58,67,49,0.00,,
2005-05-25,59,67,50,0.00,,
2005-05-26,65,74,56,0.00,,
2005-05-27,62,71,52,0.02,,
2005-05-28,60,69,51,0.00,,
2005-05-29,60,71,49,0.00,,
2005-05-30,61,72,50,0.00,,
2005-05-31,62,73,51,0.00,,
2005-06-01,68,79,57,0.00,,
2005-06-02,67,73,61,0.07,,
2005-06-03,66,71,61,0.00,,
2005-06-04,75,87,62,0.65,0.0,0.0
2005-06-05,81,90,72,0.00,,
2005-06-06,78,90,66,0.00,,
2005-06-07,81,93,68,0.01,,
2005-06-08,82,92,72,0.00,,
2005-06-09,79,89,68,0.00,,
2005-06-10,83,89,76,0.00,,
2005-06-11,81,88,73,0.00,,
2005-06-12,77,81,72,0.00,,
2005-06-13,81,91,71,0.00,,
2005-06-14,74,80,67,0.10,,
2005-06-15,65,73,57,0.00,,
2005-06-16,67,78,56,0.00,,
2005-06-17,64,70,58,0.00,,
2005-06-18,63,71,54,0.00,,
2005-06-19,66,77,55,0.00,,
2005-06-20,72,84,59,0.00,,
2005-06-21,79,90,67,0.00,,
2005-06-22,75,83,67,0.00,,
2005-06-23,80,93,66,0.00,,
2005-06-24,87,98,76,0.00,,
2005-06-25,82,90,74,0.00,,
2005-06-26,83,95,71,0.00,,
2005-06-27,86,95,76,0.00,,
2005-06-28,85,94,76,0.09,,
2005-06-29,83,88,77,0.00,,
2005-06-30,80,90,70,0.14,,
2005-07-01,70,77,62,0.00,,
2005-07-02,68,74,61,0.00,,
2005-07-03,74,86,62,0.00,,
2005-07-04,80,90,70,0.05,,
2005-07-05,76,87,64,0.00,,
2005-07-06,72,79,65,0.00,,
2005-07-07,74,80,68,0.00,,
2005-07-08,74,84,64,0.00,,
2005-07-09,75,87,63,0.00,,
2005-07-10,79,90,68,0.00,,
2005-07-11,81,90,72,0.00,,
2005-07-12,78,85,71,0.08,,
2005-07-13,81,87,74,0.00,,
2005-07-14,81,88,73,0.00,,
2005-07-15,79,86,72,0.00,,
2005-07-16,82,90,73,0.00,,
2005-07-17,86,96,75,0.00,,
2005-07-18,84,92,76,0.08,,
2005-07-19,80,90,69,0.00,,
2005-07-20,82,92,71,0.10,,
2005-07-21,83,92,74,0.00,,
2005-07-22,78,85,71,0.00,,
2005-07-23,78,84,71,0.00,,
2005-07-24,91,104,78,0.00,,
2005-07-25,81,89,72,0.43,,
2005-07-26,77,87,66,0.96,,
2005-07-27,69,75,62,0.01,,
2005-07-28,69,80,58,0.00,,
2005-07-29,73,83,63,0.00,,
2005-07-30,76,86,65,0.00,,
2005-07-31,80,88,72,0.00,,
2005-08-01,,93,70,0.00,,
2005-08-02,,92,74,0.00,,
2005-08-03,,93,76,0.01,,
2005-08-04,,90,77,0.00,,
2005-08-05,,83,71,0.00,,
2005-08-06,,83,64,0.00,,
2005-08-07,,88,66,0.00,,
2005-08-08,,92,70,0.00,,
2005-08-09,,93,71,0.00,,
2005-08-10,,88,71,0.35,,
2005-08-11,,77,70,0.52,,
2005-08-12,,85,73,0.03,,
2005-08-13,,77,69,0.84,,
2005-08-14,,75,65,0.00,,
2005-08-15,,80,63,0.00,,
2005-08-16,,83,67,0.00,,
2005-08-17,,84,64,0.00,,
2005-08-18,,84,72,0.42,,
2005-08-19,,88,70,0.00,,
2005-08-20,,86,70,0.22,,
2005-08-21,,82,66,0.00,,
2005-08-22,,72,63,0.00,,
2005-08-23,,73,61,0.00,,
2005-08-24,,77,61,0.00,,
2005-08-25,,81,65,0.00,,
2005-08-26,,84,68,0.00,,
2005-08-27,,85,70,0.00,,
2005-08-28,,87,66,0.00,,
2005-08-29,,84,68,0.00,,
2005-08-30,,82,66,0.00,,
2005-08-31,,77,64,0.00,,
2005-09-01,,85,66,0.00,,
2005-09-02,,84,62,0.00,,
2005-09-03,,81,59,0.00,,
2005-09-04,,83,61,0.00,,
2005-09-05,,87,65,0.00,,
2005-09-06,,87,67,0.00,,
2005-09-07,,90,70,0.00,,
2005-09-08,,82,69,0.00,,
2005-09-09,,86,65,0.00,,
2005-09-10,,91,70,0.00,,
2005-09-11,,90,72,0.00,,
2005-09-12,,90,71,0.00,,
2005-09-13,,94,72,0.00,,
2005-09-14,,76,66,0.20,,
2005-09-15,,70,62,0.63,,
2005-09-16,,69,57,0.06,,
2005-09-17,,75,54,0.00,,
2005-09-18,,82,60,0.00,,
2005-09-19,,85,66,0.28,,
2005-09-20,,82,62,0.00,,
2005-09-21,,87,62,0.00,,
2005-09-22,,89,66,0.14,,
2005-09-23,,68,63,0.00,,
2005-09-24,,73,64,0.12,,
2005-09-25,,74,69,0.16,,
2005-09-26,,69,57,0.01,,
2005-09-27,,75,52,0.00,0.0,0.0
2005-09-28,,75,50,0.53,,
2005-09-29,,62,44,0.00,,
2005-09-30,,71,45,0.00,,
2005-10-01,,79,53,0.00,,
2005-10-02,,83,60,0.08,,
2005-10-03,,87,71,0.01,,
2005-10-04,,88,71,0.00,,
2005-10-05,,85,69,0.00,,
2005-10-06,,72,48,0.00,,
2005-10-07,,54,44,0.00,,
2005-10-08,,54,44,0.00,,
2005-10-09,,59,50,0.00,,
2005-10-10,,64,49,0.00,,
2005-10-11,,60,57,0.00,,
2005-10-12,,63,56,0.00,,
2005-10-13,,73,51,0.00,0.0,0.0
2005-10-14,,76,51,0.00,,
2005-10-15,,68,48,0.00,,
2005-10-16,,62,43,0.00,,
2005-10-17,,76,46,0.01,,
2005-10-18,,72,47,0.00,,
2005-10-19,,63,51,0.00,,
2005-10-20,,54,50,0.03,,
2005-10-21,,58,48,0.00,,
2005-10-22,,55,39,0.00,,
2005-10-23,,48,34,0.18,,
2005-10-24,,50,41,0.39,,
2005-10-25,,53,41,0.25,,
2005-10-26,,52,38,0.00,,
2005-10-27,,53,39,0.05,,
2005-10-28,,57,35,0.00,,
2005-10-29,,60,36,0.00,,
2005-10-30,,65,41,0.00,,
2005-10-31,,57,50,0.20,,
2005-11-01,,54,41,0.01,,
2005-11-02,,65,38,0.00,,
2005-11-03,,70,53,0.00,,
2005-11-04,,70,53,0.00,,
2005-11-05,,64,51,0.32,,
2005-11-06,,61,43,0.20,,
2005-11-07,,61,41,0.00,,
2005-11-08,,64,51,0.00,,
2005-11-09,,67,40,0.00,,
2005-11-10,,47,31,0.00,,
2005-11-11,,60,36,0.00,,
2005-11-12,,66,47,0.04,,
2005-11-13,,61,39,0.00,,
2005-11-14,,49,35,0.06,,
2005-11-15,,57,38,0.21,,
2005-11-16,,38,21,0.00,0.0,0.0
2005-11-17,,28,15,0.00,0.0,0.0
2005-11-18,,38,23,0.00,0.0,0.0
2005-11-19,,54,33,0.00,,
2005-11-20,,47,34,,,
2005-11-21,,48,36,0.00,0.0,0.0
2005-11-22,,39,30,0.00,,
2005-11-23,,46,31,0.07,1.0,1.0
2005-11-24,,41,17,0.00,,
2005-11-25,,27,14,0.00,,
2005-11-26,,49,26,0.00,0.0,0.0
2005-11-27,,55,44,0.01,0.0,0.0
2005-11-28,,61,39,0.84,,
2005-11-29,,39,26,0.00,,
2005-11-30,,27,23,0.00,0.0,0.0
2005-12-01,,29,20,0.00,,
2005-12-02,,23,12,0.00,,1.0
2005-12-03,,30,19,0.06,1.4,1.0
2005-12-04,,28,14,0.00,0.3,2.0
2005-12-05,,17,7,0.00,0.0,2.0
2005-12-06,,19,5,0.00,0.0,2.0
2005-12-07,,15,0,0.00,0.0,2.0
2005-12-08,,26,8,0.43,9.6,2.0
2005-12-09,,28,10,0.00,,10.0
2005-12-10,,31,11,0.07,1.7,8.0
2005-12-11,,33,13,0.03,0.1,9.0
2005-12-12,,29,12,0.00,0.0,8.0
2005-12-13,,28,24,0.00,,7.0
2005-12-14,,35,28,0.01,0.1,7.0
2005-12-15,,35,24,0.02,0.1,6.0
2005-12-16,,24,18,0.00,,5.0
2005-12-17,,22,13,0.00,0.0,6.0
2005-12-18,,16,5,0.00,0.0,6.0
2005-12-19,,10,0,0.00,0.0,6.0
2005-12-20,,22,6,0.00,0.0,6.0
2005-12-21,,22,11,0.00,0.0,6.0
2005-12-22,,38,13,0.00,0.0,6.0
2005-12-23,,43,36,0.00,0.0,5.0
2005-12-24,,39,34,0.20,0.0,1.0
2005-12-25,,37,33,0.04,,
2005-12-26,,37,32,0.00,0.0,0.0
2005-12-27,,46,32,0.00,0.0,0.0
2005-12-28,,40,34,0.02,0.0,0.0
2005-12-29,,40,32,0.00,0.0,0.0
2005-12-30,,38,32,0.08,0.3,0.0
2005-12-31,,37,32,0.00,,
2006-01-01,,46,30,0.00,,
2006-01-02,,43,40,0.00,,
2006-01-03,,42,39,0.00,,
2006-01-04,,43,35,0.00,,
2006-01-05,,37,31,0.00,,
2006-01-06,,31,28,0.00,,
2006-01-07,,40,29,0.00,,
2006-01-08,,45,34,0.00,,
2006-01-09,,40,34,0.00,0.0,0.0
2006-01-10,,38,26,0.05,0.0,0.0
2006-01-11,,43,36,0.08,0.0,0.0
2006-01-12,,56,37,0.00,0.0,0.0
2006-01-13,,48,32,0.91,0.5,0.0
2006-01-14,,37,30,0.00,0.0,0.0
2006-01-15,,43,29,0.00,0.0,0.0
2006-01-16,,46,32,0.00,0.0,0.0
2006-01-17,,44,27,0.00,0.0,0.0
2006-01-18,,36,21,0.00,0.0,0.0
2006-01-19,,55,33,0.00,0.0,0.0
2006-01-20,,49,32,0.81,3.2,0.0
2006-01-21,,33,23,0.04,0.8,3.9
2006-01-22,,36,18,0.00,0.0,3.1
2006-01-23,,30,23,0.00,0.0,3.1
2006-01-24,,40,29,0.00,0.0,2.0
2006-01-25,,36,26,0.00,0.0,0.0
2006-01-26,,43,23,0.00,0.0,0.0
2006-01-27,,49,35,0.00,,
2006-01-28,,51,40,0.50,0.0,0.0
2006-01-29,,50,40,0.34,0.0,0.0
2006-01-30,,40,32,0.00,0.0,0.0
2006-01-31,,38,31,0.00,,
2006-02-01,,49,32,0.00,,
2006-02-02,,43,29,0.00,,
2006-02-03,,44,31,0.23,,
2006-02-04,,32,24,0.00,,
2006-02-05,,34,22,0.00,,
2006-02-06,,35,20,0.00,,
2006-02-07,,32,20,0.00,,
2006-02-08,,32,22,0.00,,
2006-02-09,,32,16,0.00,,
2006-02-10,,37,26,0.00,,
2006-02-11,,35,27,0.05,,
2006-02-12,,30,23,0.00,,
2006-02-13,,36,17,0.00,,
2006-02-14,,55,25,0.00,,
2006-02-15,,44,34,0.08,,
2006-02-16,,42,23,0.76,,
2006-02-17,,27,6,0.00,,
2006-02-18,,9,-6,0.00,,
2006-02-19,,20,2,0.00,,
2006-02-20,,33,14,0.00,,
2006-02-21,,39,22,0.00,,
2006-02-22,,47,28,0.00,,
2006-02-23,,44,26,0.00,,
2006-02-24,,47,22,0.00,,
2006-02-25,,44,23,0.00,,
2006-02-26,,34,17,0.00,,
2006-02-27,,39,28,0.00,,
2006-02-28,,38,26,0.00,,
2006-03-01,,43,32,0.00,,
2006-03-02,,39,27,0.00,,
2006-03-03,,37,24,0.00,,
2006-03-04,,39,26,0.00,,
2006-03-05,,33,27,0.22,,
2006-03-06,,36,29,0.01,,
2006-03-07,,43,25,0.08,,
2006-03-08,,56,39,0.16,,
2006-03-09,,58,38,0.64,,
2006-03-10,,54,38,0.01,,
2006-03-11,,66,44,0.18,,
2006-03-12,,58,41,0.21,,
2006-03-13,,64,30,0.57,,
2006-03-14,,41,27,0.00,,
2006-03-15,,43,25,0.00,,
2006-03-16,,38,33,0.00,0.0,0.0
2006-03-17,,39,30,0.00,0.0,0.0
2006-03-18,,40,25,0.00,0.0,0.0
2006-03-19,,47,26,0.00,0.0,0.0
2006-03-20,,37,30,0.00,0.0,0.0
2006-03-21,,33,27,0.00,0.0,0.0
2006-03-22,,49,25,0.00,0.0,0.0
2006-03-23,,41,33,0.00,0.0,0.0
2006-03-24,,39,32,0.04,0.6,1.2
2006-03-25,,44,31,0.00,0.0,0.0
2006-03-26,,45,31,0.00,0.0,0.0
2006-03-27,,51,31,0.10,0.0,0.0
2006-03-28,,44,39,0.11,0.0,0.0
2006-03-29,,50,40,0.00,0.0,0.0
2006-03-30,,70,40,0.00,,
2006-03-31,,71,46,0.06,0.0,0.0
2006-04-01,,48,39,0.00,0.0,0.0
2006-04-02,,60,39,0.22,0.0,0.0
2006-04-03,,54,39,0.43,0.0,0.0
2006-04-04,,56,36,0.00,0.0,0.0
2006-04-05,,55,35,0.00,0.0,0.0
2006-04-06,,57,41,0.00,0.0,0.0
2006-04-07,,55,34,0.00,0.0,0.0
2006-04-08,,42,31,0.00,0.0,0.0
2006-04-09,,55,30,0.00,0.0,0.0
2006-04-10,,70,42,0.00,0.0,0.0
2006-04-11,,75,53,0.00,0.0,0.0
2006-04-12,,76,57,0.05,0.0,0.0
2006-04-13,,79,54,0.04,0.0,0.0
2006-04-14,,79,64,0.00,0.0,0.0
2006-04-15,,66,49,0.00,0.0,0.0
2006-04-16,,64,47,1.35,0.0,0.0
2006-04-17,,57,46,0.04,0.0,0.0
2006-04-18,,65,46,0.00,0.0,0.0
2006-04-19,,75,52,0.00,0.0,0.0
2006-04-20,,74,56,0.13,0.0,0.0
2006-04-21,,70,50,0.00,0.0,0.0
2006-04-22,,69,51,0.01,0.0,0.0
2006-04-23,,72,47,0.00,0.0,0.0
2006-04-24,,72,42,0.00,,
2006-04-25,,46,36,0.17,0.0,0.0
2006-04-26,,63,33,0.00,0.0,0.0
2006-04-27,,69,44,0.00,0.0,0.0
2006-04-28,,67,45,0.00,0.0,0.0
2006-04-29,,61,53,0.16,0.0,0.0
2006-04-30,,60,55,0.68,,
2006-05-01,,60,54,0.19,0.0,0.0
2006-05-02,,70,55,0.05,0.0,0.0
2006-05-03,,73,54,0.00,,
2006-05-04,,68,54,0.00,,
2006-05-05,,60,48,0.00,0.0,0.0
2006-05-06,,56,42,0.00,0.0,0.0
2006-05-07,,71,45,0.00,0.0,0.0
2006-05-08,,74,52,0.00,0.0,0.0
2006-05-09,,73,57,0.00,0.0,0.0
2006-05-10,,73,56,0.24,0.0,0.0
2006-05-11,,57,38,0.54,0.0,0.0
2006-05-12,,45,36,0.13,0.0,0.0
2006-05-13,,50,43,0.06,0.0,0.0
2006-05-14,,56,41,0.08,0.0,0.0
2006-05-15,,61,49,0.13,0.0,0.0
2006-05-16,,64,48,0.02,0.0,0.0
2006-05-17,,73,48,0.26,0.0,0.0
2006-05-18,,62,46,0.02,0.0,0.0
2006-05-19,,61,45,0.00,0.0,0.0
2006-05-20,,73,41,0.00,0.0,0.0
2006-05-21,,63,45,0.00,0.0,0.0
2006-05-22,,59,41,0.00,0.0,0.0
2006-05-23,,75,43,0.00,0.0,0.0
2006-05-24,,79,56,0.48,0.0,0.0
2006-05-25,,74,65,0.01,0.0,0.0
2006-05-26,,82,64,0.00,0.0,0.0
2006-05-27,,87,61,0.00,0.0,0.0
2006-05-28,,93,74,0.00,0.0,0.0
2006-05-29,,92,73,0.14,0.0,0.0
2006-05-30,,89,68,0.32,0.0,0.0
2006-05-31,,80,66,0.00,0.0,0.0
2006-06-01,,76,63,0.00,0.0,0.0
2006-06-02,,80,60,0.00,0.0,0.0
2006-06-03,,74,57,0.00,0.0,0.0
2006-06-04,,77,57,0.00,0.0,0.0
2006-06-05,,81,54,0.00,,
2006-06-06,,83,62,0.00,,
2006-06-07,,83,65,0.00,,
2006-06-08,,82,60,0.00,,
2006-06-09,,67,53,0.12,,
2006-06-10,,62,49,1.62,,
2006-06-11,,65,55,0.00,,
2006-06-12,,69,53,0.00,,
2006-06-13,,74,52,0.00,,
2006-06-14,,78,56,0.00,,
2006-06-15,,85,64,0.00,,
2006-06-16,,91,74,0.00,,
2006-06-17,,92,73,0.00,,
2006-06-18,,79,69,0.02,,
2006-06-19,,86,68,0.00,,
2006-06-20,,78,64,0.00,,
2006-06-21,,88,73,0.06,,
2006-06-22,,82,67,0.20,,
2006-06-23,,72,60,0.00,,
2006-06-24,,79,55,0.00,,
2006-06-25,,72,61,0.60,,
2006-06-26,,71,61,0.09,,
2006-06-27,,79,60,0.00,,
2006-06-28,,77,59,0.14,,
2006-06-29,,77,57,0.00,,
2006-06-30,,86,60,0.00,,
2006-07-01,,91,69,0.00,,
2006-07-02,,85,74,0.01,,
2006-07-03,,83,71,0.44,,
2006-07-04,,78,66,0.00,,
2006-07-05,,77,63,0.00,,
2006-07-06,,78,60,0.00,,
2006-07-07,,84,59,0.00,,
2006-07-08,,85,67,0.00,,
2006-07-09,,89,73,0.00,,
2006-07-10,,80,67,0.00,,
2006-07-11,,77,69,0.36,,
2006-07-12,,80,69,0.01,,
2006-07-13,,86,69,0.00,,
2006-07-14,,88,72,0.49,,
2006-07-15,,96,73,0.00,,
2006-07-16,,94,76,0.00,,
2006-07-17,,95,75,0.08,,
2006-07-18,,83,73,0.01,,
2006-07-19,,90,72,0.00,,
2006-07-20,,81,71,1.09,,
2006-07-21,,79,66,0.03,,
2006-07-22,,81,63,0.02,,
2006-07-23,,80,62,0.01,,
2006-07-24,,89,69,0.00,,
2006-07-25,,91,74,0.00,,
2006-07-26,,85,73,0.10,,
2006-07-27,,88,72,0.03,,
2006-07-28,,93,71,0.00,,
2006-07-29,,94,76,0.00,,
2006-07-30,,90,78,0.00,,
2006-07-31,,99,79,0.00,,
2006-08-01,,98,80,0.00,,
2006-08-02,,97,76,1.38,,
2006-08-03,,82,69,0.65,,
2006-08-04,,89,67,0.00,,
2006-08-05,,86,66,0.00,,
2006-08-06,,85,72,0.00,,
2006-08-07,,85,73,0.00,,
2006-08-08,,77,71,0.00,,
2006-08-09,,83,70,0.00,,
2006-08-10,,80,72,1.11,,
2006-08-11,,76,69,0.00,,
2006-08-12,,78,63,0.00,,
2006-08-13,,83,63,0.00,,
2006-08-14,,82,68,0.00,,
2006-08-15,,82,62,0.00,,
2006-08-16,,82,66,0.00,,
2006-08-17,,85,64,0.00,,
2006-08-18,,83,73,0.23,,
2006-08-19,,80,69,0.03,,
2006-08-20,,77,64,0.00,,
2006-08-21,,83,60,0.00,,
2006-08-22,,86,64,0.00,,
2006-08-23,,87,66,0.00,,
2006-08-24,,84,68,0.61,,
2006-08-25,,82,69,0.00,,
2006-08-26,,80,72,0.00,,
2006-08-27,,77,72,0.00,,
2006-08-28,,73,64,0.81,,
2006-08-29,,69,63,0.06,,
2006-08-30,,74,65,0.03,,
2006-08-31,,74,62,0.00,,
2006-09-01,,75,66,0.00,,
2006-09-02,,75,61,0.00,,
2006-09-03,,77,59,0.00,,
2006-09-04,,71,60,0.54,,
2006-09-05,,77,60,0.00,,
2006-09-06,,80,59,0.00,,
2006-09-07,,82,63,0.00,,
2006-09-08,,83,62,0.00,,
2006-09-09,,72,64,0.00,,
2006-09-10,,66,61,0.40,,
2006-09-11,,68,60,1.16,,
2006-09-12,,72,63,0.16,,
2006-09-13,,66,61,0.41,,
2006-09-14,,72,60,0.00,,
2006-09-15,,78,57,0.01,,
2006-09-16,,80,61,0.00,,
2006-09-17,,85,61,0.32,,
2006-09-18,,72,53,0.00,,
2006-09-19,,56,48,0.00,,
2006-09-20,,62,44,0.00,,
2006-09-21,,69,47,0.00,,
2006-09-22,,72,57,0.10,,
2006-09-23,,74,58,0.23,,
2006-09-24,,67,52,0.00,,
2006-09-25,,72,60,0.00,,
2006-09-26,,73,52,0.00,,
2006-09-27,,68,52,0.01,,
2006-09-28,,59,45,0.00,,
2006-09-29,,61,44,0.04,,
2006-09-30,,68,51,0.10,,
2006-10-01,,77,49,0.04,,
2006-10-02,,83,61,2.63,,
2006-10-03,,85,60,0.00,,
2006-10-04,,76,57,0.07,,
2006-10-05,,59,51,0.00,,
2006-10-06,,59,46,0.00,,
2006-10-07,,69,46,0.00,,
2006-10-08,,73,50,0.00,,
2006-10-09,,69,50,0.00,,
2006-10-10,,61,54,0.05,,
2006-10-11,,57,36,0.49,,
2006-10-12,,41,32,0.01,,
2006-10-13,,52,34,0.00,,
2006-10-14,,52,35,0.00,,
2006-10-15,,54,33,0.00,,
2006-10-16,,57,49,0.71,,
2006-10-17,,59,51,0.38,,
2006-10-18,,62,45,0.16,,
2006-10-19,,46,39,0.00,,
2006-10-20,,54,35,0.00,,
2006-10-21,,62,49,0.21,,
2006-10-22,,49,36,0.05,,
2006-10-23,,43,35,0.00,,
2006-10-24,,61,31,0.11,,
2006-10-25,,52,30,0.00,,
2006-10-26,,46,43,0.44,,
2006-10-27,,47,41,0.01,,
2006-10-28,,53,40,0.00,,
2006-10-29,,55,35,0.00,,
2006-10-30,,71,47,0.00,,
2006-10-31,,63,35,0.00,,
2006-11-01,,43,30,0.00,,
2006-11-02,,36,26,0.00,,
2006-11-03,,41,23,0.00,,
2006-11-04,,49,34,0.00,,
2006-11-05,,54,39,0.00,,
2006-11-06,,56,46,0.02,,
2006-11-07,,57,50,0.00,,
2006-11-08,,65,47,0.00,,
2006-11-09,,71,50,0.00,,
2006-11-10,,51,41,0.74,,
2006-11-11,,43,37,0.03,,
2006-11-12,,46,36,0.00,,
2006-11-13,,44,37,0.00,,
2006-11-14,,47,40,0.05,,
2006-11-15,,49,44,0.01,,
2006-11-16,,45,38,0.01,,
2006-11-17,,42,36,0.00,,
2006-11-18,,45,35,0.00,,
2006-11-19,,45,33,0.00,,
2006-11-20,,46,29,0.00,,
2006-11-21,,50,34,0.00,,
2006-11-22,,55,35,0.00,,
2006-11-23,,59,36,0.00,,
2006-11-24,,62,39,0.00,,
2006-11-25,,61,44,0.00,,
2006-11-26,,63,50,0.00,,
2006-11-27,,63,55,0.00,,
2006-11-28,,64,56,0.00,,
2006-11-29,,63,42,1.23,,
2006-11-30,,42,29,0.44,,
2006-12-01,,36,20,0.62,,
2006-12-02,,31,17,0.00,,
2006-12-03,,18,13,0.00,,
2006-12-04,,27,9,0.00,,
2006-12-05,,35,11,0.00,,
2006-12-06,,37,22,0.00,,
2006-12-07,,22,11,0.00,,
2006-12-08,,24,7,0.00,,
2006-12-09,,38,23,0.00,,
2006-12-10,,44,33,0.00,,
2006-12-11,,50,41,0.16,,
2006-12-12,,52,41,0.18,,
2006-12-13,,49,36,0.00,,
2006-12-14,,53,40,0.04,,
2006-12-15,,47,36,0.00,,
2006-12-16,,58,36,0.00,,
2006-12-17,,57,45,0.01,,
2006-12-18,,45,32,0.00,,
2006-12-19,,45,27,0.00,,
2006-12-20,,42,29,0.21,,
2006-12-21,,54,39,0.39,,
2006-12-22,,56,43,0.85,,
2006-12-23,,43,36,0.00,,
2006-12-24,,45,31,0.00,,
2006-12-25,,43,33,0.00,,
2006-12-26,,36,31,0.00,,
2006-12-27,,40,31,0.00,,
2006-12-28,,50,39,0.00,,
2006-12-29,,56,43,0.00,,
2006-12-30,,53,48,0.00,,
2006-12-31,,59,46,0.21,,
2007-01-01,,46,34,0.00,,
2007-01-02,,44,30,0.00,,
2007-01-03,,50,35,0.00,,
2007-01-04,,50,40,1.39,,
2007-01-05,,53,45,0.05,,
2007-01-06,,45,35,0.03,,
2007-01-07,,42,32,0.05,,
2007-01-08,,41,30,0.00,,
2007-01-09,,36,26,0.00,,
2007-01-10,,37,21,0.00,,
2007-01-11,,49,37,0.00,,
2007-01-12,,52,37,0.04,,
2007-01-13,,37,33,0.00,,
2007-01-14,,37,34,0.49,,
2007-01-15,,36,24,0.16,,
2007-01-16,,27,16,0.00,,
2007-01-17,,24,13,0.00,,
2007-01-18,,34,24,0.00,,
2007-01-19,,30,22,0.00,,
2007-01-20,,31,15,0.00,,
2007-01-21,,33,28,0.04,,
2007-01-22,,34,28,0.00,,
2007-01-23,,30,26,0.00,,
2007-01-24,,30,26,0.00,,
2007-01-25,,,19,0.00,,
2007-01-26,,44,,0.00,,
2007-01-27,,35,17,0.00,,
2007-01-28,,24,8,0.00,,
2007-01-29,,25,11,0.00,,
2007-01-30,,18,8,0.00,,
2007-01-31,,20,4,0.00,,
2007-02-01,,26,13,0.00,,
2007-02-02,,13,8,0.00,,
2007-02-03,,12,-5,0.00,,
2007-02-04,,4,-5,0.00,,
2007-02-05,,7,-9,0.00,,
2007-02-06,,10,-4,0.08,,
2007-02-07,,12,0,0.00,,
2007-02-08,,12,-3,0.00,,
2007-02-09,,19,2,0.00,,
2007-02-10,,14,0,0.00,,
2007-02-11,,27,7,0.00,,
2007-02-12,,31,25,0.07,,
2007-02-13,,27,19,0.07,,
2007-02-14,,22,8,0.00,,
2007-02-15,,15,3,0.00,,
2007-02-16,,19,-4,0.00,,
2007-02-17,,27,17,0.05,,
2007-02-18,,24,15,0.00,,
2007-02-19,,43,15,0.00,,
2007-02-20,,47,30,0.00,,
2007-02-21,,48,24,0.00,,
2007-02-22,,40,28,0.00,,
2007-02-23,,31,27,0.00,,
2007-02-24,,32,26,0.45,,
2007-02-25,,40,31,0.42,,
2007-02-26,,32,30,0.00,,
2007-02-27,,33,29,0.00,,
2007-02-28,,36,29,0.00,,
2007-03-01,,48,33,0.37,,
2007-03-02,,33,26,0.01,,
2007-03-03,,27,21,0.00,,
2007-03-04,,32,15,0.00,,
2007-03-05,,34,20,0.00,,
2007-03-06,,25,15,0.01,,
2007-03-07,,28,23,0.01,,
2007-03-08,,39,19,0.00,,
2007-03-09,,57,31,0.17,,
2007-03-10,,53,33,0.00,,
2007-03-11,,54,29,0.00,,
2007-03-12,,63,39,0.00,,
2007-03-13,,74,48,0.00,,
2007-03-14,,63,34,0.21,,
2007-03-15,,40,31,0.00,,
2007-03-16,,39,26,0.00,,
2007-03-17,,38,25,0.00,,
2007-03-18,,47,24,0.00,,
2007-03-19,,61,36,0.36,,
2007-03-20,,42,31,0.00,,
2007-03-21,,70,37,0.87,,
2007-03-22,,64,45,0.22,,
2007-03-23,,52,45,0.11,,
2007-03-24,,64,49,0.00,,
2007-03-25,,78,50,0.00,,
2007-03-26,,78,66,0.00,,
2007-03-27,,74,44,0.00,,
2007-03-28,,52,44,0.32,,
2007-03-29,,62,47,0.00,,
2007-03-30,,56,47,0.00,,
2007-03-31,,64,45,0.47,,
2007-04-01,,62,47,0.03,,
2007-04-02,,63,42,0.00,,
2007-04-03,,69,36,0.07,,
2007-04-04,,36,28,0.00,,
2007-04-05,,40,27,0.00,,
2007-04-06,,36,24,0.00,,
2007-04-07,,32,22,0.00,,
2007-04-08,,40,27,0.00,,
2007-04-09,,42,33,0.00,,
2007-04-10,,51,30,0.00,,
2007-04-11,,44,32,0.91,,
2007-04-12,,38,33,0.08,,
2007-04-13,,52,31,0.00,,
2007-04-14,,46,35,0.00,,
2007-04-15,,56,31,0.00,,
2007-04-16,,62,34,0.00,,
2007-04-17,,72,40,0.00,,
2007-04-18,,50,39,0.00,,
2007-04-19,,58,42,0.00,,
2007-04-20,,66,39,0.00,,
2007-04-21,,76,44,0.00,,
2007-04-22,,83,58,0.00,,
2007-04-23,,72,56,0.00,,
2007-04-24,,67,50,0.19,,
2007-04-25,,51,46,1.24,,
2007-04-26,,61,45,0.87,,
2007-04-27,,54,45,0.02,,
2007-04-28,,72,40,0.00,,
2007-04-29,,81,48,0.17,,
2007-04-30,,69,51,0.03,,
2007-05-01,,84,52,0.00,,
2007-05-02,,60,43,0.00,,
2007-05-03,,67,48,0.00,,
2007-05-04,,78,51,0.00,,
2007-05-05,,66,54,0.00,,
2007-05-06,,68,52,0.00,,
2007-05-07,,84,50,0.00,,
2007-05-08,,80,60,0.00,,
2007-05-09,,76,63,0.02,,
2007-05-10,,83,59,0.00,,
2007-05-11,,73,49,0.00,,
2007-05-12,,65,47,0.00,,
2007-05-13,,69,44,0.00,,
2007-05-14,,90,54,0.00,,
2007-05-15,,82,56,0.60,,
2007-05-16,,64,45,0.07,,
2007-05-17,,61,44,0.00,,
2007-05-18,,70,43,0.00,,
2007-05-19,,80,56,0.00,,
2007-05-20,,69,44,0.11,,
2007-05-21,,79,46,0.00,,
2007-05-22,,87,60,0.00,,
2007-05-23,,89,66,0.00,,
2007-05-24,,88,66,0.00,,
2007-05-25,,66,57,0.09,,
2007-05-26,,70,50,0.28,,
2007-05-27,,75,59,0.08,,
2007-05-28,,76,54,0.00,,
2007-05-29,,88,65,0.00,,
2007-05-30,,89,70,0.00,,
2007-05-31,,80,68,0.53,,
2007-06-01,,86,67,0.21,,
2007-06-02,,81,68,0.00,,
2007-06-03,,77,64,0.32,,
2007-06-04,,72,56,0.31,,
2007-06-05,,63,51,0.27,,
2007-06-06,,73,48,0.00,,
2007-06-07,,92,71,0.00,,
2007-06-08,,81,63,0.00,,
2007-06-09,,79,57,0.00,,
2007-06-10,,81,61,0.00,,
2007-06-11,,85,65,0.00,,
2007-06-12,,82,66,0.00,,
2007-06-13,,86,68,0.00,,
2007-06-14,,89,68,0.00,,
2007-06-15,,89,67,0.00,,
2007-06-16,,92,68,0.00,,
2007-06-17,,91,71,0.16,,
2007-06-18,,89,73,0.02,,
2007-06-19,,81,65,0.93,,
2007-06-20,,85,62,0.00,,
2007-06-21,,80,66,0.00,,
2007-06-22,,75,62,0.00,,
2007-06-23,,68,61,0.34,,
2007-06-24,,75,65,0.00,,
2007-06-25,,86,67,0.00,,
2007-06-26,,91,73,0.00,,
2007-06-27,,89,71,0.35,,
2007-06-28,,73,61,,,
2007-06-29,,71,56,,,
2007-06-30,,77,58,0.00,,
2007-07-01,,76,61,0.00,,
2007-07-02,,77,58,0.00,,
2007-07-03,,83,63,0.09,,
2007-07-04,,84,67,0.66,,
2007-07-05,,88,70,0.00,,
2007-07-06,,84,68,0.00,,
2007-07-07,,88,68,0.00,,
2007-07-08,,93,75,0.00,,
2007-07-09,,93,72,0.24,,
2007-07-10,,89,70,0.08,,
2007-07-11,,77,63,0.00,,
2007-07-12,,80,60,0.00,,
2007-07-13,,74,59,0.00,,
2007-07-14,,85,62,0.00,,
2007-07-15,,80,64,0.00,,
2007-07-16,,82,66,0.07,,
2007-07-17,,83,69,0.11,,
2007-07-18,,85,69,0.92,,
2007-07-19,,82,63,0.01,,
2007-07-20,,74,62,0.00,,
2007-07-21,,75,58,0.00,,
2007-07-22,,81,61,0.00,,
2007-07-23,,82,63,0.00,,
2007-07-24,,82,65,0.00,,
2007-07-25,,83,70,0.00,,
2007-07-26,,84,64,0.89,,
2007-07-27,,83,70,0.04,,
2007-07-28,,80,70,0.00,,
2007-07-29,,85,67,0.00,,
2007-07-30,,86,65,0.00,,
2007-07-31,,89,69,0.00,,
2007-08-01,,91,69,0.00,,
2007-08-02,,91,73,0.00,,
2007-08-03,,88,73,0.00,,
2007-08-04,,81,68,0.02,,
2007-08-05,,88,68,0.97,,
2007-08-06,,85,75,0.05,,
2007-08-07,,92,73,0.06,,
2007-08-08,,87,74,0.09,,
2007-08-09,,85,73,0.46,,
2007-08-10,,86,73,0.00,,
2007-08-11,,88,68,0.00,,
2007-08-12,,87,68,0.23,,
2007-08-13,,80,69,0.00,,
2007-08-14,,84,65,0.45,,
2007-08-15,,81,72,0.83,,
2007-08-16,,77,67,0.00,,
2007-08-17,,80,65,0.00,,
2007-08-18,,69,60,0.42,,
2007-08-19,,69,62,1.33,,
2007-08-20,,76,68,0.48,,
2007-08-21,,85,69,0.01,,
2007-08-22,,90,70,0.88,,
2007-08-23,,89,70,1.96,,
2007-08-24,,81,69,0.20,,
2007-08-25,,76,65,0.25,,
2007-08-26,,78,61,0.00,,
2007-08-27,,79,63,0.00,,
2007-08-28,,90,69,0.00,,
2007-08-29,,86,69,0.00,,
2007-08-30,,75,60,0.00,,
2007-08-31,,76,57,0.00,,
2007-09-01,,79,60,0.00,,
2007-09-02,,84,62,0.00,,
2007-09-03,,88,64,0.00,,
2007-09-04,,90,67,0.00,,
2007-09-05,,91,72,0.00,,
2007-09-06,,84,74,0.08,,
2007-09-07,,84,71,0.67,,
2007-09-08,,78,68,0.00,,
2007-09-09,,79,63,0.00,,
2007-09-10,,73,55,0.25,,
2007-09-11,,71,51,0.00,,
2007-09-12,,66,46,0.00,,
2007-09-13,,79,53,0.00,,
2007-09-14,,67,47,0.00,,
2007-09-15,,62,42,0.00,,
2007-09-16,,72,49,0.00,,
2007-09-17,,80,55,0.00,,
2007-09-18,,89,66,0.00,,
2007-09-19,,84,68,0.00,,
2007-09-20,,76,63,0.00,,
2007-09-21,,90,68,0.00,,
2007-09-22,,72,58,0.00,,
2007-09-23,,83,55,0.00,,
2007-09-24,,91,71,0.00,,
2007-09-25,,83,67,0.01,,
2007-09-26,,68,55,0.14,,
2007-09-27,,74,52,0.00,,
2007-09-28,,73,53,0.00,,
2007-09-29,,82,52,0.00,,
2007-09-30,,84,61,0.14,,
2007-10-01,,68,59,0.17,,
2007-10-02,,80,59,0.11,,
2007-10-03,,74,56,0.00,,
2007-10-04,,83,56,0.00,,
2007-10-05,,85,68,0.06,,
2007-10-06,,88,71,0.00,,
2007-10-07,,88,70,0.00,,
2007-10-08,,88,62,0.00,,
2007-10-09,,77,50,0.00,,
2007-10-10,,53,47,0.00,,
2007-10-11,,56,48,0.00,,
2007-10-12,,57,45,0.00,,
2007-10-13,,59,44,0.00,,
2007-10-14,,63,55,0.01,,
2007-10-15,,77,55,0.04,,
2007-10-16,,68,56,0.19,,
2007-10-17,,74,50,0.11,,
2007-10-18,,79,60,0.34,,
2007-10-19,,61,53,0.00,,
2007-10-20,,74,47,0.00,,
2007-10-21,,79,61,0.00,,
2007-10-22,,66,47,0.15,,
2007-10-23,,53,46,0.03,,
2007-10-24,,53,45,0.00,,
2007-10-25,,57,45,0.00,,
2007-10-26,,66,53,0.41,,
2007-10-27,,57,39,0.08,,
2007-10-28,,56,34,0.00,,
2007-10-29,,60,39,0.00,,
2007-10-30,,66,42,0.00,,
2007-10-31,,63,43,0.00,,
2007-11-01,,54,37,0.00,,
2007-11-02,,57,37,0.00,,
2007-11-03,,56,36,0.00,,
2007-11-04,,53,40,0.01,,
2007-11-05,,54,37,0.00,,
2007-11-06,,45,34,0.00,,
2007-11-07,,42,31,0.00,,
2007-11-08,,52,38,0.00,,
2007-11-09,,48,33,0.00,,
2007-11-10,,51,29,0.00,,
2007-11-11,,57,42,0.04,,
2007-11-12,,66,49,0.00,,
2007-11-13,,60,37,0.00,,
2007-11-14,,56,40,0.01,,
2007-11-15,,40,29,0.00,,
2007-11-16,,40,25,0.00,,
2007-11-17,,44,36,0.01,,
2007-11-18,,42,38,0.01,,
2007-11-19,,61,39,0.00,,
2007-11-20,,58,46,0.26,,
2007-11-21,,46,34,1.11,,
2007-11-22,,34,26,0.00,,
2007-11-23,,31,22,0.00,,
2007-11-24,,38,26,0.00,,
2007-11-25,,38,28,0.00,,
2007-11-26,,39,31,0.00,,
2007-11-27,,37,27,0.00,,
2007-11-28,,49,27,0.00,,
2007-11-29,,33,19,0.00,,
2007-11-30,,37,21,0.00,,
2007-12-01,,35,21,0.41,,
2007-12-02,,49,28,0.24,,
2007-12-03,,31,19,0.00,,
2007-12-04,,33,24,0.14,,
2007-12-05,,30,11,0.10,,
2007-12-06,,25,7,0.02,,
2007-12-07,,30,25,0.00,,
2007-12-08,,28,16,0.01,,
2007-12-09,,33,27,0.00,,
2007-12-10,,34,28,0.00,,
2007-12-11,,34,29,0.68,,
2007-12-12,,36,26,0.00,,
2007-12-13,,34,29,0.00,,
2007-12-14,,29,20,0.00,,
2007-12-15,,31,27,0.13,,
2007-12-16,,29,18,0.03,,
2007-12-17,,23,16,0.00,,
2007-12-18,,35,21,0.00,,
2007-12-19,,35,23,0.00,,
2007-12-20,,39,24,0.02,,
2007-12-21,,39,34,0.04,,
2007-12-22,,51,36,0.03,,
2007-12-23,,52,15,0.10,,
2007-12-24,,27,21,0.00,,
2007-12-25,,42,24,0.00,,
2007-12-26,,45,29,0.02,,
2007-12-27,,36,31,0.06,,
2007-12-28,,35,31,0.18,,
2007-12-29,,31,22,0.00,,
2007-12-30,,33,24,0.00,,
2007-12-31,,32,24,0.11,,
2008-01-01,,28,5,0.00,,
2008-01-02,,21,3,0.00,,
2008-01-03,,23,1,0.00,,
2008-01-04,,35,22,0.00,,
2008-01-05,,43,35,0.02,,
2008-01-06,,60,42,0.00,,
2008-01-07,,65,54,0.42,,
2008-01-08,,56,37,1.55,,
2008-01-09,,40,31,0.00,,
2008-01-10,,44,33,0.24,,
2008-01-11,,37,30,0.00,,
2008-01-12,,42,27,0.00,,
2008-01-13,,36,27,0.00,,
2008-01-14,,27,18,0.00,,
2008-01-15,,27,14,0.00,,
2008-01-16,,39,21,0.00,,
2008-01-17,,34,13,0.07,,
2008-01-18,,29,8,0.00,,
2008-01-19,,8,-3,0.00,,
2008-01-20,,10,-4,0.00,,
2008-01-21,,28,9,0.05,,
2008-01-22,,31,11,0.09,,
2008-01-23,,16,7,0.01,,
2008-01-24,,11,-3,0.00,,
2008-01-25,,21,-3,0.03,,
2008-01-26,,32,19,0.02,,
2008-01-27,,36,12,0.00,,
2008-01-28,,44,30,0.04,,
2008-01-29,,49,2,0.10,,
2008-01-30,,13,-1,0.00,,
2008-01-31,,26,12,0.04,,
2008-02-01,,31,24,0.06,,
2008-02-02,,31,25,0.00,,
2008-02-03,,32,26,0.16,,
2008-02-04,,43,20,0.08,,
2008-02-05,,43,34,0.19,,
2008-02-06,,35,27,0.41,,
2008-02-07,,28,26,0.00,,
2008-02-08,,39,26,0.12,,
2008-02-09,,36,17,0.00,,
2008-02-10,,17,-3,0.00,,
2008-02-11,,15,-3,0.03,,
2008-02-12,,22,15,0.04,,
2008-02-13,,23,9,0.00,,
2008-02-14,,36,17,0.00,,
2008-02-15,,28,13,0.00,,
2008-02-16,,36,11,0.00,,
2008-02-17,,53,31,0.77,,
2008-02-18,,33,7,0.00,,
2008-02-19,,16,4,0.00,,
2008-02-20,,36,6,0.00,,
2008-02-21,,23,10,0.00,,
2008-02-22,,30,21,0.00,,
2008-02-23,,35,21,0.00,,
2008-02-24,,37,20,0.00,,
2008-02-25,,34,31,0.29,,
2008-02-26,,33,21,0.06,,
2008-02-27,,25,16,0.00,,
2008-02-28,,25,10,0.01,,
2008-02-29,,39,23,0.05,,
2008-03-01,,33,23,0.00,,
2008-03-02,,58,33,0.00,,
2008-03-03,,57,26,0.32,,
2008-03-04,,31,25,0.00,,
2008-03-05,,37,21,0.00,,
2008-03-06,,35,24,0.00,,
2008-03-07,,28,16,0.00,,
2008-03-08,,27,16,0.00,,
2008-03-09,,37,22,0.00,,
2008-03-10,,35,25,0.00,,
2008-03-11,,48,23,0.00,,
2008-03-12,,44,30,0.00,,
2008-03-13,,59,39,0.00,,
2008-03-14,,55,34,0.00,,
2008-03-15,,40,31,0.00,,
2008-03-16,,37,30,0.00,,
2008-03-17,,40,31,0.08,,
2008-03-18,,46,36,0.06,,
2008-03-19,,47,33,0.00,,
2008-03-20,,48,28,0.00,,
2008-03-21,,34,30,0.18,,
2008-03-22,,37,28,0.01,,
2008-03-23,,40,27,0.00,,
2008-03-24,,40,28,0.00,,
2008-03-25,,60,36,0.00,,
2008-03-26,,52,32,0.00,,
2008-03-27,,47,33,0.32,,
2008-03-28,,40,32,0.01,,
2008-03-29,,44,29,0.00,,
2008-03-30,,43,36,0.04,,
2008-03-31,,61,40,0.31,,
2008-04-01,,59,33,0.00,,
2008-04-02,,50,30,0.00,,
2008-04-03,,54,36,0.05,,
2008-04-04,,53,37,0.01,,
2008-04-05,,63,39,0.00,,
2008-04-06,,65,43,0.00,,
2008-04-07,,54,43,0.00,,
2008-04-08,,50,42,0.50,,
2008-04-09,,52,38,0.00,,
2008-04-10,,56,38,0.60,,
2008-04-11,,65,40,0.06,,
2008-04-12,,41,34,0.16,,
2008-04-13,,41,34,0.03,,
2008-04-14,,50,34,0.00,,
2008-04-15,,59,33,0.00,,
2008-04-16,,72,46,0.00,,
2008-04-17,,74,50,0.00,,
2008-04-18,,76,52,0.00,,
2008-04-19,,61,50,0.10,,
2008-04-20,,70,47,0.00,,
2008-04-21,,75,45,0.00,,
2008-04-22,,75,56,0.00,,
2008-04-23,,73,52,0.00,,
2008-04-24,,74,54,0.05,,
2008-04-25,,82,45,0.34,,
2008-04-26,,58,40,0.00,,
2008-04-27,,53,40,0.00,,
2008-04-28,,47,37,0.19,,
2008-04-29,,44,35,0.00,,
2008-04-30,,59,35,0.00,,
2008-05-01,,73,48,0.00,,
2008-05-02,,74,55,0.74,,
2008-05-03,,56,44,0.01,,
2008-05-04,,66,39,0.00,,
2008-05-05,,74,50,0.00,,
2008-05-06,,82,52,0.00,,
2008-05-07,,71,50,0.71,,
2008-05-08,,59,47,0.00,,
2008-05-09,,58,42,0.00,,
2008-05-10,,61,41,0.00,,
2008-05-11,,60,47,1.46,,
2008-05-12,,53,41,0.00,,
2008-05-13,,73,45,0.32,,
2008-05-14,,61,46,0.02,,
2008-05-15,,57,43,0.00,,
2008-05-16,,72,41,0.00,,
2008-05-17,,73,50,0.26,,
2008-05-18,,55,45,0.00,,
2008-05-19,,59,42,0.00,,
2008-05-20,,64,49,0.00,,
2008-05-21,,65,45,0.00,,
2008-05-22,,56,47,0.00,,
2008-05-23,,59,48,0.00,,
2008-05-24,,68,44,0.00,,
2008-05-25,,78,51,0.00,,
2008-05-26,,84,53,0.00,,
2008-05-27,,53,45,0.00,,
2008-05-28,,61,45,0.00,,
2008-05-29,,68,45,0.08,,
2008-05-30,,77,58,0.30,,
2008-05-31,,79,60,0.00,,
2008-06-01,,71,56,0.00,,
2008-06-02,,85,61,0.00,,
2008-06-03,,74,57,0.92,,
2008-06-04,,78,59,0.02,,
2008-06-05,,88,68,0.22,,
2008-06-06,,86,73,0.03,,
2008-06-07,,84,72,0.07,,
2008-06-08,,87,65,1.31,,
2008-06-09,,74,65,0.21,,
2008-06-10,,80,60,0.01,,
2008-06-11,,86,66,0.00,,
2008-06-12,,91,73,0.00,,
2008-06-13,,82,66,0.19,,
2008-06-14,,84,61,0.00,,
2008-06-15,,82,60,0.29,,
2008-06-16,,74,60,0.00,,
2008-06-17,,76,56,0.00,,
2008-06-18,,75,58,0.00,,
2008-06-19,,80,55,0.00,,
2008-06-20,,83,60,0.04,,
2008-06-21,,83,62,0.01,,
2008-06-22,,81,61,0.02,,
2008-06-23,,76,57,0.00,,
2008-06-24,,82,57,0.00,,
2008-06-25,,79,67,0.11,,
2008-06-26,,87,71,0.00,,
2008-06-27,,85,69,0.00,,
2008-06-28,,84,66,0.00,,
2008-06-29,,77,61,0.22,,
2008-06-30,,81,59,0.00,,
2008-07-01,,84,57,0.00,,
2008-07-02,,89,63,0.12,,
2008-07-03,,71,59,0.00,,
2008-07-04,,75,58,0.00,,
2008-07-05,,79,57,0.00,,
2008-07-06,,88,63,0.00,,
2008-07-07,,87,74,0.11,,
2008-07-08,,86,,0.28,,
2008-07-09,,85,67,0.00,,
2008-07-10,,84,64,0.43,,
2008-07-11,,89,64,0.03,,
2008-07-12,,83,66,0.65,,
2008-07-13,,79,61,0.00,,
2008-07-14,,84,62,0.00,,
2008-07-15,,91,67,0.00,,
2008-07-16,,91,73,0.00,,
2008-07-17,,90,74,0.00,,
2008-07-18,,91,73,0.00,,
2008-07-19,,80,70,1.22,,
2008-07-20,,86,68,0.43,,
2008-07-21,,84,70,0.13,,
2008-07-22,,75,66,0.06,,
2008-07-23,,81,60,0.00,,
2008-07-24,,82,60,0.00,,
2008-07-25,,84,65,0.00,,
2008-07-26,,85,67,0.00,,
2008-07-27,,83,63,0.00,,
2008-07-28,,84,70,0.00,,
2008-07-29,,89,70,0.23,,
2008-07-30,,90,72,0.00,,
2008-07-31,,89,71,0.50,,
2008-08-01,,89,72,0.00,,
2008-08-02,,80,68,0.00,,
2008-08-03,,85,63,0.00,,
2008-08-04,,88,69,0.59,,
2008-08-05,,88,71,0.08,,
2008-08-06,,84,67,0.01,,
2008-08-07,,81,63,0.01,,
2008-08-08,,78,64,0.00,,
2008-08-09,,78,61,0.00,,
2008-08-10,,74,61,0.00,,
2008-08-11,,76,60,0.00,,
2008-08-12,,77,62,0.00,,
2008-08-13,,77,66,0.00,,
2008-08-14,,78,65,0.00,,
2008-08-15,,78,61,0.00,,
2008-08-16,,82,59,0.00,,
2008-08-17,,85,63,0.00,,
2008-08-18,,85,65,0.00,,
2008-08-19,,84,65,0.00,,
2008-08-20,,81,67,0.00,,
2008-08-21,,82,69,0.00,,
2008-08-22,,84,75,0.00,,
2008-08-23,,90,69,0.00,,
2008-08-24,,78,65,0.00,,
2008-08-25,,74,66,0.00,,
2008-08-26,,75,61,0.00,,
2008-08-27,,82,60,0.00,,
2008-08-28,,81,67,0.02,,
2008-08-29,,84,67,0.00,,
2008-08-30,,87,61,0.00,,
2008-08-31,,89,65,0.00,,
2008-09-01,,89,67,0.00,,
2008-09-02,,95,68,0.00,,
2008-09-03,,77,68,0.00,,
2008-09-04,,68,63,2.68,,
2008-09-05,,68,58,0.01,,
2008-09-06,,74,56,0.00,,
2008-09-07,,74,58,0.01,,
2008-09-08,,70,53,1.01,,
2008-09-09,,68,49,0.01,,
2008-09-10,,72,50,0.00,,
2008-09-11,,79,57,0.00,,
2008-09-12,,73,69,0.62,,
2008-09-13,,77,69,3.07,,
2008-09-14,,72,58,1.75,,
2008-09-15,,65,55,0.01,,
2008-09-16,,71,50,0.00,,
2008-09-17,,83,58,0.00,,
2008-09-18,,74,62,0.00,,
2008-09-19,,79,58,0.00,,
2008-09-20,,82,59,0.00,,
2008-09-21,,80,60,0.00,,
2008-09-22,,82,63,0.00,,
2008-09-23,,83,63,0.00,,
2008-09-24,,82,62,0.00,,
2008-09-25,,78,66,0.00,,
2008-09-26,,78,60,0.00,,
2008-09-27,,80,55,0.00,,
2008-09-28,,69,60,0.00,,
2008-09-29,,65,56,0.11,,
2008-09-30,,61,48,0.01,,
2008-10-01,,62,46,0.00,,
2008-10-02,,62,43,0.00,,
2008-10-03,,59,49,0.01,,
2008-10-04,,60,42,0.00,,
2008-10-05,,61,46,0.03,,
2008-10-06,,70,56,0.00,,
2008-10-07,,65,56,0.86,,
2008-10-08,,63,52,0.29,,
2008-10-09,,69,48,0.00,,
2008-10-10,,73,46,0.00,,
2008-10-11,,80,55,0.00,,
2008-10-12,,86,62,0.00,,
2008-10-13,,79,64,0.00,,
2008-10-14,,70,55,0.00,,
2008-10-15,,64,50,0.24,,
2008-10-16,,59,44,0.00,,
2008-10-17,,56,44,0.00,,
2008-10-18,,60,46,0.14,,
2008-10-19,,62,44,0.00,,
2008-10-20,,56,44,0.31,,
2008-10-21,,55,39,0.00,,
2008-10-22,,54,40,0.00,,
2008-10-23,,60,40,0.09,,
2008-10-24,,56,45,0.63,,
2008-10-25,,53,43,0.00,,
2008-10-26,,56,36,0.01,,
2008-10-27,,47,34,0.00,,
2008-10-28,,45,32,0.00,,
2008-10-29,,51,33,0.00,,
2008-10-30,,63,34,0.00,,
2008-10-31,,71,49,0.00,,
2008-11-01,,54,49,0.00,,
2008-11-02,,70,49,0.16,,
2008-11-03,,73,56,0.00,,
2008-11-04,,72,53,0.00,,
2008-11-05,,71,52,0.00,,
2008-11-06,,67,51,0.23,,
2008-11-07,,51,37,0.03,,
2008-11-08,,39,36,0.02,,
2008-11-09,,38,30,0.00,,
2008-11-10,,39,27,0.00,,
2008-11-11,,39,26,0.15,,
2008-11-12,,49,38,0.06,,
2008-11-13,,55,44,0.03,,
2008-11-14,,52,43,0.11,,
2008-11-15,,43,35,0.00,,
2008-11-16,,36,29,0.00,,
2008-11-17,,36,26,0.00,,
2008-11-18,,35,22,0.00,,
2008-11-19,,44,29,0.00,,
2008-11-20,,36,23,0.00,,
2008-11-21,,29,17,0.00,,
2008-11-22,,33,19,0.00,,
2008-11-23,,44,24,0.00,,
2008-11-24,,38,32,0.05,,
2008-11-25,,40,28,0.00,,
2008-11-26,,42,24,0.00,,
2008-11-27,,45,25,0.00,,
2008-11-28,,44,27,0.00,,
2008-11-29,,44,25,0.00,,
2008-11-30,,39,33,0.25,,
2008-12-01,,36,22,0.09,,
2008-12-02,,34,21,0.00,,
2008-12-03,,39,22,0.03,,
2008-12-04,,24,14,0.00,,
2008-12-05,,22,9,0.00,,
2008-12-06,,32,14,0.04,,
2008-12-07,,20,6,0.00,,
2008-12-08,,40,20,0.06,,
2008-12-09,,42,27,0.93,,
2008-12-10,,30,22,0.00,,
2008-12-11,,33,19,0.00,,
2008-12-12,,21,13,0.00,,
2008-12-13,,40,20,0.27,,
2008-12-14,,51,33,0.12,,
2008-12-15,,33,6,0.07,,
2008-12-16,,21,8,0.18,,
2008-12-17,,20,10,0.00,,
2008-12-18,,24,9,0.05,,
2008-12-19,,32,23,0.85,,
2008-12-20,,31,16,0.03,,
2008-12-21,,16,-5,0.00,,
2008-12-22,,8,-3,0.00,,
2008-12-23,,34,8,0.28,,
2008-12-24,,35,7,0.18,,
2008-12-25,,26,3,0.00,,
2008-12-26,,53,26,0.05,,
2008-12-27,,62,33,1.63,,
2008-12-28,,33,25,0.00,,
2008-12-29,,44,29,0.00,,
2008-12-30,,41,27,0.00,,
2008-12-31,,27,13,0.00,,
2009-01-01,,32,18,0.00,,
2009-01-02,,31,20,0.00,,
2009-01-03,,37,19,0.00,,
2009-01-04,,38,18,0.02,,
2009-01-05,,28,12,0.00,,
2009-01-06,,31,20,0.01,,
2009-01-07,,29,13,0.03,,
2009-01-08,,21,12,0.00,,
2009-01-09,,29,14,0.13,,
2009-01-10,,37,21,0.12,,
2009-01-11,,21,17,0.00,,
2009-01-12,,31,13,0.11,,
2009-01-13,,30,1,0.01,,
2009-01-14,,16,1,0.06,,
2009-01-15,,1,-13,0.00,,
2009-01-16,,4,-18,0.00,,
2009-01-17,,25,4,0.00,,
2009-01-18,,18,10,0.00,,
2009-01-19,,24,11,0.00,,
2009-01-20,,26,10,0.00,,
2009-01-21,,29,12,0.00,,
2009-01-22,,35,16,0.00,,
2009-01-23,,34,15,0.00,,
2009-01-24,,18,2,0.00,,
2009-01-25,,,2,0.00,,
2009-01-26,,17,7,0.00,,
2009-01-27,,23,10,0.00,,
2009-01-28,,20,13,0.00,,
2009-01-29,,29,13,0.00,,
2009-01-30,,16,6,0.00,,
2009-01-31,,38,7,0.00,,
2009-02-01,,39,26,0.00,,
2009-02-02,,27,12,0.00,,
2009-02-03,,21,3,0.00,,
2009-02-04,,18,3,0.00,,
2009-02-05,,26,5,0.00,,
2009-02-06,,44,16,0.00,,
2009-02-07,,59,37,0.00,,
2009-02-08,,43,29,0.00,,
2009-02-09,,54,28,0.13,,
2009-02-10,,62,50,0.00,,
2009-02-11,,52,36,0.64,,
2009-02-12,,39,30,0.00,,
2009-02-13,,35,26,0.00,,
2009-02-14,,34,23,0.01,,
2009-02-15,,32,19,0.00,,
2009-02-16,,33,18,0.00,,
2009-02-17,,42,27,0.01,,
2009-02-18,,39,20,0.38,,
2009-02-19,,23,10,0.00,,
2009-02-20,,28,13,0.00,,
2009-02-21,,31,20,0.10,,
2009-02-22,,25,13,0.00,,
2009-02-23,,27,11,0.00,,
2009-02-24,,40,20,0.00,,
2009-02-25,,55,17,0.00,,
2009-02-26,,54,34,1.66,,
2009-02-27,,50,23,0.06,,
2009-02-28,,28,21,0.00,,
2009-03-01,,22,15,0.00,,
2009-03-02,,22,15,0.00,,
2009-03-03,,30,19,0.00,,
2009-03-04,,45,28,0.00,,
2009-03-05,,64,39,0.00,,
2009-03-06,,67,43,0.00,,
2009-03-07,,46,39,1.26,,
2009-03-08,,55,35,1.84,,
2009-03-09,,43,34,0.06,,
2009-03-10,,62,35,0.96,,
2009-03-11,,35,18,0.00,,
2009-03-12,,25,16,0.00,,
2009-03-13,,41,22,0.00,,
2009-03-14,,50,26,0.00,,
2009-03-15,,57,31,0.00,,
2009-03-16,,64,42,0.00,,
2009-03-17,,74,47,0.00,,
2009-03-18,,57,41,0.00,,
2009-03-19,,47,29,0.00,,
2009-03-20,,42,27,0.00,,
2009-03-21,,61,39,0.00,,
2009-03-22,,62,40,0.00,,
2009-03-23,,57,40,0.01,,
2009-03-24,,70,49,0.14,,
2009-03-25,,50,40,0.00,,
2009-03-26,,59,40,0.00,,
2009-03-27,,46,33,0.00,,
2009-03-28,,38,33,0.49,,
2009-03-29,,41,32,0.47,,
2009-03-30,,43,28,0.00,,
2009-03-31,,53,38,0.41,,
2009-04-01,,54,38,0.00,,
2009-04-02,,55,39,0.16,,
2009-04-03,,50,35,0.07,,
2009-04-04,,48,31,0.00,,
2009-04-05,,43,33,0.35,,
2009-04-06,,40,33,0.00,,
2009-04-07,,49,30,0.00,,
2009-04-08,,54,30,0.00,,
2009-04-09,,58,35,0.00,,
2009-04-10,,46,39,0.00,,
2009-04-11,,47,35,0.00,,
2009-04-12,,53,32,0.00,,
2009-04-13,,46,37,0.48,,
2009-04-14,,44,37,0.00,,
2009-04-15,,57,41,0.00,,
2009-04-16,,61,37,0.00,,
2009-04-17,,70,38,0.00,,
2009-04-18,,74,45,0.00,,
2009-04-19,,62,46,0.86,,
2009-04-20,,54,41,0.14,,
2009-04-21,,44,38,0.11,,
2009-04-22,,62,38,0.00,,
2009-04-23,,67,39,0.20,,
2009-04-24,,85,55,0.00,,
2009-04-25,,77,42,0.09,,
2009-04-26,,81,42,0.30,,
2009-04-27,,73,51,0.94,,
2009-04-28,,51,43,0.08,,
2009-04-29,,55,47,0.03,,
2009-04-30,,69,55,0.42,,
2009-05-01,,62,48,0.04,,
2009-05-02,,65,45,0.00,,
2009-05-03,,70,45,0.00,,
2009-05-04,,70,49,0.00,,
2009-05-05,,70,54,0.00,,
2009-05-06,,75,56,0.86,,
2009-05-07,,77,56,0.03,,
2009-05-08,,74,57,0.01,,
2009-05-09,,64,45,0.00,,
2009-05-10,,67,43,0.02,,
2009-05-11,,61,40,0.00,,
2009-05-12,,72,44,0.00,,
2009-05-13,,71,54,1.03,,
2009-05-14,,69,55,0.00,,
2009-05-15,,63,55,0.70,,
2009-05-16,,62,47,0.04,,
2009-05-17,,59,41,0.00,,
2009-05-18,,67,45,0.00,,
2009-05-19,,80,54,0.00,,
2009-05-20,,85,61,0.00,,
2009-05-21,,85,60,0.00,,
2009-05-22,,70,56,0.00,,
2009-05-23,,79,55,0.00,,
2009-05-24,,70,56,0.00,,
2009-05-25,,64,56,0.08,,
2009-05-26,,76,56,1.38,,
2009-05-27,,75,58,0.00,,
2009-05-28,,64,55,0.00,,
2009-05-29,,77,55,0.00,,
2009-05-30,,79,53,0.00,,
2009-05-31,,72,49,0.00,,
2009-06-01,,80,52,0.83,,
2009-06-02,,61,50,0.06,,
2009-06-03,,61,47,0.00,,
2009-06-04,,68,47,0.00,,
2009-06-05,,80,47,0.00,,
2009-06-06,,66,55,0.00,,
2009-06-07,,74,56,0.00,,
2009-06-08,,82,55,0.30,,
2009-06-09,,67,56,0.00,,
2009-06-10,,67,55,0.04,,
2009-06-11,,60,53,1.14,,
2009-06-12,,72,50,0.00,,
2009-06-13,,66,56,0.31,,
2009-06-14,,76,54,0.00,,
2009-06-15,,81,57,0.00,,
2009-06-16,,71,64,1.07,,
2009-06-17,,73,63,0.00,,
2009-06-18,,81,63,0.11,,
2009-06-19,,88,66,0.87,,
2009-06-20,,88,69,0.00,,
2009-06-21,,86,71,0.00,,
2009-06-22,,89,70,0.06,,
2009-06-23,,92,75,0.00,,
2009-06-24,,93,73,0.78,,
2009-06-25,,93,76,0.00,,
2009-06-26,,86,72,0.00,,
2009-06-27,,90,67,0.05,,
2009-06-28,,83,68,0.00,,
2009-06-29,,78,65,0.00,,
2009-06-30,,68,61,0.00,,
2009-07-01,,65,57,0.02,,
2009-07-02,,73,60,0.00,,
2009-07-03,,79,62,0.00,,
2009-07-04,,69,63,0.12,,
2009-07-05,,82,61,0.03,,
2009-07-06,,85,63,0.00,,
2009-07-07,,76,65,0.00,,
2009-07-08,,68,62,0.17,,
2009-07-09,,80,63,0.00,,
2009-07-10,,84,67,0.12,,
2009-07-11,,85,68,1.12,,
2009-07-12,,82,60,0.00,,
2009-07-13,,78,66,0.00,,
2009-07-14,,81,60,0.00,,
2009-07-15,,86,67,0.32,,
2009-07-16,,82,65,0.17,,
2009-07-17,,70,58,0.00,,
2009-07-18,,73,58,0.00,,
2009-07-19,,73,60,0.00,,
2009-07-20,,76,59,0.00,,
2009-07-21,,82,64,0.00,,
2009-07-22,,79,66,0.00,,
2009-07-23,,79,63,0.10,,
2009-07-24,,83,62,0.19,,
2009-07-25,,81,66,0.00,,
2009-07-26,,82,64,0.00,,
2009-07-27,,84,66,0.03,,
2009-07-28,,86,68,0.01,,
2009-07-29,,79,66,0.00,,
2009-07-30,,80,65,0.00,,
2009-07-31,,82,62,0.00,,
2009-08-01,,75,63,0.01,,
2009-08-02,,79,58,0.00,,
2009-08-03,,86,68,0.06,,
2009-08-04,,86,69,0.00,,
2009-08-05,,79,66,0.00,,
2009-08-06,,81,62,0.00,,
2009-08-07,,74,67,0.23,,
2009-08-08,,89,69,0.08,,
2009-08-09,,92,77,0.02,,
2009-08-10,,86,71,0.00,,
2009-08-11,,81,65,0.00,,
2009-08-12,,82,63,0.00,,
2009-08-13,,86,63,0.00,,
2009-08-14,,88,67,0.00,,
2009-08-15,,89,70,0.00,,
2009-08-16,,90,71,0.27,,
2009-08-17,,83,71,0.59,,
2009-08-18,,84,66,0.00,,
2009-08-19,,81,64,0.61,,
2009-08-20,,79,64,0.12,,
2009-08-21,,74,59,0.05,,
2009-08-22,,69,58,0.00,,
2009-08-23,,73,58,0.00,,
2009-08-24,,79,57,0.00,,
2009-08-25,,82,61,0.00,,
2009-08-26,,72,64,0.54,,
2009-08-27,,67,62,1.19,,
2009-08-28,,71,61,0.28,,
2009-08-29,,69,56,0.01,,
2009-08-30,,66,51,0.00,,
2009-08-31,,67,49,0.00,,
2009-09-01,,71,50,0.00,,
2009-09-02,,72,53,0.00,,
2009-09-03,,75,57,0.00,,
2009-09-04,,75,58,0.00,,
2009-09-05,,78,57,0.00,,
2009-09-06,,77,66,0.00,,
2009-09-07,,77,63,0.00,,
2009-09-08,,78,62,0.00,,
2009-09-09,,77,68,0.00,,
2009-09-10,,80,65,0.00,,
2009-09-11,,78,64,0.00,,
2009-09-12,,78,61,0.00,,
2009-09-13,,79,57,0.01,,
2009-09-14,,84,59,0.00,,
2009-09-15,,83,63,0.00,,
2009-09-16,,72,62,0.00,,
2009-09-17,,71,54,0.00,,
2009-09-18,,79,52,0.00,,
2009-09-19,,75,58,0.00,,
2009-09-20,,71,54,0.44,,
2009-09-21,,69,63,0.00,,
2009-09-22,,76,63,0.04,,
2009-09-23,,76,62,0.00,,
2009-09-24,,71,64,0.00,,
2009-09-25,,70,60,0.02,,
2009-09-26,,66,56,0.00,,
2009-09-27,,74,53,0.48,,
2009-09-28,,63,50,0.00,,
2009-09-29,,58,48,0.00,,
2009-09-30,,61,49,0.00,,
2009-10-01,,59,44,0.59,,
2009-10-02,,56,48,0.17,,
2009-10-03,,58,47,0.03,,
2009-10-04,,61,45,0.00,,
2009-10-05,,61,42,0.00,,
2009-10-06,,62,49,0.05,,
2009-10-07,,60,45,0.00,,
2009-10-08,,54,47,0.14,,
2009-10-09,,52,40,0.43,,
2009-10-10,,48,33,0.00,,
2009-10-11,,45,29,0.00,,
2009-10-12,,49,42,0.00,,
2009-10-13,,48,36,0.00,,
2009-10-14,,48,42,0.03,,
2009-10-15,,44,41,0.33,,
2009-10-16,,46,40,0.08,,
2009-10-17,,52,39,0.01,,
2009-10-18,,53,33,0.00,,
2009-10-19,,66,43,0.00,,
2009-10-20,,64,51,0.05,,
2009-10-21,,70,55,0.01,,
2009-10-22,,58,49,0.84,,
2009-10-23,,62,44,1.29,,
2009-10-24,,49,39,0.05,,
2009-10-25,,63,44,0.24,,
2009-10-26,,55,50,0.13,,
2009-10-27,,52,48,0.16,,
2009-10-28,,58,50,0.00,,
2009-10-29,,60,48,1.05,,
2009-10-30,,68,47,1.15,,
2009-10-31,,47,37,0.01,,
2009-11-01,,52,34,0.00,,
2009-11-02,,61,42,0.00,,
2009-11-03,,48,34,0.00,,
2009-11-04,,54,41,0.00,,
2009-11-05,,54,36,0.00,,
2009-11-06,,62,36,0.00,,
2009-11-07,,70,51,0.00,,
2009-11-08,,71,46,0.00,,
2009-11-09,,65,51,0.00,,
2009-11-10,,54,45,0.00,,
2009-11-11,,53,36,0.00,,
2009-11-12,,55,33,0.00,,
2009-11-13,,56,39,0.00,,
2009-11-14,,64,47,0.00,,
2009-11-15,,56,43,0.01,,
2009-11-16,,49,45,0.00,,
2009-11-17,,49,44,0.07,,
2009-11-18,,49,44,0.32,,
2009-11-19,,48,42,0.01,,
2009-11-20,,53,42,0.01,,
2009-11-21,,53,36,0.00,,
2009-11-22,,57,36,0.00,,
2009-11-23,,49,42,0.00,,
2009-11-24,,51,38,0.67,,
2009-11-25,,49,37,0.08,,
2009-11-26,,42,34,0.09,,
2009-11-27,,40,30,0.00,,
2009-11-28,,54,31,0.00,,
2009-11-29,,45,35,0.02,,
2009-11-30,,41,30,0.00,,
2009-12-01,,56,33,0.00,,
2009-12-02,,46,36,0.04,,
2009-12-03,,38,26,0.00,,
2009-12-04,,28,24,0.00,,
2009-12-05,,33,24,0.00,,
2009-12-06,,37,25,0.00,,
2009-12-07,,32,28,0.03,,
2009-12-08,,36,28,0.36,,
2009-12-09,,36,10,0.16,,
2009-12-10,,14,2,0.00,,
2009-12-11,,24,10,0.00,,
2009-12-12,,38,21,0.03,,
2009-12-13,,38,33,0.00,,
2009-12-14,,40,28,0.01,,
2009-12-15,,28,9,0.00,,
2009-12-16,,23,6,0.00,,
2009-12-17,,37,20,0.00,,
2009-12-18,,38,33,0.06,,
2009-12-19,,34,31,0.14,,
2009-12-20,,31,27,0.00,,
2009-12-21,,30,26,0.01,,
2009-12-22,,32,28,0.14,,
2009-12-23,,32,30,0.29,,
2009-12-24,,36,32,0.35,,
2009-12-25,,43,22,0.37,,
2009-12-26,,27,20,0.02,,
2009-12-27,,21,15,0.01,,
2009-12-28,,30,15,0.00,,
2009-12-29,,25,10,0.00,,
2009-12-30,,32,18,0.02,,
2009-12-31,,33,11,0.01,,
2010-01-01,,18,5,0.00,,
2010-01-02,,12,3,0.00,,
2010-01-03,,19,1,0.00,,
2010-01-04,,19,9,0.00,,
2010-01-05,,23,15,0.00,,
2010-01-06,,23,8,0.00,,
2010-01-07,,21,15,0.20,,
2010-01-08,,28,15,0.02,,
2010-01-09,,24,9,0.00,,
2010-01-10,,19,0,0.00,,
2010-01-11,,27,17,0.00,,
2010-01-12,,31,20,0.00,,
2010-01-13,,34,18,0.00,,
2010-01-14,,41,30,0.00,,
2010-01-15,,34,25,0.00,,
2010-01-16,,28,24,0.00,,
2010-01-17,,35,21,0.00,,
2010-01-18,,31,28,0.00,,
2010-01-19,,38,24,0.00,,
2010-01-20,,33,29,0.03,,
2010-01-21,,36,30,0.09,,
2010-01-22,,35,33,0.00,,
2010-01-23,,46,34,0.00,,
2010-01-24,,47,31,0.33,,
2010-01-25,,32,19,0.00,,
2010-01-26,,23,13,0.00,,
2010-01-27,,24,10,0.00,,
2010-01-28,,18,7,0.00,,
2010-01-29,,21,5,0.00,,
2010-01-30,,25,17,0.00,,
2010-01-31,,30,15,0.00,,
2010-02-01,,31,17,0.00,,
2010-02-02,,32,25,0.05,,
2010-02-03,,33,23,0.00,,
2010-02-04,,34,24,0.00,,
2010-02-05,,35,30,0.02,,
2010-02-06,,30,25,0.00,,
2010-02-07,,30,22,0.00,,
2010-02-08,,29,21,0.00,,
2010-02-09,,28,23,0.21,,
2010-02-10,,27,17,0.01,,
2010-02-11,,31,10,0.00,,
2010-02-12,,33,14,0.00,,
2010-02-13,,31,13,0.00,,
2010-02-14,,31,9,0.00,,
2010-02-15,,29,14,0.00,,
2010-02-16,,33,26,0.00,,
2010-02-17,,33,28,0.00,,
2010-02-18,,40,26,0.00,,
2010-02-19,,44,21,0.00,,
2010-02-20,,40,30,0.00,,
2010-02-21,,37,32,0.31,,
2010-02-22,,33,30,0.14,,
2010-02-23,,33,22,0.00,,
2010-02-24,,30,21,0.00,,
2010-02-25,,30,21,0.01,,
2010-02-26,,33,18,0.00,,
2010-02-27,,34,28,0.00,,
2010-02-28,,38,33,0.00,,
2010-03-01,,35,32,0.00,,
2010-03-02,,33,28,0.00,,
2010-03-03,,41,26,0.00,,
2010-03-04,,44,25,0.00,,
2010-03-05,,39,25,0.00,,
2010-03-06,,47,23,0.00,,
2010-03-07,,47,31,0.11,,
2010-03-08,,46,34,0.00,,
2010-03-09,,51,31,0.00,,
2010-03-10,,64,48,0.09,,
2010-03-11,,62,49,0.23,,
2010-03-12,,54,42,0.05,,
2010-03-13,,49,41,0.54,,
2010-03-14,,49,40,0.00,,
2010-03-15,,48,39,0.00,,
2010-03-16,,60,36,0.00,,
2010-03-17,,61,33,0.00,,
2010-03-18,,62,38,0.00,,
2010-03-19,,65,40,0.00,,
2010-03-20,,40,32,0.13,,
2010-03-21,,43,34,0.05,,
2010-03-22,,50,36,0.00,,
2010-03-23,,57,31,0.00,,
2010-03-24,,53,38,0.00,,
2010-03-25,,47,30,0.00,,
2010-03-26,,40,28,0.00,,
2010-03-27,,52,34,0.02,,
2010-03-28,,51,38,0.00,,
2010-03-29,,46,33,0.00,,
2010-03-30,,63,32,0.00,,
2010-03-31,,77,51,0.00,,
2010-04-01,,82,56,0.00,,
2010-04-02,,81,60,0.00,,
2010-04-03,,60,50,0.24,,
2010-04-04,,74,46,1.01,,
2010-04-05,,71,51,0.02,,
2010-04-06,,78,48,0.02,,
2010-04-07,,51,39,0.59,,
2010-04-08,,40,35,0.00,,
2010-04-09,,56,32,0.00,,
2010-04-10,,75,43,0.00,,
2010-04-11,,62,47,0.00,,
2010-04-12,,71,46,0.00,,
2010-04-13,,65,51,0.00,,
2010-04-14,,83,49,0.00,,
2010-04-15,,83,61,0.00,,
2010-04-16,,69,45,0.03,,
2010-04-17,,58,40,0.00,,
2010-04-18,,51,38,0.00,,
2010-04-19,,56,38,0.00,,
2010-04-20,,60,41,0.00,,
2010-04-21,,64,41,0.00,,
2010-04-22,,60,40,0.04,,
2010-04-23,,64,44,0.04,,
2010-04-24,,63,53,0.30,,
2010-04-25,,59,48,0.19,,
2010-04-26,,61,46,0.00,,
2010-04-27,,51,39,0.00,,
2010-04-28,,63,35,0.00,,
2010-04-29,,79,51,0.00,,
2010-04-30,,81,63,0.82,,
2010-05-01,,71,61,0.01,,
2010-05-02,,68,54,0.31,,
2010-05-03,,72,52,0.00,,
2010-05-04,,80,53,0.00,,
2010-05-05,,73,57,0.00,,
2010-05-06,,60,48,0.05,,
2010-05-07,,59,46,0.74,,
2010-05-08,,50,42,0.08,,
2010-05-09,,56,37,0.00,,
2010-05-10,,58,43,0.00,,
2010-05-11,,59,44,0.72,,
2010-05-12,,53,46,0.14,,
2010-05-13,,78,49,0.97,,
2010-05-14,,67,49,0.00,,
2010-05-15,,63,47,0.00,,
2010-05-16,,66,46,0.00,,
2010-05-17,,60,52,0.11,,
2010-05-18,,62,49,0.00,,
2010-05-19,,73,46,0.00,,
2010-05-20,,72,51,0.09,,
2010-05-21,,72,56,0.40,,
2010-05-22,,72,58,0.01,,
2010-05-23,,89,65,0.00,,
2010-05-24,,91,73,0.00,,
2010-05-25,,87,71,0.00,,
2010-05-26,,85,70,0.00,,
2010-05-27,,77,63,0.00,,
2010-05-28,,76,59,0.00,,
2010-05-29,,84,62,0.00,,
2010-05-30,,91,64,0.00,,
2010-05-31,,84,65,1.57,,
2010-06-01,,84,65,0.00,,
2010-06-02,,77,59,1.30,,
2010-06-03,,71,58,0.00,,
2010-06-04,,83,60,0.00,,
2010-06-05,,79,60,0.51,,
2010-06-06,,75,58,0.00,,
2010-06-07,,69,56,0.00,,
2010-06-08,,67,59,0.33,,
2010-06-09,,83,67,0.00,,
2010-06-10,,75,60,0.00,,
2010-06-11,,88,64,0.41,,
2010-06-12,,77,62,0.12,,
2010-06-13,,73,61,0.25,,
2010-06-14,,72,61,0.01,,
2010-06-15,,79,61,0.88,,
2010-06-16,,86,65,0.00,,
2010-06-17,,84,67,0.00,,
2010-06-18,,91,66,0.66,,
2010-06-19,,86,66,0.00,,
2010-06-20,,80,67,0.00,,
2010-06-21,,85,68,0.40,,
2010-06-22,,86,70,0.00,,
2010-06-23,,87,67,1.23,,
2010-06-24,,81,65,0.00,,
2010-06-25,,84,66,0.00,,
2010-06-26,,88,68,0.70,,
2010-06-27,,87,72,0.88,,
2010-06-28,,82,65,0.00,,
2010-06-29,,73,62,0.00,,
2010-06-30,,76,57,0.00,,
2010-07-01,,77,58,0.00,,
2010-07-02,,83,62,0.00,,
2010-07-03,,87,64,0.00,,
2010-07-04,,92,72,0.03,,
2010-07-05,,90,79,0.00,,
2010-07-06,,91,75,0.04,,
2010-07-07,,94,72,0.05,,
2010-07-08,,87,74,0.15,,
2010-07-09,,87,72,0.00,,
2010-07-10,,89,69,0.01,,
2010-07-11,,85,67,0.77,,
2010-07-12,,84,65,0.01,,
2010-07-13,,84,71,0.02,,
2010-07-14,,91,72,0.00,,
2010-07-15,,92,73,0.00,,
2010-07-16,,90,68,0.00,,
2010-07-17,,92,71,0.00,,
2010-07-18,,91,74,0.29,,
2010-07-19,,84,72,0.00,,
2010-07-20,,85,69,0.00,,
2010-07-21,,90,73,0.00,,
2010-07-22,,90,72,0.02,,
2010-07-23,,95,71,3.15,,
2010-07-24,,87,69,4.73,,
2010-07-25,,81,68,0.52,,
2010-07-26,,84,64,0.00,,
2010-07-27,,88,71,0.00,,
2010-07-28,,91,77,0.00,,
2010-07-29,,81,69,0.00,,
2010-07-30,,79,71,0.00,,
2010-07-31,,78,65,0.60,,
2010-08-01,,84,66,0.00,,
2010-08-02,,84,70,0.08,,
2010-08-03,,87,65,1.60,,
2010-08-04,,81,71,0.57,,
2010-08-05,,84,68,0.00,,
2010-08-06,,82,64,0.00,,
2010-08-07,,84,66,0.00,,
2010-08-08,,87,71,0.05,,
2010-08-09,,89,75,0.00,,
2010-08-10,,88,77,0.00,,
2010-08-11,,90,77,0.00,,
2010-08-12,,89,75,0.00,,
2010-08-13,,93,72,0.66,,
2010-08-14,,88,72,0.00,,
2010-08-15,,84,67,0.00,,
2010-08-16,,80,64,0.00,,
2010-08-17,,79,65,0.03,,
2010-08-18,,83,64,0.04,,
2010-08-19,,87,69,0.00,,
2010-08-20,,93,75,0.00,,
2010-08-21,,86,71,0.59,,
2010-08-22,,80,68,0.00,,
2010-08-23,,78,67,0.00,,
2010-08-24,,81,68,0.00,,
2010-08-25,,79,63,0.00,,
2010-08-26,,78,62,0.00,,
2010-08-27,,83,61,0.00,,
2010-08-28,,87,65,0.00,,
2010-08-29,,93,72,0.00,,
2010-08-30,,88,73,0.00,,
2010-08-31,,92,75,0.00,,
2010-09-01,,80,71,0.14,,
2010-09-02,,83,66,0.92,,
2010-09-03,,72,57,0.00,,
2010-09-04,,68,52,0.00,,
2010-09-05,,77,52,0.00,,
2010-09-06,,84,68,0.00,,
2010-09-07,,79,60,0.00,,
2010-09-08,,71,53,0.00,,
2010-09-09,,68,53,0.00,,
2010-09-10,,72,59,0.00,,
2010-09-11,,75,59,0.16,,
2010-09-12,,83,53,0.00,,
2010-09-13,,82,61,0.00,,
2010-09-14,,77,58,0.00,,
2010-09-15,,75,61,0.04,,
2010-09-16,,70,57,0.03,,
2010-09-17,,74,51,0.00,,
2010-09-18,,66,60,0.22,,
2010-09-19,,68,56,0.01,,
2010-09-20,,77,63,0.00,,
2010-09-21,,89,67,0.03,,
2010-09-22,,75,64,0.00,,
2010-09-23,,90,66,0.00,,
2010-09-24,,79,57,0.20,,
2010-09-25,,60,52,0.00,,
2010-09-26,,60,52,0.05,,
2010-09-27,,63,49,0.01,,
2010-09-28,,70,46,0.00,,
2010-09-29,,76,50,0.00,,
2010-09-30,,75,53,0.00,,
2010-10-01,,74,49,0.02,,
2010-10-02,,55,46,0.25,,
2010-10-03,,57,43,0.01,,
2010-10-04,,59,41,0.00,,
2010-10-05,,66,40,0.00,,
2010-10-06,,78,45,0.00,,
2010-10-07,,76,49,0.00,,
2010-10-08,,79,49,0.00,,
2010-10-09,,87,56,0.00,,
2010-10-10,,84,59,0.00,,
2010-10-11,,81,57,0.00,,
2010-10-12,,76,54,0.00,,
2010-10-13,,63,48,0.26,,
2010-10-14,,66,43,0.00,,
2010-10-15,,62,47,0.00,,
2010-10-16,,71,44,0.00,,
2010-10-17,,64,48,0.00,,
2010-10-18,,60,45,0.00,,
2010-10-19,,61,40,0.00,,
2010-10-20,,70,46,0.00,,
2010-10-21,,56,41,0.00,,
2010-10-22,,65,37,0.01,,
2010-10-23,,67,54,0.21,,
2010-10-24,,73,57,1.01,,
2010-10-25,,72,57,0.01,,
2010-10-26,,71,54,0.40,,
2010-10-27,,65,43,0.00,,
2010-10-28,,46,39,0.00,,
2010-10-29,,50,33,0.00,,
2010-10-30,,63,41,0.00,,
2010-10-31,,52,39,0.00,,
2010-11-01,,53,40,0.00,,
2010-11-02,,52,37,0.00,,
2010-11-03,,53,35,0.01,,
2010-11-04,,50,40,0.04,,
2010-11-05,,41,31,0.00,,
2010-11-06,,46,26,0.00,,
2010-11-07,,60,36,0.00,,
2010-11-08,,68,41,0.00,,
2010-11-09,,69,46,0.00,,
2010-11-10,,70,45,0.00,,
2010-11-11,,68,50,0.00,,
2010-11-12,,59,50,0.00,,
2010-11-13,,59,40,0.04,,
2010-11-14,,49,38,0.05,,
2010-11-15,,51,36,0.00,,
2010-11-16,,48,34,0.00,,
2010-11-17,,47,36,0.00,,
2010-11-18,,40,31,0.00,,
2010-11-19,,51,30,0.00,,
2010-11-20,,45,34,0.00,,
2010-11-21,,61,42,0.00,,
2010-11-22,,67,40,1.53,,
2010-11-23,,40,27,0.00,,
2010-11-24,,40,27,0.25,,
2010-11-25,,41,23,0.02,,
2010-11-26,,33,19,0.00,,
2010-11-27,,35,22,0.00,,
2010-11-28,,46,24,0.00,,
2010-11-29,,50,37,0.54,,
2010-11-30,,50,26,0.02,,
2010-12-01,,26,22,0.00,,
2010-12-02,,33,24,0.00,,
2010-12-03,,32,19,0.00,,
2010-12-04,,33,25,0.22,,
2010-12-05,,27,13,0.00,,
2010-12-06,,20,11,0.00,,
2010-12-07,,21,12,0.00,,
2010-12-08,,26,11,0.00,,
2010-12-09,,29,12,0.04,,
2010-12-10,,38,26,0.00,,
2010-12-11,,38,25,0.41,,
2010-12-12,,32,13,0.07,,
2010-12-13,,17,9,0.00,,
2010-12-14,,22,6,0.00,,
2010-12-15,,24,5,0.00,,
2010-12-16,,29,21,0.00,,
2010-12-17,,22,13,0.00,,
2010-12-18,,20,11,0.00,,
2010-12-19,,21,11,0.00,,
2010-12-20,,26,10,0.10,,
2010-12-21,,32,26,0.00,,
2010-12-22,,36,19,0.00,,
2010-12-23,,31,20,0.00,,
2010-12-24,,32,28,0.08,,
2010-12-25,,32,27,0.03,,
2010-12-26,,32,22,0.03,,
2010-12-27,,23,14,0.00,,
2010-12-28,,28,14,0.00,,
2010-12-29,,37,18,0.01,,
2010-12-30,,48,37,0.00,,
2010-12-31,,56,46,1.05,,
2011-01-01,,46,15,0.00,,
2011-01-02,,25,13,0.00,,
2011-01-03,,36,22,0.00,,
2011-01-04,,32,14,0.00,,
2011-01-05,,32,11,0.00,,
2011-01-06,,30,19,0.00,,
2011-01-07,,23,13,0.00,,
2011-01-08,,24,10,0.00,,
2011-01-09,,31,11,0.00,,
2011-01-10,,32,19,0.00,,
2011-01-11,,27,23,0.09,,
2011-01-12,,29,22,0.00,,
2011-01-13,,25,16,0.00,,
2011-01-14,,27,17,0.00,,
2011-01-15,,27,18,0.00,,
2011-01-16,,24,10,0.00,,
2011-01-17,,35,19,0.11,,
2011-01-18,,35,23,0.03,,
2011-01-19,,26,17,0.00,,
2011-01-20,,22,7,0.00,,
2011-01-21,,11,-1,0.00,,
2011-01-22,,19,7,0.00,,
2011-01-23,,21,7,0.00,,
2011-01-24,,29,16,0.00,,
2011-01-25,,31,22,0.00,,
2011-01-26,,29,19,0.00,,
2011-01-27,,26,18,0.02,,
2011-01-28,,32,18,0.00,,
2011-01-29,,35,27,0.00,,
2011-01-30,,32,27,0.00,,
2011-01-31,,27,20,0.02,,
2011-02-01,,24,20,0.26,,
2011-02-02,,25,10,0.08,,
2011-02-03,,17,-2,0.00,,
2011-02-04,,27,7,0.00,,
2011-02-05,,29,11,0.00,,
2011-02-06,,32,26,0.10,,
2011-02-07,,32,23,0.03,,
2011-02-08,,23,4,0.00,,
2011-02-09,,13,1,0.00,,
2011-02-10,,15,-6,0.00,,
2011-02-11,,30,10,0.00,,
2011-02-12,,38,26,0.00,,
2011-02-13,,49,34,0.00,,
2011-02-14,,44,29,0.00,,
2011-02-15,,40,27,0.03,,
2011-02-16,,52,37,0.00,,
2011-02-17,,58,50,0.00,,
2011-02-18,,54,34,0.00,,
2011-02-19,,36,28,0.00,,
2011-02-20,,37,29,0.95,,
2011-02-21,,35,25,0.02,,
2011-02-22,,27,24,0.00,,
2011-02-23,,34,24,0.07,,
2011-02-24,,38,33,0.00,,
2011-02-25,,37,30,0.00,,
2011-02-26,,34,27,0.05,,
2011-02-27,,38,27,0.32,,
2011-02-28,,38,26,0.04,,
2011-03-01,,45,25,0.00,,
2011-03-02,,38,26,0.00,,
2011-03-03,,46,27,0.00,,
2011-03-04,,59,36,0.61,,
2011-03-05,,36,27,0.01,,
2011-03-06,,34,27,0.00,,
2011-03-07,,35,25,0.00,,
2011-03-08,,45,32,0.01,,
2011-03-09,,48,34,0.38,,
2011-03-10,,37,30,0.01,,
2011-03-11,,48,28,0.00,,
2011-03-12,,45,30,0.00,,
2011-03-13,,43,25,0.00,,
2011-03-14,,42,29,0.00,,
2011-03-15,,39,33,0.00,,
2011-03-16,,62,33,0.00,,
2011-03-17,,68,47,0.00,,
2011-03-18,,56,38,0.00,,
2011-03-19,,49,35,0.00,,
2011-03-20,,61,42,0.44,,
2011-03-21,,60,42,0.01,,
2011-03-22,,44,39,0.18,,
2011-03-23,,47,31,0.13,,
2011-03-24,,35,28,0.00,,
2011-03-25,,36,26,0.00,,
2011-03-26,,33,26,0.00,,
2011-03-27,,35,27,0.00,,
2011-03-28,,36,24,0.00,,
2011-03-29,,41,28,0.00,,
2011-03-30,,46,31,0.00,,
2011-03-31,,46,26,0.00,,
2011-04-01,,46,31,0.15,,
2011-04-02,,54,37,0.00,,
2011-04-03,,77,42,0.04,,
2011-04-04,,69,40,0.12,,
2011-04-05,,52,35,0.00,,
2011-04-06,,58,42,0.00,,
2011-04-07,,46,39,0.34,,
2011-04-08,,47,43,0.51,,
2011-04-09,,66,46,0.00,,
2011-04-10,,84,65,0.08,,
2011-04-11,,69,47,0.00,,
2011-04-12,,58,41,0.00,,
2011-04-13,,66,38,0.00,,
2011-04-14,,54,43,0.00,,
2011-04-15,,54,40,0.17,,
2011-04-16,,51,36,0.13,,
2011-04-17,,52,34,0.08,,
2011-04-18,,43,33,0.34,,
2011-04-19,,41,36,0.81,,
2011-04-20,,44,36,0.00,,
2011-04-21,,49,33,0.01,,
2011-04-22,,57,41,0.71,,
2011-04-23,,65,49,0.00,,
2011-04-24,,57,46,0.00,,
2011-04-25,,55,45,0.37,,
2011-04-26,,68,50,0.60,,
2011-04-27,,55,44,0.28,,
2011-04-28,,47,41,0.04,,
2011-04-29,,61,37,0.00,,
2011-04-30,,73,49,0.00,,
2011-05-01,,64,52,0.00,,
2011-05-02,,60,43,0.00,,
2011-05-03,,51,38,0.00,,
2011-05-04,,57,37,0.00,,
2011-05-05,,62,41,0.10,,
2011-05-06,,69,45,0.00,,
2011-05-07,,60,46,0.00,,
2011-05-08,,68,44,0.00,,
2011-05-09,,74,51,0.00,,
2011-05-10,,91,64,0.00,,
2011-05-11,,88,67,0.28,,
2011-05-12,,87,63,0.02,,
2011-05-13,,77,47,0.01,,
2011-05-14,,51,46,0.43,,
2011-05-15,,48,42,0.37,,
2011-05-16,,53,40,0.00,,
2011-05-17,,60,40,0.00,,
2011-05-18,,61,50,0.03,,
2011-05-19,,73,50,0.00,,
2011-05-20,,72,50,0.00,,
2011-05-21,,76,51,0.00,,
2011-05-22,,88,65,0.12,,
2011-05-23,,80,65,0.00,,
2011-05-24,,69,48,0.01,,
2011-05-25,,75,49,1.90,,
2011-05-26,,50,43,0.61,,
2011-05-27,,58,42,0.01,,
2011-05-28,,64,52,0.23,,
2011-05-29,,72,57,0.92,,
2011-05-30,,90,65,0.00,,
2011-05-31,,88,69,0.00,,
2011-06-01,,82,63,0.00,,
2011-06-02,,69,57,0.00,,
2011-06-03,,88,57,0.18,,
2011-06-04,,91,67,0.50,,
2011-06-05,,84,63,0.01,,
2011-06-06,,94,62,0.00,,
2011-06-07,,96,77,0.00,,
2011-06-08,,96,67,0.69,,
2011-06-09,,69,52,2.17,,
2011-06-10,,71,51,0.44,,
2011-06-11,,65,53,0.10,,
2011-06-12,,64,51,0.00,,
2011-06-13,,71,56,0.00,,
2011-06-14,,77,58,0.00,,
2011-06-15,,72,57,0.84,,
2011-06-16,,81,62,0.03,,
2011-06-17,,82,64,0.00,,
2011-06-18,,83,63,0.00,,
2011-06-19,,83,65,0.00,,
2011-06-20,,80,69,1.23,,
2011-06-21,,89,69,0.08,,
2011-06-22,,75,66,0.02,,
2011-06-23,,72,63,0.05,,
2011-06-24,,68,60,0.00,,
2011-06-25,,78,61,0.00,,
2011-06-26,,80,64,0.00,,
2011-06-27,,80,67,0.14,,
2011-06-28,,81,65,0.00,,
2011-06-29,,80,63,0.00,,
2011-06-30,,89,66,0.03,,
2011-07-01,,89,70,0.01,,
2011-07-02,,93,73,0.00,,
2011-07-03,,86,70,0.00,,
2011-07-04,,88,68,0.00,,
2011-07-05,,92,67,0.00,,
2011-07-06,,87,71,0.00,,
2011-07-07,,81,66,0.07,,
2011-07-08,,86,65,0.00,,
2011-07-09,,90,67,0.00,,
2011-07-10,,91,75,0.00,,
2011-07-11,,90,70,0.13,,
2011-07-12,,88,71,0.01,,
2011-07-13,,74,66,0.00,,
2011-07-14,,82,65,0.00,,
2011-07-15,,86,71,0.00,,
2011-07-16,,90,74,0.00,,
2011-07-17,,95,74,0.00,,
2011-07-18,,93,81,0.00,,
2011-07-19,,92,79,0.00,,
2011-07-20,,100,77,0.00,,
2011-07-21,,101,82,0.00,,
2011-07-22,,100,71,0.14,,
2011-07-23,,87,70,0.04,,
2011-07-24,,87,72,0.02,,
2011-07-25,,90,73,0.01,,
2011-07-26,,85,72,0.01,,
2011-07-27,,92,72,0.00,,
2011-07-28,,88,74,0.00,,
2011-07-29,,86,74,0.36,,
2011-07-30,,91,68,0.00,,
2011-07-31,,91,73,0.00,,
2011-08-01,,91,76,0.00,,
2011-08-02,,93,74,0.28,,
2011-08-03,,87,73,0.00,,
2011-08-04,,82,69,0.00,,
2011-08-05,,84,70,0.00,,
2011-08-06,,85,73,0.69,,
2011-08-07,,87,70,0.49,,
2011-08-08,,80,69,0.29,,
2011-08-09,,82,66,0.01,,
2011-08-10,,78,62,0.00,,
2011-08-11,,81,60,0.00,,
2011-08-12,,82,65,0.00,,
2011-08-13,,84,66,0.93,,
2011-08-14,,75,62,0.01,,
2011-08-15,,80,59,0.00,,
2011-08-16,,83,63,0.00,,
2011-08-17,,83,65,0.00,,
2011-08-18,,85,71,0.00,,
2011-08-19,,86,67,0.00,,
2011-08-20,,79,68,0.39,,
2011-08-21,,81,66,0.01,,
2011-08-22,,82,61,0.00,,
2011-08-23,,74,66,0.40,,
2011-08-24,,91,70,0.00,,
2011-08-25,,80,65,0.00,,
2011-08-26,,83,61,0.00,,
2011-08-27,,83,67,0.00,,
2011-08-28,,77,61,0.00,,
2011-08-29,,78,61,0.00,,
2011-08-30,,79,64,0.02,,
2011-08-31,,88,65,0.05,,
2011-09-01,,94,74,0.00,,
2011-09-02,,94,79,0.00,,
2011-09-03,,87,71,0.15,,
2011-09-04,,74,60,0.00,,
2011-09-05,,67,53,0.00,,
2011-09-06,,66,57,0.00,,
2011-09-07,,70,58,0.00,,
2011-09-08,,74,62,0.06,,
2011-09-09,,72,64,0.11,,
2011-09-10,,76,58,0.01,,
2011-09-11,,83,60,0.00,,
2011-09-12,,86,64,0.00,,
2011-09-13,,76,58,0.00,,
2011-09-14,,60,48,0.00,,
2011-09-15,,60,44,0.00,,
2011-09-16,,59,48,0.00,,
2011-09-17,,69,52,0.00,,
2011-09-18,,66,56,0.34,,
2011-09-19,,68,56,0.41,,
2011-09-20,,75,53,0.01,,
2011-09-21,,72,57,0.00,,
2011-09-22,,63,53,0.00,,
2011-09-23,,62,48,0.02,,
2011-09-24,,63,51,0.07,,
2011-09-25,,65,53,0.23,,
2011-09-26,,63,53,0.90,,
2011-09-27,,63,54,0.25,,
2011-09-28,,64,53,0.15,,
2011-09-29,,66,51,0.09,,
2011-09-30,,58,47,0.17,,
2011-10-01,,56,44,0.00,,
2011-10-02,,65,41,0.00,,
2011-10-03,,70,45,0.00,,
2011-10-04,,74,46,0.00,,
2011-10-05,,80,52,0.00,,
2011-10-06,,81,56,0.00,,
2011-10-07,,84,59,0.00,,
2011-10-08,,82,61,0.00,,
2011-10-09,,80,56,0.00,,
2011-10-10,,77,58,0.00,,
2011-10-11,,78,58,0.00,,
2011-10-12,,77,57,0.00,,
2011-10-13,,64,52,0.49,,
2011-10-14,,61,49,0.00,,
2011-10-15,,61,47,0.00,,
2011-10-16,,60,46,0.12,,
2011-10-17,,57,40,0.00,,
2011-10-18,,54,40,0.02,,
2011-10-19,,49,44,0.84,,
2011-10-20,,46,42,0.07,,
2011-10-21,,54,37,0.00,,
2011-10-22,,66,38,0.00,,
2011-10-23,,67,41,0.22,,
2011-10-24,,63,45,0.06,,
2011-10-25,,74,49,0.13,,
2011-10-26,,54,47,0.00,,
2011-10-27,,51,38,0.16,,
2011-10-28,,54,36,0.00,,
2011-10-29,,54,36,0.00,,
2011-10-30,,57,37,0.11,,
2011-10-31,,53,39,0.00,,
2011-11-01,,66,39,0.00,,
2011-11-02,,66,48,0.00,,
2011-11-03,,49,47,0.33,,
2011-11-04,,51,42,0.00,,
2011-11-05,,58,38,0.00,,
2011-11-06,,59,47,0.00,,
2011-11-07,,56,51,0.21,,
2011-11-08,,56,47,1.21,,
2011-11-09,,60,36,0.27,,
2011-11-10,,41,33,0.02,,
2011-11-11,,45,30,0.00,,
2011-11-12,,60,37,0.00,,
2011-11-13,,71,48,0.00,,
2011-11-14,,52,41,0.01,,
2011-11-15,,63,37,0.00,,
2011-11-16,,46,31,0.00,,
2011-11-17,,43,27,0.00,,
2011-11-18,,51,30,0.00,,
2011-11-19,,59,44,0.00,,
2011-11-20,,56,40,0.00,,
2011-11-21,,46,40,0.00,,
2011-11-22,,44,40,0.40,,
2011-11-23,,49,34,0.00,,
2011-11-24,,46,40,0.00,,
2011-11-25,,57,40,0.00,,
2011-11-26,,58,46,0.80,,
2011-11-27,,46,35,0.09,,
2011-11-28,,40,34,0.00,,
2011-11-29,,44,32,0.00,,
2011-11-30,,44,25,0.00,,
2011-12-01,,46,30,0.00,,
2011-12-02,,42,33,0.00,,
2011-12-03,,51,36,0.19,,
2011-12-04,,53,35,0.05,,
2011-12-05,,40,35,0.01,,
2011-12-06,,38,28,0.00,,
2011-12-07,,35,26,0.00,,
2011-12-08,,36,24,0.00,,
2011-12-09,,32,18,0.00,,
2011-12-10,,26,12,0.00,,
2011-12-11,,43,25,0.00,,
2011-12-12,,46,28,0.00,,
2011-12-13,,44,39,0.06,,
2011-12-14,,55,41,1.00,,
2011-12-15,,57,32,0.02,,
2011-12-16,,35,26,0.00,,
2011-12-17,,33,28,0.02,,
2011-12-18,,43,26,0.00,,
2011-12-19,,51,39,0.00,,
2011-12-20,,39,37,0.00,,
2011-12-21,,43,39,0.00,,
2011-12-22,,41,32,0.04,,
2011-12-23,,34,23,0.00,,
2011-12-24,,39,24,0.00,,
2011-12-25,,45,29,0.00,,
2011-12-26,,45,26,0.03,,
2011-12-27,,40,27,0.18,,
2011-12-28,,32,21,0.00,,
2011-12-29,,48,32,0.00,,
2011-12-30,,46,35,0.38,,
2011-12-31,,43,29,0.00,,
2012-01-01,,44,30,0.02,,
2012-01-02,,29,17,0.00,,
2012-01-03,,27,13,0.00,,
2012-01-04,,43,26,0.00,,
2012-01-05,,49,28,0.00,,
2012-01-06,,55,41,0.00,,
2012-01-07,,44,30,0.00,,
2012-01-08,,40,26,0.00,,
2012-01-09,,46,26,0.00,,
2012-01-10,,52,29,0.00,,
2012-01-11,,51,32,0.00,,
2012-01-12,,37,19,0.06,,
2012-01-13,,22,16,0.00,,
2012-01-14,,21,14,0.00,,
2012-01-15,,31,13,0.00,,
2012-01-16,,44,30,0.04,,
2012-01-17,,42,17,0.07,,
2012-01-18,,26,11,0.00,,
2012-01-19,,28,6,0.00,,
2012-01-20,,23,6,0.34,,
2012-01-21,,26,16,0.00,,
2012-01-22,,43,16,0.44,,
2012-01-23,,46,30,0.25,,
2012-01-24,,37,26,0.00,,
2012-01-25,,34,24,0.00,,
2012-01-26,,37,32,0.00,,
2012-01-27,,43,33,0.02,,
2012-01-28,,33,26,0.03,,
2012-01-29,,31,21,0.00,,
2012-01-30,,53,22,0.00,,
2012-01-31,,58,43,0.00,,
2012-02-01,,46,34,0.00,,
2012-02-02,,44,33,0.00,,
2012-02-03,,40,34,0.00,,
2012-02-04,,39,29,0.03,,
2012-02-05,,43,27,0.00,,
2012-02-06,,32,29,0.00,,
2012-02-07,,36,29,0.00,,
2012-02-08,,36,25,0.00,,
2012-02-09,,35,20,0.00,,
2012-02-10,,35,15,0.02,,
2012-02-11,,20,10,0.00,,
2012-02-12,,36,15,0.00,,
2012-02-13,,37,19,0.01,,
2012-02-14,,36,29,0.00,,
2012-02-15,,42,32,0.13,,
2012-02-16,,47,34,0.08,,
2012-02-17,,49,27,0.00,,
2012-02-18,,37,29,0.00,,
2012-02-19,,37,26,0.00,,
2012-02-20,,43,25,0.00,,
2012-02-21,,41,33,0.07,,
2012-02-22,,42,32,0.00,,
2012-02-23,,39,28,0.11,,
2012-02-24,,35,25,0.24,,
2012-02-25,,29,19,0.00,,
2012-02-26,,52,22,0.00,,
2012-02-27,,40,27,0.00,,
2012-02-28,,,,,,
2012-02-29,,60,35,0.19,,
2012-03-01,,39,35,0.00,,
2012-03-02,,41,35,0.19,,
2012-03-03,,35,30,0.00,,
2012-03-04,,36,26,0.00,,
2012-03-05,,37,20,0.00,,
2012-03-06,,68,32,0.00,,
2012-03-07,,68,54,0.00,,
2012-03-08,,61,36,0.21,,
2012-03-09,,40,30,0.00,,
2012-03-10,,60,28,0.00,,
2012-03-11,,68,39,0.00,,
2012-03-12,,67,52,0.28,,
2012-03-13,,71,48,0.00,,
2012-03-14,,81,54,0.00,,
2012-03-15,,81,51,0.00,,
2012-03-16,,81,48,0.00,,
2012-03-17,,80,58,0.00,,
2012-03-18,,81,61,0.00,,
2012-03-19,,79,64,0.00,,
2012-03-20,,85,66,0.00,,
2012-03-21,,86,66,0.00,,
2012-03-22,,84,62,0.04,,
2012-03-23,,63,53,0.89,,
2012-03-24,,61,50,0.01,,
2012-03-25,,67,44,0.01,,
2012-03-26,,47,38,0.00,,
2012-03-27,,72,39,0.00,,
2012-03-28,,68,46,0.00,,
2012-03-29,,48,40,0.00,,
2012-03-30,,54,40,0.25,,
2012-03-31,,46,39,0.00,,
2012-04-01,,61,45,0.20,,
2012-04-02,,61,47,0.00,,
2012-04-03,,70,48,0.00,,
2012-04-04,,57,46,0.00,,
2012-04-05,,49,39,0.00,,
2012-04-06,,52,38,0.00,,
2012-04-07,,66,38,0.00,,
2012-04-08,,65,45,0.00,,
2012-04-09,,62,42,0.00,,
2012-04-10,,45,35,0.00,,
2012-04-11,,52,31,0.00,,
2012-04-12,,62,35,0.00,,
2012-04-13,,66,45,0.00,,
2012-04-14,,65,51,0.87,,
2012-04-15,,76,59,0.82,,
2012-04-16,,66,43,0.02,,
2012-04-17,,53,41,0.00,,
2012-04-18,,72,43,0.04,,
2012-04-19,,61,45,0.00,,
2012-04-20,,50,41,0.02,,
2012-04-21,,51,36,0.00,,
2012-04-22,,51,42,0.00,,
2012-04-23,,58,36,0.00,,
2012-04-24,,64,38,0.00,,
2012-04-25,,62,50,0.05,,
2012-04-26,,55,39,0.00,,
2012-04-27,,52,39,0.00,,
2012-04-28,,50,44,0.20,,
2012-04-29,,58,44,0.11,,
2012-04-30,,63,51,0.39,,
2012-05-01,,64,52,0.32,,
2012-05-02,,78,60,0.00,,
2012-05-03,,86,69,0.07,,
2012-05-04,,72,51,0.28,,
2012-05-05,,63,53,0.00,,
2012-05-06,,73,54,0.40,,
2012-05-07,,61,54,0.59,,
2012-05-08,,70,51,0.01,,
2012-05-09,,60,46,0.00,,
2012-05-10,,65,45,0.00,,
2012-05-11,,78,48,0.00,,
2012-05-12,,67,51,0.25,,
2012-05-13,,69,53,0.00,,
2012-05-14,,78,46,0.00,,
2012-05-15,,84,56,0.00,,
2012-05-16,,63,52,0.00,,
2012-05-17,,71,49,0.00,,
2012-05-18,,85,57,0.00,,
2012-05-19,,91,64,0.00,,
2012-05-20,,92,65,0.14,,
2012-05-21,,65,54,0.00,,
2012-05-22,,68,49,0.00,,
2012-05-23,,82,49,0.00,,
2012-05-24,,90,67,0.00,,
2012-05-25,,80,67,0.00,,
2012-05-26,,82,63,0.00,,
2012-05-27,,97,73,0.00,,
2012-05-28,,94,74,0.02,,
2012-05-29,,85,64,0.00,,
2012-05-30,,69,53,0.00,,
2012-05-31,,55,49,0.97,,
2012-06-01,,64,49,0.03,,
2012-06-02,,74,49,0.00,,
2012-06-03,,80,56,0.00,,
2012-06-04,,74,59,0.00,,
2012-06-05,,69,57,0.00,,
2012-06-06,,74,56,0.00,,
2012-06-07,,78,54,0.00,,
2012-06-08,,87,59,0.00,,
2012-06-09,,89,66,0.00,,
2012-06-10,,92,71,0.00,,
2012-06-11,,90,72,0.00,,
2012-06-12,,77,62,0.00,,
2012-06-13,,71,57,0.00,,
2012-06-14,,86,60,0.00,,
2012-06-15,,93,67,0.00,,
2012-06-16,,94,69,0.38,,
2012-06-17,,85,68,0.15,,
2012-06-18,,92,72,0.00,,
2012-06-19,,94,75,0.00,,
2012-06-20,,93,76,0.00,,
2012-06-21,,83,70,0.03,,
2012-06-22,,83,63,0.00,,
2012-06-23,,86,63,0.00,,
2012-06-24,,92,70,0.00,,
2012-06-25,,74,63,0.00,,
2012-06-26,,81,63,0.00,,
2012-06-27,,90,64,0.00,,
2012-06-28,,101,77,0.16,,
2012-06-29,,88,70,0.28,,
2012-06-30,,89,70,0.00,,
2012-07-01,,90,66,0.56,,
2012-07-02,,97,74,0.00,,
2012-07-03,,95,77,0.00,,
2012-07-04,,101,80,0.00,,
2012-07-05,,102,79,0.00,,
2012-07-06,,104,83,0.00,,
2012-07-07,,98,74,0.00,,
2012-07-08,,85,74,0.00,,
2012-07-09,,88,68,0.00,,
2012-07-10,,82,71,0.00,,
2012-07-11,,86,69,0.00,,
2012-07-12,,90,71,0.00,,
2012-07-13,,93,73,0.00,,
2012-07-14,,89,71,0.00,,
2012-07-15,,95,70,0.00,,
2012-07-16,,98,77,0.00,,
2012-07-17,,99,80,0.00,,
2012-07-18,,91,71,0.55,,
2012-07-19,,85,70,0.89,,
2012-07-20,,82,69,0.00,,
2012-07-21,,89,69,0.00,,
2012-07-22,,90,75,0.01,,
2012-07-23,,98,81,0.01,,
2012-07-24,,88,71,0.37,,
2012-07-25,,101,74,0.00,,
2012-07-26,,89,72,0.07,,
2012-07-27,,87,70,0.01,,
2012-07-28,,83,71,0.00,,
2012-07-29,,88,68,0.00,,
2012-07-30,,93,74,0.00,,
2012-07-31,,86,71,0.17,,
2012-08-01,,89,71,0.00,,
2012-08-02,,93,71,0.00,,
2012-08-03,,94,74,0.00,,
2012-08-04,,95,72,1.02,,
2012-08-05,,85,70,0.00,,
2012-08-06,,86,67,0.00,,
2012-08-07,,94,67,0.00,,
2012-08-08,,84,75,0.01,,
2012-08-09,,77,66,0.00,,
2012-08-10,,76,62,0.40,,
2012-08-11,,79,58,0.00,,
2012-08-12,,77,61,0.00,,
2012-08-13,,72,63,0.34,,
2012-08-14,,82,59,0.01,,
2012-08-15,,86,67,0.00,,
2012-08-16,,76,64,0.31,,
2012-08-17,,77,59,0.00,,
2012-08-18,,78,57,0.00,,
2012-08-19,,79,61,0.00,,
2012-08-20,,76,60,0.53,,
2012-08-21,,79,58,0.00,,
2012-08-22,,84,72,0.00,,
2012-08-23,,91,69,0.00,,
2012-08-24,,93,71,0.00,,
2012-08-25,,94,71,0.00,,
2012-08-26,,81,68,3.66,,
2012-08-27,,88,69,0.00,,
2012-08-28,,85,65,0.00,,
2012-08-29,,84,70,0.00,,
2012-08-30,,91,69,0.00,,
2012-08-31,,93,72,0.00,,
2012-09-01,,78,73,0.25,,
2012-09-02,,81,75,0.00,,
2012-09-03,,87,73,0.00,,
2012-09-04,,89,68,0.33,,
2012-09-05,,86,66,0.17,,
2012-09-06,,86,70,0.00,,
2012-09-07,,78,61,0.20,,
2012-09-08,,73,56,0.23,,
2012-09-09,,72,56,0.00,,
2012-09-10,,77,54,0.00,,
2012-09-11,,84,59,0.00,,
2012-09-12,,87,63,0.00,,
2012-09-13,,72,56,0.13,,
2012-09-14,,75,54,0.00,,
2012-09-15,,79,55,0.00,,
2012-09-16,,78,56,0.00,,
2012-09-17,,79,59,0.17,,
2012-09-18,,64,50,0.00,,
2012-09-19,,74,47,0.00,,
2012-09-20,,72,56,0.00,,
2012-09-21,,61,52,0.13,,
2012-09-22,,60,47,0.01,,
2012-09-23,,62,43,0.00,,
2012-09-24,,71,42,0.00,,
2012-09-25,,77,54,0.00,,
2012-09-26,,69,57,0.00,,
2012-09-27,,68,49,0.00,,
2012-09-28,,67,52,0.00,,
2012-09-29,,79,49,0.00,,
2012-09-30,,67,52,0.00,,
2012-10-01,,66,50,0.00,,
2012-10-02,,69,59,0.00,,
2012-10-03,,69,61,0.03,,
2012-10-04,,81,51,0.10,,
2012-10-05,,51,42,0.00,,
2012-10-06,,50,35,0.00,,
2012-10-07,,51,38,0.00,,
2012-10-08,,60,36,0.00,,
2012-10-09,,67,43,0.18,,
2012-10-10,,52,38,0.00,,
2012-10-11,,67,39,0.00,,
2012-10-12,,53,41,0.00,,
2012-10-13,,68,47,0.48,,
2012-10-14,,72,49,0.54,,
2012-10-15,,60,46,0.00,,
2012-10-16,,70,44,0.00,,
2012-10-17,,69,55,0.43,,
2012-10-18,,55,45,0.13,,
2012-10-19,,53,44,0.15,,
2012-10-20,,58,41,0.00,,
2012-10-21,,70,42,0.00,,
2012-10-22,,67,56,0.28,,
2012-10-23,,69,59,0.03,,
2012-10-24,,79,61,0.00,,
2012-10-25,,77,45,0.45,,
2012-10-26,,51,38,0.00,,
2012-10-27,,48,36,0.00,,
2012-10-28,,50,40,0.00,,
2012-10-29,,51,38,0.00,,
2012-10-30,,47,40,0.00,,
2012-10-31,,49,35,0.00,,
2012-11-01,,53,35,0.00,,
2012-11-02,,50,35,0.00,,
2012-11-03,,45,38,0.00,,
2012-11-04,,50,35,0.00,,
2012-11-05,,43,33,0.00,,
2012-11-06,,42,31,0.10,,
2012-11-07,,48,40,0.01,,
2012-11-08,,46,40,0.00,,
2012-11-09,,58,38,0.00,,
2012-11-10,,68,54,0.36,,
2012-11-11,,70,42,0.29,,
2012-11-12,,42,30,0.03,,
2012-11-13,,41,26,0.00,,
2012-11-14,,45,31,0.00,,
2012-11-15,,48,31,0.00,,
2012-11-16,,54,32,0.00,,
2012-11-17,,54,31,0.00,,
2012-11-18,,57,35,0.00,,
2012-11-19,,59,42,0.04,,
2012-11-20,,58,42,0.00,,
2012-11-21,,55,37,0.00,,
2012-11-22,,63,45,0.17,,
2012-11-23,,45,29,0.00,,
2012-11-24,,33,26,0.00,,
2012-11-25,,45,30,0.00,,
2012-11-26,,37,26,0.00,,
2012-11-27,,35,20,0.00,,
2012-11-28,,45,28,0.00,,
2012-11-29,,52,33,0.00,,
2012-11-30,,53,41,0.00,,
2012-12-01,,60,37,0.00,,
2012-12-02,,66,47,0.01,,
2012-12-03,,72,47,0.01,,
2012-12-04,,62,42,0.00,,
2012-12-05,,42,30,0.00,,
2012-12-06,,47,34,0.00,,
2012-12-07,,46,43,0.08,,
2012-12-08,,43,39,0.09,,
2012-12-09,,42,37,0.16,,
2012-12-10,,39,27,0.00,,
2012-12-11,,36,25,0.00,,
2012-12-12,,45,27,0.00,,
2012-12-13,,49,33,0.00,,
2012-12-14,,50,31,0.00,,
2012-12-15,,51,42,0.21,,
2012-12-16,,51,39,0.00,,
2012-12-17,,41,34,0.00,,
2012-12-18,,42,32,0.00,,
2012-12-19,,43,34,0.04,,
2012-12-20,,50,33,1.12,,
2012-12-21,,33,21,0.00,,
2012-12-22,,33,18,0.00,,
2012-12-23,,36,22,0.00,,
2012-12-24,,35,30,0.00,,
2012-12-25,,34,28,0.00,,
2012-12-26,,33,29,0.00,,
2012-12-27,,33,29,0.00,,
2012-12-28,,33,31,0.00,,
2012-12-29,,32,22,0.00,,
2012-12-30,,34,16,0.00,,
2012-12-31,,36,22,0.00,,
2013-01-01,,27,13,0.00,,
2013-01-02,,30,11,0.00,,
2013-01-03,,30,19,0.00,,
2013-01-04,,37,14,0.00,,
2013-01-05,,39,23,0.01,,
2013-01-06,,37,22,0.00,,
2013-01-07,,39,20,0.00,,
2013-01-08,,42,28,0.00,,
2013-01-09,,51,29,0.00,,
2013-01-10,,46,25,0.52,,
2013-01-11,,54,44,0.20,,
2013-01-12,,53,32,0.08,,
2013-01-13,,32,14,0.03,,
2013-01-14,,26,12,0.00,,
2013-01-15,,31,16,0.00,,
2013-01-16,,37,18,0.00,,
2013-01-17,,32,21,0.00,,
2013-01-18,,42,20,0.00,,
2013-01-19,,48,28,0.00,,
2013-01-20,,28,14,0.00,,
2013-01-21,,15,4,0.00,,
2013-01-22,,12,0,0.00,,
2013-01-23,,20,10,0.00,,
2013-01-24,,21,6,0.00,,
2013-01-25,,29,19,0.05,,
2013-01-26,,29,12,0.00,,
2013-01-27,,38,25,0.27,,
2013-01-28,,51,38,0.14,,
2013-01-29,,61,41,0.99,,
2013-01-30,,48,21,0.26,,
2013-01-31,,21,5,0.00,,
2013-02-01,,16,1,0.00,,
2013-02-02,,25,9,0.05,,
2013-02-03,,23,11,0.00,,
2013-02-04,,29,17,0.06,,
2013-02-05,,31,13,0.00,,
2013-02-06,,37,19,0.00,,
2013-02-07,,36,32,0.57,,
2013-02-08,,33,25,0.00,,
2013-02-09,,35,27,0.00,,
2013-02-10,,50,34,0.22,,
2013-02-11,,46,30,0.00,,
2013-02-12,,30,25,0.00,,
2013-02-13,,46,24,0.00,,
2013-02-14,,40,32,0.00,,
2013-02-15,,34,21,0.00,,
2013-02-16,,22,13,0.00,,
2013-02-17,,31,10,0.00,,
2013-02-18,,53,29,0.24,,
2013-02-19,,32,12,0.00,,
2013-02-20,,26,9,0.00,,
2013-02-21,,32,21,0.05,,
2013-02-22,,35,24,0.06,,
2013-02-23,,28,23,0.00,,
2013-02-24,,39,17,0.00,,
2013-02-25,,42,23,0.00,,
2013-02-26,,36,33,0.39,,
2013-02-27,,35,33,0.05,,
2013-02-28,,36,28,0.01,,
2013-03-01,,32,27,0.00,,
2013-03-02,,32,20,0.00,,
2013-03-03,,35,16,0.00,,
2013-03-04,,34,22,0.00,,
2013-03-05,,33,29,0.22,,
2013-03-06,,35,28,0.00,,
2013-03-07,,41,30,0.00,,
2013-03-08,,40,26,0.00,,
2013-03-09,,48,32,0.02,,
2013-03-10,,55,42,1.00,,
2013-03-11,,49,33,0.06,,
2013-03-12,,37,27,0.00,,
2013-03-13,,34,23,0.00,,
2013-03-14,,37,23,0.00,,
2013-03-15,,43,31,0.16,,
2013-03-16,,36,31,0.00,,
2013-03-17,,36,28,0.00,,
2013-03-18,,36,22,0.02,,
2013-03-19,,34,18,0.00,,
2013-03-20,,26,15,0.00,,
2013-03-21,,35,15,0.00,,
2013-03-22,,41,19,0.00,,
2013-03-23,,41,25,0.00,,
2013-03-24,,37,32,0.00,,
2013-03-25,,39,32,0.00,,
2013-03-26,,43,31,0.00,,
2013-03-27,,43,30,0.00,,
2013-03-28,,51,27,0.00,,
2013-03-29,,54,32,0.00,,
2013-03-30,,59,32,0.00,,
2013-03-31,,60,37,0.00,,
2013-04-01,,41,30,0.00,,
2013-04-02,,46,25,0.00,,
2013-04-03,,43,26,0.00,,
2013-04-04,,58,30,0.00,,
2013-04-05,,48,36,0.00,,
2013-04-06,,70,36,0.08,,
2013-04-07,,60,40,0.00,,
2013-04-08,,68,40,0.41,,
2013-04-09,,60,40,0.18,,
2013-04-10,,42,38,1.15,,
2013-04-11,,50,39,0.13,,
2013-04-12,,47,37,0.02,,
2013-04-13,,46,34,0.01,,
2013-04-14,,70,39,0.00,,
2013-04-15,,65,46,0.32,,
2013-04-16,,56,42,0.00,,
2013-04-17,,52,43,1.87,,
2013-04-18,,63,40,1.66,,
2013-04-19,,40,33,0.00,,
2013-04-20,,46,30,0.00,,
2013-04-21,,54,33,0.00,,
2013-04-22,,67,42,0.00,,
2013-04-23,,60,38,0.52,,
2013-04-24,,51,37,0.01,,
2013-04-25,,51,41,0.01,,
2013-04-26,,68,40,0.00,,
2013-04-27,,68,46,0.00,,
2013-04-28,,63,52,0.06,,
2013-04-29,,74,52,0.00,,
2013-04-30,,86,60,0.00,,
2013-05-01,,85,63,0.00,,
2013-05-02,,71,42,0.00,,
2013-05-03,,50,40,0.02,,
2013-05-04,,72,49,0.00,,
2013-05-05,,70,49,0.00,,
2013-05-06,,70,51,0.00,,
2013-05-07,,76,49,0.00,,
2013-05-08,,77,46,0.00,,
2013-05-09,,76,50,0.63,,
2013-05-10,,50,44,0.04,,
2013-05-11,,62,44,0.00,,
2013-05-12,,55,38,0.00,,
2013-05-13,,61,38,0.00,,
2013-05-14,,90,57,0.00,,
2013-05-15,,83,62,0.00,,
2013-05-16,,81,57,0.00,,
2013-05-17,,73,58,0.00,,
2013-05-18,,79,59,0.00,,
2013-05-19,,87,62,0.00,,
2013-05-20,,92,65,1.25,,
2013-05-21,,82,65,0.20,,
2013-05-22,,73,56,0.65,,
2013-05-23,,56,43,0.12,,
2013-05-24,,57,42,0.00,,
2013-05-25,,57,46,0.00,,
2013-05-26,,67,46,0.00,,
2013-05-27,,65,56,0.19,,
2013-05-28,,76,59,2.20,,
2013-05-29,,85,65,0.02,,
2013-05-30,,84,65,0.09,,
2013-05-31,,78,65,0.23,,
2013-06-01,,76,63,0.44,,
2013-06-02,,63,47,0.01,,
2013-06-03,,68,43,0.00,,
2013-06-04,,72,50,0.00,,
2013-06-05,,76,56,0.00,,
2013-06-06,,65,54,0.06,,
2013-06-07,,68,54,0.00,,
2013-06-08,,74,50,0.00,,
2013-06-09,,83,58,0.01,,
2013-06-10,,75,61,0.85,,
2013-06-11,,84,60,0.24,,
2013-06-12,,87,64,0.25,,
2013-06-13,,72,59,0.00,,
2013-06-14,,76,57,0.00,,
2013-06-15,,81,61,0.12,,
2013-06-16,,83,69,0.00,,
2013-06-17,,88,62,0.10,,
2013-06-18,,70,57,0.01,,
2013-06-19,,75,57,0.00,,
2013-06-20,,86,62,0.00,,
2013-06-21,,85,70,0.11,,
2013-06-22,,83,70,0.00,,
2013-06-23,,89,69,0.00,,
2013-06-24,,86,68,0.14,,
2013-06-25,,87,70,0.00,,
2013-06-26,,81,68,0.19,,
2013-06-27,,91,66,0.59,,
2013-06-28,,83,68,0.16,,
2013-06-29,,72,64,0.00,,
2013-06-30,,76,64,0.00,,
2013-07-01,,75,61,0.00,,
2013-07-02,,68,62,0.00,,
2013-07-03,,74,62,0.07,,
2013-07-04,,83,61,0.00,,
2013-07-05,,87,63,0.00,,
2013-07-06,,82,71,0.00,,
2013-07-07,,89,70,0.00,,
2013-07-08,,87,71,0.84,,
2013-07-09,,85,75,0.01,,
2013-07-10,,87,66,0.00,,
2013-07-11,,80,63,0.00,,
2013-07-12,,82,60,0.00,,
2013-07-13,,83,67,0.00,,
2013-07-14,,88,73,0.00,,
2013-07-15,,91,75,0.02,,
2013-07-16,,93,77,0.01,,
2013-07-17,,95,77,0.00,,
2013-07-18,,96,79,0.00,,
2013-07-19,,97,75,0.00,,
2013-07-20,,88,72,0.01,,
2013-07-21,,89,72,0.00,,
2013-07-22,,90,72,0.00,,
2013-07-23,,80,65,0.00,,
2013-07-24,,73,62,0.00,,
2013-07-25,,81,58,0.00,,
2013-07-26,,74,65,0.01,,
2013-07-27,,68,57,0.00,,
2013-07-28,,71,55,0.00,,
2013-07-29,,76,58,0.00,,
2013-07-30,,74,61,0.00,,
2013-07-31,,75,64,0.18,,
2013-08-01,,82,61,0.00,,
2013-08-02,,86,65,0.41,,
2013-08-03,,79,66,0.00,,
2013-08-04,,74,60,0.00,,
2013-08-05,,76,63,0.02,,
2013-08-06,,85,68,0.00,,
2013-08-07,,91,70,0.01,,
2013-08-08,,79,69,0.00,,
2013-08-09,,84,62,0.00,,
2013-08-10,,81,68,0.00,,
2013-08-11,,84,63,0.00,,
2013-08-12,,85,69,0.66,,
2013-08-13,,71,62,0.00,,
2013-08-14,,71,58,0.00,,
2013-08-15,,74,57,0.00,,
2013-08-16,,82,58,0.00,,
2013-08-17,,79,60,0.00,,
2013-08-18,,81,62,0.00,,
2013-08-19,,86,63,0.00,,
2013-08-20,,88,68,0.00,,
2013-08-21,,91,70,0.05,,
2013-08-22,,78,67,0.36,,
2013-08-23,,81,64,0.00,,
2013-08-24,,86,64,0.00,,
2013-08-25,,89,68,0.00,,
2013-08-26,,92,70,0.00,,
2013-08-27,,96,77,0.00,,
2013-08-28,,83,71,0.00,,
2013-08-29,,87,69,0.00,,
2013-08-30,,96,69,0.47,,
2013-08-31,,77,70,0.96,,
2013-09-01,,84,68,0.02,,
2013-09-02,,77,62,0.00,,
2013-09-03,,76,58,0.00,,
2013-09-04,,84,59,0.00,,
2013-09-05,,74,65,0.00,,
2013-09-06,,85,62,0.00,,
2013-09-07,,87,68,0.00,,
2013-09-08,,78,71,0.00,,
2013-09-09,,94,69,0.00,,
2013-09-10,,96,78,0.00,,
2013-09-11,,92,75,0.00,,
2013-09-12,,83,63,0.06,,
2013-09-13,,67,54,0.00,,
2013-09-14,,72,51,0.00,,
2013-09-15,,62,58,0.24,,
2013-09-16,,64,55,0.00,,
2013-09-17,,70,53,0.00,,
2013-09-18,,82,62,0.51,,
2013-09-19,,84,70,0.00,,
2013-09-20,,77,59,0.02,,
2013-09-21,,67,51,0.00,,
2013-09-22,,67,49,0.00,,
2013-09-23,,67,50,0.00,,
2013-09-24,,,52,0.00,,
2013-09-25,,71,56,0.00,,
2013-09-26,,75,55,0.00,,
2013-09-27,,80,57,0.00,,
2013-09-28,,85,58,0.02,,
2013-09-29,,84,53,0.22,,
2013-09-30,,76,50,0.00,,
2013-10-01,,79,62,0.00,,
2013-10-02,,77,64,0.00,,
2013-10-03,,78,64,0.80,,
2013-10-04,,76,66,0.00,,
2013-10-05,,81,65,0.68,,
2013-10-06,,76,48,0.06,,
2013-10-07,,67,45,0.00,,
2013-10-08,,76,49,0.00,,
2013-10-09,,70,52,0.00,,
2013-10-10,,75,51,0.00,,
2013-10-11,,77,56,0.00,,
2013-10-12,,73,53,0.01,,
2013-10-13,,65,46,0.00,,
2013-10-14,,62,45,0.00,,
2013-10-15,,65,51,0.09,,
2013-10-16,,54,47,0.00,,
2013-10-17,,54,44,0.17,,
2013-10-18,,50,42,0.00,,
2013-10-19,,54,43,0.01,,
2013-10-20,,65,41,0.02,,
2013-10-21,,55,36,0.03,,
2013-10-22,,41,31,0.03,,
2013-10-23,,46,32,0.00,,
2013-10-24,,44,34,0.00,,
2013-10-25,,51,29,0.00,,
2013-10-26,,55,38,0.00,,
2013-10-27,,55,32,0.00,,
2013-10-28,,54,36,0.00,,
2013-10-29,,57,43,0.00,,
2013-10-30,,64,47,1.16,,
2013-10-31,,65,47,2.03,,
2013-11-01,,49,44,0.08,,
2013-11-02,,48,39,0.02,,
2013-11-03,,52,34,0.00,,
2013-11-04,,57,44,0.00,,
2013-11-05,,56,51,0.02,,
2013-11-06,,57,37,0.92,,
2013-11-07,,45,31,0.00,,
2013-11-08,,48,29,0.00,,
2013-11-09,,59,43,0.00,,
2013-11-10,,49,35,0.00,,
2013-11-11,,48,26,0.10,,
2013-11-12,,34,23,0.00,,
2013-11-13,,40,20,0.00,,
2013-11-14,,50,31,0.00,,
2013-11-15,,49,38,0.00,,
2013-11-16,,61,43,0.30,,
2013-11-17,,69,43,0.77,,
2013-11-18,,43,31,0.00,,
2013-11-19,,41,26,0.00,,
2013-11-20,,44,31,0.16,,
2013-11-21,,51,41,0.05,,
2013-11-22,,44,28,0.03,,
2013-11-23,,29,16,0.00,,
2013-11-24,,27,12,0.00,,
2013-11-25,,32,22,0.00,,
2013-11-26,,36,18,0.00,,
2013-11-27,,29,14,0.00,,
2013-11-28,,34,23,0.00,,
2013-11-29,,37,18,0.00,,
2013-11-30,,51,31,0.00,,
2013-12-01,,44,30,0.00,,
2013-12-02,,43,33,0.09,,
2013-12-03,,51,37,0.00,,
2013-12-04,,57,42,0.00,,
2013-12-05,,42,22,0.00,,
2013-12-06,,22,14,0.00,,
2013-12-07,,21,9,0.00,,
2013-12-08,,26,16,0.10,,
2013-12-09,,26,3,0.00,,
2013-12-10,,22,1,0.00,,
2013-12-11,,21,2,0.01,,
2013-12-12,,20,-3,0.00,,
2013-12-13,,31,15,0.04,,
2013-12-14,,30,23,0.10,,
2013-12-15,,23,12,0.00,,
2013-12-16,,22,12,0.01,,
2013-12-17,,33,16,0.00,,
2013-12-18,,34,16,0.00,,
2013-12-19,,43,34,0.05,,
2013-12-20,,37,34,0.13,,
2013-12-21,,36,32,0.26,,
2013-12-22,,35,26,0.05,,
2013-12-23,,27,0,0.00,,
2013-12-24,,19,-1,0.00,,
2013-12-25,,27,19,0.02,,
2013-12-26,,36,15,0.00,,
2013-12-27,,44,26,0.00,,
2013-12-28,,51,34,0.00,,
2013-12-29,,39,12,0.00,,
2013-12-30,,15,3,0.00,,
2013-12-31,,14,4,0.08,,
2014-01-01,,24,14,0.02,,
2014-01-02,,22,5,0.01,,
2014-01-03,,20,-2,0.00,,
2014-01-04,,33,20,0.20,,
2014-01-05,,31,-1,0.03,,
2014-01-06,,-1,-15,0.00,,
2014-01-07,,5,-11,0.00,,
2014-01-08,,15,-2,0.00,,
2014-01-09,,29,2,0.00,,
2014-01-10,,42,29,0.86,,
2014-01-11,,41,31,0.07,,
2014-01-12,,44,29,0.00,,
2014-01-13,,47,28,0.00,,
2014-01-14,,35,22,0.00,,
2014-01-15,,22,16,0.00,,
2014-01-16,,35,20,0.00,,
2014-01-17,,21,13,0.00,,
2014-01-18,,21,11,0.04,,
2014-01-19,,39,11,0.00,,
2014-01-20,,37,20,0.00,,
2014-01-21,,20,1,0.00,,
2014-01-22,,15,1,0.00,,
2014-01-23,,11,-3,0.00,,
2014-01-24,,28,-6,0.00,,
2014-01-25,,33,7,0.01,,
2014-01-26,,32,6,0.10,,
2014-01-27,,6,-7,0.00,,
2014-01-28,,4,-11,0.00,,
2014-01-29,,22,1,0.00,,
2014-01-30,,33,19,0.00,,
2014-01-31,,28,19,0.02,,
2014-02-01,,32,23,0.20,,
2014-02-02,,23,7,0.00,,
2014-02-03,,22,1,0.00,,
2014-02-04,,25,10,0.01,,
2014-02-05,,25,9,0.04,,
2014-02-06,,12,-1,0.00,,
2014-02-07,,11,-3,0.00,,
2014-02-08,,17,6,0.07,,
2014-02-09,,20,7,0.00,,
2014-02-10,,13,-2,0.00,,
2014-02-11,,15,-4,0.00,,
2014-02-12,,23,2,0.00,,
2014-02-13,,34,15,0.00,,
2014-02-14,,22,13,0.00,,
2014-02-15,,24,6,0.01,,
2014-02-16,,28,18,0.00,,
2014-02-17,,29,22,0.38,,
2014-02-18,,45,23,0.00,,
2014-02-19,,45,32,0.00,,
2014-02-20,,51,35,0.77,,
2014-02-21,,37,28,0.00,,
2014-02-22,,35,23,0.00,,
2014-02-23,,29,16,0.00,,
2014-02-24,,25,13,0.00,,
2014-02-25,,24,7,0.00,,
2014-02-26,,19,8,,,
2014-02-27,,19,6,0.00,,
2014-02-28,,32,6,0.00,,
2014-03-01,,32,12,0.05,,
2014-03-02,,16,5,0.01,,
2014-03-03,,20,1,0.00,,
2014-03-04,,27,12,0.00,,
2014-03-05,,24,20,0.02,,
2014-03-06,,32,16,0.00,,
2014-03-07,,46,20,0.00,,
2014-03-08,,39,23,0.01,,
2014-03-09,,42,21,0.00,,
2014-03-10,,54,41,0.00,,
2014-03-11,,51,33,0.37,,
2014-03-12,,34,18,0.13,,
2014-03-13,,39,14,0.00,,
2014-03-14,,54,38,0.00,,
2014-03-15,,40,28,0.00,,
2014-03-16,,29,19,0.00,,
2014-03-17,,39,20,0.00,,
2014-03-18,,51,30,0.00,,
2014-03-19,,47,35,0.39,,
2014-03-20,,48,31,0.00,,
2014-03-21,,58,33,0.00,,
2014-03-22,,42,29,0.00,,
2014-03-23,,30,21,0.00,,
2014-03-24,,37,20,0.00,,
2014-03-25,,31,21,0.00,,
2014-03-26,,39,17,0.00,,
2014-03-27,,54,35,0.12,,
2014-03-28,,55,34,0.04,,
2014-03-29,,41,28,0.00,,
2014-03-30,,57,25,0.00,,
2014-03-31,,68,44,0.03,,
2014-04-01,,57,34,0.00,,
2014-04-02,,45,36,0.00,,
2014-04-03,,42,37,1.08,,
2014-04-04,,46,35,0.01,,
2014-04-05,,49,33,0.00,,
2014-04-06,,56,36,0.00,,
2014-04-07,,55,37,0.00,,
2014-04-08,,57,40,0.02,,
2014-04-09,,63,36,0.00,,
2014-04-10,,64,44,0.00,,
2014-04-11,,70,41,0.00,,
2014-04-12,,80,52,0.00,,
2014-04-13,,72,46,0.45,,
2014-04-14,,64,31,0.16,,
2014-04-15,,38,27,0.00,,
2014-04-16,,52,31,0.00,,
2014-04-17,,63,43,0.00,,
2014-04-18,,51,39,0.00,,
2014-04-19,,64,38,0.00,,
2014-04-20,,78,47,0.00,,
2014-04-21,,78,59,0.51,,
2014-04-22,,60,40,0.00,,
2014-04-23,,51,37,0.02,,
2014-04-24,,64,41,0.01,,
2014-04-25,,69,47,0.24,,
2014-04-26,,60,40,0.01,,
2014-04-27,,61,42,0.03,,
2014-04-28,,58,47,0.48,,
2014-04-29,,67,50,0.11,,
2014-04-30,,53,46,0.12,,
2014-05-01,,50,43,0.09,,
2014-05-02,,80,47,0.04,,
2014-05-03,,68,49,0.00,,
2014-05-04,,61,47,0.00,,
2014-05-05,,59,45,0.01,,
2014-05-06,,63,45,0.00,,
2014-05-07,,80,52,0.00,,
2014-05-08,,93,68,0.00,,
2014-05-09,,76,57,1.43,,
2014-05-10,,77,52,0.00,,
2014-05-11,,85,63,0.41,,
2014-05-12,,86,65,0.03,,
2014-05-13,,70,54,0.14,,
2014-05-14,,57,44,0.06,,
2014-05-15,,57,42,0.26,,
2014-05-16,,45,41,0.08,,
2014-05-17,,61,41,0.00,,
2014-05-18,,70,48,0.00,,
2014-05-19,,71,53,0.00,,
2014-05-20,,87,63,0.64,,
2014-05-21,,89,68,0.01,,
2014-05-22,,69,54,0.00,,
2014-05-23,,68,51,0.00,,
2014-05-24,,74,50,0.00,,
2014-05-25,,85,54,0.00,,
2014-05-26,,90,67,0.08,,
2014-05-27,,85,61,0.50,,
2014-05-28,,73,58,0.68,,
2014-05-29,,77,57,0.00,,
2014-05-30,,79,57,0.00,,
2014-05-31,,89,60,0.00,,
2014-06-01,,92,69,0.00,,
2014-06-02,,85,69,0.20,,
2014-06-03,,82,70,0.00,,
2014-06-04,,72,58,0.12,,
2014-06-05,,75,56,0.00,,
2014-06-06,,82,54,0.00,,
2014-06-07,,85,62,0.12,,
2014-06-08,,70,55,0.21,,
2014-06-09,,79,56,0.00,,
2014-06-10,,70,59,0.45,,
2014-06-11,,69,62,0.03,,
2014-06-12,,82,63,0.01,,
2014-06-13,,75,57,0.00,,
2014-06-14,,80,57,0.00,,
2014-06-15,,86,64,0.00,,
2014-06-16,,90,69,0.00,,
2014-06-17,,93,79,0.00,,
2014-06-18,,85,63,0.80,,
2014-06-19,,82,60,0.39,,
2014-06-20,,86,66,0.03,,
2014-06-21,,85,63,0.73,,
2014-06-22,,82,66,0.00,,
2014-06-23,,84,69,0.16,,
2014-06-24,,85,70,1.15,,
2014-06-25,,79,62,0.02,,
2014-06-26,,77,60,0.00,,
2014-06-27,,91,62,0.00,,
2014-06-28,,88,75,0.16,,
2014-06-29,,88,71,0.04,,
2014-06-30,,88,68,2.06,,
2014-07-01,,84,68,0.04,,
2014-07-02,,74,58,0.12,,
2014-07-03,,75,57,0.05,,
2014-07-04,,79,60,0.00,,
2014-07-05,,79,63,0.01,,
2014-07-06,,89,66,0.00,,
2014-07-07,,89,72,0.48,,
2014-07-08,,84,70,0.48,,
2014-07-09,,81,64,0.00,,
2014-07-10,,78,63,0.00,,
2014-07-11,,83,63,0.00,,
2014-07-12,,81,70,3.31,,
2014-07-13,,86,71,0.04,,
2014-07-14,,81,64,0.37,,
2014-07-15,,71,57,0.05,,
2014-07-16,,73,56,0.00,,
2014-07-17,,78,58,0.00,,
2014-07-18,,81,64,0.00,,
2014-07-19,,80,62,0.00,,
2014-07-20,,84,66,0.00,,
2014-07-21,,87,68,0.00,,
2014-07-22,,91,72,0.19,,
2014-07-23,,76,64,0.00,,
2014-07-24,,75,60,0.00,,
2014-07-25,,77,60,0.00,,
2014-07-26,,85,70,0.00,,
2014-07-27,,89,66,0.04,,
2014-07-28,,73,62,0.00,,
2014-07-29,,81,60,0.00,,
2014-07-30,,80,61,0.00,,
2014-07-31,,85,63,0.00,,
2014-08-01,,83,67,0.21,,
2014-08-02,,84,63,0.00,,
2014-08-03,,87,66,0.00,,
2014-08-04,,88,68,1.82,,
2014-08-05,,80,68,0.07,,
2014-08-06,,81,65,0.00,,
2014-08-07,,81,69,0.00,,
2014-08-08,,82,70,0.00,,
2014-08-09,,80,68,0.00,,
2014-08-10,,82,71,0.00,,
2014-08-11,,84,68,1.16,,
2014-08-12,,70,63,0.16,,
2014-08-13,,83,59,0.00,,
2014-08-14,,73,61,0.00,,
2014-08-15,,79,55,0.00,,
2014-08-16,,81,64,0.00,,
2014-08-17,,72,66,0.00,,
2014-08-18,,85,67,0.00,,
2014-08-19,,86,73,0.13,,
2014-08-20,,87,68,0.00,,
2014-08-21,,83,71,1.29,,
2014-08-22,,87,74,3.17,,
2014-08-23,,87,71,0.50,,
2014-08-24,,89,73,0.00,,
2014-08-25,,92,73,0.78,,
2014-08-26,,86,,0.00,,
2014-08-27,,81,70,0.00,,
2014-08-28,,77,69,0.02,,
2014-08-29,,88,73,0.00,,
2014-08-30,,86,74,0.00,,
2014-08-31,,87,71,0.00,,
2014-09-01,,85,74,0.00,,
2014-09-02,,85,69,0.00,,
2014-09-03,,85,67,0.00,,
2014-09-04,,87,73,0.22,,
2014-09-05,,89,67,0.43,,
2014-09-06,,76,62,0.00,,
2014-09-07,,79,58,0.00,,
2014-09-08,,79,60,0.00,,
2014-09-09,,81,66,0.01,,
2014-09-10,,82,58,1.61,,
2014-09-11,,58,52,0.00,,
2014-09-12,,57,46,0.10,,
2014-09-13,,60,42,0.01,,
2014-09-14,,67,46,0.00,,
2014-09-15,,62,54,0.00,,
2014-09-16,,69,47,0.00,,
2014-09-17,,72,49,0.00,,
2014-09-18,,72,53,0.00,,
2014-09-19,,76,57,0.00,,
2014-09-20,,80,63,0.12,,
2014-09-21,,70,52,0.00,,
2014-09-22,,69,48,0.00,,
2014-09-23,,76,50,0.00,,
2014-09-24,,77,54,0.00,,
2014-09-25,,78,58,0.00,,
2014-09-26,,81,59,0.00,,
2014-09-27,,79,61,0.00,,
2014-09-28,,79,58,0.00,,
2014-09-29,,84,57,0.00,,
2014-09-30,,61,51,0.00,,
2014-10-01,,73,52,0.00,,
2014-10-02,,75,66,0.72,,
2014-10-03,,68,46,1.05,,
2014-10-04,,49,37,0.05,,
2014-10-05,,56,42,0.00,,
2014-10-06,,63,48,0.01,,
2014-10-07,,69,49,0.00,,
2014-10-08,,67,48,0.00,,
2014-10-09,,64,50,0.00,,
2014-10-10,,59,44,0.00,,
2014-10-11,,60,40,0.00,,
2014-10-12,,64,45,0.01,,
2014-10-13,,71,59,0.44,,
2014-10-14,,67,54,1.18,,
2014-10-15,,58,53,0.07,,
2014-10-16,,58,53,0.00,,
2014-10-17,,63,49,0.01,,
2014-10-18,,52,39,0.02,,
2014-10-19,,57,36,0.00,,
2014-10-20,,66,50,0.00,,
2014-10-21,,54,49,0.00,,
2014-10-22,,56,43,0.00,,
2014-10-23,,62,41,0.00,,
2014-10-24,,68,54,0.00,,
2014-10-25,,75,52,0.00,,
2014-10-26,,66,44,0.00,,
2014-10-27,,79,54,0.02,,
2014-10-28,,66,48,0.03,,
2014-10-29,,49,40,0.00,,
2014-10-30,,53,37,0.00,,
2014-10-31,,49,34,0.04,,
2014-11-01,,44,33,0.00,,
2014-11-02,,53,29,0.00,,
2014-11-03,,64,45,0.00,,
2014-11-04,,,45,0.02,,
2014-11-05,,63,39,0.00,,
2014-11-06,,52,40,0.00,,
2014-11-07,,45,37,0.00,,
2014-11-08,,49,39,0.00,,
2014-11-09,,53,36,0.00,,
2014-11-10,,65,44,0.00,,
2014-11-11,,61,33,0.23,,
2014-11-12,,33,27,0.00,,
2014-11-13,,31,26,0.00,,
2014-11-14,,29,24,0.00,,
2014-11-15,,33,21,0.00,,
2014-11-16,,33,25,0.00,,
2014-11-17,,25,13,0.00,,
2014-11-18,,21,12,0.00,,
2014-11-19,,33,19,0.00,,
2014-11-20,,30,17,0.00,,
2014-11-21,,36,13,0.00,,
2014-11-22,,54,34,0.05,,
2014-11-23,,54,50,0.62,,
2014-11-24,,51,27,0.35,,
2014-11-25,,30,22,0.00,,
2014-11-26,,32,22,0.00,,
2014-11-27,,30,19,0.00,,
2014-11-28,,36,20,0.00,,
2014-11-29,,54,33,0.00,,
2014-11-30,,56,29,0.00,,
2014-12-01,,29,21,0.00,,
2014-12-02,,33,22,0.00,,
2014-12-03,,39,26,0.00,,
2014-12-04,,37,25,0.00,,
2014-12-05,,41,35,0.00,,
2014-12-06,,43,34,0.00,,
2014-12-07,,39,30,0.00,,
2014-12-08,,39,35,0.10,,
2014-12-09,,40,33,0.02,,
2014-12-10,,36,31,0.00,,
2014-12-11,,34,26,0.00,,
2014-12-12,,39,25,0.00,,
2014-12-13,,49,37,0.00,,
2014-12-14,,53,47,0.00,,
2014-12-15,,48,43,0.12,,
2014-12-16,,47,32,0.02,,
2014-12-17,,32,26,0.00,,
2014-12-18,,31,25,0.00,,
2014-12-19,,34,29,0.00,,
2014-12-20,,35,32,0.00,,
2014-12-21,,38,34,0.00,,
2014-12-22,,44,31,0.28,,
2014-12-23,,50,42,0.12,,
2014-12-24,,43,38,0.12,,
2014-12-25,,44,35,0.00,,
2014-12-26,,51,38,0.00,,
2014-12-27,,50,32,0.00,,
2014-12-28,,36,26,0.00,,
2014-12-29,,35,24,0.00,,
2014-12-30,,24,13,0.00,,
2014-12-31,,20,6,0.00,,
2015-01-01,,32,17,0.00,,
2015-01-02,,36,20,0.00,,
2015-01-03,,37,31,0.55,,
2015-01-04,,36,5,0.10,,
2015-01-05,,10,-1,0.11,,
2015-01-06,,12,5,0.00,,
2015-01-07,,8,-4,0.00,,
2015-01-08,,20,-7,0.05,,
2015-01-09,,16,3,0.00,,
2015-01-10,,26,0,0.00,,
2015-01-11,,34,25,0.12,,
2015-01-12,,30,19,0.03,,
2015-01-13,,23,13,0.00,,
2015-01-14,,21,5,0.00,,
2015-01-15,,36,17,0.00,,
2015-01-16,,35,22,0.00,,
2015-01-17,,44,30,0.00,,
2015-01-18,,43,31,0.00,,
2015-01-19,,43,27,0.00,,
2015-01-20,,40,33,0.01,,
2015-01-21,,36,31,0.00,,
2015-01-22,,34,30,0.00,,
2015-01-23,,34,30,0.00,,
2015-01-24,,45,32,0.00,,
2015-01-25,,38,26,0.06,,
2015-01-26,,29,21,0.04,,
2015-01-27,,33,24,0.00,,
2015-01-28,,36,24,0.03,,
2015-01-29,,39,31,0.00,,
2015-01-30,,32,23,0.00,,
2015-01-31,,39,23,0.13,,
2015-02-01,,33,21,0.33,,
2015-02-02,,22,9,0.00,,
2015-02-03,,30,8,0.05,,
2015-02-04,,30,12,0.00,,
2015-02-05,,17,3,0.00,,
2015-02-06,,32,15,0.00,,
2015-02-07,,44,25,0.00,,
2015-02-08,,42,31,0.00,,
2015-02-09,,31,26,0.00,,
2015-02-10,,33,25,0.00,,
2015-02-11,,38,21,0.00,,
2015-02-12,,21,11,0.00,,
2015-02-13,,29,7,0.00,,
2015-02-14,,29,4,0.00,,
2015-02-15,,17,0,0.00,,
2015-02-16,,19,8,0.00,,
2015-02-17,,22,11,0.00,,
2015-02-18,,11,0,0.00,,
2015-02-19,,7,-5,0.00,,
2015-02-20,,20,-1,0.00,,
2015-02-21,,33,19,0.00,,
2015-02-22,,30,7,0.00,,
2015-02-23,,15,0,0.00,,
2015-02-24,,32,6,0.00,,
2015-02-25,,28,16,0.06,,
2015-02-26,,22,7,0.00,,
2015-02-27,,17,0,0.00,,
2015-02-28,,23,1,0.00,,
2015-03-01,,27,18,0.01,,
2015-03-02,,34,16,0.00,,
2015-03-03,,37,27,0.10,,
2015-03-04,,33,14,0.00,,
2015-03-05,,19,8,0.00,,
2015-03-06,,27,6,0.00,,
2015-03-07,,46,26,0.00,,
2015-03-08,,42,31,0.00,,
2015-03-09,,52,28,0.00,,
2015-03-10,,54,38,0.00,,
2015-03-11,,54,36,0.00,,
2015-03-12,,58,33,0.00,,
2015-03-13,,65,41,0.00,,
2015-03-14,,62,40,0.00,,
2015-03-15,,64,34,0.00,,
2015-03-16,,74,44,0.00,,
2015-03-17,,44,31,0.00,,
2015-03-18,,50,30,0.00,,
2015-03-19,,50,41,0.00,,
2015-03-20,,52,39,0.00,,
2015-03-21,,50,35,0.00,,
2015-03-22,,37,30,0.00,,
2015-03-23,,34,30,0.15,,
2015-03-24,,40,25,0.04,,
2015-03-25,,43,38,0.13,,
2015-03-26,,46,34,0.00,,
2015-03-27,,34,25,0.01,,
2015-03-28,,37,21,0.00,,
2015-03-29,,51,28,0.04,,
2015-03-30,,64,37,0.00,,
2015-03-31,,57,41,0.00,,
2015-04-01,,74,41,0.00,,
2015-04-02,,68,50,0.27,,
2015-04-03,,57,33,0.00,,
2015-04-04,,61,31,0.00,,
2015-04-05,,69,47,0.00,,
2015-04-06,,64,41,0.07,,
2015-04-07,,49,40,0.04,,
2015-04-08,,54,43,0.08,,
2015-04-09,,74,46,0.95,,
2015-04-10,,65,42,0.00,,
2015-04-11,,64,39,0.00,,
2015-04-12,,71,47,0.00,,
2015-04-13,,69,53,0.14,,
2015-04-14,,67,46,0.00,,
2015-04-15,,67,44,0.00,,
2015-04-16,,64,47,0.34,,
2015-04-17,,80,49,0.00,,
2015-04-18,,68,50,0.00,,
2015-04-19,,69,51,0.42,,
2015-04-20,,56,43,0.00,,
2015-04-21,,58,41,0.00,,
2015-04-22,,49,37,0.00,,
2015-04-23,,56,34,0.00,,
2015-04-24,,60,35,0.29,,
2015-04-25,,49,40,0.34,,
2015-04-26,,57,39,0.00,,
2015-04-27,,56,43,0.00,,
2015-04-28,,60,38,0.00,,
2015-04-29,,64,42,0.00,,
2015-04-30,,52,42,0.00,,
2015-05-01,,65,40,0.00,,
2015-05-02,,79,53,0.00,,
2015-05-03,,82,60,0.20,,
2015-05-04,,74,57,0.00,,
2015-05-05,,60,51,0.79,,
2015-05-06,,82,51,0.00,,
2015-05-07,,87,57,0.00,,
2015-05-08,,84,66,0.28,,
2015-05-09,,67,49,0.38,,
2015-05-10,,58,47,0.16,,
2015-05-11,,71,50,0.14,,
2015-05-12,,58,47,0.00,,
2015-05-13,,53,45,0.00,,
2015-05-14,,69,46,0.13,,
2015-05-15,,79,60,0.03,,
2015-05-16,,82,67,0.00,,
2015-05-17,,84,69,0.00,,
2015-05-18,,81,51,0.00,,
2015-05-19,,54,44,0.00,,
2015-05-20,,51,43,0.02,,
2015-05-21,,70,47,0.00,,
2015-05-22,,68,50,0.00,,
2015-05-23,,83,53,0.00,,
2015-05-24,,76,62,0.44,,
2015-05-25,,81,68,0.06,,
2015-05-26,,77,69,0.42,,
2015-05-27,,77,64,0.06,,
2015-05-28,,84,60,0.00,,
2015-05-29,,84,71,0.18,,
2015-05-30,,73,45,0.79,,
2015-05-31,,57,44,0.05,,
2015-06-01,,62,48,0.00,,
2015-06-02,,71,45,0.00,,
2015-06-03,,79,55,0.00,,
2015-06-04,,82,62,0.00,,
2015-06-05,,73,56,0.00,,
2015-06-06,,73,54,0.00,,
2015-06-07,,83,60,0.44,,
2015-06-08,,86,63,0.10,,
2015-06-09,,87,61,0.00,,
2015-06-10,,94,71,0.09,,
2015-06-11,,79,65,0.20,,
2015-06-12,,74,58,0.17,,
2015-06-13,,88,58,0.19,,
2015-06-14,,85,70,1.54,,
2015-06-15,,83,71,1.75,,
2015-06-16,,74,60,0.00,,
2015-06-17,,72,58,0.33,,
2015-06-18,,82,59,0.48,,
2015-06-19,,68,57,0.00,,
2015-06-20,,82,57,0.22,,
2015-06-21,,87,70,0.00,,
2015-06-22,,85,72,0.04,,
2015-06-23,,81,67,0.00,,
2015-06-24,,79,66,0.00,,
2015-06-25,,83,65,0.52,,
2015-06-26,,70,61,0.70,,
2015-06-27,,77,59,0.00,,
2015-06-28,,81,58,0.00,,
2015-06-29,,75,66,0.06,,
2015-06-30,,80,61,0.00,,
2015-07-01,,68,58,0.00,,
2015-07-02,,71,56,0.00,,
2015-07-03,,77,61,0.00,,
2015-07-04,,84,62,0.00,,
2015-07-05,,85,65,0.00,,
2015-07-06,,88,71,0.56,,
2015-07-07,,74,59,0.25,,
2015-07-08,,68,59,0.00,,
2015-07-09,,74,61,0.04,,
2015-07-10,,82,63,0.00,,
2015-07-11,,81,65,0.03,,
2015-07-12,,83,69,0.06,,
2015-07-13,,88,70,0.66,,
2015-07-14,,84,64,0.00,,
2015-07-15,,76,62,0.00,,
2015-07-16,,79,63,0.52,,
2015-07-17,,93,74,0.03,,
2015-07-18,,93,76,0.03,,
2015-07-19,,88,72,0.00,,
2015-07-20,,89,68,0.00,,
2015-07-21,,82,70,0.00,,
2015-07-22,,84,67,0.00,,
2015-07-23,,86,67,0.00,,
2015-07-24,,87,69,0.00,,
2015-07-25,,92,73,0.00,,
2015-07-26,,82,71,0.00,,
2015-07-27,,90,71,0.00,,
2015-07-28,,94,74,0.00,,
2015-07-29,,90,74,0.07,,
2015-07-30,,90,69,0.00,,
2015-07-31,,90,70,0.00,,
2015-08-01,,89,66,0.00,,
2015-08-02,,95,68,1.06,,
2015-08-03,,84,68,,,
2015-08-04,,84,64,0.00,,
2015-08-05,,83,65,0.00,,
2015-08-06,,84,70,0.00,,
2015-08-07,,85,68,0.00,,
2015-08-08,,85,71,0.00,,
2015-08-09,,83,70,0.00,,
2015-08-10,,86,71,0.25,,
2015-08-11,,82,68,0.00,,
2015-08-12,,79,65,0.00,,
2015-08-13,,86,67,0.00,,
2015-08-14,,90,71,0.17,,
2015-08-15,,90,70,0.17,,
2015-08-16,,91,72,0.00,,
2015-08-17,,90,72,0.41,,
2015-08-18,,84,70,0.94,,
2015-08-19,,79,64,0.00,,
2015-08-20,,76,61,0.00,,
2015-08-21,,84,60,0.00,,
2015-08-22,,83,66,0.00,,
2015-08-23,,79,65,0.09,,
2015-08-24,,76,57,0.00,,
2015-08-25,,73,62,0.00,,
2015-08-26,,67,59,0.00,,
2015-08-27,,75,56,0.00,,
2015-08-28,,76,62,0.00,,
2015-08-29,,76,66,0.37,,
2015-08-30,,78,66,0.00,,
2015-08-31,,87,65,0.00,,
2015-09-01,,89,74,0.00,,
2015-09-02,,92,73,0.00,,
2015-09-03,,93,74,0.00,,
2015-09-04,,87,72,0.00,,
2015-09-05,,87,73,0.02,,
2015-09-06,,94,74,0.00,,
2015-09-07,,90,77,0.00,,
2015-09-08,,88,70,1.01,,
2015-09-09,,78,62,0.00,,
2015-09-10,,77,59,0.20,,
2015-09-11,,69,57,0.23,,
2015-09-12,,66,53,0.16,,
2015-09-13,,71,50,0.00,,
2015-09-14,,83,56,0.00,,
2015-09-15,,84,65,0.00,,
2015-09-16,,84,61,0.00,,
2015-09-17,,87,66,0.26,,
2015-09-18,,79,67,3.15,,
2015-09-19,,71,57,0.04,,
2015-09-20,,72,53,0.00,,
2015-09-21,,73,56,0.00,,
2015-09-22,,81,57,0.00,,
2015-09-23,,80,61,0.00,,
2015-09-24,,78,62,0.00,,
2015-09-25,,76,64,0.00,,
2015-09-26,,76,61,0.00,,
2015-09-27,,76,67,0.00,,
2015-09-28,,81,67,0.00,,
2015-09-29,,72,59,0.00,,
2015-09-30,,63,55,0.00,,
2015-10-01,,60,53,0.00,,
2015-10-02,,62,53,0.00,,
2015-10-03,,55,49,0.04,,
2015-10-04,,60,51,0.00,,
2015-10-05,,61,57,0.00,,
2015-10-06,,68,58,0.00,,
2015-10-07,,73,56,0.00,,
2015-10-08,,79,55,0.00,,
2015-10-09,,67,49,0.00,,
2015-10-10,,66,45,0.00,,
2015-10-11,,80,53,0.00,,
2015-10-12,,77,56,0.00,,
2015-10-13,,64,51,0.00,,
2015-10-14,,65,45,0.00,,
2015-10-15,,71,49,0.00,,
2015-10-16,,56,42,0.00,,
2015-10-17,,54,36,0.00,,
2015-10-18,,61,35,0.00,,
2015-10-19,,74,47,0.00,,
2015-10-20,,77,55,0.09,,
2015-10-21,,77,59,0.00,,
2015-10-22,,64,55,0.00,,
2015-10-23,,66,54,0.04,,
2015-10-24,,68,51,0.12,,
2015-10-25,,63,42,0.00,,
2015-10-26,,62,42,0.00,,
2015-10-27,,57,51,0.38,,
2015-10-28,,58,39,0.16,,
2015-10-29,,48,38,0.00,,
2015-10-30,,57,37,0.00,,
2015-10-31,,54,46,0.74,,
2015-11-01,,65,46,0.00,,
2015-11-02,,74,50,0.00,,
2015-11-03,,73,50,0.00,,
2015-11-04,,73,50,0.00,,
2015-11-05,,71,61,0.00,,
2015-11-06,,67,43,0.47,,
2015-11-07,,55,38,0.00,,
2015-11-08,,54,34,0.00,,
2015-11-09,,56,35,0.00,,
2015-11-10,,58,38,0.00,,
2015-11-11,,64,43,0.73,,
2015-11-12,,58,44,0.02,,
2015-11-13,,48,36,0.00,,
2015-11-14,,58,31,0.00,,
2015-11-15,,66,44,0.00,,
2015-11-16,,58,48,0.03,,
2015-11-17,,63,49,0.44,,
2015-11-18,,63,50,0.26,,
2015-11-19,,50,37,0.00,,
2015-11-20,,43,33,0.12,,
2015-11-21,,35,21,0.55,,
2015-11-22,,29,13,0.00,,
2015-11-23,,39,27,0.00,,
2015-11-24,,45,26,0.00,,
2015-11-25,,53,39,0.02,,
2015-11-26,,62,50,0.54,,
2015-11-27,,57,38,0.81,,
2015-11-28,,40,36,0.00,,
2015-11-29,,43,30,0.00,,
2015-11-30,,46,39,0.15,,
2015-12-01,,45,39,0.15,,
2015-12-02,,39,33,0.13,,
2015-12-03,,37,31,0.00,,
2015-12-04,,48,33,0.00,,
2015-12-05,,45,30,0.00,,
2015-12-06,,48,32,0.00,,
2015-12-07,,40,33,0.00,,
2015-12-08,,49,40,0.00,,
2015-12-09,,55,43,0.00,,
2015-12-10,,60,43,0.00,,
2015-12-11,,55,44,0.00,,
2015-12-12,,60,51,0.00,,
2015-12-13,,64,54,0.78,,
2015-12-14,,62,43,0.37,,
2015-12-15,,44,41,0.00,,
2015-12-16,,55,35,0.09,,
2015-12-17,,36,30,0.00,,
2015-12-18,,33,26,0.00,,
2015-12-19,,32,17,0.00,,
2015-12-20,,51,28,0.03,,
2015-12-21,,54,43,0.72,,
2015-12-22,,44,37,0.01,,
2015-12-23,,61,42,0.84,,
2015-12-24,,44,36,0.00,,
2015-12-25,,46,36,0.00,,
2015-12-26,,45,41,0.24,,
2015-12-27,,43,36,0.16,,
2015-12-28,,42,32,1.82,,
2015-12-29,,41,31,0.00,,
2015-12-30,,31,28,0.06,,
2015-12-31,,29,24,0.00,,
2016-01-01,,31,20,0.00,,
2016-01-02,,33,22,0.00,,
2016-01-03,,31,24,0.00,,
2016-01-04,,32,25,0.00,,
2016-01-05,,34,21,0.00,,
2016-01-06,,39,25,0.00,,
2016-01-07,,43,36,0.00,,
2016-01-08,,46,39,0.18,,
2016-01-09,,44,27,0.27,,
2016-01-10,,27,4,0.00,,
2016-01-11,,26,2,0.06,,
2016-01-12,,22,5,0.00,,
2016-01-13,,29,2,0.00,,
2016-01-14,,45,28,0.00,,
2016-01-15,,43,32,0.02,,
2016-01-16,,32,14,0.00,,
2016-01-17,,14,1,0.00,,
2016-01-18,,10,-2,0.00,,
2016-01-19,,18,2,0.00,,
2016-01-20,,25,13,0.03,,
2016-01-21,,32,16,0.00,,
2016-01-22,,32,21,0.01,,
2016-01-23,,35,24,0.00,,
2016-01-24,,37,24,0.00,,
2016-01-25,,43,29,0.06,,
2016-01-26,,38,27,0.00,,
2016-01-27,,35,26,0.00,,
2016-01-28,,41,31,0.00,,
2016-01-29,,37,24,0.00,,
2016-01-30,,49,36,0.00,,
2016-01-31,,49,34,0.02,,
2016-02-01,,47,31,0.00,,
2016-02-02,,40,36,0.74,,
2016-02-03,,39,29,0.00,,
2016-02-04,,32,21,0.00,,
2016-02-05,,34,27,0.00,,
2016-02-06,,42,26,0.00,,
2016-02-07,,46,34,0.00,,
2016-02-08,,34,23,0.00,,
2016-02-09,,23,15,0.00,,
2016-02-10,,19,11,0.00,,
2016-02-11,,24,9,0.00,,
2016-02-12,,25,9,0.00,,
2016-02-13,,19,4,0.00,,
2016-02-14,,19,13,0.01,,
2016-02-15,,29,19,0.00,,
2016-02-16,,37,26,0.03,,
2016-02-17,,36,27,0.00,,
2016-02-18,,42,26,0.00,,
2016-02-19,,65,42,0.00,,
2016-02-20,,60,42,0.00,,
2016-02-21,,44,35,0.00,,
2016-02-22,,45,28,0.00,,
2016-02-23,,46,31,0.00,,
2016-02-24,,39,32,0.04,,
2016-02-25,,38,32,0.00,,
2016-02-26,,35,28,0.00,,
2016-02-27,,55,28,0.00,,
2016-02-28,,64,38,0.05,,
2016-02-29,,55,30,0.00,,
2016-03-01,,33,20,0.06,,
2016-03-02,,33,14,0.00,,
2016-03-03,,33,29,0.05,,
2016-03-04,,39,23,0.03,,
2016-03-05,,40,29,0.00,,
2016-03-06,,53,35,0.00,,
2016-03-07,,62,47,0.00,,
2016-03-08,,73,58,0.00,,
2016-03-09,,65,53,0.06,,
2016-03-10,,53,41,0.00,,
2016-03-11,,53,37,0.00,,
2016-03-12,,60,38,0.00,,
2016-03-13,,50,43,0.75,,
2016-03-14,,54,43,0.11,,
2016-03-15,,64,48,0.09,,
2016-03-16,,58,47,0.13,,
2016-03-17,,58,43,0.00,,
2016-03-18,,50,35,0.00,,
2016-03-19,,47,36,0.00,,
2016-03-20,,45,33,0.00,,
2016-03-21,,50,32,0.00,,
2016-03-22,,67,44,0.00,,
2016-03-23,,47,39,0.06,,
2016-03-24,,40,31,1.11,,
2016-03-25,,45,31,0.00,,
2016-03-26,,55,35,0.00,,
2016-03-27,,66,42,0.17,,
2016-03-28,,53,39,0.00,,
2016-03-29,,60,35,0.00,,
2016-03-30,,62,46,0.38,,
2016-03-31,,70,45,0.05,,
2016-04-01,,51,37,0.11,,
2016-04-02,,42,29,0.01,,
2016-04-03,,72,29,0.00,,
2016-04-04,,39,31,0.00,,
2016-04-05,,47,29,0.02,,
2016-04-06,,50,43,0.43,,
2016-04-07,,43,35,0.02,,
2016-04-08,,44,29,0.08,,
2016-04-09,,37,24,0.00,,
2016-04-10,,51,34,0.13,,
2016-04-11,,52,40,0.00,,
2016-04-12,,46,33,0.00,,
2016-04-13,,57,37,0.00,,
2016-04-14,,61,40,0.00,,
2016-04-15,,69,45,0.00,,
2016-04-16,,77,48,0.00,,
2016-04-17,,80,51,0.00,,
2016-04-18,,83,53,0.00,,
2016-04-19,,61,48,0.00,,
2016-04-20,,73,54,0.33,,
2016-04-21,,71,56,0.02,,
2016-04-22,,58,44,0.00,,
2016-04-23,,60,42,0.00,,
2016-04-24,,80,46,0.00,,
2016-04-25,,84,62,0.01,,
2016-04-26,,72,44,0.00,,
2016-04-27,,50,43,0.63,,
2016-04-28,,51,45,0.05,,
2016-04-29,,51,44,0.00,,
2016-04-30,,50,45,0.71,,
2016-05-01,,51,44,0.38,,
2016-05-02,,58,44,0.00,,
2016-05-03,,68,42,0.00,,
2016-05-04,,59,44,0.40,,
2016-05-05,,61,42,0.00,,
2016-05-06,,83,46,0.00,,
2016-05-07,,71,49,0.00,,
2016-05-08,,69,45,0.00,,
2016-05-09,,60,51,0.36,,
2016-05-10,,71,54,0.57,,
2016-05-11,,69,55,0.02,,
2016-05-12,,71,55,1.03,,
2016-05-13,,67,45,0.66,,
2016-05-14,,48,43,0.00,,
2016-05-15,,57,38,0.00,,
2016-05-16,,71,47,0.00,,
2016-05-17,,58,48,0.01,,
2016-05-18,,66,45,0.00,,
2016-05-19,,69,44,0.00,,
2016-05-20,,68,53,0.00,,
2016-05-21,,76,56,0.00,,
2016-05-22,,78,54,0.00,,
2016-05-23,,84,54,0.00,,
2016-05-24,,89,64,0.00,,
2016-05-25,,90,65,1.02,,
2016-05-26,,85,65,0.00,,
2016-05-27,,84,69,0.14,,
2016-05-28,,83,70,0.00,,
2016-05-29,,81,65,0.00,,
2016-05-30,,87,65,0.00,,
2016-05-31,,84,65,0.97,,
2016-06-01,,81,65,0.30,,
2016-06-02,,80,62,0.00,,
2016-06-03,,84,63,0.00,,
2016-06-04,,75,66,0.02,,
2016-06-05,,81,63,0.19,,
2016-06-06,,84,62,0.00,,
2016-06-07,,68,56,0.00,,
2016-06-08,,70,54,0.00,,
2016-06-09,,73,58,0.06,,
2016-06-10,,94,65,0.00,,
2016-06-11,,93,75,0.00,,
2016-06-12,,81,61,0.00,,
2016-06-13,,88,60,0.00,,
2016-06-14,,88,69,0.00,,
2016-06-15,,92,69,0.10,,
2016-06-16,,81,65,0.00,,
2016-06-17,,86,63,0.00,,
2016-06-18,,88,64,0.00,,
2016-06-19,,91,70,0.00,,
2016-06-20,,92,73,0.00,,
2016-06-21,,85,66,0.00,,
2016-06-22,,77,68,0.69,,
2016-06-23,,80,67,0.00,,
2016-06-24,,82,67,0.00,,
2016-06-25,,91,71,0.00,,
2016-06-26,,90,75,0.20,,
2016-06-27,,91,73,0.00,,
2016-06-28,,73,60,0.00,,
2016-06-29,,78,57,0.00,,
2016-06-30,,79,64,0.00,,
2016-07-01,,73,64,0.00,,
2016-07-02,,77,59,0.00,,
2016-07-03,,78,62,0.00,,
2016-07-04,,81,66,0.00,,
2016-07-05,,88,69,0.00,,
2016-07-06,,89,68,1.40,,
2016-07-07,,84,72,0.04,,
2016-07-08,,88,70,0.00,,
2016-07-09,,79,67,0.00,,
2016-07-10,,84,64,0.00,,
2016-07-11,,92,73,0.00,,
2016-07-12,,90,76,0.00,,
2016-07-13,,87,70,0.35,,
2016-07-14,,88,69,0.00,,
2016-07-15,,77,65,0.01,,
2016-07-16,,77,62,0.00,,
2016-07-17,,86,67,0.77,,
2016-07-18,,87,70,0.01,,
2016-07-19,,88,70,0.00,,
2016-07-20,,89,74,0.00,,
2016-07-21,,90,75,0.73,,
2016-07-22,,91,74,0.01,,
2016-07-23,,92,72,1.30,,
2016-07-24,,94,73,0.20,,
2016-07-25,,87,74,0.00,,
2016-07-26,,87,73,0.00,,
2016-07-27,,90,71,0.00,,
2016-07-28,,84,72,0.15,,
2016-07-29,,82,70,0.33,,
2016-07-30,,79,71,0.00,,
2016-07-31,,82,67,0.00,,
2016-08-01,,83,70,0.00,,
2016-08-02,,88,73,0.00,,
2016-08-03,,90,74,0.00,,
2016-08-04,,92,75,0.00,,
2016-08-05,,88,74,0.00,,
2016-08-06,,83,67,0.00,,
2016-08-07,,84,66,0.00,,
2016-08-08,,85,74,0.00,,
2016-08-09,,90,71,0.00,,
2016-08-10,,91,74,0.00,,
2016-08-11,,94,77,0.00,,
2016-08-12,,84,75,2.21,,
2016-08-13,,85,75,0.04,,
2016-08-14,,85,69,0.00,,
2016-08-15,,78,72,0.25,,
2016-08-16,,85,72,0.04,,
2016-08-17,,88,71,0.00,,
2016-08-18,,86,72,1.42,,
2016-08-19,,85,71,0.00,,
2016-08-20,,82,66,1.01,,
2016-08-21,,77,61,0.00,,
2016-08-22,,79,59,0.00,,
2016-08-23,,82,65,0.00,,
2016-08-24,,85,72,0.30,,
2016-08-25,,85,71,0.06,,
2016-08-26,,81,68,0.03,,
2016-08-27,,86,70,0.89,,
2016-08-28,,83,74,0.00,,
2016-08-29,,90,73,0.00,,
2016-08-30,,85,74,0.17,,
2016-08-31,,78,70,0.00,,
2016-09-01,,74,65,0.00,,
2016-09-02,,75,64,0.00,,
2016-09-03,,77,61,0.00,,
2016-09-04,,81,63,0.00,,
2016-09-05,,90,67,0.00,,
2016-09-06,,93,76,0.00,,
2016-09-07,,94,76,0.01,,
2016-09-08,,82,72,0.21,,
2016-09-09,,81,69,0.02,,
2016-09-10,,75,62,0.03,,
2016-09-11,,76,56,0.00,,
2016-09-12,,81,61,0.00,,
2016-09-13,,87,65,0.00,,
2016-09-14,,75,67,0.01,,
2016-09-15,,78,64,0.00,,
2016-09-16,,84,66,0.03,,
2016-09-17,,83,67,0.03,,
2016-09-18,,82,63,0.00,,
2016-09-19,,89,63,0.00,,
2016-09-20,,84,71,0.00,,
2016-09-21,,77,68,0.24,,
2016-09-22,,85,68,0.00,,
2016-09-23,,75,70,0.00,,
2016-09-24,,76,67,0.00,,
2016-09-25,,86,65,0.01,,
2016-09-26,,72,57,0.02,,
2016-09-27,,72,53,0.00,,
2016-09-28,,63,52,0.52,,
2016-09-29,,68,60,0.72,,
2016-09-30,,66,61,0.22,,
2016-10-01,,65,59,1.29,,
2016-10-02,,67,58,0.00,,
2016-10-03,,67,61,0.00,,
2016-10-04,,75,62,0.00,,
2016-10-05,,82,64,0.00,,
2016-10-06,,76,61,0.76,,
2016-10-07,,72,49,0.00,,
2016-10-08,,66,44,0.00,,
2016-10-09,,63,50,0.00,,
2016-10-10,,73,50,0.00,,
2016-10-11,,76,60,0.00,,
2016-10-12,,68,47,0.50,,
2016-10-13,,58,41,0.00,,
2016-10-14,,68,43,0.00,,
2016-10-15,,71,54,0.00,,
2016-10-16,,72,65,0.54,,
2016-10-17,,85,69,0.00,,
2016-10-18,,78,58,0.00,,
2016-10-19,,72,53,0.00,,
2016-10-20,,60,47,0.00,,
2016-10-21,,55,40,0.00,,
2016-10-22,,61,38,0.00,,
2016-10-23,,73,47,0.00,,
2016-10-24,,57,43,0.00,,
2016-10-25,,53,42,0.02,,
2016-10-26,,51,46,0.84,,
2016-10-27,,52,44,0.00,,
2016-10-28,,66,43,0.00,,
2016-10-29,,73,58,0.00,,
2016-10-30,,58,44,0.30,,
2016-10-31,,62,44,0.00,,
2016-11-01,,77,62,0.00,,
2016-11-02,,66,57,0.30,,
2016-11-03,,66,52,0.00,,
2016-11-04,,63,46,0.00,,
2016-11-05,,69,47,0.00,,
2016-11-06,,70,48,0.00,,
2016-11-07,,67,48,0.00,,
2016-11-08,,64,52,0.02,,
2016-11-09,,58,43,0.00,,
2016-11-10,,64,43,0.00,,
2016-11-11,,53,45,0.00,,
2016-11-12,,52,36,0.00,,
2016-11-13,,57,37,0.00,,
2016-11-14,,61,41,0.00,,
2016-11-15,,55,39,0.00,,
2016-11-16,,61,41,0.00,,
2016-11-17,,74,49,0.00,,
2016-11-18,,66,40,0.12,,
2016-11-19,,40,29,0.00,,
2016-11-20,,36,25,0.00,,
2016-11-21,,43,24,0.00,,
2016-11-22,,41,30,0.01,,
2016-11-23,,46,38,0.20,,
2016-11-24,,45,37,0.00,,
2016-11-25,,42,34,0.00,,
2016-11-26,,48,33,0.00,,
2016-11-27,,46,35,0.05,,
2016-11-28,,53,42,0.96,,
2016-11-29,,58,45,0.00,,
2016-11-30,,47,36,0.00,,
2016-12-01,,42,37,0.00,,
2016-12-02,,41,35,0.02,,
2016-12-03,,35,31,0.00,,
2016-12-04,,35,30,0.45,,
2016-12-05,,35,33,0.00,,
2016-12-06,,40,28,0.00,,
2016-12-07,,30,24,0.00,,
2016-12-08,,25,18,0.00,,
2016-12-09,,26,20,0.00,,
2016-12-10,,25,20,0.09,,
2016-12-11,,35,25,0.29,,
2016-12-12,,34,14,0.00,,
2016-12-13,,25,5,0.00,,
2016-12-14,,21,4,0.00,,
2016-12-15,,11,1,0.00,,
2016-12-16,,23,10,0.02,,
2016-12-17,,26,20,0.04,,
2016-12-18,,20,-5,0.00,,
2016-12-19,,16,-6,0.00,,
2016-12-20,,30,16,0.00,,
2016-12-21,,38,22,0.00,,
2016-12-22,,39,27,0.00,,
2016-12-23,,38,28,0.05,,
2016-12-24,,37,34,0.00,,
2016-12-25,,42,33,0.04,,
2016-12-26,,55,30,0.24,,
2016-12-27,,32,26,0.00,,
2016-12-28,,44,24,0.00,,
2016-12-29,,36,31,0.00,,
2016-12-30,,37,25,0.00,,
2016-12-31,,43,26,0.00,,
2017-01-01,,41,22,0.00,,
2017-01-02,,41,31,0.09,,
2017-01-03,,42,21,0.01,,
2017-01-04,,21,10,0.00,,
2017-01-05,,15,5,0.00,,
2017-01-06,,10,1,0.00,,
2017-01-07,,19,2,0.00,,
2017-01-08,,20,4,0.00,,
2017-01-09,,35,19,0.00,,
2017-01-10,,52,27,0.24,,
2017-01-11,,45,27,0.40,,
2017-01-12,,31,22,0.08,,
2017-01-13,,29,18,0.00,,
2017-01-14,,35,25,0.00,,
2017-01-15,,35,22,0.00,,
2017-01-16,,39,33,0.53,,
2017-01-17,,,33,0.43,,
2017-01-18,,36,32,0.00,,
2017-01-19,,42,32,0.69,,
2017-01-20,,47,37,0.18,,
2017-01-21,,60,40,0.00,,
2017-01-22,,46,40,0.00,,
2017-01-23,,43,39,0.00,,
2017-01-24,,39,36,0.00,,
2017-01-25,,44,35,0.05,,
2017-01-26,,35,32,0.00,,
2017-01-27,,32,25,0.00,,
2017-01-28,,30,26,0.00,,
2017-01-29,,29,23,0.00,,
2017-01-30,,39,17,0.00,,
2017-01-31,,43,36,0.01,,
2017-02-01,,39,23,0.00,,
2017-02-02,,25,15,0.00,,
2017-02-03,,29,15,0.00,,
2017-02-04,,34,16,0.00,,
2017-02-05,,41,29,0.00,,
2017-02-06,,55,27,0.00,,
2017-02-07,,53,34,0.55,,
2017-02-08,,34,20,0.00,,
2017-02-09,,25,14,0.00,,
2017-02-10,,44,18,0.00,,
2017-02-11,,52,38,0.00,,
2017-02-12,,49,32,0.00,,
2017-02-13,,45,27,0.00,,
2017-02-14,,51,34,0.00,,
2017-02-15,,36,28,0.00,,
2017-02-16,,42,31,0.00,,
2017-02-17,,67,32,0.00,,
2017-02-18,,70,45,0.00,,
2017-02-19,,67,38,0.00,,
2017-02-20,,69,46,0.00,,
2017-02-21,,65,53,0.13,,
2017-02-22,,67,52,0.00,,
2017-02-23,,59,38,0.16,,
2017-02-24,,44,33,0.07,,
2017-02-25,,33,23,0.00,,
2017-02-26,,49,24,0.00,,
2017-02-27,,54,33,0.00,,
2017-02-28,,59,47,1.49,,
2017-03-01,,54,32,0.07,,
2017-03-02,,36,27,0.00,,
2017-03-03,,33,21,0.00,,
2017-03-04,,42,29,0.00,,
2017-03-05,,61,33,0.00,,
2017-03-06,,64,52,0.00,,
2017-03-07,,64,44,0.31,,
2017-03-08,,52,40,0.00,,
2017-03-09,,41,34,0.00,,
2017-03-10,,37,23,0.00,,
2017-03-11,,30,18,0.00,,
2017-03-12,,36,20,,,
2017-03-13,,31,26,,,
2017-03-14,,29,20,0.04,,
2017-03-15,,33,17,0.00,,
2017-03-16,,42,19,0.00,,
2017-03-17,,50,35,0.03,,
2017-03-18,,45,36,0.00,,
2017-03-19,,53,31,0.00,,
2017-03-20,,54,41,0.43,,
2017-03-21,,55,33,0.00,,
2017-03-22,,35,29,0.00,,
2017-03-23,,51,32,0.00,,
2017-03-24,,82,41,0.48,,
2017-03-25,,49,40,0.45,,
2017-03-26,,62,48,0.15,,
2017-03-27,,51,42,0.00,,
2017-03-28,,47,37,0.00,,
2017-03-29,,49,36,0.21,,
2017-03-30,,46,39,2.00,,
2017-03-31,,41,37,0.00,,
2017-04-01,,56,33,0.00,,
2017-04-02,,60,42,0.00,,
2017-04-03,,52,46,0.24,,
2017-04-04,,56,46,0.00,,
2017-04-05,,48,39,1.11,,
2017-04-06,,52,38,0.36,,
2017-04-07,,54,37,0.00,,
2017-04-08,,67,40,0.00,,
2017-04-09,,77,57,0.00,,
2017-04-10,,78,42,0.52,,
2017-04-11,,55,42,0.00,,
2017-04-12,,57,39,0.00,,
2017-04-13,,62,45,0.19,,
2017-04-14,,69,46,0.15,,
2017-04-15,,82,63,0.00,,
2017-04-16,,74,57,0.34,,
2017-04-17,,69,45,0.00,,
2017-04-18,,77,44,0.00,,
2017-04-19,,70,46,0.06,,
2017-04-20,,75,50,0.00,,
2017-04-21,,52,45,0.00,,
2017-04-22,,58,44,0.00,,
2017-04-23,,69,39,0.00,,
2017-04-24,,72,42,0.00,,
2017-04-25,,80,57,0.00,,
2017-04-26,,77,61,0.26,,
2017-04-27,,61,43,0.11,,
2017-04-28,,59,42,0.00,,
2017-04-29,,47,41,1.83,,
2017-04-30,,52,44,1.10,,
2017-05-01,,58,45,0.33,,
2017-05-02,,51,42,0.10,,
2017-05-03,,56,38,0.00,,
2017-05-04,,52,46,0.00,,
2017-05-05,,58,43,0.00,,
2017-05-06,,57,44,0.07,,
2017-05-07,,58,38,0.00,,
2017-05-08,,55,39,0.01,,
2017-05-09,,60,43,0.32,,
2017-05-10,,65,50,0.82,,
2017-05-11,,63,49,0.00,,
2017-05-12,,71,47,0.00,,
2017-05-13,,81,48,0.00,,
2017-05-14,,71,53,0.00,,
2017-05-15,,85,51,0.00,,
2017-05-16,,89,67,0.00,,
2017-05-17,,86,65,0.47,,
2017-05-18,,80,50,0.01,,
2017-05-19,,50,44,0.25,,
2017-05-20,,68,50,0.33,,
2017-05-21,,66,52,0.07,,
2017-05-22,,75,49,0.01,,
2017-05-23,,65,57,0.36,,
2017-05-24,,61,52,0.35,,
2017-05-25,,70,54,0.00,,
2017-05-26,,71,52,0.26,,
2017-05-27,,75,56,0.00,,
2017-05-28,,77,59,0.01,,
2017-05-29,,78,61,0.00,,
2017-05-30,,74,56,0.00,,
2017-05-31,,74,54,0.00,,
2017-06-01,,79,55,0.00,,
2017-06-02,,85,58,0.00,,
2017-06-03,,86,63,0.00,,
2017-06-04,,91,70,0.00,,
2017-06-05,,78,59,0.00,,
2017-06-06,,75,55,0.00,,
2017-06-07,,76,58,0.00,,
2017-06-08,,83,57,0.05,,
2017-06-09,,89,66,0.02,,
2017-06-10,,91,68,0.00,,
2017-06-11,,94,71,0.00,,
2017-06-12,,95,74,0.00,,
2017-06-13,,89,71,0.05,,
2017-06-14,,90,68,1.05,,
2017-06-15,,91,70,0.00,,
2017-06-16,,86,67,0.08,,
2017-06-17,,88,73,0.03,,
2017-06-18,,80,70,0.00,,
2017-06-19,,79,61,0.23,,
2017-06-20,,80,59,0.01,,
2017-06-21,,79,57,0.00,,
2017-06-22,,89,74,0.02,,
2017-06-23,,83,67,0.60,,
2017-06-24,,75,62,0.00,,
2017-06-25,,73,56,0.00,,
2017-06-26,,74,55,0.00,,
2017-06-27,,77,54,0.00,,
2017-06-28,,83,63,0.24,,
2017-06-29,,83,68,0.21,,
2017-06-30,,83,67,0.01,,
2017-07-01,,83,68,0.00,,
2017-07-02,,89,62,0.00,,
2017-07-03,,82,69,0.01,,
2017-07-04,,84,68,0.00,,
2017-07-05,,87,71,0.00,,
2017-07-06,,92,72,0.00,,
2017-07-07,,88,67,0.00,,
2017-07-08,,78,64,0.00,,
2017-07-09,,87,61,0.00,,
2017-07-10,,85,68,0.39,,
2017-07-11,,86,72,0.02,,
2017-07-12,,80,69,0.73,,
2017-07-13,,84,72,0.00,,
2017-07-14,,75,64,0.00,,
2017-07-15,,83,61,0.00,,
2017-07-16,,81,65,0.00,,
2017-07-17,,79,58,0.00,,
2017-07-18,,90,,0.00,,
2017-07-19,,89,71,0.20,,
2017-07-20,,89,70,1.09,,
2017-07-21,,89,73,1.21,,
2017-07-22,,87,72,0.48,,
2017-07-23,,91,71,0.03,,
2017-07-24,,75,68,0.00,,
2017-07-25,,82,66,0.00,,
2017-07-26,,85,68,0.07,,
2017-07-27,,82,72,0.00,,
2017-07-28,,79,70,0.00,,
2017-07-29,,78,65,0.00,,
2017-07-30,,84,64,0.00,,
2017-07-31,,86,68,0.00,,
2017-08-01,,86,71,0.00,,
2017-08-02,,87,68,0.00,,
2017-08-03,,86,63,0.66,,
2017-08-04,,68,56,0.01,,
2017-08-05,,79,59,0.00,,
2017-08-06,,77,66,0.00,,
2017-08-07,,77,60,0.00,,
2017-08-08,,84,59,0.00,,
2017-08-09,,83,64,0.00,,
2017-08-10,,85,65,0.00,,
2017-08-11,,80,66,0.00,,
2017-08-12,,76,61,0.00,,
2017-08-13,,77,59,0.00,,
2017-08-14,,84,65,0.00,,
2017-08-15,,84,68,0.00,,
2017-08-16,,,,,,
2017-08-17,,84,73,0.17,,
2017-08-18,,83,67,0.00,,
2017-08-19,,82,64,0.00,,
2017-08-20,,89,67,0.06,,
2017-08-21,,87,72,0.69,,
2017-08-22,,81,64,0.05,,
2017-08-23,,78,60,0.00,,
2017-08-24,,76,59,0.00,,
2017-08-25,,73,53,0.00,,
2017-08-26,,78,59,0.00,,
2017-08-27,,79,64,0.12,,
2017-08-28,,78,66,0.04,,
2017-08-29,,76,63,0.00,,
2017-08-30,,81,61,0.00,,
2017-08-31,,74,66,0.00,,
2017-09-01,,69,58,0.00,,
2017-09-02,,74,50,0.26,,
2017-09-03,,84,57,0.00,,
2017-09-04,,84,65,0.00,,
2017-09-05,,72,55,0.00,,
2017-09-06,,67,50,0.00,,
2017-09-07,,70,53,0.00,,
2017-09-08,,72,59,0.00,,
2017-09-09,,71,57,0.00,,
2017-09-10,,70,53,0.00,,
2017-09-11,,74,55,0.00,,
2017-09-12,,81,58,0.00,,
2017-09-13,,76,64,0.07,,
2017-09-14,,80,59,0.00,,
2017-09-15,,88,64,0.00,,
2017-09-16,,88,67,0.00,,
2017-09-17,,88,66,0.00,,
2017-09-18,,76,59,0.00,,
2017-09-19,,78,66,0.23,,
2017-09-20,,92,66,0.00,,
2017-09-21,,95,74,0.00,,
2017-09-22,,95,75,0.00,,
2017-09-23,,95,75,0.00,,
2017-09-24,,92,73,0.00,,
2017-09-25,,92,71,0.00,,
2017-09-26,,93,72,0.00,,
2017-09-27,,73,58,0.00,,
2017-09-28,,73,54,0.00,,
2017-09-29,,70,60,0.00,,
2017-09-30,,66,57,0.00,,
2017-10-01,,72,52,0.00,,
2017-10-02,,83,62,0.00,,
2017-10-03,,79,67,0.12,,
2017-10-04,,72,62,0.06,,
2017-10-05,,76,56,0.01,,
2017-10-06,,72,62,0.29,,
2017-10-07,,80,61,0.46,,
2017-10-08,,80,56,0.00,,
2017-10-09,,82,55,0.00,,
2017-10-10,,74,59,0.99,,
2017-10-11,,63,57,0.76,,
2017-10-12,,60,57,0.00,,
2017-10-13,,74,54,0.00,,
2017-10-14,,68,62,5.20,,
2017-10-15,,68,48,0.31,,
2017-10-16,,63,43,0.00,,
2017-10-17,,71,49,0.00,,
2017-10-18,,71,50,0.00,,
2017-10-19,,69,53,0.00,,
2017-10-20,,80,54,0.00,,
2017-10-21,,78,62,0.00,,
2017-10-22,,72,52,0.57,,
2017-10-23,,54,50,1.01,,
2017-10-24,,50,42,0.55,,
2017-10-25,,54,38,0.00,,
2017-10-26,,61,39,0.00,,
2017-10-27,,54,37,0.00,,
2017-10-28,,40,36,0.01,,
2017-10-29,,46,33,,,
2017-10-30,,51,38,0.00,,
2017-10-31,,41,35,0.00,,
2017-11-01,,45,37,0.33,,
2017-11-02,,52,45,0.08,,
2017-11-03,,50,40,0.00,,
2017-11-04,,51,43,0.44,,
2017-11-05,,53,44,0.01,,
2017-11-06,,44,33,0.00,,
2017-11-07,,48,33,0.00,,
2017-11-08,,47,29,0.00,,
2017-11-09,,47,22,0.00,,
2017-11-10,,31,20,0.00,,
2017-11-11,,39,26,0.00,,
2017-11-12,,41,38,0.10,,
2017-11-13,,42,32,0.00,,
2017-11-14,,50,33,0.00,,
2017-11-15,,52,34,0.23,,
2017-11-16,,39,32,0.00,,
2017-11-17,,48,36,0.52,,
2017-11-18,,48,36,0.58,,
2017-11-19,,38,30,0.00,,
2017-11-20,,54,31,0.00,,
2017-11-21,,45,28,0.04,,
2017-11-22,,35,23,0.00,,
2017-11-23,,48,32,0.00,,
2017-11-24,,62,34,0.00,,
2017-11-25,,55,36,0.00,,
2017-11-26,,49,28,0.00,,
2017-11-27,,57,36,0.00,,
2017-11-28,,62,46,0.00,,
2017-11-29,,48,35,0.00,,
2017-11-30,,55,39,0.00,,
2017-12-01,,53,31,0.00,,
2017-12-02,,54,35,0.00,,
2017-12-03,,58,31,0.00,,
2017-12-04,,65,46,0.01,,
2017-12-05,,46,28,0.00,,
2017-12-06,,36,26,0.00,,
2017-12-07,,29,19,0.00,,
2017-12-08,,37,18,0.00,,
2017-12-09,,32,20,0.01,,
2017-12-10,,36,20,0.00,,
2017-12-11,,40,26,0.03,,
2017-12-12,,32,18,0.00,,
2017-12-13,,38,22,0.00,,
2017-12-14,,30,18,0.00,,
2017-12-15,,38,21,0.00,,
2017-12-16,,48,34,0.00,,
2017-12-17,,47,32,0.00,,
2017-12-18,,45,41,0.02,,
2017-12-19,,51,37,0.00,,
2017-12-20,,37,30,0.00,,
2017-12-21,,41,34,0.00,,
2017-12-22,,41,35,0.00,,
2017-12-23,,35,21,0.00,,
2017-12-24,,24,19,0.08,,
2017-12-25,,22,4,0.00,,
2017-12-26,,7,-1,0.00,,
2017-12-27,,8,-3,0.00,,
2017-12-28,,14,2,0.00,,
2017-12-29,,16,10,0.02,,
2017-12-30,,15,0,0.00,,
2017-12-31,,15,0,0.00,,
2018-01-01,,3,-7,0.00,,
2018-01-02,,7,-10,0.00,,
2018-01-03,,18,7,0.00,,
2018-01-04,,13,2,0.00,,
2018-01-05,,12,0,0.00,,
2018-01-06,,17,-1,0.00,,
2018-01-07,,33,8,0.03,,
2018-01-08,,37,30,0.00,,
2018-01-09,,34,28,0.00,,
2018-01-10,,56,31,0.01,,
2018-01-11,,60,23,0.14,,
2018-01-12,,24,16,0.00,,
2018-01-13,,18,8,0.00,,
2018-01-14,,22,7,0.01,,
2018-01-15,,24,9,0.02,,
2018-01-16,,25,6,0.00,,
2018-01-17,,21,5,0.00,,
2018-01-18,,33,17,0.00,,
2018-01-19,,40,28,0.00,,
2018-01-20,,47,33,0.00,,
2018-01-21,,48,39,0.01,,
2018-01-22,,55,37,0.63,,
2018-01-23,,38,29,0.06,,
2018-01-24,,31,27,0.00,,
2018-01-25,,44,26,0.00,,
2018-01-26,,52,37,0.00,,
2018-01-27,,51,37,0.00,,
2018-01-28,,42,30,0.00,,
2018-01-29,,32,18,0.00,,
2018-01-30,,31,15,0.00,,
2018-01-31,,44,31,0.00,,
2018-02-01,,36,9,0.00,,
2018-02-02,,22,5,0.00,,
2018-02-03,,42,22,0.01,,
2018-02-04,,35,7,0.01,,
2018-02-05,,12,-1,0.15,,
2018-02-06,,22,6,0.01,,
2018-02-07,,21,12,0.04,,
2018-02-08,,22,9,0.09,,
2018-02-09,,29,22,0.39,,
2018-02-10,,26,17,0.04,,
2018-02-11,,24,13,0.15,,
2018-02-12,,29,4,0.00,,
2018-02-13,,36,17,0.00,,
2018-02-14,,46,28,0.00,,
2018-02-15,,48,38,0.00,,
2018-02-16,,38,20,0.00,,
2018-02-17,,36,17,0.09,,
2018-02-18,,42,20,0.00,,
2018-02-19,,60,39,0.74,,
2018-02-20,,66,34,2.31,,
2018-02-21,,34,29,0.11,,
2018-02-22,,41,31,0.00,,
2018-02-23,,45,35,0.14,,
2018-02-24,,51,35,0.08,,
2018-02-25,,52,34,0.03,,
2018-02-26,,55,29,0.00,,
2018-02-27,,62,41,0.00,,
2018-02-28,,60,38,0.00,,
2018-03-01,,44,33,0.53,,
2018-03-02,,46,31,0.00,,
2018-03-03,,43,35,0.00,,
2018-03-04,,47,32,0.00,,
2018-03-05,,42,34,0.08,,
2018-03-06,,42,33,0.03,,
2018-03-07,,35,26,0.01,,
2018-03-08,,36,24,0.00,,
2018-03-09,,39,23,0.00,,
2018-03-10,,40,25,0.00,,
2018-03-11,,41,29,0.00,,
2018-03-12,,46,31,0.00,,
2018-03-13,,36,24,0.00,,
2018-03-14,,47,22,0.00,,
2018-03-15,,49,31,0.00,,
2018-03-16,,37,30,0.00,,
2018-03-17,,45,31,0.14,,
2018-03-18,,56,28,0.00,,
2018-03-19,,47,33,0.00,,
2018-03-20,,37,29,0.00,,
2018-03-21,,40,30,0.00,,
2018-03-22,,48,25,0.00,,
2018-03-23,,43,31,0.00,,
2018-03-24,,41,33,0.00,,
2018-03-25,,42,28,0.00,,
2018-03-26,,55,32,0.19,,
2018-03-27,,52,43,0.24,,
2018-03-28,,53,39,0.00,,
2018-03-29,,49,36,0.08,,
2018-03-30,,49,35,0.00,,
2018-03-31,,60,34,0.05,,
2018-04-01,,37,26,0.00,,
2018-04-02,,45,23,0.00,,
2018-04-03,,42,35,0.07,,
2018-04-04,,36,27,0.00,,
2018-04-05,,42,24,0.09,,
2018-04-06,,39,27,0.00,,
2018-04-07,,39,21,0.00,,
2018-04-08,,40,23,0.00,,
2018-04-09,,40,32,0.03,,
2018-04-10,,46,29,0.00,,
2018-04-11,,67,39,0.00,,
2018-04-12,,75,45,0.02,,
2018-04-13,,53,40,0.06,,
2018-04-14,,42,37,0.43,,
2018-04-15,,39,29,0.60,,
2018-04-16,,35,28,0.00,,
2018-04-17,,45,30,0.00,,
2018-04-18,,38,32,0.07,,
2018-04-19,,55,34,0.03,,
2018-04-20,,61,33,0.00,,
2018-04-21,,53,41,0.00,,
2018-04-22,,62,44,0.00,,
2018-04-23,,64,43,0.00,,
2018-04-24,,64,47,0.00,,
2018-04-25,,53,39,0.00,,
2018-04-26,,66,36,0.00,,
2018-04-27,,55,41,0.03,,
2018-04-28,,51,38,0.00,,
2018-04-29,,57,33,0.00,,
2018-04-30,,80,42,0.00,,
2018-05-01,,86,58,0.00,,
2018-05-02,,88,66,0.26,,
2018-05-03,,71,58,0.19,,
2018-05-04,,75,63,0.00,,
2018-05-05,,82,57,0.00,,
2018-05-06,,69,52,0.00,,
2018-05-07,,73,50,0.00,,
2018-05-08,,83,56,0.00,,
2018-05-09,,83,60,0.21,,
2018-05-10,,73,53,0.00,,
2018-05-11,,57,49,0.06,,
2018-05-12,,53,46,0.43,,
2018-05-13,,69,49,0.01,,
2018-05-14,,86,54,1.29,,
2018-05-15,,69,52,0.00,,
2018-05-16,,77,43,0.00,,
2018-05-17,,73,54,0.00,,
2018-05-18,,68,53,0.03,,
2018-05-19,,69,57,0.20,,
2018-05-20,,60,45,0.08,,
2018-05-21,,65,50,1.23,,
2018-05-22,,67,54,0.05,,
2018-05-23,,78,51,0.00,,
2018-05-24,,87,59,0.00,,
2018-05-25,,90,68,0.13,,
2018-05-26,,90,69,0.00,,
2018-05-27,,96,72,0.00,,
2018-05-28,,96,72,0.00,,
2018-05-29,,87,70,0.00,,
2018-05-30,,87,72,0.22,,
2018-05-31,,89,70,0.00,,
2018-06-01,,80,54,0.00,,
2018-06-02,,74,53,0.54,,
2018-06-03,,79,60,0.00,,
2018-06-04,,80,55,0.00,,
2018-06-05,,74,56,0.01,,
2018-06-06,,80,52,0.04,,
2018-06-07,,81,63,0.00,,
2018-06-08,,73,61,0.23,,
2018-06-09,,81,58,0.28,,
2018-06-10,,71,61,1.27,,
2018-06-11,,69,62,0.09,,
2018-06-12,,81,65,0.00,,
2018-06-13,,83,65,0.00,,
2018-06-14,,81,62,0.00,,
2018-06-15,,89,65,0.00,,
2018-06-16,,93,70,0.63,,
2018-06-17,,95,78,0.00,,
2018-06-18,,95,68,0.01,,
2018-06-19,,84,66,0.10,,
2018-06-20,,79,66,0.00,,
2018-06-21,,68,64,2.37,,
2018-06-22,,65,61,1.03,,
2018-06-23,,81,62,0.00,,
2018-06-24,,82,65,0.00,,
2018-06-25,,78,64,0.00,,
2018-06-26,,85,67,0.96,,
2018-06-27,,80,69,0.04,,
2018-06-28,,87,66,0.00,,
2018-06-29,,95,74,0.00,,
2018-06-30,,95,79,0.00,,
2018-07-01,,94,76,0.01,,
2018-07-02,,81,70,0.00,,
2018-07-03,,91,68,0.00,,
2018-07-04,,92,75,0.15,,
2018-07-05,,95,72,0.52,,
2018-07-06,,78,65,0.00,,
2018-07-07,,81,63,0.00,,
2018-07-08,,88,65,0.00,,
2018-07-09,,91,68,0.00,,
2018-07-10,,87,74,0.00,,
2018-07-11,,86,71,0.00,,
2018-07-12,,87,72,0.00,,
2018-07-13,,93,72,0.00,,
2018-07-14,,80,73,0.23,,
2018-07-15,,91,73,0.00,,
2018-07-16,,93,74,0.17,,
2018-07-17,,83,69,0.00,,
2018-07-18,,79,64,0.00,,
2018-07-19,,89,66,0.01,,
2018-07-20,,80,70,0.51,,
2018-07-21,,78,69,0.05,,
2018-07-22,,77,69,0.28,,
2018-07-23,,82,68,0.00,,
2018-07-24,,84,67,0.00,,
2018-07-25,,89,68,0.00,,
2018-07-26,,82,67,0.00,,
2018-07-27,,79,63,0.00,,
2018-07-28,,82,61,0.00,,
2018-07-29,,80,64,0.00,,
2018-07-30,,81,63,0.00,,
2018-07-31,,80,68,0.01,,
2018-08-01,,86,63,0.04,,
2018-08-02,,88,69,0.00,,
2018-08-03,,88,65,0.00,,
2018-08-04,,96,73,0.00,,
2018-08-05,,95,76,0.07,,
2018-08-06,,85,72,0.06,,
2018-08-07,,85,70,0.62,,
2018-08-08,,82,69,0.01,,
2018-08-09,,91,68,0.07,,
2018-08-10,,85,71,0.00,,
2018-08-11,,89,69,0.00,,
2018-08-12,,88,70,0.00,,
2018-08-13,,89,67,0.00,,
2018-08-14,,90,69,0.00,,
2018-08-15,,87,73,0.13,,
2018-08-16,,86,72,0.07,,
2018-08-17,,85,69,0.17,,
2018-08-18,,82,72,0.00,,
2018-08-19,,85,68,0.00,,
2018-08-20,,80,71,0.29,,
2018-08-21,,80,68,0.03,,
2018-08-22,,81,60,0.00,,
2018-08-23,,81,60,0.00,,
2018-08-24,,75,64,0.05,,
2018-08-25,,88,66,0.06,,
2018-08-26,,95,74,0.00,,
2018-08-27,,96,78,0.00,,
2018-08-28,,93,69,0.84,,
2018-08-29,,77,66,0.42,,
2018-08-30,,74,64,0.00,,
2018-08-31,,86,62,1.07,,
2018-09-01,,87,72,0.04,,
2018-09-02,,92,74,0.00,,
2018-09-03,,88,73,0.45,,
2018-09-04,,93,72,0.00,,
2018-09-05,,92,71,0.39,,
2018-09-06,,72,68,0.40,,
2018-09-07,,70,66,0.20,,
2018-09-08,,69,63,0.00,,
2018-09-09,,70,61,0.00,,
2018-09-10,,74,61,0.00,,
2018-09-11,,80,57,0.00,,
2018-09-12,,82,57,0.00,,
2018-09-13,,79,56,0.00,,
2018-09-14,,85,62,0.00,,
2018-09-15,,82,63,0.00,,
2018-09-16,,86,67,0.00,,
2018-09-17,,92,69,0.00,,
2018-09-18,,82,69,0.00,,
2018-09-19,,79,67,0.00,,
2018-09-20,,95,68,0.00,,
2018-09-21,,83,58,0.00,,
2018-09-22,,64,56,0.00,,
2018-09-23,,70,53,0.00,,
2018-09-24,,72,58,0.05,,
2018-09-25,,84,63,0.71,,
2018-09-26,,68,51,0.00,,
2018-09-27,,69,48,0.00,,
2018-09-28,,62,47,0.05,,
2018-09-29,,60,42,0.02,,
2018-09-30,,68,54,0.01,,
2018-10-01,,76,57,1.21,,
2018-10-02,,68,59,0.18,,
2018-10-03,,88,60,0.00,,
2018-10-04,,80,53,0.06,,
2018-10-05,,66,54,1.26,,
2018-10-06,,73,58,0.18,,
2018-10-07,,65,57,0.86,,
2018-10-08,,85,65,0.12,,
2018-10-09,,86,71,0.09,,
2018-10-10,,75,52,1.11,,
2018-10-11,,52,40,0.00,,
2018-10-12,,42,36,0.00,,
2018-10-13,,53,34,0.00,,
2018-10-14,,58,40,0.09,,
2018-10-15,,48,37,0.08,,
2018-10-16,,58,34,0.00,,
2018-10-17,,52,39,0.00,,
2018-10-18,,58,34,0.00,,
2018-10-19,,53,45,0.06,,
2018-10-20,,53,32,0.00,,
2018-10-21,,50,28,0.00,,
2018-10-22,,63,38,0.00,,
2018-10-23,,53,40,0.00,,
2018-10-24,,51,38,0.00,,
2018-10-25,,52,38,0.00,,
2018-10-26,,54,46,0.00,,
2018-10-27,,53,43,0.03,,
2018-10-28,,52,44,0.12,,
2018-10-29,,57,39,0.00,,
2018-10-30,,69,45,0.55,,
2018-10-31,,60,49,0.26,,
2018-11-01,,52,46,0.00,,
2018-11-02,,51,38,0.00,,
2018-11-03,,49,34,0.05,,
2018-11-04,,53,46,0.41,,
2018-11-05,,52,45,0.29,,
2018-11-06,,50,38,0.05,,
2018-11-07,,39,34,0.00,,
2018-11-08,,41,33,0.00,,
2018-11-09,,40,20,0.06,,
2018-11-10,,34,20,0.00,,
2018-11-11,,42,29,0.00,,
2018-11-12,,37,25,0.00,,
2018-11-13,,30,20,0.00,,
2018-11-14,,36,19,0.00,,
2018-11-15,,35,28,0.08,,
2018-11-16,,41,28,0.00,,
2018-11-17,,37,33,0.12,,
2018-11-18,,38,25,0.03,,
2018-11-19,,34,23,0.00,,
2018-11-20,,36,29,0.00,,
2018-11-21,,38,29,0.00,,
2018-11-22,,39,31,0.00,,
2018-11-23,,51,34,0.04,,
2018-11-24,,49,39,0.13,,
2018-11-25,,41,33,0.77,,
2018-11-26,,34,25,0.12,,
2018-11-27,,25,20,0.00,,
2018-11-28,,28,18,0.00,,
2018-11-29,,37,28,0.00,,
2018-11-30,,43,32,0.00,,
2018-12-01,,46,34,0.81,,
2018-12-02,,48,36,0.08,,
2018-12-03,,36,30,0.00,,
2018-12-04,,32,28,0.00,,
2018-12-05,,33,25,0.00,,
2018-12-06,,33,20,0.00,,
2018-12-07,,27,17,0.00,,
2018-12-08,,30,19,0.00,,
2018-12-09,,35,18,0.00,,
2018-12-10,,34,17,0.00,,
2018-12-11,,39,26,0.00,,
2018-12-12,,43,30,0.00,,
2018-12-13,,43,26,0.22,,
2018-12-14,,42,22,0.14,,
2018-12-15,,48,31,0.00,,
2018-12-16,,57,29,0.00,,
2018-12-17,,60,25,0.00,,
2018-12-18,,51,22,0.00,,
2018-12-19,,50,34,0.00,,
2018-12-20,,49,39,0.02,,
2018-12-21,,40,31,0.04,,
2018-12-22,,36,30,0.00,,
2018-12-23,,39,30,0.00,,
2018-12-24,,34,24,0.00,,
2018-12-25,,47,30,0.01,,
2018-12-26,,48,29,0.00,,
2018-12-27,,54,40,0.52,,
2018-12-28,,54,29,0.00,,
2018-12-29,,31,24,0.01,,
2018-12-30,,37,20,0.00,,
2018-12-31,,41,33,0.66,,
2019-01-01,,36,27,0.00,,
2019-01-02,,32,27,0.00,,
2019-01-03,,41,25,0.00,,
2019-01-04,,50,32,0.00,,
2019-01-05,,53,31,0.00,,
2019-01-06,,42,37,0.00,,
2019-01-07,,55,41,0.38,,
2019-01-08,,47,26,0.00,,
2019-01-09,,26,17,0.00,,
2019-01-10,,25,15,0.00,,
2019-01-11,,31,22,0.00,,
2019-01-12,,32,30,0.07,,
2019-01-13,,32,27,0.00,,
2019-01-14,,28,21,0.00,,
2019-01-15,,33,25,0.00,,
2019-01-16,,35,29,0.00,,
2019-01-17,,36,29,0.00,,
2019-01-18,,32,29,0.00,,
2019-01-19,,29,15,0.04,,
2019-01-20,,18,7,0.00,,
2019-01-21,,15,8,0.00,,
2019-01-22,,36,13,0.11,,
2019-01-23,,35,21,0.19,,
2019-01-24,,23,3,0.00,,
2019-01-25,,7,-5,0.00,,
2019-01-26,,13,-5,0.03,,
2019-01-27,,12,-2,0.00,,
2019-01-28,,35,9,0.25,,
2019-01-29,,11,-9,0.00,,
2019-01-30,,-9,-22,0.00,,
2019-01-31,,2,-20,0.03,,
2019-02-01,,21,2,0.00,,
2019-02-02,,41,15,0.00,,
2019-02-03,,49,38,0.00,,
2019-02-04,,51,30,0.02,,
2019-02-05,,34,27,0.26,,
2019-02-06,,38,33,0.04,,
2019-02-07,,46,11,0.42,,
2019-02-08,,15,5,0.00,,
2019-02-09,,26,7,0.00,,
2019-02-10,,29,23,0.04,,
2019-02-11,,32,29,0.19,,
2019-02-12,,33,21,0.26,,
2019-02-13,,30,13,0.00,,
2019-02-14,,46,30,0.00,,
2019-02-15,,33,11,0.00,,
2019-02-16,,30,18,0.00,,
2019-02-17,,29,25,0.09,,
2019-02-18,,31,22,0.02,,
2019-02-19,,33,14,0.00,,
2019-02-20,,37,29,0.04,,
2019-02-21,,35,26,0.00,,
2019-02-22,,38,23,0.00,,
2019-02-23,,49,35,0.42,,
2019-02-24,,46,14,0.01,,
2019-02-25,,23,8,0.00,,
2019-02-26,,25,18,0.00,,
2019-02-27,,32,17,0.00,,
2019-02-28,,28,13,0.00,,
2019-03-01,,34,25,0.00,,
2019-03-02,,35,28,0.00,,
2019-03-03,,28,6,0.00,,
2019-03-04,,15,-2,0.00,,
2019-03-05,,22,9,0.00,,
2019-03-06,,32,10,0.00,,
2019-03-07,,28,16,0.00,,
2019-03-08,,39,23,0.00,,
2019-03-09,,44,29,0.37,,
2019-03-10,,39,30,0.00,,
2019-03-11,,43,28,0.00,,
2019-03-12,,49,26,0.00,,
2019-03-13,,61,41,0.47,,
2019-03-14,,64,40,0.32,,
2019-03-15,,40,32,0.00,,
2019-03-16,,43,29,0.00,,
2019-03-17,,45,29,0.00,,
2019-03-18,,45,28,0.00,,
2019-03-19,,50,30,0.00,,
2019-03-20,,45,40,0.08,,
2019-03-21,,46,37,0.00,,
2019-03-22,,47,31,0.00,,
2019-03-23,,53,27,0.00,,
2019-03-24,,51,36,0.11,,
2019-03-25,,43,30,0.00,,
2019-03-26,,46,27,0.00,,
2019-03-27,,59,31,0.08,,
2019-03-28,,65,34,0.01,,
2019-03-29,,55,39,0.39,,
2019-03-30,,44,31,0.22,,
2019-03-31,,40,24,0.00,,
2019-04-01,,49,27,0.00,,
2019-04-02,,57,38,0.00,,
2019-04-03,,59,37,0.02,,
2019-04-04,,48,40,0.30,,
2019-04-05,,57,41,0.00,,
2019-04-06,,65,41,0.00,,
2019-04-07,,70,53,0.08,,
2019-04-08,,74,53,0.00,,
2019-04-09,,68,41,0.00,,
2019-04-10,,42,36,0.06,,
2019-04-11,,61,39,0.34,,
2019-04-12,,54,39,0.13,,
2019-04-13,,54,37,0.00,,
2019-04-14,,40,33,0.45,,
2019-04-15,,54,31,0.00,,
2019-04-16,,75,47,0.00,,
2019-04-17,,77,48,0.00,,
2019-04-18,,65,44,0.52,,
2019-04-19,,49,41,0.00,,
2019-04-20,,65,41,0.00,,
2019-04-21,,78,45,0.00,,
2019-04-22,,80,58,0.19,,
2019-04-23,,66,50,0.00,,
2019-04-24,,65,45,0.00,,
2019-04-25,,66,47,0.03,,
2019-04-26,,65,50,0.03,,
2019-04-27,,51,33,0.85,,
2019-04-28,,52,34,0.00,,
2019-04-29,,53,43,1.14,,
2019-04-30,,50,40,1.29,,
2019-05-01,,61,45,0.61,,
2019-05-02,,49,43,0.32,,
2019-05-03,,57,44,0.02,,
2019-05-04,,61,42,0.00,,
2019-05-05,,74,44,0.00,,
2019-05-06,,72,47,0.04,,
2019-05-07,,50,45,0.45,,
2019-05-08,,76,47,0.38,,
2019-05-09,,69,49,,,
2019-05-10,,56,45,0.00,,
2019-05-11,,54,45,0.07,,
2019-05-12,,53,43,0.08,,
2019-05-13,,61,43,0.00,,
2019-05-14,,70,43,0.00,,
2019-05-15,,77,52,0.00,,
2019-05-16,,76,59,0.14,,
2019-05-17,,69,46,0.27,,
2019-05-18,,83,45,0.42,,
2019-05-19,,75,53,0.34,,
2019-05-20,,57,47,0.00,,
2019-05-21,,,46,0.19,,
2019-05-22,,83,,0.02,,
2019-05-23,,76,64,0.02,,
2019-05-24,,78,56,0.11,,
2019-05-25,,83,72,0.00,,
2019-05-26,,77,56,0.01,,
2019-05-27,,76,55,1.28,,
2019-05-28,,71,52,0.74,,
2019-05-29,,74,52,0.08,,
2019-05-30,,80,61,0.13,,
2019-05-31,,83,61,0.00,,
2019-06-01,,82,54,0.03,,
2019-06-02,,69,53,0.00,,
2019-06-03,,68,51,0.00,,
2019-06-04,,83,60,0.16,,
2019-06-05,,86,60,0.38,,
2019-06-06,,76,57,0.00,,
2019-06-07,,80,57,0.00,,
2019-06-08,,79,60,0.00,,
2019-06-09,,73,65,0.03,,
2019-06-10,,76,61,0.00,,
2019-06-11,,82,58,0.00,,
2019-06-12,,74,55,0.70,,
2019-06-13,,69,52,0.02,,
2019-06-14,,81,52,0.04,,
2019-06-15,,71,57,0.20,,
2019-06-16,,67,56,0.09,,
2019-06-17,,68,56,0.00,,
2019-06-18,,79,58,0.00,,
2019-06-19,,75,56,0.30,,
2019-06-20,,70,55,0.21,,
2019-06-21,,72,53,0.00,,
2019-06-22,,81,61,0.00,,
2019-06-23,,82,66,0.25,,
2019-06-24,,79,67,0.05,,
2019-06-25,,87,63,0.00,,
2019-06-26,,90,70,0.16,,
2019-06-27,,90,69,0.00,,
2019-06-28,,91,72,0.45,,
2019-06-29,,87,72,0.00,,
2019-06-30,,89,72,0.26,,
2019-07-01,,91,70,0.00,,
2019-07-02,,92,71,1.26,,
2019-07-03,,86,71,0.09,,
2019-07-04,,91,70,0.00,,
2019-07-05,,92,76,0.00,,
2019-07-06,,86,70,0.00,,
2019-07-07,,79,67,0.00,,
2019-07-08,,83,65,0.00,,
2019-07-09,,89,67,0.00,,
2019-07-10,,96,76,0.00,,
2019-07-11,,82,68,0.00,,
2019-07-12,,87,62,0.00,,
2019-07-13,,94,73,0.14,,
2019-07-14,,90,73,0.00,,
2019-07-15,,92,75,0.00,,
2019-07-16,,84,72,0.15,,
2019-07-17,,91,74,0.28,,
2019-07-18,,88,71,1.43,,
2019-07-19,,95,81,0.00,,
2019-07-20,,97,76,0.01,,
2019-07-21,,80,71,0.32,,
2019-07-22,,76,63,0.00,,
2019-07-23,,81,62,0.00,,
2019-07-24,,80,62,0.00,,
2019-07-25,,86,63,0.00,,
2019-07-26,,86,68,0.00,,
2019-07-27,,89,72,0.00,,
2019-07-28,,90,73,0.00,,
2019-07-29,,82,70,0.68,,
2019-07-30,,79,67,0.00,,
2019-07-31,,76,63,0.00,,
2019-08-01,,80,60,0.00,,
2019-08-02,,82,63,0.00,,
2019-08-03,,89,64,0.00,,
2019-08-04,,86,73,0.00,,
2019-08-05,,91,71,0.00,,
2019-08-06,,85,70,0.27,,
2019-08-07,,88,68,0.00,,
2019-08-08,,88,71,0.00,,
2019-08-09,,83,63,0.00,,
2019-08-10,,86,67,0.00,,
2019-08-11,,84,69,0.00,,
2019-08-12,,83,72,0.49,,
2019-08-13,,85,70,0.28,,
2019-08-14,,84,66,0.45,,
2019-08-15,,78,65,0.00,,
2019-08-16,,85,65,0.00,,
2019-08-17,,78,69,0.05,,
2019-08-18,,84,69,1.39,,
2019-08-19,,85,71,0.00,,
2019-08-20,,78,68,0.17,,
2019-08-21,,84,65,0.00,,
2019-08-22,,78,69,0.00,,
2019-08-23,,75,66,0.00,,
2019-08-24,,74,63,0.00,,
2019-08-25,,78,62,0.00,,
2019-08-26,,78,66,0.58,,
2019-08-27,,81,66,0.00,,
2019-08-28,,76,60,0.00,,
2019-08-29,,86,60,0.00,,
2019-08-30,,74,62,0.00,,
2019-08-31,,76,64,0.11,,
2019-09-01,,73,62,0.67,,
2019-09-02,,83,62,0.00,,
2019-09-03,,81,68,0.17,,
2019-09-04,,70,62,0.00,,
2019-09-05,,74,57,0.00,,
2019-09-06,,75,65,0.00,,
2019-09-07,,79,57,0.00,,
2019-09-08,,67,62,0.04,,
2019-09-09,,78,62,0.01,,
2019-09-10,,91,73,0.00,,
2019-09-11,,91,70,0.13,,
2019-09-12,,82,68,0.24,,
2019-09-13,,79,62,0.64,,
2019-09-14,,81,58,0.00,,
2019-09-15,,78,64,0.61,,
2019-09-16,,76,67,0.00,,
2019-09-17,,79,66,0.00,,
2019-09-18,,83,64,0.00,,
2019-09-19,,85,64,0.00,,
2019-09-20,,86,69,0.01,,
2019-09-21,,81,71,0.45,,
2019-09-22,,78,67,0.60,,
2019-09-23,,75,62,0.00,,
2019-09-24,,80,58,0.00,,
2019-09-25,,80,65,0.00,,
2019-09-26,,73,57,0.00,,
2019-09-27,,71,60,1.54,,
2019-09-28,,68,59,0.25,,
2019-09-29,,69,62,0.80,,
2019-09-30,,87,66,0.00,,
2019-10-01,,88,72,0.00,,
2019-10-02,,81,60,0.41,,
2019-10-03,,70,51,0.18,,
2019-10-04,,59,48,0.00,,
2019-10-05,,65,49,0.28,,
2019-10-06,,69,51,0.00,,
2019-10-07,,71,48,0.00,,
2019-10-08,,71,48,0.00,,
2019-10-09,,72,53,0.00,,
2019-10-10,,71,54,0.10,,
2019-10-11,,68,39,0.46,,
2019-10-12,,55,37,0.00,,
2019-10-13,,56,38,0.00,,
2019-10-14,,55,39,0.00,,
2019-10-15,,66,42,0.01,,
2019-10-16,,53,43,0.00,,
2019-10-17,,56,41,0.00,,
2019-10-18,,60,39,0.00,,
2019-10-19,,70,46,0.00,,
2019-10-20,,60,50,0.00,,
2019-10-21,,68,52,0.08,,
2019-10-22,,52,45,0.05,,
2019-10-23,,60,40,0.01,,
2019-10-24,,51,42,0.00,,
2019-10-25,,50,41,0.00,,
2019-10-26,,51,39,2.26,,
2019-10-27,,59,44,0.03,,
2019-10-28,,52,41,0.00,,
2019-10-29,,48,37,0.11,,
2019-10-30,,42,33,0.89,,
2019-10-31,,38,26,0.13,,
2019-11-01,,46,25,0.00,,
2019-11-02,,45,33,0.00,,
2019-11-03,,54,31,0.00,,
2019-11-04,,54,39,0.00,,
2019-11-05,,42,31,0.00,,
2019-11-06,,58,31,0.00,,
2019-11-07,,33,21,0.00,,
2019-11-08,,33,17,0.00,,
2019-11-09,,48,28,0.00,,
2019-11-10,,44,36,0.01,,
2019-11-11,,37,14,0.14,,
2019-11-12,,19,9,0.00,,
2019-11-13,,28,13,0.00,,
2019-11-14,,33,25,0.00,,
2019-11-15,,38,22,0.00,,
2019-11-16,,42,29,0.00,,
2019-11-17,,42,29,0.00,,
2019-11-18,,42,36,0.00,,
2019-11-19,,41,36,0.03,,
2019-11-20,,49,39,0.00,,
2019-11-21,,56,40,0.49,,
2019-11-22,,40,29,0.00,,
2019-11-23,,41,27,0.00,,
2019-11-24,,50,33,0.00,,
2019-11-25,,55,38,0.00,,
2019-11-26,,54,33,0.35,,
2019-11-27,,57,34,0.14,,
2019-11-28,,39,32,0.00,,
2019-11-29,,40,35,0.01,,
2019-11-30,,41,36,0.17,,
2019-12-01,,43,33,0.07,,
2019-12-02,,38,31,0.00,,
2019-12-03,,40,30,0.00,,
2019-12-04,,44,32,0.00,,
2019-12-05,,46,28,0.00,,
2019-12-06,,43,27,0.00,,
2019-12-07,,39,25,0.00,,
2019-12-08,,48,35,0.00,,
2019-12-09,,49,25,0.02,,
2019-12-10,,25,15,0.00,,
2019-12-11,,25,14,0.00,,
2019-12-12,,46,20,0.00,,
2019-12-13,,45,34,0.00,,
2019-12-14,,36,26,0.00,,
2019-12-15,,27,20,0.00,,
2019-12-16,,31,25,0.00,,
2019-12-17,,31,20,0.00,,
2019-12-18,,29,13,0.00,,
2019-12-19,,37,16,0.00,,
2019-12-20,,41,24,0.00,,
2019-12-21,,49,32,0.00,,
2019-12-22,,53,32,0.00,,
2019-12-23,,53,36,0.00,,
2019-12-24,,55,28,0.00,,
2019-12-25,,61,40,0.00,,
2019-12-26,,62,40,0.00,,
2019-12-27,,40,30,0.00,,
2019-12-28,,51,31,0.15,,
2019-12-29,,58,48,0.85,,
2019-12-30,,48,28,0.07,,
2019-12-31,,30,26,0.00,,
2020-01-01,,43,22,0.00,,
2020-01-02,,49,37,0.00,,
2020-01-03,,42,35,0.00,,
2020-01-04,,35,27,0.01,,
2020-01-05,,43,25,0.00,,
2020-01-06,,42,26,0.00,,
2020-01-07,,42,28,0.00,,
2020-01-08,,30,17,0.00,,
2020-01-09,,50,23,0.02,,
2020-01-10,,50,39,0.90,,
2020-01-11,,39,26,0.56,,
2020-01-12,,33,25,0.00,,
2020-01-13,,35,32,0.00,,
2020-01-14,,43,29,0.00,,
2020-01-15,,37,29,0.00,,
2020-01-16,,30,17,0.00,,
2020-01-17,,30,17,0.08,,
2020-01-18,,37,6,0.38,,
2020-01-19,,20,3,0.00,,
2020-01-20,,32,18,0.00,,
2020-01-21,,31,17,0.00,,
2020-01-22,,35,24,0.00,,
2020-01-23,,36,30,0.09,,
2020-01-24,,39,34,0.33,,
2020-01-25,,35,33,0.10,,
2020-01-26,,34,28,0.00,,
2020-01-27,,36,28,0.00,,
2020-01-28,,33,31,0.00,,
2020-01-29,,34,30,0.09,,
2020-01-30,,34,31,0.00,,
2020-01-31,,37,31,0.00,,
2020-02-01,,38,33,0.04,,
2020-02-02,,54,35,0.00,,
2020-02-03,,47,30,0.00,,
2020-02-04,,38,31,0.00,,
2020-02-05,,31,27,0.03,,
2020-02-06,,31,27,0.07,,
2020-02-07,,37,22,0.00,,
2020-02-08,,35,26,0.00,,
2020-02-09,,37,23,0.05,,
2020-02-10,,36,27,0.00,,
2020-02-11,,35,25,0.00,,
2020-02-12,,36,24,0.19,,
2020-02-13,,32,5,0.01,,
2020-02-14,,14,-1,0.00,,
2020-02-15,,33,7,0.00,,
2020-02-16,,44,18,0.00,,
2020-02-17,,40,29,0.13,,
2020-02-18,,39,26,0.00,,
2020-02-19,,31,17,0.00,,
2020-02-20,,25,11,0.00,,
2020-02-21,,37,12,0.00,,
2020-02-22,,50,26,0.00,,
2020-02-23,,56,33,0.00,,
2020-02-24,,43,38,0.00,,
2020-02-25,,39,32,0.03,,
2020-02-26,,32,26,0.00,,
2020-02-27,,31,22,0.00,,
2020-02-28,,30,18,0.00,,
2020-02-29,,35,16,0.00,,
2020-03-01,,58,30,0.00,0.0,0.0
2020-03-02,,50,35,0.00,0.0,0.0
2020-03-03,,50,32,0.00,,0.0
2020-03-04,,49,35,0.03,,0.0
2020-03-05,,52,33,0.00,,0.0
2020-03-06,,39,28,0.00,,0.0
2020-03-07,,52,23,0.00,0.0,0.0
2020-03-08,,66,40,0.00,0.0,0.0
2020-03-09,,59,47,0.87,,0.0
2020-03-10,,52,34,0.00,,0.0
2020-03-11,,44,36,0.00,,0.0
2020-03-12,,56,36,0.00,,0.0
2020-03-13,,49,34,0.00,0.0,0.0
2020-03-14,,41,32,0.00,,0.0
2020-03-15,,39,34,0.00,0.0,0.0
2020-03-16,,41,32,0.01,,0.0
2020-03-17,,48,37,0.00,0.0,0.0
2020-03-18,,45,39,0.53,,0.0
2020-03-19,,63,40,0.26,0.0,0.0
2020-03-20,,63,31,0.01,,0.0
2020-03-21,,33,27,0.00,0.0,0.0
2020-03-22,,36,28,0.13,,0.0
2020-03-23,,44,33,0.07,,
2020-03-24,,46,33,0.00,0.0,0.0
2020-03-25,,56,32,0.00,0.0,0.0
2020-03-26,,52,38,0.00,,0.0
2020-03-27,,51,37,0.08,,0.0
2020-03-28,,67,45,0.72,,0.0
2020-03-29,,63,44,0.01,,0.0
2020-03-30,,50,39,0.00,0.0,0.0
2020-03-31,,43,37,0.00,,0.0
2020-04-01,,53,36,0.00,0.0,0.0
2020-04-02,,59,31,0.00,0.0,0.0
2020-04-03,,70,46,0.00,,0.0
2020-04-04,,56,36,0.08,,0.0
2020-04-05,,50,37,0.00,0.0,0.0
2020-04-06,,65,36,0.15,,0.0
2020-04-07,,80,55,0.40,0.0,0.0
2020-04-08,,69,49,0.23,,0.0
2020-04-09,,50,36,0.00,,0.0
2020-04-10,,51,34,0.00,0.0,0.0
2020-04-11,,65,42,0.16,,0.0
2020-04-12,,66,49,0.04,,0.0
2020-04-13,,55,35,0.04,,0.0
2020-04-14,,41,30,0.00,,0.0
2020-04-15,,40,28,0.03,,1.2
2020-04-16,,46,28,0.00,0.0,0.0
2020-04-17,,42,33,0.28,,2.0
2020-04-18,,59,33,0.00,0.0,0.0
2020-04-19,,62,40,0.00,0.0,0.0
2020-04-20,,65,36,0.03,,0.0
2020-04-21,,52,37,0.00,0.0,0.0
2020-04-22,,62,40,0.01,,0.0
2020-04-23,,59,44,0.00,0.0,0.0
2020-04-24,,49,42,0.00,0.0,0.0
2020-04-25,,47,42,0.57,0.0,0.0
2020-04-26,,62,43,0.00,0.0,0.0
2020-04-27,,68,39,0.53,,0.0
2020-04-28,,76,53,0.56,0.0,0.0
2020-04-29,,62,42,1.97,,0.0
2020-04-30,,54,42,0.08,,0.0
2020-05-01,,67,37,0.00,0.0,0.0
2020-05-02,,79,58,0.00,0.0,0.0
2020-05-03,,73,48,0.00,0.0,0.0
2020-05-04,,48,41,0.00,0.0,0.0
2020-05-05,,48,42,0.23,,0.0
2020-05-06,,61,38,0.00,0.0,0.0
2020-05-07,,66,46,0.00,,
2020-05-08,,46,34,0.00,,
2020-05-09,,59,31,0.00,0.0,0.0
2020-05-10,,53,37,0.42,,
2020-05-11,,50,40,0.00,,
2020-05-12,,62,39,0.00,0.0,0.0
2020-05-13,,69,45,0.03,,
2020-05-14,,73,55,1.74,0.0,0.0
2020-05-15,,77,57,0.28,,0.0
2020-05-16,,69,52,0.53,0.0,0.0
2020-05-17,,68,54,3.67,0.0,0.0
2020-05-18,,66,52,0.00,0.0,0.0
2020-05-19,,61,52,0.13,0.0,0.0
2020-05-20,,65,55,0.00,0.0,0.0
2020-05-21,,68,56,0.00,0.0,0.0
2020-05-22,,70,57,0.00,0.0,0.0
2020-05-23,,81,55,0.34,0.0,0.0
2020-05-24,,89,64,0.00,0.0,0.0
2020-05-25,,88,70,0.00,0.0,0.0
2020-05-26,,89,70,0.00,0.0,0.0
2020-05-27,,87,72,0.02,0.0,0.0
2020-05-28,,83,65,0.25,0.0,0.0
2020-05-29,,76,58,0.01,0.0,0.0
2020-05-30,,72,55,0.00,0.0,0.0
2020-05-31,,66,52,0.00,0.0,0.0
2020-06-01,,77,55,0.01,0.0,0.0
2020-06-02,,94,67,0.00,0.0,0.0
2020-06-03,,85,70,0.01,0.0,0.0
2020-06-04,,86,68,0.00,0.0,0.0
2020-06-05,,89,72,0.00,0.0,0.0
2020-06-06,,76,61,0.00,0.0,0.0
2020-06-07,,79,59,0.00,0.0,0.0
2020-06-08,,91,65,0.00,0.0,0.0
2020-06-09,,91,74,0.34,0.0,0.0
2020-06-10,,84,62,0.14,0.0,0.0
2020-06-11,,83,59,0.00,0.0,0.0
2020-06-12,,78,57,0.00,0.0,0.0
2020-06-13,,67,54,0.07,0.0,0.0
2020-06-14,,70,57,0.00,0.0,0.0
2020-06-15,,73,55,0.00,0.0,0.0
2020-06-16,,84,59,0.00,0.0,0.0
2020-06-17,,86,65,0.00,0.0,0.0
2020-06-18,,87,64,0.00,,
2020-06-19,,93,69,0.00,0.0,0.0
2020-06-20,,91,71,0.38,,
2020-06-21,,83,70,0.00,0.0,0.0
2020-06-22,,86,66,0.58,,0.0
2020-06-23,,79,63,0.00,0.0,0.0
2020-06-24,,79,61,0.07,,
2020-06-25,,84,63,0.00,0.0,0.0
2020-06-26,,85,70,1.56,0.0,0.0
2020-06-27,,89,72,0.00,0.0,0.0
2020-06-28,,84,72,0.14,0.0,0.0
2020-06-29,,93,72,0.28,0.0,0.0
2020-06-30,,89,73,0.00,0.0,0.0
2020-07-01,,88,74,0.00,0.0,0.0
2020-07-02,,90,72,0.00,0.0,0.0
2020-07-03,,89,69,0.00,0.0,0.0
2020-07-04,,90,72,0.00,0.0,0.0
2020-07-05,,90,73,0.00,0.0,0.0
2020-07-06,,94,76,0.00,0.0,0.0
2020-07-07,,94,75,0.01,0.0,0.0
2020-07-08,,92,75,0.00,0.0,0.0
2020-07-09,,93,72,0.35,0.0,0.0
2020-07-10,,87,70,0.24,0.0,0.0
2020-07-11,,85,70,0.04,0.0,0.0
2020-07-12,,79,67,0.00,0.0,0.0
2020-07-13,,81,64,0.00,0.0,0.0
2020-07-14,,85,67,0.00,0.0,0.0
2020-07-15,,87,68,0.82,0.0,0.0
2020-07-16,,84,69,0.00,0.0,0.0
2020-07-17,,88,68,0.00,0.0,0.0
2020-07-18,,91,76,0.00,0.0,0.0
2020-07-19,,83,71,0.61,0.0,0.0
2020-07-20,,87,67,0.00,0.0,0.0
2020-07-21,,81,73,0.06,0.0,0.0
2020-07-22,,86,72,0.00,0.0,0.0
2020-07-23,,81,65,0.00,0.0,0.0
2020-07-24,,85,66,0.00,0.0,0.0
2020-07-25,,90,69,0.00,0.0,0.0
2020-07-26,,95,75,0.04,0.0,0.0
2020-07-27,,86,72,0.17,0.0,0.0
2020-07-28,,88,69,0.00,0.0,0.0
2020-07-29,,91,72,0.00,0.0,0.0
2020-07-30,,83,72,0.00,,
2020-07-31,,81,70,0.00,0.0,0.0
2020-08-01,,79,65,0.20,0.0,0.0
2020-08-02,,85,65,0.10,0.0,0.0
2020-08-03,,73,65,0.00,0.0,0.0
2020-08-04,,74,59,0.00,0.0,0.0
2020-08-05,,76,57,0.00,0.0,0.0
2020-08-06,,80,65,0.00,0.0,0.0
2020-08-07,,84,62,0.00,0.0,0.0
2020-08-08,,87,67,0.00,0.0,0.0
2020-08-09,,90,72,0.00,0.0,0.0
2020-08-10,,90,69,0.32,0.0,0.0
2020-08-11,,82,66,0.00,0.0,0.0
2020-08-12,,83,63,0.00,0.0,0.0
2020-08-13,,84,70,0.00,0.0,0.0
2020-08-14,,88,71,0.00,0.0,0.0
2020-08-15,,89,70,0.00,0.0,0.0
2020-08-16,,83,65,0.00,0.0,0.0
2020-08-17,,84,69,0.00,0.0,0.0
2020-08-18,,77,67,0.00,0.0,0.0
2020-08-19,,79,61,0.00,0.0,0.0
2020-08-20,,85,62,0.00,0.0,0.0
2020-08-21,,87,65,0.00,0.0,0.0
2020-08-22,,88,67,0.00,0.0,0.0
2020-08-23,,90,70,0.00,0.0,0.0
2020-08-24,,96,72,0.00,0.0,0.0
2020-08-25,,90,77,0.00,0.0,0.0
2020-08-26,,94,75,0.00,0.0,0.0
2020-08-27,,95,76,0.00,0.0,0.0
2020-08-28,,95,76,0.05,0.0,0.0
2020-08-29,,84,68,0.00,0.0,0.0
2020-08-30,,78,64,0.00,0.0,0.0
2020-08-31,,85,65,0.11,0.0,0.0
2020-09-01,,74,69,0.27,0.0,0.0
2020-09-02,,88,70,0.00,0.0,0.0
2020-09-03,,88,65,0.00,0.0,0.0
2020-09-04,,80,56,0.00,0.0,0.0
2020-09-05,,83,64,0.00,0.0,0.0
2020-09-06,,82,59,0.48,0.0,0.0
2020-09-07,,78,66,0.18,0.0,0.0
2020-09-08,,67,61,0.76,0.0,0.0
2020-09-09,,66,61,0.39,0.0,0.0
2020-09-10,,68,58,0.16,0.0,0.0
2020-09-11,,69,62,0.00,0.0,0.0
2020-09-12,,73,63,0.33,0.0,0.0
2020-09-13,,76,61,0.01,0.0,0.0
2020-09-14,,75,57,0.00,0.0,0.0
2020-09-15,,78,59,0.00,0.0,0.0
2020-09-16,,83,59,0.00,0.0,0.0
2020-09-17,,70,60,0.00,0.0,0.0
2020-09-18,,62,49,0.00,0.0,0.0
2020-09-19,,65,47,0.00,0.0,0.0
2020-09-20,,73,50,0.00,0.0,0.0
2020-09-21,,75,52,0.00,0.0,0.0
2020-09-22,,79,55,0.00,0.0,0.0
2020-09-23,,79,58,0.00,0.0,0.0
2020-09-24,,79,56,0.00,0.0,0.0
2020-09-25,,81,59,0.00,0.0,0.0
2020-09-26,,78,63,0.00,0.0,0.0
2020-09-27,,78,54,0.08,0.0,0.0
2020-09-28,,63,51,0.25,0.0,0.0
2020-09-29,,61,45,0.00,0.0,0.0
2020-09-30,,68,51,0.00,0.0,0.0
2020-10-01,,58,46,0.27,0.0,0.0
2020-10-02,,56,43,0.00,0.0,0.0
2020-10-03,,57,46,0.16,,0.0
2020-10-04,,57,40,0.04,,0.0
2020-10-05,,63,36,0.00,0.0,0.0
2020-10-06,,75,51,0.00,0.0,0.0
2020-10-07,,76,55,0.00,0.0,0.0
2020-10-08,,70,50,0.00,0.0,0.0
2020-10-09,,82,51,0.00,0.0,0.0
2020-10-10,,77,58,0.00,0.0,0.0
2020-10-11,,68,57,0.00,0.0,0.0
2020-10-12,,67,47,0.29,,0.0
2020-10-13,,73,44,0.00,0.0,0.0
2020-10-14,,78,47,0.00,,0.0
2020-10-15,,64,42,0.00,,0.0
2020-10-16,,55,36,0.00,0.0,0.0
2020-10-17,,65,38,0.00,0.0,0.0
2020-10-18,,59,40,0.21,0.0,0.0
2020-10-19,,52,40,0.05,0.0,0.0
2020-10-20,,55,43,0.14,,0.0
2020-10-21,,58,46,0.68,,0.0
2020-10-22,,79,48,1.86,,0.0
2020-10-23,,70,41,0.49,,0.0
2020-10-24,,47,35,0.00,0.0,0.0
2020-10-25,,47,42,0.00,,0.0
2020-10-26,,42,34,0.01,,0.0
2020-10-27,,37,33,0.07,,0.0
2020-10-28,,51,32,0.00,0.0,
2020-10-29,,50,36,0.00,0.0,0.0
2020-10-30,,44,30,0.00,0.0,0.0
2020-10-31,,59,32,0.01,,0.0
2020-11-01,,55,31,0.00,0.0,0.0
2020-11-02,,51,28,0.00,0.0,0.0
2020-11-03,,70,38,0.00,0.0,0.0
2020-11-04,,75,49,0.00,0.0,0.0
2020-11-05,,71,56,0.00,0.0,0.0
2020-11-06,,74,49,0.00,0.0,0.0
2020-11-07,,72,52,0.00,0.0,0.0
2020-11-08,,77,54,0.00,0.0,0.0
2020-11-09,,76,63,0.00,0.0,0.0
2020-11-10,,74,44,0.74,,0.0
2020-11-11,,46,35,0.00,0.0,0.0
2020-11-12,,53,35,0.00,,0.0
2020-11-13,,46,30,0.00,,0.0
2020-11-14,,50,29,0.27,,0.0
2020-11-15,,55,34,0.06,,0.0
2020-11-16,,48,32,0.00,0.0,0.0
2020-11-17,,42,30,0.00,0.0,0.0
2020-11-18,,51,35,0.00,0.0,0.0
2020-11-19,,66,45,0.00,0.0,0.0
2020-11-20,,64,43,0.00,0.0,0.0
2020-11-21,,47,39,0.00,0.0,0.0
2020-11-22,,46,40,0.02,,0.0
2020-11-23,,46,33,0.00,0.0,0.0
2020-11-24,,45,33,0.43,,0.0
2020-11-25,,47,44,0.32,0.0,0.0
2020-11-26,,46,39,0.00,0.0,0.0
2020-11-27,,45,33,0.00,0.0,0.0
2020-11-28,,50,28,0.00,0.0,0.0
2020-11-29,,51,36,0.00,0.0,0.0
2020-11-30,,38,29,0.00,,0.0
2020-12-01,,34,26,0.00,,
2020-12-02,,47,24,0.00,,
2020-12-03,,47,29,0.00,,
2020-12-04,,46,31,0.00,,
2020-12-05,,41,30,0.00,,
2020-12-06,,37,34,0.00,,
2020-12-07,,38,34,0.00,,
2020-12-08,,37,33,0.00,,
2020-12-09,,53,32,0.00,,
2020-12-10,,57,31,0.00,,
2020-12-11,,45,35,0.80,,
2020-12-12,,42,32,0.76,,
2020-12-13,,37,27,0.00,,
2020-12-14,,33,24,0.00,,
2020-12-15,,34,22,0.00,,
2020-12-16,,34,29,0.00,,
2020-12-17,,35,29,0.00,,
2020-12-18,,37,24,0.00,,
2020-12-19,,45,35,0.00,,
2020-12-20,,42,32,0.00,,
2020-12-21,,47,33,0.00,,
2020-12-22,,42,31,0.00,,
2020-12-23,,58,27,0.09,,
2020-12-24,,27,10,0.00,,
2020-12-25,,22,9,0.00,,
2020-12-26,,35,19,0.00,,
2020-12-27,,47,25,0.00,,
2020-12-28,,34,22,0.00,,
2020-12-29,,33,18,0.23,,
2020-12-30,,36,26,0.21,,
2020-12-31,,30,23,0.00,,
2021-01-01,,35,24,0.24,,
2021-01-02,,36,30,0.00,,
2021-01-03,,34,27,0.05,,
2021-01-04,,31,25,0.00,,
2021-01-05,,37,29,0.00,,
2021-01-06,,40,29,0.00,,
2021-01-07,,39,35,0.00,,
2021-01-08,,36,31,0.00,,
2021-01-09,,39,26,0.00,,
2021-01-10,,31,25,0.00,,
2021-01-11,,30,22,0.00,,
2021-01-12,,39,26,0.00,,
2021-01-13,,42,31,0.00,,
2021-01-14,,41,33,0.13,,
2021-01-15,,38,28,0.00,,
2021-01-16,,37,28,0.05,,
2021-01-17,,34,28,0.02,,
2021-01-18,,30,24,0.00,,
2021-01-19,,33,20,0.01,,
2021-01-20,,35,14,0.00,,
2021-01-21,,42,31,0.00,,
2021-01-22,,31,13,0.00,,
2021-01-23,,31,11,0.00,,
2021-01-24,,35,27,0.00,,
2021-01-25,,34,30,0.05,,
2021-01-26,,33,26,0.08,,
2021-01-27,,28,15,0.00,,
2021-01-28,,26,11,0.00,,
2021-01-29,,32,19,0.00,,3.9
2021-01-30,,34,29,0.09,,3.1
2021-01-31,,34,29,0.10,,11.8
2021-02-01,,34,23,0.00,,13.0
2021-02-02,,33,21,0.00,,11.8
2021-02-03,,36,17,0.00,,11.0
2021-02-04,,39,19,0.23,,9.8
2021-02-05,,19,9,0.00,,9.8
2021-02-06,,14,4,0.00,,9.8
2021-02-07,,6,-6,0.00,,9.8
2021-02-08,,15,2,0.04,,9.8
2021-02-09,,19,3,0.00,,13.0
2021-02-10,,17,7,0.00,,11.0
2021-02-11,,24,5,0.00,,11.0
2021-02-12,,21,9,0.00,,11.0
2021-02-13,,14,0,,,11.0
2021-02-14,,6,-3,0.00,,11.8
2021-02-15,,18,1,,,13.0
2021-02-16,,22,8,,,24.0
2021-02-17,,24,6,0.00,,22.0
2021-02-18,,26,15,0.00,,20.1
2021-02-19,,21,7,0.00,,18.9
2021-02-20,,29,4,0.00,,18.1
2021-02-21,,38,19,0.20,,16.9
2021-02-22,,40,26,0.00,,16.1
2021-02-23,,46,36,0.00,,13.0
2021-02-24,,45,32,0.00,,7.9
2021-02-25,,40,24,0.00,,3.9
2021-02-26,,42,24,0.03,,3.9
2021-02-27,,50,34,0.00,,3.1
2021-02-28,,49,34,0.06,,1.2
2021-03-01,,35,24,0.00,,
2021-03-02,,44,22,0.00,,
2021-03-03,,60,35,0.00,,
2021-03-04,,39,30,0.00,,
2021-03-05,,50,25,0.00,,
2021-03-06,,48,27,0.00,,
2021-03-07,,52,25,0.00,,
2021-03-08,,65,42,0.00,,
2021-03-09,,69,43,0.00,,
2021-03-10,,69,55,0.00,,
2021-03-11,,64,43,0.02,,
2021-03-12,,55,36,0.00,,
2021-03-13,,60,33,0.00,,
2021-03-14,,47,38,0.00,,
2021-03-15,,40,30,0.06,,
2021-03-16,,38,33,0.00,,1.2
2021-03-17,,41,33,0.43,,
2021-03-18,,43,37,0.13,,
2021-03-19,,46,33,0.00,,
2021-03-20,,58,32,0.00,,
2021-03-21,,66,39,0.00,,
2021-03-22,,68,47,0.00,,
2021-03-23,,66,52,0.13,,
2021-03-24,,60,48,0.00,,
2021-03-25,,50,38,0.11,,
2021-03-26,,42,36,0.03,,
2021-03-27,,66,37,0.00,,
2021-03-28,,52,34,0.00,,
2021-03-29,,62,32,0.00,,
2021-03-30,,69,45,0.00,,
2021-03-31,,45,34,0.00,,
2021-04-01,,39,26,0.00,,
2021-04-02,,51,26,0.00,,
2021-04-03,,71,40,0.00,,
2021-04-04,,76,44,0.00,,
2021-04-05,,78,59,0.00,,
2021-04-06,,82,58,0.00,,
2021-04-07,,82,61,0.00,,
2021-04-08,,69,50,0.32,,
2021-04-09,,63,50,0.01,,
2021-04-10,,56,47,0.20,,
2021-04-11,,56,45,0.01,,
2021-04-12,,64,48,0.01,,
2021-04-13,,55,43,0.00,,
2021-04-14,,52,36,0.00,,
2021-04-15,,56,39,0.00,,
2021-04-16,,52,40,0.00,,
2021-04-17,,57,37,0.00,,
2021-04-18,,64,39,0.00,,
2021-04-19,,54,41,0.09,,
2021-04-20,,42,33,0.03,,
2021-04-21,,51,34,0.00,,
2021-04-22,,60,31,0.00,,
2021-04-23,,63,44,0.00,,
2021-04-24,,62,46,0.02,,
2021-04-25,,48,40,0.00,,
2021-04-26,,79,40,0.00,,
2021-04-27,,87,58,0.00,,
2021-04-28,,58,45,0.67,,
2021-04-29,,64,47,0.04,,
2021-04-30,,56,43,0.00,,
2021-05-01,,83,43,0.00,,
2021-05-02,,84,62,0.02,,
2021-05-03,,71,56,0.13,,
2021-05-04,,58,47,0.03,,
2021-05-05,,59,42,0.00,,
2021-05-06,,56,44,0.07,,
2021-05-07,,60,42,0.00,,
2021-05-08,,52,37,0.38,,
2021-05-09,,56,40,0.63,,
2021-05-10,,51,39,0.00,,
2021-05-11,,53,37,0.00,,
2021-05-12,,60,38,0.00,,
2021-05-13,,70,41,0.00,,
2021-05-14,,71,47,0.00,,
2021-05-15,,61,54,0.13,,
2021-05-16,,72,54,0.00,,
2021-05-17,,70,57,0.00,,
2021-05-18,,75,59,0.06,,
2021-05-19,,74,64,0.08,,
2021-05-20,,85,66,0.00,,
2021-05-21,,86,67,0.00,,
2021-05-22,,87,66,0.00,,
2021-05-23,,82,59,0.01,,
2021-05-24,,90,58,0.00,,
2021-05-25,,87,73,0.00,,
2021-05-26,,82,59,0.39,,
2021-05-27,,63,51,0.04,,
2021-05-28,,51,45,0.87,,
2021-05-29,,61,46,0.00,,
2021-05-30,,69,41,0.00,,
2021-05-31,,71,55,0.00,,
2021-06-01,,76,51,0.00,,
2021-06-02,,78,56,0.00,,
2021-06-03,,87,56,0.00,,
2021-06-04,,91,70,0.00,,
2021-06-05,,92,69,0.00,,
2021-06-06,,88,71,0.00,,
2021-06-07,,79,73,0.01,,
2021-06-08,,90,71,0.02,,
2021-06-09,,87,72,0.00,,
2021-06-10,,89,69,0.00,,
2021-06-11,,91,71,0.00,,
2021-06-12,,92,70,0.80,,
2021-06-13,,85,70,0.00,,
2021-06-14,,82,67,0.00,,
2021-06-15,,79,62,0.00,,
2021-06-16,,78,61,0.00,,
2021-06-17,,89,58,0.00,,
2021-06-18,,91,68,0.23,,
2021-06-19,,91,68,0.00,,
2021-06-20,,84,67,0.92,,
2021-06-21,,75,59,0.00,,
2021-06-22,,75,55,0.00,,
2021-06-23,,80,65,0.01,,
2021-06-24,,76,69,0.10,,
2021-06-25,,77,70,1.17,,
2021-06-26,,82,71,1.37,,
2021-06-27,,84,68,0.00,,
2021-06-28,,85,66,0.74,,
2021-06-29,,87,72,0.59,,
2021-06-30,,82,71,0.27,,
2021-07-01,,78,62,0.14,,
2021-07-02,,74,61,0.00,,
2021-07-03,,86,58,0.00,,
2021-07-04,,90,69,0.00,,
2021-07-05,,91,73,0.00,,
2021-07-06,,92,77,0.00,,
2021-07-07,,91,69,0.00,,
2021-07-08,,69,61,0.00,,
2021-07-09,,76,58,0.00,,
2021-07-10,,76,65,0.11,,
2021-07-11,,70,67,0.13,,
2021-07-12,,75,67,0.39,,
2021-07-13,,81,70,0.03,,
2021-07-14,,85,70,0.00,,
2021-07-15,,81,68,0.08,,
2021-07-16,,75,67,0.01,,
2021-07-17,,79,69,0.00,,
2021-07-18,,83,68,0.00,,
2021-07-19,,84,67,0.00,,
2021-07-20,,89,67,0.00,,
2021-07-21,,76,67,0.00,,
2021-07-22,,86,66,0.00,,
2021-07-23,,91,74,0.00,,
2021-07-24,,93,75,1.08,,
2021-07-25,,91,73,0.00,,
2021-07-26,,93,69,0.00,,
2021-07-27,,88,72,0.00,,
2021-07-28,,90,74,0.04,,
2021-07-29,,89,72,0.10,,
2021-07-30,,76,67,0.00,,
2021-07-31,,81,63,0.00,,
2021-08-01,,77,64,0.00,,
2021-08-02,,77,62,0.00,,
2021-08-03,,82,63,0.00,,
2021-08-04,,84,64,0.00,,
2021-08-05,,86,66,0.00,,
2021-08-06,,84,67,0.25,,
2021-08-07,,89,68,0.00,,
2021-08-08,,92,72,0.04,,
2021-08-09,,82,72,0.15,,
2021-08-10,,94,71,1.08,,
2021-08-11,,88,73,0.13,,
2021-08-12,,85,73,0.01,,
2021-08-13,,82,70,0.00,,
2021-08-14,,80,66,0.00,,
2021-08-15,,81,61,0.00,,
2021-08-16,,80,65,0.00,,
2021-08-17,,83,68,0.00,,
2021-08-18,,86,74,0.00,,
2021-08-19,,87,74,0.01,,
2021-08-20,,90,72,0.00,,
2021-08-21,,89,75,0.07,,
2021-08-22,,84,72,0.00,,
2021-08-23,,88,68,0.00,,
2021-08-24,,96,73,0.44,,
2021-08-25,,94,72,0.31,,
2021-08-26,,90,71,0.00,,
2021-08-27,,92,73,0.00,,
2021-08-28,,93,76,0.00,,
2021-08-29,,91,75,0.10,,
2021-08-30,,85,69,0.00,,
2021-08-31,,82,68,0.00,,
2021-09-01,,78,66,0.00,,
2021-09-02,,79,63,0.00,,
2021-09-03,,76,65,0.00,,
2021-09-04,,75,64,0.04,,
2021-09-05,,84,60,0.00,,
2021-09-06,,82,62,0.00,,
2021-09-07,,90,65,0.04,,
2021-09-08,,82,58,0.00,,
2021-09-09,,76,57,0.00,,
2021-09-10,,81,60,0.00,,
2021-09-11,,88,66,0.00,,
2021-09-12,,90,71,0.00,,
2021-09-13,,90,71,0.00,,
2021-09-14,,88,67,0.00,,
2021-09-15,,79,61,0.00,,
2021-09-16,,83,59,0.00,,
2021-09-17,,89,65,0.17,,
2021-09-18,,79,69,0.00,,
2021-09-19,,90,67,0.00,,
2021-09-20,,84,71,0.00,,
2021-09-21,,76,61,0.28,,
2021-09-22,,63,56,0.23,,
2021-09-23,,69,53,0.00,,
2021-09-24,,80,52,0.14,,
2021-09-25,,71,50,0.01,,
2021-09-26,,84,56,0.00,,
2021-09-27,,88,65,0.00,,
2021-09-28,,73,63,0.00,,
2021-09-29,,81,60,0.00,,
2021-09-30,,81,60,0.00,,
2021-10-01,,86,62,0.00,,
2021-10-02,,82,69,0.04,,
2021-10-03,,79,67,0.01,,
2021-10-04,,73,65,0.00,,
2021-10-05,,69,66,0.00,,
2021-10-06,,69,65,0.00,,
2021-10-07,,75,67,0.44,,
2021-10-08,,76,63,0.03,,
2021-10-09,,82,64,0.02,,
2021-10-10,,84,72,0.00,,
2021-10-11,,80,63,1.72,,
2021-10-12,,66,56,0.02,,
2021-10-13,,74,53,0.38,,
2021-10-14,,71,60,0.08,,
2021-10-15,,64,52,0.01,,
2021-10-16,,60,44,0.00,,
2021-10-17,,67,42,0.00,,
2021-10-18,,72,45,0.00,,
2021-10-19,,73,52,0.00,,
2021-10-20,,73,53,0.00,,
2021-10-21,,66,47,0.00,,
2021-10-22,,56,45,0.00,,
2021-10-23,,56,40,0.00,,
2021-10-24,,52,41,2.25,,
2021-10-25,,54,49,0.71,,
2021-10-26,,56,41,0.00,,
2021-10-27,,57,39,0.00,,
2021-10-28,,56,48,0.28,,
2021-10-29,,56,53,0.69,,
2021-10-30,,58,45,0.03,,
2021-10-31,,54,38,0.00,,
2021-11-01,,49,34,0.00,,
2021-11-02,,48,32,0.00,,
2021-11-03,,46,30,0.00,,
2021-11-04,,48,30,0.00,,
2021-11-05,,52,34,0.00,,
2021-11-06,,60,35,0.00,,
2021-11-07,,66,41,0.00,,
2021-11-08,,66,48,0.00,,
2021-11-09,,57,43,0.00,,
2021-11-10,,58,40,0.00,,
2021-11-11,,58,38,0.49,,
2021-11-12,,43,34,0.05,,
2021-11-13,,41,34,0.00,,
2021-11-14,,38,34,0.02,,
2021-11-15,,36,30,0.00,,
2021-11-16,,57,32,0.00,,
2021-11-17,,62,41,0.17,,
2021-11-18,,41,33,0.00,,
2021-11-19,,40,26,0.00,,
2021-11-20,,50,36,0.00,,
2021-11-21,,55,30,0.01,,
2021-11-22,,37,24,0.00,,
2021-11-23,,43,25,0.00,,
2021-11-24,,53,37,0.08,,
2021-11-25,,49,24,0.01,,
2021-11-26,,31,19,0.00,,
2021-11-27,,41,30,0.00,,
2021-11-28,,41,26,0.00,,
2021-11-29,,41,26,0.00,,
2021-11-30,,53,33,0.00,,
2021-12-01,,48,35,0.00,,
2021-12-02,,59,44,0.00,,
2021-12-03,,51,39,0.00,,
2021-12-04,,46,31,0.00,,
2021-12-05,,43,35,0.17,,
2021-12-06,,38,15,0.00,,
2021-12-07,,25,13,0.00,,
2021-12-08,,36,24,0.00,,
2021-12-09,,47,28,0.00,,
2021-12-10,,61,33,0.80,,
2021-12-11,,59,30,0.00,,
2021-12-12,,50,30,0.00,,
2021-12-13,,50,36,0.00,,
2021-12-14,,55,33,0.12,,
2021-12-15,,66,52,0.00,,
2021-12-16,,67,35,0.01,,
2021-12-17,,42,28,0.00,,
2021-12-18,,42,33,0.05,,
2021-12-19,,40,32,0.00,,
2021-12-20,,45,31,0.00,,
2021-12-21,,44,27,0.00,,
2021-12-22,,32,20,0.00,,
2021-12-23,,47,28,0.00,,
2021-12-24,,58,37,0.00,,
2021-12-25,,59,35,0.05,,
2021-12-26,,44,30,0.11,,
2021-12-27,,48,34,0.37,,
2021-12-28,,39,33,0.27,,
2021-12-29,,39,32,0.01,,
2021-12-30,,39,33,0.00,,
2021-12-31,,46,34,0.00,,
2022-01-01,,41,31,0.04,,0.0
2022-01-02,,32,16,0.01,,3.1
2022-01-03,,24,10,0.00,,2.0
2022-01-04,,36,24,0.00,,2.0
2022-01-05,,35,13,0.00,,2.0
2022-01-06,,16,6,0.00,,2.0
2022-01-07,,15,1,0.00,,2.0
2022-01-08,,36,15,0.02,,2.0
2022-01-09,,37,12,0.00,,1.2
2022-01-10,,20,8,0.00,,1.2
2022-01-11,,38,6,0.00,,1.2
2022-01-12,,42,30,0.00,,1.2
2022-01-13,,41,29,0.00,,0.0
2022-01-14,,38,28,0.00,,0.0
2022-01-15,,28,21,0.00,,1.2
2022-01-16,,30,14,0.00,,1.2
2022-01-17,,30,25,0.00,,0.0
2022-01-18,,45,22,0.00,,0.0
2022-01-19,,43,13,0.00,,0.0
2022-01-20,,22,9,0.00,,0.0
2022-01-21,,27,10,0.00,,0.0
2022-01-22,,36,20,0.00,,0.0
2022-01-23,,25,10,0.16,,3.1
2022-01-24,,29,13,0.07,,3.1
2022-01-25,,15,2,0.00,,3.9
2022-01-26,,15,-5,0.00,,3.9
2022-01-27,,33,14,0.00,,3.1
2022-01-28,,29,12,0.06,,7.9
2022-01-29,,23,9,0.00,,7.1
2022-01-30,,33,14,0.00,,5.1
2022-01-31,,35,28,0.00,,5.1
2022-02-01,,49,33,0.11,,3.9
2022-02-02,,33,19,0.13,,3.9
2022-02-03,,27,19,0.00,,7.9
2022-02-04,,26,12,0.00,,7.1
2022-02-05,,19,6,0.00,,5.9
2022-02-06,,33,18,0.00,,5.9
2022-02-07,,32,18,0.00,,5.1
2022-02-08,,41,18,0.00,,5.1
2022-02-09,,42,34,0.00,,3.9
2022-02-10,,36,28,0.00,,2.0
2022-02-11,,45,30,0.14,,2.0
2022-02-12,,31,15,0.00,,0.0
2022-02-13,,21,14,0.00,,0.0
2022-02-14,,27,15,0.00,,0.0
2022-02-15,,46,23,0.00,,0.0
2022-02-16,,54,43,1.10,,0.0
2022-02-17,,43,17,0.18,,0.0
2022-02-18,,32,8,0.00,,3.1
2022-02-19,,29,11,0.00,,1.2
2022-02-20,,49,18,0.00,,1.2
2022-02-21,,54,33,0.00,,0.0
2022-02-22,,54,25,1.05,,0.0
2022-02-23,,26,18,0.00,,0.0
2022-02-24,,29,24,0.02,,0.0
2022-02-25,,31,20,0.04,,3.1
2022-02-26,,33,15,0.00,,1.2
2022-02-27,,46,29,0.00,,1.2
2022-02-28,,55,29,0.00,,0.0
2022-03-01,,52,36,0.00,,0.0
2022-03-02,,60,34,0.00,,0.0
2022-03-03,,38,30,0.00,,0.0
2022-03-04,,43,30,0.00,,0.0
2022-03-05,,71,42,0.19,,0.0
2022-03-06,,61,37,0.09,,0.0
2022-03-07,,38,32,0.25,,1.2
2022-03-08,,42,28,0.00,,
2022-03-09,,44,30,0.00,,
2022-03-10,,33,26,0.01,,
2022-03-11,,33,18,0.00,,1.2
2022-03-12,,24,13,0.00,,
2022-03-13,,53,22,0.00,,
2022-03-14,,65,40,0.00,,
2022-03-15,,55,35,0.00,,
2022-03-16,,72,38,0.00,,
2022-03-17,,74,49,0.00,,
2022-03-18,,50,42,0.59,,
2022-03-19,,44,39,0.16,,
2022-03-20,,65,34,0.00,,
2022-03-21,,77,44,0.00,,
2022-03-22,,62,50,0.13,,
2022-03-23,,60,46,0.53,,
2022-03-24,,46,41,0.10,,
2022-03-25,,50,36,0.02,,
2022-03-26,,36,29,0.00,,
2022-03-27,,38,25,0.00,,
2022-03-28,,35,25,0.00,,
2022-03-29,,45,31,0.00,,
2022-03-30,,64,46,1.32,,
2022-03-31,,50,34,0.34,,
2022-04-01,,47,33,0.00,,
2022-04-02,,45,35,0.22,,
2022-04-03,,49,33,0.13,,
2022-04-04,,55,43,0.05,,
2022-04-05,,55,39,0.03,,
2022-04-06,,59,45,0.51,,
2022-04-07,,46,41,0.04,,
2022-04-08,,43,34,0.18,,
2022-04-09,,50,34,0.00,,
2022-04-10,,64,36,0.00,,
2022-04-11,,63,48,0.00,,
2022-04-12,,72,43,0.00,,
2022-04-13,,72,42,0.72,,
2022-04-14,,55,37,0.00,,
2022-04-15,,56,42,0.04,,
2022-04-16,,51,35,0.00,,
2022-04-17,,43,34,0.00,,
2022-04-18,,42,35,0.12,,
2022-04-19,,51,38,0.00,,
2022-04-20,,56,43,0.20,,
2022-04-21,,71,51,0.05,,
2022-04-22,,61,50,0.57,,
2022-04-23,,86,57,0.00,,
2022-04-24,,75,58,0.10,,
2022-04-25,,58,42,0.00,,
2022-04-26,,54,39,0.00,,
2022-04-27,,44,36,0.00,,
2022-04-28,,52,40,0.01,,0.0
2022-04-29,,70,51,0.02,,
2022-04-30,,73,52,0.60,,0.0
2022-05-01,,59,51,0.00,,
2022-05-02,,56,47,0.00,,
2022-05-03,,52,45,1.12,,
2022-05-04,,57,42,0.00,,
2022-05-05,,54,45,0.25,,
2022-05-06,,54,50,0.29,,
2022-05-07,,65,48,0.00,,
2022-05-08,,69,46,0.00,,
2022-05-09,,85,57,0.00,,
2022-05-10,,92,70,0.00,,
2022-05-11,,91,77,0.00,,
2022-05-12,,95,76,0.00,,
2022-05-13,,93,71,0.00,,
2022-05-14,,85,68,0.00,,
2022-05-15,,79,59,0.03,,
2022-05-16,,80,56,0.00,,
2022-05-17,,67,54,0.00,,
2022-05-18,,64,55,0.35,,
2022-05-19,,88,56,0.00,,
2022-05-20,,89,62,0.49,,
2022-05-21,,64,57,0.28,,
2022-05-22,,65,53,0.00,,
2022-05-23,,63,48,0.00,,
2022-05-24,,68,52,0.00,,
2022-05-25,,83,58,0.19,,
2022-05-26,,79,65,0.44,,
2022-05-27,,65,52,0.11,,
2022-05-28,,76,51,0.00,,
2022-05-29,,87,65,0.00,,
2022-05-30,,92,73,0.00,,
2022-05-31,,90,75,0.00,,
2022-06-01,,79,61,0.18,,
2022-06-02,,79,60,0.02,,
2022-06-03,,83,62,0.00,,
2022-06-04,,72,59,0.00,,
2022-06-05,,81,63,0.00,,
2022-06-06,,76,60,0.45,,
2022-06-07,,71,57,0.00,,
2022-06-08,,72,58,0.40,,
2022-06-09,,80,53,0.00,,
2022-06-10,,82,59,0.06,,
2022-06-11,,76,60,0.00,,
2022-06-12,,74,60,0.01,,
2022-06-13,,93,62,0.04,,
2022-06-14,,100,75,0.00,,
2022-06-15,,100,83,0.00,,
2022-06-16,,97,75,0.06,,
2022-06-17,,88,69,0.00,,
2022-06-18,,76,59,0.00,,
2022-06-19,,88,57,0.00,,
2022-06-20,,97,67,0.00,,
2022-06-21,,101,73,0.00,,
2022-06-22,,92,74,0.00,,
2022-06-23,,85,72,0.00,,
2022-06-24,,93,67,0.00,,
2022-06-25,,81,68,0.34,,
2022-06-26,,83,68,0.00,,
2022-06-27,,81,63,0.00,,
2022-06-28,,88,62,0.00,,
2022-06-29,,89,70,0.02,,
2022-06-30,,94,74,0.00,,
2022-07-01,,85,69,0.00,,
2022-07-02,,86,65,0.00,,
2022-07-03,,88,69,0.00,,
2022-07-04,,90,72,0.39,,
2022-07-05,,95,70,1.12,,
2022-07-06,,82,72,0.26,,
2022-07-07,,86,72,0.00,,
2022-07-08,,81,72,0.00,,
2022-07-09,,79,69,0.00,,
2022-07-10,,88,62,0.00,,
2022-07-11,,87,72,0.00,,
2022-07-12,,88,71,0.00,,
2022-07-13,,85,70,0.00,,
2022-07-14,,82,64,0.00,,
2022-07-15,,76,69,0.70,,
2022-07-16,,78,71,0.00,,
2022-07-17,,77,71,1.99,,
2022-07-18,,91,71,0.00,,
2022-07-19,,91,73,0.00,,
2022-07-20,,89,78,0.00,,
2022-07-21,,94,72,0.00,,
2022-07-22,,92,71,0.00,,
2022-07-23,,88,71,1.14,,
2022-07-24,,88,74,0.36,,
2022-07-25,,79,69,0.00,,
2022-07-26,,83,68,0.00,,
2022-07-27,,87,71,0.56,,
2022-07-28,,83,70,0.00,,
2022-07-29,,83,64,0.00,,
2022-07-30,,85,66,0.00,,
2022-07-31,,86,68,0.00,,
2022-08-01,,89,75,0.00,,
2022-08-02,,91,71,0.00,,
2022-08-03,,95,76,0.11,,
2022-08-04,,85,75,0.00,,
2022-08-05,,88,73,0.00,,
2022-08-06,,95,77,0.00,,
2022-08-07,,84,78,0.07,,
2022-08-08,,84,69,0.11,,
2022-08-09,,78,65,0.00,,
2022-08-10,,87,62,0.00,,
2022-08-11,,80,68,0.00,,
2022-08-12,,81,63,0.00,,
2022-08-13,,80,69,0.00,,
2022-08-14,,80,71,0.00,,
2022-08-15,,81,69,0.00,,
2022-08-16,,84,67,0.00,,
2022-08-17,,84,65,0.00,,
2022-08-18,,86,63,0.00,,
2022-08-19,,88,69,0.00,,
2022-08-20,,79,68,0.56,,
2022-08-21,,81,68,0.28,,
2022-08-22,,84,65,0.00,,
2022-08-23,,86,65,0.00,,
2022-08-24,,87,67,0.00,,
2022-08-25,,83,68,0.21,,
2022-08-26,,80,67,0.00,,
2022-08-27,,84,62,0.00,,
2022-08-28,,92,72,0.00,,
2022-08-29,,87,72,0.48,,
2022-08-30,,82,67,0.00,,
2022-08-31,,87,64,0.00,,
2022-09-01,,90,69,0.00,,
2022-09-02,,88,71,0.00,,
2022-09-03,,91,71,0.00,,
2022-09-04,,75,70,0.16,,
2022-09-05,,73,69,0.01,,
2022-09-06,,81,70,0.00,,
2022-09-07,,83,68,0.00,,
2022-09-08,,86,63,0.00,,
2022-09-09,,87,65,0.00,,
2022-09-10,,87,66,0.00,,
2022-09-11,,74,61,1.40,,
2022-09-12,,68,56,0.04,,
2022-09-13,,80,62,0.00,,
2022-09-14,,81,59,0.00,,
2022-09-15,,84,63,0.00,,
2022-09-16,,85,66,0.00,,
2022-09-17,,88,71,0.00,,
2022-09-18,,87,72,0.08,,
2022-09-19,,79,67,0.00,,
2022-09-20,,94,66,0.25,,
2022-09-21,,89,64,0.00,,
2022-09-22,,67,56,0.00,,
2022-09-23,,65,52,0.00,,
2022-09-24,,75,55,0.04,,
2022-09-25,,69,58,0.08,,
2022-09-26,,65,53,0.00,,
2022-09-27,,63,48,0.00,,
2022-09-28,,63,49,0.00,,
2022-09-29,,64,46,0.00,,
2022-09-30,,67,49,0.00,,
2022-10-01,,70,52,0.00,,
2022-10-02,,69,58,0.00,,
2022-10-03,,69,50,0.00,,
2022-10-04,,76,47,0.00,,
2022-10-05,,78,51,0.00,,
2022-10-06,,77,54,0.10,,
2022-10-07,,58,42,0.00,,
2022-10-08,,60,38,0.00,,
2022-10-09,,71,46,0.00,,
2022-10-10,,76,50,0.00,,
2022-10-11,,71,54,0.52,,
2022-10-12,,65,51,0.43,,
2022-10-13,,59,41,0.00,,
2022-10-14,,63,40,0.09,,
2022-10-15,,55,37,0.00,,
2022-10-16,,57,42,0.00,,
2022-10-17,,45,39,0.00,,
2022-10-18,,50,37,0.00,,
2022-10-19,,50,35,0.00,,
2022-10-20,,63,34,0.00,,
2022-10-21,,78,45,0.00,,
2022-10-22,,82,58,0.00,,
2022-10-23,,81,64,0.00,,
2022-10-24,,79,64,0.02,,
2022-10-25,,71,49,0.87,,
2022-10-26,,57,43,0.03,,
2022-10-27,,54,41,0.00,,
2022-10-28,,61,46,0.00,,
2022-10-29,,67,43,0.00,,
2022-10-30,,67,49,0.05,,
2022-10-31,,61,52,0.01,,
2022-11-01,,70,46,0.00,,0.0
2022-11-02,,74,49,0.00,,0.0
2022-11-03,,75,55,0.00,,0.0
2022-11-04,,76,62,0.17,,0.0
2022-11-05,,71,47,0.32,,0.0
2022-11-06,,64,47,0.00,,0.0
2022-11-07,,58,42,0.00,,0.0
2022-11-08,,54,44,0.00,,0.0
2022-11-09,,70,48,0.00,,0.0
2022-11-10,,76,59,0.00,,0.0
2022-11-11,,60,33,0.00,,0.0
2022-11-12,,37,33,0.00,,0.0
2022-11-13,,36,30,0.00,,0.0
2022-11-14,,41,28,0.00,,0.0
2022-11-15,,37,32,0.08,,0.0
2022-11-16,,35,31,0.02,,0.0
2022-11-17,,34,29,0.00,,0.0
2022-11-18,,30,21,0.02,,1.2
2022-11-19,,27,16,0.00,,0.0
2022-11-20,,33,13,0.00,,0.0
2022-11-21,,47,29,0.00,,0.0
2022-11-22,,52,28,0.00,,0.0
2022-11-23,,59,33,0.00,,0.0
2022-11-24,,53,38,0.00,,0.0
2022-11-25,,52,33,0.00,,0.0
2022-11-26,,56,33,0.00,,0.0
2022-11-27,,46,35,0.16,,0.0
2022-11-28,,46,31,0.00,,0.0
2022-11-29,,59,35,0.22,,0.0
2022-11-30,,35,20,0.00,,0.0
2022-12-01,,37,18,0.00,,0.0
2022-12-02,,52,36,0.00,,0.0
2022-12-03,,52,21,0.00,,0.0
2022-12-04,,40,18,0.00,,0.0
2022-12-05,,44,28,0.00,,0.0
2022-12-06,,44,36,0.00,,0.0
2022-12-07,,43,38,0.00,,0.0
2022-12-08,,42,35,0.00,,0.0
2022-12-09,,38,35,0.41,,0.0
2022-12-10,,39,37,0.00,,0.0
2022-12-11,,40,37,0.00,,0.0
2022-12-12,,42,37,0.00,,0.0
2022-12-13,,38,34,0.02,,0.0
2022-12-14,,44,37,1.04,,0.0
2022-12-15,,38,31,0.14,,0.0
2022-12-16,,31,26,0.01,,0.0
2022-12-17,,26,20,0.00,,0.0
2022-12-18,,21,14,0.00,,0.0
2022-12-19,,26,10,0.00,,0.0
2022-12-20,,33,22,0.00,,0.0
2022-12-21,,32,17,0.00,,0.0
2022-12-22,,34,-6,0.05,,0.0
2022-12-23,,-1,-9,0.00,,1.2
2022-12-24,,13,-1,0.00,,1.2
2022-12-25,,14,2,0.00,,1.2
2022-12-26,,22,12,0.00,,1.2
2022-12-27,,26,8,0.00,,1.2
2022-12-28,,45,25,0.00,,1.2
2022-12-29,,57,44,0.00,,0.0
2022-12-30,,57,31,0.00,,
2022-12-31,,39,27,0.00,,
2023-01-01,,45,37,0.14,,0.0
2023-01-02,,44,32,0.00,,0.0
2023-01-03,,49,40,0.98,,0.0
2023-01-04,,45,33,0.01,,0.0
2023-01-05,,34,31,0.00,,0.0
2023-01-06,,33,25,0.00,,0.0
2023-01-07,,33,28,0.00,,0.0
2023-01-08,,35,26,0.00,,0.0
2023-01-09,,44,25,0.00,,0.0
2023-01-10,,49,36,0.00,,0.0
2023-01-11,,53,38,0.00,,0.0
2023-01-12,,45,35,0.00,,0.0
2023-01-13,,35,27,0.00,,0.0
2023-01-14,,31,24,0.00,,0.0
2023-01-15,,43,26,0.00,,0.0
2023-01-16,,52,40,0.15,,0.0
2023-01-17,,50,37,0.00,,0.0
2023-01-18,,39,36,0.25,,0.0
2023-01-19,,42,34,0.10,,0.0
2023-01-20,,35,30,0.00,,0.0
2023-01-21,,32,28,0.00,,0.0
2023-01-22,,34,29,0.02,,
2023-01-23,,32,22,0.00,,
2023-01-24,,37,28,0.00,,
2023-01-25,,35,31,0.21,,2.0
2023-01-26,,32,15,0.01,,1.2
2023-01-27,,37,14,0.03,,1.2
2023-01-28,,31,20,0.03,,1.2
2023-01-29,,31,18,0.01,,1.2
2023-01-30,,19,6,0.00,,2.0
2023-01-31,,14,3,0.00,,1.2
2023-02-01,,28,6,0.00,,1.2
2023-02-02,,34,12,0.00,,1.2
2023-02-03,,12,1,0.00,,1.2
2023-02-04,,43,12,0.00,,1.2
2023-02-05,,43,29,0.00,,0.0
2023-02-06,,47,23,0.00,,0.0
2023-02-07,,50,30,0.00,,0.0
2023-02-08,,43,25,0.00,,0.0
2023-02-09,,47,36,0.94,,0.0
2023-02-10,,40,26,0.00,,0.0
2023-02-11,,47,23,0.00,,0.0
2023-02-12,,52,28,0.00,,0.0
2023-02-13,,53,34,0.00,,0.0
2023-02-14,,54,36,0.09,,0.0
2023-02-15,,53,36,0.21,,0.0
2023-02-16,,36,25,0.27,,0.0
2023-02-17,,27,19,0.00,,1.2
2023-02-18,,46,24,0.00,,0.0
2023-02-19,,53,39,0.00,,0.0
2023-02-20,,46,30,0.00,,0.0
2023-02-21,,41,25,0.00,,0.0
2023-02-22,,36,34,1.02,,0.0
2023-02-23,,43,23,0.00,,0.0
2023-02-24,,28,18,0.01,,0.0
2023-02-25,,38,27,0.01,,1.2
2023-02-26,,50,28,0.00,,0.0
2023-02-27,,59,39,0.85,,0.0
2023-02-28,,51,37,0.01,,0.0
2023-03-01,,57,37,0.04,,0.0
2023-03-02,,38,34,0.00,,0.0
2023-03-03,,39,32,0.00,,0.0
2023-03-04,,50,28,0.01,,0.0
2023-03-05,,49,30,0.02,,0.0
2023-03-06,,56,38,0.11,,0.0
2023-03-07,,44,36,0.00,,0.0
2023-03-08,,46,36,0.00,,0.0
2023-03-09,,41,33,0.16,,0.0
2023-03-10,,37,33,0.08,,0.0
2023-03-11,,39,33,0.17,,0.0
2023-03-12,,37,30,0.05,,1.2
2023-03-13,,33,26,0.00,,0.0
2023-03-14,,37,22,0.00,,0.0
2023-03-15,,50,25,0.00,,0.0
2023-03-16,,52,42,0.17,,0.0
2023-03-17,,52,23,0.06,,0.0
2023-03-18,,26,13,0.00,,0.0
2023-03-19,,41,19,0.00,,0.0
2023-03-20,,52,28,0.00,,0.0
2023-03-21,,56,37,0.00,,0.0
2023-03-22,,53,41,0.10,,0.0
2023-03-23,,49,37,0.31,,0.0
2023-03-24,,45,37,0.02,,0.0
2023-03-25,,45,35,0.37,,0.0
2023-03-26,,48,34,0.14,,0.0
2023-03-27,,47,32,0.00,,0.0
2023-03-28,,52,30,0.00,,0.0
2023-03-29,,43,30,0.00,,0.0
2023-03-30,,58,27,0.00,,
2023-03-31,,70,50,0.23,,
2023-04-01,,50,35,0.06,,
2023-04-02,,56,32,0.00,,
2023-04-03,,61,45,0.08,,
2023-04-04,,72,45,0.37,,
2023-04-05,,73,39,0.12,,
2023-04-06,,54,33,0.00,,
2023-04-07,,49,38,0.00,,
2023-04-08,,64,38,0.00,,
2023-04-09,,68,44,0.00,,
2023-04-10,,71,48,0.00,,
2023-04-11,,80,52,0.00,,
2023-04-12,,83,59,0.00,,
2023-04-13,,84,56,0.00,,
2023-04-14,,84,56,0.00,,
2023-04-15,,83,64,0.09,,
2023-04-16,,64,35,0.15,,
2023-04-17,,40,32,0.01,,
2023-04-18,,59,33,0.00,,
2023-04-19,,72,44,0.08,,
2023-04-20,,81,49,0.10,,
2023-04-21,,63,45,0.00,,
2023-04-22,,47,38,0.03,,
2023-04-23,,42,36,0.00,,
2023-04-24,,54,35,0.01,,
2023-04-25,,48,34,0.18,,
2023-04-26,,50,34,0.00,,
2023-04-27,,67,38,0.00,,
2023-04-28,,61,47,0.00,,
2023-04-29,,59,42,0.11,,
2023-04-30,,50,40,0.16,,
2023-05-01,,50,41,0.05,,
2023-05-02,,55,43,0.00,,
2023-05-03,,57,41,0.00,,
2023-05-04,,73,41,0.00,,
2023-05-05,,79,56,0.00,,
2023-05-06,,79,60,0.03,,
2023-05-07,,85,60,0.05,,
2023-05-08,,68,51,0.08,,
2023-05-09,,70,49,0.00,,
2023-05-10,,80,51,0.00,,
2023-05-11,,83,57,0.00,,
2023-05-12,,76,60,0.31,,
2023-05-13,,68,57,0.00,,
2023-05-14,,65,55,0.01,,
2023-05-15,,68,53,0.00,,
2023-05-16,,81,51,0.00,,
2023-05-17,,63,47,0.00,,
2023-05-18,,75,47,0.00,,
2023-05-19,,75,54,0.06,,
2023-05-20,,70,50,0.00,,
2023-05-21,,80,54,0.00,,
2023-05-22,,82,55,0.00,,
2023-05-23,,85,59,0.00,,
2023-05-24,,70,54,0.00,,
2023-05-25,,62,50,0.00,,
2023-05-26,,70,50,0.00,,
2023-05-27,,74,48,0.00,,
2023-05-28,,79,56,0.00,,
2023-05-29,,83,55,0.00,,
2023-05-30,,89,62,0.00,,
2023-05-31,,91,70,0.00,,
2023-06-01,,91,69,0.00,,
2023-06-02,,91,69,0.00,,
2023-06-03,,89,68,0.00,,
2023-06-04,,78,62,0.00,,
2023-06-05,,85,58,0.00,,
2023-06-06,,80,62,0.02,,
2023-06-07,,75,59,0.00,,
2023-06-08,,74,56,0.00,,
2023-06-09,,79,54,0.00,,
2023-06-10,,87,61,0.00,,
2023-06-11,,67,53,0.05,,
2023-06-12,,70,52,0.00,,
2023-06-13,,67,56,0.51,,
2023-06-14,,73,59,0.00,,
2023-06-15,,83,54,0.00,,
2023-06-16,,68,54,0.00,,
2023-06-17,,79,52,0.00,,
2023-06-18,,86,62,0.00,,
2023-06-19,,86,65,0.00,,
2023-06-20,,84,62,0.00,,
2023-06-21,,88,67,0.00,,
2023-06-22,,85,69,0.00,,
2023-06-23,,85,69,0.00,,
2023-06-24,,92,66,0.00,,
2023-06-25,,87,67,1.50,,
2023-06-26,,76,69,0.00,,
2023-06-27,,76,64,0.00,,
2023-06-28,,84,59,0.00,,
2023-06-29,,87,73,0.00,,
2023-06-30,,90,70,0.00,,
2023-07-01,,86,73,0.00,,
2023-07-02,,75,66,4.68,,
2023-07-03,,86,63,0.00,,
2023-07-04,,92,69,0.00,,
2023-07-05,,92,71,1.76,,
2023-07-06,,80,68,0.00,,
2023-07-07,,81,65,0.00,,
2023-07-08,,75,63,0.25,,
2023-07-09,,85,60,0.00,,
2023-07-10,,85,65,0.00,,
2023-07-11,,88,69,1.04,,
2023-07-12,,80,63,1.38,,
2023-07-13,,78,64,0.00,,
2023-07-14,,90,69,0.21,,
2023-07-15,,84,70,0.48,,
2023-07-16,,82,67,0.00,,
2023-07-17,,80,66,0.00,,
2023-07-18,,78,62,0.00,,
2023-07-19,,85,62,0.00,,
2023-07-20,,88,71,0.00,,
2023-07-21,,81,68,0.00,,
2023-07-22,,86,64,0.02,,
2023-07-23,,85,65,0.15,,
2023-07-24,,87,69,0.00,,
2023-07-25,,90,69,0.00,,
2023-07-26,,91,76,0.16,,
2023-07-27,,91,75,0.00,,
2023-07-28,,93,71,1.14,,
2023-07-29,,83,70,0.01,,
2023-07-30,,80,67,0.00,,
2023-07-31,,82,64,0.00,,
2023-08-01,,85,69,0.00,,
2023-08-02,,85,69,0.00,,
2023-08-03,,90,66,0.00,,
2023-08-04,,85,72,0.00,,
2023-08-05,,76,67,0.22,,
2023-08-06,,72,66,0.14,,
2023-08-07,,80,67,0.00,,
2023-08-08,,85,64,0.00,,
2023-08-09,,79,66,0.00,,
2023-08-10,,85,65,0.00,,
2023-08-11,,85,71,0.02,,
2023-08-12,,87,72,0.00,,
2023-08-13,,81,67,0.00,,
2023-08-14,,76,64,1.96,,
2023-08-15,,78,63,0.06,,
2023-08-16,,81,58,0.00,,
2023-08-17,,81,62,0.32,,
2023-08-18,,79,58,0.00,,
2023-08-19,,83,63,0.00,,
2023-08-20,,91,72,0.00,,
2023-08-21,,83,71,0.00,,
2023-08-22,,88,70,0.00,,
2023-08-23,,98,75,0.00,,
2023-08-24,,100,74,0.00,,
2023-08-25,,82,71,0.00,,
2023-08-26,,76,65,0.00,,
2023-08-27,,75,66,0.00,,
2023-08-28,,78,60,0.00,,
2023-08-29,,86,63,0.00,,
2023-08-30,,71,57,0.00,,
2023-08-31,,76,54,0.00,,
2023-09-01,,83,60,0.00,,
2023-09-02,,88,64,0.00,,
2023-09-03,,93,68,0.00,,
2023-09-04,,93,71,0.00,,
2023-09-05,,92,76,0.00,,
2023-09-06,,81,67,0.18,,
2023-09-07,,71,64,0.01,,
2023-09-08,,69,60,0.03,,
2023-09-09,,75,56,0.00,,
2023-09-10,,80,55,0.00,,
2023-09-11,,71,60,1.30,,
2023-09-12,,71,56,0.00,,
2023-09-13,,71,54,0.00,,
2023-09-14,,71,51,0.00,,
2023-09-15,,77,54,0.00,,
2023-09-16,,72,60,0.01,,
2023-09-17,,69,55,1.20,,
2023-09-18,,71,53,0.00,,
2023-09-19,,67,58,0.20,,
2023-09-20,,80,61,0.00,,
2023-09-21,,76,66,0.03,,
2023-09-22,,78,65,0.01,,
2023-09-23,,78,64,0.00,,
2023-09-24,,77,59,0.00,,
2023-09-25,,76,63,0.07,,
2023-09-26,,74,64,0.55,,
2023-09-27,,70,63,0.01,,
2023-09-28,,70,61,0.00,,
2023-09-29,,76,57,0.00,,
2023-09-30,,83,59,0.00,,
2023-10-01,,85,63,0.00,,
2023-10-02,,85,63,0.00,,
2023-10-03,,87,65,0.00,,
2023-10-04,,85,69,0.01,,
2023-10-05,,71,60,0.41,,
2023-10-06,,61,45,0.03,,
2023-10-07,,59,45,0.00,,
2023-10-08,,56,45,0.00,,
2023-10-09,,59,43,0.00,,
2023-10-10,,63,40,0.00,,
2023-10-11,,67,41,0.30,,
2023-10-12,,63,53,0.38,,
2023-10-13,,59,54,0.46,,
2023-10-14,,56,50,0.46,,
2023-10-15,,59,46,0.00,,
2023-10-16,,54,43,0.00,,
2023-10-17,,63,40,0.00,,
2023-10-18,,67,46,0.12,,
2023-10-19,,58,54,0.09,,
2023-10-20,,60,47,0.00,,
2023-10-21,,65,45,0.00,,
2023-10-22,,59,42,0.00,,
2023-10-23,,67,45,0.00,,
2023-10-24,,82,58,0.00,,
2023-10-25,,67,60,0.11,,
2023-10-26,,72,64,0.22,,
2023-10-27,,71,46,0.06,,
2023-10-28,,50,40,0.06,,
2023-10-29,,49,39,0.04,,
2023-10-30,,44,31,0.00,,
2023-10-31,,37,29,0.00,,
2023-11-01,,41,27,0.00,,
2023-11-02,,55,34,0.00,,
2023-11-03,,58,44,0.00,,
2023-11-04,,59,42,0.00,,
2023-11-05,,61,36,0.00,,
2023-11-06,,71,54,0.00,,
2023-11-07,,57,46,0.00,,
2023-11-08,,61,48,0.02,,
2023-11-09,,57,42,0.00,,
2023-11-10,,48,35,0.00,,
2023-11-11,,52,31,0.00,,
2023-11-12,,58,42,0.00,,
2023-11-13,,64,39,0.00,,
2023-11-14,,63,36,0.00,,
2023-11-15,,67,43,0.00,,
2023-11-16,,67,47,0.00,,
2023-11-17,,63,36,0.00,,
2023-11-18,,53,32,0.00,,
2023-11-19,,54,36,0.00,,
2023-11-20,,50,43,0.25,,
2023-11-21,,46,37,0.67,,
2023-11-22,,47,33,0.00,,
2023-11-23,,48,34,0.00,,
2023-11-24,,37,29,0.00,,
2023-11-25,,39,29,0.00,,
2023-11-26,,35,29,0.06,,
2023-11-27,,30,19,0.00,,
2023-11-28,,26,16,0.00,,
2023-11-29,,42,21,0.00,,
2023-11-30,,55,32,0.00,,
2023-12-01,,46,43,0.72,,
2023-12-02,,46,41,0.00,,
2023-12-03,,42,38,0.26,,
2023-12-04,,42,34,0.00,,
2023-12-05,,42,33,0.08,,
2023-12-06,,41,32,0.00,,
2023-12-07,,53,37,0.00,,
2023-12-08,,56,45,0.00,,
2023-12-09,,57,36,0.15,,
2023-12-10,,36,32,0.00,,
2023-12-11,,37,29,0.00,,
2023-12-12,,40,28,0.00,,
2023-12-13,,42,23,0.00,,
2023-12-14,,52,31,0.00,,
2023-12-15,,54,36,0.00,,
2023-12-16,,49,42,0.48,,
2023-12-17,,45,37,0.00,,
2023-12-18,,37,22,0.00,,
2023-12-19,,34,18,0.00,,
2023-12-20,,43,31,0.00,,
2023-12-21,,50,35,0.00,,
2023-12-22,,47,44,0.47,,
2023-12-23,,51,45,0.00,,
2023-12-24,,56,50,0.00,,
2023-12-25,,60,51,0.30,,
2023-12-26,,51,33,0.01,,
2023-12-27,,44,31,0.00,,
2023-12-28,,44,38,0.13,,
2023-12-29,,44,32,0.07,,
2023-12-30,,39,29,0.00,,
2023-12-31,,38,32,0.00,,
2024-01-01,,34,29,0.00,,0.0
2024-01-02,,41,28,0.00,,0.0
2024-01-03,,37,32,0.00,,0.0
2024-01-04,,38,28,0.00,,0.0
2024-01-05,,37,28,0.01,,0.0
2024-01-06,,35,31,0.08,,1.2
2024-01-07,,35,33,0.00,,1.2
2024-01-08,,38,32,0.06,,1.2
2024-01-09,,37,34,0.80,,1.2
2024-01-10,,35,31,0.00,,1.2
2024-01-11,,35,28,0.00,,1.2
2024-01-12,,38,31,0.46,,1.2
2024-01-13,,34,2,0.00,,2.0
2024-01-14,,2,-9,0.00,,2.0
2024-01-15,,4,-9,0.00,,2.0
2024-01-16,,5,-5,0.00,,1.2
2024-01-17,,23,4,0.00,,1.2
2024-01-18,,28,13,0.01,,2.0
2024-01-19,,16,6,0.00,,3.1
2024-01-20,,20,5,0.00,,2.0
2024-01-21,,22,2,0.00,,2.0
2024-01-22,,35,22,0.01,,2.0
2024-01-23,,38,34,0.25,,2.0
2024-01-24,,40,34,0.14,,1.2
2024-01-25,,42,38,0.22,,0.0
2024-01-26,,42,39,0.17,,0.0
2024-01-27,,42,38,0.03,,0.0
2024-01-28,,41,35,0.03,,0.0
2024-01-29,,40,31,0.00,,0.0
2024-01-30,,42,37,0.02,,0.0
2024-01-31,,40,37,0.00,,0.0
2024-02-01,,56,36,0.00,,0.0
2024-02-02,,43,33,0.00,,0.0
2024-02-03,,40,31,0.00,,0.0
2024-02-04,,47,32,0.00,,0.0
2024-02-05,,44,33,0.00,,0.0
2024-02-06,,43,33,0.00,,0.0
2024-02-07,,48,30,0.00,,0.0
2024-02-08,,60,47,0.14,,0.0
2024-02-09,,58,38,0.00,,0.0
2024-02-10,,43,33,0.00,,0.0
2024-02-11,,43,29,0.00,,0.0
2024-02-12,,46,25,0.00,,0.0
2024-02-13,,42,30,0.00,,0.0
2024-02-14,,48,27,0.00,,0.0
2024-02-15,,46,32,0.06,,0.0
2024-02-16,,33,22,0.00,,0.0
2024-02-17,,30,14,0.00,,0.0
2024-02-18,,47,24,0.00,,0.0
2024-02-19,,52,26,0.00,,0.0
2024-02-20,,58,32,0.00,,0.0
2024-02-21,,68,46,0.00,,0.0
2024-02-22,,61,46,0.00,,0.0
2024-02-23,,52,29,0.15,,0.0
2024-02-24,,36,24,0.00,,3.1
2024-02-25,,62,32,0.00,,0.0
2024-02-26,,72,42,0.00,,0.0
2024-02-27,,74,53,0.32,,0.0
2024-02-28,,53,23,0.02,,0.0
2024-02-29,,46,20,0.00,,0.0
2024-03-01,,47,32,0.00,,
2024-03-02,,60,37,0.00,,
2024-03-03,,74,45,0.00,,
2024-03-04,,72,45,0.35,,
2024-03-05,,45,40,0.78,,
2024-03-06,,50,40,0.00,,
2024-03-07,,50,39,0.00,,
2024-03-08,,47,41,0.75,,
2024-03-09,,47,34,0.00,,
2024-03-10,,49,31,0.00,,
2024-03-11,,68,33,0.00,,
2024-03-12,,72,48,0.00,,
2024-03-13,,69,48,0.03,,
2024-03-14,,67,42,0.65,,
2024-03-15,,52,38,0.00,,
2024-03-16,,60,40,0.00,,
2024-03-17,,43,31,0.00,,
2024-03-18,,37,26,0.00,,
2024-03-19,,59,30,0.00,,
2024-03-20,,45,31,0.00,,
2024-03-21,,41,28,0.00,,
2024-03-22,,40,31,0.13,,
2024-03-23,,40,32,0.00,,
2024-03-24,,50,33,0.00,,
2024-03-25,,66,47,0.40,,
2024-03-26,,58,34,0.05,,
2024-03-27,,44,30,0.00,,
2024-03-28,,52,31,0.00,,
2024-03-29,,53,36,0.10,,
2024-03-30,,64,41,0.41,,
2024-03-31,,51,40,0.35,,
2024-04-01,,51,44,0.43,,
2024-04-02,,62,37,0.16,,
2024-04-03,,40,35,0.23,,
2024-04-04,,43,38,0.05,,
2024-04-05,,50,37,0.00,,
2024-04-06,,53,33,0.00,,
2024-04-07,,52,40,0.42,,
2024-04-08,,73,48,0.00,,
2024-04-09,,64,50,0.00,,
2024-04-10,,68,44,0.00,,
2024-04-11,,58,50,0.05,,
2024-04-12,,65,46,0.08,,
2024-04-13,,71,43,0.00,,
2024-04-14,,81,58,0.00,,
2024-04-15,,74,50,0.00,,
2024-04-16,,81,53,0.03,,
2024-04-17,,70,54,0.02,,
2024-04-18,,60,47,0.07,,
2024-04-19,,58,43,0.00,,
2024-04-20,,49,36,0.00,,
2024-04-21,,59,35,0.00,,
2024-04-22,,68,42,0.00,,
2024-04-23,,64,43,0.00,,
2024-04-24,,47,37,0.00,,
2024-04-25,,57,34,0.00,,
2024-04-26,,64,45,0.35,,
2024-04-27,,79,60,0.06,,
2024-04-28,,77,62,1.25,,
2024-04-29,,70,54,1.28,,
2024-04-30,,75,50,0.00,,
2024-05-01,,78,60,0.00,,
2024-05-02,,82,57,1.01,,
2024-05-03,,68,53,0.09,,
2024-05-04,,82,51,0.20,,
2024-05-05,,65,52,0.00,,
2024-05-06,,71,50,0.00,,
2024-05-07,,77,60,1.08,,
2024-05-08,,78,54,0.00,,
2024-05-09,,65,51,0.54,,
2024-05-10,,69,48,0.04,,
2024-05-11,,71,52,0.00,,
2024-05-12,,84,51,0.00,,
2024-05-13,,82,62,0.20,,
2024-05-14,,64,53,0.00,,
2024-05-15,,70,54,0.00,,
2024-05-16,,76,52,0.19,,
2024-05-17,,81,60,0.00,,
2024-05-18,,87,61,0.00,,
2024-05-19,,77,63,0.00,,
2024-05-20,,85,63,0.15,,
2024-05-21,,91,63,0.00,,
2024-05-22,,81,64,0.00,,
2024-05-23,,80,57,0.00,,
2024-05-24,,79,66,0.22,,
2024-05-25,,74,59,0.00,,
2024-05-26,,75,59,0.68,,
2024-05-27,,75,59,0.00,,
2024-05-28,,73,56,0.11,,
2024-05-29,,71,53,0.01,,
2024-05-30,,71,49,0.00,,
2024-05-31,,81,54,0.00,,
2024-06-01,,69,61,0.58,,
2024-06-02,,76,60,0.00,,
2024-06-03,,89,61,0.00,,
2024-06-04,,87,71,0.21,,
2024-06-05,,81,69,0.33,,
2024-06-06,,80,65,0.00,,
2024-06-07,,80,60,0.00,,
2024-06-08,,80,56,0.16,,
2024-06-09,,82,55,0.00,,
2024-06-10,,69,55,0.00,,
2024-06-11,,79,50,0.00,,
2024-06-12,,92,68,0.00,,
2024-06-13,,91,73,0.07,,
2024-06-14,,87,65,0.00,,
2024-06-15,,86,62,0.00,,
2024-06-16,,96,71,0.00,,
2024-06-17,,97,79,0.00,,
2024-06-18,,95,79,0.00,,
2024-06-19,,95,78,0.00,,
2024-06-20,,86,67,0.02,,
2024-06-21,,95,68,0.00,,
2024-06-22,,95,73,1.48,,
2024-06-23,,83,71,0.07,,
2024-06-24,,88,67,0.00,,
2024-06-25,,85,73,0.34,,
2024-06-26,,87,66,0.00,,
2024-06-27,,73,63,0.00,,
2024-06-28,,76,67,0.18,,
2024-06-29,,89,73,0.00,,
2024-06-30,,73,61,0.00,,
2024-07-01,,74,60,0.00,,
2024-07-02,,86,67,0.01,,
2024-07-03,,90,75,0.00,,
2024-07-04,,84,72,0.00,,
2024-07-05,,85,70,0.00,,
2024-07-06,,81,65,0.00,,
2024-07-07,,89,67,0.35,,
2024-07-08,,87,71,0.01,,
2024-07-09,,80,69,0.89,,
2024-07-10,,84,67,0.28,,
2024-07-11,,81,69,0.01,,
2024-07-12,,85,67,0.00,,
2024-07-13,,92,68,1.51,,
2024-07-14,,89,69,1.86,,
2024-07-15,,91,70,0.32,,
2024-07-16,,87,70,0.00,,
2024-07-17,,84,69,0.00,,
2024-07-18,,75,65,0.00,,
2024-07-19,,80,61,0.00,,
2024-07-20,,81,64,0.00,,
2024-07-21,,84,67,0.00,,
2024-07-22,,84,67,0.00,,
2024-07-23,,86,67,0.77,,
2024-07-24,,77,67,0.01,,
2024-07-25,,78,66,0.00,,
2024-07-26,,81,61,0.00,,
2024-07-27,,86,67,0.00,,
2024-07-28,,83,70,0.22,,
2024-07-29,,85,73,0.07,,
2024-07-30,,92,71,0.00,,
2024-07-31,,92,73,0.00,,
2024-08-01,,89,70,0.93,,
2024-08-02,,87,70,0.01,,
2024-08-03,,91,72,0.00,,
2024-08-04,,90,72,0.00,,
2024-08-05,,92,75,0.00,,
2024-08-06,,79,70,0.00,,
2024-08-07,,78,69,0.00,,
2024-08-08,,85,64,0.00,,
2024-08-09,,74,61,0.00,,
2024-08-10,,76,57,0.00,,
2024-08-11,,80,59,0.00,,
2024-08-12,,81,61,0.00,,
2024-08-13,,86,64,0.00,,
2024-08-14,,86,66,0.00,,
2024-08-15,,77,69,0.18,,
2024-08-16,,88,68,1.27,,
2024-08-17,,83,70,0.46,,
2024-08-18,,79,68,0.01,,
2024-08-19,,77,64,0.00,,
2024-08-20,,73,60,0.00,,
2024-08-21,,76,57,0.00,,
2024-08-22,,80,56,0.00,,
2024-08-23,,82,61,0.00,,
2024-08-24,,91,64,0.00,,
2024-08-25,,92,74,0.00,,
2024-08-26,,95,77,0.00,,
2024-08-27,,99,75,0.57,,
2024-08-28,,87,73,0.28,,
2024-08-29,,85,73,0.00,,
2024-08-30,,87,72,0.03,,
2024-08-31,,85,63,0.00,,
2024-09-01,,77,64,0.00,,
2024-09-02,,75,61,0.00,,
2024-09-03,,78,60,0.00,,
2024-09-04,,84,60,0.00,,
2024-09-05,,87,66,0.00,,
2024-09-06,,73,60,0.00,,
2024-09-07,,67,51,0.00,,
2024-09-08,,73,49,0.00,,
2024-09-09,,82,57,0.00,,
2024-09-10,,83,58,0.00,,
2024-09-11,,88,59,0.00,,
2024-09-12,,87,65,0.00,,
2024-09-13,,85,68,0.00,,
2024-09-14,,87,69,0.00,,
2024-09-15,,89,69,0.00,,
2024-09-16,,90,67,0.00,,
2024-09-17,,85,62,0.00,,
2024-09-18,,89,64,0.00,,
2024-09-19,,90,63,0.00,,
2024-09-20,,92,71,0.02,,
2024-09-21,,93,65,0.00,,
2024-09-22,,77,65,0.80,,
2024-09-23,,68,63,0.01,,
2024-09-24,,68,63,0.95,,
2024-09-25,,78,58,0.00,,
2024-09-26,,77,57,0.00,,
2024-09-27,,73,68,0.00,,
2024-09-28,,73,66,0.11,,
2024-09-29,,74,69,0.00,,
2024-09-30,,78,64,0.00,,
2024-10-01,,71,56,0.00,,
2024-10-02,,72,49,0.00,,
2024-10-03,,80,53,0.00,,
2024-10-04,,72,61,0.08,,
2024-10-05,,86,60,0.00,,
2024-10-06,,75,55,0.00,,
2024-10-07,,69,50,0.00,,
2024-10-08,,74,50,0.00,,
2024-10-09,,70,53,0.00,,
2024-10-10,,72,55,0.00,,
2024-10-11,,84,54,0.00,,
2024-10-12,,70,59,0.00,,
2024-10-13,,68,50,0.00,,
2024-10-14,,58,44,0.06,,
2024-10-15,,49,43,0.37,,
2024-10-16,,58,38,0.00,,
2024-10-17,,65,38,0.00,,
2024-10-18,,69,45,0.00,,
2024-10-19,,72,44,0.00,,
2024-10-20,,79,49,0.00,,
2024-10-21,,82,53,0.00,,
2024-10-22,,75,55,0.00,,
2024-10-23,,65,46,0.00,,
2024-10-24,,65,42,0.09,,
2024-10-25,,68,48,0.61,,
2024-10-26,,59,45,0.00,,
2024-10-27,,59,40,0.00,,
2024-10-28,,68,45,0.00,,
2024-10-29,,83,68,0.00,,
2024-10-30,,81,69,0.00,,
2024-10-31,,72,44,0.01,,
2024-11-01,,54,39,0.00,,0.0
2024-11-02,,59,41,0.00,,0.0
2024-11-03,,65,50,0.03,,0.0
2024-11-04,,69,64,0.37,,0.0
2024-11-05,,68,61,0.96,,0.0
2024-11-06,,61,51,0.00,,0.0
2024-11-07,,60,45,0.00,,0.0
2024-11-08,,64,43,0.00,,0.0
2024-11-09,,56,48,0.18,,0.0
2024-11-10,,64,50,0.04,,0.0
2024-11-11,,59,45,0.00,,0.0
2024-11-12,,50,42,0.00,,0.0
2024-11-13,,53,39,0.22,,0.0
2024-11-14,,55,49,0.18,,0.0
2024-11-15,,55,45,0.00,,0.0
2024-11-16,,53,44,0.00,,0.0
2024-11-17,,60,47,0.00,,0.0
2024-11-18,,62,51,0.45,,0.0
2024-11-19,,65,47,0.06,,0.0
2024-11-20,,50,34,0.03,,0.0
2024-11-21,,40,31,0.09,,0.0
2024-11-22,,48,36,0.00,,0.0
2024-11-23,,45,38,0.00,,0.0
2024-11-24,,54,38,0.00,,0.0
2024-11-25,,55,37,0.00,,0.0
2024-11-26,,40,27,0.00,,0.0
2024-11-27,,44,36,0.00,,0.0
2024-11-28,,39,28,0.00,,0.0
2024-11-29,,29,19,0.00,,0.0
2024-11-30,,26,15,0.00,,0.0
2024-12-01,,28,14,0.00,,0.0
2024-12-02,,28,14,0.00,,0.0
2024-12-03,,32,18,0.00,,0.0
2024-12-04,,40,18,0.00,,0.0
2024-12-05,,29,13,0.00,,0.0
2024-12-06,,33,15,0.00,,0.0
2024-12-07,,51,25,0.00,,0.0
2024-12-08,,57,40,0.00,,0.0
2024-12-09,,55,45,0.00,,0.0
2024-12-10,,45,31,0.00,,0.0
2024-12-11,,33,13,0.00,,0.0
2024-12-12,,16,5,0.00,,0.0
2024-12-13,,28,9,0.00,,0.0
2024-12-14,,41,26,0.23,,0.0
2024-12-15,,46,40,0.01,,0.0
2024-12-16,,54,37,0.02,,0.0
2024-12-17,,39,33,0.00,,0.0
2024-12-18,,37,27,0.00,,0.0
2024-12-19,,34,27,0.03,,0.0
2024-12-20,,36,24,0.03,,1.0
2024-12-21,,29,17,0.00,,0.0
2024-12-22,,34,17,0.00,,0.0
2024-12-23,,42,33,0.00,,0.0
2024-12-24,,39,35,0.00,,0.0
2024-12-25,,39,34,0.00,,0.0
2024-12-26,,49,39,0.02,,0.0
2024-12-27,,54,47,0.19,,0.0
2024-12-28,,53,45,0.01,,0.0
2024-12-29,,49,38,0.88,,0.0
2024-12-30,,42,34,0.00,,0.0
2024-12-31,,43,35,0.51,,0.0
2025-01-01,,36,25,0.00,,0.0
2025-01-02,,33,25,0.00,,0.0
2025-01-03,,27,19,0.00,,0.0
2025-01-04,,26,14,0.00,,0.0
2025-01-05,,30,17,0.01,,0.0
2025-01-06,,32,24,0.00,,0.0
2025-01-07,,28,17,0.00,,0.0
2025-01-08,,28,15,0.00,,0.0
2025-01-09,,29,15,0.00,,0.0
2025-01-10,,30,21,0.04,,0.0
2025-01-11,,33,27,0.00,,1.0
2025-01-12,,36,21,0.02,,1.0
2025-01-13,,21,10,0.00,,1.0
2025-01-14,,18,10,0.00,,0.0
2025-01-15,,20,5,0.00,,1.0
2025-01-16,,39,19,0.00,,1.0
2025-01-17,,46,27,0.00,,0.0
2025-01-18,,42,17,0.00,,0.0
2025-01-19,,17,2,0.00,,0.0
2025-01-20,,13,0,0.00,,0.0
2025-01-21,,2,-6,0.00,,0.0
2025-01-22,,26,0,0.01,,0.0
2025-01-23,,26,9,0.00,,0.0
2025-01-24,,24,4,0.00,,0.0
2025-01-25,,44,23,0.00,,0.0
2025-01-26,,33,19,0.00,,0.0
2025-01-27,,45,18,0.00,,0.0
2025-01-28,,49,28,0.00,,0.0
2025-01-29,,48,33,0.00,,0.0
2025-01-30,,49,29,0.27,,0.0
2025-01-31,,41,35,0.81,,0.0
2025-02-01,,35,31,0.00,,0.0
2025-02-02,,45,32,0.00,,0.0
2025-02-03,,48,34,0.00,,0.0
2025-02-04,,35,25,0.00,,0.0
2025-02-05,,32,27,0.00,,0.0
2025-02-06,,39,28,0.00,,0.0
2025-02-07,,33,21,0.00,,0.0
2025-02-08,,34,29,0.00,,0.0
2025-02-09,,33,23,0.00,,0.0
2025-02-10,,37,17,0.00,,0.0
2025-02-11,,30,25,0.00,,0.0
2025-02-12,,30,25,0.04,,0.0
2025-02-13,,28,7,0.00,,1.2
2025-02-14,,28,5,0.12,,1.2
2025-02-15,,35,28,0.00,,2.0
2025-02-16,,29,10,0.00,,2.0
2025-02-17,,12,2,0.00,,2.0
2025-02-18,,16,-2,0.00,,2.0
2025-02-19,,19,7,0.00,,1.2
2025-02-20,,25,5,0.00,,1.2
2025-02-21,,29,11,0.00,,0.0
2025-02-22,,35,15,0.00,,1.2
2025-02-23,,47,25,0.00,,1.2
2025-02-24,,57,38,0.00,,0.0
2025-02-25,,57,37,0.00,,0.0
2025-02-26,,51,37,0.04,,0.0
2025-02-27,,51,35,0.00,,0.0
2025-02-28,,60,34,0.00,,0.0
2025-03-01,,36,21,0.00,,0.0
2025-03-02,,38,18,0.00,,0.0
2025-03-03,,49,33,0.00,,0.0
2025-03-04,,49,44,0.73,,0.0
2025-03-05,,54,31,0.22,,0.0
2025-03-06,,43,29,0.00,,0.0
2025-03-07,,40,33,0.09,,0.0
2025-03-08,,51,31,0.00,,0.0
2025-03-09,,59,33,0.00,,0.0
2025-03-10,,70,41,0.00,,0.0
2025-03-11,,60,38,0.00,,0.0
2025-03-12,,53,38,0.00,,0.0
2025-03-13,,60,36,0.00,,0.0
2025-03-14,,80,50,0.20,,
2025-03-15,,67,43,0.33,,
2025-03-16,,44,29,0.16,,
2025-03-17,,54,27,0.00,,
2025-03-18,,73,46,0.00,,
2025-03-19,,50,37,0.64,,
2025-03-20,,45,32,0.16,,1.2
2025-03-21,,61,32,0.00,,
2025-03-22,,50,35,0.00,,
2025-03-23,,50,36,0.22,,
2025-03-24,,51,35,0.00,,
2025-03-25,,52,32,0.00,,
2025-03-26,,54,32,0.00,,
2025-03-27,,55,44,0.00,,
2025-03-28,,80,49,0.40,,
2025-03-29,,68,49,0.06,,
2025-03-30,,78,43,0.18,,
2025-03-31,,48,36,0.00,,
2025-04-01,,47,35,0.01,,
2025-04-02,,72,42,1.67,,
2025-04-03,,58,42,0.00,,
2025-04-04,,50,42,0.18,,
2025-04-05,,54,41,0.15,,
2025-04-06,,48,39,0.00,,
2025-04-07,,47,32,0.00,,
2025-04-08,,44,27,0.00,,
2025-04-09,,44,35,0.02,,
2025-04-10,,45,40,0.00,,
2025-04-11,,52,37,0.00,,
2025-04-12,,61,36,0.00,,
2025-04-13,,66,53,0.00,,
2025-04-14,,66,50,0.00,,
2025-04-15,,58,40,0.01,,
2025-04-16,,50,36,0.00,,
2025-04-17,,66,42,0.06,,
2025-04-18,,78,62,0.29,,
2025-04-19,,62,45,0.00,,
2025-04-20,,64,49,0.26,,
2025-04-21,,64,46,0.01,,
2025-04-22,,75,41,0.00,,
2025-04-23,,78,57,0.29,,
2025-04-24,,77,52,0.00,,
2025-04-25,,61,47,0.22,,
2025-04-26,,54,44,0.00,,
2025-04-27,,70,38,0.00,,
2025-04-28,,85,55,0.00,,
2025-04-29,,77,51,0.00,,
2025-04-30,,61,47,0.02,,
2025-05-01,,73,52,0.30,,
2025-05-02,,60,45,0.01,,
2025-05-03,,55,44,0.00,,
2025-05-04,,57,46,0.12,,
2025-05-05,,63,47,0.02,,
2025-05-06,,77,46,0.00,,
2025-05-07,,74,49,0.00,,
2025-05-08,,59,45,0.00,,
2025-05-09,,65,40,0.00,,
2025-05-10,,77,47,0.00,,
2025-05-11,,72,45,0.00,,
2025-05-12,,81,53,0.01,,
2025-05-13,,78,62,0.00,,
2025-05-14,,80,61,0.00,,
2025-05-15,,95,62,0.14,,
2025-05-16,,89,63,0.00,,
2025-05-17,,72,55,0.00,,
2025-05-18,,62,48,0.00,,
2025-05-19,,57,45,0.00,,
2025-05-20,,58,50,0.50,,
2025-05-21,,54,50,0.06,,
2025-05-22,,58,47,0.00,,
2025-05-23,,64,43,0.00,,
2025-05-24,,65,46,0.01,,
2025-05-25,,66,52,0.04,,
2025-05-26,,68,47,0.00,,
2025-05-27,,68,54,0.00,,
2025-05-28,,64,56,0.42,,
2025-05-29,,71,53,0.00,,
2025-05-30,,74,54,0.00,,
2025-05-31,,64,53,0.00,,
2025-06-01,,66,47,0.00,,
2025-06-02,,85,50,0.00,,
2025-06-03,,89,69,0.00,,
2025-06-04,,75,58,0.86,,
2025-06-05,,72,56,0.00,,
2025-06-06,,78,61,0.00,,
2025-06-07,,78,59,0.07,,
2025-06-08,,82,60,0.59,,
2025-06-09,,74,56,0.00,,
2025-06-10,,79,56,0.00,,
2025-06-11,,91,65,0.00,,
2025-06-12,,82,64,0.00,,
2025-06-13,,72,64,0.03,,
2025-06-14,,75,62,0.00,,
2025-06-15,,81,60,0.00,,
2025-06-16,,86,64,0.00,,
2025-06-17,,92,73,1.38,,
2025-06-18,,83,68,1.27,,
2025-06-19,,84,66,0.71,,
2025-06-20,,86,70,0.00,,
2025-06-21,,95,77,0.00,,
2025-06-22,,95,79,0.00,,
2025-06-23,,95,78,0.00,,
2025-06-24,,96,75,0.04,,
2025-06-25,,89,72,0.42,,
2025-06-26,,95,77,0.00,,
2025-06-27,,89,75,0.00,,
2025-06-28,,86,71,0.00,,
2025-06-29,,93,74,0.00,,
2025-06-30,,91,75,0.00,,
2025-07-01,,88,72,0.00,,
2025-07-02,,91,71,0.00,,
2025-07-03,,92,73,0.00,,
2025-07-04,,92,75,0.10,,
2025-07-05,,94,77,0.00,,
2025-07-06,,88,69,0.58,,
2025-07-07,,82,67,0.00,,
2025-07-08,,85,70,0.05,,
2025-07-09,,84,70,0.00,,
2025-07-10,,84,70,0.75,,
2025-07-11,,91,72,0.54,,
2025-07-12,,84,72,0.01,,
2025-07-13,,84,69,0.00,,
2025-07-14,,87,66,0.00,,
2025-07-15,,92,71,0.00,,
2025-07-16,,92,73,0.22,,
2025-07-17,,75,64,0.00,,
2025-07-18,,81,61,0.00,,
2025-07-19,,85,75,0.17,,
2025-07-20,,79,69,0.04,,
2025-07-21,,83,69,0.00,,
2025-07-22,,88,72,0.00,,
2025-07-23,,94,74,0.00,,
2025-07-24,,96,74,0.31,,
2025-07-25,,84,74,3.25,,
2025-07-26,,85,74,0.03,,
2025-07-27,,90,75,0.00,,
2025-07-28,,93,77,0.00,,
2025-07-29,,93,73,0.00,,
2025-07-30,,82,70,0.53,,
2025-07-31,,78,69,0.08,,
2025-08-01,,77,64,0.00,,
2025-08-02,,79,62,0.00,,
2025-08-03,,80,63,0.00,,
2025-08-04,,82,68,0.00,,
2025-08-05,,84,67,0.00,,
2025-08-06,,89,69,0.00,,
2025-08-07,,91,75,0.00,,
2025-08-08,,93,76,0.00,,
2025-08-09,,94,78,0.00,,
2025-08-10,,92,79,0.00,,
2025-08-11,,89,75,0.17,,
2025-08-12,,88,72,0.18,,
2025-08-13,,85,71,0.00,,
2025-08-14,,84,68,0.00,,
2025-08-15,,92,72,0.00,,
2025-08-16,,96,75,0.39,,
2025-08-17,,84,70,1.58,,
2025-08-18,,88,73,0.47,,
2025-08-19,,80,72,0.02,,
2025-08-20,,77,70,0.00,,
2025-08-21,,78,66,0.00,,
2025-08-22,,82,66,0.00,,
2025-08-23,,86,66,0.00,,
2025-08-24,,75,60,0.00,0.0,0.0
2025-08-25,,72,56,0.00,,
2025-08-26,,75,55,0.00,,
2025-08-27,,77,56,0.00,,
2025-08-28,,78,63,0.41,,
2025-08-29,,71,57,0.00,,
2025-08-30,,75,64,0.00,,
2025-08-31,,77,58,0.00,,
2025-09-01,,77,62,0.00,,
2025-09-02,,80,60,0.00,,
2025-09-03,,73,59,0.06,,
2025-09-04,,67,50,0.00,,
2025-09-05,,69,55,0.00,,
2025-09-06,,69,50,0.00,,
2025-09-07,,70,49,0.00,,
2025-09-08,,73,52,0.00,,
2025-09-09,,77,54,0.00,,
2025-09-10,,83,64,0.00,,
2025-09-11,,79,67,0.00,,
2025-09-12,,85,62,0.00,,
2025-09-13,,79,65,0.20,,
2025-09-14,,83,68,0.00,,
2025-09-15,,84,67,0.00,,
2025-09-16,,83,65,0.00,,
2025-09-17,,84,62,0.00,,
2025-09-18,,88,62,0.00,,
2025-09-19,,90,70,0.00,,
2025-09-20,,79,69,0.11,,
2025-09-21,,84,68,0.06,,
2025-09-22,,83,68,0.00,,
2025-09-23,,79,67,0.13,,
2025-09-24,,75,64,0.00,,
2025-09-25,,77,60,0.00,,
2025-09-26,,84,58,0.00,,
2025-09-27,,89,62,0.00,,
2025-09-28,,81,63,0.00,,
2025-09-29,,90,65,0.00,,
2025-09-30,,83,66,0.00,,
2025-10-01,,77,65,0.00,,
2025-10-02,,84,60,0.00,,
2025-10-03,,90,66,0.00,,
2025-10-04,,89,67,0.00,,
2025-10-05,,86,66,0.00,,
2025-10-06,,86,68,0.12,,
2025-10-07,,68,53,1.29,,
2025-10-08,,65,51,0.00,,
2025-10-09,,63,48,0.00,,
2025-10-10,,68,49,0.00,,
2025-10-11,,65,55,0.00,,
2025-10-12,,69,51,0.00,,
2025-10-13,,69,56,0.00,,
2025-10-14,,69,60,0.00,,
2025-10-15,,63,56,0.18,,
2025-10-16,,68,56,0.00,,
2025-10-17,,74,57,0.00,,
2025-10-18,,74,60,0.55,,
2025-10-19,,60,47,0.58,,
2025-10-20,,66,41,0.02,,
2025-10-21,,56,46,0.04,,
2025-10-22,,50,45,0.00,,
2025-10-23,,54,38,0.00,,
2025-10-24,,53,35,0.00,,
2025-10-25,,56,39,0.00,,
2025-10-26,,58,47,0.00,,
2025-10-27,,57,46,0.00,,
2025-10-28,,58,47,0.00,,
2025-10-29,,56,48,0.00,,
2025-10-30,,57,42,0.00,,
2025-10-31,,56,41,0.00,,
2025-11-01,,53,43,0.00,,0.0
2025-11-02,,55,44,0.00,,0.0
2025-11-03,,62,44,0.00,,0.0
2025-11-04,,63,41,0.00,,0.0
2025-11-05,,63,41,0.00,,0.0
2025-11-06,,60,36,0.00,,0.0
2025-11-07,,64,47,0.10,,0.0
2025-11-08,,50,40,0.34,,0.0
2025-11-09,,40,26,0.17,,0.0
2025-11-10,,35,26,0.02,,3.0
2025-11-11,,42,25,0.00,,1.0
2025-11-12,,54,38,0.00,,0.0
2025-11-13,,54,34,0.00,,0.0
2025-11-14,,68,44,0.00,,0.0
2025-11-15,,70,51,0.00,,0.0
2025-11-16,,51,37,0.00,,0.0
2025-11-17,,47,31,0.00,,0.0
2025-11-18,,44,39,0.12,,0.0
2025-11-19,,46,43,0.00,,0.0
2025-11-20,,48,43,0.00,,0.0
2025-11-21,,49,42,0.00,,0.0
2025-11-22,,49,34,0.00,,0.0
2025-11-23,,55,36,0.00,,0.0
2025-11-24,,51,38,0.00,,0.0
2025-11-25,,52,42,0.29,,0.0
2025-11-26,,42,31,0.00,,0.0
2025-11-27,,34,26,0.00,,0.0
2025-11-28,,32,21,0.00,,0.0
2025-11-29,,32,26,0.48,,0.0
2025-11-30,,34,20,0.01,,6.0
2025-12-01,,30,19,0.11,,5.0
2025-12-02,,25,17,0.00,,5.0
2025-12-03,,30,18,0.00,,4.0
2025-12-04,,22,9,0.00,,4.0
2025-12-05,,30,10,0.00,,4.0
2025-12-06,,33,27,0.00,,4.0
2025-12-07,,33,19,0.22,,7.0
2025-12-08,,27,18,0.00,,7.0
2025-12-09,,37,22,0.08,,6.0
2025-12-10,,40,27,0.02,,1.0
2025-12-11,,28,25,0.00,,0.0
2025-12-12,,32,20,0.00,,0.0
2025-12-13,,27,3,0.00,,0.0
2025-12-14,,11,-1,0.00,,0.0
2025-12-15,,22,3,0.00,,0.0
2025-12-16,,40,17,0.00,,0.0
2025-12-17,,43,32,0.00,,0.0
2025-12-18,,53,18,0.20,,0.0
2025-12-19,,24,11,0.00,,0.0
2025-12-20,,41,24,0.00,,0.0
2025-12-21,,33,19,0.00,,0.0
2025-12-22,,45,31,0.00,,0.0
2025-12-23,,54,35,0.00,,0.0
2025-12-24,,47,35,0.00,,0.0
2025-12-25,,44,39,0.00,,0.0
2025-12-26,,49,40,0.00,,0.0
2025-12-27,,45,38,0.00,,0.0
2025-12-28,,59,22,1.15,,0.0
2025-12-29,,24,14,0.00,,1.0
2025-12-30,,25,10,0.00,,1.0
2025-12-31,,35,19,0.03,,1.0
2026-01-01,,21,12,0.00,,0.0
2026-01-02,,24,20,0.00,,0.0
2026-01-03,,28,21,0.00,,0.0
2026-01-04,,34,25,0.00,,0.0
2026-01-05,,45,32,0.00,,0.0
2026-01-06,,47,37,0.00,,0.0
2026-01-07,,44,34,0.00,,0.0
2026-01-08,,61,40,2.06,,0.0
2026-01-09,,60,41,0.00,,0.0
2026-01-10,,41,26,0.11,,0.0
2026-01-11,,34,22,0.00,,0.0
2026-01-12,,42,27,0.00,,0.0
2026-01-13,,50,34,0.00,,0.0
2026-01-14,,42,19,0.06,,0.0
2026-01-15,,24,15,0.00,,1.0
2026-01-16,,37,22,0.02,,1.0
2026-01-17,,26,13,0.00,,0.0
2026-01-18,,19,8,0.02,,0.0
2026-01-19,,19,0,0.01,,2.0
2026-01-20,,24,3,0.00,,1.0
2026-01-21,,33,24,0.00,,0.0
2026-01-22,,28,8,0.00,,0.0
2026-01-23,,8,-9,0.00,,0.0
2026-01-24,,9,-7,0.03,,0.0
2026-01-25,,19,7,0.11,,2.0
2026-01-26,,9,0,0.00,,5.0
2026-01-27,,14,6,0.00,,3.0
2026-01-28,,18,1,0.00,,2.0
2026-01-29,,17,2,0.00,,2.0
2026-01-30,,21,5,0.00,,2.0
2026-01-31,,27,12,0.00,,3.0
2026-02-01,,27,11,0.00,,3.0
2026-02-02,,28,21,0.00,,2.0
2026-02-03,,30,18,0.00,,2.0
2026-02-04,,27,18,0.00,,1.0
2026-02-05,,30,16,0.00,,1.0
2026-02-06,,38,22,0.01,,1.0
2026-02-07,,25,13,0.00,,1.0
2026-02-08,,30,20,0.00,,1.0
2026-02-09,,38,22,0.00,,1.0
2026-02-10,,49,32,0.00,,0.0
2026-02-11,,43,26,0.00,,0.0
2026-02-12,,39,27,0.00,,0.0
2026-02-13,,54,26,0.00,,0.0
2026-02-14,,49,31,0.00,,0.0
2026-02-15,,60,31,0.00,,0.0
2026-02-16,,65,35,0.00,,0.0
2026-02-17,,57,42,0.05,,0.0
2026-02-18,,64,45,0.07,,0.0
2026-02-19,,58,39,0.01,,0.0
2026-02-20,,47,27,0.00,,0.0
2026-02-21,,29,24,0.00,,0.0
2026-02-22,,27,20,0.00,,1.0
2026-02-23,,29,20,0.00,,0.0
2026-02-24,,40,21,0.00,,0.0
2026-02-25,,38,27,0.00,,0.0
2026-02-26,,43,23,0.00,,0.0
2026-02-27,,65,30,0.00,,0.0
2026-02-28,,47,28,0.00,,0.0
2026-03-01,,32,26,0.00,,0.0
2026-03-02,,41,25,0.00,,0.0
2026-03-03,,43,34,0.00,,0.0
2026-03-04,,42,35,0.06,,0.0
2026-03-05,,51,40,0.02,,0.0
2026-03-06,,74,43,0.47,,0.0
2026-03-07,,64,38,0.19,,0.0
2026-03-08,,63,34,0.00,,0.0
2026-03-09,,73,47,0.00,,0.0
2026-03-10,,63,40,0.90,,0.0
2026-03-11,,45,32,0.17,,0.0
2026-03-12,,45,29,0.00,,0.0
2026-03-13,,48,34,0.06,,0.0
2026-03-14,,38,31,0.00,,0.0
2026-03-15,,64,32,1.27,,0.0
2026-03-16,,32,19,0.08,,2.0
2026-03-17,,25,15,0.00,,0.0
2026-03-18,,47,23,0.02,,0.0
2026-03-19,,60,35,0.00,,0.0
2026-03-20,,72,43,0.00,,0.0
2026-03-21,,77,43,0.00,,0.0
2026-03-22,,71,32,0.02,,0.0
2026-03-23,,41,31,0.00,,0.0
2026-03-24,,53,31,0.00,,0.0
2026-03-25,,72,43,0.00,,0.0
2026-03-26,,73,33,0.42,,0.0
2026-03-27,,44,32,0.00,,0.0
2026-03-28,,48,28,0.00,,0.0
2026-03-29,,63,41,0.00,,0.0
2026-03-30,,81,52,0.31,,0.0
2026-03-31,,69,41,0.11,,0.0
2026-04-01,,42,37,0.01,,
2026-04-02,,71,39,1.03,,
2026-04-03,,63,40,0.32,,
2026-04-04,,60,41,0.71,,
2026-04-05,,53,38,0.01,,
2026-04-06,,52,34,0.05,,
2026-04-07,,38,30,0.00,,
2026-04-08,,71,37,0.01,,
2026-04-09,,71,50,0.00,,
2026-04-10,,53,40,0.32,,
2026-04-11,,58,37,0.00,,
2026-04-12,,81,57,0.11,,
2026-04-13,,79,63,0.01,,
2026-04-14,,82,57,0.46,,
2026-04-15,,73,61,0.27,,
2026-04-16,,74,50,0.05,,
2026-04-17,,82,48,0.89,,
2026-04-18,,63,40,0.06,,
2026-04-19,,51,37,0.01,,
2026-04-20,,57,35,0.00,,
2026-04-21,,76,50,0.01,,
2026-04-22,,68,49,0.00,,
2026-04-23,,82,51,0.00,,
2026-04-24,,71,50,0.00,,
2026-04-25,,56,45,0.00,,
2026-04-26,,60,44,0.00,,
2026-04-27,,68,51,1.06,,
2026-04-28,,64,50,0.00,,
2026-04-29,,57,39,0.02,,
2026-04-30,,56,38,0.22,,
2026-05-01,,50,36,0.01,,
2026-05-02,,56,32,0.00,,
2026-05-03,,67,45,0.00,,
2026-05-04,,81,49,0.07,,
2026-05-05,,60,46,0.09,,
2026-05-06,,58,42,0.00,,
2026-05-07,,61,36,0.08,,
2026-05-08,,65,43,0.00,,
2026-05-09,,76,49,0.00,,
2026-05-10,,62,45,0.00,,
2026-05-11,,56,44,0.00,,
2026-05-12,,74,44,0.11,,
2026-05-13,,59,44,0.00,,
2026-05-14,,65,42,0.00,,0.0
2026-05-15,,76,55,0.00,,
2026-05-16,,83,63,0.02,,
2026-05-17,,87,67,0.00,,
2026-05-18,,80,66,0.50,,
2026-05-19,,79,61,0.00,,
2026-05-20,,61,50,0.00,,
2026-05-21,,61,50,0.00,,
2026-05-22,,67,53,0.00,,
2026-05-23,,70,55,0.14,,